cnpjCpfVencedor,codigo,descricao,numero,participanteVencedor,quantidade,unidadeMedida,valorTotalReferencia,valorTotalVencedor,valorUnitarioReferencia,valorUnitarioVencedor
81.369.233/0001-68,10380021,"Catalalisador para epóxi 900 ml",164,"DZ - COMERCIO DE TINTAS LTDA",119,UND,8199.1,7259,68.9,61
81.369.233/0001-68,10367891,"fita crepe 19mm x 50mt",291,"DZ - COMERCIO DE TINTAS LTDA",436,RL,3618.8,3182.8,8.3,7.3
81.369.233/0001-68,10302829,"fundo galvanizado - 3,6 litros",305,"DZ - COMERCIO DE TINTAS LTDA",200,UND,23000,20440,115,102.2
81.369.233/0001-68,100800865,"fundo óleo fosco 3,6 litros",306,"DZ - COMERCIO DE TINTAS LTDA",195,UND,15874.95,14040,81.41,72
81.369.233/0001-68,340100407,"fundo preparador para parede, a base de agua, incolor acabam",307,"DZ - COMERCIO DE TINTAS LTDA",292,UND,61795.96,51976,211.63,178
81.369.233/0001-68,10380079,"Lixa DAgua Folhas Com 225X275Mm, Grão 100.",381,"DZ - COMERCIO DE TINTAS LTDA",665,UND,1729,1529.5,2.6,2.3
81.369.233/0001-68,10380080,"Lixa DAgua Folhas Com 225X275Mm, Grão 120.",382,"DZ - COMERCIO DE TINTAS LTDA",767,UND,2523.43,2224.3,3.29,2.9
81.369.233/0001-68,10380081,"Lixa DAgua Folhas Com 225X275Mm, Grão 150.",383,"DZ - COMERCIO DE TINTAS LTDA",807,UND,2259.6,2017.5,2.8,2.5
81.369.233/0001-68,10380082,"Lixa DAgua  Folhas Com 225X275Mm, Grão 220.",384,"DZ - COMERCIO DE TINTAS LTDA",707,UND,2050.3,1767.5,2.9,2.5
81.369.233/0001-68,10380084,"Lixa Ferro Folhas Com 225X275Mm, Grão 100.",385,"DZ - COMERCIO DE TINTAS LTDA",657,UND,2588.58,2299.5,3.94,3.5
81.369.233/0001-68,10380085,"Lixa Ferro Folhas Com 225X275Mm, Grão 40.",386,"DZ - COMERCIO DE TINTAS LTDA",657,UND,2772.54,2430.9,4.22,3.7
81.369.233/0001-68,10380086,"Lixa Ferro Folhas Com 225X275Mm, Grão 60.",387,"DZ - COMERCIO DE TINTAS LTDA",657,UND,2299.5,2036.7,3.5,3.1
81.369.233/0001-68,10380087,"Lixa Ferro  Folhas Com 225X275Mm, Grão 80.",388,"DZ - COMERCIO DE TINTAS LTDA",657,UND,2568.87,2233.8,3.91,3.4
81.369.233/0001-68,10302875,"lixa rolo  80",389,"DZ - COMERCIO DE TINTAS LTDA",755,M,3707.05,3246.5,4.91,4.3
81.369.233/0001-68,100800859,"Lixa rolo 100",390,"DZ - COMERCIO DE TINTAS LTDA",715,M,3331.9,2931.5,4.66,4.1
81.369.233/0001-68,120600208,"LIXA ROLO 120",391,"DZ - COMERCIO DE TINTAS LTDA",715,M,3567.85,3146,4.99,4.4
81.369.233/0001-68,100800860,"Lixa rolo 150",392,"DZ - COMERCIO DE TINTAS LTDA",695,M,3468.05,3058,4.99,4.4
81.369.233/0001-68,100800861,"Lixa rolo 220",393,"DZ - COMERCIO DE TINTAS LTDA",695,M,3544.5,3058,5.1,4.4
81.369.233/0001-68,10302906,"Massa Acrílica 18L",454,"DZ - COMERCIO DE TINTAS LTDA",181,BLD,32339.27,26969,178.67,149
81.369.233/0001-68,10302908,"Massa Corrida PVA contendo 18L",455,"DZ - COMERCIO DE TINTAS LTDA",253,BLD,28715.5,24414.5,113.5,96.5
81.369.233/0001-68,10380115,"Pincel 1.1/2",484,"DZ - COMERCIO DE TINTAS LTDA",205,UND,1924.95,1681,9.39,8.2
81.369.233/0001-68,10380116,"Pincel 1",485,"DZ - COMERCIO DE TINTAS LTDA",180,UND,1333.8,1152,7.41,6.4
81.369.233/0001-68,10380117,"Pincel 2.1/2",486,"DZ - COMERCIO DE TINTAS LTDA",175,UND,2644.25,2327.5,15.11,13.3
81.369.233/0001-68,10380118,"Pincel 3",487,"DZ - COMERCIO DE TINTAS LTDA",175,UND,4389,3850,25.08,22
81.369.233/0001-68,10380119,"Pincel 4",488,"DZ - COMERCIO DE TINTAS LTDA",137,UND,3305.81,2877,24.13,21
81.369.233/0001-68,10380159,"rolo epóxi com cabo, 05 cm",582,"DZ - COMERCIO DE TINTAS LTDA",67,UND,600.32,529.3,8.96,7.9
81.369.233/0001-68,10380160,"rolo epóxi com cabo, 09 cm",583,"DZ - COMERCIO DE TINTAS LTDA",67,UND,824.1,723.6,12.3,10.8
81.369.233/0001-68,10380161,"rolo epóxi de 23 cm",584,"DZ - COMERCIO DE TINTAS LTDA",67,UND,1331.29,1185.9,19.87,17.7
81.369.233/0001-68,10367919,"rolo espuma  5cm c/ cabo",585,"DZ - COMERCIO DE TINTAS LTDA",150,UND,999,870,6.66,5.8
81.369.233/0001-68,10367920,"rolo espuma 15cm c/ cabo",586,"DZ - COMERCIO DE TINTAS LTDA",190,UND,1797.4,1596,9.46,8.4
81.369.233/0001-68,10380162,"Rolo Espuma 23Cm com Cabo",587,"DZ - COMERCIO DE TINTAS LTDA",215,UND,3440,3053,16,14.2
81.369.233/0001-68,10367922,"rolo lã de carneiro  5cm c/ cabo",588,"DZ - COMERCIO DE TINTAS LTDA",180,UND,2025,1746,11.25,9.7
81.369.233/0001-68,10367923,"rolo lã de carneiro  9cm c/ cabo",589,"DZ - COMERCIO DE TINTAS LTDA",182,UND,2775.5,2457,15.25,13.5
81.369.233/0001-68,10380163,"Rolo Lã De Carneiro 15Cm Com Cabo reforçado",590,"DZ - COMERCIO DE TINTAS LTDA",206,UND,3090,2739.8,15,13.3
81.369.233/0001-68,10380164,"Rolo Lã De Carneiro 23Cm com cabo reforçado",591,"DZ - COMERCIO DE TINTAS LTDA",205,UND,4510,3997.5,22,19.5
81.369.233/0001-68,10380165,"Rolo Lã De Carneiro 23Cm Epóxi com cabo reforçado",592,"DZ - COMERCIO DE TINTAS LTDA",226,UND,6723.5,5966.4,29.75,26.4
81.369.233/0001-68,80800063,"Selador acrílico - balde 18 litros",593,"DZ - COMERCIO DE TINTAS LTDA",367,BLD,34681.5,29506.8,94.5,80.4
81.369.233/0001-68,340100409,"Selador epóxi incolor para concreto, 3,6 l",594,"DZ - COMERCIO DE TINTAS LTDA",357,GAL,74791.5,62475,209.5,175
81.369.233/0001-68,10380168,"Solvente para Epóxi, lata 5L",603,"DZ - COMERCIO DE TINTAS LTDA",281,GAL,34366.3,29448.8,122.3,104.8
81.369.233/0001-68,10302995,"Solvente Tipo Água Rás",604,"DZ - COMERCIO DE TINTAS LTDA",241,GAL,25317.05,21449,105.05,89
81.369.233/0001-68,10302996,"Solvente Tipo Thinner",605,"DZ - COMERCIO DE TINTAS LTDA",378,GAL,42543.9,35910,112.55,95
81.369.233/0001-68,10380179,"Thinner- Solvente -Hidrocarbonetos aromáticos",654,"DZ - COMERCIO DE TINTAS LTDA",126,BLD,21861,18396,173.5,146
81.369.233/0001-68,10380180,"Thinner- Solvente Indicado para a diluição de tintas epóxi",655,"DZ - COMERCIO DE TINTAS LTDA",317,LT,8368.8,6974,26.4,22
81.369.233/0001-68,101402531,"Tinta Acrílica acabamento fosco na cor:Branco Gelo contendo",659,"DZ - COMERCIO DE TINTAS LTDA",207,BLD,79736.4,67647.6,385.2,326.8
81.369.233/0001-68,101402531,"Tinta Acrílica acabamento fosco na cor:Branco Gelo contendo",660,"DZ - COMERCIO DE TINTAS LTDA",68,BLD,26193.6,22222.4,385.2,326.8
81.369.233/0001-68,10376500,"Tinta Acrílica para Piso de quadra esportiva",663,"DZ - COMERCIO DE TINTAS LTDA",250,GAL,74250,63000,297,252
81.369.233/0001-68,10380183,"Tinta Acrílica premium, acabamento fosco na cor: Vermelho Ca",665,"DZ - COMERCIO DE TINTAS LTDA",133,BLD,54782.7,46417,411.9,349
81.369.233/0001-68,10380184,"Tinta Acrílica,Acabamento Fosco Cor Concreto",666,"DZ - COMERCIO DE TINTAS LTDA",180,BLD,62748,53100,348.6,295
81.369.233/0001-68,10380184,"Tinta Acrílica,Acabamento Fosco Cor Concreto",667,"DZ - COMERCIO DE TINTAS LTDA",60,BLD,20916,17700,348.6,295
81.369.233/0001-68,10380187,"Tinta Acrílica Para Pintura De Pisos Cimentados Nas Cor:Amar",670,"DZ - COMERCIO DE TINTAS LTDA",102,GAL,28866,24276,283,238
81.369.233/0001-68,340100420,"Tinta Acrílica,Acabamento Fosco Na Cor:Vermelho Óxido.",674,"DZ - COMERCIO DE TINTAS LTDA",66,BLD,18678,15774,283,239
81.369.233/0001-68,340100422,"Tinta Acrílica,Acabamento Semi-Brilho.  Cor Branca Neve",676,"DZ - COMERCIO DE TINTAS LTDA",55,BLD,23485,19855,427,361
81.369.233/0001-68,10380189,"Tinta Acrílica,Acabamento Semi-Brilho. Na Cor: Branco Gelo",679,"DZ - COMERCIO DE TINTAS LTDA",176,BLD,75152,63536,427,361
81.369.233/0001-68,10380190,"Tinta Acrílica,Acabamento Semi-Brilho. Na Cor: Marfin",680,"DZ - COMERCIO DE TINTAS LTDA",113,BLD,48251,40793,427,361
81.369.233/0001-68,10380192,"Tinta epóxi  base - laranja Segurança, galão 2,7 L",682,"DZ - COMERCIO DE TINTAS LTDA",107,GAL,24182,20865,226,195
81.369.233/0001-68,10367974,"tinta epóxi 3,6 litros a base de água",683,"DZ - COMERCIO DE TINTAS LTDA",262,GAL,64190,55020,245,210
81.369.233/0001-68,10380194,"Tinta epóxi base azul segurança  Segurança, galão 2,7 L",684,"DZ - COMERCIO DE TINTAS LTDA",107,GAL,22363,19046,209,178
81.369.233/0001-68,10380193,"Tinta epóxi base- BRANCO , galão 2,7 L",685,"DZ - COMERCIO DE TINTAS LTDA",95,GAL,19855,17005,209,179
81.369.233/0001-68,10380195,"Tinta epóxi base laranja segurança  Segurança, galão 2,7 L",686,"DZ - COMERCIO DE TINTAS LTDA",62,GAL,14012,11966,226,193
81.369.233/0001-68,340100425,"TINTA EPOXI, a base de solvente",687,"DZ - COMERCIO DE TINTAS LTDA",75,GAL,15675,12975,209,173
81.369.233/0001-68,10111775,"TINTA SPRAY",691,"DZ - COMERCIO DE TINTAS LTDA",592,TB,14042.24,11840,23.72,20
81.369.233/0001-68,340100438,"Zarcão, Fundo Alquidico, Anti-Corrosivo Para Superficies Met",755,"DZ - COMERCIO DE TINTAS LTDA",110,GAL,11378.4,10010,103.44,91
82.695.370/0001-55,10302567,"abraçadeira mangueira 19 x 27 (3/4 x 1)",3,"ROSAURA ELSA TALAMINI BORSATO - EPP",257,UND,493.44,431.76,1.92,1.68
82.695.370/0001-55,10367822,"abraçadeira pvc eletroduto 1.1/2",4,"ROSAURA ELSA TALAMINI BORSATO - EPP",287,UND,1119.3,975.8,3.9,3.4
82.695.370/0001-55,10367824,"acabamento registro c50  1/2 x 1",8,"ROSAURA ELSA TALAMINI BORSATO - EPP",307,UND,11650.65,10345.9,37.95,33.7
82.695.370/0001-55,10367825,"adaptador curto soldavel 25 x 3/4",10,"ROSAURA ELSA TALAMINI BORSATO - EPP",154,UND,163.24,141.68,1.06,0.92
82.695.370/0001-55,10367826,"adaptador curto soldavel 32 x 1",11,"ROSAURA ELSA TALAMINI BORSATO - EPP",144,UND,249.12,218.88,1.73,1.52
82.695.370/0001-55,10367827,"adaptador curto soldavel 50 x 1.1/2",12,"ROSAURA ELSA TALAMINI BORSATO - EPP",144,UND,696.96,619.2,4.84,4.3
82.695.370/0001-55,10367828,"adaptador curto soldavel 60 x 2",13,"ROSAURA ELSA TALAMINI BORSATO - EPP",144,UND,1419.84,1258.56,9.86,8.74
82.695.370/0001-55,10302576,"adaptador flange soldável 32 x 1",16,"ROSAURA ELSA TALAMINI BORSATO - EPP",144,UND,2387.52,2116.8,16.58,14.7
82.695.370/0001-55,101401457,"ADAPTADOR FLANGE SOLDAVEL 50 X 1.1/2",17,"ROSAURA ELSA TALAMINI BORSATO - EPP",144,UND,3247.2,2865.6,22.55,19.9
82.695.370/0001-55,340100390,"Adesivo acrílico para aplicação de pisos vinílicos, embalage",18,"ROSAURA ELSA TALAMINI BORSATO - EPP",172,KG,8324.8,7378.8,48.4,42.9
82.695.370/0001-55,340100391,"aditivo para massa de assentamento e revestimento do tipo li",20,"ROSAURA ELSA TALAMINI BORSATO - EPP",487,UND,3754.77,3340.82,7.71,6.86
82.695.370/0001-55,10302583,"ancinho c/ cabo 14 dentes (reforçado)",21,"ROSAURA ELSA TALAMINI BORSATO - EPP",293,UND,7456.85,6618.87,25.45,22.59
82.695.370/0001-55,10362094,"Anel de vedação para Vaso Sanitário em Cera Padrão Universal",22,"ROSAURA ELSA TALAMINI BORSATO - EPP",301,UND,3280.9,2889.6,10.9,9.6
82.695.370/0001-55,10302586,"ar 22 s/ roldana",24,"ROSAURA ELSA TALAMINI BORSATO - EPP",197,UND,6146.4,5464.78,31.2,27.74
82.695.370/0001-55,10302587,"ar 33 s/ roldana",25,"ROSAURA ELSA TALAMINI BORSATO - EPP",197,UND,8356.74,7407.2,42.42,37.6
82.695.370/0001-55,340100392,"Arame encapado/ plastificado: fio 14 BWG (2,80 mm)",27,"ROSAURA ELSA TALAMINI BORSATO - EPP",67,UND,1273,1132.3,19,16.9
82.695.370/0001-55,10379991,"Arame Farpado Com Carga De Ruptura Minima De 350Kgf Rolo 500",29,"ROSAURA ELSA TALAMINI BORSATO - EPP",83,UND,42081,34961.26,507,421.22
82.695.370/0001-55,10379995,"Arame Galvanizado Com Bitola De N° 18 (1,24Mm)",32,"ROSAURA ELSA TALAMINI BORSATO - EPP",255,UND,6757.5,6002.7,26.5,23.54
82.695.370/0001-55,340100394,"arandela em alumínio",35,"ROSAURA ELSA TALAMINI BORSATO - EPP",90,UND,5400,4788,60,53.2
82.695.370/0001-55,10362103,"areia de lagoa fina",37,"ROSAURA ELSA TALAMINI BORSATO - EPP",641,M3,70138.22,62420.58,109.42,97.38
82.695.370/0001-55,10362103,"areia de lagoa fina",38,"ROSAURA ELSA TALAMINI BORSATO - EPP",213,M3,23306.46,20741.94,109.42,97.38
82.695.370/0001-55,340100395,"areia Lavada Tipo Fina Para Aplicações Na Construção Civil,E",39,"ROSAURA ELSA TALAMINI BORSATO - EPP",623,MC,74105.85,65851.1,118.95,105.7
82.695.370/0001-55,340100395,"areia Lavada Tipo Fina Para Aplicações Na Construção Civil,E",40,"ROSAURA ELSA TALAMINI BORSATO - EPP",207,MC,24622.65,21879.9,118.95,105.7
82.695.370/0001-55,10104757,"AREIA MASSA FINA",43,"ROSAURA ELSA TALAMINI BORSATO - EPP",365,M3,30813.3,27407.85,84.42,75.09
82.695.370/0001-55,10302602,"argamassa ACI interna 20kg",44,"ROSAURA ELSA TALAMINI BORSATO - EPP",560,UND,5129.6,4530.4,9.16,8.09
82.695.370/0001-55,10376509,"Argamassa Aciii Externa 20Kg",46,"ROSAURA ELSA TALAMINI BORSATO - EPP",535,UND,12941.65,11497.15,24.19,21.49
82.695.370/0001-55,10379997,"Argamassa Autonivelante Nivela Rápido Cinza 20kg",47,"ROSAURA ELSA TALAMINI BORSATO - EPP",261,UND,21141,18765.9,81,71.9
82.695.370/0001-55,10379998,"armação de eucalipto tratada pronta - 3m mínimo",48,"ROSAURA ELSA TALAMINI BORSATO - EPP",2191,UND,29797.6,28263.9,13.6,12.9
82.695.370/0001-55,10380000,"arruela galvanizada quadrada 1/2 - 5/8",50,"ROSAURA ELSA TALAMINI BORSATO - EPP",1727,UND,725.34,638.99,0.42,0.37
82.695.370/0001-55,10380001,"arruela p 1/4",51,"ROSAURA ELSA TALAMINI BORSATO - EPP",1727,UND,8635,7581.53,5,4.39
82.695.370/0001-55,340100396,"Bacio Sanitário (Vaso)(Oval) Em Porcelana Nas Cores Bege,Bra",55,"ROSAURA ELSA TALAMINI BORSATO - EPP",338,UND,65551.72,58271.2,193.94,172.4
82.695.370/0001-55,10367836,"bandeja pvc p/ pintura 23cm,nas dimensões 5x20,5x25cm preta",57,"ROSAURA ELSA TALAMINI BORSATO - EPP",249,UND,2452.65,2141.4,9.85,8.6
82.695.370/0001-55,10380003,"Barra Roscada Aço Carbono Zincado Branco 4mm",60,"ROSAURA ELSA TALAMINI BORSATO - EPP",389,M,2567.4,2256.2,6.6,5.8
82.695.370/0001-55,10380006,"barra rosqueada 1/4",63,"ROSAURA ELSA TALAMINI BORSATO - EPP",369,M,1420.65,1254.6,3.85,3.4
82.695.370/0001-55,10380007,"Base Para Fixação De Relê Foto-Elétrico Para Lâmpadas Em Vap",65,"ROSAURA ELSA TALAMINI BORSATO - EPP",58,UND,1160,1032.4,20,17.8
82.695.370/0001-55,10367966,"Bloco construção maciço 50x16x20",66,"ROSAURA ELSA TALAMINI BORSATO - EPP",2887,UND,18361.32,13857.6,6.36,4.8
82.695.370/0001-55,10370175,"Bloco de concreto (tipo paver e=6cm)",68,"ROSAURA ELSA TALAMINI BORSATO - EPP",1316,M2,77157.08,56588,58.63,43
82.695.370/0001-55,10370182,"bocal baquelite teto reto preto",71,"ROSAURA ELSA TALAMINI BORSATO - EPP",103,UND,607.7,537.66,5.9,5.22
82.695.370/0001-55,10370183,"bocal porcelana E-27 reto simples",72,"ROSAURA ELSA TALAMINI BORSATO - EPP",108,UND,432,382.32,4,3.54
82.695.370/0001-55,101401490,"BOIA PVC 3/4 - CX DAGUA",75,"ROSAURA ELSA TALAMINI BORSATO - EPP",406,UND,9541,8481.34,23.5,20.89
82.695.370/0001-55,10302621,"broca aço rápido  6mm",80,"ROSAURA ELSA TALAMINI BORSATO - EPP",379,UND,2778.07,2311.9,7.33,6.1
82.695.370/0001-55,10302623,"broca aço rápido  8mm",81,"ROSAURA ELSA TALAMINI BORSATO - EPP",379,UND,5226.41,4620.01,13.79,12.19
82.695.370/0001-55,10367837,"broxa nylon para pintura nas dimensões 12x5 cm. Grande",86,"ROSAURA ELSA TALAMINI BORSATO - EPP",520,UND,6739.2,5928,12.96,11.4
82.695.370/0001-55,340100397,"Bucha de fixação: nº 6 com anel",87,"ROSAURA ELSA TALAMINI BORSATO - EPP",3270,UND,719.4,588.6,0.22,0.18
82.695.370/0001-55,10362115,"bucha de redução PVC curta sold. 32 x 25 mm,NBR 5648.",91,"ROSAURA ELSA TALAMINI BORSATO - EPP",711,UND,924.3,511.92,1.3,0.72
82.695.370/0001-55,10362117,"bucha de redução PVC curta sold. 40 x 32 mm,NBR 5648.",92,"ROSAURA ELSA TALAMINI BORSATO - EPP",522,UND,1461.6,730.8,2.8,1.4
82.695.370/0001-55,10367838,"bucha de redução PVC longa sold. 32 x 20 mm,NBR 5648.",95,"ROSAURA ELSA TALAMINI BORSATO - EPP",427,UND,1336.51,1178.52,3.13,2.76
82.695.370/0001-55,10367839,"bucha de redução PVC longa sold. 40 x 25 mm,NBR 5648.",96,"ROSAURA ELSA TALAMINI BORSATO - EPP",427,UND,1144.36,1016.26,2.68,2.38
82.695.370/0001-55,10367841,"bucha de redução PVC longa sold. 60 x 32 mm,NBR 5648.",98,"ROSAURA ELSA TALAMINI BORSATO - EPP",427,UND,2865.17,2536.38,6.71,5.94
82.695.370/0001-55,10367842,"bucha de redução PVC longa sold. 60 x 40 mm,NBR 5648.",99,"ROSAURA ELSA TALAMINI BORSATO - EPP",427,UND,4188.87,3710.63,9.81,8.69
82.695.370/0001-55,10367846,"bucha redução roscavel 1.1/2 x 1 pvc",103,"ROSAURA ELSA TALAMINI BORSATO - EPP",325,UND,2255.5,2002,6.94,6.16
82.695.370/0001-55,10367847,"bucha redução roscavel 1.1/2 x 3/4 pvc",104,"ROSAURA ELSA TALAMINI BORSATO - EPP",325,UND,1716,1517.75,5.28,4.67
82.695.370/0001-55,10367850,"bucha redução roscavel 3/4 x 1/2 pvc",107,"ROSAURA ELSA TALAMINI BORSATO - EPP",337,UND,454.95,397.66,1.35,1.18
82.695.370/0001-55,300101907,"cabo aço galv. a. fibra 1/8",109,"ROSAURA ELSA TALAMINI BORSATO - EPP",267,M,878.43,774.3,3.29,2.9
82.695.370/0001-55,300101908,"cabo aço galv. a. fibra 3/16",110,"ROSAURA ELSA TALAMINI BORSATO - EPP",417,M,1000.8,879.87,2.4,2.11
82.695.370/0001-55,300101919,"cabo flexível 10,0mm",118,"ROSAURA ELSA TALAMINI BORSATO - EPP",6507,M,74375.01,65980.98,11.43,10.14
82.695.370/0001-55,10302671,"cabo flexível 6,0mm",122,"ROSAURA ELSA TALAMINI BORSATO - EPP",9843,M,70082.16,61912.47,7.12,6.29
82.695.370/0001-55,300101922,"cabo pp 2 x 1,0mm",124,"ROSAURA ELSA TALAMINI BORSATO - EPP",3102,M,13307.58,11756.58,4.29,3.79
82.695.370/0001-55,10302673,"cabo pp 3 x 1,0mm",127,"ROSAURA ELSA TALAMINI BORSATO - EPP",3111,M,19879.29,17546.04,6.39,5.64
82.695.370/0001-55,300101939,"cabo pp 3 x 1,5mm",128,"ROSAURA ELSA TALAMINI BORSATO - EPP",3111,M,23954.7,21217.02,7.7,6.82
82.695.370/0001-55,10302674,"cabo pp 3 x 2,5mm",129,"ROSAURA ELSA TALAMINI BORSATO - EPP",3111,M,35620.95,31545.54,11.45,10.14
82.695.370/0001-55,10302678,"cabo sintenax  6,0mm",133,"ROSAURA ELSA TALAMINI BORSATO - EPP",4879,M,16588.6,14734.58,3.4,3.02
82.695.370/0001-55,300101942,"caçamba carrinho de mao (pvc)",135,"ROSAURA ELSA TALAMINI BORSATO - EPP",31,UND,1999.5,1773.2,64.5,57.2
82.695.370/0001-55,10302684,"cadeado em latão maciço 45mm com chaves",140,"ROSAURA ELSA TALAMINI BORSATO - EPP",261,UND,8586.9,7631.64,32.9,29.24
82.695.370/0001-55,10380014,"caixa de medição pra relógio trifasico",141,"ROSAURA ELSA TALAMINI BORSATO - EPP",67,UND,11490.5,10177.3,171.5,151.9
82.695.370/0001-55,10380018,"Câmara De Ar Carrinho De Mão 350 X 8",147,"ROSAURA ELSA TALAMINI BORSATO - EPP",17,UND,374,332.52,22,19.56
82.695.370/0001-55,10367858,"Canaleta PVC com tampa,largura 30mm altura 30mm ventilada e",149,"ROSAURA ELSA TALAMINI BORSATO - EPP",282,UND,4875.78,4325.88,17.29,15.34
82.695.370/0001-55,10367859,"Canaleta PVC com tampa,largura 50mm altura 10mm e compriment",150,"ROSAURA ELSA TALAMINI BORSATO - EPP",271,UND,6173.38,5485.04,22.78,20.24
82.695.370/0001-55,10367860,"Canaleta PVC com tampa,largura 50mm altura 20mm e compriment",151,"ROSAURA ELSA TALAMINI BORSATO - EPP",426,UND,9704.28,8605.2,22.78,20.2
82.695.370/0001-55,10380020,"Cantoneira 1 X 1/4    6M (Conforme Nbr 14285- Perfil De Pvc",153,"ROSAURA ELSA TALAMINI BORSATO - EPP",765,UND,3442.5,3044.7,4.5,3.98
82.695.370/0001-55,10302695,"cap esgoto  40mm",154,"ROSAURA ELSA TALAMINI BORSATO - EPP",261,UND,678.6,595.08,2.6,2.28
82.695.370/0001-55,10302696,"cap esgoto  50mm",155,"ROSAURA ELSA TALAMINI BORSATO - EPP",241,UND,754.33,660.34,3.13,2.74
82.695.370/0001-55,10119454,"CAP soldável 25mm",158,"ROSAURA ELSA TALAMINI BORSATO - EPP",236,UND,198.24,169.92,0.84,0.72
82.695.370/0001-55,300101966,"cap soldavel 32mm",159,"ROSAURA ELSA TALAMINI BORSATO - EPP",226,UND,420.36,370.64,1.86,1.64
82.695.370/0001-55,10302708,"carrinho de mão pneu/cam.caçamba pvc",163,"ROSAURA ELSA TALAMINI BORSATO - EPP",43,UND,9632,8565.6,224,199.2
82.695.370/0001-55,10302712,"centro distrib. ferro p/  2 disjuntores",165,"ROSAURA ELSA TALAMINI BORSATO - EPP",21,UND,261.45,231.84,12.45,11.04
82.695.370/0001-55,10302713,"centro distrib. ferro p/  6 disjuntores",166,"ROSAURA ELSA TALAMINI BORSATO - EPP",21,UND,978.6,870.24,46.6,41.44
82.695.370/0001-55,10302714,"centro distrib. ferro p/ 12 disjuntores c/ barram.",167,"ROSAURA ELSA TALAMINI BORSATO - EPP",13,UND,1475.5,1311.7,113.5,100.9
82.695.370/0001-55,10302715,"centro distrib. ferro p/ 20 disjuntores c/ barram.",168,"ROSAURA ELSA TALAMINI BORSATO - EPP",21,UND,2488.5,2214.24,118.5,105.44
82.695.370/0001-55,10302716,"centro distrib. ferro p/ 24 disjuntores c/ barram.",169,"ROSAURA ELSA TALAMINI BORSATO - EPP",11,UND,1606,1429.34,146,129.94
82.695.370/0001-55,10367861,"centro distrib. pvc ext. p/ 06  a 08 disjuntores",171,"ROSAURA ELSA TALAMINI BORSATO - EPP",36,UND,1515.6,1347.84,42.1,37.44
82.695.370/0001-55,10367862,"centro distrib. pvc ext. p/ 12  a 16 disjuntores",172,"ROSAURA ELSA TALAMINI BORSATO - EPP",21,UND,2029.86,1803.9,96.66,85.9
82.695.370/0001-55,300101985,"chapa aluminio 30cm",175,"ROSAURA ELSA TALAMINI BORSATO - EPP",224,M,4954.88,4399.36,22.12,19.64
82.695.370/0001-55,10302721,"Chuveiro Elétrico",177,"ROSAURA ELSA TALAMINI BORSATO - EPP",292,UND,20863.4,18539.08,71.45,63.49
82.695.370/0001-55,10380023,"CINTA HERMAN",179,"ROSAURA ELSA TALAMINI BORSATO - EPP",20,UND,560,497.8,28,24.89
82.695.370/0001-55,10367866,"cj interruptor 1 tecla Simples (interna)",180,"ROSAURA ELSA TALAMINI BORSATO - EPP",174,UND,1383.3,1228.44,7.95,7.06
82.695.370/0001-55,10367867,"cj interruptor 1 tecla Simples c/ tomada (interna)",181,"ROSAURA ELSA TALAMINI BORSATO - EPP",166,UND,2099.9,1865.84,12.65,11.24
82.695.370/0001-55,10367868,"cj interruptor 2 teclas Simples (interna)",182,"ROSAURA ELSA TALAMINI BORSATO - EPP",166,UND,2219.42,1965.44,13.37,11.84
82.695.370/0001-55,10376507,"Cj Tomada 20A 2P+T Abnt (Interna)",185,"ROSAURA ELSA TALAMINI BORSATO - EPP",264,UND,2455.2,2180.64,9.3,8.26
82.695.370/0001-55,10376508,"Cj Tomada 20A 2P+T Abnt Sistema X",186,"ROSAURA ELSA TALAMINI BORSATO - EPP",364,UND,3585.4,3181.36,9.85,8.74
82.695.370/0001-55,10302724,"cj tomada rede computador tipo RJ45 (interna)",187,"ROSAURA ELSA TALAMINI BORSATO - EPP",84,UND,1203.72,1007.16,14.33,11.99
82.695.370/0001-55,10380024,"coluna de tanque de louça branca",190,"ROSAURA ELSA TALAMINI BORSATO - EPP",18,UND,1303.92,1159.92,72.44,64.44
82.695.370/0001-55,10362133,"CONDULETE ALUM. TIPO LR 1.1/2 LR-30",191,"ROSAURA ELSA TALAMINI BORSATO - EPP",53,UND,4664,4149.37,88,78.29
82.695.370/0001-55,10380025,"Conector de derivação perfurante de 10mm a 25mm.",192,"ROSAURA ELSA TALAMINI BORSATO - EPP",56,UND,563.36,500.64,10.06,8.94
82.695.370/0001-55,10380026,"conector deriv perf. Cdp-70 10mm",193,"ROSAURA ELSA TALAMINI BORSATO - EPP",21,UND,111.3,98.7,5.3,4.7
82.695.370/0001-55,300102003,"conector haste terra",194,"ROSAURA ELSA TALAMINI BORSATO - EPP",128,UND,454.4,401.92,3.55,3.14
82.695.370/0001-55,300102005,"conector p/ haste terra - cabo 35mm",195,"ROSAURA ELSA TALAMINI BORSATO - EPP",91,UND,1633.45,1450.54,17.95,15.94
82.695.370/0001-55,300100130,"CONECTOR SINDAL",196,"ROSAURA ELSA TALAMINI BORSATO - EPP",32,UND,317.44,281.28,9.92,8.79
82.695.370/0001-55,10380027,"corda seda 4 mm branca",198,"ROSAURA ELSA TALAMINI BORSATO - EPP",1697,M,2070.34,1798.82,1.22,1.06
82.695.370/0001-55,10380028,"corda sisal 20 mm",199,"ROSAURA ELSA TALAMINI BORSATO - EPP",357,M,2827.44,2506.14,7.92,7.02
82.695.370/0001-55,300102011,"corrente para cadeado 8mm",203,"ROSAURA ELSA TALAMINI BORSATO - EPP",259,M,8142.96,7239.05,31.44,27.95
82.695.370/0001-55,10367871,"cumeeira de amianto para telhado 4mm x 0,50 (par)",204,"ROSAURA ELSA TALAMINI BORSATO - EPP",681,UND,9213.93,8185.62,13.53,12.02
82.695.370/0001-55,10302731,"curva eletroduto pvc anti-chama  1.1/2 x 180º preta",206,"ROSAURA ELSA TALAMINI BORSATO - EPP",153,UND,411.57,361.08,2.69,2.36
82.695.370/0001-55,10302733,"curva eletroduto pvc anti-chama 1  x 180º preta",207,"ROSAURA ELSA TALAMINI BORSATO - EPP",63,UND,169.47,148.68,2.69,2.36
82.695.370/0001-55,10302734,"curva eletroduto pvc anti-chama 1  x 90º preta",208,"ROSAURA ELSA TALAMINI BORSATO - EPP",63,UND,211.05,186.48,3.35,2.96
82.695.370/0001-55,10302732,"curva eletroduto pvc anti-chama 1.1/2 x 90º preta",209,"ROSAURA ELSA TALAMINI BORSATO - EPP",63,UND,248.85,220.5,3.95,3.5
82.695.370/0001-55,10302735,"curva eletroduto pvc anti-chama 1/2 x 90º preta",210,"ROSAURA ELSA TALAMINI BORSATO - EPP",67,UND,201,176.88,3,2.64
82.695.370/0001-55,10302736,"curva eletroduto pvc anti-chama 2 x 180º preta",211,"ROSAURA ELSA TALAMINI BORSATO - EPP",63,UND,853.65,758.52,13.55,12.04
82.695.370/0001-55,10302737,"curva eletroduto pvc anti-chama 2 x 90º preta",212,"ROSAURA ELSA TALAMINI BORSATO - EPP",63,UND,751.59,667.8,11.93,10.6
82.695.370/0001-55,10302738,"curva eletroduto pvc anti-chama 3/4 x 180º preta",213,"ROSAURA ELSA TALAMINI BORSATO - EPP",63,UND,207.9,183.96,3.3,2.92
82.695.370/0001-55,10302739,"curva eletroduto pvc anti-chama 3/4 x 90º preta",214,"ROSAURA ELSA TALAMINI BORSATO - EPP",63,UND,138.6,122.22,2.2,1.94
82.695.370/0001-55,10302741,"curva esgoto curta  50 x 90º",216,"ROSAURA ELSA TALAMINI BORSATO - EPP",243,UND,2087.37,1851.66,8.59,7.62
82.695.370/0001-55,10302743,"curva esgoto curta 100 x 90º",218,"ROSAURA ELSA TALAMINI BORSATO - EPP",213,UND,3561.36,3160.92,16.72,14.84
82.695.370/0001-55,10302747,"cx dágua fibra    500 litros",220,"ROSAURA ELSA TALAMINI BORSATO - EPP",98,UND,43806,38983.42,447,397.79
82.695.370/0001-55,10302748,"cx dágua fibra 1.000 litros",221,"ROSAURA ELSA TALAMINI BORSATO - EPP",102,UND,60588,53921.28,594,528.64
82.695.370/0001-55,101401987,"cx luz 4x4 (pvc) sextavada dupla",224,"ROSAURA ELSA TALAMINI BORSATO - EPP",119,UND,749.7,664.02,6.3,5.58
82.695.370/0001-55,300102038,"cx luz sistema x",225,"ROSAURA ELSA TALAMINI BORSATO - EPP",46,UND,161,142.6,3.5,3.1
82.695.370/0001-55,10302755,"cx sifonada 100 x 150 x 50",226,"ROSAURA ELSA TALAMINI BORSATO - EPP",394,UND,6631.02,5890.3,16.83,14.95
82.695.370/0001-55,101402148,"Desengripante 300ml",229,"ROSAURA ELSA TALAMINI BORSATO - EPP",242,UND,2405.48,2132.02,9.94,8.81
82.695.370/0001-55,10367873,"disco diamantado segmentado 4´´ 110mm para corte seco,10,5cm",230,"ROSAURA ELSA TALAMINI BORSATO - EPP",109,UND,2768.6,2452.5,25.4,22.5
82.695.370/0001-55,10380030,"Disco Para Ferro 12 X 1",231,"ROSAURA ELSA TALAMINI BORSATO - EPP",107,UND,2568,2283.38,24,21.34
82.695.370/0001-55,10380031,"DISJUNTOR 70a TRIFÁSICO.",232,"ROSAURA ELSA TALAMINI BORSATO - EPP",58,UND,3642.98,3213.2,62.81,55.4
82.695.370/0001-55,10380032,"disjuntor DIN 63",233,"ROSAURA ELSA TALAMINI BORSATO - EPP",98,UND,4998,4443.32,51,45.34
82.695.370/0001-55,10380033,"Disjuntor DIN monofásico de 16 a 50 amperes",234,"ROSAURA ELSA TALAMINI BORSATO - EPP",99,UND,1153.35,1023.66,11.65,10.34
82.695.370/0001-55,10380034,"Disjuntor DIN trifásico de 40 a 50 amperes",235,"ROSAURA ELSA TALAMINI BORSATO - EPP",103,UND,6283,5588.78,61,54.26
82.695.370/0001-55,10380035,"disjuntor din tripolar 50a;",236,"ROSAURA ELSA TALAMINI BORSATO - EPP",90,UND,7740,6885,86,76.5
82.695.370/0001-55,10380037,"Disjuntor DR Tetrapolar 63A/30MA,  ABNT NBR NM 60898",238,"ROSAURA ELSA TALAMINI BORSATO - EPP",56,UND,9800,5930.4,175,105.9
82.695.370/0001-55,10380041,"Disjuntor Termomagnético Monofásico Nema De 30A",242,"ROSAURA ELSA TALAMINI BORSATO - EPP",78,UND,1092,694.2,14,8.9
82.695.370/0001-55,10380042,"Disjuntor Termomagnético Monofásico Nema De 15A",243,"ROSAURA ELSA TALAMINI BORSATO - EPP",79,UND,1106,707.84,14,8.96
82.695.370/0001-55,10380043,"Disjuntor Termomagnético Trifásico Nema De 10A",244,"ROSAURA ELSA TALAMINI BORSATO - EPP",30,UND,1650,1278,55,42.6
82.695.370/0001-55,10380044,"Disjuntor Termomagnético Trifásico Nema De 20A",245,"ROSAURA ELSA TALAMINI BORSATO - EPP",40,UND,2200,1704,55,42.6
82.695.370/0001-55,10380045,"Disjuntor Termomagnético Trifásico Nema De 40A",246,"ROSAURA ELSA TALAMINI BORSATO - EPP",33,UND,2607,1516.02,79,45.94
82.695.370/0001-55,10367883,"dobradiça ferro zincado 2.1/2 sem parafusos.",249,"ROSAURA ELSA TALAMINI BORSATO - EPP",457,UND,1668.05,1471.54,3.65,3.22
82.695.370/0001-55,10367884,"dobradiça ferro zincado 3 sem parafusos.",250,"ROSAURA ELSA TALAMINI BORSATO - EPP",605,UND,2044.9,1802.9,3.38,2.98
82.695.370/0001-55,10367885,"dobradiça inox 3 sem parafusos.",251,"ROSAURA ELSA TALAMINI BORSATO - EPP",268,UND,2765.76,2454.88,10.32,9.16
82.695.370/0001-55,10367886,"dobradiça inox 3 x 2.1/2 sem parafusos.",252,"ROSAURA ELSA TALAMINI BORSATO - EPP",248,UND,3134.72,2782.56,12.64,11.22
82.695.370/0001-55,10367910,"Eletrocalha perfilado barra 38x38x6m",254,"ROSAURA ELSA TALAMINI BORSATO - EPP",218,BR,47088,41834.2,216,191.9
82.695.370/0001-55,10380048,"Eletroduto Flexível Corrugado 20Mm Amarelo Bitola 1/2´´",255,"ROSAURA ELSA TALAMINI BORSATO - EPP",397,M,1155.27,1016.32,2.91,2.56
82.695.370/0001-55,10380051,"emenda em U para forro de PVC branco",258,"ROSAURA ELSA TALAMINI BORSATO - EPP",378,M,15271.2,13585.32,40.4,35.94
82.695.370/0001-55,10367889,"enxada em aço carbono",259,"ROSAURA ELSA TALAMINI BORSATO - EPP",69,UND,2303.91,2049.3,33.39,29.7
82.695.370/0001-55,340100402,"ESCADA EM ALUMÍNIO",260,"ROSAURA ELSA TALAMINI BORSATO - EPP",121,UND,34485,30673.5,285,253.5
82.695.370/0001-55,10298895,"Espelho cedro 14 cm",263,"ROSAURA ELSA TALAMINI BORSATO - EPP",1005,UND,21356.25,19095,21.25,19
82.695.370/0001-55,10380052,"fechadura auxiliar modelo tetra em inox, acompanha duas chav",265,"ROSAURA ELSA TALAMINI BORSATO - EPP",360,UND,37800,33620.4,105,93.39
82.695.370/0001-55,10302804,"fechadura para gaveta 31mm",267,"ROSAURA ELSA TALAMINI BORSATO - EPP",303,UND,3939,3490.56,13,11.52
82.695.370/0001-55,340100404,"Fechadura Aplicação Porta (Maçaneta Redonda)",270,"ROSAURA ELSA TALAMINI BORSATO - EPP",378,UND,25473.42,22661.1,67.39,59.95
82.695.370/0001-55,10380053,"ferragens de divisória p/ porta",272,"ROSAURA ELSA TALAMINI BORSATO - EPP",202,UND,54136,48177,268,238.5
82.695.370/0001-55,10302805,"ferro chato 1 x 1/4           6m",273,"ROSAURA ELSA TALAMINI BORSATO - EPP",240,BR,21199.2,18816,88.33,78.4
82.695.370/0001-55,10302806,"ferro chato 1 x 3/16         6m",274,"ROSAURA ELSA TALAMINI BORSATO - EPP",234,BR,15940.08,14180.4,68.12,60.6
82.695.370/0001-55,10302810,"ferro construção 3/8       12m",277,"ROSAURA ELSA TALAMINI BORSATO - EPP",407,BR,41514,36931.18,102,90.74
82.695.370/0001-55,10302813,"ferro mecânico 1/2          6m",280,"ROSAURA ELSA TALAMINI BORSATO - EPP",367,BR,26791,23832.98,73,64.94
82.695.370/0001-55,10302814,"ferro mecânico 3/8          6m",281,"ROSAURA ELSA TALAMINI BORSATO - EPP",367,BR,21506.2,19128.04,58.6,52.12
82.695.370/0001-55,10380054,"Fio Elétrico Tipo Flexível Bitola 2 X 1,0Mm Paralelo Cor Bra",282,"ROSAURA ELSA TALAMINI BORSATO - EPP",4779,M,13763.52,12138.66,2.88,2.54
82.695.370/0001-55,10380057,"Fio Elétrico Tipo Rígido  Bitola 1,5Mm Cor Azul",285,"ROSAURA ELSA TALAMINI BORSATO - EPP",2607,M,4875.09,4275.48,1.87,1.64
82.695.370/0001-55,10380058,"Fio Elétrico Tipo Rígido  Bitola 10 Mm Cor Azul",286,"ROSAURA ELSA TALAMINI BORSATO - EPP",4679,M,43748.65,38835.7,9.35,8.3
82.695.370/0001-55,10380059,"Fio Elétrico Tipo Rígido  Bitola 2,5Mm Cor Azul",287,"ROSAURA ELSA TALAMINI BORSATO - EPP",3310,M,8705.3,7613,2.63,2.3
82.695.370/0001-55,10380060,"Fio Elétrico Tipo Rígido  Bitola 4,0Mm Cor Azul",288,"ROSAURA ELSA TALAMINI BORSATO - EPP",2991,M,11066.7,9750.66,3.7,3.26
82.695.370/0001-55,10380061,"Fio Elétrico Tipo Rígido  Bitola 6,0Mm Cor Azul",289,"ROSAURA ELSA TALAMINI BORSATO - EPP",3929,M,19645,17326.89,5,4.41
82.695.370/0001-55,10302827,"fita isolante elétrica",296,"ROSAURA ELSA TALAMINI BORSATO - EPP",484,UND,2850.76,2526.48,5.89,5.22
82.695.370/0001-55,340100406,"Fossa Séptica Biodigestor, capacidade 1500 Litros",303,"ROSAURA ELSA TALAMINI BORSATO - EPP",23,UND,52508.66,46731.17,2282.985,2031.79
82.695.370/0001-55,10380066,"Fossa Séptica Biodigestor, capacidade 325 Litros",304,"ROSAURA ELSA TALAMINI BORSATO - EPP",18,UND,16020,14256,890,792
82.695.370/0001-55,100800869,"grampo cabo de aço 1/4",308,"ROSAURA ELSA TALAMINI BORSATO - EPP",41,UND,63.14,54.94,1.54,1.34
82.695.370/0001-55,300102096,"Grampo cabo de aço 1/8",309,"ROSAURA ELSA TALAMINI BORSATO - EPP",31,UND,31,26.66,1,0.86
82.695.370/0001-55,101401746,"haste telha 1/4 x 300mm c/ porca e arruela",311,"ROSAURA ELSA TALAMINI BORSATO - EPP",4935,UND,8290.8,7254.45,1.68,1.47
82.695.370/0001-55,101401747,"haste terra 1.5m c/ presilha",312,"ROSAURA ELSA TALAMINI BORSATO - EPP",915,UND,14914.5,13212.6,16.3,14.44
82.695.370/0001-55,10360469,"INTER. EMB 1 TEC-CAMP. 006-EC",315,"ROSAURA ELSA TALAMINI BORSATO - EPP",122,UND,1220,1082.14,10,8.87
82.695.370/0001-55,10367894,"INTER. EMB 1 TEC-SIMPLES C/TOM. DIST 033-ES",317,"ROSAURA ELSA TALAMINI BORSATO - EPP",153,UND,2019.6,1791.63,13.2,11.71
82.695.370/0001-55,10367895,"INTER. EMB 2 TEC-SIMPLES C/TOM. 028-ES",319,"ROSAURA ELSA TALAMINI BORSATO - EPP",123,UND,1039.35,922.5,8.45,7.5
82.695.370/0001-55,10360473,"INTER. EMB 3 TEC-SIMPLES 008-ES",320,"ROSAURA ELSA TALAMINI BORSATO - EPP",122,UND,2496.73,2220.4,20.465,18.2
82.695.370/0001-55,300102121,"joelho de cobre 22mm",323,"ROSAURA ELSA TALAMINI BORSATO - EPP",188,UND,3600.2,3196,19.15,17
82.695.370/0001-55,300102122,"joelho de cobre 22mm x 1/2",324,"ROSAURA ELSA TALAMINI BORSATO - EPP",188,UND,4700,4173.6,25,22.2
82.695.370/0001-55,10302846,"joelho hidraúlico para esgoto  100x 45º",325,"ROSAURA ELSA TALAMINI BORSATO - EPP",399,UND,3367.56,2980.53,8.44,7.47
82.695.370/0001-55,10302840,"joelho hidraúlico para esgoto  40 x 45º",327,"ROSAURA ELSA TALAMINI BORSATO - EPP",447,UND,1269.48,1117.5,2.84,2.5
82.695.370/0001-55,10302844,"joelho hidraúlico para esgoto  75 x 45º",331,"ROSAURA ELSA TALAMINI BORSATO - EPP",146,UND,998.64,881.84,6.84,6.04
82.695.370/0001-55,10302845,"joelho hidraúlico para esgoto  75 x 90º",332,"ROSAURA ELSA TALAMINI BORSATO - EPP",146,UND,949,840.96,6.5,5.76
82.695.370/0001-55,10371000,"JOELHO LR 20 X 1/2",333,"ROSAURA ELSA TALAMINI BORSATO - EPP",397,UND,853.55,746.36,2.15,1.88
82.695.370/0001-55,101401766,"joelho LR azul c/ bucha metal 20 x 1/2",336,"ROSAURA ELSA TALAMINI BORSATO - EPP",223,UND,1226.5,1088.24,5.5,4.88
82.695.370/0001-55,101401768,"joelho LR azul c/ bucha metal 25 x 3/4",338,"ROSAURA ELSA TALAMINI BORSATO - EPP",223,UND,1204.2,1065.94,5.4,4.78
82.695.370/0001-55,10302848,"joelho soldável 20 x 45º",339,"ROSAURA ELSA TALAMINI BORSATO - EPP",730,UND,635.1,540.2,0.87,0.74
82.695.370/0001-55,10302849,"joelho soldável 20 x 90º",340,"ROSAURA ELSA TALAMINI BORSATO - EPP",750,UND,712.5,615,0.95,0.82
82.695.370/0001-55,101401771,"joelho soldável 32 x 45º",343,"ROSAURA ELSA TALAMINI BORSATO - EPP",139,UND,453.14,400.32,3.26,2.88
82.695.370/0001-55,101401772,"joelho soldável 32 x 90º",344,"ROSAURA ELSA TALAMINI BORSATO - EPP",139,UND,429.51,378.08,3.09,2.72
82.695.370/0001-55,101401776,"joelho soldável 60 x 45º",348,"ROSAURA ELSA TALAMINI BORSATO - EPP",124,UND,3310.8,2943.76,26.7,23.74
82.695.370/0001-55,101401777,"joelho soldável 60 x 90º",349,"ROSAURA ELSA TALAMINI BORSATO - EPP",159,UND,3895.5,3456.66,24.5,21.74
82.695.370/0001-55,101401778,"joelho soldável 75 x 45º",350,"ROSAURA ELSA TALAMINI BORSATO - EPP",114,UND,5035.38,4473.36,44.17,39.24
82.695.370/0001-55,101401779,"joelho soldável 75 x 90º",351,"ROSAURA ELSA TALAMINI BORSATO - EPP",149,UND,8324.63,7405.3,55.87,49.7
82.695.370/0001-55,10380071,"junta fácil PVC 5 mm  Pcote 100 unidades",355,"ROSAURA ELSA TALAMINI BORSATO - EPP",843,UND,4973.7,4383.6,5.9,5.2
82.695.370/0001-55,10380072,"kit Porca Sextavada e arruela para barra roscada 4mm",356,"ROSAURA ELSA TALAMINI BORSATO - EPP",717,KIT,4875.6,4309.17,6.8,6.01
82.695.370/0001-55,10380073,"kit Porca Sextavada e arruela para barra roscada 6,3mm",357,"ROSAURA ELSA TALAMINI BORSATO - EPP",847,KIT,9147.6,7961.8,10.8,9.4
82.695.370/0001-55,10380074,"kit Porca Sextavada e arruela para barra roscada 8mm",358,"ROSAURA ELSA TALAMINI BORSATO - EPP",845,KIT,10055.5,8914.75,11.9,10.55
82.695.370/0001-55,10367897,"lampada ELETRÔNICA 25 wats (economica)",363,"ROSAURA ELSA TALAMINI BORSATO - EPP",646,UND,8785.6,7777.84,13.6,12.04
82.695.370/0001-55,10370178,"lampada ELETRÔNICA 30 wats (economica)",364,"ROSAURA ELSA TALAMINI BORSATO - EPP",842,UND,22102.5,19652.28,26.25,23.34
82.695.370/0001-55,10373693,"lampada ELETRÔNICA 40 wats (economica)",365,"ROSAURA ELSA TALAMINI BORSATO - EPP",427,UND,17114.16,15218.28,40.08,35.64
82.695.370/0001-55,10373670,"lampada ELETRÔNICA 45 wats (economica)",366,"ROSAURA ELSA TALAMINI BORSATO - EPP",837,UND,39171.6,34735.5,46.8,41.5
82.695.370/0001-55,10373671,"lampada ELETRÔNICA 60 wats (economica)",367,"ROSAURA ELSA TALAMINI BORSATO - EPP",716,UND,44893.2,39809.6,62.7,55.6
82.695.370/0001-55,10373672,"lampada ELETRÔNICA 65 wats (economica)",368,"ROSAURA ELSA TALAMINI BORSATO - EPP",636,UND,42612,37905.6,67,59.6
82.695.370/0001-55,10373673,"lampada ELETRÔNICA 75 wats (economica)",369,"ROSAURA ELSA TALAMINI BORSATO - EPP",534,UND,39046.08,34731.36,73.12,65.04
82.695.370/0001-55,10302858,"lâmpada luz mista com tensão nominal 220V",373,"ROSAURA ELSA TALAMINI BORSATO - EPP",1152,UND,20044.8,17786.88,17.4,15.44
82.695.370/0001-55,10302859,"lâmpada vapor mercúrio 400w E40",374,"ROSAURA ELSA TALAMINI BORSATO - EPP",253,UND,9487.5,8435.02,37.5,33.34
82.695.370/0001-55,10302860,"lâmpada vapor sódio 400w E40",375,"ROSAURA ELSA TALAMINI BORSATO - EPP",233,UND,8970.5,7977.92,38.5,34.24
82.695.370/0001-55,10367900,"lavatório com coluna suspensa de louça (grande)",376,"ROSAURA ELSA TALAMINI BORSATO - EPP",140,UND,33600,29876,240,213.4
82.695.370/0001-55,101401736,"lavatório sem coluna (louça branca)",377,"ROSAURA ELSA TALAMINI BORSATO - EPP",320,UND,24140.8,21468.8,75.44,67.09
82.695.370/0001-55,10373676,"luminaria de emergencia com sistema de recarga embutido",395,"ROSAURA ELSA TALAMINI BORSATO - EPP",1345,UND,30908.1,27303.5,22.98,20.3
82.695.370/0001-55,100400547,"Luva de cobre 22mm",396,"ROSAURA ELSA TALAMINI BORSATO - EPP",478,UND,3561.1,2891.9,7.45,6.05
82.695.370/0001-55,10380088,"luva de correr esgoto 100mm",397,"ROSAURA ELSA TALAMINI BORSATO - EPP",223,UND,3808.84,3385.14,17.08,15.18
82.695.370/0001-55,10380089,"luva de correr esgoto 150mm",398,"ROSAURA ELSA TALAMINI BORSATO - EPP",170,UND,5457,4318,32.1,25.4
82.695.370/0001-55,10380093,"luva de correr pvc soldável 20mm",402,"ROSAURA ELSA TALAMINI BORSATO - EPP",203,UND,1512.35,1351.98,7.45,6.66
82.695.370/0001-55,10380094,"luva de correr pvc soldável 25mm",403,"ROSAURA ELSA TALAMINI BORSATO - EPP",203,UND,2385.25,1299.2,11.75,6.4
82.695.370/0001-55,10380097,"luva de correr pvc soldável 40mm",405,"ROSAURA ELSA TALAMINI BORSATO - EPP",203,UND,3917.9,3187.1,19.3,15.7
82.695.370/0001-55,10380099,"luva de correr pvc soldável 60mm",407,"ROSAURA ELSA TALAMINI BORSATO - EPP",203,UND,5887,5003.95,29,24.65
82.695.370/0001-55,10302885,"luva eletroduto 1.1/2 preta",409,"ROSAURA ELSA TALAMINI BORSATO - EPP",217,UND,965.65,434,4.45,2
82.695.370/0001-55,10302886,"luva eletroduto 1/2 preta",410,"ROSAURA ELSA TALAMINI BORSATO - EPP",217,UND,245.21,217,1.13,1
82.695.370/0001-55,10302887,"luva eletroduto 2 preta",411,"ROSAURA ELSA TALAMINI BORSATO - EPP",217,UND,1280.3,217,5.9,1
82.695.370/0001-55,100400552,"Luva eletroduto 3/4 preta",412,"ROSAURA ELSA TALAMINI BORSATO - EPP",217,UND,418.81,368.9,1.93,1.7
82.695.370/0001-55,100400555,"Luva esgoto 150mm",417,"ROSAURA ELSA TALAMINI BORSATO - EPP",210,UND,5069.4,4504.5,24.14,21.45
82.695.370/0001-55,100400561,"Luva LR 20 x 1/2",418,"ROSAURA ELSA TALAMINI BORSATO - EPP",217,UND,321.16,279.93,1.48,1.29
82.695.370/0001-55,100400563,"Luva LR 25 X 3/4",420,"ROSAURA ELSA TALAMINI BORSATO - EPP",317,UND,637.17,557.92,2.01,1.76
82.695.370/0001-55,100400564,"Luva LR azul com bucha metal 20 x 1/2",421,"ROSAURA ELSA TALAMINI BORSATO - EPP",307,UND,1627.1,1442.9,5.3,4.7
82.695.370/0001-55,10302895,"luva LR azul com bucha metal 25 x 1/2",422,"ROSAURA ELSA TALAMINI BORSATO - EPP",292,UND,1433.72,1267.28,4.91,4.34
82.695.370/0001-55,100400566,"Luva LR azul com bucha metal 25 x 3/4",423,"ROSAURA ELSA TALAMINI BORSATO - EPP",282,UND,2123.46,1883.76,7.53,6.68
82.695.370/0001-55,10109797,"LUVA SOLDÁVEL 20MM",424,"ROSAURA ELSA TALAMINI BORSATO - EPP",282,UND,231.24,197.4,0.82,0.7
82.695.370/0001-55,100400568,"Luva soldavel 40mm",427,"ROSAURA ELSA TALAMINI BORSATO - EPP",372,UND,1755.84,1554.96,4.72,4.18
82.695.370/0001-55,10119430,"Luva soldável 60mm",429,"ROSAURA ELSA TALAMINI BORSATO - EPP",396,UND,5476.68,4862.88,13.83,12.28
82.695.370/0001-55,100400571,"Madeirite cola fenolica 1,10m x 2,20m x 12mm",430,"ROSAURA ELSA TALAMINI BORSATO - EPP",278,UND,16677.22,14828.52,59.99,53.34
82.695.370/0001-55,10367902,"mangueira jardim 20mt 1/2 (borracha)",433,"ROSAURA ELSA TALAMINI BORSATO - EPP",155,RL,10199,9070.6,65.8,58.52
82.695.370/0001-55,110200052,"Mangueira jardim 3/4 x 2,5mm",434,"ROSAURA ELSA TALAMINI BORSATO - EPP",892,M,53136.44,47276,59.57,53
82.695.370/0001-55,10367903,"mangueira preta 1 x 2,0mm",436,"ROSAURA ELSA TALAMINI BORSATO - EPP",574,M,1607.2,1412.04,2.8,2.46
82.695.370/0001-55,10376518,"Mangueira reforçada para gás GLP p45 com rosca externa",441,"ROSAURA ELSA TALAMINI BORSATO - EPP",187,M,16456,14640.23,88,78.29
82.695.370/0001-55,10376517,"Mangueira reforçada para gás GLP p45 com rosca interna",442,"ROSAURA ELSA TALAMINI BORSATO - EPP",208,M,18304,16284.32,88,78.29
82.695.370/0001-55,100400574,"Manta bidim drenagem 0,20 x 2,30m",445,"ROSAURA ELSA TALAMINI BORSATO - EPP",805,M2,5474,4846.1,6.8,6.02
82.695.370/0001-55,10376511,"Mão-francesa reforçada 20cm",447,"ROSAURA ELSA TALAMINI BORSATO - EPP",335,UND,3668.25,3249.5,10.95,9.7
82.695.370/0001-55,10380103,"Mão-francesa reforçada 30cm",448,"ROSAURA ELSA TALAMINI BORSATO - EPP",365,UND,10566.75,9307.5,28.95,25.5
82.695.370/0001-55,10302901,"marco cedro 0,60 x 2,10 x 0,16",450,"ROSAURA ELSA TALAMINI BORSATO - EPP",223,UND,37464,33338.5,168,149.5
82.695.370/0001-55,10302902,"marco cedro 0,70 x 2,10 x 0,16",451,"ROSAURA ELSA TALAMINI BORSATO - EPP",217,UND,36456,32441.5,168,149.5
82.695.370/0001-55,10104772,"MASSA DE CALAFETAR",456,"ROSAURA ELSA TALAMINI BORSATO - EPP",176,KG,3502.4,3097.6,19.9,17.6
82.695.370/0001-55,10380105,"Mola Aérea P/ Porta Força 2",459,"ROSAURA ELSA TALAMINI BORSATO - EPP",133,UND,19817,17609.2,149,132.4
82.695.370/0001-55,10302911,"mourão concreto 2,00 reto",460,"ROSAURA ELSA TALAMINI BORSATO - EPP",114,UND,5527.86,4286.4,48.49,37.6
82.695.370/0001-55,101401501,"Mourão concreto 2,50 curvo",461,"ROSAURA ELSA TALAMINI BORSATO - EPP",184,UND,9384,8261.6,51,44.9
82.695.370/0001-55,10380106,"nipel roscável 1",463,"ROSAURA ELSA TALAMINI BORSATO - EPP",223,UND,738.13,651.16,3.31,2.92
82.695.370/0001-55,10380107,"nipel roscável 1.1/2",464,"ROSAURA ELSA TALAMINI BORSATO - EPP",223,UND,1462.88,1293.4,6.56,5.8
82.695.370/0001-55,10380108,"nipel roscável 2",466,"ROSAURA ELSA TALAMINI BORSATO - EPP",223,UND,2363.8,2096.2,10.6,9.4
82.695.370/0001-55,10380109,"nipel roscável 2.1/2",467,"ROSAURA ELSA TALAMINI BORSATO - EPP",223,UND,3445.35,3059.56,15.45,13.72
82.695.370/0001-55,101401508,"Parafuso aço rosca soberba 3,9 x 25",471,"ROSAURA ELSA TALAMINI BORSATO - EPP",2913,UND,291.3,233.04,0.1,0.08
82.695.370/0001-55,10380113,"parafuso ar 1/2 x 300mm c/ porca",473,"ROSAURA ELSA TALAMINI BORSATO - EPP",3912,UND,26523.36,23472,6.78,6
82.695.370/0001-55,101401516,"Parafuso fz 6,1 x 75mm",478,"ROSAURA ELSA TALAMINI BORSATO - EPP",6912,UND,6082.56,5253.12,0.88,0.76
82.695.370/0001-55,10302923,"parafuso p/ telha 5/16 x 1/4 x 110mm completo",479,"ROSAURA ELSA TALAMINI BORSATO - EPP",7712,UND,5706.88,5012.8,0.74,0.65
82.695.370/0001-55,10100266,"PEDRA DE ALICERCE",483,"ROSAURA ELSA TALAMINI BORSATO - EPP",375,M,7500,6600,20,17.6
82.695.370/0001-55,10367958,"piso cerâmico 20 x 20 A PEI-4 (parede)",489,"ROSAURA ELSA TALAMINI BORSATO - EPP",2062,M2,79572.58,70705.98,38.59,34.29
82.695.370/0001-55,10380121,"Piso Cimentício Rústico Borda Reta Status 100 Quadros Cinza",492,"ROSAURA ELSA TALAMINI BORSATO - EPP",3595,M2,60755.5,53960.95,16.9,15.01
82.695.370/0001-55,10380122,"piso paviflex em placa, diversas cores",493,"ROSAURA ELSA TALAMINI BORSATO - EPP",407,M2,22792,20268.6,56,49.8
82.695.370/0001-55,10380126,"placa de granito, espessura 15mm, para aplicação em ambiente",497,"ROSAURA ELSA TALAMINI BORSATO - EPP",162,M2,79380,70551,490,435.5
82.695.370/0001-55,10302939,"plug galvanizado 3/4",499,"ROSAURA ELSA TALAMINI BORSATO - EPP",46,UND,294.86,261.28,6.41,5.68
82.695.370/0001-55,101401536,"Plug roscavel 1/2 pvc",500,"ROSAURA ELSA TALAMINI BORSATO - EPP",73,UND,8065.04,6789,110.48,93
82.695.370/0001-55,10302940,"plugue porcelana mono. 30A",501,"ROSAURA ELSA TALAMINI BORSATO - EPP",46,UND,351.9,311.88,7.65,6.78
82.695.370/0001-55,10302941,"plugue porcelana trif. 30A",502,"ROSAURA ELSA TALAMINI BORSATO - EPP",46,UND,460,403.88,10,8.78
82.695.370/0001-55,10380127,"Plugue Tomada Mono P/ Extensão (Fêmea) 10A",505,"ROSAURA ELSA TALAMINI BORSATO - EPP",99,UND,542.52,479.16,5.48,4.84
82.695.370/0001-55,10380128,"Plugue Tomada Mono P/ Extensão (Macho) 10A",506,"ROSAURA ELSA TALAMINI BORSATO - EPP",99,UND,524.7,465.3,5.3,4.7
82.695.370/0001-55,10302944,"plugue tomada telefone c/ 1 adaptador jack (macho)",507,"ROSAURA ELSA TALAMINI BORSATO - EPP",108,UND,873.72,775.44,8.09,7.18
82.695.370/0001-55,10302947,"porta ext.almof. cedro 0,70 x 2,10",512,"ROSAURA ELSA TALAMINI BORSATO - EPP",127,UND,87630,77914.5,690,613.5
82.695.370/0001-55,10302947,"porta ext.almof. cedro 0,70 x 2,10",513,"ROSAURA ELSA TALAMINI BORSATO - EPP",42,UND,28980,25767,690,613.5
82.695.370/0001-55,10380131,"porta grelha p/ cano 100",518,"ROSAURA ELSA TALAMINI BORSATO - EPP",218,UND,1730.92,1534.72,7.94,7.04
82.695.370/0001-55,10302949,"porta int. semi-oca 0,60 x 2,10 pinus",519,"ROSAURA ELSA TALAMINI BORSATO - EPP",88,UND,12638.56,11220,143.62,127.5
82.695.370/0001-55,10302950,"porta int. semi-oca 0,70 x 2,10 pinus",520,"ROSAURA ELSA TALAMINI BORSATO - EPP",90,UND,12926.25,11475,143.625,127.5
82.695.370/0001-55,10302951,"porta int. semi-oca 0,80 x 2,10 pinus",521,"ROSAURA ELSA TALAMINI BORSATO - EPP",88,UND,12639.44,11220,143.63,127.5
82.695.370/0001-55,10380132,"Porta Papel Higiênico Em Aço Inoxidável, Sem Capa.",522,"ROSAURA ELSA TALAMINI BORSATO - EPP",236,UND,8732,7740.8,37,32.8
82.695.370/0001-55,10380133,"Porta Sabonete Em Aço Inox Com Parafuso De Fenda E Bucha Nº",523,"ROSAURA ELSA TALAMINI BORSATO - EPP",197,UND,8569.5,7486,43.5,38
82.695.370/0001-55,101401587,"Prancha de angelin bruTa",526,"ROSAURA ELSA TALAMINI BORSATO - EPP",17,M3,86700,77163,5100,4539
82.695.370/0001-55,101401587,"Prancha de angelin bruTa",527,"ROSAURA ELSA TALAMINI BORSATO - EPP",5,M3,25500,22695,5100,4539
82.695.370/0001-55,100400470,"PRANCHA DE CEDRO BRUTA",528,"ROSAURA ELSA TALAMINI BORSATO - EPP",16,M3,64000,56960,4000,3560
82.695.370/0001-55,100400470,"PRANCHA DE CEDRO BRUTA",529,"ROSAURA ELSA TALAMINI BORSATO - EPP",5,M3,20000,17800,4000,3560
82.695.370/0001-55,10367915,"prancha de itauba bruta",533,"ROSAURA ELSA TALAMINI BORSATO - EPP",16,M3,105600,93984,6600,5874
82.695.370/0001-55,10367915,"prancha de itauba bruta",534,"ROSAURA ELSA TALAMINI BORSATO - EPP",5,M3,33000,29370,6600,5874
82.695.370/0001-55,10380140,"Prego Com Cabeça 18X24,Pacote De 01 Kg Em Aço",540,"ROSAURA ELSA TALAMINI BORSATO - EPP",189,KG,4914,3262.14,26,17.26
82.695.370/0001-55,10380142,"Prego Com Cabeça 22X45,Pacote De 01 Kg Em Aço",542,"ROSAURA ELSA TALAMINI BORSATO - EPP",179,KG,5549,3325.82,31,18.58
82.695.370/0001-55,10367916,"prego para telha galv. 18 x 30 Ardox",546,"ROSAURA ELSA TALAMINI BORSATO - EPP",74,KG,2286.6,2020.2,30.9,27.3
82.695.370/0001-55,101401997,"Reator vapor mercurio 400w",549,"ROSAURA ELSA TALAMINI BORSATO - EPP",88,UND,11088,9860.4,126,112.05
82.695.370/0001-55,10302981,"reator vapor metálico / sódio 400w",550,"ROSAURA ELSA TALAMINI BORSATO - EPP",88,UND,9944,8835.2,113,100.4
82.695.370/0001-55,10380148,"Redutor de pressão para gás GLP p13",553,"ROSAURA ELSA TALAMINI BORSATO - EPP",87,UND,3915,3480.87,45,40.01
82.695.370/0001-55,10376519,"Redutor de pressão para gás GLP p46",554,"ROSAURA ELSA TALAMINI BORSATO - EPP",57,UND,3135,2787.3,55,48.9
82.695.370/0001-55,10380152,"Registro tipo globo para gás GLP p13",563,"ROSAURA ELSA TALAMINI BORSATO - EPP",61,UND,29768,20935.2,488,343.2
82.695.370/0001-55,10376516,"Registro tipo globo para gás GLP p45",564,"ROSAURA ELSA TALAMINI BORSATO - EPP",56,UND,31248,27809.6,558,496.6
82.695.370/0001-55,10376513,"Rejunte do tipo epoxi",567,"ROSAURA ELSA TALAMINI BORSATO - EPP",204,KG,7344,6530.04,36,32.01
82.695.370/0001-55,10380154,"reparo para registro de pressão",571,"ROSAURA ELSA TALAMINI BORSATO - EPP",217,UND,7269.5,6466.6,33.5,29.8
82.695.370/0001-55,10302985,"ripa eucalipto 1 x 2´´",576,"ROSAURA ELSA TALAMINI BORSATO - EPP",2605,M,4949.5,4168,1.9,1.6
82.695.370/0001-55,10380158,"roldana isol AR 72x72 porcelana g/13",580,"ROSAURA ELSA TALAMINI BORSATO - EPP",133,UND,325.85,287.28,2.45,2.16
82.695.370/0001-55,80800097,"Roldana Janela 6mm Nylon",581,"ROSAURA ELSA TALAMINI BORSATO - EPP",314,UND,3105.46,2756.92,9.89,8.78
82.695.370/0001-55,340100410,"Sifão tubo extensivo duplo universal",598,"ROSAURA ELSA TALAMINI BORSATO - EPP",522,UND,19079.1,16965,36.55,32.5
82.695.370/0001-55,10380169,"TACAÇÃO DE PINUS TRATADO P/ FORRO",612,"ROSAURA ELSA TALAMINI BORSATO - EPP",5200,M,14560,10400,2.8,2
82.695.370/0001-55,340100414,"Tanque louça sem coluna",613,"ROSAURA ELSA TALAMINI BORSATO - EPP",24,UND,9744,8670.96,406,361.29
82.695.370/0001-55,101401626,"te de cobre 22mm",614,"ROSAURA ELSA TALAMINI BORSATO - EPP",134,UND,3631.4,3228.06,27.1,24.09
82.695.370/0001-55,101401630,"te esgoto redução  75 x 50mm",619,"ROSAURA ELSA TALAMINI BORSATO - EPP",113,UND,1254.3,1111.92,11.1,9.84
82.695.370/0001-55,101401631,"te esgoto redução 100 x 50mm",620,"ROSAURA ELSA TALAMINI BORSATO - EPP",154,UND,1755.6,1556.94,11.4,10.11
82.695.370/0001-55,101401632,"te esgoto redução 100 x 75mm",621,"ROSAURA ELSA TALAMINI BORSATO - EPP",86,UND,1066.4,946.86,12.4,11.01
82.695.370/0001-55,101401633,"te galvanizado 1/2",622,"ROSAURA ELSA TALAMINI BORSATO - EPP",66,UND,681.78,603.24,10.33,9.14
82.695.370/0001-55,101402521,"tela soldada arame 2,4mm malha 5 x 10",633,"ROSAURA ELSA TALAMINI BORSATO - EPP",1037,M2,15347.6,13626.18,14.8,13.14
82.695.370/0001-55,10367936,"telha de cimento s/ amianto 1,22 x 0,50 x 4mm",634,"ROSAURA ELSA TALAMINI BORSATO - EPP",478,UND,5602.16,4971.2,11.72,10.4
82.695.370/0001-55,10303017,"telha fibra incolor 2,13 x 1,10 x 0,8mm",636,"ROSAURA ELSA TALAMINI BORSATO - EPP",217,UND,15782.41,14039.9,72.73,64.7
82.695.370/0001-55,10367928,"Telha s/ amianto 1,53 x 1,10 x 6mm",638,"ROSAURA ELSA TALAMINI BORSATO - EPP",735,UND,33810,29988,46,40.8
82.695.370/0001-55,10367929,"telha s/ amianto 1,83 x 0,50 x 4mm",639,"ROSAURA ELSA TALAMINI BORSATO - EPP",890,UND,13857.3,12317.6,15.57,13.84
82.695.370/0001-55,10367932,"telha s/ amianto 2,13 x 1,10 x 5mm",642,"ROSAURA ELSA TALAMINI BORSATO - EPP",520,UND,34320,22037.6,66,42.38
82.695.370/0001-55,10367934,"telha s/ amianto 2,44 x 0,50 x 4mm",644,"ROSAURA ELSA TALAMINI BORSATO - EPP",510,UND,12428.7,11036.4,24.37,21.64
82.695.370/0001-55,10380172,"Telhas de barro portuguesa",646,"ROSAURA ELSA TALAMINI BORSATO - EPP",2412,UND,4703.4,3352.68,1.95,1.39
82.695.370/0001-55,10380173,"Telhas Ecológicas",647,"ROSAURA ELSA TALAMINI BORSATO - EPP",810,M2,81810,72802.8,101,89.88
82.695.370/0001-55,10380173,"Telhas Ecológicas",648,"ROSAURA ELSA TALAMINI BORSATO - EPP",269,M2,27169,24177.72,101,89.88
82.695.370/0001-55,10380174,"terminal compressão YA 10;",649,"ROSAURA ELSA TALAMINI BORSATO - EPP",192,UND,1536,1353.6,8,7.05
82.695.370/0001-55,10380175,"terminal retratil cabo 6",650,"ROSAURA ELSA TALAMINI BORSATO - EPP",37,UND,444,393.68,12,10.64
82.695.370/0001-55,10380176,"terminal TCM (tipo pino);",651,"ROSAURA ELSA TALAMINI BORSATO - EPP",37,UND,259,229.4,7,6.2
82.695.370/0001-55,10380177,"terminal tubolar 10mm;",652,"ROSAURA ELSA TALAMINI BORSATO - EPP",37,UND,144.3,127.28,3.9,3.44
82.695.370/0001-55,10380182,"Tinta Acrílica Acabamento Fosco Na Cor:Palha Contendo 18 Lts",662,"ROSAURA ELSA TALAMINI BORSATO - EPP",135,BLD,52002,46156.5,385.2,341.9
82.695.370/0001-55,10380185,"Tinta Acrílica,acabamento fosco para Pintura de Pisos Ciment",668,"ROSAURA ELSA TALAMINI BORSATO - EPP",121,BLD,34243,30419.4,283,251.4
82.695.370/0001-55,10380186,"Tinta Acrílica acabamento fosco para Pintura de Pisos Ciment",669,"ROSAURA ELSA TALAMINI BORSATO - EPP",127,GAL,35941,31940.5,283,251.5
82.695.370/0001-55,340100418,"Tinta Acrílica,acabamento fosco nas cor:laranja",672,"ROSAURA ELSA TALAMINI BORSATO - EPP",32,BLD,8992,7964.8,281,248.9
82.695.370/0001-55,340100419,"Tinta Acrílica ,Acabamento Fosco  Na Cor:Verde.",673,"ROSAURA ELSA TALAMINI BORSATO - EPP",68,BLD,19244,17027.2,283,250.4
82.695.370/0001-55,340100424,"Tinta Acrílica,Acabamento Semi-Brilho.  Na Cor:Vermelho Card",678,"ROSAURA ELSA TALAMINI BORSATO - EPP",100,BLD,43700,38700,437,387
82.695.370/0001-55,10380191,"inta Acrílica,Acabamento Semi-Brilho. Na Cor: Verde Musgo",681,"ROSAURA ELSA TALAMINI BORSATO - EPP",167,BLD,72979,64462,437,386
82.695.370/0001-55,10385899,"Tinta esmalte sintético, cor branco, verde, preta, cinza e a",689,"ROSAURA ELSA TALAMINI BORSATO - EPP",68,GAL,8428.6,7344,123.95,108
82.695.370/0001-55,10385904,"Tinta esmalte sintético na cor verde para quadro negro escol",690,"ROSAURA ELSA TALAMINI BORSATO - EPP",67,GAL,9279.5,8200.8,138.5,122.4
82.695.370/0001-55,10380197,"Tomada Dupla embutir Retangular 2p+t 20a",693,"ROSAURA ELSA TALAMINI BORSATO - EPP",232,UND,3032.24,2691.2,13.07,11.6
82.695.370/0001-55,10380199,"Tomada Dupla Sobrepor Retangular 2p+t 20a",695,"ROSAURA ELSA TALAMINI BORSATO - EPP",104,UND,936,829.92,9,7.98
82.695.370/0001-55,10367940,"tomada externa para telefone RJ11",696,"ROSAURA ELSA TALAMINI BORSATO - EPP",74,UND,804.38,713.36,10.87,9.64
82.695.370/0001-55,10367939,"tomada externa universal 2P+T 10A ABNT",697,"ROSAURA ELSA TALAMINI BORSATO - EPP",123,UND,1093.47,969.24,8.89,7.88
82.695.370/0001-55,101401661,"torneira jardim 3/4 (pvc)",700,"ROSAURA ELSA TALAMINI BORSATO - EPP",780,UND,78507,69856.8,100.65,89.56
82.695.370/0001-55,10380202,"Torneira Metal P/ Pia 3/4 Simples, com arejador",703,"ROSAURA ELSA TALAMINI BORSATO - EPP",232,UND,14198.4,12618.48,61.2,54.39
82.695.370/0001-55,101401662,"torneira metal p/ tanque 3/4 (simples)",704,"ROSAURA ELSA TALAMINI BORSATO - EPP",202,UND,9938.4,8835.48,49.2,43.74
82.695.370/0001-55,340100432,"Trena Com Fita Em Fibra De Vidro Aberta  De 30M",707,"ROSAURA ELSA TALAMINI BORSATO - EPP",94,UND,6220.92,5517.8,66.18,58.7
82.695.370/0001-55,10380203,"trilho para disjuntor",709,"ROSAURA ELSA TALAMINI BORSATO - EPP",122,UND,3068.3,2725.48,25.15,22.34
82.695.370/0001-55,101401669,"tubo concreto 20cm (poroso)",711,"ROSAURA ELSA TALAMINI BORSATO - EPP",489,UND,20366.85,18097.89,41.65,37.01
82.695.370/0001-55,10302065,"Tubo descarga p/ valvula",715,"ROSAURA ELSA TALAMINI BORSATO - EPP",181,UND,2923.15,2579.25,16.15,14.25
82.695.370/0001-55,10380205,"Tubo Eletroduto Pvc 1  Preto (Br 3M)",716,"ROSAURA ELSA TALAMINI BORSATO - EPP",166,TB,3026.18,2689.2,18.23,16.2
82.695.370/0001-55,10380206,"Tubo Eletroduto Pvc 1.1/2 (Br 3M)",717,"ROSAURA ELSA TALAMINI BORSATO - EPP",119,TB,4343.5,3860.36,36.5,32.44
82.695.370/0001-55,101401674,"tubo eletroduto pvc 1/2 preto (br 3m)",718,"ROSAURA ELSA TALAMINI BORSATO - EPP",111,TB,1274.28,1132.2,11.48,10.2
82.695.370/0001-55,10380207,"Tubo Eletroduto Pvc 2 (Br 3M)",719,"ROSAURA ELSA TALAMINI BORSATO - EPP",77,TB,3595.9,3198.58,46.7,41.54
82.695.370/0001-55,10303036,"tubo esgoto em PVC 150mm",723,"ROSAURA ELSA TALAMINI BORSATO - EPP",317,TB,79884,36366.24,252,114.72
82.695.370/0001-55,10303033,"tubo esgoto em PVC 50mm",724,"ROSAURA ELSA TALAMINI BORSATO - EPP",715,TB,47190,23094.5,66,32.3
82.695.370/0001-55,340100434,"Tubo Galv. Nbr 5580 1 (2,65Mm) Barra Com 6M",726,"ROSAURA ELSA TALAMINI BORSATO - EPP",105,TB,8599.5,7648.2,81.9,72.84
82.695.370/0001-55,10380208,"Tubo Galv. Nbr 5580 1/2 (2,25Mm) Barra Com 6M",729,"ROSAURA ELSA TALAMINI BORSATO - EPP",105,TB,78750,13032.6,750,124.12
82.695.370/0001-55,10380209,"Tubo Galv. Nbr 5580 2(3,00Mm) Barra Com 6M",730,"ROSAURA ELSA TALAMINI BORSATO - EPP",105,TB,78750,30786,750,293.2
82.695.370/0001-55,10380210,"Tubo Galv. Nbr 5580 2.1/2 (3,35Mm) Barra Com 6M",731,"ROSAURA ELSA TALAMINI BORSATO - EPP",68,TB,60520,24854,890,365.5
82.695.370/0001-55,10367945,"tubo sold. 32mm com bolsa ,barras de 6m em PVC",735,"ROSAURA ELSA TALAMINI BORSATO - EPP",479,BR,26345,13412,55,28
82.695.370/0001-55,10367946,"tubo sold. 40mm com bolsa ,barras de 6m em PVC",736,"ROSAURA ELSA TALAMINI BORSATO - EPP",482,TB,38078,17043.52,79,35.36
82.695.370/0001-55,10367948,"tubo sold. 60mm com bolsa ,barras de 6m em PVC",738,"ROSAURA ELSA TALAMINI BORSATO - EPP",477,TB,58671,32149.8,123,67.4
82.695.370/0001-55,10380212,"tubulação PPR 20",739,"ROSAURA ELSA TALAMINI BORSATO - EPP",270,UND,6642,5907.6,24.6,21.88
82.695.370/0001-55,10303042,"válvula de descarga c/acabamento 1.1/2",740,"ROSAURA ELSA TALAMINI BORSATO - EPP",385,UND,33841.5,30103.15,87.9,78.19
82.695.370/0001-55,10376515,"Válvula gás GLP P45",743,"ROSAURA ELSA TALAMINI BORSATO - EPP",248,UND,34224,30459.36,138,122.82
82.695.370/0001-55,10367949,"válvula pia cozinha pvc cr. 4.1/2 tipo americana",747,"ROSAURA ELSA TALAMINI BORSATO - EPP",232,UND,9604.8,8514.4,41.4,36.7
82.695.370/0001-55,101401727,"vassoura grama de aço c/ cabo regulável",751,"ROSAURA ELSA TALAMINI BORSATO - EPP",395,UND,12008,10688.7,30.4,27.06
82.695.370/0001-55,101401729,"vassourão industrial c/ cabo /cepa pvc",752,"ROSAURA ELSA TALAMINI BORSATO - EPP",354,UND,12779.4,11363.4,36.1,32.1
82.695.370/0001-55,340100437,"Verniz Maritimo Brilhante Incolor",753,"ROSAURA ELSA TALAMINI BORSATO - EPP",363,UND,40365.6,35356.2,111.2,97.4
82.695.370/0001-55,10385934,"brita tipo rosada",756,"ROSAURA ELSA TALAMINI BORSATO - EPP",698,MC,108190,64257.88,155,92.06
82.695.370/0001-55,10385934,"brita tipo rosada",757,"ROSAURA ELSA TALAMINI BORSATO - EPP",232,MC,35960,21357.92,155,92.06
19.654.843/0001-30,10379986,"Abraçadeira 3/4",1,"MARCOS FERNANDES MATERIAIS DE CONSTRUCAO LTDA",637,UND,802.62,681.59,1.26,1.07
19.654.843/0001-30,10379987,"abraçadeira em u",2,"MARCOS FERNANDES MATERIAIS DE CONSTRUCAO LTDA",572,UND,257.4,217.36,0.45,0.38
19.654.843/0001-30,10367823,"abraçadeira pvc eletroduto 3/4",5,"MARCOS FERNANDES MATERIAIS DE CONSTRUCAO LTDA",233,UND,431.05,358.82,1.85,1.54
19.654.843/0001-30,10379988,"abrigo de proteção pra cavalete hidrômetro",6,"MARCOS FERNANDES MATERIAIS DE CONSTRUCAO LTDA",144,UND,11880,9936,82.5,69
19.654.843/0001-30,10379989,"acabamento de valvula hidra",7,"MARCOS FERNANDES MATERIAIS DE CONSTRUCAO LTDA",272,UND,18082.56,15232,66.48,56
19.654.843/0001-30,10385735,"Ácido muriatico, embalagem com 5 litro",9,"MARCOS FERNANDES MATERIAIS DE CONSTRUCAO LTDA",164,UND,5576,4674,34,28.5
19.654.843/0001-30,10302574,"adaptador flange soldável 20 x 1/2",14,"MARCOS FERNANDES MATERIAIS DE CONSTRUCAO LTDA",144,UND,1504.8,1267.2,10.45,8.8
19.654.843/0001-30,10302575,"adaptador flange soldável 25 x 3/4",15,"MARCOS FERNANDES MATERIAIS DE CONSTRUCAO LTDA",149,UND,1756.71,1475.1,11.79,9.9
19.654.843/0001-30,10367829,"adesivo pvc 175gr c/ pincel",19,"MARCOS FERNANDES MATERIAIS DE CONSTRUCAO LTDA",237,UND,4806.36,4064.55,20.28,17.15
19.654.843/0001-30,10302585,"ar 11 s/ roldana",23,"MARCOS FERNANDES MATERIAIS DE CONSTRUCAO LTDA",197,UND,2570.85,2167,13.05,11
19.654.843/0001-30,10367830,"araldite normal Prof. 10min",26,"MARCOS FERNANDES MATERIAIS DE CONSTRUCAO LTDA",141,UND,3438.99,2834.1,24.39,20.1
19.654.843/0001-30,10379990,"Arame Farpado Com Carga De Ruptura Minima De 350Kgf Rolo 250",28,"MARCOS FERNANDES MATERIAIS DE CONSTRUCAO LTDA",29,UND,9222,7801,318,269
19.654.843/0001-30,10379992,"Arame Galvanizado Com Bitola De N° 14 (2,10Mm)",30,"MARCOS FERNANDES MATERIAIS DE CONSTRUCAO LTDA",158,UND,3942.1,3318,24.95,21
19.654.843/0001-30,10379993,"Arame Galvanizado Com Bitola De N° 16 (1,65Mm)",31,"MARCOS FERNANDES MATERIAIS DE CONSTRUCAO LTDA",143,UND,3646.5,3074.5,25.5,21.5
19.654.843/0001-30,10379994,"Arame Galvanizado Com Bitola De N° 20 (0,89Mm)",33,"MARCOS FERNANDES MATERIAIS DE CONSTRUCAO LTDA",87,UND,2784,2340.3,32,26.9
19.654.843/0001-30,10367835,"Arame Recozido para ferragem de construção Civil com aplicaç",34,"MARCOS FERNANDES MATERIAIS DE CONSTRUCAO LTDA",255,UND,9945,5355,39,21
19.654.843/0001-30,10302599,"arco de serra profissional 12´´",36,"MARCOS FERNANDES MATERIAIS DE CONSTRUCAO LTDA",189,UND,5095.44,4252.5,26.96,22.5
19.654.843/0001-30,10379996,"Areia Lavada Tipo Grossa Para Aplicação Em Contra-Piso De Co",41,"MARCOS FERNANDES MATERIAIS DE CONSTRUCAO LTDA",698,M3,83027.1,70498,118.95,101
19.654.843/0001-30,10379996,"Areia Lavada Tipo Grossa Para Aplicação Em Contra-Piso De Co",42,"MARCOS FERNANDES MATERIAIS DE CONSTRUCAO LTDA",232,M3,27596.4,23432,118.95,101
19.654.843/0001-30,101401470,"ARGAMASSA ACII EXTERNA 20KG",45,"MARCOS FERNANDES MATERIAIS DE CONSTRUCAO LTDA",797,UND,14051.11,11795.6,17.63,14.8
19.654.843/0001-30,10379999,"Aro Sem Pneu Com Rolete Ferro 350 X 8",49,"MARCOS FERNANDES MATERIAIS DE CONSTRUCAO LTDA",17,UND,773.5,654.5,45.5,38.5
19.654.843/0001-30,10376502,"Assento Para Vaso Sanitário infantil",52,"MARCOS FERNANDES MATERIAIS DE CONSTRUCAO LTDA",362,UND,22498.3,19077.4,62.15,52.7
19.654.843/0001-30,10302606,"Assento para Vaso Sanitário",53,"MARCOS FERNANDES MATERIAIS DE CONSTRUCAO LTDA",1048,UND,44477.12,37623.2,42.44,35.9
19.654.843/0001-30,10119452,"Balde de ferro galvanizado 10 litros",56,"MARCOS FERNANDES MATERIAIS DE CONSTRUCAO LTDA",311,UND,6531,5504.7,21,17.7
19.654.843/0001-30,10380002,"bardela eucalipto tratada 3,5 x 5 cm",59,"MARCOS FERNANDES MATERIAIS DE CONSTRUCAO LTDA",7279,M,22564.9,19289.35,3.1,2.65
19.654.843/0001-30,10380004,"Barra Roscada Aço Carbono Zincado Branco 6,3mm",61,"MARCOS FERNANDES MATERIAIS DE CONSTRUCAO LTDA",389,M,3462.1,2917.5,8.9,7.5
19.654.843/0001-30,10380005,"Barra Roscada Aço Carbono Zincado Branco 8mm",62,"MARCOS FERNANDES MATERIAIS DE CONSTRUCAO LTDA",389,M,4201.2,3462.1,10.8,8.9
19.654.843/0001-30,10373648,"Basculante aluminio c/ vidro",64,"MARCOS FERNANDES MATERIAIS DE CONSTRUCAO LTDA",67,UND,12194,10251,182,153
19.654.843/0001-30,101402010,"Bloco construção vazado 14x19x39",67,"MARCOS FERNANDES MATERIAIS DE CONSTRUCAO LTDA",3675,UND,19624.5,15067.5,5.34,4.1
19.654.843/0001-30,10380008,"Bloco de elemento vazado composé 39x39x7 cm",69,"MARCOS FERNANDES MATERIAIS DE CONSTRUCAO LTDA",843,UND,21075,17871.6,25,21.2
19.654.843/0001-30,10380009,"Bloco De Iluminação Autonomo Emergencia Led 2 Farois 2000 Lu",70,"MARCOS FERNANDES MATERIAIS DE CONSTRUCAO LTDA",177,UND,41241,34869,233,197
19.654.843/0001-30,101401489,"BOIA PVC 1/2 - CX DAGUA",73,"MARCOS FERNANDES MATERIAIS DE CONSTRUCAO LTDA",327,UND,7030.5,5886,21.5,18
19.654.843/0001-30,10380010,"bóia pvc 1/2 alta vazão",74,"MARCOS FERNANDES MATERIAIS DE CONSTRUCAO LTDA",217,UND,12369,10199,57,47
19.654.843/0001-30,10107414,"BORRACHA WC",76,"MARCOS FERNANDES MATERIAIS DE CONSTRUCAO LTDA",412,UND,1565.6,1314.28,3.8,3.19
19.654.843/0001-30,10302617,"brita nº 01",77,"MARCOS FERNANDES MATERIAIS DE CONSTRUCAO LTDA",622,M3,69471.18,58779,111.69,94.5
19.654.843/0001-30,10302617,"brita nº 01",78,"MARCOS FERNANDES MATERIAIS DE CONSTRUCAO LTDA",207,M3,23119.83,19561.5,111.69,94.5
19.654.843/0001-30,10302619,"broca aço rápido  4mm",79,"MARCOS FERNANDES MATERIAIS DE CONSTRUCAO LTDA",389,UND,1886.65,1575.45,4.85,4.05
19.654.843/0001-30,10302625,"broca aço rápido 10mm",82,"MARCOS FERNANDES MATERIAIS DE CONSTRUCAO LTDA",379,UND,8133.34,6878.85,21.46,18.15
19.654.843/0001-30,10302627,"broca de vídia  6mm",83,"MARCOS FERNANDES MATERIAIS DE CONSTRUCAO LTDA",210,UND,1083.6,913.5,5.16,4.35
19.654.843/0001-30,10302628,"broca de vídia  8mm",84,"MARCOS FERNANDES MATERIAIS DE CONSTRUCAO LTDA",208,UND,2011.36,1695.2,9.67,8.15
19.654.843/0001-30,10298152,"Broca de Vídia 10mm",85,"MARCOS FERNANDES MATERIAIS DE CONSTRUCAO LTDA",208,UND,2882.88,2433.6,13.86,11.7
19.654.843/0001-30,340100398,"Bucha De Nylon 10Mm Convecional",88,"MARCOS FERNANDES MATERIAIS DE CONSTRUCAO LTDA",6900,UND,5382,4416,0.78,0.64
19.654.843/0001-30,340100399,"Bucha De Nylon 6Mm Convecional De Máxima Qualidade Resistent",89,"MARCOS FERNANDES MATERIAIS DE CONSTRUCAO LTDA",6462,UND,1809.36,1550.88,0.28,0.24
19.654.843/0001-30,340100400,"Bucha De Nylon 8Mm Convecional De Máxima Qualidade Resistent",90,"MARCOS FERNANDES MATERIAIS DE CONSTRUCAO LTDA",6900,UND,3036,2208,0.44,0.32
19.654.843/0001-30,10362119,"bucha de redução PVC curta sold. 50 x 40 mm,NBR 5648.",93,"MARCOS FERNANDES MATERIAIS DE CONSTRUCAO LTDA",442,UND,1069.64,884,2.42,2
19.654.843/0001-30,10362122,"bucha de redução PVC curta sold. 60 x 50 mm,NBR 5648.",94,"MARCOS FERNANDES MATERIAIS DE CONSTRUCAO LTDA",430,UND,2747.7,2300.5,6.39,5.35
19.654.843/0001-30,10367840,"bucha de redução PVC longa sold. 50 x 25 mm,NBR 5648.",97,"MARCOS FERNANDES MATERIAIS DE CONSTRUCAO LTDA",427,UND,1550.01,1302.35,3.63,3.05
19.654.843/0001-30,10367843,"bucha de redução PVC longa sold. 75 x 50 mm,NBR 5648.",100,"MARCOS FERNANDES MATERIAIS DE CONSTRUCAO LTDA",367,UND,5149.01,4348.95,14.03,11.85
19.654.843/0001-30,10367844,"bucha redução roscavel 1 x 1/2 pvc",101,"MARCOS FERNANDES MATERIAIS DE CONSTRUCAO LTDA",331,UND,1175.05,993,3.55,3
19.654.843/0001-30,10367845,"bucha redução roscavel 1 x 3/4 pvc",102,"MARCOS FERNANDES MATERIAIS DE CONSTRUCAO LTDA",331,UND,1426.61,1201.53,4.31,3.63
19.654.843/0001-30,10367848,"bucha redução roscavel 2 x 1 pvc",105,"MARCOS FERNANDES MATERIAIS DE CONSTRUCAO LTDA",325,UND,5937.75,5005,18.27,15.4
19.654.843/0001-30,10367849,"bucha redução roscavel 2 x 1.1/2 pvc",106,"MARCOS FERNANDES MATERIAIS DE CONSTRUCAO LTDA",325,UND,9649.25,8173.75,29.69,25.15
19.654.843/0001-30,300101906,"cabo aço galv. a. fibra 1/4",108,"MARCOS FERNANDES MATERIAIS DE CONSTRUCAO LTDA",267,M,1740.84,1468.5,6.52,5.5
19.654.843/0001-30,300101909,"cabo aço galv. a. fibra 5/16",111,"MARCOS FERNANDES MATERIAIS DE CONSTRUCAO LTDA",317,M,4092.47,3455.3,12.91,10.9
19.654.843/0001-30,100100033,"CABO CCI 2 PARES",112,"MARCOS FERNANDES MATERIAIS DE CONSTRUCAO LTDA",637,M,853.58,726.18,1.34,1.14
19.654.843/0001-30,340100401,"Cabo De Enxada Confeccionado Em Madeira Maciça Com Acabament",113,"MARCOS FERNANDES MATERIAIS DE CONSTRUCAO LTDA",329,UND,3763.76,3191.3,11.44,9.7
19.654.843/0001-30,300101912,"cabo de pá de cavar",114,"MARCOS FERNANDES MATERIAIS DE CONSTRUCAO LTDA",315,UND,2816.1,2331,8.94,7.4
19.654.843/0001-30,300101913,"cabo de pá de juntar",115,"MARCOS FERNANDES MATERIAIS DE CONSTRUCAO LTDA",590,UND,6094.7,5103.5,10.33,8.65
19.654.843/0001-30,10380011,"Cabo De Picareta Em Madeira Oval De 90 Cm Com Bucha Plástica",116,"MARCOS FERNANDES MATERIAIS DE CONSTRUCAO LTDA",109,UND,1464.96,1237.15,13.44,11.35
19.654.843/0001-30,10114213,"CABO FLEXIVEL 1,5MM",117,"MARCOS FERNANDES MATERIAIS DE CONSTRUCAO LTDA",8750,M,16187.5,13562.5,1.85,1.55
19.654.843/0001-30,300101919,"cabo flexível 10,0mm",119,"MARCOS FERNANDES MATERIAIS DE CONSTRUCAO LTDA",2168,M,24780.24,20812.8,11.43,9.6
19.654.843/0001-30,10302670,"cabo flexível 2,5mm",120,"MARCOS FERNANDES MATERIAIS DE CONSTRUCAO LTDA",12437,M,37932.85,31714.35,3.05,2.55
19.654.843/0001-30,101400822,"CABO FLEXIVEL 4,0MM",121,"MARCOS FERNANDES MATERIAIS DE CONSTRUCAO LTDA",11062,M,53097.6,44248,4.8,4
19.654.843/0001-30,10380012,"cabo gaiola 23 cm, para rolo epoxi",123,"MARCOS FERNANDES MATERIAIS DE CONSTRUCAO LTDA",134,UND,1693.76,1433.8,12.64,10.7
19.654.843/0001-30,10380013,"Cabo Pp 2 X 1,5Mm",125,"MARCOS FERNANDES MATERIAIS DE CONSTRUCAO LTDA",4981,M,24905,20422.1,5,4.1
19.654.843/0001-30,10302672,"cabo pp 2 x 2,5mm",126,"MARCOS FERNANDES MATERIAIS DE CONSTRUCAO LTDA",4685,M,33825.7,28344.25,7.22,6.05
19.654.843/0001-30,10302675,"cabo rede comp. azul 8 x 24 AWG",130,"MARCOS FERNANDES MATERIAIS DE CONSTRUCAO LTDA",6012,M,15751.44,13226.4,2.62,2.2
19.654.843/0001-30,10302676,"cabo sintenax  2,5mm",131,"MARCOS FERNANDES MATERIAIS DE CONSTRUCAO LTDA",5054,M,13949.04,11624.2,2.76,2.3
19.654.843/0001-30,10302677,"cabo sintenax  4,0mm",132,"MARCOS FERNANDES MATERIAIS DE CONSTRUCAO LTDA",4154,M,15369.8,13002.02,3.7,3.13
19.654.843/0001-30,80800007,"CABO SINTENAX 10MM_1",134,"MARCOS FERNANDES MATERIAIS DE CONSTRUCAO LTDA",2941,M,31380.47,26469,10.67,9
19.654.843/0001-30,10302681,"cadeado em latão maciço  30mm com chaves",136,"MARCOS FERNANDES MATERIAIS DE CONSTRUCAO LTDA",177,UND,3575.4,3009,20.2,17
19.654.843/0001-30,10302680,"cadeado em latão maciço 25mm com chaves",137,"MARCOS FERNANDES MATERIAIS DE CONSTRUCAO LTDA",254,UND,3467.1,2895.6,13.65,11.4
19.654.843/0001-30,10302682,"cadeado em latão maciço 35mm com chaves",138,"MARCOS FERNANDES MATERIAIS DE CONSTRUCAO LTDA",261,UND,6342.3,5376.6,24.3,20.6
19.654.843/0001-30,10302683,"cadeado em latão maciço 40mm com chaves",139,"MARCOS FERNANDES MATERIAIS DE CONSTRUCAO LTDA",182,UND,5236.14,4440.8,28.77,24.4
19.654.843/0001-30,10367952,"CAIXA DE PASSAGEM ENERGIA EMBUTIR 30 X 30",142,"MARCOS FERNANDES MATERIAIS DE CONSTRUCAO LTDA",124,UND,6919.2,5865.2,55.8,47.3
19.654.843/0001-30,10367852,"CAIXA INSPECAO PSASSAGEM ESGOTO",143,"MARCOS FERNANDES MATERIAIS DE CONSTRUCAO LTDA",193,UND,10001.26,8472.7,51.82,43.9
19.654.843/0001-30,10380015,"Cal Para Pintura 8Kg",144,"MARCOS FERNANDES MATERIAIS DE CONSTRUCAO LTDA",904,SC,10170,8497.6,11.25,9.4
19.654.843/0001-30,10380016,"Calha Lampada Led Tubular 2 X 18W",145,"MARCOS FERNANDES MATERIAIS DE CONSTRUCAO LTDA",309,UND,7663.2,6489,24.8,21
19.654.843/0001-30,10380017,"Calha Lampada Led Tubular 2 X 9W",146,"MARCOS FERNANDES MATERIAIS DE CONSTRUCAO LTDA",507,UND,10596.3,8923.2,20.9,17.6
19.654.843/0001-30,10367857,"Canaleta PVC com tampa,largura 20mm altura 10mm e compriment",148,"MARCOS FERNANDES MATERIAIS DE CONSTRUCAO LTDA",692,UND,6089.6,5155.4,8.8,7.45
19.654.843/0001-30,10380019,"canto de forro de pvc, Meia Cana 90º Interno - Branco",152,"MARCOS FERNANDES MATERIAIS DE CONSTRUCAO LTDA",995,UND,4776,4029.75,4.8,4.05
19.654.843/0001-30,10302697,"cap esgoto  75mm",156,"MARCOS FERNANDES MATERIAIS DE CONSTRUCAO LTDA",227,UND,1112.3,928.43,4.9,4.09
19.654.843/0001-30,300101954,"cap esgoto 100mm",157,"MARCOS FERNANDES MATERIAIS DE CONSTRUCAO LTDA",227,UND,1686.61,1418.75,7.43,6.25
19.654.843/0001-30,10302705,"cap soldável 50mm",160,"MARCOS FERNANDES MATERIAIS DE CONSTRUCAO LTDA",232,UND,1160,962.8,5,4.15
19.654.843/0001-30,10302706,"cap soldável 60mm",161,"MARCOS FERNANDES MATERIAIS DE CONSTRUCAO LTDA",222,UND,1982.46,1676.1,8.93,7.55
19.654.843/0001-30,10302709,"carrinho de mão de chapa",162,"MARCOS FERNANDES MATERIAIS DE CONSTRUCAO LTDA",74,UND,25484.12,21608,344.38,292
19.654.843/0001-30,10302717,"centro distrib. pvc ext. p/  1 disjuntor",170,"MARCOS FERNANDES MATERIAIS DE CONSTRUCAO LTDA",26,UND,323.7,274.3,12.45,10.55
19.654.843/0001-30,10367863,"centro distrib. pvc int. p/ 16 a 24 disjuntores",173,"MARCOS FERNANDES MATERIAIS DE CONSTRUCAO LTDA",21,UND,2572.5,2184,122.5,104
19.654.843/0001-30,300101984,"chapa aluminio 20cm",174,"MARCOS FERNANDES MATERIAIS DE CONSTRUCAO LTDA",254,M,3746.5,3175,14.75,12.5
19.654.843/0001-30,300101986,"chapa aluminio 60cm",176,"MARCOS FERNANDES MATERIAIS DE CONSTRUCAO LTDA",258,M,10897.92,9159,42.24,35.5
19.654.843/0001-30,10380022,"Cilindro Fechadura 735/835 Lc Pado",178,"MARCOS FERNANDES MATERIAIS DE CONSTRUCAO LTDA",794,UND,24574.3,20842.5,30.95,26.25
19.654.843/0001-30,10367869,"cj tomada 10A 2p+T ABNT (interna)",183,"MARCOS FERNANDES MATERIAIS DE CONSTRUCAO LTDA",324,UND,4011.12,3369.6,12.38,10.4
19.654.843/0001-30,10367870,"cj tomada 10A 2p+T ABNT sistema X",184,"MARCOS FERNANDES MATERIAIS DE CONSTRUCAO LTDA",364,UND,3778.32,3185,10.38,8.75
19.654.843/0001-30,10367970,"cj tomada telefone RJ11 (interna)",188,"MARCOS FERNANDES MATERIAIS DE CONSTRUCAO LTDA",93,UND,1288.05,1086.24,13.85,11.68
19.654.843/0001-30,10100075,"COLA BRANCA",189,"MARCOS FERNANDES MATERIAIS DE CONSTRUCAO LTDA",198,KG,4583.7,3880.8,23.15,19.6
19.654.843/0001-30,300102006,"convertedor ferrugem 1 litro",197,"MARCOS FERNANDES MATERIAIS DE CONSTRUCAO LTDA",208,LT,6208.8,5262.4,29.85,25.3
19.654.843/0001-30,10380029,"corda trançada 12 mm",200,"MARCOS FERNANDES MATERIAIS DE CONSTRUCAO LTDA",1707,M,5598.96,4694.25,3.28,2.75
19.654.843/0001-30,300102009,"corrente para cadeado 4mm",201,"MARCOS FERNANDES MATERIAIS DE CONSTRUCAO LTDA",244,M,3538,2989,14.5,12.25
19.654.843/0001-30,300102010,"corrente para cadeado 6mm",202,"MARCOS FERNANDES MATERIAIS DE CONSTRUCAO LTDA",264,M,6006,5082,22.75,19.25
19.654.843/0001-30,10367872,"cumeeira de amianto para telhado 6mm x 0,50 15º",205,"MARCOS FERNANDES MATERIAIS DE CONSTRUCAO LTDA",792,UND,40542.48,34412.4,51.19,43.45
19.654.843/0001-30,10302740,"curva esgoto curta  40 x 90º",215,"MARCOS FERNANDES MATERIAIS DE CONSTRUCAO LTDA",198,UND,847.44,712.8,4.28,3.6
19.654.843/0001-30,10302742,"curva esgoto curta  75 x 90º",217,"MARCOS FERNANDES MATERIAIS DE CONSTRUCAO LTDA",243,UND,3776.22,3195.45,15.54,13.15
19.654.843/0001-30,10302746,"cx dágua fibra    310 litros",219,"MARCOS FERNANDES MATERIAIS DE CONSTRUCAO LTDA",98,UND,26264,22148,268,226
19.654.843/0001-30,10297902,"Cx Descarga",222,"MARCOS FERNANDES MATERIAIS DE CONSTRUCAO LTDA",507,UND,19012.5,15970.5,37.5,31.5
19.654.843/0001-30,300102036,"cx luz 2x4 (pvc)",223,"MARCOS FERNANDES MATERIAIS DE CONSTRUCAO LTDA",218,UND,538.46,453.44,2.47,2.08
19.654.843/0001-30,10302756,"cx sifonada 100 x 50",227,"MARCOS FERNANDES MATERIAIS DE CONSTRUCAO LTDA",117,UND,1742.13,1462.5,14.89,12.5
19.654.843/0001-30,10302757,"cx sifonada 150 x 50",228,"MARCOS FERNANDES MATERIAIS DE CONSTRUCAO LTDA",127,UND,3987.8,3365.5,31.4,26.5
19.654.843/0001-30,10380036,"Disjuntor DR bipolar de 30 amperes",237,"MARCOS FERNANDES MATERIAIS DE CONSTRUCAO LTDA",93,UND,13392,11346,144,122
19.654.843/0001-30,10380038,"Disjuntor DR tripolar de 40 a 63 amperes",239,"MARCOS FERNANDES MATERIAIS DE CONSTRUCAO LTDA",83,UND,14525,12284,175,148
19.654.843/0001-30,10380039,"Disjuntor Termomagnético Monofásico Nema De 10A",240,"MARCOS FERNANDES MATERIAIS DE CONSTRUCAO LTDA",58,UND,812,567.82,14,9.79
19.654.843/0001-30,10380040,"Disjuntor Termomagnético Monofásico  Nema De 20A",241,"MARCOS FERNANDES MATERIAIS DE CONSTRUCAO LTDA",82,UND,1148,832.3,14,10.15
19.654.843/0001-30,10376506,"Dispenser Sabonete Líquida de parede",247,"MARCOS FERNANDES MATERIAIS DE CONSTRUCAO LTDA",782,UND,32413.9,27370,41.45,35
19.654.843/0001-30,10380046,"dispositivo proteção de surto DPS;",248,"MARCOS FERNANDES MATERIAIS DE CONSTRUCAO LTDA",228,UND,11956.32,10134.6,52.44,44.45
19.654.843/0001-30,300102070,"durepox 250gr",253,"MARCOS FERNANDES MATERIAIS DE CONSTRUCAO LTDA",170,UND,3910,3298,23,19.4
19.654.843/0001-30,10380049,"Eletroduto Flexível Corrugado 25Mm Amarelo Bitola 3/4´´",256,"MARCOS FERNANDES MATERIAIS DE CONSTRUCAO LTDA",397,M,1599.91,1349.8,4.03,3.4
19.654.843/0001-30,10380050,"Eletroduto Flexivel Corrugado 25Mm Laranja Bitola 3/4´´",257,"MARCOS FERNANDES MATERIAIS DE CONSTRUCAO LTDA",397,M,1746.8,1449.05,4.4,3.65
19.654.843/0001-30,10302787,"escova aço com cabo",261,"MARCOS FERNANDES MATERIAIS DE CONSTRUCAO LTDA",163,UND,1998.38,1678.9,12.26,10.3
19.654.843/0001-30,10303050,"Espelho cedro 12 cm",262,"MARCOS FERNANDES MATERIAIS DE CONSTRUCAO LTDA",805,UND,14288.75,12638.5,17.75,15.7
19.654.843/0001-30,340100403,"Espuma expansiva de poliuretano",264,"MARCOS FERNANDES MATERIAIS DE CONSTRUCAO LTDA",233,TB,7027.28,5962.47,30.16,25.59
19.654.843/0001-30,10114636,"Fechadura Interna Cromada",266,"MARCOS FERNANDES MATERIAIS DE CONSTRUCAO LTDA",283,UND,8490,7188.2,30,25.4
19.654.843/0001-30,300102100,"fechadura para WC",268,"MARCOS FERNANDES MATERIAIS DE CONSTRUCAO LTDA",442,UND,15470,13083.2,35,29.6
19.654.843/0001-30,300102101,"Fechadura cilíndrica porta divisória",269,"MARCOS FERNANDES MATERIAIS DE CONSTRUCAO LTDA",417,UND,28356,23977.5,68,57.5
19.654.843/0001-30,340100405,"Fechadura Porta (Maçaneta Tipo L)",271,"MARCOS FERNANDES MATERIAIS DE CONSTRUCAO LTDA",508,UND,27320.24,23114,53.78,45.5
19.654.843/0001-30,10302808,"ferro construção 1/2       12m",275,"MARCOS FERNANDES MATERIAIS DE CONSTRUCAO LTDA",223,BR,29745.97,25254.75,133.39,113.25
19.654.843/0001-30,10302809,"ferro construção 1/4       12m",276,"MARCOS FERNANDES MATERIAIS DE CONSTRUCAO LTDA",755,BR,42219.6,35787,55.92,47.4
19.654.843/0001-30,10302811,"ferro construção 4,2       12m",278,"MARCOS FERNANDES MATERIAIS DE CONSTRUCAO LTDA",575,BR,14449.75,12218.75,25.13,21.25
19.654.843/0001-30,10302812,"ferro construção 5/16     12m",279,"MARCOS FERNANDES MATERIAIS DE CONSTRUCAO LTDA",387,BR,30573,25890.3,79,66.9
19.654.843/0001-30,10380055,"Fio Elétrico Tipo Flexível Bitola 2 X 1,5Mm Paralelo Cor Bra",283,"MARCOS FERNANDES MATERIAIS DE CONSTRUCAO LTDA",5966,M,23565.7,19389.5,3.95,3.25
19.654.843/0001-30,10380056,"Fio Elétrico Tipo Flexível Bitola 2 X 2,5Mm Paralelo Cor Bra",284,"MARCOS FERNANDES MATERIAIS DE CONSTRUCAO LTDA",10441,M,64003.33,54084.38,6.13,5.18
19.654.843/0001-30,10380062,"fita antiderrapente 5 cmx5 mt",290,"MARCOS FERNANDES MATERIAIS DE CONSTRUCAO LTDA",107,RL,4435.15,3766.4,41.45,35.2
19.654.843/0001-30,10367892,"fita crepe 25mm x 50mt",292,"MARCOS FERNANDES MATERIAIS DE CONSTRUCAO LTDA",427,RL,4697,3928.4,11,9.2
19.654.843/0001-30,10367893,"fita crepe 50mm x 50mt",293,"MARCOS FERNANDES MATERIAIS DE CONSTRUCAO LTDA",389,RL,7391,6146.2,19,15.8
19.654.843/0001-30,10380063,"fita dupla face externa 19 mmx2 mts",294,"MARCOS FERNANDES MATERIAIS DE CONSTRUCAO LTDA",227,RL,7724.81,6356,34.03,28
19.654.843/0001-30,10380064,"fita dupla face interna 12 mmx2 mts",295,"MARCOS FERNANDES MATERIAIS DE CONSTRUCAO LTDA",198,RL,5395.5,4356,27.25,22
19.654.843/0001-30,300102081,"fita sinalização zebrada 7cm x 200m",297,"MARCOS FERNANDES MATERIAIS DE CONSTRUCAO LTDA",303,RL,5190.39,4378.35,17.13,14.45
19.654.843/0001-30,101401740,"fita veda rosca 18 x 25 mt",298,"MARCOS FERNANDES MATERIAIS DE CONSTRUCAO LTDA",492,RL,3567,2976.6,7.25,6.05
19.654.843/0001-30,10376520,"Forro De Pvc 100Mm(Conforme Nbr 14285-Perfil De Pvc Rígidos",301,"MARCOS FERNANDES MATERIAIS DE CONSTRUCAO LTDA",3159,M2,87567.48,74078.55,27.72,23.45
19.654.843/0001-30,10376520,"Forro De Pvc 100Mm(Conforme Nbr 14285-Perfil De Pvc Rígidos",302,"MARCOS FERNANDES MATERIAIS DE CONSTRUCAO LTDA",1053,M2,29189.16,24692.85,27.72,23.45
19.654.843/0001-30,10380067,"grelha de ralo em inox 100",310,"MARCOS FERNANDES MATERIAIS DE CONSTRUCAO LTDA",144,UND,5328,4320,37,30
19.654.843/0001-30,10302836,"Impermeabilizante  para argamassa e concreto 3,6 litros",313,"MARCOS FERNANDES MATERIAIS DE CONSTRUCAO LTDA",407,GAL,11396,9564.5,28,23.5
19.654.843/0001-30,10380068,"Impermeabilizante Manta Líquida Branca 18kg",314,"MARCOS FERNANDES MATERIAIS DE CONSTRUCAO LTDA",198,BLD,51876,44055,262,222.5
19.654.843/0001-30,10360470,"INTER. EMB 1 TEC-SIMPLES 006-ES",316,"MARCOS FERNANDES MATERIAIS DE CONSTRUCAO LTDA",122,UND,1376.16,1159,11.28,9.5
19.654.843/0001-30,10360472,"INTER. EMB 2 TEC-SIMPLES 007-ES",318,"MARCOS FERNANDES MATERIAIS DE CONSTRUCAO LTDA",147,UND,2487.24,2102.1,16.92,14.3
19.654.843/0001-30,10380069,"interruptor 3 teclas",321,"MARCOS FERNANDES MATERIAIS DE CONSTRUCAO LTDA",102,UND,1836,1554.48,18,15.24
19.654.843/0001-30,10367896,"janela mad. mista tipo guilhotina c/ veneziana 1,00x1,10m fe",322,"MARCOS FERNANDES MATERIAIS DE CONSTRUCAO LTDA",36,UND,13896,11808,386,328
19.654.843/0001-30,10302847,"joelho hidraúlico para esgoto  100x 90º",326,"MARCOS FERNANDES MATERIAIS DE CONSTRUCAO LTDA",439,UND,3661.26,3094.95,8.34,7.05
19.654.843/0001-30,10302841,"joelho hidraúlico para esgoto  40 x 90º",328,"MARCOS FERNANDES MATERIAIS DE CONSTRUCAO LTDA",439,UND,1097.5,899.95,2.5,2.05
19.654.843/0001-30,10302842,"joelho hidraúlico para esgoto  50 x 45º",329,"MARCOS FERNANDES MATERIAIS DE CONSTRUCAO LTDA",447,UND,1801.41,1497.45,4.03,3.35
19.654.843/0001-30,10380070,"Joelho Hidraúlico Para Esgoto  50 X 90",330,"MARCOS FERNANDES MATERIAIS DE CONSTRUCAO LTDA",439,UND,1900.87,1602.35,4.33,3.65
19.654.843/0001-30,101400972,"JOELHO LR 25 x 1/2",334,"MARCOS FERNANDES MATERIAIS DE CONSTRUCAO LTDA",407,UND,1872.2,1566.95,4.6,3.85
19.654.843/0001-30,10371001,"JOELHO LR 25 X 3/4",335,"MARCOS FERNANDES MATERIAIS DE CONSTRUCAO LTDA",407,UND,895.4,752.95,2.2,1.85
19.654.843/0001-30,101401767,"joelho LR azul c/ bucha metal 25 x 1/2",337,"MARCOS FERNANDES MATERIAIS DE CONSTRUCAO LTDA",223,UND,1338,1115,6,5
19.654.843/0001-30,101401769,"joelho soldável 25 x 45º",341,"MARCOS FERNANDES MATERIAIS DE CONSTRUCAO LTDA",795,UND,1272,1033.5,1.6,1.3
19.654.843/0001-30,101401770,"joelho soldável 25 x 90º",342,"MARCOS FERNANDES MATERIAIS DE CONSTRUCAO LTDA",795,UND,779.1,636,0.98,0.8
19.654.843/0001-30,10302850,"joelho soldável 40 x 90º",345,"MARCOS FERNANDES MATERIAIS DE CONSTRUCAO LTDA",104,UND,488.8,410.8,4.7,3.95
19.654.843/0001-30,101401774,"joelho soldável 50 x 45º",346,"MARCOS FERNANDES MATERIAIS DE CONSTRUCAO LTDA",139,UND,667.2,562.95,4.8,4.05
19.654.843/0001-30,101401775,"joelho soldável 50 x 90º",347,"MARCOS FERNANDES MATERIAIS DE CONSTRUCAO LTDA",228,UND,1322.4,1117.2,5.8,4.9
19.654.843/0001-30,101401780,"junção esgoto Y  75 x 50mm",352,"MARCOS FERNANDES MATERIAIS DE CONSTRUCAO LTDA",73,UND,693.5,584,9.5,8
19.654.843/0001-30,101401781,"junção esgoto Y 100 x 50mm",353,"MARCOS FERNANDES MATERIAIS DE CONSTRUCAO LTDA",153,UND,1707.48,1438.2,11.16,9.4
19.654.843/0001-30,101401782,"junção esgoto Y 50mm",354,"MARCOS FERNANDES MATERIAIS DE CONSTRUCAO LTDA",103,UND,806.49,669.5,7.83,6.5
19.654.843/0001-30,10299650,"Laje pré-moldada (vigote e Tapuia)",359,"MARCOS FERNANDES MATERIAIS DE CONSTRUCAO LTDA",677,M2,45291.3,38487.45,66.9,56.85
19.654.843/0001-30,10380075,"Lâmpada bulbo led 12w bivolt branca",360,"MARCOS FERNANDES MATERIAIS DE CONSTRUCAO LTDA",627,UND,8740.38,7398.6,13.94,11.8
19.654.843/0001-30,10380076,"Lâmpada bulbo led 15w bivolt branca",361,"MARCOS FERNANDES MATERIAIS DE CONSTRUCAO LTDA",627,UND,11411.4,9655.8,18.2,15.4
19.654.843/0001-30,10380077,"Lâmpada bulbo led 9w bivolt branca",362,"MARCOS FERNANDES MATERIAIS DE CONSTRUCAO LTDA",647,UND,6774.09,5661.25,10.47,8.75
19.654.843/0001-30,10371600,"LAMPADA LED TUBULAR 18W 6500K",370,"MARCOS FERNANDES MATERIAIS DE CONSTRUCAO LTDA",3171,UND,122083.5,87836.7,38.5,27.7
19.654.843/0001-30,10371600,"LAMPADA LED TUBULAR 18W 6500K",371,"MARCOS FERNANDES MATERIAIS DE CONSTRUCAO LTDA",1057,UND,40694.5,29278.9,38.5,27.7
19.654.843/0001-30,10371601,"LAMPADA LED TUBULAR 9W 6500K",372,"MARCOS FERNANDES MATERIAIS DE CONSTRUCAO LTDA",2090,UND,40859.5,34485,19.55,16.5
19.654.843/0001-30,10302861,"ligação flexível 30cm (pvc)",378,"MARCOS FERNANDES MATERIAIS DE CONSTRUCAO LTDA",555,UND,2719.5,2303.25,4.9,4.15
19.654.843/0001-30,101401785,"Ligação Flexível 50cm (PVC)",379,"MARCOS FERNANDES MATERIAIS DE CONSTRUCAO LTDA",615,UND,4920,3997.5,8,6.5
19.654.843/0001-30,10380078,"limpa fácil pós obra.",380,"MARCOS FERNANDES MATERIAIS DE CONSTRUCAO LTDA",497,UND,21684.11,18433.73,43.63,37.09
19.654.843/0001-30,101400735,"LONA PLASTICA PRETA",394,"MARCOS FERNANDES MATERIAIS DE CONSTRUCAO LTDA",8800,M,20504,16720,2.33,1.9
19.654.843/0001-30,10380090,"luva de correr esgoto 40mm",399,"MARCOS FERNANDES MATERIAIS DE CONSTRUCAO LTDA",203,UND,1833.09,1552.95,9.03,7.65
19.654.843/0001-30,10380091,"luva de correr esgoto 50mm",400,"MARCOS FERNANDES MATERIAIS DE CONSTRUCAO LTDA",203,UND,2302.02,1796.55,11.34,8.85
19.654.843/0001-30,10380092,"luva de correr esgoto 75mm",401,"MARCOS FERNANDES MATERIAIS DE CONSTRUCAO LTDA",203,UND,2691.78,2273.6,13.26,11.2
19.654.843/0001-30,10380095,"luva de correr pvc soldável 32mm",404,"MARCOS FERNANDES MATERIAIS DE CONSTRUCAO LTDA",203,UND,3207.4,2334.5,15.8,11.5
19.654.843/0001-30,10380098,"luva de correr pvc soldável 50mm",406,"MARCOS FERNANDES MATERIAIS DE CONSTRUCAO LTDA",203,UND,5054.7,3451,24.9,17
19.654.843/0001-30,100400549,"Luva eletroduto 1 preta",408,"MARCOS FERNANDES MATERIAIS DE CONSTRUCAO LTDA",197,UND,443.25,384.15,2.25,1.95
19.654.843/0001-30,10302888,"luva esgoto  40mm",413,"MARCOS FERNANDES MATERIAIS DE CONSTRUCAO LTDA",223,UND,392.48,327.81,1.76,1.47
19.654.843/0001-30,10302889,"luva esgoto  50mm",414,"MARCOS FERNANDES MATERIAIS DE CONSTRUCAO LTDA",217,UND,848.47,716.1,3.91,3.3
19.654.843/0001-30,10302890,"luva esgoto  75mm",415,"MARCOS FERNANDES MATERIAIS DE CONSTRUCAO LTDA",217,UND,1282.47,1085,5.91,5
19.654.843/0001-30,100400554,"Luva esgoto 100mm",416,"MARCOS FERNANDES MATERIAIS DE CONSTRUCAO LTDA",217,UND,1603.63,1356.25,7.39,6.25
19.654.843/0001-30,10302894,"luva LR 25 x 1/2",419,"MARCOS FERNANDES MATERIAIS DE CONSTRUCAO LTDA",233,UND,498.62,419.4,2.14,1.8
19.654.843/0001-30,10103278,"LUVA SOLDAVEL 25MM",425,"MARCOS FERNANDES MATERIAIS DE CONSTRUCAO LTDA",372,UND,453.84,372,1.22,1
19.654.843/0001-30,80800044,"Luva soldável 32mm",426,"MARCOS FERNANDES MATERIAIS DE CONSTRUCAO LTDA",462,UND,1270.5,1062.6,2.75,2.3
19.654.843/0001-30,100400569,"Luva soldavel 50mm",428,"MARCOS FERNANDES MATERIAIS DE CONSTRUCAO LTDA",392,UND,2250.08,1901.2,5.74,4.85
19.654.843/0001-30,10380100,"mangueira de gás P13 trançada inmetro",431,"MARCOS FERNANDES MATERIAIS DE CONSTRUCAO LTDA",228,UND,3499.8,2964,15.35,13
19.654.843/0001-30,110200050,"Mangueira gás 1,25m trançada",432,"MARCOS FERNANDES MATERIAIS DE CONSTRUCAO LTDA",718,UND,7682.6,6462,10.7,9
19.654.843/0001-30,10302898,"mangueira jardim 30m 1/2 (borracha)",435,"MARCOS FERNANDES MATERIAIS DE CONSTRUCAO LTDA",257,RL,38807,32973.1,151,128.3
19.654.843/0001-30,10367904,"mangueira preta 1/2 x 1,5mm",437,"MARCOS FERNANDES MATERIAIS DE CONSTRUCAO LTDA",625,M,1156.25,968.75,1.85,1.55
19.654.843/0001-30,10367905,"mangueira preta 3/4 x 1,5mm",438,"MARCOS FERNANDES MATERIAIS DE CONSTRUCAO LTDA",635,M,1917.7,1619.25,3.02,2.55
19.654.843/0001-30,10380101,"Mangueira reforçada para gás GLP p13 com rosca externa",439,"MARCOS FERNANDES MATERIAIS DE CONSTRUCAO LTDA",223,M,19624,16479.7,88,73.9
19.654.843/0001-30,10380102,"Mangueira reforçada para gás GLP p13 com rosca interna",440,"MARCOS FERNANDES MATERIAIS DE CONSTRUCAO LTDA",187,M,16456,13819.3,88,73.9
19.654.843/0001-30,100400572,"Manta asfaltica alum. adesiva 10cm",443,"MARCOS FERNANDES MATERIAIS DE CONSTRUCAO LTDA",2305,M,7191.6,6062.15,3.12,2.63
19.654.843/0001-30,10302900,"manta asfáltica alum. adesiva 20cm",444,"MARCOS FERNANDES MATERIAIS DE CONSTRUCAO LTDA",11300,M,75710,63280,6.7,5.6
19.654.843/0001-30,10376512,"Mão-francesa reforçada 10cm",446,"MARCOS FERNANDES MATERIAIS DE CONSTRUCAO LTDA",265,UND,1311.75,1139.5,4.95,4.3
19.654.843/0001-30,10376510,"Mão-francesa reforçada 40cm",449,"MARCOS FERNANDES MATERIAIS DE CONSTRUCAO LTDA",245,UND,9420.25,8207.5,38.45,33.5
19.654.843/0001-30,100400579,"Marco cedro 0,80 x 2,10 x 0,16",452,"MARCOS FERNANDES MATERIAIS DE CONSTRUCAO LTDA",222,UND,39738,33721.8,179,151.9
19.654.843/0001-30,10302904,"martelo carpinteiro tipo unha",453,"MARCOS FERNANDES MATERIAIS DE CONSTRUCAO LTDA",152,UND,7194.16,6064.8,47.33,39.9
19.654.843/0001-30,10380104,"Massa Pronta para assentamentos de blocos de concreto e cerâ",457,"MARCOS FERNANDES MATERIAIS DE CONSTRUCAO LTDA",1147,SC,13890.17,11699.4,12.11,10.2
19.654.843/0001-30,10109536,"NIPEL 1/2",462,"MARCOS FERNANDES MATERIAIS DE CONSTRUCAO LTDA",193,UND,248.97,212.3,1.29,1.1
19.654.843/0001-30,10377847,"NIPEL ROSCAVEL 1/2",465,"MARCOS FERNANDES MATERIAIS DE CONSTRUCAO LTDA",223,UND,289.9,240.84,1.3,1.08
19.654.843/0001-30,10380110,"nipel roscável 3/4",468,"MARCOS FERNANDES MATERIAIS DE CONSTRUCAO LTDA",223,UND,452.69,381.33,2.03,1.71
19.654.843/0001-30,10380111,"Pá De Corte (Cortadeira) Com Cabo De Madeira.",469,"MARCOS FERNANDES MATERIAIS DE CONSTRUCAO LTDA",103,UND,4255.96,3605,41.32,35
19.654.843/0001-30,10380112,"Parafusadeira e furadeira à bateria: mandril sem chave 1/2",470,"MARCOS FERNANDES MATERIAIS DE CONSTRUCAO LTDA",18,UND,10240.92,8640,568.94,480
19.654.843/0001-30,101401509,"Parafuso aço rosca soberba 4,2 x 50",472,"MARCOS FERNANDES MATERIAIS DE CONSTRUCAO LTDA",7912,UND,1661.52,1424.16,0.21,0.18
19.654.843/0001-30,10367906,"parafuso flangeado agulha 4,2 x 13 (forro)",474,"MARCOS FERNANDES MATERIAIS DE CONSTRUCAO LTDA",2942,UND,205.94,176.52,0.07,0.06
19.654.843/0001-30,10367907,"parafuso fz 4,2 x 32",475,"MARCOS FERNANDES MATERIAIS DE CONSTRUCAO LTDA",10112,UND,1314.56,910.08,0.13,0.09
19.654.843/0001-30,101401513,"Parafuso fz 4,2 x 38",476,"MARCOS FERNANDES MATERIAIS DE CONSTRUCAO LTDA",6912,UND,1244.16,1036.8,0.18,0.15
19.654.843/0001-30,101401514,"Parafuso fz 4,8 x 50mm",477,"MARCOS FERNANDES MATERIAIS DE CONSTRUCAO LTDA",6812,UND,1362.4,1158.04,0.2,0.17
19.654.843/0001-30,10302924,"parafuso p/ wc  8mm latão cr.",480,"MARCOS FERNANDES MATERIAIS DE CONSTRUCAO LTDA",2968,PAR,12317.2,10328.64,4.15,3.48
19.654.843/0001-30,10302925,"parafuso p/ wc 10mm latão cr.",481,"MARCOS FERNANDES MATERIAIS DE CONSTRUCAO LTDA",3868,PAR,33651.6,28429.8,8.7,7.35
19.654.843/0001-30,10380114,"Parafuso: cabeça chata",482,"MARCOS FERNANDES MATERIAIS DE CONSTRUCAO LTDA",1030,UND,36050,29767,35,28.9
19.654.843/0001-30,10367960,"piso cerâmico 45 x 45 A PEI-5 (chão)",490,"MARCOS FERNANDES MATERIAIS DE CONSTRUCAO LTDA",2187,M2,51394.5,36632.25,23.5,16.75
19.654.843/0001-30,10380120,"Piso Cerâmico 50 X 50 A Pei-4 (Chão)",491,"MARCOS FERNANDES MATERIAIS DE CONSTRUCAO LTDA",2137,M2,50219.5,41350.95,23.5,19.35
19.654.843/0001-30,10380123,"piso tátil alerta de concreto, vermelho, 45x45x2,5 cm",494,"MARCOS FERNANDES MATERIAIS DE CONSTRUCAO LTDA",516,M2,31476,26574,61,51.5
19.654.843/0001-30,10380124,"piso tátil direcional de concreto, vermelho, 45x45x2,5 cm",495,"MARCOS FERNANDES MATERIAIS DE CONSTRUCAO LTDA",635,M2,38735,32702.5,61,51.5
19.654.843/0001-30,10380125,"placa cega 4x2, branca,",496,"MARCOS FERNANDES MATERIAIS DE CONSTRUCAO LTDA",200,UND,844,710,4.22,3.55
19.654.843/0001-30,10367961,"PLAFON BRANCO 100W",498,"MARCOS FERNANDES MATERIAIS DE CONSTRUCAO LTDA",402,UND,2086.38,1748.7,5.19,4.35
19.654.843/0001-30,10367912,"plugue tomada 2p+t 10A (macho)",503,"MARCOS FERNANDES MATERIAIS DE CONSTRUCAO LTDA",109,UND,592.96,495.95,5.44,4.55
19.654.843/0001-30,10367911,"plugue tomada 3 saídas (TE) 10A",504,"MARCOS FERNANDES MATERIAIS DE CONSTRUCAO LTDA",109,UND,872,735.75,8,6.75
19.654.843/0001-30,10302945,"pneu carrinho de mão 350 x 8 (4 lonas)",508,"MARCOS FERNANDES MATERIAIS DE CONSTRUCAO LTDA",32,UND,1142.4,960,35.7,30
19.654.843/0001-30,10380129,"porca p 1/4",509,"MARCOS FERNANDES MATERIAIS DE CONSTRUCAO LTDA",2117,UND,296.38,254.04,0.14,0.12
19.654.843/0001-30,10380130,"Porta Cadeado Fz 3.1/2 X 89Mm",510,"MARCOS FERNANDES MATERIAIS DE CONSTRUCAO LTDA",53,UND,418.7,352.45,7.9,6.65
19.654.843/0001-30,101401565,"Porta cadeado fz 4.1/2",511,"MARCOS FERNANDES MATERIAIS DE CONSTRUCAO LTDA",53,UND,389.55,325.95,7.35,6.15
19.654.843/0001-30,10302948,"porta ext.almof. cedro 0,80 x 2,10",514,"MARCOS FERNANDES MATERIAIS DE CONSTRUCAO LTDA",127,UND,100330,84963,790,669
19.654.843/0001-30,10302948,"porta ext.almof. cedro 0,80 x 2,10",515,"MARCOS FERNANDES MATERIAIS DE CONSTRUCAO LTDA",42,UND,33180,28098,790,669
19.654.843/0001-30,10376501,"Porta externa lisa maciça cedro, 0,80X2,10 m",516,"MARCOS FERNANDES MATERIAIS DE CONSTRUCAO LTDA",193,UND,152470,129117,790,669
19.654.843/0001-30,10376501,"Porta externa lisa maciça cedro, 0,80X2,10 m",517,"MARCOS FERNANDES MATERIAIS DE CONSTRUCAO LTDA",64,UND,50560,42816,790,669
19.654.843/0001-30,100400607,"porta sabonete líquida externa (acrílico)",524,"MARCOS FERNANDES MATERIAIS DE CONSTRUCAO LTDA",218,UND,10878.2,9156,49.9,42
19.654.843/0001-30,100400608,"porta sanfonada 80 x 2,10 (pvc)",525,"MARCOS FERNANDES MATERIAIS DE CONSTRUCAO LTDA",59,UND,7906,6667,134,113
19.654.843/0001-30,10380135,"Prego Com Cabeça 10X10,Pacote De 01 Kg Em Aço",535,"MARCOS FERNANDES MATERIAIS DE CONSTRUCAO LTDA",163,KG,5705,4482.5,35,27.5
19.654.843/0001-30,10380136,"Prego Com Cabeça 12X12,Pacote De 01 Kg Em Aço",536,"MARCOS FERNANDES MATERIAIS DE CONSTRUCAO LTDA",355,KG,11005,8555.5,31,24.1
19.654.843/0001-30,10380137,"Prego Com Cabeça 14X18,Pacote De 01 Kg Em Aço",537,"MARCOS FERNANDES MATERIAIS DE CONSTRUCAO LTDA",493,KG,13804,10648.8,28,21.6
19.654.843/0001-30,10380138,"Prego Com Cabeça 16X21,Pacote De 01 Kg Em Aço",538,"MARCOS FERNANDES MATERIAIS DE CONSTRUCAO LTDA",513,KG,13338,9234,26,18
19.654.843/0001-30,10380139,"Prego Com Cabeça 17X27,Pacote De 01 Kg Em Aço",539,"MARCOS FERNANDES MATERIAIS DE CONSTRUCAO LTDA",1545,KG,40170,29355,26,19
19.654.843/0001-30,10380141,"Prego Com Cabeça 19X36,Pacote De 01 Kg Em Aço",541,"MARCOS FERNANDES MATERIAIS DE CONSTRUCAO LTDA",513,KG,13338,9747,26,19
19.654.843/0001-30,10380143,"Prego Com Cabeça 22X48,Pacote De 01 Kg Em Aço",543,"MARCOS FERNANDES MATERIAIS DE CONSTRUCAO LTDA",69,KG,2139,1449,31,21
19.654.843/0001-30,10380144,"Prego Com Cabeça 25X72,Pacote De 01 Kg Em Aço",544,"MARCOS FERNANDES MATERIAIS DE CONSTRUCAO LTDA",1425,KG,45600,35625,32,25
19.654.843/0001-30,101401576,"prego forro galv. 13 x 10",545,"MARCOS FERNANDES MATERIAIS DE CONSTRUCAO LTDA",74,KG,2412.4,1983.2,32.6,26.8
19.654.843/0001-30,10380145,"Prego: com cabeça 14x18 1.1/ 2x14",547,"MARCOS FERNANDES MATERIAIS DE CONSTRUCAO LTDA",59,KG,1472.05,1244.9,24.95,21.1
19.654.843/0001-30,10380146,"ralo escamulteável em inox redondo, diâmetro 10 cm",548,"MARCOS FERNANDES MATERIAIS DE CONSTRUCAO LTDA",139,UND,2375.51,2001.6,17.09,14.4
19.654.843/0001-30,10119459,"Rebite alumínio 4,0 x 10mm",551,"MARCOS FERNANDES MATERIAIS DE CONSTRUCAO LTDA",3182,UND,1431.9,1209.16,0.45,0.38
19.654.843/0001-30,10380147,"redução de 100 p/ 50",552,"MARCOS FERNANDES MATERIAIS DE CONSTRUCAO LTDA",135,UND,1350,1120.5,10,8.3
19.654.843/0001-30,10302982,"refletor alumínio 400w retang. E40",555,"MARCOS FERNANDES MATERIAIS DE CONSTRUCAO LTDA",101,UND,16003.45,13534,158.45,134
19.654.843/0001-30,10380149,"refletor de led 50",556,"MARCOS FERNANDES MATERIAIS DE CONSTRUCAO LTDA",133,UND,15175.3,12502,114.1,94
19.654.843/0001-30,10380150,"Refletor Micro LED Ultra 100w",557,"MARCOS FERNANDES MATERIAIS DE CONSTRUCAO LTDA",118,UND,20509.58,17228,173.81,146
19.654.843/0001-30,10380151,"Refletor Micro LED Ultra 50w",558,"MARCOS FERNANDES MATERIAIS DE CONSTRUCAO LTDA",118,UND,17854.58,15092.2,151.31,127.9
19.654.843/0001-30,300101929,"registro pvc esfera 20mm",559,"MARCOS FERNANDES MATERIAIS DE CONSTRUCAO LTDA",193,UND,1725.42,1428.2,8.94,7.4
19.654.843/0001-30,300101930,"registro pvc esfera 25mm",560,"MARCOS FERNANDES MATERIAIS DE CONSTRUCAO LTDA",208,UND,2766.4,2340,13.3,11.25
19.654.843/0001-30,300101932,"registro pvc esfera 32mm",561,"MARCOS FERNANDES MATERIAIS DE CONSTRUCAO LTDA",198,UND,4910.4,4138.2,24.8,20.9
19.654.843/0001-30,300101933,"registro pvc esfera 50mm",562,"MARCOS FERNANDES MATERIAIS DE CONSTRUCAO LTDA",203,UND,7283.64,6150.9,35.88,30.3
19.654.843/0001-30,10367917,"régua alumínio 2m x 5cm",565,"MARCOS FERNANDES MATERIAIS DE CONSTRUCAO LTDA",8,UND,477.44,404,59.68,50.5
19.654.843/0001-30,10380153,"regulador de gás médio com manômetro P13",566,"MARCOS FERNANDES MATERIAIS DE CONSTRUCAO LTDA",233,UND,38445,32387,165,139
19.654.843/0001-30,10115151,"REJUNTE PARA CERAMICA",568,"MARCOS FERNANDES MATERIAIS DE CONSTRUCAO LTDA",2165,KG,10392,8789.9,4.8,4.06
19.654.843/0001-30,10367918,"rele fotoelétrico 1000w Eletronico",569,"MARCOS FERNANDES MATERIAIS DE CONSTRUCAO LTDA",610,UND,18971,15860,31.1,26
19.654.843/0001-30,100800862,"removedor tintas 900ML",570,"MARCOS FERNANDES MATERIAIS DE CONSTRUCAO LTDA",248,LAT,9920,8308,40,33.5
19.654.843/0001-30,101401999,"reparo para válvula descarga",572,"MARCOS FERNANDES MATERIAIS DE CONSTRUCAO LTDA",407,UND,16280,13756.6,40,33.8
19.654.843/0001-30,10380155,"reparo universal para caixa de descarga acoplada",573,"MARCOS FERNANDES MATERIAIS DE CONSTRUCAO LTDA",60,UND,4800,4050,80,67.5
19.654.843/0001-30,101401596,"rodaforro pvc 6mt",578,"MARCOS FERNANDES MATERIAIS DE CONSTRUCAO LTDA",1937,BR,58555.51,49393.5,30.23,25.5
19.654.843/0001-30,10302986,"roldana fio pvc 30 x 30 c/ prego",579,"MARCOS FERNANDES MATERIAIS DE CONSTRUCAO LTDA",214,UND,107,87.74,0.5,0.41
19.654.843/0001-30,101401609,"serra aço 1/2 x 12",595,"MARCOS FERNANDES MATERIAIS DE CONSTRUCAO LTDA",56,UND,511.28,433.44,9.13,7.74
19.654.843/0001-30,10380166,"SIFÃO AJUSTÁVEL MULTIUSO 66CM branco",596,"MARCOS FERNANDES MATERIAIS DE CONSTRUCAO LTDA",547,UND,4529.16,3774.3,8.28,6.9
19.654.843/0001-30,101401615,"sifão copo c/ tubo extensivo",597,"MARCOS FERNANDES MATERIAIS DE CONSTRUCAO LTDA",496,UND,6448,5406.4,13,10.9
19.654.843/0001-30,340100411,"Sifão Tubo Extensivo Universal com Porca; 1,5 Metro",599,"MARCOS FERNANDES MATERIAIS DE CONSTRUCAO LTDA",272,UND,4760,3971.2,17.5,14.6
19.654.843/0001-30,10302993,"silicone acético incolor 280 gramas",600,"MARCOS FERNANDES MATERIAIS DE CONSTRUCAO LTDA",199,TB,5249.62,4447.65,26.38,22.35
19.654.843/0001-30,10380167,"Silicone Poliuretano (PU) 300G",601,"MARCOS FERNANDES MATERIAIS DE CONSTRUCAO LTDA",224,TB,8149.12,6899.2,36.38,30.8
19.654.843/0001-30,101402520,"solução ácida 5 litros limpeza de pisos",602,"MARCOS FERNANDES MATERIAIS DE CONSTRUCAO LTDA",120,GAL,4972.8,4188,41.44,34.9
19.654.843/0001-30,101401619,"soquete lâmpada fluorescente (P.R.)",606,"MARCOS FERNANDES MATERIAIS DE CONSTRUCAO LTDA",515,UND,1931.25,1622.25,3.75,3.15
19.654.843/0001-30,340100412,"sumidouro de concreto, com 76cm de diâmetro e altura de 90 c",607,"MARCOS FERNANDES MATERIAIS DE CONSTRUCAO LTDA",99,UND,17919,15147,181,153
19.654.843/0001-30,340100413,"suporte de prateleira, mão fracesa cantonada de 30cm",608,"MARCOS FERNANDES MATERIAIS DE CONSTRUCAO LTDA",547,UND,6481.95,5497.35,11.85,10.05
19.654.843/0001-30,101401627,"te esgoto  40mm",615,"MARCOS FERNANDES MATERIAIS DE CONSTRUCAO LTDA",427,UND,1643.95,1387.75,3.85,3.25
19.654.843/0001-30,10303001,"te esgoto  50mm",616,"MARCOS FERNANDES MATERIAIS DE CONSTRUCAO LTDA",258,UND,1584.12,1328.7,6.14,5.15
19.654.843/0001-30,101401628,"te esgoto  75mm",617,"MARCOS FERNANDES MATERIAIS DE CONSTRUCAO LTDA",113,UND,1423.8,1203.45,12.6,10.65
19.654.843/0001-30,101401629,"te esgoto 100mm",618,"MARCOS FERNANDES MATERIAIS DE CONSTRUCAO LTDA",477,UND,7841.88,6630.3,16.44,13.9
19.654.843/0001-30,101401634,"te LR azul com bucha metal 25 x 3/4",623,"MARCOS FERNANDES MATERIAIS DE CONSTRUCAO LTDA",104,UND,717.6,608.4,6.9,5.85
19.654.843/0001-30,101401635,"te redução sold. 50 x 25mm",624,"MARCOS FERNANDES MATERIAIS DE CONSTRUCAO LTDA",158,UND,1673.22,1390.4,10.59,8.8
19.654.843/0001-30,50900105,"Tê soldável 20mm",625,"MARCOS FERNANDES MATERIAIS DE CONSTRUCAO LTDA",883,UND,1368.65,1139.07,1.55,1.29
19.654.843/0001-30,10111249,"TE SOLDAVEL 25MM",626,"MARCOS FERNANDES MATERIAIS DE CONSTRUCAO LTDA",332,UND,630.8,531.2,1.9,1.6
19.654.843/0001-30,10302051,"Te soldavel 32mm",627,"MARCOS FERNANDES MATERIAIS DE CONSTRUCAO LTDA",124,UND,499.72,422.84,4.03,3.41
19.654.843/0001-30,101401636,"te soldável 40mm",628,"MARCOS FERNANDES MATERIAIS DE CONSTRUCAO LTDA",164,UND,1225.08,1038.12,7.47,6.33
19.654.843/0001-30,101401637,"te soldável 50mm",629,"MARCOS FERNANDES MATERIAIS DE CONSTRUCAO LTDA",164,UND,1595.72,1353,9.73,8.25
19.654.843/0001-30,10302052,"Te soldavel 75mm",630,"MARCOS FERNANDES MATERIAIS DE CONSTRUCAO LTDA",164,UND,11152,6633.8,68,40.45
19.654.843/0001-30,10360477,"Tela galvanizada arame 12 malha 10 trançada",631,"MARCOS FERNANDES MATERIAIS DE CONSTRUCAO LTDA",1163,M2,45357,38379,39,33
19.654.843/0001-30,10380170,"Tela mosquiteira de nylon branco de malha 14x16 trançada com",632,"MARCOS FERNANDES MATERIAIS DE CONSTRUCAO LTDA",640,M2,5696,4832,8.9,7.55
19.654.843/0001-30,10367937,"Telha de cimento s/ amianto 1,22 x 1,10 x 5mm",635,"MARCOS FERNANDES MATERIAIS DE CONSTRUCAO LTDA",617,UND,25914,19065.3,42,30.9
19.654.843/0001-30,10367927,"telha s/ amianto 1,53 x 1,10 x 5mm",637,"MARCOS FERNANDES MATERIAIS DE CONSTRUCAO LTDA",488,UND,23912,18056,49,37
19.654.843/0001-30,10367930,"telha s/ amianto 1,83 x 1,10 x 5mm",640,"MARCOS FERNANDES MATERIAIS DE CONSTRUCAO LTDA",678,UND,43392,31527,64,46.5
19.654.843/0001-30,10367931,"telha s/ amianto 1,83 x 1,10 x 6mm",641,"MARCOS FERNANDES MATERIAIS DE CONSTRUCAO LTDA",992,UND,77376,58230.4,78,58.7
19.654.843/0001-30,10367933,"telha s/ amianto 2,13 x 1,10 x 6mm",643,"MARCOS FERNANDES MATERIAIS DE CONSTRUCAO LTDA",505,UND,44945,30148.5,89,59.7
19.654.843/0001-30,10367935,"telha s/ amianto 2,44 x 1,10 x 5mm",645,"MARCOS FERNANDES MATERIAIS DE CONSTRUCAO LTDA",500,UND,35000,29550,70,59.1
19.654.843/0001-30,10380178,"textura lisa para parede externa 15KG",653,"MARCOS FERNANDES MATERIAIS DE CONSTRUCAO LTDA",228,SC,19152,16188,84,71
19.654.843/0001-30,101401656,"tijolo 6f. - 19 x 14 x 9cm",656,"MARCOS FERNANDES MATERIAIS DE CONSTRUCAO LTDA",51500,UND,56650,35535,1.1,0.69
19.654.843/0001-30,101401657,"tijolo 9f. - 24 x 14 x 11,5cm",657,"MARCOS FERNANDES MATERIAIS DE CONSTRUCAO LTDA",56000,UND,75600,56000,1.35,1
19.654.843/0001-30,10380181,"Tijolo Maciço 19 X 9 X 5,3 cm",658,"MARCOS FERNANDES MATERIAIS DE CONSTRUCAO LTDA",10175,UND,15771.25,9666.25,1.55,0.95
19.654.843/0001-30,101402532,"Tinta Acrílica acabamento fosco na cor:Branco Neve contendo",661,"MARCOS FERNANDES MATERIAIS DE CONSTRUCAO LTDA",175,BLD,67410,57050,385.2,326
19.654.843/0001-30,10380219,"Tinta Acrílica premium, acabamento fosco na cor verde erva d",664,"MARCOS FERNANDES MATERIAIS DE CONSTRUCAO LTDA",147,BLD,57771,48951,393,333
19.654.843/0001-30,340100417,"Tinta Acrílica,Acabamento Fosco  Nas Cor:Branco Gelo",671,"MARCOS FERNANDES MATERIAIS DE CONSTRUCAO LTDA",108,BLD,30564,25704,283,238
19.654.843/0001-30,340100421,"Tinta Acrílica,Acabamento Fosco Na Cor:Branco Neve",675,"MARCOS FERNANDES MATERIAIS DE CONSTRUCAO LTDA",68,BLD,19244,16184,283,238
19.654.843/0001-30,340100423,"Tinta Acrílica,Acabamento Semi-Brilho.  Na Cor:Palha",677,"MARCOS FERNANDES MATERIAIS DE CONSTRUCAO LTDA",144,BLD,61488,51840,427,360
19.654.843/0001-30,340100426,"Tinta Esmalte Sintético,linha Premium Cor:Branco,Verde,Preta",688,"MARCOS FERNANDES MATERIAIS DE CONSTRUCAO LTDA",423,GAL,52430.85,43569,123.95,103
19.654.843/0001-30,10380196,"Tomada Dupla embutir Retangular 2p+t 10a",692,"MARCOS FERNANDES MATERIAIS DE CONSTRUCAO LTDA",172,UND,1941.88,1634,11.29,9.5
19.654.843/0001-30,10380198,"Tomada Dupla Sobrepor Retangular 2p+t 10a",694,"MARCOS FERNANDES MATERIAIS DE CONSTRUCAO LTDA",104,UND,1293.76,1097.2,12.44,10.55
19.654.843/0001-30,340100428,"Torneira cozinha de parede",698,"MARCOS FERNANDES MATERIAIS DE CONSTRUCAO LTDA",181,UND,13292.64,11276.3,73.44,62.3
19.654.843/0001-30,340100429,"Torneira elétrica parede",699,"MARCOS FERNANDES MATERIAIS DE CONSTRUCAO LTDA",133,UND,43225,27065.5,325,203.5
19.654.843/0001-30,10303027,"torneira jardim metal esfera 1/2",701,"MARCOS FERNANDES MATERIAIS DE CONSTRUCAO LTDA",206,UND,6087.3,5170.6,29.55,25.1
19.654.843/0001-30,10380200,"Torneira Metal P/ Lavatório 3/4 Simples, com arejador",702,"MARCOS FERNANDES MATERIAIS DE CONSTRUCAO LTDA",228,UND,13452,8094,59,35.5
19.654.843/0001-30,10376505,"Torneira para lavatório de mesa",705,"MARCOS FERNANDES MATERIAIS DE CONSTRUCAO LTDA",388,UND,61498,52224.8,158.5,134.6
19.654.843/0001-30,340100430,"torneira para pia (cozinha) c/ bica giratória e arejador eco",706,"MARCOS FERNANDES MATERIAIS DE CONSTRUCAO LTDA",104,UND,5714.8,4846.4,54.95,46.6
19.654.843/0001-30,340100433,"Trena Com Fita Em Fibra De Vidro De 50M",708,"MARCOS FERNANDES MATERIAIS DE CONSTRUCAO LTDA",78,UND,6254.82,5304,80.19,68
19.654.843/0001-30,101401668,"tubo concreto 20cm",710,"MARCOS FERNANDES MATERIAIS DE CONSTRUCAO LTDA",118,UND,4100.5,3479.82,34.75,29.49
19.654.843/0001-30,101401670,"tubo corrugado drenagem 4 (preto)",712,"MARCOS FERNANDES MATERIAIS DE CONSTRUCAO LTDA",1272,M,12382.92,10366.8,9.735,8.15
19.654.843/0001-30,80800107,"Tubo cx descarga (longo)",713,"MARCOS FERNANDES MATERIAIS DE CONSTRUCAO LTDA",222,UND,4839.6,4084.8,21.8,18.4
19.654.843/0001-30,10380204,"Tubo de Ligação para Bacia Cromado",714,"MARCOS FERNANDES MATERIAIS DE CONSTRUCAO LTDA",111,UND,2491.95,2097.9,22.45,18.9
19.654.843/0001-30,101401677,"tubo eletroduto pvc 3/4 preto (br 3m)",720,"MARCOS FERNANDES MATERIAIS DE CONSTRUCAO LTDA",119,TB,1712.41,1445.85,14.39,12.15
19.654.843/0001-30,10303032,"tubo esgoto em PVC  40mm",721,"MARCOS FERNANDES MATERIAIS DE CONSTRUCAO LTDA",980,TB,43120,22736,44,23.2
19.654.843/0001-30,10303035,"tubo esgoto em PVC 100mm",722,"MARCOS FERNANDES MATERIAIS DE CONSTRUCAO LTDA",695,TB,79925,38294.5,115,55.1
19.654.843/0001-30,10303034,"tubo esgoto em PVC 75mm",725,"MARCOS FERNANDES MATERIAIS DE CONSTRUCAO LTDA",505,TB,63125,22977.5,125,45.5
19.654.843/0001-30,340100435,"Tubo Galv. Nbr 5580 1.1/2 (3,00Mm) Barra Com 6M",727,"MARCOS FERNANDES MATERIAIS DE CONSTRUCAO LTDA",105,TB,66150,36718.5,630,349.7
19.654.843/0001-30,340100436,"Tubo Galv. Nbr 5580 1.1/4 (2,65Mm) Barra Com 6M",728,"MARCOS FERNANDES MATERIAIS DE CONSTRUCAO LTDA",105,TB,61425,29589,585,281.8
19.654.843/0001-30,10380211,"Tubo Galv. Nbr 5580 3/4 (2,25Mm) Barra Com 6M",732,"MARCOS FERNANDES MATERIAIS DE CONSTRUCAO LTDA",68,TB,16932,7990,249,117.5
19.654.843/0001-30,10367943,"tubo sold. 20mm com bolsa ,barras de 6m em PVC",733,"MARCOS FERNANDES MATERIAIS DE CONSTRUCAO LTDA",307,TB,7675,4528.25,25,14.75
19.654.843/0001-30,10367944,"tubo sold. 25mm com bolsa ,barras de 6m em PVC",734,"MARCOS FERNANDES MATERIAIS DE CONSTRUCAO LTDA",877,BR,26310,14338.95,30,16.35
19.654.843/0001-30,10367947,"tubo sold. 50mm com bolsa ,barras de 6m em PVC",737,"MARCOS FERNANDES MATERIAIS DE CONSTRUCAO LTDA",477,TB,45792,24804,96,52
19.654.843/0001-30,10380213,"valvula de mictorio universal",741,"MARCOS FERNANDES MATERIAIS DE CONSTRUCAO LTDA",256,UND,27904,23680,109,92.5
19.654.843/0001-30,10380214,"Válvula gás GLP P13",742,"MARCOS FERNANDES MATERIAIS DE CONSTRUCAO LTDA",293,UND,11280.5,9551.8,38.5,32.6
19.654.843/0001-30,101401722,"válvula lavatório (metal)",744,"MARCOS FERNANDES MATERIAIS DE CONSTRUCAO LTDA",233,UND,4375.74,3704.7,18.78,15.9
19.654.843/0001-30,101401723,"válvula lavatório (pvc cr.)",745,"MARCOS FERNANDES MATERIAIS DE CONSTRUCAO LTDA",223,UND,3791,2363.8,17,10.6
19.654.843/0001-30,10380215,"valvula para sanitário de caixa acoplada universal",746,"MARCOS FERNANDES MATERIAIS DE CONSTRUCAO LTDA",248,UND,35042.4,29760,141.3,120
19.654.843/0001-30,10380217,"Vaso Sanitário com Caixa Acoplada Saída Horizontal, Branco",750,"MARCOS FERNANDES MATERIAIS DE CONSTRUCAO LTDA",171,UND,76950,53865,450,315
19.654.843/0001-30,10367950,"vista para esquadria 7 x 1cm (cedro) Jogo para cada lado c/",754,"MARCOS FERNANDES MATERIAIS DE CONSTRUCAO LTDA",237,PÇA,15450.03,11613,65.19,49
19.654.843/0001-30,10385936,"brita tipo branco saco de 40kg",758,"MARCOS FERNANDES MATERIAIS DE CONSTRUCAO LTDA",620,SA,64132.8,54498,103.44,87.9
19.654.843/0001-30,10367959,"piso cerâmico 45 x 45 A PEI-4 (chão)",759,"MARCOS FERNANDES MATERIAIS DE CONSTRUCAO LTDA",1392,M2,32712,23107.2,23.5,16.6
19.654.843/0001-30,10389093,"Piso Cerâmico 50 X 50 A Pei-5 (Chão)",760,"MARCOS FERNANDES MATERIAIS DE CONSTRUCAO LTDA",392,M2,9212,7565.6,23.5,19.3
80.954.852/0001-57,10303048,"Assoalho eucalipto 1°",54,"MADEIREIRA ITALIANA LTDA - EPP",465,M2,32550,26040,70,56
80.954.852/0001-57,101401977,"bardela eucalipto 3,5 x 5 cm",58,"MADEIREIRA ITALIANA LTDA - EPP",5979,M,14947.5,10164.3,2.5,1.7
80.954.852/0001-57,10298894,"Forro de pinus 1ª",299,"MADEIREIRA ITALIANA LTDA - EPP",615,M2,12300,9348,20,15.2
80.954.852/0001-57,10380065,"Forro de pinus tratado 1ª",300,"MADEIREIRA ITALIANA LTDA - EPP",2087,M2,60523,30887.6,29,14.8
80.954.852/0001-57,10302910,"meia-cana pinus tamanho pádrão",458,"MADEIREIRA ITALIANA LTDA - EPP",1129,UND,7338.5,4516,6.5,4
80.954.852/0001-57,10373680,"prancha de eucalipto bruta seca",530,"MADEIREIRA ITALIANA LTDA - EPP",23,M3,59800,47150,2600,2050
80.954.852/0001-57,10380134,"prancha de eucalipto tratada seca",531,"MADEIREIRA ITALIANA LTDA - EPP",30,M3,90000,70500,3000,2350
80.954.852/0001-57,10380134,"prancha de eucalipto tratada seca",532,"MADEIREIRA ITALIANA LTDA - EPP",9,M3,27000,21150,3000,2350
80.954.852/0001-57,10367881,"Repartição de pinus encantilhada",574,"MADEIREIRA ITALIANA LTDA - EPP",455,M2,20475,15470,45,34
80.954.852/0001-57,10380156,"Repartição de pinus tratado encantilhada",575,"MADEIREIRA ITALIANA LTDA - EPP",675,M2,37125,26797.5,55,39.7
80.954.852/0001-57,10380157,"ripa eucalipto tratado 1 x 2",577,"MADEIREIRA ITALIANA LTDA - EPP",605,M,1391.5,847,2.3,1.4
80.954.852/0001-57,10303000,"tábua caixaria de pinus",609,"MADEIREIRA ITALIANA LTDA - EPP",243,M3,225990,140940,930,580
80.954.852/0001-57,10303000,"tábua caixaria de pinus",610,"MADEIREIRA ITALIANA LTDA - EPP",81,M3,75330,46980,930,580
80.954.852/0001-57,10298613,"Tacação de pinus para forro",611,"MADEIREIRA ITALIANA LTDA - EPP",1310,M,3144,2410.4,2.4,1.84
80.954.852/0001-57,101401725,"vara eucalipto para armação",748,"MADEIREIRA ITALIANA LTDA - EPP",6030,M,55476,33044.4,9.2,5.48
80.954.852/0001-57,10380216,"vara eucalipto para armação tratado",749,"MADEIREIRA ITALIANA LTDA - EPP",4960,M,56544,37200,11.4,7.5
