nomeEntidade,numeroProcesso,anoProcesso,numeroLicitacao,anoLicitacao,dataPublicacao,objeto,modalidade,tipoObjeto,formaJulgamento,dataHomologacao,situacao,adesao,atasRegistroPrecos,cidadeCertame,contratos,dataAberturaEnvelopes,dataAnulacao,dataCriacao,dataJulgamento,dataRevogacao,despesas,documentosRelacionados,emailContato,empenhos,enderecoCertame,enderecoEntrega,estadoCertame,formaContratacao,"inicioRecebimentoEnvelopes",itensVencedores,meioDivulgacao,motivoAnulacao,motivoRevogacao,nomeContato,participantes,registroPrecos,telefoneContato,"terminoRecebimentoEnvelopes",fundamentoLegal,valorEstimado,valorHomologado
"FUNDAÇÃO MUNICIPAL DE ESPORTES DE CRICIÚMA",8,2023,8,2023,2023-06-22,"Locação de espaço físico da piscina coberta e aquecida para realização de projetos esportivos e sociais, além de 3 (três) unidades de vestiários e arquibancada, localizada na sede da Associação Brasileira de Educação e Cultura – ABEC, mantenedora do Colégio Marista, estabelecido na rua Antônio de Lucca nº 334 – bairro Pio Correa – Município de Criciúma - SC.","Dispensa de licitação","Compras e Serviços","MENOR PRECO",2023-06-21,HOMOLOGADO," "," "," ","contratos_7bd4ee43-1253-4773-b7b6-a45e489629c6.csv",2023-06-21T08:00:00Z," ",2023-05-31,2023-06-21," "," ","documentosRelacionados_e6770aff-4cec-44c2-9f8e-0ebfed993993.csv",," ","Rua: Domênico Sonego","Rua: Domênico Sonego",SC,Licitação,2023-06-21T08:00:00Z,"itensVencedores_e52dfa5d-24c8-4424-a60f-30672db3d689.csv",INTERNET,,," ","participantes_102a1edc-6e70-468b-b724-cca05a6c8483.csv",NÃO," ",2023-06-21T08:00:00Z,"Lei 8666/1993, Art. 17, I.a"," "," "
"FUNDAÇÃO MUNICIPAL DE ESPORTES DE CRICIÚMA",10,2023,10,2023,2023-12-20,"Contratação da ASSOCIAÇÃO DESPORTIVA CRICIÚMA – AD CRICIÚMA – organização social de promoção do desenvolvimento social e do desporto, em toda a sua abrangência, sem fins lucrativos, inscrita no CNPJ sob o nº 05.554.507/0001-00, estabelecida na Avenida Santos Dumont, s/nº, Ginásio Municipal de Esportes Valmir Antônio Orsi, Bairro São Luiz, Criciúma/SC, CEP 88804-050 e qualificada como organização social Decreto SG nº 068/18, de 31 de janeiro de 2018, através de dispensa de licitação, nos termos d","Dispensa de licitação","Prestação de serviços","MENOR PRECO",2023-12-20,HOMOLOGADO," "," "," ","contratos_5ed7e567-2b91-438f-a7bd-e0fa172746d6.csv",2023-12-20T08:00:00Z," ",2023-12-20,2023-12-20," "," ","documentosRelacionados_f72da19f-a3ff-4bea-9b59-7764c690cc96.csv",," ","Rua: Domênico Sonego","Rua: Domênico Sonego",SC,Licitação,2023-12-20T08:00:00Z,"itensVencedores_c8b4a9b6-47f7-4b46-99e3-7b2ed321f523.csv",DIARIO_OFICIAL_MUNICIPIO," "," "," ","participantes_ef2e21ed-80bc-4781-9515-ddc800efc00c.csv",NÃO," ",2023-12-20T08:00:00Z,"Lei 8666/1993, Art. 17, I.a"," "," "
"FUNDAÇÃO MUNICIPAL DE ESPORTES DE CRICIÚMA",9,2023,9,2023," ","Contratação de empresa para realização do evento STU National 2024 – etapa Santa Catarina, nas modalidades olímpicas de skate Park e Street a ser realizado no Município de Criciúma - SC.","Inexigibilidade de licitação","Compras e Serviços","MENOR PRECO GLOBAL",2023-12-14,HOMOLOGADO," "," "," "," ",2023-12-14T08:00:00Z," ",2023-12-14,2023-12-14," "," ","documentosRelacionados_cf531c28-556c-43da-b54d-1a3c83db03c7.csv",," ","Rua: Domênico Sonego","Rua: Domênico Sonego",SC,Licitação,2023-12-14T08:00:00Z,"itensVencedores_f5b08fc7-907f-4e60-8481-a5928916ac4c.csv"," ",,," ","participantes_59daa4fa-d1bc-4888-afd1-98c3cb99757d.csv",NÃO," ",2023-12-14T08:00:00Z,"Lei 8666/1993, Art. 15, CAPUT"," "," "
"FUNDAÇÃO MUNICIPAL DE ESPORTES DE CRICIÚMA",7,2023,7,2023," ","Operacionalização da gestão e execução, das atividades e serviços para fomentar e executar práticas desportivas no município de criciúma, para atendimento de até 8.000 (oito mil) pessoas, de diversas faixas etárias.","Dispensa de licitação","Compras e Serviços","MENOR PRECO",2023-06-15,HOMOLOGADO," "," "," ","contratos_d864911f-9d5c-4646-b985-096baa72dcd7.csv",2023-06-15T08:00:00Z," ",2023-05-02,2023-06-15," "," ","documentosRelacionados_c6f31306-52ed-4466-ac4f-f820f0baf8a2.csv",," ","Rua: Domênico Sonego","Rua: Domênico Sonego",SC,Licitação,2023-06-15T08:00:00Z,"itensVencedores_600fb203-f20b-4af4-ad27-cd639c19aaf7.csv"," ",,," ","participantes_77ab4e28-7d33-4157-9c2c-2a1442d5735c.csv",NÃO," ",2023-06-15T08:00:00Z,"Lei 8666/1993, Art. 17, I.a"," "," "
"FUNDAÇÃO MUNICIPAL DE ESPORTES DE CRICIÚMA",1,2023,1,2023," ","Inexigibilidade de licitação, pra contratação da empresa DC10 Economia Criativa Eireli, detentora da marca Skate Total Urbe (STU), para realização do evento STU National - Etapa Santa Catarina 2023 nas modalidades olímpicas de skate Park e Street, que acontecerá entre os dias 23 de fevereiro e 05 de março de 2023, no Parque Centenário - Prefeito Altair Guidi, no município de Criciúma/SC.","Inexigibilidade de licitação","Compras e Serviços","MENOR PRECO",2023-01-17,HOMOLOGADO," "," "," "," ",2023-01-17T08:00:00Z," ",2023-01-11,2023-01-17," "," ","documentosRelacionados_1220229b-9b8c-49ca-b93f-93f741689b43.csv",," ","Rua: Domênico Sonego","Rua: Domênico Sonego",SC,"Inexigibilidade de licitação",2023-01-11T08:00:00Z,"itensVencedores_af136efe-0483-40e7-adcb-1349f06f96ae.csv"," ",,," ","participantes_8acd4dc6-5c7f-4d94-81b8-f8d8851a3ea1.csv",NÃO," ",2023-01-17T08:00:00Z,"Lei 8666/1993, Art. 15, CAPUT"," "," "
"FUNDAÇÃO MUNICIPAL DE ESPORTES DE CRICIÚMA",3,2023,3,2023," ","Serviços de assessoria jurídica, consultoria jurídica, orientação jurídica em direito administrativo e público, elaboração de pareceres, editais, resoluções, portarias, contratos, termos, projetos de lei e os diversos procedimentos administrativos concernentes à rotina jurídica da administração pública do órgão contratante, bem da representação judicial e administrativa da Fundação Municipal de Esportes de Criciúma perante diversos órgãos e pessoas no âmbito jurídico.","Inexigibilidade de licitação",Compras,"MENOR PRECO",2023-03-14,HOMOLOGADO," "," "," ","contratos_e05bb2d0-2925-4f74-97eb-2ecbd4f1ad34.csv",2023-03-14T08:00:00Z," ",2023-02-01,2023-03-14," "," ","documentosRelacionados_344ddd4e-0791-4f71-ae7f-4a913cc0b6ef.csv",," ","Rua: Domênico Sonego","Rua: Domênico Sonego",SC,"Inexigibilidade de licitação",2023-03-14T08:00:00Z,"itensVencedores_7e9d44b3-f1d6-4697-874c-2dcbefa017d6.csv"," ",,," ","participantes_24dce0da-8937-406a-b47d-02765c024928.csv",NÃO," ",2023-03-14T08:00:00Z,"Lei 8666/1993, Art. 15, CAPUT"," "," "
"FUNDAÇÃO MUNICIPAL DE ESPORTES DE CRICIÚMA",2,2023,2,2023," ","Contratação de empresa especializada em recargas de créditos eletrônicos no sistema de bilhetagem eletrônica do sistema integrado de transporte coletivo de Criciúma, que serão distribuídos aos atletas de diversas modalidades esportivas dentro do Município de Criciúma/SC.","Inexigibilidade de licitação",Compras,"MENOR PRECO GLOBAL",2023-02-24,HOMOLOGADO," "," "," ","contratos_905c2dd5-b881-4aee-8117-5a191e682fbd.csv",2023-02-24T08:00:00Z," ",2023-02-10,2023-02-24," "," ","documentosRelacionados_a460a3f1-9309-469a-8bef-d8ad9fa0b843.csv",," ","Rua: Domênico Sonego","Rua: Domênico Sonego",SC,"Inexigibilidade de licitação",2023-02-24T08:00:00Z,"itensVencedores_2f78c720-7b26-49c5-887d-1b7669d5af39.csv"," ",,," ","participantes_40abb881-1afe-44f0-b60d-617997820037.csv",NÃO," ",2023-02-24T08:00:00Z,"Lei 8666/1993, Art. 15, CAPUT"," "," "
"PREFEITURA MUNICIPAL DE CRICIUMA",286,2023,286,2023," ","Contratação de serviços técnicos especializados na na elaboração, SOB DEMANDA, de serviços técnicos de engenharia, confecção de planilhas e cronogramas físicos-financeiros adjuntos aos projetos para obras gerais e serviços complementares conforme especificações e necessidades do município de Criciúma - SC.","Dispensa de licitação","Compras e Serviços","MENOR PRECO GLOBAL",2023-11-22,HOMOLOGADO," "," "," ","contratos_105fcaef-7fb5-4f36-8a77-1acb832e0118.csv",2023-11-22T08:00:00Z," ",2023-11-08,2023-11-22," "," ","documentosRelacionados_b5f51c71-34db-4927-9783-d0b7898db74e.csv","compras@criciuma.sc.gov.br"," ","Rua Domênico Sônego","Rua Domênico Sônego",SC,Licitação,2023-11-22T08:00:00Z,"itensVencedores_1420734f-b863-414c-9160-1561697e2732.csv"," "," "," "," ","participantes_5360f506-655b-4d83-be41-19c845fe305b.csv",NÃO," ",2023-11-22T08:00:00Z,"Lei 8666/1993, Art. 17, I.a",6519463.56,6519463.56
"PREFEITURA MUNICIPAL DE CRICIUMA",106,2023,106,2023," ","Contratação de empresa especializada para realizar assessorias pedagógicas para os professores que lecionam no ensino fundamental anos iniciais, da Rede Municipal de Ensino, com o intuito de recompor o conhecimento matemático desses profissionais e restabelecer modos de organização do ensino  promovam a construção do conhecimento matemático (letramento matemático) das crianças e resultem na melhoria do desempenho dos estudantes no Índice de Desenvolvimento da Educação Básica (IDEB).","Dispensa de licitação",Compras,"MENOR PRECO",2023-04-28,HOMOLOGADO," "," "," "," ",2023-04-28T08:00:00Z," ",2023-04-04,2023-04-28," "," ","documentosRelacionados_a2fb12ae-d160-45df-a9a7-6fb0d5e2d7f1.csv","compras@criciuma.sc.gov.br"," ","Rua Domênico Sônego","Rua Domênico Sônego",SC,"Dispensa de licitação",2023-04-28T08:00:00Z,"itensVencedores_8bb839f8-02ba-4215-9308-0b1dfd32f9f2.csv"," ",,," ","participantes_50ddd57a-d4c6-411f-86b8-60baf178d71c.csv",NÃO," ",2023-04-28T08:00:00Z,"Lei 8666/1993, Art. 17, I.a"," "," "
"PREFEITURA MUNICIPAL DE CRICIUMA",8,2023,8,2023," ","Contratação de empresa para produção de esculturas personalizadas para a sala Maker no parque astronômico, em atendimento as Secretaria Municipal de Educação de Criciúma","Inexigibilidade de licitação","Compras e Serviços","MENOR PRECO",2023-01-19,HOMOLOGADO," "," "," ","contratos_610ba00f-1362-4844-afc5-b573d3bbc083.csv",2023-01-19T08:00:00Z," ",2022-12-20,2023-01-19," "," ","documentosRelacionados_2fef4aba-5338-4dda-b481-c4574ed111fd.csv","compras@criciuma.sc.gov.br"," ","Rua Domênico Sônego","Rua Domênico Sônego",SC,"Inexigibilidade de licitação",2022-12-20T08:00:00Z,"itensVencedores_859abfda-c68d-4e52-9814-4cd11f920327.csv"," ",,," ","participantes_4ac6ce47-bdff-4eb1-86eb-75244ed72649.csv",NÃO," ",2023-01-19T08:00:00Z,"Lei 8666/1993, Art. 15, CAPUT"," "," "
"PREFEITURA MUNICIPAL DE CRICIUMA",10,2023,10,2023," ","Contratação de empresa para fornecimento, de forma parcelada, de água mineral, para as dependências da DELEGACIA REGIONAL DE POLÍCIA – 6ª CIRETRAN de Criciúma/SC, para o exercício de 2023.","Dispensa de licitação","Compras e Serviços","MENOR PRECO GLOBAL",2023-01-20,HOMOLOGADO," "," "," "," ",2023-01-20T08:00:00Z," ",2023-01-20,2023-01-20," "," ","documentosRelacionados_a98cf257-533b-47e7-984d-8fa22f5b9b9c.csv","compras@criciuma.sc.gov.br"," ","Rua Domênico Sônego","Rua Domênico Sônego",SC,"Dispensa de licitação",2023-01-20T08:00:00Z,"itensVencedores_57dba7d0-6df0-4c4b-aaf2-5966dff5ce0b.csv"," ",,," ","participantes_66957d3d-7811-43b5-80dc-b647dd7d3008.csv",NÃO," ",2023-01-20T08:00:00Z,"Lei 8666/1993, Art. 17, I.a"," "," "
"PREFEITURA MUNICIPAL DE CRICIUMA",11,2023,11,2023," ","Contratação de empresa para execução de serviços de borracharia para a frota da CIRETRAN de Criciúma/SC, para o ano de 2023, convênio PMC SSP Trânsito.","Dispensa de licitação","Compras e Serviços","MENOR PRECO GLOBAL",2023-01-20,HOMOLOGADO," "," "," "," ",2023-01-20T08:00:00Z," ",2023-01-20,2023-01-20," "," ","documentosRelacionados_a5265de5-a0e9-4b0a-ae45-e8d34cea4be4.csv","compras@criciuma.sc.gov.br"," ","Rua Domênico Sônego","Rua Domênico Sônego",SC,"Dispensa de licitação",2023-01-20T08:00:00Z,"itensVencedores_bc84498f-6da1-4496-b5ac-c4c5084c2d15.csv"," ",,," ","participantes_45c18b67-fe9e-4554-9bba-416f3157f145.csv",NÃO," ",2023-01-20T08:00:00Z,"Lei 8666/1993, Art. 17, I.a"," "," "
"PREFEITURA MUNICIPAL DE CRICIUMA",179,2023,179,2023," ","Aquisição de caderno pedagógico que prevê o estudo dos símbolos nacionais para os alunos e os professores, para uso nas escolas Rede Municipal de Ensino de Criciúma/SC.","Inexigibilidade de licitação","Compras e Serviços","MAIOR DESCONTO SOBRE TABELA",2023-07-12,HOMOLOGADO," "," "," "," ",2023-07-12T08:00:00Z," ",2023-06-09,2023-07-12," "," ","documentosRelacionados_6816b84a-166f-4817-b26b-00f660144c96.csv","compras@criciuma.sc.gov.br"," ","Rua Domênico Sônego","Rua Domênico Sônego",SC,Licitação,2023-07-12T08:00:00Z,"itensVencedores_45dae3b0-b109-4a22-a226-2a3d9fae28c8.csv"," ",,," ","participantes_059c83fa-c310-48e6-96a8-610b3f844bf1.csv",NÃO," ",2023-07-12T08:00:00Z,"Lei 8666/1993, Art. 15, CAPUT"," "," "
"PREFEITURA MUNICIPAL DE CRICIUMA",119,2023,119,2023,2023-05-18,"Contratação de empresa do ramo pertinente, para execução dos serviços necessários à realização das obras de reforma da SALA DE OPERAÇÕES DO 9º BATALHÃO DE POLICIA MILITAR – CRICIUMA, com área total de 89,22m², localizado no bairro Jardim Maristela - no município de Criciúma-SC.","Tomada de preços",Compras,"MENOR PRECO"," ",REVOGADO," "," "," "," ",2023-06-06T14:00:00Z," ",2023-04-11,2023-06-06,2023-06-06," ","documentosRelacionados_2b0e9f64-b279-4242-b12f-38bf1583e78f.csv","compras@criciuma.sc.gov.br"," ","Rua Domênico Sônego","Rua Domênico Sônego",SC,"Tomada de preços",2023-04-11T00:00:00Z," ",INTERNET,"Licitação fracassada","Licitação fracassada"," ","participantes_bf2a1d86-bc91-4473-8175-b4270f7b4013.csv",NÃO," ",2023-06-06T14:00:00Z,"Lei 8666/1993, Art. 22, II"," "," "
"PREFEITURA MUNICIPAL DE CRICIUMA",74,2023,74,2023," ","Contratação de empresa especializada para prestação de serviços técnicos profissionais especializados de consultoria jurídica nas áreas de recuperação e incrementos dos repasses de royalties feitos pela ANP – Agência Nacional de Petróleo, Gás Natural e Biocombustíveis,, com fundamento nas ieis n° 7990/89 e 9478/97.","Inexigibilidade de licitação",Compras,"MENOR PRECO POR ITEM",2023-03-27,HOMOLOGADO," "," "," "," ",2023-03-27T08:00:00Z," ",2023-03-27,2023-03-27," "," ","documentosRelacionados_dd10baa6-d7b2-4949-8cd2-628de99f4466.csv","compras@criciuma.sc.gov.br"," ","Rua Domênico Sônego","Rua Domênico Sônego",SC,"Inexigibilidade de licitação",2023-03-27T08:00:00Z,"itensVencedores_69c8eb04-80c2-44ef-911a-47f1e9123609.csv"," ",,," ","participantes_e9c9585d-a921-4652-a923-79e712c4b9c5.csv",NÃO," ",2023-03-27T08:00:00Z,"Lei 8666/1993, Art. 15, CAPUT"," "," "
"PREFEITURA MUNICIPAL DE CRICIUMA",168,2023,168,2023," ","Realização de palestra com o tema “A Alegria Escrita”, como parte da programação da XVI FEIRA DO LIVRO DE CRICIÚMA 2023, a ser realizada na Praça Nereu Ramos – centro do Município de Criciúma-SC.","Inexigibilidade de licitação","Compras e Serviços","MENOR PRECO",2023-07-05,HOMOLOGADO," "," "," "," ",2023-07-05T08:00:00Z," ",2023-06-16,2023-07-05," "," ","documentosRelacionados_42791865-c838-44de-a149-1dd85a212c09.csv","compras@criciuma.sc.gov.br"," ","Rua Domênico Sônego","Rua Domênico Sônego",SC,Licitação,2023-06-16T08:00:00Z,"itensVencedores_f89a7ace-9456-4b78-87cc-f4a8c9863484.csv"," ",,," ","participantes_e7c5e2f3-3cac-42de-b5a1-9429873ddd32.csv",NÃO," ",2023-07-05T08:00:00Z,"Lei 8666/1993, Art. 15, CAPUT"," "," "
"PREFEITURA MUNICIPAL DE CRICIUMA",87,2023,87,2023," ","Contratação de empresa para aquisição material gráfico para campanhas educativas de trânsito da CIRETRAN e da Polícia Civil (Maio Amarelo, Semana do Trânsito, Outubro Rosa, Dia das Crianças, Violência Contra a Mulher, Criança, Adolescente e Idoso, etc) para distribuição e colocação nas unidades policiais da 6ªDRP/CIRETRAN de Criciúma/SC, conforme planilha orçamentária em anexo, para o período de março à dezembro de 2023, com recursos do Convênio de Trânsito PMC/CONTA/CONVÊNIO/SSP/TRÂNSITO DA POL","Dispensa de licitação",Compras,"MENOR PRECO GLOBAL",2023-04-05,HOMOLOGADO," "," "," "," ",2023-04-05T08:00:00Z," ",2023-04-05,2023-04-05," "," ","documentosRelacionados_2cf57d0b-10f8-418e-a35f-4541dcda5ae7.csv","compras@criciuma.sc.gov.br"," ","Rua Domênico Sônego","Rua Domênico Sônego",SC,"Dispensa de licitação",2023-04-05T08:00:00Z,"itensVencedores_b36f09c0-ecf0-49f3-bc04-297d8e07aa38.csv"," ",,," ","participantes_8eb29a7f-e49a-406f-8bca-366877b5d165.csv",NÃO," ",2023-04-05T08:00:00Z,"Lei 8666/1993, Art. 17, I.a"," "," "
"PREFEITURA MUNICIPAL DE CRICIUMA",129,2023,129,2023,2023-06-02,"Contratação de empresa do ramo pertinente para execução, SOB DEMANDA, dos serviços necessários à realização de sondagem à percussão (SPT) e rotativa para análise do solo em obras do município de Criciúma-SC.","Tomada de preços","Compras e Serviços","MENOR PRECO"," ",DESERTO," "," "," "," ",2023-06-20T09:00:00Z," ",2023-04-20,2023-06-20," "," ","documentosRelacionados_d2b05348-2ff6-42d2-875d-4baa71684bc5.csv","compras@criciuma.sc.gov.br"," ","Rua Domênico Sônego","Rua Domênico Sônego",SC,Licitação,2023-04-20T08:00:00Z," ",INTERNET,,," "," ",NÃO," ",2023-06-20T09:00:00Z,"Lei 8666/1993, Art. 22, II"," "," "
"PREFEITURA MUNICIPAL DE CRICIUMA",145,2023,145,2023," ","Contratação de empresa especializada para realização de serviços de assessoria de imprensa e comunicação institucional do 4º batalhão do bombeiro militar de Criciúma.","Dispensa de licitação","Compras e Serviços","MENOR PRECO",2023-06-14,HOMOLOGADO," "," "," "," ",2023-06-14T08:00:00Z," ",2023-06-14,2023-06-14," "," ","documentosRelacionados_6e9caab1-0afb-43c8-9b5e-40919dec767b.csv","compras@criciuma.sc.gov.br"," ","Rua Domênico Sônego","Rua Domênico Sônego",SC,Licitação,2023-06-14T08:00:00Z,"itensVencedores_a4a49d65-ffcc-46e5-959b-fa20f06ec678.csv"," ",,," ","participantes_4e9b6c2c-5f6b-4e55-bdae-d9d39d7b8a63.csv",NÃO," ",2023-06-14T08:00:00Z,"Lei 8666/1993, Art. 17, I.a"," "," "
"PREFEITURA MUNICIPAL DE CRICIUMA",72,2023,72,2023," ","Contratação de empresa especializada na prestação de serviços gerenciamento, publicação e atualização das novas legislações geradas pelo Município de Criciúma, manutenção dos sistemas de pesquisa das normas, acesso aos recursos e ferramentas exclusivas do portal Leis Municipais.","Inexigibilidade de licitação",Compras,"MENOR PRECO",2023-03-22,HOMOLOGADO," "," "," ","contratos_7c03b23d-6eda-464b-8665-5a42c9dfec6e.csv",2023-03-22T08:00:00Z," ",2023-02-07,2023-03-22," "," ","documentosRelacionados_b79b0693-0d8c-4d80-9a6a-8d8fc051ab5a.csv","compras@criciuma.sc.gov.br"," ","Rua Domênico Sônego","Rua Domênico Sônego",SC,"Inexigibilidade de licitação",2023-03-22T08:00:00Z,"itensVencedores_cf7c3b74-28c7-439f-bf89-870f22b804f0.csv"," ",,," ","participantes_75e9b50d-e6cd-4dc0-b9c2-764a696b67a1.csv",NÃO," ",2023-03-22T08:00:00Z,"Lei 8666/1993, Art. 15, CAPUT"," "," "
"PREFEITURA MUNICIPAL DE CRICIUMA",146,2023,146,2023,2023-06-16,"Contratação de empresa do ramo pertinente para execução dos serviços necessários à realização das obras de ampliação de 117,22 m² do prédio do CENTRO COMUNITÁRIO DO BAIRRO SÃO CRISTÓVÃO - Município de Criciúma-SC.","Tomada de Preço","Compras e Serviços","MENOR PRECO GLOBAL",2023-08-01,HOMOLOGADO," "," "," "," ",2023-07-04T09:00:00Z," ",2023-05-19,2023-07-04," "," ","documentosRelacionados_9b90107b-2cfb-4a1a-8987-47a99e1a81ed.csv","compras@criciuma.sc.gov.br"," ","Rua Domênico Sônego","Rua Domênico Sônego",SC,Licitação,2023-05-19T08:00:00Z,"itensVencedores_833616f4-1468-44a0-a986-99ddeedadac8.csv",INTERNET,,," ","participantes_9e3fab1e-58f2-47db-8d83-5ff57c8161be.csv",NÃO," ",2023-07-04T09:00:00Z,"Lei 8666/1993, Art. 22, II"," "," "
"PREFEITURA MUNICIPAL DE CRICIUMA",142,2023,142,2023,2023-06-13,"Contratação de empresa do ramo pertinente, para execução dos serviços necessários à realização das obras de construção do prédio da SEDE DO CENTRO ESPORTIVO DO BAIRRO SANTA LUZIA, com área total de 297,50m², na avenida Catarinense - município de Criciúma-SC.","Tomada de preços","Compras e Serviços","MENOR PRECO GLOBAL",2023-08-01,HOMOLOGADO," "," "," "," ",2023-06-29T14:00:00Z," ",2023-05-17,2023-06-29," "," ","documentosRelacionados_8ec37d13-9593-459c-b817-2f032d129e70.csv","compras@criciuma.sc.gov.br"," ","Rua Domênico Sônego","Rua Domênico Sônego",SC,Licitação,2023-05-17T08:00:00Z,"itensVencedores_908e77dc-30de-4ac2-961b-5d6621bb1e30.csv",INTERNET,,," ","participantes_1521d5e9-fa41-4aa4-8c7d-63f4af24eb03.csv",NÃO," ",2023-06-29T14:00:00Z,"Lei 8666/1993, Art. 22, II"," "," "
"PREFEITURA MUNICIPAL DE CRICIUMA",161,2023,161,2023,2023-06-29,"Contratação de Organização da Sociedade Civil para planejar, organizar, coordenar e acompanhar a realização da “Feira do Agronegócio e Agricultura Familiar e Exposição Estadual de Animais – AGROPONTE”, a ser realizada entre os dias 16 à 20 de agosto de 2023 no Município de Criciúma-SC.","CHAMADA PÚBLIBLICA","Compras e Serviços","MENOR PRECO GLOBAL",2023-08-01,HOMOLOGADO," "," "," "," ",2023-07-31T14:00:00Z," ",2023-06-20,2023-07-31," "," ","documentosRelacionados_1fcd02b0-584a-4a49-8b0b-d7ccdcd31d12.csv","compras@criciuma.sc.gov.br"," ","Rua Domênico Sônego","Rua Domênico Sônego",SC,Licitação,2023-06-20T08:00:00Z,"itensVencedores_36748997-3889-4654-a04b-f7e79f4f3c87.csv",INTERNET,,," ","participantes_25d2505a-d504-4f17-8fdf-76edefa30dfa.csv",NÃO," ",2023-07-31T14:00:00Z,"Lei 8666/1993, Art. 15, CAPUT"," "," "
"PREFEITURA MUNICIPAL DE CRICIUMA",235,2023,235,2023," ","Contratação de serviços técnicos especializados na elaboração, SOB DEMANDA, de projetos ambientais, incluindo projeto de Recuperação de área degradada (PRAD), relatório ambiental prévio (RAP), estudo ambiental simplificado (EAS), estudo de impacto ambiental e relatório de impacto ambiental (EIA/RIMA) e relatório de monitoramento ambiental.","Dispensa de licitação","Compras e Serviços","MENOR PRECO GLOBAL",2023-09-18,HOMOLOGADO," "," "," "," ",2023-09-18T08:00:00Z," ",2023-08-28,2023-09-18," "," ","documentosRelacionados_1cda9f0f-08aa-4195-91f6-7b656642014f.csv","compras@criciuma.sc.gov.br"," ","Rua Domênico Sônego","Rua Domênico Sônego",SC,Licitação,2023-09-18T08:00:00Z,"itensVencedores_295af806-0639-4cf1-ad67-54d3063fede5.csv"," ",,," ","participantes_8ec300cf-916d-450f-bcf2-c9459ba8bea4.csv",NÃO," ",2023-09-18T08:00:00Z,"Lei 8666/1993, Art. 17, I.a"," "," "
"PREFEITURA MUNICIPAL DE CRICIUMA",69,2023,69,2023," ","Alienação/venda de 01 (um) imóvel público, localizado no Bairro Laranjinha - Loteamento Residencial Vila Verde, com área de 4.674,62m² - matrícula 128892, de propriedade do município, não de uso e inservíveis a administração pública municipal de Criciúma-SC.","Dispensa de licitação",Compras,"MAIOR VALOR DA OUTORGA",2023-03-20,HOMOLOGADO," "," "," "," ",2023-03-20T08:00:00Z," ",2023-02-17,2023-03-20," "," "," ","compras@criciuma.sc.gov.br"," ","Rua Domênico Sônego","Rua Domênico Sônego",SC,"Dispensa de licitação",2023-03-20T08:00:00Z,"itensVencedores_56e0441f-54c0-4220-ad90-c58462db055c.csv"," ",,," ","participantes_8831df17-f5ec-49fe-ab07-aa1155f98f1b.csv",NÃO," ",2023-03-20T08:00:00Z,"Lei 8666/1993, Art. 17, I.a"," "," "
"PREFEITURA MUNICIPAL DE CRICIUMA",68,2023,68,2023," ","Alienação/venda de 01 (um) imóvel público, localizado no Bairro Rio Maina - Loteamento Jardim das Acácias, com área de 2.842,20m² - matrícula 129082, de propriedade do município, não de uso e inservíveis a administração pública municipal de Criciúma-SC.","Dispensa de licitação",Compras,"MAIOR VALOR DA OUTORGA",2023-03-20,HOMOLOGADO," "," "," "," "," "," ",2023-03-20,," "," ","documentosRelacionados_be25f577-0024-4ed5-b97a-230b32e5138b.csv","compras@criciuma.sc.gov.br"," ","Rua Domênico Sônego","Rua Domênico Sônego",SC,"Dispensa de licitação"," ","itensVencedores_0c847eaa-5fbe-4aae-9d0b-3d1495af754b.csv"," ",,," ","participantes_0857ba52-f171-450b-8178-a908a44da9a1.csv",NÃO," "," ","Lei 8666/1993, Art. 17, I.a"," "," "
"PREFEITURA MUNICIPAL DE CRICIUMA",67,2023,67,2023," ","Alienação/venda de 01 (um) imóvel público, localizado no Distrito de Rio Maina/Bairro Vila Macarini - Loteamento Vila Bergamo, com área de 1.002,87m² - matrícula 134.141, de propriedade do município, não de uso e inservíveis a administração pública municipal de Criciúma-SC.","Dispensa de licitação",Compras,"MAIOR VALOR DA OUTORGA",2023-03-20,HOMOLOGADO," "," "," "," "," "," ",2023-03-20,," "," ","documentosRelacionados_b0eefeee-3f3b-4255-add7-6a7cfcc53db8.csv","compras@criciuma.sc.gov.br"," ","Rua Domênico Sônego","Rua Domênico Sônego",SC,"Dispensa de licitação"," ","itensVencedores_7c54096f-a751-4490-8e17-7448ca656cca.csv"," ",,," ","participantes_6cf9aa2d-22cb-45d9-a35b-f5442abf4177.csv",NÃO," "," ","Lei 8666/1993, Art. 17, I.a"," "," "
"PREFEITURA MUNICIPAL DE CRICIUMA",294,2023,294,2023," ","Contratação de instituição para prestação de serviços especializados de planejamento, organização e realização de Concurso Público de Provas para seleção de candidatos para provimento de vagas existentes e formação de cadastro reserva para diversos cargos da Administração Municipal de Criciúma.","Dispensa de licitação","Compras e Serviços","MENOR PRECO",2023-12-05,HOMOLOGADO," "," "," "," ",2023-12-05T08:00:00Z," ",2023-11-03,2023-12-05," "," ","documentosRelacionados_d40a7038-5bf9-40e1-b3ac-77b997b82b78.csv","compras@criciuma.sc.gov.br"," ","Rua Domênico Sônego","Rua Domênico Sônego",SC,Licitação,2023-11-13T08:00:00Z,"itensVencedores_0254d7f4-58bc-46ea-af7b-3763614c5db1.csv"," ",,," ","participantes_be13f2a3-93a0-438b-b4f5-cc2530ab0328.csv",NÃO," ",2023-12-05T08:00:00Z,"Lei 8666/1993, Art. 17, I.a"," "," "
"PREFEITURA MUNICIPAL DE CRICIUMA",293,2023,293,2023," ","Contratação mediante dispensa de licitação de serviços bancários com a Caixa Econômica Federal.","Dispensa de licitação","Compras e Serviços","MENOR PRECO",2023-12-05,HOMOLOGADO," "," "," "," ",2023-12-05T08:00:00Z," ",2023-12-05,2023-12-05," "," "," ","compras@criciuma.sc.gov.br"," ","Rua Domênico Sônego","Rua Domênico Sônego",SC,Licitação,2023-12-05T08:00:00Z,"itensVencedores_22fd38e8-a541-4ec9-876e-2dfb3316088d.csv"," ",,," ","participantes_3b42df5c-1801-40de-ad9f-126016885f0f.csv",NÃO," ",2023-12-05T08:00:00Z,"Lei 8666/1993, Art. 17, I.a"," "," "
"PREFEITURA MUNICIPAL DE CRICIUMA",158,2023,158,2023,2023-06-28,"Contratação de empresa especializada para realizar a execução e instalação de uma passarela metálica de acesso ao Parque dos Imigrantes sobre a rua José de Gerônimo Mateus, localizado no bairro Rio Maina, município de Criciúma - SC.","Tomada de Preço","Compras e Serviços","MENOR PREÇO GLOBAL POR LOTE",2023-07-27,HOMOLOGADO," "," "," ","contratos_46208c65-14df-444d-8552-2bb0987514c0.csv",2023-07-19T14:00:00Z," ",2023-06-16,2023-07-19," "," ","documentosRelacionados_31a63961-f4d3-45d6-8155-b9eeee3e3725.csv","compras@criciuma.sc.gov.br"," ","Rua Domênico Sônego","Rua Domênico Sônego",SC,Licitação,2023-06-16T08:00:00Z,"itensVencedores_39f52b67-5b43-4559-8b3d-6a21531de00a.csv",INTERNET,,," ","participantes_e05f891a-b0d8-42de-b9a3-6be5ac2762e5.csv",NÃO," ",2023-07-19T14:00:00Z,"Lei 8666/1993, Art. 22, II"," "," "
"PREFEITURA MUNICIPAL DE CRICIUMA",159,2023,159,2023,2023-07-28,"Contratação de empresa do ramo pertinente, para execução dos serviços necessários à realização das obras de reforma da SALA DE OPERAÇÕES DO 9º BATALHÃO DE POLICIA MILITAR – CRICIUMA, localizado no bairro Jardim Maristela - no município de Criciúma-SC.","Tomada de Preço","Compras e Serviços","MENOR PRECO GLOBAL",2023-08-02,HOMOLOGADO," "," "," "," ",2023-07-20T09:00:00Z," ",2023-06-14,2023-07-20," "," ","documentosRelacionados_a40fd0e9-1b32-4aac-9674-eaeefba1bf02.csv","compras@criciuma.sc.gov.br"," ","Rua Domênico Sônego","Rua Domênico Sônego",SC,Licitação,2023-06-14T08:00:00Z,"itensVencedores_ca7e6d88-b2f0-4ebe-b4d4-2376450621b2.csv",INTERNET,,," ","participantes_4e99630d-a648-4ce2-8505-1325581920b9.csv",NÃO," ",2023-07-20T09:00:00Z,"Lei 8666/1993, Art. 22, II"," "," "
"PREFEITURA MUNICIPAL DE CRICIUMA",291,2023,291,2023," ","Contratação de escritório de advocacia para prestação de serviços técnicos especializados para  desenvolvimento, implementação  e consultoria  da Nova Lei  de Licitações e Contratos Administrativos (NLLC)  Lei Federal n° 14.133/2021 no âmbito do Município de Criciúma/SC.","Inexigibilidade de licitação","Compras e Serviços","MENOR PRECO",2023-11-28,HOMOLOGADO," "," "," "," ",2023-11-28T08:00:00Z," ",2023-10-25,2023-11-28," "," ","documentosRelacionados_b0311d34-f1c2-4e27-8aa5-07d6f327136a.csv","compras@criciuma.sc.gov.br"," ","Rua Domênico Sônego","Rua Domênico Sônego",SC,Licitação,2023-11-28T08:00:00Z,"itensVencedores_52a2144d-f3a1-419d-8662-3e6dae82e04e.csv"," ",,," ","participantes_cd0ae721-83d8-42e3-b0a5-dfb30c99958c.csv",NÃO," ",2023-11-28T08:00:00Z,"Lei 8666/1993, Art. 15, CAPUT"," "," "
"PREFEITURA MUNICIPAL DE CRICIUMA",147,2023,147,2023,2023-06-16,"Contratação de empresa do ramo pertinente para execução dos serviços necessários à realização das obras de reforma (área 146,45m²) do prédio do CENTRO COMUNITÁRIO DO BAIRRO SANTO ANDRÉ, localizada na rua Maria de Lurdes Deiter - Município de Criciúma-SC.","Tomada de preços","Compras e Serviços","MENOR PRECO GLOBAL",2023-08-07,HOMOLOGADO," "," "," ","contratos_334879ce-c8d9-494e-b848-18cfcf425c0d.csv",2023-07-04T14:00:00Z," ",2023-05-31,2023-07-04," "," ","documentosRelacionados_e3fd74d5-b442-4e9e-9da7-8bb507ab55dc.csv","compras@criciuma.sc.gov.br"," ","Rua Domênico Sônego","Rua Domênico Sônego",SC,Licitação,2023-05-31T08:00:00Z,"itensVencedores_fa3dfbbb-2de3-48fe-9232-5adf0d51296a.csv",INTERNET,,," ","participantes_f692d3ff-3993-4d96-b217-406d09af735c.csv",NÃO," ",2023-07-04T14:00:00Z,"Lei 8666/1993, Art. 22, II"," "," "
"PREFEITURA MUNICIPAL DE CRICIUMA",271,2023,271,2023," ","Contratação emergencial de serviços de manutenção de 01 (uma) viatura auto tanque 66 do 4º batalhão de bombeiros militar do Município de Criciúma-SC.","Dispensa de licitação","Compras e Serviços","MENOR PRECO",2023-11-01,HOMOLOGADO," "," "," "," ",2023-11-01T08:00:00Z," ",2023-10-19,2023-11-01," "," ","documentosRelacionados_6fff41ee-e9ae-4a61-b20c-3fe5a733207c.csv","compras@criciuma.sc.gov.br"," ","Rua Domênico Sônego","Rua Domênico Sônego",SC,Licitação,2023-10-19T08:00:00Z,"itensVencedores_bc014b22-586f-4134-9926-aada8f8ac3a8.csv"," ",,," ","participantes_3dd9b5b4-f34d-451d-8dec-26263c9b4f2d.csv",NÃO," ",2023-11-01T08:00:00Z,"Lei 8666/1993, Art. 17, I.a"," "," "
"PREFEITURA MUNICIPAL DE CRICIUMA",363,2023,363,2023," ","Contratação de empresa especializada em serviços continuados de mão de obra exclusiva de apoio administrativo nível I para o 6º CIRETRAN de Criciúma/SC.","Inexigibilidade de licitação","Compras e Serviços","NÃO SE APLICA",2023-12-06,HOMOLOGADO,"adesao_13d5e0e6-fa52-4daa-b43f-11b1a74cd7ea.csv"," "," ","contratos_30c5a2aa-6793-4a24-b150-0fbb20917c71.csv"," "," ",2023-11-27,," "," "," ","compras@criciuma.sc.gov.br"," ","Rua Domênico Sônego","Rua Domênico Sônego",SC,"Adesão à ata de registro de preços"," ","itensVencedores_32f13c9f-8e1b-4b32-ab6d-1d6765f8e6ab.csv"," ",,," ","participantes_9ad19993-578c-4407-ad64-7cbb025ab49c.csv",NÃO," "," ","Lei 8666/1993, Art. 25, CAPUT"," "," "
"PREFEITURA MUNICIPAL DE CRICIUMA",249,2023,249,2023," ","Contratação, em caráter emergencial, de empresa especializada em serviços de vigilância eletrônica monitorada e no fornecimento de solução de circuito fechado de televisão - CFTV, baseado na tecnologia IP, em regime de comodato.","Dispensa de licitação","Compras e Serviços","MENOR PRECO GLOBAL",2023-10-11,HOMOLOGADO," "," "," "," ",2023-10-11T08:00:00Z," ",2023-09-25,2023-10-11," "," ","documentosRelacionados_05252d06-3e2d-481d-b8ad-be261a97ed6d.csv","compras@criciuma.sc.gov.br"," ","Rua Domênico Sônego","Rua Domênico Sônego",SC,Licitação,2023-10-11T08:00:00Z,"itensVencedores_bfa93f08-410d-44d3-9cba-d1bdbafdbe25.csv"," ",,," ","participantes_6be4879b-8ff2-421f-bc36-d5c16355a248.csv",NÃO," ",2023-10-11T08:00:00Z,"Lei 8666/1993, Art. 17, I.a"," "," "
"PREFEITURA MUNICIPAL DE CRICIUMA",123,2023,123,2023," ","Contratação de empresa especializada no fornecimento da licença de uso de software de engenharia para desenvolvimento de planilhas orçamentárias, orçamento, bases adicionais e medição de obras para a Secretaria Municipal de Infraestrutura, Planejamento e Mobilidade Urbana de Criciúma/SC.","Inexigibilidade de licitação",Compras,"MENOR PRECO",2023-05-17,HOMOLOGADO," "," "," "," ",2023-05-17T08:00:00Z," ",2023-04-17,2023-05-17," "," ","documentosRelacionados_553566e6-1ddf-4569-9982-485669b6aaab.csv","compras@criciuma.sc.gov.br"," ","Rua Domênico Sônego","Rua Domênico Sônego",SC,"Inexigibilidade de licitação",2023-04-17T08:00:00Z,"itensVencedores_7a5ddc91-5ad1-4ec3-9be8-ca23fcfad1cd.csv"," ",,," ","participantes_e92a0c06-76ca-40f3-a97c-28142016d8d2.csv",NÃO," ",2023-05-17T08:00:00Z,"Lei 8666/1993, Art. 15, CAPUT"," "," "
"PREFEITURA MUNICIPAL DE CRICIUMA",95,2023,95,2023,2023-04-19,"Contratação de empresa do ramo pertinente para execução dos serviços necessários à realização das obras de reforma do prédio do CENTRO COMUNITÁRIO DO BAIRRO SANTO ANDRÉ, localizada na rua Maria de Lurdes Deiter - Município de Criciúma-SC.","Tomada de preços","Compras e Serviços","MENOR PRECO"," ",REVOGADO," "," "," "," ",2023-05-08T14:00:00Z," ",2023-03-23,2023-05-08,2023-05-26," ","documentosRelacionados_a62a7df7-e8fc-4390-9e09-c351d450770c.csv","compras@criciuma.sc.gov.br"," ","Rua Domênico Sônego","Rua Domênico Sônego",SC,Licitação,2023-03-23T08:00:00Z,"itensVencedores_692e5613-b529-46de-ae84-f68b3be5a892.csv",INTERNET,"Razões de Interesse Público","Razões de Interesse Público"," ","participantes_383c33c0-a702-4d15-8d9e-6fff3b14ce01.csv",NÃO," ",2023-05-08T14:00:00Z,"Lei 8666/1993, Art. 22, II"," "," "
"PREFEITURA MUNICIPAL DE CRICIUMA",174,2023,174,2023," ","Apresentação artística, do espetáculo “Variétés, um cortejo circense”, como parte da programação da XVI FEIRA DO LIVRO DE CRICIÚMA 2023, a ser realizada na Praça Nereu Ramos – centro do Município de Criciúma-SC.","Inexigibilidade de licitação","Compras e Serviços","MENOR PRECO",2023-07-06,HOMOLOGADO," "," "," "," ",2023-07-06T08:00:00Z," ",2023-07-06,2023-07-06," "," ","documentosRelacionados_48c1022e-98b3-4bd5-b4e8-c357c64385ce.csv","compras@criciuma.sc.gov.br"," ","Rua Domênico Sônego","Rua Domênico Sônego",SC,Licitação,2023-07-06T08:00:00Z,"itensVencedores_685c77e8-6284-4416-96e2-c4de3d259ead.csv"," ",,," ","participantes_c16e26d8-930e-4d9f-b628-5038c2d60e25.csv",NÃO," ",2023-07-06T08:00:00Z,"Lei 8666/1993, Art. 15, CAPUT"," "," "
"PREFEITURA MUNICIPAL DE CRICIUMA",175,2023,175,2023," ","Apresentação artística, de dois espetáculos “Um Pé de Que?” e “Para Contar Estrelas”, como parte da programação da XVI FEIRA DO LIVRO DE CRICIÚMA 2023, a ser realizada na Praça Nereu Ramos – centro do Município de Criciúma-SC.","Inexigibilidade de licitação","Compras e Serviços","MENOR PRECO",2023-07-06,HOMOLOGADO," "," "," "," ",2023-07-06T08:00:00Z," ",2023-07-06,2023-07-06," "," ","documentosRelacionados_8aff0388-5135-44ae-8e7c-5b2074d091d5.csv","compras@criciuma.sc.gov.br"," ","Rua Domênico Sônego","Rua Domênico Sônego",SC,Licitação,2023-07-06T08:00:00Z,"itensVencedores_9ac68848-c8b5-4c0b-8041-7ba52c20bb4e.csv"," ",,," ","participantes_f453aace-6047-4476-b1cb-600fcff47f10.csv",NÃO," ",2023-07-06T08:00:00Z,"Lei 8666/1993, Art. 15, CAPUT"," "," "
"PREFEITURA MUNICIPAL DE CRICIUMA",173,2023,173,2023," ","Apresentação artística, do espetáculo “Passarinhar?”, como parte da programação da XVI FEIRA DO LIVRO DE CRICIÚMA 2023, a ser realizada na Praça Nereu Ramos – centro do Município de Criciúma-SC.","Inexigibilidade de licitação","Compras e Serviços","MENOR PRECO",2023-07-06,HOMOLOGADO," "," "," "," ",2023-07-06T08:00:00Z," ",2023-06-19,2023-07-06," "," ","documentosRelacionados_b48f4de8-2b0a-4833-8e8b-3e9c450eccd9.csv","compras@criciuma.sc.gov.br"," ","Rua Domênico Sônego","Rua Domênico Sônego",SC,Licitação,2023-07-06T08:00:00Z,"itensVencedores_fd3f82b1-7f3e-4f7d-a315-8f15c3411b25.csv"," ",,," ","participantes_941a17fd-65a9-4ddb-97bb-1ffdaa17a464.csv",NÃO," ",2023-07-06T08:00:00Z,"Lei 8666/1993, Art. 15, CAPUT"," "," "
"PREFEITURA MUNICIPAL DE CRICIUMA",268,2023,268,2023," ","Contratação de instituição para prestação de serviços especializados de planejamento, organização e realização de processo seletivo para seleção de professores da rede municipal de educação de Criciúma.","Dispensa de licitação","Compras e Serviços","MENOR PRECO GLOBAL",2023-10-26,HOMOLOGADO," "," "," "," ",2023-10-26T08:00:00Z," ",2023-10-26,2023-10-26," "," ","documentosRelacionados_7225d1ea-ba20-4307-ad02-ab23a9fa7991.csv","compras@criciuma.sc.gov.br"," ","Rua Domênico Sônego","Rua Domênico Sônego",SC,Licitação,2023-10-26T08:00:00Z,"itensVencedores_c35f14fe-ba4b-4596-9ce7-06f660fb8077.csv"," ",,," ","participantes_83aec07d-a953-4266-84ca-f0c229e1c446.csv",NÃO," ",2023-10-26T08:00:00Z,"Lei 8666/1993, Art. 17, I.a"," "," "
"PREFEITURA MUNICIPAL DE CRICIUMA",114,2023,114,2023," ","Contratação de Serviços de Assessoria e Consultoria com especialidade em Contabilidade Pública, nas áreas contábil, orçamentária, financeira, patrimonial e controladoria, para atender demandas do Município de Criciúma.","Inexigibilidade de licitação",Compras,"MENOR PRECO",2023-05-11,HOMOLOGADO," "," "," ","contratos_39370bb1-4d6a-4bd0-a03b-7bde208eee0c.csv",2023-05-11T08:00:00Z," ",2023-03-28,2023-05-11," "," ","documentosRelacionados_12adfe1a-a795-4380-ad9e-11b80d514364.csv","compras@criciuma.sc.gov.br"," ","Rua Domênico Sônego","Rua Domênico Sônego",SC,"Inexigibilidade de licitação",2023-03-28T08:00:00Z,"itensVencedores_3b0cd75c-6bb1-4b57-b412-300868641c88.csv"," ",,," ","participantes_ffe8501b-4a34-490f-a28d-710ca7323db7.csv",NÃO," ",2023-05-11T08:00:00Z,"Lei 8666/1993, Art. 15, CAPUT"," "," "
"PREFEITURA MUNICIPAL DE CRICIUMA",56,2023,56,2023," ","Contratação de empesa prestadora de serviço de Saúde e Segurança do Trabalho, com finalidade de realizar exames médicos ocupacionais e complementares, para aas Secretarias, Fundações e Autarquias do Município de Criciúma/SC, sendo estes vinculados ao PCMSO, o qual é elaborado respeitando as exigência da NR 07.","Dispensa de licitação",Compras,"MENOR PRECO GLOBAL",2023-03-08,HOMOLOGADO," "," "," "," ",2023-03-08T08:00:00Z," ",2023-03-08,2023-03-08," "," ","documentosRelacionados_7b5a1b1d-54bd-424f-986c-4956798941f8.csv","compras@criciuma.sc.gov.br"," ","Rua Domênico Sônego","Rua Domênico Sônego",SC,"Dispensa de licitação",2023-03-08T08:00:00Z,"itensVencedores_c80b7c1b-d7b8-4754-afb1-e0c7664349fe.csv"," ",,," ","participantes_57811347-9881-4b67-a12b-ab8aa2f153d2.csv",NÃO," ",2023-03-08T08:00:00Z,"Lei 8666/1993, Art. 17, I.a"," "," "
"PREFEITURA MUNICIPAL DE CRICIUMA",139,2023,139,2023," ","Contratação de empresa especializada, para execução do projeto Cidade Empreendedora (ciclo 2023-2024), composto por capacitações, consultorias, e soluções específicas para o desenvolvimento econômico do município de Criciúma - SC.","Dispensa de licitação",Compras,"MENOR PRECO",2023-06-06,HOMOLOGADO," "," "," "," ",2023-06-06T08:00:00Z," ",2023-05-01,2023-06-06," "," ","documentosRelacionados_18ab4089-ed94-4068-9cd4-571fd8ff794b.csv","compras@criciuma.sc.gov.br"," ","Rua Domênico Sônego","Rua Domênico Sônego",SC,"Dispensa de licitação",2023-06-06T08:00:00Z,"itensVencedores_e2e31972-c733-4489-82aa-e9f41ff3e223.csv"," ",,," ","participantes_09453049-90b5-49f7-b6d2-eaa3ad06aff9.csv",NÃO," ",2023-06-06T08:00:00Z,"Lei 8666/1993, Art. 17, I.a"," "," "
"PREFEITURA MUNICIPAL DE CRICIUMA",127,2023,127,2023," ","Contratação de empresa especializada para assessoria e consultoria em elaboração do edital de licitação de fiscalização eletrônica, compreendendo estudo técnico preliminar, estudo de alternativas, planejamento, desenvolvimento de planilha detalhada conforme exigências do TCE, e consultoria administrativa e técnica para acompanhamento do processo.","Dispensa de licitação",Compras,"MENOR PRECO",2023-05-25,HOMOLOGADO," "," "," ","contratos_c084aece-83ff-45aa-9d51-46f2133fffda.csv",2023-05-25T08:00:00Z," ",2023-04-17,2023-05-25," "," ","documentosRelacionados_73c64f1d-9e8e-4842-9d88-7a1880755ec3.csv","compras@criciuma.sc.gov.br"," ","Rua Domênico Sônego","Rua Domênico Sônego",SC,"Dispensa de licitação",2023-05-25T08:00:00Z,"itensVencedores_fd496364-2456-4a01-8534-837d866ae2cb.csv"," ",,," ","participantes_b09a3061-99e4-4704-bb0d-64a0bbfce20e.csv",NÃO," ",2023-05-25T08:00:00Z,"Lei 8666/1993, Art. 17, I.a"," "," "
"PREFEITURA MUNICIPAL DE CRICIUMA",183,2023,183,2023," ","Contratação de APRESENTAÇÃO ARTÍSTICA (TEATRAL) “Felpo Filva”., através da Produção Cirquinho do Revirado, selecionada para integrar a Programação XVI Feira do Livro de Criciúma 2023, anexo a Praça Nereu Ramos, Centro.","Inexigibilidade de licitação","Compras e Serviços","MENOR PRECO",2023-07-06,HOMOLOGADO," "," "," ","contratos_b382681b-df87-486d-b021-3484a1d86601.csv",2023-07-06T08:00:00Z," ",2023-07-05,2023-07-06," "," ","documentosRelacionados_48d51071-7716-4e50-8fa0-a9e1f2b3c699.csv","compras@criciuma.sc.gov.br"," ","Rua Domênico Sônego","Rua Domênico Sônego",SC,Licitação,2023-07-06T08:00:00Z,"itensVencedores_ba290891-a957-4dc1-b29c-467fa06a4e21.csv"," ",,," ","participantes_6f8c9a72-4da1-417b-bc1d-0b81b5e85c78.csv",NÃO," ",2023-07-06T08:00:00Z,"Lei 8666/1993, Art. 15, CAPUT"," "," "
"FUNDAÇÃO CULTURAL DE CRICIÚMA",1,2023,1,2023,2023-07-26,"Contratação de empresa especializada para prestação de serviços de assessoria, referente a planejamento, consultoria, acompanhamento e prestação de contas para implementação e aplicação da Lei Complementar Nº 195/2022, “Lei Paulo Gustavo”, visando atender às necessidades da Fundação Cultural de Criciúma-FCC.",Convite,"Compras e Serviços","MENOR PRECO"," ",REVOGADO," "," "," "," ",2023-08-04T14:00:00Z," ",2023-07-24,2023-08-04,2023-08-04," ","documentosRelacionados_0cf6f523-23d2-48c2-8728-a419455028e6.csv",fcc@criciuma.sc.gov.br," ","Rua Coronel Pedro Benedet","Rua Coronel Pedro Benedet",SC,Licitação,2023-07-31T08:00:00Z," ",INTERNET," ","Licitação deserta"," "," ",NÃO," ",2023-08-04T14:00:00Z,"Lei 8666/1993, Art. 22, III",87500," "
"FUNDAÇÃO CULTURAL DE CRICIÚMA",7,2023,7,2023,2023-10-20,"Contratação de produtora para prestação de serviços de gestão e organização das atrações artísticas musicais e congêneres inerentes às comemorações do aniversário de Criciúma nos dias 03 a 05 de novembro de 2023.","Pregão presencial","Compras e Serviços","MENOR PRECO GLOBAL"," ",REVOGADO," "," "," "," ",2023-10-31T09:00:00Z," ",2023-10-19,2023-10-31,2023-10-27," ","documentosRelacionados_fc8a9492-5cdd-40ce-95ad-92bc40acd24b.csv",fcc@criciuma.sc.gov.br," ","Rua Coronel Pedro Benedet","Rua Coronel Pedro Benedet",SC,Licitação,2023-10-19T08:00:00Z," ",MURAL_PUBLICO," ","Razões de Interesse Público"," "," ",NÃO," ",2023-10-31T09:00:00Z,"Lei 8666/1993, Art. 15, CAPUT",97000," "
"PREFEITURA MUNICIPAL DE CRICIUMA",76,2023,76,2023,2023-03-29,"Contratação de empresa do ramo pertinente para execução, SOB DEMANDA, de serviços de assentamento de  tubulação e galerias retangulares de drenagem urbana em ruas no perímetro do Município de Criciúma-SC.","Tomada de Preço","Compras e Serviços","MENOR PRECO",2023-05-04,HOMOLOGADO," "," "," ","contratos_a2285950-1188-4ce3-81b5-583e862fe28c.csv",2023-04-14T14:00:00Z," ",2023-02-15,2023-04-14," "," ","documentosRelacionados_16b4a871-9cf0-4533-90b4-1335795e1b03.csv","compras@criciuma.sc.gov.br"," ","Rua Domênico Sônego","Rua Domênico Sônego",SC,Licitação,2023-02-15T08:00:00Z,"itensVencedores_898c2b6b-7995-43f8-a645-777dc4d3cba7.csv",INTERNET," "," "," ","participantes_283209a5-7d0a-47e4-a4f3-15bb354c67bf.csv",NÃO," ",2023-04-14T14:00:00Z,"Lei 8666/1993, Art. 22, II",1298699.48,811253.49
"PREFEITURA MUNICIPAL DE CRICIUMA",85,2023,85,2023,2023-03-31,"Concessão onerosa de uso para exploração comercial do espaço do BAR E LANCHONETE do equipamento público denominado CANCHA DE BOCHA DO PARQUE DAS NAÇÕES CINCINATO NASPOLINI, por tempo determinado, localizado na avenida Gabriel Zanette – bairro próspera no Município de Criciúma-SC.",Concorrência,"Compras e Serviços","MAIOR LANCE Global",2023-05-08,HOMOLOGADO," "," "," ","contratos_fce5d699-b44e-4bec-90b5-818f6d1056fb.csv",2023-05-04T14:00:00Z," ",2023-03-29,2023-05-04," "," ","documentosRelacionados_95a8ddb9-0e9f-44f1-863c-0b5de3834533.csv","compras@criciuma.sc.gov.br"," ","Rua Domênico Sônego","Rua Domênico Sônego",SC,Licitação,2023-03-29T08:00:00Z,"itensVencedores_59a90bad-5c89-4e3e-951b-565463f0e9be.csv",INTERNET," "," "," ","participantes_ffe489a8-7b17-427b-b2ad-28602d6077b1.csv",NÃO," ",2023-05-04T14:00:00Z,"Lei 8666/1993, Art. 15, CAPUT",1200,2100
"PREFEITURA MUNICIPAL DE CRICIUMA",77,2023,77,2023,2023-03-29,"Contratação de empresa do ramo pertinente para execução, SOB DEMANDA, de serviços de manutenção de tubulações de drenagem urbana em ruas no perímetro do Município de Criciúma-SC.","Tomada de preços","Compras e Serviços","MENOR PRECO",2023-05-08,HOMOLOGADO," "," "," ","contratos_0ce0d16c-2490-46d8-959c-7c3a44a07ff1.csv",2023-04-17T14:00:00Z," ",2023-02-15,2023-04-17," "," ","documentosRelacionados_1dded845-6175-423d-8886-5f38368b2fc7.csv","compras@criciuma.sc.gov.br"," ","Rua Domênico Sônego","Rua Domênico Sônego",SC,Licitação,2023-02-15T08:00:00Z,"itensVencedores_cd256ef1-dc76-4d4c-99d0-5223b079cacf.csv",INTERNET," "," "," ","participantes_b249851b-5f35-42f5-95f0-45d4518d21ea.csv",NÃO," ",2023-04-17T14:00:00Z,"Lei 8666/1993, Art. 22, II",911312.72,567822.21
"PREFEITURA MUNICIPAL DE CRICIUMA",83,2023,83,2023,2023-03-30,"Contratação de empresa do ramo pertinente para execução, SOB DEMANDA, dos serviços necessários à realização de limpeza manual, mecânica e remoção do material de descarte de canais, córregos, rios e seus afluentes no Município de Criciúma-SC.","Tomada de Preço","Compras e Serviços","MENOR PRECO",2023-05-11,HOMOLOGADO," "," "," ","contratos_028b80a8-8b53-484d-b77d-835caee8319a.csv",2023-04-19T09:00:00Z," ",2022-12-27,2023-04-19," "," ","documentosRelacionados_cf6fec3b-0269-4068-b107-9d14de2a8acc.csv","compras@criciuma.sc.gov.br"," ","Rua Domênico Sônego","Rua Domênico Sônego",SC,Licitação,2022-12-27T08:00:00Z,"itensVencedores_a6a1cdee-e93e-4500-98ef-60139132a6c8.csv",INTERNET," "," "," ","participantes_ff862bb7-264b-4b4c-9267-8a68746087ae.csv",NÃO," ",2023-04-19T09:00:00Z,"Lei 8666/1993, Art. 22, II",599070.4,418091
"PREFEITURA MUNICIPAL DE CRICIUMA",75,2023,75,2023,2023-03-29,"Contratação de empresa do ramo pertinente para execução, SOB DEMANDA, de passeios e calçadas em logradouros públicos, no perímetro do Município de Criciúma-SC.","Tomada de preços","Compras e Serviços","MENOR PRECO",2023-05-04,HOMOLOGADO," "," "," ","contratos_35215564-b309-45cc-8991-6cc9e40baaa4.csv",2023-04-14T09:00:00Z," ",2023-02-15,2023-04-14," "," ","documentosRelacionados_4c857bf4-7df4-46ce-bf23-e501f54b7dee.csv","compras@criciuma.sc.gov.br"," ","Rua Domênico Sônego","Rua Domênico Sônego",SC,Licitação,2023-02-15T08:00:00Z,"itensVencedores_d9df6fd6-9d4c-4a7e-950c-321644a9accc.csv",INTERNET," "," "," ","participantes_5d17e12f-c307-491f-8eec-b69f72956db7.csv",NÃO," ",2023-04-14T09:00:00Z,"Lei 8666/1993, Art. 22, II",1340626.5,911651.5
"FUNDAÇÃO MUNICIPAL DE ESPORTES DE CRICIÚMA",5,2023,5,2023,2023-03-29,"O presente edital tem por objetivo a aquisição de troféus e medalhas para premiação de atletas participantes de competições organizadas pela Fundação Municipal de Esportes do município de Criciúma/SC.","Pregão eletrônico","Compras e Serviços","MENOR PRECO GLOBAL",2023-05-19,HOMOLOGADO," "," "," ","contratos_7100a024-16e7-4acc-b456-ca2a45d58afd.csv",2023-04-20T09:00:00Z," ",2023-03-29,2023-04-20," "," ","documentosRelacionados_48c9b35c-b0f3-4dea-b8cf-48e6442a79a8.csv",," ","Rua: Domênico Sonego","Rua: Domênico Sonego",SC,Licitação,2023-03-29T08:00:00Z,"itensVencedores_2509f791-49b9-4456-b343-76f52f387f2f.csv",MURAL_PUBLICO," "," "," ","participantes_ac243e4a-f70b-495d-9a35-57fcbdbe50dc.csv",NÃO," ",2023-04-20T09:00:00Z,"Lei 8666/1993, Art. 15, CAPUT",46935,19899.6
"FUNDO MUNICIPAL DE SAUDE DE CRICIUMA",5,2023,5,2023,2023-02-10,"O presente edital tem por objetivo o registro de preços de reagentes químicos, reagentes para diagnóstico laboratorial e equipamentos de laboratório para atendimento às necessidades dos serviços da Vigilância em Saúde de Criciúma/SC.","Pregão eletrônico","Compras e Serviços","MENOR PRECO POR ITEM",2023-03-07,HOMOLOGADO," ","atasRegistroPrecos_6254e995-84de-4350-a81b-a66570b9ccb5.csv"," "," ",2023-03-01T09:00:00Z," ",2022-12-28,2023-03-01," ","despesas_673f1d47-494d-4c37-ac5a-52f24ac96e90.csv","documentosRelacionados_12d8d7e9-8e09-4bf6-8799-d01e7c081250.csv",saude@criciuma.sc.gov.br,"empenhos_73c08289-6bd3-4cd1-86c8-f92427631f61.csv","Rua Domênico Sônego","Rua Domênico Sônego",SC,Licitação,2022-12-28T08:00:00Z,"itensVencedores_a09c3c78-6dd3-4ccd-bbe0-3885f1083df3.csv",MURAL_PUBLICO," "," "," ","participantes_f17c1f92-fa37-4ad8-b3da-1fc6f097b4ce.csv",SIM," ",2023-03-01T09:00:00Z,"Lei 8666/1993, Art. 15, CAPUT",40442.42,29831.46
"FUNDO MUNICIPAL DE SAUDE DE CRICIUMA",1,2023,1,2023,2023-01-27,"O presente edital tem por objetivo a aquisição e instalação de máquinas de ar condicionado Split, para atendimento aos serviços de saúde, compreendendo o fornecimento dos materiais, em atendimento a Secretaria Municipal de Saúde.","Pregão eletrônico","Compras e Serviços","MENOR PRECO POR ITEM",2023-04-26,HOMOLOGADO," "," "," ","contratos_b6ad80a3-96cf-4a4f-8056-70cfcfd0c539.csv",2023-02-07T09:00:00Z," ",2022-10-18,2023-02-07," "," ","documentosRelacionados_f6fdb159-c9e2-4765-bbcc-7bab703a77e3.csv",saude@criciuma.sc.gov.br," ","Rua Domênico Sônego","Rua Domênico Sônego",SC,Licitação,2023-01-26T08:00:00Z,"itensVencedores_ef6a276b-bf22-4be5-ad4c-838e73496bc5.csv",INTERNET," "," "," ","participantes_4c9c5be8-ef62-446c-b4cf-65b7756e9cbf.csv",NÃO," ",2023-02-07T09:00:00Z,"Lei 8666/1993, Art. 15, CAPUT",119351.34,77946
"FUNDO MUNICIPAL DE SAUDE DE CRICIUMA",4,2023,4,2023,2023-02-09,"O presente edital tem por objetivo a aquisição de medicamentos constantes do guia da farmácia, para uso emergencial e cumprimento de mandados judiciais, mediante prescrição médica, em atendimento a Secretaria Municipal de Saúde do município de Criciúma/SC.","Pregão eletrônico","Compras e Serviços","MAIOR DESCONTO SOBRE TABELA",2023-02-24,HOMOLOGADO," "," "," ","contratos_da1b12c0-f15f-477c-8cf7-04e113eeb5e8.csv",2023-02-23T09:00:00Z," ",2023-01-12,2023-02-23," "," ","documentosRelacionados_ac4c08fc-ba8e-44f4-b164-946eeaf9f060.csv",saude@criciuma.sc.gov.br," ","Rua Domênico Sônego","Rua Domênico Sônego",SC,Licitação,2023-01-12T08:00:00Z,"itensVencedores_14a4d336-3fe0-4560-a2bf-8e167bb80a2b.csv",MURAL_PUBLICO," "," "," ","participantes_d4c04094-1b73-4943-9be5-6a2e18e5eb1e.csv",NÃO," ",2023-02-23T09:00:00Z,"Lei 8666/1993, Art. 15, CAPUT",300000,300000
"FUNDO MUNICIPAL DE SAUDE DE CRICIUMA",22,2023,22,2023,2023-06-13,"O presente edital tem por objetivo a contratação de entidades públicas, filantrópicas e/ou privadas, prestadoras de serviços laboratoriais de anatomia patológica para viabilizar o funcionamento do Serviço de Verificação de Óbitos (SVO), para o município de Criciúma/SC.","Pregão eletrônico","Compras e Serviços","MENOR PRECO GLOBAL"," ",REVOGADO," "," "," "," ",2023-06-27T09:00:00Z," ",2023-03-17,2023-06-27,2023-06-27," ","documentosRelacionados_9b9f6558-d9a5-48e3-964a-ccee7bcca2d6.csv",saude@criciuma.sc.gov.br," ","Rua Domênico Sônego","Rua Domênico Sônego",SC,Licitação,2023-03-17T08:00:00Z," ",INTERNET," ","Licitação fracassada"," "," ",NÃO," ",2023-06-27T09:00:00Z,"Lei 8666/1993, Art. 15, CAPUT",415958.4," "
"FUNDO MUNICIPAL DE SAUDE DE CRICIUMA",32,2023,32,2023,2023-08-02,"O presente edital tem por objetivo o registro de preços de tiras reagentes para medição da glicemia capilar e seringa para administração de medicamentos, para aquisições futuras em atendimento da Rede Municipal de Saúde de Criciúma/SC.","Pregão eletrônico","Compras e Serviços","MENOR PRECO POR ITEM",2023-09-27,HOMOLOGADO," ","atasRegistroPrecos_6f67e230-bd4a-49d7-935b-866d69cb6533.csv"," "," ",2023-08-14T14:00:00Z," ",2023-06-22,2023-08-14," ","despesas_f79c36ac-d8e1-4cd4-869b-5ffaea30d0c4.csv","documentosRelacionados_99d80b1a-8a2c-4a09-9c12-dcf9f6683408.csv",saude@criciuma.sc.gov.br,"empenhos_9d8c6686-827a-44c6-b566-bf3e55e92059.csv","Rua Domênico Sônego","Rua Domênico Sônego",SC,Licitação,2023-06-22T08:00:00Z,"itensVencedores_672e44a4-effb-43dc-ada5-af336ac04e29.csv",INTERNET," "," "," ","participantes_5c709e27-6bc9-461d-8166-04dbca9a1cdf.csv",SIM," ",2023-08-14T14:00:00Z,"Lei 8666/1993, Art. 15, CAPUT",1306300,979320
"FUNDO MUNICIPAL DE SAUDE DE CRICIUMA",7,2023,7,2023,2023-02-17,"O presente edital tem por objetivo a aquisição de equipamentos eletrodomésticos/ eletroeletrônicos e materiais diversos, para atendimento das unidades pertencentes a Rede Municipal de Saúde de Criciúma/SC.","Pregão eletrônico","Compras e Serviços","MENOR PRECO POR ITEM",2023-04-12,HOMOLOGADO," "," "," ","contratos_c9aa2865-c1ea-49a8-a508-5762956962ab.csv",2023-03-07T09:00:00Z," ",2023-01-31,2023-03-07," "," ","documentosRelacionados_51b6ca8b-3d62-4442-b4fb-5b953e8d933a.csv",saude@criciuma.sc.gov.br," ","Rua Domênico Sônego","Rua Domênico Sônego",SC,Licitação,2023-02-20T08:00:00Z,"itensVencedores_209d1c48-adaf-465b-bfd0-e1ad72ff837a.csv",INTERNET," "," "," ","participantes_8068a0cd-59ba-447c-8024-2422b60b8174.csv",NÃO," ",2023-03-07T09:00:00Z,"Lei 8666/1993, Art. 15, CAPUT",72101.16,54040.45
"FUNDO MUNICIPAL DE SAUDE DE CRICIUMA",12,2023,12,2023,2023-03-09,"A aquisição de recargas de vale transporte para os usuários dos programas de saúde: CAPS I, CAPS II, CAPS II AD, CAPS III e DST/HIV/AIDS pertencentes à Secretaria Municipal de Saúde do Município de Criciúma /SC.","Inexigibilidade de licitação","Compras e Serviços","MENOR PRECO GLOBAL",2023-03-09,HOMOLOGADO," "," "," ","contratos_05a77c89-f27e-45a8-9dad-e33097f83f97.csv",2023-03-09T08:00:00Z," ",2023-02-03,2023-03-09," "," ","documentosRelacionados_dbf6efd3-5686-4a8f-8be7-780ab5a6ca59.csv",saude@criciuma.sc.gov.br," ","Rua Domênico Sônego","Rua Domênico Sônego",SC,Licitação,2023-03-09T08:00:00Z,"itensVencedores_ec38740c-9868-4d0b-a552-9b54fac5a28c.csv",INTERNET," "," "," ","participantes_60922d30-205f-4a44-b3b8-f824bcb5e0e0.csv",NÃO," ",2023-03-09T08:00:00Z,"Lei 8666/1993, Art. 15, CAPUT",188502,188502
"FUNDO MUNICIPAL DE SAUDE DE CRICIUMA",14,2023,14,2023,2023-03-17,"Contratação de empresa do ramo pertinente para execução, SOB DEMANDA, dos serviços necessários a realização de pequenas reformas, reparos, consertos, manutenção, adequações, adaptações e pinturas em prédios de atendimentos da saúde, pertencentes a rede pública municipal de Criciúma-SC.",Concorrência,"Compras e Serviços","MENOR PRECO",2023-05-12,HOMOLOGADO," "," "," ","contratos_e19563f7-4fa6-4dac-86d3-801940fc56f9.csv",2023-04-19T14:00:00Z," ",2022-12-15,2023-04-19," "," ","documentosRelacionados_74286a85-6c75-4178-a1c1-90eeb71e07e4.csv",saude@criciuma.sc.gov.br," ","Rua Domênico Sônego","Rua Domênico Sônego",SC,Licitação,2022-12-15T08:00:00Z,"itensVencedores_0e1f0016-d626-453e-ab9e-865021a848fb.csv",INTERNET," "," "," ","participantes_5246ad6e-e901-477a-9468-62a0c6edcac7.csv",NÃO," ",2023-04-19T14:00:00Z,"Lei 8666/1993, Art. 15, CAPUT",4710137.78,2863098.92
"FUNDO MUNICIPAL DE SAUDE DE CRICIUMA",20,2023,20,2023,2023-06-12,"O presente edital tem por objetivo a contratação de empresa especializada em serviços de manutenção preventiva e corretiva e assistência técnica de aparelhos de refrigeração câmaras frias, incluindo por demanda, a substituição de peças e acessórios de reposição, bem como serviços inerentes a reparos, conservação e recuperação em atendimento à Rede Municipal de Saúde de Criciúma/SC.","Pregão eletrônico","Compras e Serviços","MENOR PRECO GLOBAL",2023-06-23,HOMOLOGADO," "," "," ","contratos_9630f77a-7aba-4c43-ace1-1f619f83ca2f.csv",2023-06-23T14:00:00Z," ",2023-05-23,2023-06-23," "," ","documentosRelacionados_bea796c9-9b72-40a5-b63d-fc144e293183.csv",saude@criciuma.sc.gov.br," ","Rua Domênico Sônego","Rua Domênico Sônego",SC,Licitação,2023-05-23T08:00:00Z,"itensVencedores_24c1a8c8-62e2-433c-9d48-683a27d68743.csv",INTERNET," "," "," ","participantes_5114485d-984e-4807-a50a-e8e3cb91dd89.csv",NÃO," ",2023-06-23T14:00:00Z,"Lei 8666/1993, Art. 15, CAPUT",481678,259000.0
"FUNDO MUNICIPAL DE SAUDE DE CRICIUMA",28,2023,28,2023,2023-07-13,"O presente edital tem por objetivo o registro de preços de gêneros alimentícios, materiais descartáveis, EPIS, no atendimento aos usuários dos programas CAPS II, CAPS II AD, CAPS III, CAPS INFANTIL, pertencentes e do quadro de programas da Rede Municipal de Saúde de Criciúma/SC.","Pregão eletrônico","Compras e Serviços","MENOR PRECO POR ITEM",2023-08-22,HOMOLOGADO," ","atasRegistroPrecos_c0bc1784-6ab8-4154-8a9a-a7d85f4114ce.csv"," "," ",2023-07-25T09:00:00Z," ",2023-06-01,2023-07-25," ","despesas_a702cdc8-1451-4670-8100-f9cd4cf6e97b.csv","documentosRelacionados_d58dc102-1ba1-4368-9dd2-71847c12be3b.csv",saude@criciuma.sc.gov.br,"empenhos_abfaa3f7-82df-4208-b923-34e2a0244c2a.csv","Rua Domênico Sônego","Rua Domênico Sônego",SC,Licitação,2023-06-01T08:00:00Z,"itensVencedores_c61c8585-5995-4af8-9757-2964769fa121.csv",INTERNET," "," "," ","participantes_fae749db-44ca-4cf8-b94e-c3218150212d.csv",SIM," ",2023-07-25T09:00:00Z,"Lei 8666/1993, Art. 15, CAPUT",514887.24,426345.38
"FUNDO MUNICIPAL DE SAUDE DE CRICIUMA",11,2023,11,2023,2023-03-07,"O presente edital tem por objetivo a para aquisição de “Curativos especiais”, para utilização dos pacientes atendidos pelo Ambulatório de Feridas, pertencente à Rede Municipal de Saúde de Criciúma/SC.","Pregão eletrônico","Compras e Serviços","MENOR PRECO POR ITEM",2023-05-03,HOMOLOGADO," "," "," ","contratos_6e9d7be6-856b-44a2-9267-6bb3f40bc9ca.csv",2023-03-20T09:00:00Z," ",2023-02-13,2023-03-20," "," ","documentosRelacionados_8d8aa36f-d3a0-408c-8562-d2253258b83f.csv",saude@criciuma.sc.gov.br," ","Rua Domênico Sônego","Rua Domênico Sônego",SC,Licitação,2023-02-28T08:00:00Z,"itensVencedores_f9ab7cb9-4c62-4868-b2a8-cd4d696f83d5.csv",INTERNET," "," "," ","participantes_2c390aa8-05c2-46ac-b0ef-eab453a7db79.csv",NÃO," ",2023-03-20T09:00:00Z,"Lei 8666/1993, Art. 15, CAPUT",1157092.1,1246146.9
"FUNDO MUNICIPAL DE SAUDE DE CRICIUMA",25,2023,25,2023,2023-06-15,"O presente edital tem por objetivo o registro de preços de vacinas e insumos veterinários, para atendimento aos serviços da Rede Municipal de Saúde de Criciúma/SC.","Pregão eletrônico","Compras e Serviços","MENOR PRECO POR ITEM",2023-07-05,HOMOLOGADO," ","atasRegistroPrecos_ccd7d526-3bc5-419c-b6e0-d16b2122ae22.csv"," "," ",2023-06-29T14:00:00Z," ",2023-05-24,2023-06-29," ","despesas_610d0e73-f18e-424c-8489-d7a6d7954050.csv","documentosRelacionados_6e7dfbd5-9135-4c37-87f5-ff6d82728a78.csv",saude@criciuma.sc.gov.br,"empenhos_9464c3b2-d5e2-46eb-a814-30761b790e9f.csv","Rua Domênico Sônego","Rua Domênico Sônego",SC,Licitação,2023-05-24T08:00:00Z,"itensVencedores_e63b3a52-3671-4bfa-b284-75fa79ac73ee.csv",MURAL_PUBLICO," "," "," ","participantes_7663d7da-cefb-41b9-8e35-88eb4fe7f947.csv",SIM," ",2023-06-29T14:00:00Z,"Lei 8666/1993, Art. 15, CAPUT",37868.36,24322.56
"FUNDO MUNICIPAL DE SAUDE DE CRICIUMA",10,2023,10,2023,2023-02-28,"O presente edital tem por objetivo a aquisição de materiais de trabalho (em forma de kit’s), para distribuição aos ACS (Agentes Comunitários de Saúde) matriculados no Programa do Ministério da Saúde, “Saúde com Agente” em atendimento a Rede Municipal de Saúde de Criciúma/SC.","Pregão eletrônico","Compras e Serviços","MENOR PREÇO POR LOTE",2023-03-16,HOMOLOGADO," "," "," ","contratos_42b0ea8a-a8b8-46d3-8ce6-bbb4818b5aef.csv",2023-02-28T09:00:00Z," ",2023-02-02,2023-02-28," "," ","documentosRelacionados_c921a900-2534-4b68-abc3-46c2531aabcf.csv",saude@criciuma.sc.gov.br," ","Rua Domênico Sônego","Rua Domênico Sônego",SC,Licitação,2023-02-28T08:00:00Z,"itensVencedores_a599f1c9-ed50-43b9-ad3a-b374eb351c6b.csv",INTERNET," "," "," ","participantes_1964525a-0bd5-4b66-9341-99261a4eca18.csv",NÃO," ",2023-02-28T09:00:00Z,"Lei 8666/1993, Art. 15, CAPUT",23970,21790
"FUNDO MUNICIPAL DE SAUDE DE CRICIUMA",26,2023,505,2023,2023-06-16,"O presente edital tem por objetivo o registro de preços de equipamentos de T.I. (computadores), para atendimento aos serviços da Rede Municipal de Saúde de Criciúma/SC.","Pregão eletrônico","Compras e Serviços","MENOR PRECO POR ITEM"," ",REVOGADO," "," "," "," ",2023-06-30T14:00:00Z," ",2023-05-05,2023-06-30,2023-06-27," ","documentosRelacionados_3b155417-7d2a-487c-9a1e-1bf132333592.csv",saude@criciuma.sc.gov.br," ","Rua Domênico Sônego","Rua Domênico Sônego",SC,Licitação,2023-05-05T08:00:00Z," ",INTERNET," ","Razões de Interesse Público"," "," ",NÃO," ",2023-06-30T14:00:00Z,"Lei 8666/1993, Art. 15, CAPUT",0," "
"FUNDO MUNICIPAL DE SAUDE DE CRICIUMA",2,2023,2,2023,2023-02-14,"O presente edital tem por objetivo o registro de preços de peças para manutenção corretiva e preventiva de equipamentos odontológicos, para aquisições futuras, no atendimento aos consultórios odontológicos da Rede Municipal de Saúde do município de Criciúma/SC.","Pregão eletrônico","Compras e Serviços","MENOR PRECO GLOBAL",2023-02-25,HOMOLOGADO," ","atasRegistroPrecos_2be12fea-f1e5-421b-9621-c55f7142aacc.csv"," "," ",2023-02-25T09:00:00Z," ",2023-02-01,2023-02-25," ","despesas_b6177256-48db-45a1-b901-f7c1fedff5b3.csv","documentosRelacionados_57e0338d-a475-4bf3-9aa0-c2b267209e8e.csv",saude@criciuma.sc.gov.br,"empenhos_131a5a27-ef22-4d9f-94aa-386621e42496.csv","Rua Domênico Sônego","Rua Domênico Sônego",SC,Licitação,2023-02-01T08:00:00Z,"itensVencedores_e0691f73-05d5-4d21-8ddf-a87b0ba87121.csv",INTERNET," "," "," ","participantes_4fcbd309-a839-41e8-81bd-32fee673642c.csv",SIM," ",2023-02-07T09:00:00Z,"Lei 8666/1993, Art. 15, II",248958,243714
"FUNDO MUNICIPAL DE SAUDE DE CRICIUMA",15,2023,15,2023,2023-03-28,"O presente edital tem por objetivo o registro de preços de vacinas e insumos veterinários, para atendimento aos serviços da Rede Municipal de Saúde de Criciúma/SC.","Pregão eletrônico","Compras e Serviços","MENOR PRECO POR ITEM",2023-04-26,HOMOLOGADO," ","atasRegistroPrecos_c24e33a6-a9d0-4425-b431-d7a73941324d.csv"," "," ",2023-04-18T14:00:00Z," ",2023-02-27,2023-04-18," ","despesas_8b1677ea-1239-4509-b075-6905f87d476a.csv","documentosRelacionados_b5ee2e65-12cb-40bb-b2ea-84ee7d0d3d5c.csv",saude@criciuma.sc.gov.br,"empenhos_5c3f3073-db11-4b1d-add1-b92a05d1115d.csv","Rua Domênico Sônego","Rua Domênico Sônego",SC,Licitação,2023-03-29T08:00:00Z,"itensVencedores_ba007f53-788b-49b6-8bc5-fa1ea1cb595b.csv",MURAL_PUBLICO," "," "," ","participantes_8ba3ecd8-1001-4415-9021-13bb5dc55c5a.csv",SIM," ",2023-04-18T14:00:00Z,"Lei 8666/1993, Art. 15, CAPUT",94063.03,47396.55
"FUNDO MUNICIPAL DE SAUDE DE CRICIUMA",6,2023,6,2023,2023-02-10,"O presente edital tem por objetivo a confecção, montagem e instalação de móveis planejados confeccionados em MDF e cadeiras, a serem montados e instalados nas dependências do prédio do antigo Hospital Sto. Agostinho Rio Maina, para funcionamento dos serviços de saúde, o Tele Saúde e o Transporte por Aplicativo, pertencentes à Rede Municipal de Atenção à Saúde de Criciúma/SC.","Pregão eletrônico","Compras e Serviços","MENOR PREÇO GLOBAL POR LOTE",2023-03-22,HOMOLOGADO," "," "," ","contratos_bbf53c48-27ce-41e9-90f7-ec7c338f0a05.csv",2023-03-01T14:00:00Z," ",2023-01-18,2023-03-01," "," ","documentosRelacionados_401d2bc5-b229-4d98-bc1a-789ee9c11fdc.csv",saude@criciuma.sc.gov.br," ","Rua Domênico Sônego","Rua Domênico Sônego",SC,Licitação,2023-01-18T08:00:00Z,"itensVencedores_bc5e132e-ffe2-4a54-b3eb-95c09b1deb0e.csv",MURAL_PUBLICO," "," "," ","participantes_4fd9970b-ec08-457e-8ad2-886f2e4e6a49.csv",NÃO," ",2023-03-01T14:00:00Z,"Lei 8666/1993, Art. 15, CAPUT",90102,88500.0
"FUNDO MUNICIPAL DE SAUDE DE CRICIUMA",19,2023,19,2023,2023-05-11,"O presente edital tem por objetivo o registro de preços de medicamentos para atendimento a Rede Municipal de Saúde do município de Criciúma/SC.","Pregão eletrônico","Compras e Serviços","MENOR PRECO POR ITEM",2023-06-12,HOMOLOGADO," ","atasRegistroPrecos_5b410ea7-9572-4823-9f39-02431ee6850d.csv"," "," ",2023-05-24T09:00:00Z," ",2023-03-15,2023-05-24," ","despesas_b290cf12-0de2-42b0-85c3-fe500b6151d2.csv","documentosRelacionados_d912d9b2-b5a9-482d-8df0-42e00c524b19.csv",saude@criciuma.sc.gov.br,"empenhos_f8a86de0-4aa1-4278-a731-0351f6c7e3cb.csv","Rua Domênico Sônego","Rua Domênico Sônego",SC,Licitação,2023-04-13T08:00:00Z,"itensVencedores_e69511ef-905a-4b45-8d49-1e2ff6e81aa5.csv",INTERNET," "," "," ","participantes_f27f76c3-3ff0-49a2-9851-222a2ad1f04d.csv",SIM," ",2023-05-24T09:00:00Z,"Lei 8666/1993, Art. 15, CAPUT",1.99745762E7,1.24055746E7
"FUNDO MUNICIPAL DE SAUDE DE CRICIUMA",16,2023,16,2023,2023-04-11,"O presente edital tem por objetivo o registro de preços para a confecção de aparelhos ortodônticos e ortopédicos, em atendimentos aos pacientes no Centro de Especialidades Odontológicas do Município de Criciúma/SC.","Pregão eletrônico","Compras e Serviços","MENOR PRECO GLOBAL",2023-04-26,HOMOLOGADO," ","atasRegistroPrecos_23435be4-e5d1-4a71-bc94-c001aa3dbb92.csv"," "," ",2023-04-25T09:00:00Z," ",2023-03-11,2023-04-25," ","despesas_cf8d1fe5-86d3-49da-83c4-737ae4f5179c.csv","documentosRelacionados_5c60d590-738d-45ab-8de0-4e2ab422ccc1.csv",saude@criciuma.sc.gov.br,"empenhos_863f219f-009b-4176-87d9-7ee2c4042860.csv","Rua Domênico Sônego","Rua Domênico Sônego",SC,Licitação,2023-03-11T08:00:00Z,"itensVencedores_b3217cad-2d32-41bb-a15a-e34ee623f952.csv",MURAL_PUBLICO," "," "," ","participantes_fc83aaaf-a0b3-4035-ba3f-7acff07a47e3.csv",SIM," ",2023-04-25T09:00:00Z,"Lei 8666/1993, Art. 15, CAPUT",155525,155525
"FUNDO MUNICIPAL DE SAUDE DE CRICIUMA",24,2023,24,2023,2023-06-15,"O presente edital tem por objetivo a contratação de empresa especializada em serviços de manutenção preventiva e corretiva e assistência técnica de equipamentos médico-hospitalares, incluindo por demanda, a substituição de peças e acessórios de reposição, bem como serviços inerentes a reparos, conservação e recuperação, em atendimento à Rede Municipal de Saúde de Criciúma/SC.","Pregão eletrônico","Compras e Serviços","MENOR PRECO GLOBAL",2023-07-05,HOMOLOGADO," "," "," ","contratos_45611874-4927-4acd-91a5-3594a72a037a.csv",2023-06-28T09:00:00Z," ",2023-05-15,2023-06-28," "," ","documentosRelacionados_8c4f3f6d-27fe-420f-95ce-1731b18aa452.csv",saude@criciuma.sc.gov.br," ","Rua Domênico Sônego","Rua Domênico Sônego",SC,Licitação,2023-05-15T08:00:00Z,"itensVencedores_95880be4-535b-4dd8-9bcf-cfbfeb9d9cdc.csv",INTERNET," "," "," ","participantes_191fbd9f-c0a9-46d4-8ea5-84af86f88dfb.csv",NÃO," ",2023-06-28T09:00:00Z,"Lei 8666/1993, Art. 15, CAPUT",423829.9,310000.0
"FUNDO MUNICIPAL DE SAUDE DE CRICIUMA",44,2023,44,2023,2023-12-22,"Contratação de empresa para a realização de Processo Seletivo Simplificado para o preenchimento de vagas, para o cargo de agente de combate as endemias pertencentes a rede municipal de saúde de Criciúma/SC.","Dispensa de licitação","Compras e Serviços","MENOR PRECO",2023-12-22,HOMOLOGADO," "," "," ","contratos_75a914c8-f008-428a-a770-0940550f245b.csv",2023-12-22T08:00:00Z," ",2023-12-05,2023-12-22," "," ","documentosRelacionados_52533707-6440-4e72-88e5-d494e35bcb45.csv",saude@criciuma.sc.gov.br," ","Rua Domênico Sônego","Rua Domênico Sônego",SC,Licitação,2023-12-22T08:00:00Z,"itensVencedores_e0cf1fb4-b9b1-4327-b077-886c0ab2542d.csv",MURAL_PUBLICO," "," "," ","participantes_017459f8-ba9c-4614-bb78-79f7c9ac3edd.csv",NÃO," ",2023-12-22T08:00:00Z,"Lei 8666/1993, Art. 17, I.b",29650,29650
"FUNDO MUNICIPAL DE SAUDE DE CRICIUMA",36,2023,36,2023,2023-10-02,"O presente edital tem por objetivo a contratação de empresa especializada na prestação de serviços relacionados a infraestrutura de redes, com fornecimento de materiais e equipamentos necessários, para atender as demandas de novas unidades pertencentes a Secretaria Municipal de Saúde Criciúma/SC.","Pregão eletrônico","Compras e Serviços","MENOR PRECO GLOBAL",2023-10-17,HOMOLOGADO," "," "," ","contratos_385d55bc-a926-4645-a9c4-9a969ba2ded5.csv",2023-10-10T09:00:00Z," ",2023-06-12,2023-10-10," "," ","documentosRelacionados_1fc2eb8d-59ad-42a8-8759-b4dc417b70d2.csv",saude@criciuma.sc.gov.br," ","Rua Domênico Sônego","Rua Domênico Sônego",SC,Licitação,2023-06-12T08:00:00Z,"itensVencedores_216054e4-def3-446b-8a59-e7f9e9a067b0.csv",INTERNET," "," "," ","participantes_414fc829-aca9-40be-b436-8ad3bee6e53f.csv",NÃO," ",2023-10-10T09:00:00Z,"Lei 8666/1993, Art. 15, CAPUT",274734.02,200000.01
"FUNDO MUNICIPAL DE SAUDE DE CRICIUMA",39,2023,39,2023,2023-12-13,"O presente edital tem por objetivo o registro de preços para aquisição de materiais, jogos e livros para realização de atendimentos individuais e coletivos nas Unidades Básicas de Saúde do Município de Criciúma/SC.","Pregão eletrônico","Compras e Serviços","MENOR PRECO POR ITEM",2024-01-11,HOMOLOGADO," ","atasRegistroPrecos_7b70776a-2451-4f34-bb59-bfd16a45f54b.csv"," "," ",2023-12-26T11:00:00Z," ",2023-11-21,2023-12-26," ","despesas_d9fa20c4-a6f0-4087-a9dd-6221f1c3130b.csv","documentosRelacionados_9eba1e03-f47f-453b-ba3d-4f3ae8d59f9e.csv",saude@criciuma.sc.gov.br,"empenhos_47126913-ab6a-41de-9e15-7575d42259d6.csv","Rua Domênico Sônego","Rua Domênico Sônego",SC,Licitação,2023-11-21T08:00:00Z,"itensVencedores_ae30288b-6328-4624-8bae-23d05dcb578f.csv",DIARIO_OFICIAL_MUNICIPIO," "," "," ","participantes_d17dd37c-5888-4402-8fea-adfd6430f8b3.csv",SIM," ",2023-12-26T11:00:00Z,"Lei 8666/1993, Art. 15, CAPUT",172799.31,130398.89
"FUNDO MUNICIPAL DE SAUDE DE CRICIUMA",31,2023,31,2023,2023-07-26,"O presente edital tem por objetivo o registro de preços de fórmulas alimentares e dietas, para aquisições futuras em atendimento da Rede Municipal de Saúde de Criciúma/SC.","Pregão eletrônico","Compras e Serviços","MENOR PRECO POR ITEM",2023-10-03,HOMOLOGADO," ","atasRegistroPrecos_9635ed0c-eb5a-45e1-80b4-a7241429ae18.csv"," "," ",2023-08-07T14:00:00Z," ",2023-06-26,2023-08-07," ","despesas_54a74f2d-49ca-4bef-a169-06f5bb84aa74.csv","documentosRelacionados_90a38bfd-bad2-413e-80bd-135ec90dd85f.csv",saude@criciuma.sc.gov.br,"empenhos_25029051-f28c-43ca-9dfe-32ca16888855.csv","Rua Domênico Sônego","Rua Domênico Sônego",SC,Licitação,2023-07-26T08:00:00Z,"itensVencedores_5a8af31b-bd7d-4518-a32c-9c7870a5c28c.csv",DIARIO_OFICIAL_MUNICIPIO," "," "," ","participantes_54a1b6bd-4da2-4b1c-a915-fa44a071ca8a.csv",SIM," ",2023-08-07T14:00:00Z,"Lei 8666/1993, Art. 15, CAPUT",1118025.38,977162.2
"FUNDO MUNICIPAL DE SAUDE DE CRICIUMA",40,2023,40,2023,2023-12-13,"O presente edital tem por objetivo a aquisição de medicamentos constantes do guia da farmácia, para uso emergencial e cumprimento de mandados judiciais, mediante prescrição médica, em atendimento a Secretaria Municipal de Saúde do município de Criciúma/SC.","Pregão eletrônico","Compras e Serviços","MAIOR DESCONTO SOBRE TABELA",2024-01-11,HOMOLOGADO," "," "," ","contratos_27ff74af-ec49-4a51-bb04-c417ee45d4e7.csv",2024-01-09T09:00:00Z," ",2023-11-06,2024-01-09," "," ","documentosRelacionados_a087f183-c354-43d2-8c8d-4a40cc140c1e.csv",saude@criciuma.sc.gov.br," ","Rua Domênico Sônego","Rua Domênico Sônego",SC,Licitação,2023-12-14T08:00:00Z,"itensVencedores_7b8c3c57-7164-4ec0-9c2e-984d464159c1.csv",INTERNET," "," "," ","participantes_c1f191a4-0e20-4ca8-827d-997a4adb8c8c.csv",NÃO," ",2024-01-09T09:00:00Z,"Lei 8666/1993, Art. 15, CAPUT",300000,300000
"FUNDO MUNICIPAL DE SAUDE DE CRICIUMA",45,2023,45,2023,2023-12-22,"Locação de imóvel localizado na rua Madre Tereza Michel, nº 446, bairro Michel em Criciúma –SC, devidamente registrado sob a matrícula 12.034, para ser utilizado como centro de atenção psicossocial - CAPS II, pertencente a rede municipal de saúde do município de Criciúma - SC.","Dispensa de licitação","Compras e Serviços","MENOR PRECO",2023-12-22,HOMOLOGADO," "," "," ","contratos_07484bc0-f529-4f4b-a961-64e7dc69310d.csv",2023-12-22T08:00:00Z," ",2023-12-01,2023-12-22," "," ","documentosRelacionados_323ab602-90db-4edb-b465-d54ab32e4552.csv",saude@criciuma.sc.gov.br," ","Rua Domênico Sônego","Rua Domênico Sônego",SC,Licitação,2023-12-22T08:00:00Z,"itensVencedores_96a007e7-e07a-4857-a710-18a9b510784b.csv",MURAL_PUBLICO," "," "," ","participantes_5eb29f1e-4fbb-401b-90b2-7513f694873b.csv",NÃO," ",2023-12-22T08:00:00Z,"Lei 8666/1993, Art. 17, I.a",84000,84000
"FUNDO MUNICIPAL DE SAUDE DE CRICIUMA",41,2023,41,2023,2023-12-18,"O presente edital tem por objetivo a para aquisição de “Curativos especiais”, para utilização dos pacientes atendidos pelo Ambulatório de Feridas, pertencente à Rede Municipal de Saúde de Criciúma/SC.","Pregão eletrônico","Compras e Serviços","MENOR PRECO POR ITEM",2024-02-01,HOMOLOGADO," "," "," ","contratos_d20858af-82b1-4fc3-a1be-57c44dc8a2df.csv",2024-01-10T09:00:00Z," ",2023-12-01,2024-01-10," "," ","documentosRelacionados_00b4ff2d-d61f-4031-8dc0-36e6ad46d824.csv",saude@criciuma.sc.gov.br," ","Rua Domênico Sônego","Rua Domênico Sônego",SC,Licitação,2023-12-01T08:00:00Z,"itensVencedores_31abb4fc-abc3-4c83-819b-cf2fe06b743b.csv",INTERNET," "," "," ","participantes_ef6e9684-c65e-4c5a-8f66-c2533ffe6db7.csv",NÃO," ",2024-01-10T09:00:00Z,"Lei 8666/1993, Art. 15, CAPUT",988184.9,970505.25
"PREFEITURA MUNICIPAL DE CRICIUMA",49,2023,49,2023,2023-02-27,"Contratação de empresa para execução e recuperação, SOB DEMANDA, de obras de encostas, de canais de drenagem, cabeceiras de pontes, canaletas, sarjetas triangulares, caixas de ligação, assim como a manutenção dessas caixas, no município de Criciúma-SC.","Tomada de preços","Compras e Serviços","MENOR PRECO GLOBAL",2023-04-11,HOMOLOGADO," "," "," ","contratos_8069eb7e-60d6-4d64-b136-19440f3a1362.csv",2023-03-16T09:00:00Z," ",2022-01-03,2023-03-16," "," ","documentosRelacionados_42fddc82-eabc-415c-ae05-3cc03b73008b.csv","compras@criciuma.sc.gov.br"," ","Rua Domênico Sônego","Rua Domênico Sônego",SC,Licitação,2022-01-03T08:00:00Z,"itensVencedores_580133eb-eb33-43ed-8876-280a182957f3.csv",INTERNET," "," "," ","participantes_ea450e3d-be67-44d6-8325-2047f380597f.csv",NÃO," ",2023-03-16T09:00:00Z,"Lei 8666/1993, Art. 22, II",1535641.3,1072630
"PREFEITURA MUNICIPAL DE CRICIUMA",9,2023,9,2023,2023-01-20,"Concessão onerosa de uso para exploração comercial do espaço do equipamento público denominado RESTAURANTE DO PARQUE DAS NAÇÕES CINCINATO NASPOLINI, por tempo determinado, localizado na avenida Gabriel Zanette – bairro próspera no Município de Criciúma-SC, precedida de obras de reforma, melhorias e adequações.",Concorrência,"Compras e Serviços","MENOR PRECO"," ",REVOGADO," "," "," "," ",2023-03-14T14:00:00Z," ",2022-11-21,2023-03-14,2023-03-14," ","documentosRelacionados_e326f9e5-eb47-419d-af9e-833b6960594b.csv","compras@criciuma.sc.gov.br"," ","Rua Domênico Sônego","Rua Domênico Sônego",SC,Licitação,2023-03-14T14:00:00Z," ",INTERNET," ","Licitação deserta"," "," ",NÃO," ",2023-03-14T14:00:00Z,"Lei 8666/1993, Art. 15, CAPUT",2500," "
"PREFEITURA MUNICIPAL DE CRICIUMA",111,2023,111,2023,2023-05-09,"O presente edital tem por objetivo o registro de preços de material de sistema de alarme de incêndio nas unidades escolares e órgãos, em atendimento Secretaria Municipal de Educação de Criciúma/SC.","Pregão eletrônico","Compras e Serviços","MENOR PRECO"," ",REVOGADO," "," "," "," ",2023-05-22T09:00:00Z," ",2023-03-24,2023-05-22,2023-05-22," ","documentosRelacionados_d63b916a-5e90-4858-8dfc-7b35543d49ca.csv","compras@criciuma.sc.gov.br"," ","Rua Domênico Sônego","Rua Domênico Sônego",SC,Licitação,2023-03-24T08:00:00Z," ",INTERNET," ","Razões de Interesse Público"," "," ",NÃO," ",2023-05-22T09:00:00Z,"Lei 8666/1993, Art. 15, CAPUT",180000.6," "
"PREFEITURA MUNICIPAL DE CRICIUMA",212,2023,212,2023,2023-08-08,"O presente edital tem por objetivo o registro de preços de Créditos de Reposição Florestal (CRF) para compensar o volume de madeira extraída (supressão de vegetação nativa), a fim de atender as necessidades da Secretaria Municipal de Infraestrutura, Planejamento e Mobilidade Urbana, da Prefeitura do Município de Criciúma/SC.","Pregão eletrônico","Compras e Serviços","MENOR PRECO POR ITEM"," ",REVOGADO," "," "," "," ",2023-08-24T09:00:00Z," ",2023-07-11,2023-08-24,2023-08-24," ","documentosRelacionados_365dd0f2-4b22-40af-8cda-09b3f0c01da7.csv","compras@criciuma.sc.gov.br"," ","Rua Domênico Sônego","Rua Domênico Sônego",SC,Licitação,2023-07-11T08:00:00Z," ",INTERNET," ","Licitação deserta"," "," ",SIM," ",2023-08-24T09:00:00Z,"Lei 8666/1993, Art. 15, CAPUT",157500," "
"FUNDO MUNICIPAL DE SAUDE DE CRICIUMA",8,2023,8,2023,2023-02-24,"O presente edital tem por objetivo a aquisição de equipamentos médico-hospitalares e odontológicos, para atendimento das UBS II Santa Bárbara, Serviço Aeromédico SARASUL e SAMU, UPA Rio Maina e melhor em casa, pertencentes à Rede Municipal de Saúde – Criciúma/SC.","Pregão eletrônico","Compras e Serviços","MENOR PRECO POR ITEM",2023-05-17,HOMOLOGADO," "," "," ","contratos_e38ae5b2-23ca-48a2-a493-f596068c3f75.csv",2023-03-13T09:00:00Z," ",2022-11-28,2023-03-13," "," ","documentosRelacionados_5c7e5722-fdf3-4300-9dd8-c276954ab429.csv",saude@criciuma.sc.gov.br," ","Rua Domênico Sônego","Rua Domênico Sônego",SC,Licitação,2023-02-24T08:00:00Z,"itensVencedores_15167ecd-a1fd-4722-b91a-1a060446d712.csv",INTERNET," "," "," ","participantes_cf952c35-eed4-46fb-9f45-fddcb514dccb.csv",NÃO," ",2023-03-13T09:00:00Z,"Lei 8666/1993, Art. 15, CAPUT",988311.59,741005
"FUNDO MUNICIPAL DE SAUDE DE CRICIUMA",29,2023,29,2023,2023-07-20,"O presente edital tem por objetivo a aquisição de equipamentos médico-hospitalares, para atendimento do Programa Saúde com Agente (Portarias GM/MS Nº. 3.241 de 7 dezembro 2020 e Portaria GM/MS 1.981 de 28/6/2022), nas unidades pertencentes a Rede Municipal de Saúde de Criciúma/SC.","Pregão eletrônico","Compras e Serviços","MENOR PRECO POR ITEM",2023-10-06,HOMOLOGADO," "," "," ","contratos_16dcb46a-77b6-4d88-8b83-ea8e51628ac3.csv",2023-08-01T09:00:00Z," ",2023-06-20,2023-08-01," "," ","documentosRelacionados_90399924-f985-4e2d-bdec-7ebd50998313.csv",saude@criciuma.sc.gov.br," ","Rua Domênico Sônego","Rua Domênico Sônego",SC,Licitação,2023-06-20T08:00:00Z,"itensVencedores_ed041a16-22f3-4a11-a04c-d9c5da4d6b93.csv",INTERNET," "," "," ","participantes_c93e6f86-5942-4d1a-96f5-48a1fdc32dea.csv",NÃO," ",2023-08-01T09:00:00Z,"Lei 8666/1993, Art. 15, CAPUT",303428.45,181978.9
"FUNDO MUNICIPAL DE SAUDE DE CRICIUMA",18,2023,18,2023,2023-04-13,"O presente edital tem por objetivo o registro de preços de gêneros alimentícios e materiais de higiene e limpeza para atendimento ao programa “Consultório na Rua” pertencente a Rede Municipal de Saúde de Criciúma/SC.","Pregão eletrônico","Compras e Serviços","MENOR PRECO POR ITEM",2023-05-03,HOMOLOGADO," ","atasRegistroPrecos_cab281b9-f957-4aee-9920-558c86d0c7dc.csv"," "," ",2023-05-02T14:00:00Z," ",2023-03-10,2023-05-02," ","despesas_ae038494-556a-446a-add0-6f39ccaf31e7.csv","documentosRelacionados_bb255e47-fb53-4916-a55d-14a2a1088e48.csv",saude@criciuma.sc.gov.br,"empenhos_4e9e6bf5-e01c-4026-b722-6bc84b0560f9.csv","Rua Domênico Sônego","Rua Domênico Sônego",SC,Licitação,2023-03-10T08:00:00Z,"itensVencedores_249732b2-91c4-4fd2-9949-0a024f313242.csv",MURAL_PUBLICO," "," "," ","participantes_869bef4b-273d-4dc1-b83e-d60a51bed1f6.csv",SIM," ",2023-05-02T14:00:00Z,"Lei 8666/1993, Art. 15, CAPUT",37846.6,31516.5
"FUNDO MUNICIPAL DE SAUDE DE CRICIUMA",21,2023,21,2023,2023-06-09,"O presente edital tem por objetivo a contratação de empresa especializada na prestação de serviços de lavagem automotiva simples, em veículos pertencentes à frota da Rede Municipal de Saúde de Criciúma/SC.","Pregão eletrônico","Compras e Serviços","MENOR PRECO GLOBAL"," ",FRACASSADO," "," "," "," ",2023-06-26T14:00:00Z," ",2023-04-11,2023-06-26," "," ","documentosRelacionados_2b1e30e7-a41e-49c1-9305-8432c8ab04fa.csv",saude@criciuma.sc.gov.br," ","Rua Domênico Sônego","Rua Domênico Sônego",SC,Licitação,2023-04-11T08:00:00Z," ",INTERNET," "," "," "," ",NÃO," ",2023-06-26T14:00:00Z,"Lei 8666/1993, Art. 15, CAPUT",12368.16," "
"FUNDO MUNICIPAL DE SAUDE DE CRICIUMA",3,2023,3,2023,2023-02-01,"O presente edital tem por objetivo o registro de preços de instrumentais, insumos e equipamentos odontológicos, para aquisições futuras sob demanda, destinados ao atendimento dos consultórios e do Centro de Especialidades Odontológicas da Rede Municipal de Saúde de Criciúma/SC.","Pregão eletrônico","Compras e Serviços","MENOR PRECO POR ITEM",2023-04-12,HOMOLOGADO," ","atasRegistroPrecos_71ebcfd2-696a-4f82-a3c9-8f97687a4b3e.csv"," "," ",2023-02-17T09:00:00Z," ",2023-01-02,2023-02-17," ","despesas_1b66bc54-a295-4377-b5c3-d53815b86149.csv","documentosRelacionados_7f2f2baf-899f-440f-895d-e042a9a525e9.csv",saude@criciuma.sc.gov.br,"empenhos_1253dc22-a950-4dc8-ba9b-e4fdfcabff5b.csv","Rua Domênico Sônego","Rua Domênico Sônego",SC,Licitação,2023-01-02T08:00:00Z,"itensVencedores_c22dd033-f075-48f1-a9cb-a4191dcb8897.csv",MURAL_PUBLICO," "," "," ","participantes_2d43487e-0068-47c3-82d7-f31cb73e4555.csv",SIM," ",2023-02-17T09:00:00Z,"Lei 8666/1993, Art. 15, CAPUT",3906331.47,2240780.56
"PREFEITURA MUNICIPAL DE CRICIUMA",181,2023,181,2023,2023-07-14,"O presente edital tem por objetivo a aquisição de veículo 0km, modelo SUV, para o 9º Batalhão de Polícia Militar de Criciúma/SC.","Pregão eletrônico","Compras e Serviços","MENOR PRECO POR ITEM",2023-09-04,HOMOLOGADO," "," "," ","contratos_c39ad5f6-b8c4-4a4b-ae91-348d9b10cbc4.csv",2023-07-27T14:00:00Z," ",2023-06-14,2023-07-27," "," ","documentosRelacionados_fc0324be-8a65-4ef1-b550-e35e37274ff6.csv","compras@criciuma.sc.gov.br"," ","Rua Domênico Sônego","Rua Domênico Sônego",SC,Licitação,2023-07-14T08:00:00Z,"itensVencedores_d8e14481-fd7d-4c07-9002-c8b4b7b84bb5.csv",INTERNET," "," "," ","participantes_ab1d6aff-cf38-4e66-95ab-9989f57709ce.csv",NÃO," ",2023-07-27T14:00:00Z,"Lei 8666/1993, Art. 15, CAPUT",264000,264000
"PREFEITURA MUNICIPAL DE CRICIUMA",188,2023,188,2023,2023-07-20,"AO presente edital tem por objetivo a aquisição sob demanda e instalação de mobiliário urbano (Lote 01) e playground infantil com acessibilidade e sem acessibilidade (Lote 02), a serem instalados na Praça do Congresso no município de Criciúma/SC.","Pregão eletrônico","Compras e Serviços","MENOR PREÇO GLOBAL POR LOTE",2023-08-02,HOMOLOGADO," "," "," ","contratos_b2b3013a-91bc-40ba-9203-4cf7bc9e2e5e.csv",2023-08-02T09:00:00Z," ",2023-06-30,2023-08-02," "," ","documentosRelacionados_b87df886-fb06-4f65-815b-2444039590f1.csv","compras@criciuma.sc.gov.br"," ","Rua Domênico Sônego","Rua Domênico Sônego",SC,Licitação,2023-06-30T08:00:00Z,"itensVencedores_60c2a778-de8a-48f6-9a5e-1074d4f0e94b.csv",INTERNET," "," "," ","participantes_44c2b9f4-c7e5-48fe-8868-e0f48ac3d843.csv",NÃO," ",2023-08-02T09:00:00Z,"Lei 8666/1993, Art. 15, CAPUT",242191.01,239727.9
"PREFEITURA MUNICIPAL DE CRICIUMA",107,2023,107,2023,2023-05-04,"Contratação de empresa do ramo pertinente para elaboração de Estudo Ambiental Simplificado (EAS), para a obtenção do Licenciamento Ambiental, para construção das obras de infraestrutura de continuação do Binário da avenida Santos Dumont, etapas 3 a 5, município de Criciúma – SC.","Tomada de Preço","Compras e Serviços","MENOR PRECO",2023-07-17,HOMOLOGADO," "," "," ","contratos_5b7a2201-37f0-4b50-9f84-5d9e5ddf3866.csv",2023-05-22T09:00:00Z," ",2023-04-04,2023-05-22," "," ","documentosRelacionados_76e73b6c-bba3-43cb-9819-1116868f4c45.csv","compras@criciuma.sc.gov.br"," ","Rua Domênico Sônego","Rua Domênico Sônego",SC,Licitação,2023-04-04T08:00:00Z,"itensVencedores_aae4a1c2-a74b-43cd-9776-d0c067b0231b.csv",INTERNET," "," "," ","participantes_2054a3e3-7ef5-486a-a993-5aaf45380976.csv",NÃO," ",2023-05-22T09:00:00Z,"Lei 8666/1993, Art. 22, II",72175.19,32000
"PREFEITURA MUNICIPAL DE CRICIUMA",86,2023,86,2023,2023-03-31,"Contratação de empresa do ramo pertinente para execução dos serviços necessários à realização das obras de implantação de pavimentação a base de blocos de concreto (lajotas) em 18 (dezoito) ruas do BAIRRO CRISTO REDENTTOR - Município de Criciúma-SC. (CONVÊNIO: CONTRATO FINISA Nº 0603768-52)",Concorrência,"Compras e Serviços","MENOR PRECO GLOBAL",2023-07-05,HOMOLOGADO," "," "," ","contratos_d66ae5b4-fc73-4df5-af71-31fa1cab5e2b.csv",2023-05-04T09:00:00Z," ",2023-03-16,2023-05-04," "," ","documentosRelacionados_375b9d3e-22ef-4cc2-987d-cb4424cb5008.csv","compras@criciuma.sc.gov.br"," ","Rua Domênico Sônego","Rua Domênico Sônego",SC,Licitação,2023-03-16T08:00:00Z,"itensVencedores_ffbd771a-031a-41b7-be11-57f60d31d89b.csv",INTERNET," "," "," ","participantes_9a4b10c8-8b46-4c06-8496-4f4545895996.csv",NÃO," ",2023-05-04T09:00:00Z,"Lei 8666/1993, Art. 15, CAPUT",4990333.21,3829380.34
"PREFEITURA MUNICIPAL DE CRICIUMA",148,2023,148,2023,2023-06-16,"Registro de preços, para aquisição SOB DEMANDA, de materiais e equipamentos de informática, para o 4º Batalhão de Bombeiros Militar de Criciúma/ SC.","Pregão eletrônico","Compras e Serviços","MENOR PRECO POR ITEM",2023-08-23,HOMOLOGADO," ","atasRegistroPrecos_b5836179-60f8-4ce7-b914-9d41881b22c3.csv"," "," ",2023-06-29T09:00:00Z," ",2023-05-15,2023-06-29," ","despesas_5b1baeaa-1c83-4c78-b376-267bb13d7c71.csv","documentosRelacionados_16a42e68-7d86-4839-9773-986042003812.csv","compras@criciuma.sc.gov.br","empenhos_ea6235d5-a7d1-4c3f-9469-d9a2846c9109.csv","Rua Domênico Sônego","Rua Domênico Sônego",SC,Licitação,2023-05-15T08:00:00Z,"itensVencedores_7d463c54-9f77-468f-8aec-753eb5d29ffa.csv",INTERNET," "," "," ","participantes_be55efb2-97e5-4726-8849-fc14fd339a3a.csv",SIM," ",2023-06-29T09:00:00Z,"Lei 8666/1993, Art. 15, CAPUT",343015,292390.35
"PREFEITURA MUNICIPAL DE CRICIUMA",170,2023,170,2023,2023-07-05,"Registro de preços, para aquisição SOB DEMANDA, de materiais agregados para uso na Usina de Asfalto e realização de pavimentação, drenagens e revestimento, manutenção e conservação nos diversos logradouros públicos e pátios escolares do Município de Criciúma/SC.","Pregão eletrônico","Compras e Serviços","MENOR PRECO POR ITEM",2023-08-07,HOMOLOGADO," ","atasRegistroPrecos_9f5dbfa1-8bd9-41e5-9b73-cba25699d3f7.csv"," "," ",2023-07-20T14:00:00Z," ",2023-06-21,2023-07-20," ","despesas_086b6efe-2180-4426-801b-1ee0db9a079e.csv","documentosRelacionados_2a7aca1a-c71d-489b-901f-f579d0b6a09a.csv","compras@criciuma.sc.gov.br","empenhos_810e2b9d-3614-4b23-9e08-04762700cff2.csv","Rua Domênico Sônego","Rua Domênico Sônego",SC,Licitação,2023-06-21T08:00:00Z,"itensVencedores_c745808b-7af0-4e96-85b6-91db7cd5286e.csv",MURAL_PUBLICO," "," "," ","participantes_21d30854-6f81-4c74-9db8-4ef6b08ae314.csv",SIM," ",2023-07-20T14:00:00Z,"Lei 8666/1993, Art. 15, CAPUT",16840290,7771950
"PREFEITURA MUNICIPAL DE CRICIUMA",184,2023,184,2023,2023-07-17,"O presente edital tem por objetivo a aquisição de aparelhos de ar condicionado, tipo Split, em atendimento a Rede Municipal de Ensino, pertencente a Secretaria de Educação do município de Criciúma/SC. (Termo de Compromisso nº 202100782-5)","Pregão eletrônico","Compras e Serviços","MENOR PRECO POR ITEM",2023-08-29,HOMOLOGADO," "," "," ","contratos_04b4d772-932a-4a3f-b7eb-7d499aa43f56.csv",2023-07-28T14:00:00Z," ",2023-07-05,2023-07-28," "," ","documentosRelacionados_d9da852d-f914-4755-9342-3d33c8ae38e2.csv","compras@criciuma.sc.gov.br"," ","Rua Domênico Sônego","Rua Domênico Sônego",SC,Licitação,2023-07-14T08:00:00Z,"itensVencedores_e49825cb-0caa-45ec-b2f6-496777edeefe.csv",INTERNET," "," "," ","participantes_bfb57cbb-c8f0-4879-b407-2cc1d3fef73d.csv",NÃO," ",2023-07-28T14:00:00Z,"Lei 8666/1993, Art. 15, CAPUT",269578,224611.5
"PREFEITURA MUNICIPAL DE CRICIUMA",167,2023,167,2023,2023-07-06,"Contratação de empresa do ramo pertinente para execução dos serviços necessários à realização das obras de construção de uma ponte em concreto armado, com extensão total de 10,54m, sobre o rio Sangão, no eixo principal da rua Estevam Naspolini, localizada no bairro Coloninha Zilli, município de Criciúma - SC.","Tomada de Preço","Compras e Serviços","MENOR PRECO",2023-07-25,HOMOLOGADO," "," "," ","contratos_c50da895-f35a-45dd-b632-1cf2da5ae8fd.csv",2023-07-24T14:00:00Z," ",2023-06-20,2023-07-24," "," ","documentosRelacionados_c68540ff-56e9-4573-98b0-1bffb101cd90.csv","compras@criciuma.sc.gov.br"," ","Rua Domênico Sônego","Rua Domênico Sônego",SC,Licitação,2023-06-20T08:00:00Z,"itensVencedores_dd500a0a-713a-40f2-9fb2-e38ff1d0b3b6.csv",INTERNET," "," "," ","participantes_26e8042c-0378-4e30-afba-28d2fd815107.csv",NÃO," ",2023-07-24T14:00:00Z,"Lei 8666/1993, Art. 22, II",571558.75,570557
"PREFEITURA MUNICIPAL DE CRICIUMA",163,2023,163,2023,2023-07-04,"O presente edital tem por objetivo o registro de preços de equipamentos de T.I. (computadores), para atendimento aos serviços da Rede Municipal de Saúde de Criciúma/SC (Convênio nº 2022TR001205)..","Pregão eletrônico","Compras e Serviços","MENOR PRECO POR ITEM",2023-10-26,HOMOLOGADO," ","atasRegistroPrecos_f69004d2-e86d-416e-8320-090cdf73ba02.csv"," "," ",2023-07-17T09:00:00Z," ",2023-05-05,2023-07-17," ","despesas_3881be59-8bb6-4332-a2e0-1d0922735663.csv","documentosRelacionados_cbd10c91-20da-4d8c-b098-3f1b118d8e48.csv","compras@criciuma.sc.gov.br","empenhos_80e13338-a8d0-41bc-98f2-9f94fc20dda1.csv","Rua Domênico Sônego","Rua Domênico Sônego",SC,Licitação,2023-05-05T08:00:00Z,"itensVencedores_c1af7a39-166b-40fb-b5cb-73a8795073de.csv",INTERNET," "," "," ","participantes_3db52158-9d1c-4d00-a481-005920692bf4.csv",SIM," ",2023-07-17T09:00:00Z,"Lei 8666/1993, Art. 15, CAPUT",525231.06,317314
"PREFEITURA MUNICIPAL DE CRICIUMA",313,2023,313,2023,2024-01-05,"Contratação de empresa especializada, para prestação de serviços de manutenção predial preventiva, corretiva e pequenas obras, nas instalações físicas do 9º Batalhão de Polícia Militar de Criciúma/SC.","Pregão eletrônico","Compras e Serviços","MENOR PRECO GLOBAL",2024-01-31,HOMOLOGADO," "," "," ","contratos_90de33ec-49cb-4dc3-9f12-4bac5f2dc1e2.csv",2024-01-26T09:00:00Z," ",2023-12-06,2024-01-26," "," ","documentosRelacionados_0b6c20bb-3211-43f3-9b18-68811812431f.csv","compras@criciuma.sc.gov.br"," ","Rua Domênico Sônego","Rua Domênico Sônego",SC,Licitação,2023-12-06T08:00:00Z,"itensVencedores_2985a544-b22c-4be6-8aa4-4b064bde8ab7.csv",INTERNET," "," "," ","participantes_53a109d7-c471-4ec6-a840-4e8b05c7316b.csv",NÃO," ",2024-01-26T09:00:00Z,"Lei 14133/2021, Art. 28, I",168737,148999
"PREFEITURA MUNICIPAL DE CRICIUMA",240,2023,240,2023,2023-10-02,"Registro de Preços de combustível (óleo diesel S10), em atendimento à diversas Secretarias, Diretorias, Fundos e Fundações do Município de Criciúma/SC.","Pregão eletrônico","Compras e Serviços","MAIOR DESCONTO SOBRE TABELA",2023-10-19,HOMOLOGADO," ","atasRegistroPrecos_10770e9f-dad4-4270-833c-288d2159df56.csv"," "," ",2023-10-16T09:00:00Z," ",2023-08-21,2023-10-16," ","despesas_d9d808b7-7d58-4732-a68b-56a5d9ace3c6.csv","documentosRelacionados_749e9977-f883-4eda-a625-55190bab60b1.csv","compras@criciuma.sc.gov.br"," ","Rua Domênico Sônego","Rua Domênico Sônego",SC,Licitação,2023-08-21T08:00:00Z,"itensVencedores_bb769f20-84aa-4fe5-81c5-15436315ca48.csv",INTERNET," "," "," ","participantes_f26b9938-0aea-40c2-aa3c-90c1ce15f31b.csv",SIM," ",2023-10-16T09:00:00Z,"Lei 14133/2021, Art. 4, CAPUT",7200000,7200000
"PREFEITURA MUNICIPAL DE CRICIUMA",88,2023,88,2023,2023-04-14,"Contratação de empresa especializada em engenharia de tráfego para consultoria e assessoria técnica em mobilidade urbana e trânsito visando a reprogramação semafórica (com planos de trabalho a partir de contagem 24 horas) de todos os semáforos do Município de Criciúma-SC.","Tomada de Preço","Compras e Serviços","MENOR PRECO GLOBAL",2023-05-03,HOMOLOGADO," "," "," ","contratos_f5b9d392-27c5-4f86-8c0f-0c0eff3fd767.csv",2023-05-02T09:00:00Z," ",2023-03-06,2023-05-02," "," ","documentosRelacionados_9f1ebc7c-d795-465e-9c3d-50319bcd0a1c.csv","compras@criciuma.sc.gov.br"," ","Rua Domênico Sônego","Rua Domênico Sônego",SC,Licitação,2023-03-06T08:00:00Z,"itensVencedores_574aa0eb-ef02-4a90-b94c-090ce8d9940f.csv",INTERNET," "," "," ","participantes_226eded6-bcb6-47f0-bc0c-2c5802581dcd.csv",NÃO," ",2023-05-02T09:00:00Z,"Lei 8666/1993, Art. 22, II",3389931.97,2598700
"FUNDAÇÃO CULTURAL DE CRICIÚMA",4,2023,4,2023,2023-09-26,"Credenciamento de interessados na condição de Patrocinador ao Poder Público na realização de eventos inerentes a Programação Natalina 2023 – VIVA NATAL, VIVA CRICIÚMA.","Outras Modalidades","Compras e Serviços",CREDENCIAMENTO," ",REVOGADO," "," "," "," ",2023-10-26T17:00:00Z," ",2023-09-22,2023-10-26,2023-10-26," ","documentosRelacionados_f3735065-7d54-41fd-a30a-0d2851fbbb5a.csv",fcc@criciuma.sc.gov.br," ","Rua Coronel Pedro Benedet","Rua Coronel Pedro Benedet",SC,Licitação,2023-09-22T08:00:00Z," ",INTERNET," ","Licitação deserta"," "," ",NÃO," ",2023-10-26T17:00:00Z,"Lei 8666/1993, Art. 15, CAPUT",0," "
"FUNDAÇÃO CULTURAL DE CRICIÚMA",5,2023,5,2023,2023-10-10,"O objeto deste CHAMAMENTO consiste em selecionar 10 (dez) EMPRESAS ATUANTES EM ATIVIDADE GASTRONÔMICA E 01 (Hum) EMPRESA ATUANTE NO RAMO DE COMERCIO DE BEBIDAS, legalmente constituídos, que se interessem por comercializar comidas e bebidas no Primeiro Festival Gastronômico, no Parque das Nações de 03 a 05 de novembro de 2023.","CHAMADA PUBLICA/CREDENCIAMENTO","Compras e Serviços",CREDENCIAMENTO," ",REVOGADO," "," "," "," ",2023-10-25T17:00:00Z," ",2023-10-09,2023-10-25,2023-10-26," ","documentosRelacionados_65799b37-03e1-402a-b949-03a520c22f7a.csv",fcc@criciuma.sc.gov.br," ","Rua Coronel Pedro Benedet","Rua Coronel Pedro Benedet",SC,Licitação,2023-10-09T08:00:00Z," ",INTERNET," ","Razões de Interesse Público"," "," ",NÃO," ",2023-10-25T17:00:00Z,"Lei 8666/1993, Art. 15, CAPUT",0," "
"FUNDAÇÃO CULTURAL DE CRICIÚMA",2,2023,2,2023,2023-08-17,"O presente edital tem por objetivo a contratação de empresa especializada para prestação de serviços de assessoria, referente a planejamento, consultoria, acompanhamento e prestação de contas para implementação e aplicação da Lei Complementar Nº 195/2022, “Lei Paulo Gustavo”, visando atender às necessidades da Fundação Cultural de Criciúma/SC.","Pregão eletrônico","Compras e Serviços","MENOR PRECO GLOBAL",2023-09-19,HOMOLOGADO," "," "," ","contratos_f1433209-aee5-4f25-a98b-074ca3be4705.csv",2023-08-28T14:00:00Z," ",2023-08-14,2023-08-28," "," ","documentosRelacionados_e6b0a917-ac39-4fe9-a2e5-9ce78c018a84.csv",fcc@criciuma.sc.gov.br," ","Rua Coronel Pedro Benedet","Rua Coronel Pedro Benedet",SC,Licitação,2023-08-14T08:00:00Z,"itensVencedores_8512790e-d9de-4c51-b1f9-f81dc09a2d49.csv",INTERNET," "," "," ","participantes_a12e7cea-20e5-4ee3-bd65-e13c4bab217a.csv",NÃO," ",2023-08-28T14:00:00Z,"Lei 8666/1993, Art. 15, CAPUT",87500,27887.49
"FUNDAÇÃO CULTURAL DE CRICIÚMA",3,2023,3,2023,2023-09-05,"Contratação de empresa especializada para locação, manutenção, execução/montagem e retirada/desmontagem de decoração ornamental e iluminação natalina 2023, com o tema “VIVA O NATAL, VIVA CRICIUMA”, nos principais pontos do município de Criciúma-SC.","Tomada de Preço","Compras e Serviços","MENOR PRECO GLOBAL",2023-09-29,HOMOLOGADO," "," "," ","contratos_ec63ddbf-403d-4695-b064-1cdf43af55a9.csv",2023-09-21T14:00:00Z," ",2023-09-04,2023-09-21," "," ","documentosRelacionados_baeff464-4cab-48e6-8b11-2d4201a49b00.csv",fcc@criciuma.sc.gov.br," ","Rua Coronel Pedro Benedet","Rua Coronel Pedro Benedet",SC,Licitação,2023-09-04T08:00:00Z,"itensVencedores_ed7884ed-20c1-4cc0-89d7-fec26edbf060.csv",INTERNET," "," "," ","participantes_d82d31d4-7b01-47f4-b9d2-ddbf2e7aa338.csv",NÃO," ",2023-09-21T14:00:00Z,"Lei 8666/1993, Art. 22, II",1100000,1097354.75
"FUNDO MUNICIPAL DE SAUDE DE CRICIUMA",42,2023,42,2023,2023-12-20,"Registro de Preços de materiais médicos e hospitalares, para aquisições futuras e eventuais, para atendimento a Rede Municipal de Saúde do município de Criciúma/SC.","Pregão eletrônico","Compras e Serviços","MENOR PRECO POR ITEM"," ",REVOGADO," "," "," "," ",2024-01-15T14:00:00Z," ",2023-11-09,2024-01-15,2024-01-18," ","documentosRelacionados_6753c1a7-9247-47d7-b41a-df428944083b.csv",saude@criciuma.sc.gov.br," ","Rua Domênico Sônego","Rua Domênico Sônego",SC,Licitação,2023-11-09T08:00:00Z," ",INTERNET," ","Razões de Interesse Público"," "," ",SIM," ",2024-01-15T14:00:00Z,"Lei 14133/2021, Art. 28, I",5453197.72," "
"FUNDO MUNICIPAL DE SAUDE DE CRICIUMA",33,2023,33,2023,2023-08-03,"Contratação de empresa do ramo pertinente, para execução dos serviços necessários à realização das obras de construção do prédio da UNIDADE BÁSICA DE SAÚDE – UBS Porte I - BAIRRO LINHA BATISTA, na rodovia Pedro Manoel Pereira, município de Criciúma-SC.","Tomada de Preço","Compras e Serviços","MENOR PRECO GLOBAL",2023-10-06,HOMOLOGADO," "," "," ","contratos_67ba4de1-a573-4efa-bfa1-41edb56febfa.csv",2023-08-23T14:00:00Z," ",2023-07-30,2023-08-23," "," ","documentosRelacionados_c75d35aa-6703-4013-8d5a-9b363171ade2.csv",saude@criciuma.sc.gov.br," ","Rua Domênico Sônego","Rua Domênico Sônego",SC,Licitação,2023-07-30T08:00:00Z,"itensVencedores_5c5345c7-18c5-4718-957d-394b8e7f13d7.csv",INTERNET," "," "," ","participantes_8b12bc46-1e01-465b-a639-94cb0a0e1806.csv",NÃO," ",2023-08-23T14:00:00Z,"Lei 8666/1993, Art. 22, II",2184810.65,1246022.88
"FUNDO MUNICIPAL DE SAUDE DE CRICIUMA",38,2023,38,2023,2023-12-13,"Contratação de empresa especializada, para manutenção preventiva e corretiva, e recuperação de equipamentos odontológicos, da Rede Municipal de Saúde de Criciúma/SC.","Pregão eletrônico","Compras e Serviços","MENOR PRECO POR ITEM",2024-01-24,HOMOLOGADO," "," "," ","contratos_c767d5c1-2244-4750-bf25-25858c355cf5.csv",2023-12-26T09:00:00Z," ",2023-11-13,2023-12-26," "," ","documentosRelacionados_1fabc8fe-d84a-435e-acb6-57ece05e6974.csv",saude@criciuma.sc.gov.br," ","Rua Domênico Sônego","Rua Domênico Sônego",SC,Licitação,2023-11-13T08:00:00Z,"itensVencedores_a4abb1d2-02a3-417a-bae8-c26bafbca234.csv",INTERNET," "," "," ","participantes_ca9586f7-22d2-4668-9cae-8d9181f6da2f.csv",NÃO," ",2023-12-26T09:00:00Z,"Lei 14133/2021, Art. 28, I",391000,136000
"PREFEITURA MUNICIPAL DE CRICIUMA",36,2023,36,2023,2023-02-15,"O presente edital tem por objetivo a contratação de empresa especializada para realizar serviços referentes a implantação de revestimento vegetal com técnica de hidrossemeadura, na trincheira do complexo do binário, localizada na Avenida Santos Dumont no município de Criciúma/SC.","Pregão eletrônico","Compras e Serviços","MENOR PRECO GLOBAL"," ",REVOGADO," "," "," "," ",2023-03-02T09:00:00Z," ",2022-12-19,2023-03-02,2023-03-02," ","documentosRelacionados_f41d9e8e-d44d-4e86-8629-54a3bca3ae12.csv","compras@criciuma.sc.gov.br"," ","Rua Domênico Sônego","Rua Domênico Sônego",SC,Licitação,2022-12-19T08:00:00Z," ",INTERNET," ","Licitação deserta"," "," ",NÃO," ",2023-03-02T09:00:00Z,"Lei 8666/1993, Art. 15, CAPUT",23040," "
"PREFEITURA MUNICIPAL DE CRICIUMA",89,2023,89,2023,2023-04-14,"Contratação de empresa do ramo pertinente para execução dos serviços necessários à implantação de capa asfáltica e pintura de ligação do Loteamento Industrial Verdinho, município de Criciúma – SC. (CONVÊNIO: CONTRATO FINISA Nº 0603768-52).","Tomada de preços","Compras e Serviços","MENOR PRECO",2023-05-09,HOMOLOGADO," "," "," ","contratos_83f523c8-7fcf-4f25-8fa6-8ed771a49bf5.csv",2023-05-03T09:00:00Z," ",2023-03-22,2023-05-03," "," ","documentosRelacionados_6013b24b-6132-42b5-8552-6b51ddf5ee8e.csv","compras@criciuma.sc.gov.br"," ","Rua Domênico Sônego","Rua Domênico Sônego",SC,Licitação,2023-03-22T08:00:00Z,"itensVencedores_33e9d2be-7df5-4059-add4-0bf370fe6951.csv",INTERNET," "," "," ","participantes_e15be80c-f29a-4dae-9059-0b7087652b10.csv",NÃO," ",2023-05-03T09:00:00Z,"Lei 8666/1993, Art. 22, II",1749207.85,1738376.07
"PREFEITURA MUNICIPAL DE CRICIUMA",143,2023,143,2023,2023-06-14,"Registro de preços, para aquisição SOB DEMANDA, de materiais de sinalização viária provisória (cones rígidos e flexíveis, barris de canalização de tráfego e barreiras pantográficas) para uso da Diretoria de Trânsito e Transportes de Criciúma/SC.","Pregão eletrônico","Compras e Serviços","MENOR PRECO POR ITEM",2023-07-05,HOMOLOGADO," ","atasRegistroPrecos_be25f085-60c5-4825-bf1e-d880dd0f5468.csv"," "," ",2023-06-28T14:00:00Z," ",2023-04-28,2023-06-28," ","despesas_77bed2cf-9def-4c93-9a40-c0c390de8ff0.csv","documentosRelacionados_c8c46d60-8350-49fb-8811-60f75c6e26ea.csv","compras@criciuma.sc.gov.br","empenhos_38c0cfc2-5dd6-4140-94d5-58ad68f405cb.csv","Rua Domênico Sônego","Rua Domênico Sônego",SC,Licitação,2023-04-28T08:00:00Z,"itensVencedores_9691484a-c03b-4d59-a785-2c1a45f300ef.csv",MURAL_PUBLICO," "," "," ","participantes_42d5fd41-5957-459f-b1c1-fd7f79c1e1d1.csv",SIM," ",2023-06-28T14:00:00Z,"Lei 8666/1993, Art. 15, CAPUT",138880,57766.8
"PREFEITURA MUNICIPAL DE CRICIUMA",103,2023,103,2023,2023-04-26,"O presente edital tem por objetivo a contratação de empresa especializada, para fornecimento de bandeiras oficiais internas, externas e de mesa, em atendimento as unidades escolares e órgãos, sob a responsabilidade da Secretaria Municipal de Educação de Criciúma/SC.","Pregão eletrônico","Compras e Serviços","MENOR PRECO POR ITEM",2023-05-16,HOMOLOGADO," "," "," ","contratos_bf0da3d3-b69c-47b7-ab90-89efa612a41d.csv",2023-05-11T09:00:00Z," ",2023-03-30,2023-05-11," "," ","documentosRelacionados_14dea509-5bc1-4a4e-8060-ccd21b028111.csv","compras@criciuma.sc.gov.br"," ","Rua Domênico Sônego","Rua Domênico Sônego",SC,Licitação,2023-03-30T08:00:00Z,"itensVencedores_f753c44b-70b8-4f2e-aefd-fd229d56133a.csv",MURAL_PUBLICO," "," "," ","participantes_89abad53-fc52-4371-b9d3-319763684aaf.csv",NÃO," ",2023-05-11T09:00:00Z,"Lei 8666/1993, Art. 15, CAPUT",59506.45,34110
"PREFEITURA MUNICIPAL DE CRICIUMA",157,2023,157,2023,2023-06-22,"O presente edital tem por objetivo a contratação de empresa especializada, para fornecimento de outdoor profissional de LED, modelo moving head beam, para uso nos eventos, em atendimento as necessidades das demandas da Secretaria Municipal de Educação.","Pregão eletrônico","Compras e Serviços","MENOR PRECO POR ITEM"," ",REVOGADO," "," "," "," ",2023-07-07T09:00:00Z," ",2023-05-15,2023-07-07,2023-07-07," ","documentosRelacionados_c9aa0625-6f2e-4769-a16a-ade485b6f955.csv","compras@criciuma.sc.gov.br"," ","Rua Domênico Sônego","Rua Domênico Sônego",SC,Licitação,2023-05-15T08:00:00Z," ",INTERNET," ","Licitação fracassada"," ","participantes_04119efd-218e-45d0-bb05-698def6f1fee.csv",NÃO," ",2023-07-07T09:00:00Z,"Lei 8666/1993, Art. 15, CAPUT",82050," "
"PREFEITURA MUNICIPAL DE CRICIUMA",98,2023,98,2023,2023-04-19,"Contratação de empresa do ramo pertinente para execução dos serviços necessários à realização das obras de revitalização da PRAÇA MÁRIO DIOMÁRIO DA ROSA, localizada no bairro Cidade Mineira Velha - Município de Criciúma-SC.","Tomada de Preço","Compras e Serviços","MENOR PRECO GLOBAL",2023-05-18,HOMOLOGADO," "," "," ","contratos_e1e91d8f-e187-411e-9488-0245d118b60f.csv",2023-05-10T09:00:00Z," ",2023-03-20,2023-05-10," "," ","documentosRelacionados_12d94b3b-295c-4282-ba45-567910025358.csv","compras@criciuma.sc.gov.br"," ","Rua Domênico Sônego","Rua Domênico Sônego",SC,Licitação,2023-03-20T08:00:00Z,"itensVencedores_7d88020f-f4fd-419e-ba01-c777fa68b987.csv",INTERNET," "," "," ","participantes_a9e90497-e217-4280-b7b4-1241bfea5d5b.csv",NÃO," ",2023-05-10T09:00:00Z,"Lei 8666/1993, Art. 22, II",559452.02,486696.13
"PREFEITURA MUNICIPAL DE CRICIUMA",154,2023,154,2023,2023-06-21,"O presente edital tem por objetivo a contratação de empresa especializada para a confecção de uniforme (jaquetas), para os agentes da Delegacia Regional de Polícia Civil de	 Criciúma/SC.","Pregão eletrônico","Compras e Serviços","MENOR PRECO GLOBAL",2023-07-19,HOMOLOGADO," "," "," ","contratos_d2555b21-ad1e-4046-9d86-95ee57293adb.csv",2023-07-05T14:00:00Z," ",2023-05-16,2023-07-05," "," ","documentosRelacionados_d1d4ed4d-4c2a-4ffb-aff6-e3e7214d2082.csv","compras@criciuma.sc.gov.br"," ","Rua Domênico Sônego","Rua Domênico Sônego",SC,Licitação,2023-07-05T08:00:00Z,"itensVencedores_454ce520-543f-4707-aa07-18b5841d0fdf.csv",INTERNET," "," "," ","participantes_55973d3e-88ba-444e-884e-4997bf1c84c5.csv",NÃO," ",2023-07-05T14:00:00Z,"Lei 8666/1993, Art. 15, CAPUT",22649.67,20908.3
"PREFEITURA MUNICIPAL DE CRICIUMA",152,2023,152,2023,2023-06-21,"O presente edital tem por objetivo o registro de preços de equipamentos de Climatização (Aparelhos de Ar Condicionados, Quente/Frio, Tipo Split, Inverter – Classe “A” – INMETRO, Condensadora Horizontal, instalados com tubulação em cobre (em até 3 metros linear), diversas capacidades de refrigeração, para instalação nas unidades escolares, Secretaria de Educação e demais locais sob a responsabilidade da Secretaria Municipal de Educação de Criciúma/SC.","Pregão eletrônico","Compras e Serviços","MENOR PRECO POR ITEM",2023-07-19,HOMOLOGADO," ","atasRegistroPrecos_f87ca51c-c77f-403c-9397-0a7c038544fb.csv"," "," ",2023-07-04T14:00:00Z," ",2023-05-04,2023-07-04," ","despesas_039ae28a-0905-49ae-b10e-210399ce3e32.csv","documentosRelacionados_2f4f5552-8269-4599-8b50-c3369dc2b0cc.csv","compras@criciuma.sc.gov.br","empenhos_f432b9be-ac14-4ac2-a653-cfa72bcd118d.csv","Rua Domênico Sônego","Rua Domênico Sônego",SC,Licitação,2023-05-04T08:00:00Z,"itensVencedores_775a9485-a076-4a3e-bca6-249e9c320fc6.csv",INTERNET," "," "," ","participantes_47b6c093-9c37-4f9c-bb2c-ad6130c2a040.csv",SIM," ",2023-07-04T14:00:00Z,"Lei 8666/1993, Art. 15, CAPUT",994019.18,992980
"PREFEITURA MUNICIPAL DE CRICIUMA",190,2023,190,2023,2023-07-21,"O presente edital tem por objetivo o registro de preços de grama do tipo sintética (instalada), em atendimento aos parques, praças e playgrounds localizados no município de Criciúma/SC.","Pregão eletrônico","Compras e Serviços","MENOR PRECO POR ITEM",2023-08-25,HOMOLOGADO," ","atasRegistroPrecos_c4efc932-5ec2-4da3-85c2-a3c933fa418e.csv"," "," ",2023-08-03T09:00:00Z," ",2023-05-25,2023-08-03," ","despesas_1b3b870a-c13b-4b01-8853-1ac35e6a2e8c.csv","documentosRelacionados_6f03e1d0-15dd-42d1-abc8-53dbbe0079a6.csv","compras@criciuma.sc.gov.br","empenhos_63e7ed0d-e91c-4590-8fe8-be2a37021363.csv","Rua Domênico Sônego","Rua Domênico Sônego",SC,Licitação,2023-05-25T08:00:00Z,"itensVencedores_db439ac9-a154-45f1-a6b9-da5b6800d36c.csv",INTERNET," "," "," ","participantes_60a4e947-62e1-4d61-a1a5-25838fb75faf.csv",SIM," ",2023-08-03T09:00:00Z,"Lei 8666/1993, Art. 15, CAPUT",99500,44945
"PREFEITURA MUNICIPAL DE CRICIUMA",180,2023,180,2023,2023-07-13,"Registro de preços, para aquisição SOB DEMANDA, de pneus novos para à frota do 9º Batalhão de Polícia Militar de Criciúma/SC.","Pregão eletrônico","Compras e Serviços","MENOR PRECO POR ITEM",2023-08-22,HOMOLOGADO," ","atasRegistroPrecos_2bc2ffd5-04b3-49d0-b2ac-c07e98a5c056.csv"," "," ",2023-07-27T09:00:00Z," ",2023-06-13,2023-07-27," ","despesas_73fb9cc1-3087-4de2-8b4f-4579f9fd0257.csv","documentosRelacionados_7712e59e-2ed8-4ed7-819a-f7ed91658054.csv","compras@criciuma.sc.gov.br","empenhos_b13ddd6a-f0d9-4a32-8018-a3e1d5ec99e5.csv","Rua Domênico Sônego","Rua Domênico Sônego",SC,Licitação,2023-07-14T08:00:00Z,"itensVencedores_a1735c9e-4067-4a18-8420-d5de1b06bcd5.csv",MURAL_PUBLICO," "," "," ","participantes_b626dff6-f914-4bc3-bd60-c42c48af83cf.csv",SIM," ",2023-07-27T09:00:00Z,"Lei 8666/1993, Art. 15, CAPUT",600646,307002.08
"PREFEITURA MUNICIPAL DE CRICIUMA",217,2023,217,2023,2023-08-17,"Prestação de serviços de consultoria e assessoria técnica, bem como, para auxiliar na elaboração de procedimentos licitatórios com a nova lei de licitações (14.133/2021) para a polícia civil/6º Ciretran do município de Criciúma.","Dispensa de licitação","Compras e Serviços","MENOR PRECO",2023-08-16,HOMOLOGADO," "," "," ","contratos_ae81be4a-ef27-4e8a-bd20-da9cc0d6866f.csv",2023-08-16T08:00:00Z," ",2023-07-31,2023-08-16," "," ","documentosRelacionados_15923ad2-98ce-48f4-924f-f7a4412f598f.csv","compras@criciuma.sc.gov.br"," ","Rua Domênico Sônego","Rua Domênico Sônego",SC,Licitação,2023-08-16T08:00:00Z,"itensVencedores_0469f92b-904f-418d-9475-65971025e425.csv",INTERNET," "," "," ","participantes_69bfb083-77de-432e-98e9-ef993f9a2308.csv",NÃO," ",2023-08-16T08:00:00Z,"Lei 8666/1993, Art. 17, I.a",15600,15600
"PREFEITURA MUNICIPAL DE CRICIUMA",182,2023,182,2023,2023-07-13,"O presente edital tem por objetivo a confecção de uniformes e fardamentos para os funcionários da Diretoria de Trânsito e Transportes do município de Criciúma/SC, incluindo setores de infraestrutura, administrativo, manutenção e conservação.","Pregão eletrônico","Compras e Serviços","MENOR PREÇO GLOBAL POR LOTE",2023-08-02,HOMOLOGADO," "," "," ","contratos_b59a3e33-f459-411a-b263-391c3e5b7326.csv",2023-07-28T09:00:00Z," ",2023-06-30,2023-07-28," "," ","documentosRelacionados_53755ccd-9c25-48ac-9441-d6d74650c29c.csv","compras@criciuma.sc.gov.br"," ","Rua Domênico Sônego","Rua Domênico Sônego",SC,Licitação,2023-07-14T08:00:00Z,"itensVencedores_5468b3d9-9c3b-40ea-abf6-9ba3e92e67bd.csv",INTERNET," "," "," ","participantes_085638f1-a2df-404e-bcba-8d6d860a9bd4.csv",NÃO," ",2023-07-28T09:00:00Z,"Lei 8666/1993, Art. 15, CAPUT",88490,67349.0
"PREFEITURA MUNICIPAL DE CRICIUMA",137,2023,137,2023,2023-06-05,"O presente edital tem por objetivo o registro de preços de eletrodomésticos diversos para as unidades escolares e demais órgãos, em atendimento Secretaria Municipal de Educação de Criciúma/SC.","Pregão eletrônico","Compras e Serviços","MENOR PRECO POR ITEM",2023-10-19,HOMOLOGADO," ","atasRegistroPrecos_c46b324d-0a88-4e79-8d81-cc2eec8c44e3.csv"," "," ",2023-06-20T14:00:00Z," ",2023-03-27,2023-06-20," ","despesas_dc7aff96-93a3-44ce-805d-2a4e2f2201b0.csv","documentosRelacionados_65c59fb7-f417-4188-9427-058a64acc7df.csv","compras@criciuma.sc.gov.br","empenhos_39061ecf-ed58-4bc1-af41-9687de4dd919.csv","Rua Domênico Sônego","Rua Domênico Sônego",SC,Licitação,2023-03-27T08:00:00Z,"itensVencedores_7922c551-c009-45e7-85e5-88374f9be0df.csv",MURAL_PUBLICO," "," "," ","participantes_68de7de7-1e69-4b4c-983b-9ef46f64b168.csv",SIM," ",2023-06-20T14:00:00Z,"Lei 8666/1993, Art. 15, CAPUT",890275.5,694515.65
"PREFEITURA MUNICIPAL DE CRICIUMA",311,2023,311,2023,2024-01-11,"Contratação de empresa especializada para prestação de serviços de agenciamento de estágios junto as instituições de ensino, visando a preparação para o trabalho produtivo de educandos que estejam frequentando o ensino regular em instituições de educação superior, de educação profissional, de ensino médio, na modalidade profissional da educação de jovens e adultos para o 4º Batalhão de Bombeiros Militar de Criciúma/SC (Convênio 73/2018 de acordo com a Lei no 11.788 de 25 de setembro de 2008).","Pregão eletrônico","Compras e Serviços","MENOR PRECO GLOBAL",2024-02-13,HOMOLOGADO," "," "," ","contratos_3b9afc85-65ce-45d6-ad5c-56e0bc0de00b.csv",2024-01-24T14:00:00Z," ",2023-10-18,2024-01-24," "," ","documentosRelacionados_2f74140a-da82-41af-b08c-e9803e524587.csv","compras@criciuma.sc.gov.br"," ","Rua Domênico Sônego","Rua Domênico Sônego",SC,Licitação,2023-10-18T08:00:00Z,"itensVencedores_769b6820-fe92-4f59-875f-6e4546c42fcb.csv",INTERNET," "," "," ","participantes_a8a34d2f-7d1b-48f6-bb23-74bb114ea4d8.csv",NÃO," ",2024-01-24T14:00:00Z,"Lei 14133/2021, Art. 28, I",32601.6,31189.92
"PREFEITURA MUNICIPAL DE CRICIUMA",177,2023,177,2023,2023-07-11,"Elaboração de projeto arquitetônico completo de uma fazenda de geração de energia solar, a ser distribuída para as escolas da rede municipal de ensino e demais órgãos, sob a responsabilidade da Secretaria de Educação, conforme Termo de Referência.","Dispensa de licitação","Compras e Serviços","MENOR PRECO",2023-07-10,HOMOLOGADO," "," "," ","contratos_341793f7-301a-461d-93ff-fcf96fe759ba.csv",2023-07-10T08:00:00Z," ",2023-06-14,2023-07-10," "," ","documentosRelacionados_f8000744-5e39-4326-b75b-35f41b8319a3.csv","compras@criciuma.sc.gov.br"," ","Rua Domênico Sônego","Rua Domênico Sônego",SC,Licitação,2023-07-10T08:00:00Z,"itensVencedores_e17b4be7-6df0-4924-8657-8f2b082accf7.csv",INTERNET," "," "," ","participantes_e1619e75-e802-4d58-b104-97f6a0349abe.csv",NÃO," ",2023-07-10T08:00:00Z,"Lei 8666/1993, Art. 17, I.a",110455,110455
"PREFEITURA MUNICIPAL DE CRICIUMA",191,2023,191,2023,2023-07-21,"Aquisição, sob demanda, de equipamentos à gasolina (roçadeira, soprador, máquina de cortar asfalto, entre outros) e ferramentas elétricas (furadeira, parafusadeira, serra mármore e entre outros) em atendimento a Secretaria de Infraestrutura do município de Criciúma - SC.","Pregão eletrônico","Compras e Serviços","MENOR PRECO POR ITEM",2023-09-14,HOMOLOGADO," ","atasRegistroPrecos_fd47ca8f-331e-4cb3-903e-29e7195a484d.csv"," "," ",2023-08-03T14:00:00Z," ",2023-06-21,2023-08-03," ","despesas_3c25083f-61e8-4e73-b36e-1919f5741a4e.csv","documentosRelacionados_82ab7553-25b0-4fed-a173-1da5a683fe7b.csv","compras@criciuma.sc.gov.br","empenhos_74b7f599-04bc-4069-8592-69a19b43b1e9.csv","Rua Domênico Sônego","Rua Domênico Sônego",SC,Licitação,2023-06-21T08:00:00Z,"itensVencedores_69939242-94f1-460f-82fd-db14d3254e86.csv",INTERNET," "," "," ","participantes_13feec61-0009-4522-a81f-d70ee48586dd.csv",SIM," ",2023-08-03T14:00:00Z,"Lei 8666/1993, Art. 15, CAPUT",204374.7,179402.1
"PREFEITURA MUNICIPAL DE CRICIUMA",185,2023,185,2023,2023-07-14,"O presente edital tem por objetivo o registro de preços de redes para traves de futebol society, de voleibol e aro de cesta de basquete, para uso nas escolas e demais órgãos pertencentes a RP Rede Municipal de Ensino, atendendo as demandas da Secretaria Municipal de Educação de Criciúma/SC","Pregão eletrônico","Compras e Serviços","MENOR PRECO POR ITEM",2023-08-01,HOMOLOGADO," ","atasRegistroPrecos_d53ed056-c52f-4f6c-8c01-4f2b94702af1.csv"," "," ",2023-07-31T09:00:00Z," ",2023-07-03,2023-07-31," ","despesas_bc43affa-0ed0-494d-9d5a-fe1696ea3405.csv","documentosRelacionados_1ee1f7d7-d839-4ec2-b84a-82c9b76c9dca.csv","compras@criciuma.sc.gov.br","empenhos_1e6cad08-b85f-4a7f-8020-4e5c83a5b287.csv","Rua Domênico Sônego","Rua Domênico Sônego",SC,Licitação,2023-07-14T08:00:00Z,"itensVencedores_8c8efb3d-d0ea-4129-9b8d-b78c362da5f4.csv",MURAL_PUBLICO," "," "," ","participantes_7e39f31a-75c7-4291-8eb8-ca6a6d799315.csv",SIM," ",2023-07-31T09:00:00Z,"Lei 8666/1993, Art. 15, CAPUT",134120,33425
"PREFEITURA MUNICIPAL DE CRICIUMA",105,2023,105,2023,2023-05-12,"Registro de preço para aquisição de gêneros alimentícios para a Alimentação Escolar em atendimento aos alunos das escolas da rede municipal de ensino e entidades filantrópicas conveniadas de Criciúma/SC, consoante a Resolução FNDE nº 06/2020 e suas alterações.","Pregão eletrônico","Compras e Serviços","MENOR PRECO POR ITEM",2023-05-16,HOMOLOGADO," ","atasRegistroPrecos_215959f2-39e6-40cf-a525-ca5963c2b7b3.csv"," "," ",2023-05-12T09:00:00Z," ",2023-04-12,2023-05-12," ","despesas_355244f2-dd05-441e-b9f4-7bc3414b724a.csv","documentosRelacionados_080aa707-07c6-4957-8fed-c103a6069765.csv","compras@criciuma.sc.gov.br","empenhos_273d8ae9-0051-46db-8068-e7c88ac463ab.csv","Rua Domênico Sônego","Rua Domênico Sônego",SC,Licitação,2023-04-12T08:00:00Z,"itensVencedores_fec4b295-7e83-4b2a-8a43-0bcde224dd09.csv",MURAL_PUBLICO," "," "," ","participantes_876a90e6-8a0d-4960-b8e4-50ec19afbd4e.csv",SIM," ",2023-05-12T09:00:00Z,"Lei 8666/1993, Art. 15, CAPUT",208115.07,206882.48
"PREFEITURA MUNICIPAL DE CRICIUMA",149,2023,149,2023,2023-06-16,"Registro de preços, para aquisição SOB DEMANDA, de materiais e equipamentos de bombeiros, para o 4º Batalhão de Bombeiros Militar de Criciúma/ SC.","Pregão eletrônico","Compras e Serviços","MENOR PRECO POR ITEM",2023-08-02,HOMOLOGADO," ","atasRegistroPrecos_1cd962ba-bcef-4fec-9dc8-7ce3a07da966.csv"," "," ",2023-06-30T09:00:00Z," ",2023-05-12,2023-06-30," ","despesas_5ca55039-f7ff-4e49-8dc7-56d7f6de4842.csv","documentosRelacionados_faa08e74-02be-445c-95e0-eb4d21b2cdaf.csv","compras@criciuma.sc.gov.br","empenhos_b1e31b6b-8f14-4ef1-99bd-d3af13cb494f.csv","Rua Domênico Sônego","Rua Domênico Sônego",SC,Licitação,2023-05-12T08:00:00Z,"itensVencedores_eb3e0841-df5d-4c76-b5d0-dfccb1fdcc03.csv",INTERNET," "," "," ","participantes_03a955aa-1cac-4d00-ac36-32f74863e5e3.csv",SIM," ",2023-06-30T09:00:00Z,"Lei 8666/1993, Art. 15, CAPUT",71172.83,48566.65
"PREFEITURA MUNICIPAL DE CRICIUMA",122,2023,122,2023,2023-05-17,"O presente edital tem por objetivo a contratação de empresa especializada para realizar serviços referentes a implantação de revestimento vegetal com técnica de hidrossemeadura, na trincheira do complexo do binário no município de Criciúma/SC.","Pregão eletrônico","Compras e Serviços","MENOR PRECO GLOBAL"," ",REVOGADO," "," "," "," ",2023-05-29T14:00:00Z," ",2023-04-26,2023-05-29,2023-05-29," ","documentosRelacionados_0106aecd-a5e2-47ae-83ca-cf672ba763f6.csv","compras@criciuma.sc.gov.br"," ","Rua Domênico Sônego","Rua Domênico Sônego",SC,Licitação,2023-04-26T08:00:00Z," ",INTERNET," ","Licitação deserta"," "," ",NÃO," ",2023-05-29T14:00:00Z,"Lei 8666/1993, Art. 15, CAPUT",28422," "
"PREFEITURA MUNICIPAL DE CRICIUMA",82,2023,82,2023,2023-03-29,"O presente edital tem por objetivo o fornecimento e instalação de cabeça de impressão para a plotter VS640i – modelo DX7 Goldhead,  para a plotter da Diretoria de Trânsito e Transportes de Criciúma/SC.","Pregão eletrônico","Compras e Serviços","MENOR PREÇO GLOBAL POR LOTE"," ",REVOGADO," "," "," "," ",2023-04-18T09:00:00Z," ",2023-03-13,2023-04-18,2023-04-18," ","documentosRelacionados_4239c81d-2c74-4f5e-9b84-45e295f47d66.csv","compras@criciuma.sc.gov.br"," ","Rua Domênico Sônego","Rua Domênico Sônego",SC,Licitação,2023-03-29T08:00:00Z," ",INTERNET," ","Licitação deserta"," "," ",NÃO," ",2023-04-18T09:00:00Z,"Lei 8666/1993, Art. 15, CAPUT",18688.23," "
"PREFEITURA MUNICIPAL DE CRICIUMA",112,2023,112,2023,2023-05-09,"Registro de preços, para aquisição SOB DEMANDA, de armários em aço para os alojamentos do 9º Batalhão de Polícia Militar de Criciúma/SC.","Pregão eletrônico","Compras e Serviços","MENOR PRECO POR ITEM",2023-05-23,HOMOLOGADO," ","atasRegistroPrecos_a036fde4-b616-4203-b2ee-6ce024942caf.csv"," "," ",2023-05-23T09:00:00Z," ",2023-04-04,2023-05-23," ","despesas_ba8aaa3b-55bd-472d-87f5-036ddbec0036.csv","documentosRelacionados_ddd433cc-ca9c-458a-b835-4d71952bfd3d.csv","compras@criciuma.sc.gov.br","empenhos_08935788-bc8c-4eaa-8c71-19e8aa4f9f5b.csv","Rua Domênico Sônego","Rua Domênico Sônego",SC,Licitação,2023-04-04T08:00:00Z,"itensVencedores_3df462eb-d6c1-4dbe-a246-9e21f2e593ed.csv",INTERNET," "," "," ","participantes_95ef862e-ce99-4ddb-9c45-84cac6753e50.csv",SIM," ",2023-05-23T09:00:00Z,"Lei 8666/1993, Art. 15, CAPUT",19199.58,13140
"PREFEITURA MUNICIPAL DE CRICIUMA",216,2023,216,2023,2023-08-21,"Prestação de serviço de disponibilização, instalação, operação e manutenção de equipamentos eletrônicos de controle de tráfego para o monitoramento foto-eletrônico do trânsito do município de Criciúma/SC.","Pregão eletrônico","Compras e Serviços","MENOR PRECO GLOBAL",2023-09-28,HOMOLOGADO," "," "," ","contratos_5fd8862e-c9a9-4076-9d0a-cc5e46e8d055.csv",2023-09-04T09:00:00Z," ",2023-08-17,2023-09-04," "," ","documentosRelacionados_7574822a-6188-4f85-a293-49150a08e0a5.csv","compras@criciuma.sc.gov.br"," ","Rua Domênico Sônego","Rua Domênico Sônego",SC,Licitação,2023-08-21T08:00:00Z,"itensVencedores_163fa632-a991-4205-be50-4041068bc906.csv",INTERNET," "," "," ","participantes_a39ba8db-f8ef-46fe-8e92-9c107ff8f193.csv",NÃO," ",2023-09-04T08:30:00Z,"Lei 14133/2021, Art. 28, I",3.41122705E7,3.15E7
"PREFEITURA MUNICIPAL DE CRICIUMA",247,2023,247,2023,2023-10-10,"Contratação de empresa especializada para CONFECÇÃO DE ESCULTURAS ARTÍSTICAS para acomodar 2 (dois) foguetes espaciais, doados ao Município de Criciúma pela Força Aérea Brasileira que serão fixados no Parque Astronômico Albert Einstein, localizado no bairro Mina Brasil - Município de Criciúma-SC.","Inexigibilidade de licitação","Compras e Serviços","MENOR PRECO",2023-10-10,HOMOLOGADO," "," "," ","contratos_7b774e25-0743-44b2-b205-e3c11b3b64bc.csv",2023-10-10T08:00:00Z," ",2023-09-05,2023-10-10," "," ","documentosRelacionados_58abd173-295e-4e30-a67e-adb9e137a768.csv","compras@criciuma.sc.gov.br"," ","Rua Domênico Sônego","Rua Domênico Sônego",SC,Licitação,2023-10-10T08:00:00Z,"itensVencedores_15204bce-83ec-48af-a616-e6d978d47c6b.csv",INTERNET," "," "," ","participantes_d413e5d5-3c68-4f3f-ad46-3724fb33c844.csv",NÃO," ",2023-10-10T08:00:00Z,"Lei 14133/2021, Art. 74, II",39799,39799
"PREFEITURA MUNICIPAL DE CRICIUMA",309,2023,309,2023,2024-01-08,"Registro de Preços para Aquisição, sob demanda, de Botes de Resgate para o 4º Batalhão de Bombeiros Militar de Criciúma.","Pregão eletrônico","Compras e Serviços","MENOR PRECO POR ITEM",2024-01-25,HOMOLOGADO," ","atasRegistroPrecos_df0ffe94-cac9-4286-9449-b860a3c49b4e.csv"," "," ",2024-01-23T14:00:00Z," ",2023-12-18,2024-01-23," ","despesas_a7ab2016-a55d-45c2-9dc4-fb7c48905b5d.csv","documentosRelacionados_1327ec1a-c488-462f-8697-c31873af5e7f.csv","compras@criciuma.sc.gov.br","empenhos_a898ca5d-6bc2-4a5a-80ed-b2e5b5fe9352.csv","Rua Domênico Sônego","Rua Domênico Sônego",SC,Licitação,2024-01-09T08:00:00Z,"itensVencedores_02364c11-11f6-43bc-86f4-31d9c8c5b0e4.csv",INTERNET," "," "," ","participantes_e1cad5e3-df37-4ca2-b7d8-62fda360bf49.csv",SIM," ",2024-01-23T14:00:00Z,"Lei 14133/2021, Art. 28, I",236712,231400
"PREFEITURA MUNICIPAL DE CRICIUMA",169,2023,169,2023,2023-07-06,"O presente edital tem por objetivo a contratação de empresa especializada para serviços de plotagem e aplicação, sob demanda, de adesivos nos veículos da frota do 9º Batalhão de Polícia Militar de Criciúma/SC.","Pregão eletrônico","Compras e Serviços","MENOR PRECO GLOBAL",2023-10-17,HOMOLOGADO," "," "," ","contratos_c01424ee-4dc3-486b-bf00-aa554843fd7f.csv",2023-07-20T09:00:00Z," ",2023-06-13,2023-07-20," "," ","documentosRelacionados_6004b166-7586-46b4-b363-043acf3cee11.csv","compras@criciuma.sc.gov.br"," ","Rua Domênico Sônego","Rua Domênico Sônego",SC,Licitação,2023-06-13T08:00:00Z,"itensVencedores_7133b233-10a9-45db-aabf-afcf5a955757.csv",INTERNET," "," "," ","participantes_a5a2f9c1-0007-44e4-90fc-78053f61cf5b.csv",NÃO," ",2023-07-20T09:00:00Z,"Lei 8666/1993, Art. 15, CAPUT",198338.4,167001.4
"PREFEITURA MUNICIPAL DE CRICIUMA",308,2023,308,2023,2023-12-22,"O presente edital tem por objetivo a contratação de empresa especializada, na prestação de serviços de rastreamento e monitoramento digital de veículos e máquinas que compões a frota oficial do Município de Criciúma/SC.","Pregão eletrônico","Compras e Serviços","MENOR PRECO GLOBAL",2024-03-01,HOMOLOGADO," "," "," ","contratos_5ed095c5-e6d2-45e8-9609-3d54f00cf748.csv",2024-01-15T09:00:00Z," ",2023-11-21,2024-01-15," "," ","documentosRelacionados_02aef364-be9b-469f-81cb-97f55763efc0.csv","compras@criciuma.sc.gov.br"," ","Rua Domênico Sônego","Rua Domênico Sônego",SC,Licitação,2023-11-21T08:00:00Z,"itensVencedores_0de5da0f-bf2b-4bd7-9cbd-b3d0302a7640.csv",INTERNET," "," "," ","participantes_9af4b8a7-b490-4361-8405-201f493553c3.csv",NÃO," ",2024-01-15T09:00:00Z,"Lei 8666/1993, Art. 15, CAPUT",311150,96397
"PREFEITURA MUNICIPAL DE CRICIUMA",104,2023,104,2023,2023-04-26,"O presente edital tem por objetivo a aquisição de colhedora de forragens e roçadeira, em atendimento a Gerência de Agricultura – Secretaria da Fazenda do município de Criciúma/SC.","Pregão eletrônico","Compras e Serviços","MENOR PRECO POR ITEM",2023-06-12,HOMOLOGADO," "," "," ","contratos_1097c652-5ba4-4eea-8ba6-e96389152ba7.csv",2023-05-11T14:00:00Z," ",2023-03-06,2023-05-11," "," ","documentosRelacionados_43941453-6e8c-4bf1-b007-6f971b99d083.csv","compras@criciuma.sc.gov.br"," ","Rua Domênico Sônego","Rua Domênico Sônego",SC,Licitação,2023-03-06T08:00:00Z,"itensVencedores_93ed7705-0f37-4015-a68a-f589e3c383eb.csv",MURAL_PUBLICO," "," "," ","participantes_5374dc7d-53ae-4f25-b20e-44e598054440.csv",NÃO," ",2023-05-11T14:00:00Z,"Lei 8666/1993, Art. 15, CAPUT",109800,84000
"PREFEITURA MUNICIPAL DE CRICIUMA",79,2023,79,2023,2023-03-28,"O presente edital tem por objetivo o registro de preços de grelhas de ferro fundido, a serem utilizadas em vias públicas do município de Criciúma/SC.","Pregão eletrônico","Compras e Serviços","MENOR PRECO POR ITEM",2023-04-12,HOMOLOGADO," ","atasRegistroPrecos_c26dbdfe-4b4b-4ada-8419-4365ead94ea9.csv"," "," ",2023-04-12T11:00:00Z," ",2023-03-14,2023-04-12," ","despesas_7e70bbd5-0dea-4b25-821b-53bd2073f3b0.csv","documentosRelacionados_13b0ad9c-5956-45c6-bb8e-38996f5fc8e8.csv","compras@criciuma.sc.gov.br","empenhos_2ec9f48c-91fe-4817-b1f2-c7363745297a.csv","Rua Domênico Sônego","Rua Domênico Sônego",SC,Licitação,2023-03-14T08:00:00Z,"itensVencedores_baa5230f-01c2-4cbb-a680-9f78e49ab722.csv",MURAL_PUBLICO," "," "," ","participantes_0ed9906c-0b8f-4de5-9abe-c76b7cade4d7.csv",SIM," ",2023-04-12T11:00:00Z,"Lei 8666/1993, Art. 15, CAPUT",152148,147400
"PREFEITURA MUNICIPAL DE CRICIUMA",186,2023,186,2023,2023-07-14,"O presente edital tem por objetivo a contratação de empresa especializada para a prestação de serviços de manutenção corretiva e preventiva periódica, conservação e assistência técnica, com fornecimento de mão de obra, peças, insumos, ferramentas, equipamentos e demais materiais que forem necessários e suficientes para atendimento de um elevador instalado na unidade escolar EMEIEF Pe. Ludovico Coccolo, sob a responsabilidade da Secretaria Municipal de Educação de Criciúma/SC.","Pregão eletrônico","Compras e Serviços","MENOR PRECO GLOBAL",2023-08-01,HOMOLOGADO," "," "," ","contratos_17c928ca-bb59-4976-8719-d948cfeb0c72.csv",2023-07-31T14:00:00Z," ",2023-07-05,2023-07-31," "," ","documentosRelacionados_27fcdd6b-a9c8-4b68-a7ec-8ac488e394f8.csv","compras@criciuma.sc.gov.br"," ","Rua Domênico Sônego","Rua Domênico Sônego",SC,Licitação,2023-07-05T08:00:00Z,"itensVencedores_02b926e9-3ce7-47b7-b626-9f42584f7bf8.csv",MURAL_PUBLICO," "," "," ","participantes_6e845bd8-e425-49be-aaaa-db3a757c70d2.csv",NÃO," ",2023-07-31T14:00:00Z,"Lei 8666/1993, Art. 15, CAPUT",12110.76,7200
"PREFEITURA MUNICIPAL DE CRICIUMA",91,2023,91,2023,2023-04-14,"O presente edital tem por objetivo o registro de preços de sementes certificadas de pastagens de outono e inverno: Aveia Preta (Avena strigosa) e Azevém (Lolium Multiflorum) para fornecimento subsidiado a agricultores e pecuaristas do Município de Criciúma/SC.","Pregão eletrônico","Compras e Serviços","MENOR PRECO POR ITEM",2023-04-27,HOMOLOGADO," ","atasRegistroPrecos_ead48c8b-f24c-4af5-a435-2f4301d81b8b.csv"," "," ",2023-04-27T09:00:00Z," ",2023-02-10,2023-04-27," ","despesas_23f30ece-cd5a-40ed-94d7-b814d82ca98b.csv","documentosRelacionados_b8a4a1f4-1255-4468-9f4e-668fcc37a4d3.csv","compras@criciuma.sc.gov.br","empenhos_ee4ffae9-51af-4abd-a838-49bd6fdfb1f4.csv","Rua Domênico Sônego","Rua Domênico Sônego",SC,Licitação,2023-02-10T08:00:00Z,"itensVencedores_0707c87a-977c-48e4-8fb5-ae97c466d26e.csv",INTERNET," "," "," ","participantes_644927be-6b18-489b-b3f8-39b60795c5f9.csv",SIM," ",2023-04-27T09:00:00Z,"Lei 8666/1993, Art. 15, CAPUT",52910,52650
"PREFEITURA MUNICIPAL DE CRICIUMA",113,2023,113,2023,2023-05-15,"Contratação de empresa do ramo pertinente, para execução dos serviços necessários à realização das obras de construção do prédio do COMPLEXO FUNERÁRIO, com área total de 467,57m², avenida Santos Dumont, esquina com a rua Valdir Vaz Franco, bairro Milanese no município de Criciúma-SC.","Tomada de Preço","Compras e Serviços","MENOR PRECO GLOBAL",2023-07-05,HOMOLOGADO," "," "," ","contratos_06fcfd1e-a403-42aa-b5bf-efa018525ccf.csv",2023-05-31T14:00:00Z," ",2023-03-10,2023-05-31," "," ","documentosRelacionados_5f30dda5-dcfb-42f5-ba27-8070eeb73a31.csv","compras@criciuma.sc.gov.br"," ","Rua Domênico Sônego","Rua Domênico Sônego",SC,Licitação,2023-03-10T08:00:00Z,"itensVencedores_10041724-cff7-4953-b76c-72923205cc7f.csv",INTERNET," "," "," ","participantes_2bfa6444-d85e-49a5-bf95-aeb9a4f05e41.csv",NÃO," ",2023-05-31T14:00:00Z,"Lei 8666/1993, Art. 22, II",2253616.35,1532593.04
"PREFEITURA MUNICIPAL DE CRICIUMA",100,2023,100,2023,2023-04-25,"O presente edital tem por objetivo o registro de preços de uniformes (EPI’s), para prevenção e proteção dos funcionários da Rede Municipal de Ensino de Criciúma/SC.","Pregão eletrônico","Compras e Serviços","MENOR PRECO POR ITEM",2023-06-01,HOMOLOGADO," ","atasRegistroPrecos_dc8f8075-777f-458f-ab59-7116ea07caf0.csv"," "," ",2023-05-09T09:00:00Z," ",2023-03-20,2023-05-09," ","despesas_8ca374dd-2944-4ce1-8653-ef888b000029.csv","documentosRelacionados_f1e60fcf-ee58-4297-9d87-f119ba61ff40.csv","compras@criciuma.sc.gov.br","empenhos_e7c5b651-1cd2-4835-802f-6515a7e9a380.csv","Rua Domênico Sônego","Rua Domênico Sônego",SC,Licitação,2023-03-20T08:00:00Z,"itensVencedores_a264c47c-ab30-4388-adbe-735bb05eff0e.csv",INTERNET," "," "," ","participantes_4037f20a-8229-4c8e-bf40-d2c5eafff0e1.csv",SIM," ",2023-05-09T09:00:00Z,"Lei 8666/1993, Art. 15, CAPUT",236835.5,106994.5
"PREFEITURA MUNICIPAL DE CRICIUMA",116,2023,116,2023,2023-05-15,"Contratação de empresa do ramo pertinente para fornecimento, SOB DEMANDA, de materiais de consumo e equipamentos, a fim de atender as necessidades das unidades administrativas do município de Criciúma-SC, durante o ano/exercício 2023.",Convite,"Compras e Serviços","MENOR PRECO GLOBAL",2023-06-21,HOMOLOGADO," "," "," ","contratos_8c9f9330-fce1-4e2d-8b4f-69a8665a8d0d.csv",2023-05-24T14:00:00Z," ",2023-04-17,2023-05-24," "," ","documentosRelacionados_e607e4cd-682d-4807-bee7-65259d178b24.csv","compras@criciuma.sc.gov.br"," ","Rua Domênico Sônego","Rua Domênico Sônego",SC,Licitação,2023-04-17T08:00:00Z,"itensVencedores_054755c8-a21d-4513-b9cb-7bab086aacda.csv",INTERNET," "," "," ","participantes_840161f3-2a0c-460b-890a-0d16f6d7ea4f.csv",NÃO," ",2023-05-24T14:00:00Z,"Lei 8666/1993, Art. 22, III",174031.87,135982
"PREFEITURA MUNICIPAL DE CRICIUMA",109,2023,109,2023,2023-05-09,"O presente edital tem por objetivo o registro de preços de redes de proteção para quadras, traves de futebol, vôlei e cestas de basquete, para uso nas escolas e demais órgãos pertencentes a Rede Municipal de Ensino, atendendo as demandas da Secretaria Municipal de Educação de Criciúma/SC.","Pregão eletrônico","Compras e Serviços","MENOR PRECO POR ITEM",2023-06-01,HOMOLOGADO," ","atasRegistroPrecos_fe1d29ce-3b24-4e55-a73a-90d2418a09f8.csv"," "," ",2023-05-19T09:00:00Z," ",2023-04-03,2023-05-19," ","despesas_5d39d112-bac0-4119-9771-d3348aaad16c.csv","documentosRelacionados_4f5fcdea-19dd-470f-9a2a-d9043dc665b4.csv","compras@criciuma.sc.gov.br","empenhos_471c743c-b848-442e-a4fe-a7042f9e952a.csv","Rua Domênico Sônego","Rua Domênico Sônego",SC,Licitação,2023-04-03T08:00:00Z,"itensVencedores_a0896cae-8e97-43d5-9a99-bedc22603434.csv",INTERNET," "," "," ","participantes_f6b70e96-a72e-4908-a311-1400a26d6600.csv",SIM," ",2023-05-19T09:00:00Z,"Lei 8666/1993, Art. 15, CAPUT",441338.8,108240
"PREFEITURA MUNICIPAL DE CRICIUMA",102,2023,102,2023,2023-04-26,"O presente edital tem por objetivo a contratação de empresa especializada na limpeza e desinfecção de caixas d’água, em atendimento as sedes das Secretarias, Diretorias, Fundos e Fundações do município de Criciúma/SC.","Pregão eletrônico","Compras e Serviços","MENOR PRECO GLOBAL",2023-05-16,HOMOLOGADO," "," "," ","contratos_85965cc9-378d-4647-9b60-330e2f9cef99.csv",2023-05-10T09:00:00Z," ",2023-03-14,2023-05-10," "," ","documentosRelacionados_a4483d10-16c8-447d-96c3-1b7136b3c722.csv","compras@criciuma.sc.gov.br"," ","Rua Domênico Sônego","Rua Domênico Sônego",SC,Licitação,2023-03-14T08:00:00Z,"itensVencedores_76fa4212-24ac-4980-8d49-921025cd26b2.csv",MURAL_PUBLICO," "," "," ","participantes_53326096-2d99-4e22-9a2f-4299727665c9.csv",NÃO," ",2023-05-10T09:00:00Z,"Lei 8666/1993, Art. 15, CAPUT",163880,59999.99
"PREFEITURA MUNICIPAL DE CRICIUMA",108,2023,108,2023,2023-05-04,"Contratação de empresa do ramo pertinente para elaboração de Projeto Executivo e Licenciamento Ambiental para o empreendimento de disposição final de resíduos sólidos da construção civil e resíduos inertes, localizado na área excedente da Usina de Asfalto, no município de Criciúma - SC.","Tomada de preços","Compras e Serviços","MENOR PRECO GLOBAL",2023-05-26,HOMOLOGADO," "," "," ","contratos_03a3b7ac-d3c5-413f-80f0-87b0cfb8859b.csv",2023-05-22T14:00:00Z," ",2023-03-22,2023-05-22," "," ","documentosRelacionados_20f25c46-2166-479d-ae5f-eb4830454429.csv","compras@criciuma.sc.gov.br"," ","Rua Domênico Sônego","Rua Domênico Sônego",SC,Licitação,2023-03-22T08:00:00Z,"itensVencedores_1ec7f2c9-11d6-4740-8e46-d8737a976619.csv",INTERNET," "," "," ","participantes_7f09f9ca-9aef-48bc-b250-8c68fb2c7973.csv",NÃO," ",2023-05-22T14:00:00Z,"Lei 8666/1993, Art. 22, II",129000,98000
"PREFEITURA MUNICIPAL DE CRICIUMA",155,2023,155,2023,2023-06-21,"RO presente edital tem por objetivo a contratação de empresa especializada no fornecimento de alimentação pronta para 9º Batalhão de Polícia Militar de Criciúma/SC.","Pregão eletrônico","Compras e Serviços","MENOR PRECO GLOBAL",2023-07-11,HOMOLOGADO," "," "," ","contratos_a740bbe0-3bfd-48a7-9d3e-2860653a2fcd.csv",2023-07-06T14:00:00Z," ",2023-04-25,2023-07-06," "," ","documentosRelacionados_7a003ecf-3b9f-4cee-87b8-8a9a107f11fa.csv","compras@criciuma.sc.gov.br"," ","Rua Domênico Sônego","Rua Domênico Sônego",SC,Licitação,2023-04-25T08:00:00Z,"itensVencedores_28381cbe-fd65-40c4-9bef-4e8e104afcc9.csv",MURAL_PUBLICO," "," "," ","participantes_25c34898-b9a5-42f1-80fb-bae10f9a16ae.csv",NÃO," ",2023-07-06T14:00:00Z,"Lei 8666/1993, Art. 15, CAPUT",319000,318000
"PREFEITURA MUNICIPAL DE CRICIUMA",310,2023,310,2023,2024-01-08,"Contratação de empresa especializada para prestação de serviços de seguro veicular, para frota do para o 4º Batalhão de Bombeiros Militar de Criciúma/SC.","Pregão eletrônico","Compras e Serviços","MENOR PRECO GLOBAL",2024-01-24,HOMOLOGADO," "," "," ","contratos_7880f836-917e-4409-ae9d-d849d8d6c6ea.csv",2024-01-24T09:00:00Z," ",2023-12-13,2024-01-24," "," ","documentosRelacionados_3e833d8e-6f4a-451f-a518-80e56397e478.csv","compras@criciuma.sc.gov.br"," ","Rua Domênico Sônego","Rua Domênico Sônego",SC,Licitação,2023-12-13T08:00:00Z,"itensVencedores_ca11f1fa-721e-4799-abda-32b655434862.csv",INTERNET," "," "," ","participantes_24822ec0-112a-4606-8930-9c4bfb0435c4.csv",NÃO," ",2024-01-24T09:00:00Z,"Lei 14133/2021, Art. 28, I",38532.47,38481.64
"PREFEITURA MUNICIPAL DE CRICIUMA",215,2023,215,2023,2023-08-15,"O presente edital tem por objetivo a contratação de empresa especializada na prestação de serviço de implementação e manutenção de sistema de emergência escolar, contando com hardware (botão de pânico) e de software de gestão para atendimento das situações de urgência e emergência das unidades escolares pertencentes a Secretaria Municipal de Educação de Criciúma/SC.","Pregão eletrônico","Compras e Serviços","MENOR PRECO GLOBAL",2023-10-19,HOMOLOGADO," "," "," ","contratos_98a57134-bb7a-4382-af4a-c542feece277.csv",2023-08-29T09:00:00Z," ",2023-07-13,2023-08-29," "," ","documentosRelacionados_106497ae-3193-4f97-beef-d641d290d641.csv","compras@criciuma.sc.gov.br"," ","Rua Domênico Sônego","Rua Domênico Sônego",SC,Licitação,2023-07-13T08:00:00Z,"itensVencedores_b4ecf9d4-ec20-4bb0-b726-eb738fb507af.csv",INTERNET," "," "," ","participantes_3e85dae7-b0bd-4230-b70e-4132fbe0ebfa.csv",NÃO," ",2023-08-29T09:00:00Z,"Lei 8666/1993, Art. 15, CAPUT",453426.67,363500
"PREFEITURA MUNICIPAL DE CRICIUMA",288,2023,288,2023,2023-11-23,"Registro de Preços para aquisição, sob demanda, de materiais e equipamentos de Atendimentos Pré-Hospitalar para o 4º Batalhão de Bombeiros Militar de Criciúma/SC.","Pregão eletrônico","Compras e Serviços","MENOR PRECO POR ITEM",2024-01-16,HOMOLOGADO," ","atasRegistroPrecos_9f1aa3cb-ac94-4829-9b29-37caa00d9263.csv"," "," ",2023-12-11T09:00:00Z," ",2023-09-14,2023-12-11," ","despesas_cd517469-cb0a-457c-ad7f-18b862095ee0.csv","documentosRelacionados_3c460626-e089-4c07-8e50-e4f7224493a0.csv","compras@criciuma.sc.gov.br","empenhos_402372ed-db70-4b8b-b1c5-8cab015d0972.csv","Rua Domênico Sônego","Rua Domênico Sônego",SC,Licitação,2023-09-14T08:00:00Z,"itensVencedores_38219516-0afd-47a8-aada-b836450e07e9.csv",INTERNET," "," "," ","participantes_6de135c0-139f-4109-90b8-24866fd31e76.csv",SIM," ",2023-12-11T09:00:00Z,"Lei 14133/2021, Art. 28, I",486747.78,298405.19
"PREFEITURA MUNICIPAL DE CRICIUMA",130,2023,130,2023,2023-06-02,"Contratação de empresa do ramo pertinente, para execução dos serviços necessários à realização das obras de reforma da CANCHA DE BOCHA DO CÍRCULO SÃO JOSÉ, com área total de 210,33m², localizado no centro do município de Criciúma-SC.","Tomada de Preço","Compras e Serviços","MENOR PRECO",2023-07-19,HOMOLOGADO," "," "," ","contratos_057decc6-7f9a-4bbc-9541-b57981d17601.csv",2023-06-20T14:00:00Z," ",2023-04-24,2023-06-20," "," ","documentosRelacionados_42b5e182-ed4a-4c86-b47f-c7b789cd2c3e.csv","compras@criciuma.sc.gov.br"," ","Rua Domênico Sônego","Rua Domênico Sônego",SC,Licitação,2023-04-24T08:00:00Z,"itensVencedores_7a74adc6-8905-4f28-a2db-73abc20fe893.csv",INTERNET," "," "," ","participantes_1b1a7752-a3fd-49ad-9aa3-7e5e864bb59f.csv",NÃO," ",2023-06-20T14:00:00Z,"Lei 8666/1993, Art. 22, II",57946.01,57658.28
"PREFEITURA MUNICIPAL DE CRICIUMA",117,2023,117,2023,2023-05-17,"Contratação de empresa do ramo pertinente, para execução dos serviços necessários à realização das obras de reforma de 170,56m² do prédio da SEDE DA COMPANHIA DE PATRULHAMENTO TÁTICO – PMSC, localizada na rua São Francisco do Sul – bairro Boa Vista no município de Criciúma-SC.","Tomada de preços","Compras e Serviços","MENOR PRECO GLOBAL",2023-06-23,HOMOLOGADO," "," "," ","contratos_376fcfd0-0ecf-4f2c-9b43-82486b989ab3.csv",2023-06-05T14:00:00Z," ",2023-04-11,2023-06-05," "," ","documentosRelacionados_bc124346-1883-4a56-ba93-9dcf333d546a.csv","compras@criciuma.sc.gov.br"," ","Rua Domênico Sônego","Rua Domênico Sônego",SC,Licitação,2023-04-11T08:00:00Z,"itensVencedores_3137dbe2-a41e-40ed-bf6a-e18c5a232594.csv",INTERNET," "," "," ","participantes_ff709c3c-51ba-47f0-95af-45b0b0199b9c.csv",NÃO," ",2023-06-05T14:00:00Z,"Lei 8666/1993, Art. 22, II",106848.89,80146.83
"PREFEITURA MUNICIPAL DE CRICIUMA",292,2023,292,2023,2023-12-05,"Contratação de empresa especializada no fornecimento de veículos elétricos novos (0 km), modelo 2023/2023 ou superior, para uso em rotinas administrativas urbanas e outras atividades da Prefeitura Municipal de Criciúma/SC.","Pregão eletrônico","Compras e Serviços","MENOR PRECO POR ITEM",2023-12-26,HOMOLOGADO," "," "," ","contratos_60094bbb-eeba-45d9-965f-a71bde72fff4.csv",2023-12-15T09:00:00Z," ",2023-11-20,2023-12-15," "," ","documentosRelacionados_34c99f76-ebe7-4cf4-8615-9e74250aeff9.csv","compras@criciuma.sc.gov.br"," ","Rua Domênico Sônego","Rua Domênico Sônego",SC,Licitação,2023-11-20T08:00:00Z,"itensVencedores_b9b78589-9b9c-488e-b817-63bb6a17d040.csv",INTERNET," "," "," ","participantes_89a791e4-5ad7-42aa-aee5-0e884e6ccb16.csv",NÃO," ",2023-12-15T09:00:00Z,"Lei 14133/2021, Art. 28, I",13339667,12630000
"PREFEITURA MUNICIPAL DE CRICIUMA",273,2023,273,2023,2023-11-23,"Registro de Preço para aquisição, sob demanda, de fardamentos, uniformes de bombeiros comunitários, uniformes do projeto golfinho e condecorações para o 4º Batalhão de Bombeiros Militar de Criciúma","Pregão eletrônico","Compras e Serviços","MENOR PREÇO GLOBAL POR LOTE",2024-01-11,HOMOLOGADO," ","atasRegistroPrecos_267c3d7b-06b9-41a8-9b0b-17a72bcd6791.csv"," "," ",2023-11-23T09:00:00Z," ",2023-09-26,2023-11-23," ","despesas_fbf10d6d-31b2-4399-994d-7dd05b66e9ad.csv","documentosRelacionados_afb094ad-b88d-43df-b180-67e3957561ea.csv","compras@criciuma.sc.gov.br","empenhos_2127a403-2166-4749-9fd0-36478c9fd770.csv","Rua Domênico Sônego","Rua Domênico Sônego",SC,Licitação,2023-09-26T08:00:00Z,"itensVencedores_8fe011ea-b274-4c9d-bd0a-cb481add3e4c.csv",INTERNET," "," "," ","participantes_a0b5f5e8-ba54-42f9-b04e-a495a99484af.csv",SIM," ",2023-11-23T09:00:00Z,"Lei 14133/2021, Art. 28, I",521643,471979.9
"PREFEITURA MUNICIPAL DE CRICIUMA",99,2023,99,2023,2023-04-19,"Contratação de empresa especializada no fornecimento de solução de software para a otimização da gestão ambiental, com o intuito de gerenciar solicitações, denúncias, documentos, condicionantes ambientais ou agendamentos dos cidadãos, contemplando assim as suas rotinas, procedimentos e que possibilite também o trabalho de conscientização ambiental e gestão da coleta de resíduos sólidos.","Pregão eletrônico","Compras e Serviços","MENOR PRECO GLOBAL",2023-05-09,HOMOLOGADO," "," "," ","contratos_bb7c0b57-51b5-4e59-a609-e6e8a6bb5c98.csv",2023-05-04T09:00:00Z," ",2023-03-10,2023-05-04," "," ","documentosRelacionados_6c7c9a4b-c9f8-4769-84ed-3ed18d9a9774.csv","compras@criciuma.sc.gov.br"," ","Rua Domênico Sônego","Rua Domênico Sônego",SC,Licitação,2023-03-10T08:00:00Z,"itensVencedores_69054f29-dc83-40a5-b72b-718d71708e51.csv",MURAL_PUBLICO," "," "," ","participantes_8c7fd032-477a-4d23-a754-e3bfc11e6493.csv",NÃO," ",2023-05-04T09:00:00Z,"Lei 8666/1993, Art. 15, CAPUT",152798.67,152795
"PREFEITURA MUNICIPAL DE CRICIUMA",242,2023,242,2023,2023-10-03,"Registro de preços, para aquisição SOB DEMANDA, de Água Mineral, no atendimento a Administração Municipal, Secretarias, Fundos e Fundações do Município de Criciúma/SC.","Pregão eletrônico","Compras e Serviços","MENOR PRECO POR ITEM",2023-10-19,HOMOLOGADO," ","atasRegistroPrecos_ae130151-a9ec-4765-af6f-df11b2b0418d.csv"," "," ",2023-10-17T09:00:00Z," ",2023-08-18,2023-10-17," ","despesas_566fd98d-ec94-4d28-9644-5b5fc885aa4b.csv","documentosRelacionados_5eda26be-b613-490a-be74-de0a5ba9f534.csv","compras@criciuma.sc.gov.br","empenhos_f174e4ee-c697-4580-8e7a-ed06c6f0db61.csv","Rua Domênico Sônego","Rua Domênico Sônego",SC,Licitação,2023-08-18T08:00:00Z,"itensVencedores_a709fd8d-50dc-4f33-986c-3a6f8d51e4c6.csv",INTERNET," "," "," ","participantes_e32ee067-2cf6-4f86-9ef5-930e51dc4ca6.csv",SIM," ",2023-10-17T09:00:00Z,"Lei 14133/2021, Art. 4, CAPUT",621555.2,552919.1
"PREFEITURA MUNICIPAL DE CRICIUMA",135,2023,135,2023,2023-06-06,"Contratação de empresa do ramo pertinente para execução dos serviços necessários à realização das obras de recuperação do pavimento asfáltico e de mobilidade urbana (revitalização) da AVENIDA LUIZ LAZZARIN, localizada no bairro Vila Floresta, município de Criciúma/SC. (OPERAÇÃO DE CRÉDITO: CONTRATO FONPLATA BRA-31/2021)",Concorrência,"Compras e Serviços","MENOR PRECO GLOBAL",2023-09-29,HOMOLOGADO," "," "," ","contratos_98eb084c-dbc5-4a79-905e-518538d329e5.csv",2023-07-11T14:00:00Z," ",2023-04-18,2023-07-11," "," ","documentosRelacionados_d67d77c9-34d8-4344-b788-c7fca4e1c3a3.csv","compras@criciuma.sc.gov.br"," ","Rua Domênico Sônego","Rua Domênico Sônego",SC,Licitação,2023-04-18T08:00:00Z,"itensVencedores_8c90d98b-9f91-4a36-9317-93cbcf67451a.csv",INTERNET," "," "," ","participantes_07a37f74-1e54-46f3-aa38-ce1208bacee3.csv",NÃO," ",2023-07-11T14:00:00Z,"Lei 8666/1993, Art. 15, CAPUT",1.677063663E7,1.272437458E7
"PREFEITURA MUNICIPAL DE CRICIUMA",115,2023,115,2023,2023-05-25,"A presente contrato emergencial tem como objetivo a contratação de empresa especializada em serviços de vigilância eletrônica monitorada e no fornecimento de solução de circuito fechado de televisão (CFTV) baseado na tecnologia IP, em regime de comodato, compreendendo o fornecimento, instalação, configuração e suporte técnico, incluindo servidor de armazenamento com sistema de gerenciamento de vídeo monitoramento, monitores e computadores para serem instalados em centrais de monitoramento, local","Dispensa eletrônica","Compras e Serviços","MENOR PRECO",2023-05-10,HOMOLOGADO," "," "," ","contratos_30901216-fa05-4f1f-92bf-6a47c46113ac.csv",2023-05-10T08:00:00Z," ",2023-05-10,2023-05-10," "," ","documentosRelacionados_eb448320-dd90-4c94-8f67-6aa69c53973f.csv","compras@criciuma.sc.gov.br"," ","Rua Domênico Sônego","Rua Domênico Sônego",SC,Licitação,2023-05-10T08:00:00Z,"itensVencedores_d792b7b0-7ae9-484f-ba64-18415946a307.csv",INTERNET," "," "," ","participantes_6c625392-9b75-47e5-9e8b-e1fd3a6a47bd.csv",NÃO," ",2023-05-10T08:00:00Z,"Lei 14133/2021, Art. 75, I",1382821.26,1382821.26
"PREFEITURA MUNICIPAL DE CRICIUMA",171,2023,171,2023,2023-07-06,"O presente edital tem por objetivo a confecção de uniformes para os colaboradores nas frentes de serviço e que pertencem a COSIP, Pátio de Máquinas e Defesa Civil do município de Criciúma/SC.","Pregão eletrônico","Compras e Serviços","MENOR PREÇO GLOBAL POR LOTE",2023-08-17,HOMOLOGADO," "," "," ","contratos_2a64d79e-02a2-44af-8e3c-181a9e5f7ca1.csv",2023-07-19T14:00:00Z," ",2023-01-14,2023-07-19," "," ","documentosRelacionados_c987a0ba-47ca-42ce-8885-a5b509523eff.csv","compras@criciuma.sc.gov.br"," ","Rua Domênico Sônego","Rua Domênico Sônego",SC,Licitação,2023-07-10T08:00:00Z,"itensVencedores_a2678dea-5d9e-4847-bc72-70e22a7f5ef5.csv",INTERNET," "," "," ","participantes_e282a68d-7d04-4329-9168-776f156f4efb.csv",NÃO," ",2023-07-19T14:00:00Z,"Lei 8666/1993, Art. 15, CAPUT",230109.5,139063.25
"PREFEITURA MUNICIPAL DE CRICIUMA",274,2023,274,2023,2023-12-09,"Registro de Preços para aquisição, sob demanda, de Botes de Resgate, Roupas, Botas e Luvas de Neoprene para o 4º Batalhão de Bombeiros Militar de Criciúma/SC.","Pregão eletrônico","Compras e Serviços","MENOR PRECO",2024-01-11,HOMOLOGADO," ","atasRegistroPrecos_9c1ea1d9-d1fb-4b16-866c-69ee9114e5af.csv"," "," ",2023-11-23T14:00:00Z," ",2023-10-11,2023-11-23," ","despesas_78930249-1d87-43e4-9be7-6bac641ad7fb.csv","documentosRelacionados_5932b9cf-d2a9-4e79-bb80-abfc818ca4e9.csv","compras@criciuma.sc.gov.br","empenhos_ee135018-4e01-4507-8af0-06742f4c626e.csv","Rua Domênico Sônego","Rua Domênico Sônego",SC,Licitação,2023-10-11T08:00:00Z,"itensVencedores_1125686c-8d45-4262-8f7a-56f8446022d4.csv",INTERNET," "," "," ","participantes_796460bc-62ef-4fab-b845-a7f6559f29bb.csv",SIM," ",2023-11-23T14:00:00Z,"Lei 14133/2021, Art. 28, I",595642.5,555349
"PREFEITURA MUNICIPAL DE CRICIUMA",90,2023,90,2023,2023-04-14,"Contratação de empresa do ramo pertinente para execução dos serviços necessários à realização das obras de construção de um campo de futebol Society – grama sintética - no bairro Metropol - Município de Criciúma-– SC. (CONVÊNIO: Nº 900960/2020 – Ministério da Cidadania).","Tomada de preços","Compras e Serviços","MENOR PRECO",2023-05-22,HOMOLOGADO," "," "," ","contratos_bca3f160-2e4d-4bdb-a13c-603992ae45cf.csv",2023-05-03T14:00:00Z," ",2023-03-03,2023-05-03," "," ","documentosRelacionados_9dd283e5-b794-4201-bdc3-8e18daa009aa.csv","compras@criciuma.sc.gov.br"," ","Rua Domênico Sônego","Rua Domênico Sônego",SC,Licitação,2023-03-30T08:00:00Z,"itensVencedores_f6947640-cf85-4faa-a07a-ecc760b0208e.csv",INTERNET," "," "," ","participantes_89ec2c1b-752b-4cdd-89fb-0de510acd79a.csv",NÃO," ",2023-05-03T14:00:00Z,"Lei 8666/1993, Art. 22, II",374669.21,344018.9
"PREFEITURA MUNICIPAL DE CRICIUMA",150,2023,150,2023,2023-06-16,"O presente edital tem por objetivo a aquisição de celulares e computadores, para as unidades da Delegacia Regional de Polícia Civil de Criciúma/SC.","Pregão eletrônico","Compras e Serviços","MENOR PRECO POR ITEM",2023-08-02,HOMOLOGADO," "," "," ","contratos_3cf998c9-a462-4b53-99b9-ae0c61009b47.csv",2023-07-03T09:00:00Z," ",2023-04-28,2023-07-03," "," ","documentosRelacionados_77bedd56-7885-4685-bd27-978f14c418f9.csv","compras@criciuma.sc.gov.br"," ","Rua Domênico Sônego","Rua Domênico Sônego",SC,Licitação,2023-04-28T08:00:00Z,"itensVencedores_d6fd4a70-4c64-4fbb-afa1-8706203a57d1.csv",INTERNET," "," "," ","participantes_694050cd-4fef-4202-9177-15bcf2169fb1.csv",NÃO," ",2023-07-03T09:00:00Z,"Lei 8666/1993, Art. 15, CAPUT",93800,71900
"PREFEITURA MUNICIPAL DE CRICIUMA",214,2023,214,2023,2023-08-08,"O presente edital tem por objetivo a registro de preços de veículos tipo Ambulância Auto Socorro de Urgência e veículo 4x4 Auto Resgate em atendimento às necessidades do 4º Batalhão de Bombeiros Militar de Criciúma/SC.","Pregão eletrônico","Compras e Serviços","MENOR PRECO POR ITEM",2023-11-01,HOMOLOGADO," ","atasRegistroPrecos_7e6e7cef-7375-483c-aef4-4fce709f0897.csv"," "," ",2023-08-24T14:00:00Z," ",2023-05-26,2023-08-24," ","despesas_52ba0fbb-d1bc-460c-a7f9-08bc570e1c22.csv","documentosRelacionados_0699baf6-aadf-44ec-8245-3ba8e6648078.csv","compras@criciuma.sc.gov.br"," ","Rua Domênico Sônego","Rua Domênico Sônego",SC,Licitação,2023-05-26T08:00:00Z,"itensVencedores_6d9670ba-4359-47ee-8874-c0403bbd2121.csv",INTERNET," "," "," ","participantes_c1aeb087-0ad7-4b99-a246-3f6a935d1173.csv",SIM," ",2023-08-24T14:00:00Z,"Lei 8666/1993, Art. 15, CAPUT",1643506.68,1529999.98
"PREFEITURA MUNICIPAL DE CRICIUMA",205,2023,205,2023,2023-08-02,"CO presente edital tem por objetivo a contratação de empresa especializada para prestação de serviços informatizados na intermediação de vendas de ingressos online, para atendimento ao Planetário, pertencente ao Parque Astronômico Albert Einstein E=mc² do município de Criciúma/SC.","Pregão eletrônico","Compras e Serviços","MENOR PRECO GLOBAL",2023-08-22,HOMOLOGADO," "," "," ","contratos_63ba9704-a4b1-42b5-9966-2546675878ba.csv",2023-08-15T14:00:00Z," ",2023-07-06,2023-08-15," "," ","documentosRelacionados_cd188efb-5e95-402b-ac73-1248a330e030.csv","compras@criciuma.sc.gov.br"," ","Rua Domênico Sônego","Rua Domênico Sônego",SC,Licitação,2023-07-06T08:00:00Z,"itensVencedores_834468ce-7f50-446a-b663-eef568b97faf.csv",INTERNET," "," "," ","participantes_24dfb6c6-34bb-4784-bfce-8b7ea3c00b0f.csv",NÃO," ",2023-08-15T14:00:00Z,"Lei 8666/1993, Art. 15, CAPUT",33177.6,19814.4
"PREFEITURA MUNICIPAL DE CRICIUMA",92,2023,92,2023,2023-04-17,"Alienação de 22(vinte e dois) bens imóveis (terrenos) de propriedade do Município, não de uso e inservíveis a administração pública municipal de Criciúma-SC.",Concorrência,"Compras e Serviços","MAIOR VALOR",2023-05-22,HOMOLOGADO," "," "," ","contratos_ecbb020e-57ba-434e-a6a4-e0f4bed1cc69.csv",2023-05-18T09:00:00Z," ",2023-03-29,2023-05-18," "," ","documentosRelacionados_6f007103-520a-4ffc-9e1b-484aa68b4cb3.csv","compras@criciuma.sc.gov.br"," ","Rua Domênico Sônego","Rua Domênico Sônego",SC,Licitação,2023-03-29T08:00:00Z,"itensVencedores_87c274bb-118b-4b95-99a7-bbc8f294e390.csv",INTERNET," "," "," ","participantes_e1422af7-c2f6-4a2a-a004-f1399feb2a56.csv",NÃO," ",2023-05-18T09:00:00Z,"Lei 8666/1993, Art. 15, CAPUT",5257000,2517050
"PREFEITURA MUNICIPAL DE CRICIUMA",118,2023,118,2023,2023-05-16,"O presente edital tem por objetivo o fornecimento e instalação de cabeça de impressão para a plotter VS640i – modelo DX7 Goldhead,  para a plotter da Diretoria de Trânsito e Transportes de Criciúma/SC.","Pregão eletrônico","Compras e Serviços","MENOR PREÇO GLOBAL POR LOTE",2023-06-07,HOMOLOGADO," "," "," ","contratos_079c9bae-64f1-4a1f-b56c-03b91a7f99b1.csv",2023-05-26T14:00:00Z," ",2023-04-25,2023-05-26," "," ","documentosRelacionados_116b1704-bf42-4c99-8ab3-d3fa1125376e.csv","compras@criciuma.sc.gov.br"," ","Rua Domênico Sônego","Rua Domênico Sônego",SC,Licitação,2023-04-25T08:00:00Z,"itensVencedores_1e7f5a50-540e-4cf1-894d-ed0c68746d19.csv",MURAL_PUBLICO," "," "," ","participantes_71098d6a-546d-4bf6-922c-11edb403a6ac.csv",NÃO," ",2023-05-26T14:00:00Z,"Lei 8666/1993, Art. 15, CAPUT",18688.23,18680.0
"PREFEITURA MUNICIPAL DE CRICIUMA",132,2023,132,2023,2023-06-05,"O presente edital tem por objetivo a aquisição, sob demanda, de luminárias para ambientes externos - Praças Públicas, com lâmpadas LED e driver de controle integrados para substituição das existentes na Praça Nereu Ramos do município de Criciúma/SC.","Pregão eletrônico","Compras e Serviços","MENOR PRECO POR ITEM",2023-07-28,HOMOLOGADO," "," "," ","contratos_50e4ce7d-ba9c-47a0-a389-ef65d3d74f4b.csv",2023-06-16T14:00:00Z," ",2023-05-05,2023-06-16," "," ","documentosRelacionados_a45ac7d1-1862-4157-9eb3-c7cf5cff6e75.csv","compras@criciuma.sc.gov.br"," ","Rua Domênico Sônego","Rua Domênico Sônego",SC,Licitação,2023-05-05T08:00:00Z,"itensVencedores_ebe5233f-38a6-43b3-be13-77acb6173e1f.csv",INTERNET," "," "," ","participantes_131ce8d6-40c0-4e7e-a175-d02f2d278edb.csv",NÃO," ",2023-06-16T14:00:00Z,"Lei 8666/1993, Art. 15, CAPUT",184338,76890
"PREFEITURA MUNICIPAL DE CRICIUMA",262,2023,262,2023,2023-10-25,"Contratação de empresa do ramo pertinente, para execução dos serviços necessários à realização das obras de construção do prédio do CENTRO COMUNITÁRIO DO BAIRRO VILA FLORESTA II, na rua número 523, município de Criciúma-SC.","Tomada de preços","Compras e Serviços","MENOR PRECO",2023-12-01,HOMOLOGADO," "," "," ","contratos_f54b5d4a-d58e-4e9c-959f-a6dc8672c9c7.csv",2023-11-13T14:00:00Z," ",2023-10-11,2023-11-13," "," ","documentosRelacionados_40de29f1-39e8-4648-904d-2334e32f1756.csv","compras@criciuma.sc.gov.br"," ","Rua Domênico Sônego","Rua Domênico Sônego",SC,Licitação,2023-10-11T08:00:00Z,"itensVencedores_0cc16e29-72bf-4229-a591-a81a7bffbe92.csv",INTERNET," "," "," ","participantes_60d676e7-b844-4bf1-804c-2981556ded39.csv",NÃO," ",2023-11-13T14:00:00Z,"Lei 8666/1993, Art. 22, II",621109.2,495000
"PREFEITURA MUNICIPAL DE CRICIUMA",277,2023,277,2023,2023-11-17,"Registro de preços, para aquisição SOB DEMANDA, de materiais esportivos e de consumo, para atender o desenvolvimento do “Festival Shake Body” no município de Criciúma/ SC. (Convênio Ministério da Cidadania nº 916451/2021)","Pregão eletrônico","Compras e Serviços","MENOR PRECO POR ITEM",2023-12-15,HOMOLOGADO," ","atasRegistroPrecos_28365193-df78-485e-b81c-ee193fcd983e.csv"," "," ",2023-11-30T09:00:00Z," ",2023-10-23,2023-11-30," ","despesas_79314331-d04a-4beb-8583-20de5ad780a0.csv","documentosRelacionados_4f6446f7-415f-4053-a41f-cfcf1f8cc1c0.csv","compras@criciuma.sc.gov.br"," ","Rua Domênico Sônego","Rua Domênico Sônego",SC,Licitação,2023-10-23T08:00:00Z,"itensVencedores_b769ea29-ed1a-409d-bae0-01f5f9c8a3ba.csv",INTERNET," "," "," ","participantes_b1a7e3b9-3a9b-48cf-b5c0-c1705f5d0a70.csv",SIM," ",2023-11-30T09:00:00Z,"Lei 8666/1993, Art. 15, CAPUT",235920.79,105817.78
"PREFEITURA MUNICIPAL DE CRICIUMA",282,2023,282,2023,2023-11-22,"Registro de preços para eventual aquisição de papeis e materiais descartáveis para atendimentos as diversas Secretarias, Diretorias, Fundos e Fundações do Município de Criciúma.- SC.","Pregão presencial","Compras e Serviços","MENOR PRECO POR ITEM",2024-01-23,HOMOLOGADO," ","atasRegistroPrecos_50b4b78c-173c-4028-bcab-b362adfb029b.csv"," "," ",2023-12-07T09:00:00Z," ",2023-09-29,2023-12-07," ","despesas_cfa9f4de-22d5-4c88-b6aa-b92c1d57f687.csv","documentosRelacionados_db0ecd6d-f37b-4532-986d-86dac2552e92.csv","compras@criciuma.sc.gov.br","empenhos_5619d864-d59f-40a3-8850-9ddd88e5cb00.csv","Rua Domênico Sônego","Rua Domênico Sônego",SC,Licitação,2023-09-29T08:00:00Z,"itensVencedores_c771e858-68ae-48e0-801f-ce26de8857d3.csv",INTERNET," "," "," ","participantes_3d5131a6-50db-4774-9f73-a8ef0feda5d6.csv",SIM," ",2023-12-07T09:00:00Z,"Lei 8666/1993, Art. 15, CAPUT",2618849.55,2235470.63
"PREFEITURA MUNICIPAL DE CRICIUMA",257,2023,257,2023,2023-10-20,"Contratação de empresa do ramo pertinente, para execução dos serviços necessários à realização das obras de construção de um ginásio poliesportivo coberto, na E.M.E.B. FILHO DO MINEIRO, localizada na rua José Manoel Sebastião, bairro Metropol no município de Criciúma-SC.","Tomada de preços","Compras e Serviços","MENOR PRECO",2023-11-24,HOMOLOGADO," "," "," ","contratos_6bf8a5cd-1198-48c3-859a-c7c171718f65.csv",2023-11-07T09:00:00Z," ",2023-09-15,2023-11-07," "," ","documentosRelacionados_f17eedd5-a943-41d6-8863-b589ada7b9bb.csv","compras@criciuma.sc.gov.br"," ","Rua Domênico Sônego","Rua Domênico Sônego",SC,Licitação,2023-09-15T08:00:00Z,"itensVencedores_c91ff0a7-3be2-49d6-b2fc-bac184457190.csv",INTERNET," "," "," ","participantes_0ee404b0-a7e2-439a-bb9f-1dacd21e1220.csv",NÃO," ",2023-11-07T09:00:00Z,"Lei 8666/1993, Art. 22, II",2388850.64,1946792.08
"PREFEITURA MUNICIPAL DE CRICIUMA",302,2023,302,2023,2023-12-13,"O presente edital tem por objetivo o registro de preços sob demanda, compreendendo fornecimento e demais serviços referentes ao plantio de gramas em leiva dos tipos ""sempre verde"" e ""esmeralda"", a serem utilizadas na manutenção de diversos logradouros públicos e pátios escolares do Município de Criciúma/SC.","Pregão eletrônico","Compras e Serviços","MENOR PRECO GLOBAL",2023-12-26,HOMOLOGADO," ","atasRegistroPrecos_ff8afa75-7868-4543-9337-e9042c687533.csv"," "," ",2023-12-26T14:00:00Z," ",2023-12-01,2023-12-26," ","despesas_a420cf3c-fb76-4412-9015-38bf6e185c8f.csv","documentosRelacionados_c4eddd6f-266e-4610-b331-7d8317184633.csv","compras@criciuma.sc.gov.br","empenhos_ed292060-a19a-4e64-b89f-365cd46f5804.csv","Rua Domênico Sônego","Rua Domênico Sônego",SC,Licitação,2023-12-01T08:00:00Z,"itensVencedores_43bb2f62-4a99-417a-ab66-4f0823e22f10.csv",INTERNET," "," "," ","participantes_4ab0ed64-9840-4696-b60f-4665dd1f0bce.csv",SIM," ",2023-12-26T14:00:00Z,"Lei 8666/1993, Art. 15, CAPUT",792200,373990
"PREFEITURA MUNICIPAL DE CRICIUMA",296,2023,296,2023,2023-12-11,"O presente edital tem por objetivo o registro de preços de materiais escolares e didáticos para uso nas escolas da Rede Municipal de Ensino, atendendo as demandas da Secretaria Municipal de Educação de Criciúma/SC.","Pregão eletrônico","Compras e Serviços","MENOR PRECO POR ITEM",2024-02-21,HOMOLOGADO," ","atasRegistroPrecos_63cecd8c-2c7b-4b10-9070-2d6851d7e002.csv"," "," ",2023-12-21T09:00:00Z," ",2023-11-17,2023-12-21," ","despesas_b721f54a-514f-4201-92f4-1f85a9874b2a.csv","documentosRelacionados_1ffe81fd-1d76-44b5-899e-584216b5271f.csv","compras@criciuma.sc.gov.br","empenhos_a232885f-36cb-434c-a9b5-de91ac193731.csv","Rua Domênico Sônego","Rua Domênico Sônego",SC,Licitação,2023-11-17T08:00:00Z,"itensVencedores_0b9732b7-1faa-4ce5-a1b5-e5c9a6d2897b.csv",INTERNET," "," "," ","participantes_85081843-a330-45cb-ab49-b40ffb54dcac.csv",SIM," ",2023-12-21T09:00:00Z,"Lei 8666/1993, Art. 15, CAPUT",2340829.5,1308447.0
"PREFEITURA MUNICIPAL DE CRICIUMA",300,2023,300,2023,2023-12-13,"O presente edital tem por objetivo o registro de preços de materiais de construção, para aquisições futuras, no atendimento a diversas Secretarias, Diretorias, Fundos e Fundações do município de Criciúma/SC.","Pregão presencial","Compras e Serviços","MENOR PRECO POR ITEM",2024-01-11,HOMOLOGADO," ","atasRegistroPrecos_dbc862fa-36d5-4b54-92d6-a974eefe9870.csv"," "," ",2023-12-26T09:00:00Z," ",2023-12-08,2023-12-26," ","despesas_441dbb25-2372-45f0-b633-db4685969d07.csv","documentosRelacionados_8df187c4-ff1e-4d64-bcc4-c66ba72fc280.csv","compras@criciuma.sc.gov.br","empenhos_153cad2e-73ab-4a1f-8cd4-683adcedfd90.csv","Rua Domênico Sônego","Rua Domênico Sônego",SC,Licitação,2023-12-08T08:00:00Z,"itensVencedores_9e39fb99-844a-4bea-b7fe-63c0fa39acf6.csv",INTERNET," "," "," ","participantes_0e668c05-933f-475b-8031-92d05089a417.csv",SIM," ",2023-12-26T09:00:00Z,"Lei 8666/1993, Art. 15, CAPUT",1.489936709E7,1.170033012E7
"PREFEITURA MUNICIPAL DE CRICIUMA",314,2023,314,2023,2024-01-08,"Registro de Preços para aquisição, sob demanda, de gêneros alimentícios para a alimentação escolar, em atendimento aos escolares da Rede Municipal de Ensino e Entidades Filantrópicas Conveniadas de Criciúma/SC (Resolução FNDE nº 06/2020 e suas alterações).","Pregão eletrônico","Compras e Serviços","MENOR PRECO POR ITEM",2024-04-23,HOMOLOGADO," ","atasRegistroPrecos_0f4b9064-8757-46e8-bab0-980614c00d95.csv"," "," ",2024-01-23T09:00:00Z," ",2023-11-27,2024-01-23," ","despesas_183dd1a9-09f5-4c9f-bee9-2cc5de29a71f.csv","documentosRelacionados_c33f762f-8931-4f92-bf98-3e9532fdab7a.csv","compras@criciuma.sc.gov.br","empenhos_97660dfa-d8c2-49eb-8f51-553888408eb3.csv","Rua Domênico Sônego","Rua Domênico Sônego",SC,Licitação,2023-11-27T08:00:00Z,"itensVencedores_da0d6c21-cb88-460a-af93-840c331c01c3.csv",MURAL_PUBLICO," "," "," ","participantes_a3c1593a-3412-4982-bfb4-af56e92968ee.csv",SIM," ",2024-01-23T09:00:00Z,"Lei 14133/2021, Art. 28, I",7533420.14,5646539.32
"PREFEITURA MUNICIPAL DE CRICIUMA",307,2023,307,2023,2023-12-22,"O presente edital tem por objetivo a contratação de serviços referentes à limpeza urbana com caminhão pipa e serviços de transporte com caminhão prancha, em atendimento as necessidades do município de Criciúma/SC.","Pregão presencial","Prestação de serviços","MENOR PRECO POR ITEM",2024-01-12,HOMOLOGADO," "," "," ","contratos_b3ba4b9d-52cc-4f74-a77f-3bfc3700a406.csv",2024-01-12T09:00:00Z," ",2023-12-20,2024-01-12," "," ","documentosRelacionados_223878ae-1ef1-4876-9eaa-c01ca920fa7a.csv","compras@criciuma.sc.gov.br"," ","Rua Domênico Sônego","Rua Domênico Sônego",SC,Licitação,2023-12-20T08:00:00Z,"itensVencedores_f0fb90e5-98c8-46e7-b3ba-49be1a499873.csv",INTERNET," "," "," ","participantes_027aff5e-3e70-4c73-9e17-4d0130b3184c.csv",NÃO," ",2024-01-12T09:00:00Z,"Lei 8666/1993, Art. 15, CAPUT",358459,320250
"PREFEITURA MUNICIPAL DE CRICIUMA",7,2023,7,2023,2023-01-17,"O presente edital tem por objetivo a aquisição de materiais de funilaria e pintura para uso na manutenção de veículos e equipamentos rodoviários do município de Criciúma/SC.","Pregão presencial","Compras e Serviços","MENOR PRECO POR ITEM",2023-01-27,HOMOLOGADO," "," "," ","contratos_7238c51e-a411-45c6-affc-f45a34dc929e.csv",2023-01-26T09:00:00Z," ",2022-09-26,2023-01-26," "," ","documentosRelacionados_aee50894-8302-49b3-a78c-721c97992112.csv","compras@criciuma.sc.gov.br"," ","Rua Domênico Sônego","Rua Domênico Sônego",SC,Licitação,2023-01-17T08:00:00Z,"itensVencedores_aeeff918-da96-4e48-a279-aef7e3d39339.csv",INTERNET," "," "," ","participantes_36868799-717c-491f-9b32-88f58c2f5c4e.csv",NÃO," ",2023-01-26T09:00:00Z,"Lei 8666/1993, Art. 15, CAPUT",114950.12,94103
"PREFEITURA MUNICIPAL DE CRICIUMA",94,2023,94,2023,2023-04-19,"Registro de preços de materiais de construção, para aquisições futuras, em atendimento aos prédios públicos do Município e diversas Secretarias, Diretorias, Fundos e Fundações da Administração Pública Municipal de Criciúma/SC.","Pregão presencial","Compras e Serviços","MENOR PRECO POR ITEM",2023-05-11,HOMOLOGADO," ","atasRegistroPrecos_ffb7094a-0412-40aa-b634-19b7562fb9af.csv"," "," ",2023-04-28T09:00:00Z," ",2023-01-13,2023-04-28," ","despesas_2c659bb2-98d3-42b2-9d10-87cac3f161d4.csv","documentosRelacionados_2b733530-c487-4503-ab55-e4d0fae1a265.csv","compras@criciuma.sc.gov.br","empenhos_2c8f2852-5640-4aa7-bbd9-5b5ba3886582.csv","Rua Domênico Sônego","Rua Domênico Sônego",SC,Licitação,2023-04-12T08:00:00Z,"itensVencedores_e6b03a38-aa92-488f-b4f9-bf435e5c6cdf.csv",INTERNET," "," "," ","participantes_fde75438-5ec4-46bb-80d4-f6458d97173f.csv",SIM," ",2023-04-28T09:00:00Z,"Lei 8666/1993, Art. 15, CAPUT",1.356866327E7,9525164.5
"PREFEITURA MUNICIPAL DE CRICIUMA",6,2023,6,2023,2023-01-17,"O presente edital tem por objetivo a aquisição e instalação de brinquedos infantis a serem instalados em escolas da Rede municipal de Ensino do município de Criciúma/SC.","Pregão presencial","Compras e Serviços","MENOR PRECO GLOBAL",2023-01-27,HOMOLOGADO," "," "," ","contratos_ff05bf69-2cf5-460c-9022-40e2cdac2ca5.csv",2023-01-26T14:00:00Z," ",2023-01-16,2023-01-26," "," ","documentosRelacionados_71e38359-955e-42e9-b1ee-991ef0e9282f.csv","compras@criciuma.sc.gov.br"," ","Rua Domênico Sônego","Rua Domênico Sônego",SC,Licitação,2023-01-16T08:00:00Z,"itensVencedores_3dbaa5d7-e2bc-4d57-be5a-7b02528658b8.csv",INTERNET," "," "," ","participantes_7eeb677c-7670-4dde-a1b9-d4a9cc814346.csv",NÃO," ",2023-01-26T14:00:00Z,"Lei 8666/1993, Art. 15, CAPUT",147930,144800
"PREFEITURA MUNICIPAL DE CRICIUMA",34,2023,34,2023,2023-02-15,"A aquisição de recargas de vale transporte para os alunos da Rede Municipal de Ensino de Criciúma/SC.","Inexigibilidade de licitação","Compras e Serviços","MENOR PRECO GLOBAL",2023-02-14,HOMOLOGADO," "," "," ","contratos_c27790dc-29e5-40a2-b82f-b2cee235c090.csv",2023-02-14T08:00:00Z," ",2023-01-20,2023-02-14," "," ","documentosRelacionados_bfa57ea0-3dca-40d2-b9fd-d86bddb08230.csv","compras@criciuma.sc.gov.br"," ","Rua Domênico Sônego","Rua Domênico Sônego",SC,Licitação,2023-02-14T08:00:00Z,"itensVencedores_bd3f9021-2a55-403c-a76e-96f209508a71.csv",INTERNET," "," "," ","participantes_8fe361a0-6b17-4fcd-9c0b-9d0521039b09.csv",NÃO," ",2023-02-14T08:00:00Z,"Lei 8666/1993, Art. 15, CAPUT",710400,710400
"PREFEITURA MUNICIPAL DE CRICIUMA",3,2023,3,2023,2023-01-11,"Contração de empresa especializada para prestação de serviços de manutenção predial (preventiva, corretiva e preditiva) com fornecimento dos materiais e equipamentos necessários, da sede da CIRETRAN e das Unidades Policiais da Policia Civil de Criciúma/SC. (Convênio: PMC SSP TRÂNSITO DA POLICIA CIVIL).","Pregão presencial","Compras e Serviços","MENOR PRECO GLOBAL",2023-01-24,HOMOLOGADO," "," "," ","contratos_20000dd6-4154-4b0a-b8a7-4b808426ce16.csv",2023-01-23T11:00:00Z," ",2023-01-10,2023-01-23," "," ","documentosRelacionados_2252d46b-ac37-42ea-b446-aaae1847a4ac.csv","compras@criciuma.sc.gov.br"," ","Rua Domênico Sônego","Rua Domênico Sônego",SC,Licitação,2023-01-10T08:00:00Z,"itensVencedores_6ae651f4-e7a7-4ecc-9ee6-00273257c89c.csv",MURAL_PUBLICO," "," "," ","participantes_05a1efff-8e63-4b2e-9420-fb2b2553d19e.csv",NÃO," ",2023-01-23T11:00:00Z,"Lei 8666/1993, Art. 15, CAPUT",262500,174500
"PREFEITURA MUNICIPAL DE CRICIUMA",28,2023,28,2023,2023-02-08,"Contratação de empresa do ramo pertinente para execução dos serviços necessários à construção de redes de distribuição subterrânea de energia elétrica, em baixa tensão, na Travessa Henrique Lodetti, local de implantação da RUA COBERTA, bairro centro, no Município de Criciúma – SC, dentro da área de concessão da CELESC Distribuição S.A., em redes energizadas e desenergizadas.","Tomada de preços","Compras e Serviços","MENOR PRECO GLOBAL"," ",REVOGADO," "," "," "," ",2023-02-27T14:00:00Z," ",2022-12-12,2023-02-27,2023-02-27," ","documentosRelacionados_936dfb2a-6633-468f-aaa4-2bf51068a652.csv","compras@criciuma.sc.gov.br"," ","Rua Domênico Sônego","Rua Domênico Sônego",SC,Licitação,2022-12-12T08:00:00Z," ",INTERNET," ","Licitação deserta"," "," ",NÃO," ",2023-02-27T14:00:00Z,"Lei 8666/1993, Art. 22, II",221018.99," "
"PREFEITURA MUNICIPAL DE CRICIUMA",66,2023,66,2023,2023-03-24,"O presente edital tem por objetivo o registro de preços de crachás, para aquisições futuras, no atendimento a Administração Municipal, Secretarias, Fundos e Fundações do Município de Criciúma/SC.","Pregão presencial","Compras e Serviços","MENOR PRECO POR ITEM",2023-04-20,HOMOLOGADO," ","atasRegistroPrecos_a22e1b02-115f-4a31-87aa-ec83a9a361cc.csv"," "," ",2023-04-11T14:00:00Z," ",2023-03-02,2023-04-11," ","despesas_d466618a-6495-4860-968b-a916fdd7837e.csv","documentosRelacionados_b854dbf6-819e-47ac-bcf4-6de1fd36cf87.csv","compras@criciuma.sc.gov.br","empenhos_30ae6e17-2180-4a2c-bdb1-206ed8a033d5.csv","Rua Domênico Sônego","Rua Domênico Sônego",SC,Licitação,2023-03-02T08:00:00Z,"itensVencedores_328f0f70-35e9-4346-a7f3-e1929eb7f231.csv",INTERNET," "," "," ","participantes_6975d6a8-0e7f-44b5-ab23-aef8d5d4273f.csv",SIM," ",2023-04-11T14:00:00Z,"Lei 8666/1993, Art. 15, CAPUT",32760,30600
"PREFEITURA MUNICIPAL DE CRICIUMA",46,2023,46,2023,2023-02-23,"Registro de preços, para aquisição SOB DEMANDA, de equipamentos de proteção individual (coturno tático impermeável) para uso dos Agentes da Autoridade de Trânsito de Criciúma/SC.","Pregão eletrônico","Compras e Serviços","MENOR PRECO POR ITEM",2023-04-11,HOMOLOGADO," ","atasRegistroPrecos_5097e250-aea1-444a-af9c-6822e3aa37e9.csv"," "," ",2023-03-10T09:00:00Z," ",2023-01-20,2023-03-10," ","despesas_c0076df7-0557-4409-ad5f-e94cbedaa242.csv","documentosRelacionados_ab496a0c-184a-4f91-bee9-22537ab1f27a.csv","compras@criciuma.sc.gov.br","empenhos_a815921a-1a75-467f-bfa7-e4b5ddfee0c3.csv","Rua Domênico Sônego","Rua Domênico Sônego",SC,Licitação,2023-02-24T08:00:00Z,"itensVencedores_45d5083f-22e5-4baa-bc06-32e488d69986.csv",MURAL_PUBLICO," "," "," ","participantes_35484a04-8f18-4f02-8f23-edc87e17cdfd.csv",SIM," ",2023-03-10T09:00:00Z,"Lei 8666/1993, Art. 15, CAPUT",29100,26700
"PREFEITURA MUNICIPAL DE CRICIUMA",14,2023,14,2023,2023-01-25,"Publicações no Diário Oficial da União dos atos da Prefeitura Municipal de Criciúma.","Inexigibilidade de licitação","Compras e Serviços","MENOR PRECO GLOBAL",2023-01-20,HOMOLOGADO," "," "," ","contratos_913e0f66-6b22-4d6f-ae0b-a7a9ea49f77c.csv",2023-01-20T08:00:00Z," ",2022-12-14,2023-01-20," "," ","documentosRelacionados_772ea252-c4c7-43b4-8e6b-301e82cf113e.csv","compras@criciuma.sc.gov.br"," ","Rua Domênico Sônego","Rua Domênico Sônego",SC,Licitação,2022-12-14T08:00:00Z,"itensVencedores_c55f0073-19e7-4373-8c45-5a6793078c0f.csv",INTERNET," "," "," ","participantes_9d8b5ec2-75ce-43c8-8797-9ebbda4a49f4.csv",NÃO," ",2023-01-20T08:00:00Z,"Lei 8666/1993, Art. 15, CAPUT",38920,38920
"PREFEITURA MUNICIPAL DE CRICIUMA",54,2023,54,2023,2023-03-03,"Contratação de empresa para prestação de serviços continuados de Tecnologia da Informação e Comunicação de Licenciamento ambiental do IMA (Sinfat) - no Município de Criciúma - SC.","Dispensa de licitação","Compras e Serviços","MENOR PRECO GLOBAL",2023-03-02,HOMOLOGADO," "," "," ","contratos_b5962c26-f8f7-4d0d-9376-ea1c9998f940.csv",2023-03-02T08:00:00Z," ",2023-02-10,2023-03-02," "," ","documentosRelacionados_a5c40305-9598-4b5d-88a7-6772d67c4be3.csv","compras@criciuma.sc.gov.br"," ","Rua Domênico Sônego","Rua Domênico Sônego",SC,Licitação,2023-03-02T08:00:00Z,"itensVencedores_d92016b7-32a8-41bf-a2e7-f11364097d59.csv",INTERNET," "," "," ","participantes_6d88c67d-a4e2-4893-a53f-c1a12f2c690b.csv",NÃO," ",2023-03-02T08:00:00Z,"Lei 8666/1993, Art. 17, I.a",19366.74,19366.74
"PREFEITURA MUNICIPAL DE CRICIUMA",73,2023,73,2023,2023-03-24,"O presente edital tem por objetivo o registro de preços de artefatos de concreto (lajota, meio fio, tampa de boca de lobo e blocos) e piso podotátil para pavimentação, repavimentação, manutenção e conservação de diversos logradouros públicos do município de Criciúma – SC.","Pregão presencial","Compras e Serviços","MENOR PRECO POR ITEM",2023-04-12,HOMOLOGADO," ","atasRegistroPrecos_8acd0325-8306-41e2-8746-b1e4fe516112.csv"," "," ",2023-04-05T14:00:00Z," ",2023-02-20,2023-04-05," ","despesas_89f050e3-f08f-41b1-b50d-5b3dd1c2af51.csv","documentosRelacionados_6af48631-264c-48b2-b3a1-0f17505f7f49.csv","compras@criciuma.sc.gov.br","empenhos_795be458-c796-4742-9c39-0b64b009781f.csv","Rua Domênico Sônego","Rua Domênico Sônego",SC,Licitação,2023-02-20T00:00:00Z,"itensVencedores_c7594498-7fc3-4ef0-9aec-03217069ddf5.csv",DIARIO_OFICIAL_MUNICIPIO," "," "," ","participantes_6392ed12-0f11-446b-a416-6f4c233f8938.csv",SIM," ",2023-04-05T14:00:00Z,"Lei 8666/1993, Art. 15, CAPUT",1599620,1170400
"PREFEITURA MUNICIPAL DE CRICIUMA",33,2023,33,2023,2023-02-15,"A aquisição de recargas de vale transporte para os alunos da Rede Estadual de Ensino, com recursos do Tesouro Estadual, repassados para este município.","Inexigibilidade de licitação","Compras e Serviços","MENOR PRECO GLOBAL",2023-02-14,HOMOLOGADO," "," "," ","contratos_7eda04c0-cdb9-4fbe-97cb-343c6762a589.csv",2023-02-14T08:00:00Z," ",2023-01-24,2023-02-14," "," ","documentosRelacionados_a849b7be-b102-4b6e-a93f-dde5139b8e0f.csv","compras@criciuma.sc.gov.br"," ","Rua Domênico Sônego","Rua Domênico Sônego",SC,Licitação,2023-02-14T08:00:00Z,"itensVencedores_63e86a89-1a43-43ce-b313-80b24f8bfed9.csv",INTERNET," "," "," ","participantes_5df0d1d6-a6d0-4fda-b224-e23f5e0e0f24.csv",NÃO," ",2023-02-14T08:00:00Z,"Lei 8666/1993, Art. 15, CAPUT",3474300,3474300
"PREFEITURA MUNICIPAL DE CRICIUMA",20,2023,20,2023,2023-02-01,"O presente edital tem por objetivo a aquisição, sob demanda, de materiais elétricos, para uso na recuperação e manutenção (preventiva e corretiva) da rede de iluminação pública (COSIP) e manutenção de praças, parques, jardins e prédios públicos, do município de Criciúma/SC.","Pregão eletrônico","Compras e Serviços","MENOR PRECO POR ITEM",2023-02-22,HOMOLOGADO," ","atasRegistroPrecos_97f968aa-8b11-4f7c-b906-77a1bc0e0e41.csv"," "," ",2023-02-10T09:00:00Z," ",2023-01-20,2023-02-10," ","despesas_b39b195c-782c-4582-8c85-ce4b193e062a.csv","documentosRelacionados_2e520e30-d172-45a5-b3b8-84eefa65d2ec.csv","compras@criciuma.sc.gov.br","empenhos_2b20fb44-68e7-405e-bf5d-2ae91cebad72.csv","Rua Domênico Sônego","Rua Domênico Sônego",SC,Licitação,2023-01-20T08:00:00Z,"itensVencedores_acc8634e-e3f5-49a3-93e4-f9b1ec1bfd93.csv",INTERNET," "," "," ","participantes_2ac0827f-5fc3-4ba1-9edb-8ff9328f5357.csv",SIM," ",2023-02-10T09:00:00Z,"Lei 8666/1993, Art. 15, CAPUT",3260914.99,2003678.11
"PREFEITURA MUNICIPAL DE CRICIUMA",18,2023,18,2023,2023-01-30,"O presente edital tem por objetivo o registro de preços de equipamentos, materiais e serviços a serem utilizados na prevenção de incêndios em atendimento a Administração Municipal, Secretarias, Fundos, e Fundações do município de Criciúma/SC.","Pregão presencial","Compras e Serviços","MENOR PRECO GLOBAL",2023-02-24,HOMOLOGADO," ","atasRegistroPrecos_2a46432d-efad-4b1d-9bb0-1b6b7b5af1ed.csv"," "," ",2023-02-13T14:00:00Z," ",2022-09-13,2023-02-13," ","despesas_1e86be59-a6cf-4967-b07e-80a9d938dff8.csv","documentosRelacionados_fc037290-30f9-4fd8-8314-578a8a707600.csv","compras@criciuma.sc.gov.br","empenhos_8da21010-832b-41c9-bb7b-bbdf653af839.csv","Rua Domênico Sônego","Rua Domênico Sônego",SC,Licitação,2023-01-30T08:00:00Z,"itensVencedores_e6424c76-959d-4ec3-a89b-d50e3a0dd2df.csv",INTERNET," "," "," ","participantes_8bc80c3e-c09c-477d-9ea5-9d71d2d73c3b.csv",SIM," ",2023-02-13T14:00:00Z,"Lei 8666/1993, Art. 15, CAPUT",530390.85,390000.0
"PREFEITURA MUNICIPAL DE CRICIUMA",50,2023,50,2023,2023-02-28,"Contratação de empresa do ramo pertinente para execução dos serviços necessários à realização das obras de implantação de pavimentação asfáltica nas RUAS JOANA FERREIRA FERNANDES; BENTO DE OLIVEIRA; LEVINO WARMLING; JOÃO CARLOS H. NETO; BENTA MARIA PRUDÊNCIO; GUILHERMINA DA SILVA;  SD-1900; SD-690; TEODOLINO J. MACHADO; SD-1905-121; CELESTE RONCHI e GABRIEL J.N MEDEIROS  e restauração e pavimentação asfáltica da CAETANO RONCHI, localizadas no BAIRRO LARANJINHA - Município de Criciúma-SC. (CONVÊN",Concorrência,"Compras e Serviços","MENOR PRECO GLOBAL",2023-04-11,HOMOLOGADO," "," "," ","contratos_d59448b9-45d5-4f79-8b96-ca1b17d87e6e.csv",2023-04-03T14:00:00Z," ",2022-10-24,2023-04-03," "," ","documentosRelacionados_ca70b80d-7692-46ec-8dbd-909367ca8728.csv","compras@criciuma.sc.gov.br"," ","Rua Domênico Sônego","Rua Domênico Sônego",SC,Licitação,2022-10-24T08:00:00Z,"itensVencedores_5444f1e9-0fe7-4f2c-8f62-74744daebef4.csv",INTERNET," "," "," ","participantes_a82b044e-8d00-4e08-90b0-1d1fcc4db5f4.csv",NÃO," ",2023-04-03T14:00:00Z,"Lei 8666/1993, Art. 15, CAPUT",6004821.77,5944888.47
"PREFEITURA MUNICIPAL DE CRICIUMA",41,2023,41,2023,2023-02-17,"Contratação de empresa do ramo pertinente para execução dos serviços necessários à realização da reforma do cercamento do campo de futebol do bairro Vila Manaus - Município de Criciúma-SC.","Tomada de Preço","Compras e Serviços","MENOR PRECO GLOBAL",2023-04-05,HOMOLOGADO," "," "," ","contratos_8ce43f8e-6ecc-4d23-a367-c5b31e880bde.csv",2023-03-10T14:00:00Z," ",2023-01-23,2023-03-10," "," ","documentosRelacionados_7a5a4858-21b0-4ca3-9a3b-6abbebc81198.csv","compras@criciuma.sc.gov.br"," ","Rua Domênico Sônego","Rua Domênico Sônego",SC,Licitação,2023-01-23T08:00:00Z,"itensVencedores_ebc37d64-86bd-4629-899b-1aeaa6e9b825.csv",INTERNET," "," "," ","participantes_a69bec76-4011-4e68-8f8c-c635a86227ba.csv",NÃO," ",2023-03-10T14:00:00Z,"Lei 8666/1993, Art. 22, II",56018.83,50136.85
"PREFEITURA MUNICIPAL DE CRICIUMA",24,2023,24,2023,2023-02-01,"Concessão onerosa de uso para exploração do espaço do equipamento público CENTRO CULTURAL SANTOS GUGLIELMI, por tempo determinado, que terá por objeto a gestão, o planejamento, a implantação, a operação e a promoção, localizado no Parque Municipal Altair Guidi – bairro Pinheirinho no Município de Criciúma-SC, precedida de obras de reforma, melhorias e modernização.",Concorrência,"Compras e Serviços","MENOR PRECO",2023-03-07,HOMOLOGADO," "," "," ","contratos_cadb968f-79c7-4fa2-9c33-c7985be8d2aa.csv",2023-03-06T14:00:00Z," ",2022-08-18,2023-03-06," "," ","documentosRelacionados_4ea8380c-ea32-4320-b58a-79311f644f6e.csv","compras@criciuma.sc.gov.br"," ","Rua Domênico Sônego","Rua Domênico Sônego",SC,Licitação,2022-08-18T08:00:00Z,"itensVencedores_14a032bc-fe49-437c-9d24-7809707f35f6.csv",MURAL_PUBLICO," "," "," ","participantes_912be8ff-1659-4068-bfc5-d0d1dbb255e1.csv",NÃO," ",2023-03-06T14:00:00Z,"Lei 8666/1993, Art. 15, CAPUT",1920000,1950000
"PREFEITURA MUNICIPAL DE CRICIUMA",27,2023,27,2023,2023-02-08,"Contratação de empresa do ramo pertinente para execução dos serviços necessários para rebaixamento de rede de energia elétrica existente na travessa Henrique Lodetti, até a subestação existente dentro do imóvel do Instituto Nacional do Seguro Social - INSS, localizado no bairro Centro, Município de Criciúma – SC, local de implantação da RUA COBERTA.","Tomada de Preço","Compras e Serviços","MENOR PRECO GLOBAL",2023-04-11,HOMOLOGADO," "," "," ","contratos_dae8a967-5316-4793-803d-d90126b43bab.csv",2023-02-27T09:00:00Z," ",2022-12-14,2023-02-27," "," ","documentosRelacionados_61445c8d-446b-49fe-bc4d-2e430a910555.csv","compras@criciuma.sc.gov.br"," ","Rua Domênico Sônego","Rua Domênico Sônego",SC,Licitação,2022-12-14T09:00:00Z,"itensVencedores_6f77b6e9-3fb4-4b6c-843c-44854f081ac5.csv",INTERNET," "," "," ","participantes_e5c5dd73-cba9-4ab9-aead-11b62a07597a.csv",NÃO," ",2023-02-27T09:00:00Z,"Lei 8666/1993, Art. 22, II",194539.17,139345.33
"PREFEITURA MUNICIPAL DE CRICIUMA",65,2023,65,2023,2023-03-24,"O presente edital tem por objetivo o registro de preços de peças e serviços para aquisições futuras, na manutenção preventiva e corretiva (mecânica, elétrica e funilaria) das motocicletas que compõem a frota do 9º BPM de Criciúma/SC.","Pregão presencial","Compras e Serviços","MAIOR DESCONTO SOBRE TABELA",2023-04-11,HOMOLOGADO," ","atasRegistroPrecos_b57ccf19-07af-44a4-8394-b69edf5f45a7.csv"," "," ",2023-04-10T14:00:00Z," ",2023-03-06,2023-04-10," ","despesas_ad9af734-766b-48ef-bda0-24ce4bd04b0e.csv","documentosRelacionados_e41dcd72-6716-485f-bf75-40a1a59058f7.csv","compras@criciuma.sc.gov.br"," ","Rua Domênico Sônego","Rua Domênico Sônego",SC,Licitação,2023-03-06T08:00:00Z,"itensVencedores_6163b181-3760-4439-ae3d-ee52643583a7.csv",INTERNET," "," "," ","participantes_d0eaa0e3-0d4b-4209-9298-2a690443848c.csv",SIM," ",2023-04-10T14:00:00Z,"Lei 8666/1993, Art. 15, CAPUT",1125,1125
"PREFEITURA MUNICIPAL DE CRICIUMA",30,2023,30,2023,2023-02-07,"Contratação de instituição de ensino para ministrar formações continuadas para os profissionais em educação  da Rede Municipal de Ensino de Criciúma, no decorrer do ano letivo de 2023.","Dispensa de licitação","Compras e Serviços","MENOR PRECO GLOBAL",2023-02-06,HOMOLOGADO," "," "," ","contratos_925d307a-42de-4a09-828e-b98e5fb0d45f.csv",2023-02-06T08:00:00Z," ",2023-01-19,2023-02-06," "," ","documentosRelacionados_886a8a98-0693-4733-bb99-1a298b7d8a92.csv","compras@criciuma.sc.gov.br"," ","Rua Domênico Sônego","Rua Domênico Sônego",SC,Licitação,2023-02-06T08:00:00Z,"itensVencedores_59057cba-4d2f-4cc1-acb9-208990686ffd.csv",INTERNET," "," "," ","participantes_3b6061c5-c7bf-4934-abfb-5e701cc56a45.csv",NÃO," ",2023-02-06T08:00:00Z,"Lei 8666/1993, Art. 17, I.a",376206.88,376206.88
"PREFEITURA MUNICIPAL DE CRICIUMA",15,2023,15,2023,2023-01-24,"Aquisição sob demanda, de gêneros e produtos alimentícios,  utensílios domésticos e descartáveis para atender as necessidades da  administração municipal durante o ano/exercício 2023.",Convite,"Compras e Serviços","MENOR PRECO GLOBAL",2023-02-16,HOMOLOGADO," "," "," ","contratos_bbfba2d9-9af3-45fb-93fa-ca423a2e28ca.csv",2023-02-01T14:00:00Z," ",2022-12-21,2023-02-01," "," ","documentosRelacionados_d293401a-b935-4c96-81e8-8a31d0888628.csv","compras@criciuma.sc.gov.br"," ","Rua Domênico Sônego","Rua Domênico Sônego",SC,Licitação,2022-12-21T08:00:00Z,"itensVencedores_c1be2300-dba9-4c22-a8f8-b17c606a7441.csv",INTERNET," "," "," ","participantes_7286f689-ba73-4ccc-9125-d7183e7017d0.csv",NÃO," ",2023-02-01T13:45:00Z,"Lei 8666/1993, Art. 22, III",137313.43,131341.05
"PREFEITURA MUNICIPAL DE CRICIUMA",60,2023,60,2023,2023-03-15,"O presente edital tem como objetivo o registro de preços de peças e serviços para aquisições futuras, na manutenção, conserto e recuperação (peça e serviços) de compressores de ar, bomba de lavação, bomba de engraxar, bomba de abastecimento, macacos hidráulicos, maquinas de montagem de pneus e outros, pertencentes ao patrimônio do município de Criciúma/SC.","Pregão presencial","Compras e Serviços","MAIOR DESCONTO SOBRE TABELA/LOTE",2023-03-31,HOMOLOGADO," ","atasRegistroPrecos_d7f52178-2fed-4d50-86c5-3903dea4e8c2.csv"," "," ",2023-03-30T14:00:00Z," ",2023-02-24,2023-03-30," ","despesas_cde1728b-29b0-4c06-82f9-d2808c3924c7.csv","documentosRelacionados_8563c08d-b000-4cfd-90bb-88c780570ded.csv","compras@criciuma.sc.gov.br","empenhos_2852000e-9a01-404b-a4ff-16583372509e.csv","Rua Domênico Sônego","Rua Domênico Sônego",SC,Licitação,2023-02-24T08:00:00Z,"itensVencedores_5b44e814-9466-4b84-aab7-867867cbdf0b.csv",MURAL_PUBLICO," "," "," ","participantes_84eeb3e4-75fa-481d-af70-8dd39dac72b5.csv",SIM," ",2023-03-30T14:00:00Z,"Lei 8666/1993, Art. 15, CAPUT",321614.6,321614.6
"PREFEITURA MUNICIPAL DE CRICIUMA",224,2023,224,2023,2023-09-11,"O presente edital tem por objetivo a contratação de serviços de limpeza, higienização, desinfecção e conservação de bens moveis e imóveis, lavagem de calçadas e demais áreas necessárias do prédio das escolas municipais de Criciúma/SC.","Pregão presencial","Prestação de serviços","MENOR PRECO GLOBAL",2023-11-21,HOMOLOGADO," "," "," ","contratos_2ae59c7f-8d49-449e-8390-a80c02462421.csv",2023-09-25T09:00:00Z," ",2023-08-11,2023-09-25," "," ","documentosRelacionados_18769c5b-752d-4bad-b7b9-1b5d3d64a7e6.csv","compras@criciuma.sc.gov.br"," ","Rua Domênico Sônego","Rua Domênico Sônego",SC,Licitação,2023-08-11T08:00:00Z,"itensVencedores_e856f92d-9754-4373-8434-618e5cd02f8b.csv",DIARIO_OFICIAL_MUNICIPIO," "," "," ","participantes_2dfded1d-79cb-4f93-9a35-4de9f2011b21.csv",NÃO," ",2023-09-25T09:00:00Z,"Lei 8666/1993, Art. 15, CAPUT",1861404.12,1662400
"PREFEITURA MUNICIPAL DE CRICIUMA",101,2023,101,2023,2023-04-25,"O presente edital tem por objetivo o registro de preços de peças e serviços para aquisições futuras, na manutenção elétrica e de ar condicionado, da frota pesada do município de Criciúma/SC.","Pregão presencial","Compras e Serviços","MAIOR DESCONTO SOBRE TABELA",2023-05-26,HOMOLOGADO," ","atasRegistroPrecos_4260eb4c-3abb-413e-bc0d-3b6d45ab4163.csv"," "," ",2023-05-10T14:00:00Z," ",2023-03-23,2023-05-10," ","despesas_87801b86-1616-4a77-a5c2-cf40dc5b5722.csv","documentosRelacionados_082398a9-7226-4674-8569-79b028da5c09.csv","compras@criciuma.sc.gov.br","empenhos_0a73415f-1fc2-485b-a9c4-8c0f265bf39a.csv","Rua Domênico Sônego","Rua Domênico Sônego",SC,Licitação,2023-03-23T08:00:00Z,"itensVencedores_36d415b6-0d19-4692-a20a-485e99b42fd1.csv",INTERNET," "," "," ","participantes_59b714ba-5c03-4cdf-9c83-b11fec475a96.csv",SIM," ",2023-05-10T14:00:00Z,"Lei 8666/1993, Art. 15, CAPUT",800000,800000.0
"PREFEITURA MUNICIPAL DE CRICIUMA",136,2023,136,2023,2023-06-06,"O presente Edital tem por objeto a contração de empresa especializada para prestação de serviços de confecção de placas de inauguração e homenagem em aço inox, com processo de fotocorrosão em atendimento a Administração Municipal de Criciúma/SC.","Pregão presencial","Compras e Serviços","MENOR PRECO GLOBAL",2023-06-23,HOMOLOGADO," "," "," ","contratos_f35e71d8-c08a-4bdd-b8ca-ae0071ffa0bf.csv",2023-06-22T09:00:00Z," ",2023-05-10,2023-06-22," "," ","documentosRelacionados_26e7476b-5a6a-42c7-8c46-392850c5e458.csv","compras@criciuma.sc.gov.br"," ","Rua Domênico Sônego","Rua Domênico Sônego",SC,Licitação,2023-05-10T08:00:00Z,"itensVencedores_2b9265eb-a61d-48c8-9f73-93fcbc70f180.csv",INTERNET," "," "," ","participantes_df2efafd-b968-4220-9dbf-4750dbb55beb.csv",NÃO," ",2023-06-22T09:00:00Z,"Lei 8666/1993, Art. 15, CAPUT",267375,132000.0
"PREFEITURA MUNICIPAL DE CRICIUMA",204,2023,204,2023,2023-08-02,"O presente Edital tem por objetivo a contratação de serviços gerais de copa, cozinha, limpeza, higienização e conservação para o 4º Batalhão de Bombeiro Militar do Município de Criciúma/SC.","Pregão presencial","Compras e Serviços","MENOR PRECO GLOBAL",2023-08-17,HOMOLOGADO," "," "," ","contratos_0d45cffe-fe8d-428f-8f2e-c78685d55203.csv",2023-08-16T09:00:00Z," ",2023-06-01,2023-08-16," "," ","documentosRelacionados_b864f158-9301-4e98-80f6-a7b140c5c8b1.csv","compras@criciuma.sc.gov.br"," ","Rua Domênico Sônego","Rua Domênico Sônego",SC,Licitação,2023-06-01T08:00:00Z,"itensVencedores_390ab973-7df1-4478-a02e-32e3eeeeffc1.csv",INTERNET," "," "," ","participantes_0852bb71-a36c-446a-a283-cf59f3060053.csv",NÃO," ",2023-08-16T09:00:00Z,"Lei 8666/1993, Art. 15, CAPUT",33600,30000
"PREFEITURA MUNICIPAL DE CRICIUMA",131,2023,131,2023,2023-06-05,"A presente Licitação tem por objetivo a contratação de empresa para execução de serviços de vigilância patrimonial armada para o Paço Municipal Marcos Rovaris de Criciúma/SC 24 horas todos os dias da semana.","Pregão presencial","Compras e Serviços","MENOR PRECO GLOBAL",2023-06-21,HOMOLOGADO," "," "," ","contratos_168ab1bd-0dae-4e60-804b-e1a908c4ceb2.csv",2023-06-19T09:00:00Z," ",2023-03-22,2023-06-19," "," ","documentosRelacionados_096a098d-106c-4545-95d2-487c8ca70b63.csv","compras@criciuma.sc.gov.br"," ","Rua Domênico Sônego","Rua Domênico Sônego",SC,Licitação,2023-03-22T08:00:00Z,"itensVencedores_0a6f041b-d893-45b0-8cc4-066c2506488f.csv",INTERNET," "," "," ","participantes_d442f777-11f6-4285-b7a2-8d4857b5345f.csv",NÃO," ",2023-06-19T09:00:00Z,"Lei 8666/1993, Art. 15, CAPUT",360120,357600
"PREFEITURA MUNICIPAL DE CRICIUMA",195,2023,195,2023,2023-07-24,"Registro de preços, para aquisição SOB DEMANDA, de asfalto frio ensacado (saco de 25 kg) para execução de tapa-buracos em pavimentos da malha viária do município de Criciúma/SC.","Pregão presencial","Compras e Serviços","MENOR PRECO POR ITEM",2023-08-07,HOMOLOGADO," ","atasRegistroPrecos_45c1fae4-f039-4258-b8f0-3d29818c4cfd.csv"," "," ",2023-08-07T09:00:00Z," ",2023-06-20,2023-08-07," ","despesas_3f7d95ef-b2e0-4ec0-a701-9cdaa2cd5b51.csv","documentosRelacionados_778a4ae1-a362-43fe-810a-a536d8523992.csv","compras@criciuma.sc.gov.br","empenhos_36fc518a-e647-4ab8-bc55-e1b16e01f2e9.csv","Rua Domênico Sônego","Rua Domênico Sônego",SC,Licitação,2023-06-20T08:00:00Z,"itensVencedores_4d374b93-d9f2-4917-a1ba-65c14f396879.csv",INTERNET," "," "," ","participantes_96ffce52-a925-4bc4-a4ef-da6aa84da47a.csv",SIM," ",2023-08-07T09:00:00Z,"Lei 8666/1993, Art. 15, CAPUT",149950,52500
"PREFEITURA MUNICIPAL DE CRICIUMA",164,2023,164,2023,2023-07-05,"Registro de preços, para aquisição SOB DEMANDA, de madeiras para cobertura da cancha de bocha do Parque dos Imigrantes, manutenção e construção de bancos, pergolados, brinquedos infantis para praças e demais áreas públicas do município de Criciúma/SC.","Pregão presencial","Compras e Serviços","MENOR PREÇO GLOBAL POR LOTE",2023-07-28,HOMOLOGADO," ","atasRegistroPrecos_6bfa2055-8b4c-47a6-ac04-60c033d0434c.csv"," "," ",2023-07-18T14:00:00Z," ",2023-04-10,2023-07-18," ","despesas_3592b1f9-31fe-44c3-8e03-ae634475cca4.csv","documentosRelacionados_51b0dde9-bc6c-4dc8-9fb3-21433e899ad6.csv","compras@criciuma.sc.gov.br","empenhos_b80bee0b-4ddd-4090-b550-f98dd6dd59e6.csv","Rua Domênico Sônego","Rua Domênico Sônego",SC,Licitação,2023-04-10T08:00:00Z,"itensVencedores_e5b53f52-757f-4c24-8994-ef0adb562cd1.csv",INTERNET," "," "," ","participantes_fa366288-0c3a-4321-b675-6be144407f24.csv",SIM," ",2023-07-18T14:00:00Z,"Lei 8666/1993, Art. 15, CAPUT",1088704.81,1030000.0
"PREFEITURA MUNICIPAL DE CRICIUMA",218,2023,218,2023,2023-08-23,"O presente edital tem por objetivo o registro de preços de materiais de sinalização viária vertical, em atendimento a Diretoria de Trânsito e Transportes do município de Criciúma/SC.","Pregão presencial","Compras e Serviços","MENOR PRECO GLOBAL",2023-09-12,HOMOLOGADO," ","atasRegistroPrecos_50c6a882-05d3-4a2b-a5bf-ced28494778b.csv"," "," ",2023-09-04T14:00:00Z," ",2023-07-05,2023-09-04," ","despesas_c8e19cbd-5636-422a-b259-6812b40302f4.csv","documentosRelacionados_ddea1cfa-7502-485a-847f-37a0bdbad993.csv","compras@criciuma.sc.gov.br","empenhos_28886ec0-b8cb-4401-872d-89e1363c4703.csv","Rua Domênico Sônego","Rua Domênico Sônego",SC,Licitação,2023-07-05T08:00:00Z,"itensVencedores_20fc63bd-cecf-4968-9bf8-9f212aadc617.csv",INTERNET," "," "," ","participantes_55f5f119-002a-4b18-b6ae-73201b553c9c.csv",SIM," ",2023-09-04T14:00:00Z,"Lei 8666/1993, Art. 15, CAPUT",583950,550000.0
"PREFEITURA MUNICIPAL DE CRICIUMA",172,2023,172,2023,2023-08-17,"Contratação de empresa de engenharia consultiva para prestação de serviços técnicos de Supervisão e Gerenciamento Técnico e Ambiental das Obras do Projeto de Transporte e Mobilidade Urbana de Criciúma/SC – 2ª Etapa. (OPERAÇÃO DE CRÉDITO: CONTRATO FONPLATA BRA-31/2021)",Concorrência,"Compras e Serviços","MENOR PRECO GLOBAL",2024-03-06,HOMOLOGADO," "," "," ","contratos_80551863-5c59-4a32-aa69-3682a85991e5.csv",2023-08-17T14:00:00Z," ",2023-07-06,2023-08-17," "," ","documentosRelacionados_710ca512-0c02-4fc3-b617-9a2c5ea506db.csv","compras@criciuma.sc.gov.br"," ","Rua Domênico Sônego","Rua Domênico Sônego",SC,Licitação,2023-07-06T08:00:00Z,"itensVencedores_d4a56885-f013-4aec-970f-1893f6fa0ca4.csv",MURAL_PUBLICO," "," "," ","participantes_a1b40775-e607-4b34-97e6-ef53502e2f2c.csv",NÃO," ",2023-08-17T14:00:00Z,"Lei 8666/1993, Art. 15, II",1.372527896E7,1.122459692E7
"PREFEITURA MUNICIPAL DE CRICIUMA",189,2023,189,2023,2023-07-21,"Contratação de empresa do ramo pertinente, para execução dos serviços necessários à realização das obras de cercamento e urbanização do acesso e no entorno do Mirante Realdo Guglielmi, localizado na rua Honório Búrigo - bairro Mina Brasil, município de Criciúma - SC.","Tomada de preços","Compras e Serviços","MENOR PRECO GLOBAL",2023-09-12,HOMOLOGADO," "," "," ","contratos_384f8230-2732-4380-bed0-17a682292078.csv",2023-08-10T14:00:00Z," ",2023-06-30,2023-08-10," "," ","documentosRelacionados_4a5ad632-7f94-4030-9b50-302c65fb02a7.csv","compras@criciuma.sc.gov.br"," ","Rua Domênico Sônego","Rua Domênico Sônego",SC,Licitação,2023-06-30T08:00:00Z,"itensVencedores_39f0c0ee-ea7a-4ec9-bae9-27cff0088663.csv",INTERNET," "," "," ","participantes_e2b4b35d-e08a-451d-9d64-8f67b921ec4a.csv",NÃO," ",2023-08-10T14:00:00Z,"Lei 8666/1993, Art. 22, II",280446.03,278073
"PREFEITURA MUNICIPAL DE CRICIUMA",192,2023,192,2023,2023-07-24,"CO presente edital tem por objetivo a contratação de serviços de transporte para o ""39º Jogos Escolares de Santa Catarina – JESC 2023"", para os deslocamentos da equipe da FESPORTE, arbitragem, da comissão disciplinar e pedagógica durante todo o período de realização do JESC. (Convênio Estadual nº 2023012055).","Pregão presencial","Compras e Serviços","MENOR PRECO GLOBAL",2023-08-03,HOMOLOGADO," "," "," ","contratos_f009b148-efaa-432e-b043-a6c1fc9d5a67.csv",2023-08-03T09:00:00Z," ",2023-07-19,2023-08-03," "," ","documentosRelacionados_07a2199b-e852-4308-8936-e2ac638d4c21.csv","compras@criciuma.sc.gov.br"," ","Rua Domênico Sônego","Rua Domênico Sônego",SC,Licitação,2023-07-19T08:00:00Z,"itensVencedores_957c4119-1d91-4c11-988e-4ac81ab9c02c.csv",INTERNET," "," "," ","participantes_2ef13109-b9e1-4a5c-9eec-1b3509d90ac8.csv",NÃO," ",2023-08-03T09:00:00Z,"Lei 8666/1993, Art. 15, CAPUT",40500,40275
"PREFEITURA MUNICIPAL DE CRICIUMA",126,2023,126,2023,2023-05-24,"Concessão do Direito Real de Uso, a Título Oneroso, para exploração das dependências de 02 (dois) Ginásios de Esportes, pertencentes ao patrimônio do município de Criciúma-SC.",Concorrência,"Compras e Serviços","MAIOR VALOR DA OUTORGA",2023-08-23,HOMOLOGADO," "," "," ","contratos_ef3c8f36-737e-4fc4-b507-adb5847f7168.csv",2023-06-27T14:00:00Z," ",2023-05-03,2023-06-27," "," ","documentosRelacionados_180c53bd-b3ac-465d-ae50-5bc36efe55a6.csv","compras@criciuma.sc.gov.br"," ","Rua Domênico Sônego","Rua Domênico Sônego",SC,Licitação,2023-05-22T08:00:00Z,"itensVencedores_a514c66e-bdf0-493b-af1d-868547d63e63.csv",INTERNET," "," "," ","participantes_a9f7e632-3cef-43fb-b376-b70811e878f0.csv",NÃO," ",2023-06-27T14:00:00Z,"Lei 8666/1993, Art. 15, CAPUT",1000,2546
"PREFEITURA MUNICIPAL DE CRICIUMA",62,2023,62,2023,2023-05-17,"O presente edital tem por objetivo o registro de preços de derivados de petróleo (CAP 50-70, Emulsão RR 1-C e CM-30), em atendimento a Usina de Asfalto e aos setores de pavimentação, repavimentação e conservação de diversos logradouros públicos do município de Criciúma/SC.","Pregão eletrônico","Compras e Serviços","MENOR PRECO POR ITEM",2023-04-12,HOMOLOGADO," ","atasRegistroPrecos_1d9d3968-d601-4bdc-b341-c68b8d06eec5.csv"," "," ",2023-03-30T14:00:00Z," ",2023-02-23,2023-03-30," ","despesas_fd358e7c-2495-46b8-a30e-ee4ce1f3e3fc.csv","documentosRelacionados_8629b268-c4ea-4d39-a8d2-9369c11a7817.csv","compras@criciuma.sc.gov.br","empenhos_fa50d829-bc3d-427c-957f-767d98c63e35.csv","Rua Domênico Sônego","Rua Domênico Sônego",SC,Licitação,2023-02-23T08:00:00Z,"itensVencedores_22352cd4-a26e-4423-a748-8d8755a8f400.csv",MURAL_PUBLICO," "," "," ","participantes_8a4ed3bb-0a61-4c2a-9b9d-302e803e102b.csv",SIM," ",2023-03-30T14:00:00Z,"Lei 8666/1993, Art. 15, CAPUT",17268570,13873000
"PREFEITURA MUNICIPAL DE CRICIUMA",138,2023,138,2023,2023-06-06,"Aquisição de uniformes de banda (fanfarras) e materiais para o uso nos desfiles cívicos das escolas da Rede Municipal de Ensino de Criciúma/SC.","Pregão presencial","Compras e Serviços","MENOR PRECO POR ITEM",2023-07-05,HOMOLOGADO," "," "," ","contratos_f0319600-ce5e-4dd7-bbd8-40cf99b7a123.csv",2023-06-22T14:00:00Z," ",2023-05-11,2023-06-22," "," ","documentosRelacionados_a2db6990-61a5-45c0-8b73-547e5cf03732.csv","compras@criciuma.sc.gov.br"," ","Rua Domênico Sônego","Rua Domênico Sônego",SC,Licitação,2023-05-11T08:00:00Z,"itensVencedores_5110aaf9-c02b-4b89-a134-85feac3b6b84.csv",INTERNET," "," "," ","participantes_c9dc1ad2-e419-42bc-8db0-65f392b848bb.csv",NÃO," ",2023-06-22T14:00:00Z,"Lei 8666/1993, Art. 15, CAPUT",436924.35,339728.4
"PREFEITURA MUNICIPAL DE CRICIUMA",124,2023,124,2023,2023-05-24,"Concessão de Uso, a Título Oneroso de Bens Públicos, relativos a espaços comerciais denominados “boxes” da FEIRA LIVRE municipal, localizada na rua São José, centro do Município de Criciúma-SC.",Concorrência,"Compras e Serviços","MENOR PRECO POR ITEM",2023-07-31,HOMOLOGADO," "," "," ","contratos_e3a89cd9-793a-4662-9d34-d395058015be.csv",2023-07-10T14:00:00Z," ",2023-05-22,2023-07-10," "," ","documentosRelacionados_0b364a03-14ac-4d0f-a197-f61506880e29.csv","compras@criciuma.sc.gov.br"," ","Rua Domênico Sônego","Rua Domênico Sônego",SC,Licitação,2023-05-22T08:00:00Z,"itensVencedores_f8d12e06-b1d1-4e37-8e12-287386a46cc2.csv",INTERNET," "," "," ","participantes_675b31d2-7b0b-4d1b-94f4-cfb08387b13a.csv",NÃO," ",2023-07-10T14:00:00Z,"Lei 8666/1993, Art. 15, CAPUT",2500,1600
"PREFEITURA MUNICIPAL DE CRICIUMA",223,2023,223,2023,2023-09-06,"Contratação de empresa do ramo pertinente para execução do projeto de sinalização tátil de piso nos Terminais (Centro, Próspera e Pinheirinho), no município de Criciúma-SC.","Tomada de Preço","Compras e Serviços","MENOR PRECO GLOBAL",2023-09-29,HOMOLOGADO," "," "," ","contratos_7958bb74-dcff-4a81-a741-b7d0a0a5908e.csv",2023-09-26T14:00:00Z," ",2023-07-27,2023-09-26," "," ","documentosRelacionados_00c68f53-9912-468c-a1ff-d0000f334c94.csv","compras@criciuma.sc.gov.br"," ","Rua Domênico Sônego","Rua Domênico Sônego",SC,Licitação,2023-07-27T08:00:00Z,"itensVencedores_af150773-e3b6-4ffe-b892-51dacfa4e8c4.csv",INTERNET," "," "," ","participantes_a8c27c62-1e01-4216-b9f6-cce5e258c336.csv",NÃO," ",2023-09-26T14:00:00Z,"Lei 8666/1993, Art. 22, II",294374.04,217919.22
"PREFEITURA MUNICIPAL DE CRICIUMA",58,2023,58,2023,2023-03-20,"O presente edital tem por objetivo a contratação de empresa especializada no fornecimento de serviços de tratamento, coleta e armazenamento de elementos documentais, incluindo sistema de gestão documental, para utilização do município de Criciúma/SC.","Pregão presencial","Compras e Serviços","MENOR PRECO GLOBAL",2023-04-24,HOMOLOGADO," "," "," ","contratos_5e4202ed-e0bc-4dfb-81dc-4fe82c35a041.csv",2023-03-28T14:00:00Z," ",2023-03-16,2023-03-28," "," ","documentosRelacionados_4ac3a1a5-ce92-4f06-8647-1b162d9ec42f.csv","compras@criciuma.sc.gov.br"," ","Rua Domênico Sônego","Rua Domênico Sônego",SC,Licitação,2023-03-16T08:00:00Z,"itensVencedores_717e9f7b-e741-45b9-a515-26a40f81c4b3.csv",MURAL_PUBLICO," "," "," ","participantes_011e84ea-7040-4fa2-99fe-ec91265c6b42.csv",NÃO," ",2023-03-28T14:00:00Z,"Lei 8666/1993, Art. 15, CAPUT",1464350,1440000
"PREFEITURA MUNICIPAL DE CRICIUMA",206,2023,206,2023,2023-08-17,"Contratação de serviço de palestrante, com o objetivo de realizar formação continuada sobre vivências e história e cultura africana, no processo de ensino-aprendizagem e contribuição, envolvendo a constituição étnica da população brasileira dos afrodescendentes, em consonância com a lei 10.639/03 e a Lei 11.645/08, pautada nos princípios da Leis de Diretrizes e Bases da Educação.","Pregão presencial","Compras e Serviços","MENOR PRECO GLOBAL",2023-09-04,HOMOLOGADO," "," "," ","contratos_7e8fedc1-a07a-4d40-a48a-77373e13595a.csv",2023-08-16T14:00:00Z," ",2023-05-18,2023-08-16," "," ","documentosRelacionados_97e5eab1-7360-4d02-b105-4347e08de371.csv","compras@criciuma.sc.gov.br"," ","Rua Domênico Sônego","Rua Domênico Sônego",SC,Licitação,2023-05-18T08:00:00Z,"itensVencedores_2d26948c-0b1a-4a81-adac-123737434c11.csv",INTERNET," "," "," ","participantes_bb9de477-7de1-4ee2-9311-6261de0af1b7.csv",NÃO," ",2023-08-16T14:00:00Z,"Lei 8666/1993, Art. 15, CAPUT",35741.16,35280
"PREFEITURA MUNICIPAL DE CRICIUMA",151,2023,151,2023,2023-06-21,"O presente edital tem por objetivo a contratação de serviços de limpeza, higienização, desinfecção e conservação de bens moveis e imóveis, lavagem de calçadas e demais áreas necessárias do prédio das escolas municipais de Criciúma/SC.","Pregão presencial","Compras e Serviços","MENOR PRECO GLOBAL"," ",REVOGADO," "," "," "," ",2023-07-05T09:00:00Z," ",2023-05-26,2023-07-05,2023-08-09," ","documentosRelacionados_1050dae5-d7a7-42b5-abe4-cbee79189448.csv","compras@criciuma.sc.gov.br"," ","Rua Domênico Sônego","Rua Domênico Sônego",SC,Licitação,2023-05-26T08:00:00Z,"itensVencedores_bc227128-493c-4dd2-956f-daee18ce5acb.csv",INTERNET," ","Razões de Interesse Público"," ","participantes_33f20053-cb87-4fa6-a970-7f933b41d1ad.csv",NÃO," ",2023-07-05T09:00:00Z,"Lei 8666/1993, Art. 15, CAPUT",1307199.96,749500
"PREFEITURA MUNICIPAL DE CRICIUMA",165,2023,165,2023,2023-07-06,"Contratação de empresa do ramo pertinente para execução dos serviços necessários à realização das obras de construção do novo do prédio do CENTRO COMUNITÁRIO DO BAIRRO METROPOL, na rua Manoel João Machado - Município de Criciúma-SC.","Tomada de preços","Compras e Serviços","MENOR PRECO GLOBAL",2023-08-09,HOMOLOGADO," "," "," ","contratos_46bbf864-574c-4caf-b9b8-28af7c51f6b9.csv",2023-07-21T14:00:00Z," ",2023-04-10,2023-07-21," "," ","documentosRelacionados_3c09f585-464b-4076-ae32-4d35906713b1.csv","compras@criciuma.sc.gov.br"," ","Rua Domênico Sônego","Rua Domênico Sônego",SC,Licitação,2023-04-10T08:00:00Z,"itensVencedores_bc1900bb-c61f-4bd5-8322-faef671738ad.csv",INTERNET," "," "," ","participantes_1df5d331-6983-47e3-9892-cacee8957ca1.csv",NÃO," ",2023-07-21T14:00:00Z,"Lei 8666/1993, Art. 22, II",946925.74,728949.44
"PREFEITURA MUNICIPAL DE CRICIUMA",4,2023,4,2023,2023-01-13,"Chamada Pública para aquisição de gêneros alimentícios diretamente da Agricultura Familiar, Empreendedor Familiar Rural ou suas organizações, para o atendimento ao Programa Nacional de Alimentação Escolar/PNAE, destinados a Alimentação Escolar dos alunos da Rede Municipal de Ensino e entidades filantrópicas conveniadas, atendidos pela Secretaria Municipal de Educação do Município de Criciúma/SC.","Outras Modalidades","Compras e Serviços","CREDENCIAMENTO QTDADE RATEADA",2023-03-14,HOMOLOGADO," "," "," ","contratos_d3717f91-7bb7-4483-a480-69bc372e0d9c.csv",2023-03-07T14:00:00Z," ",2022-12-20,2023-03-07," "," ","documentosRelacionados_0246e196-91cd-4c1b-99d6-2389bc42cac8.csv","compras@criciuma.sc.gov.br"," ","Rua Domênico Sônego","Rua Domênico Sônego",SC,Licitação,2022-12-20T08:00:00Z,"itensVencedores_f2b6a6cf-e280-4bc4-a122-2c03f6f7ea2b.csv",INTERNET," "," "," ","participantes_8550a531-935e-452c-8f5c-e86c54291378.csv",NÃO," ",2023-03-07T14:00:00Z,"Lei 8666/1993, Art. 15, CAPUT",6494712.72,6426972.82
"PREFEITURA MUNICIPAL DE CRICIUMA",160,2023,160,2023,2023-07-21,"Contratação de empresa do ramo pertinente para execução dos serviços necessários à realização das obras de revitalização da PRAÇA DO BAIRRO SANTA BARBARA, localizada na rua Sampaio Viana - Município de Criciúma-SC.","Tomada de preços","Compras e Serviços","MENOR PRECO",2023-09-04,HOMOLOGADO," "," "," ","contratos_856abcf1-1f87-40da-98d1-e8144c3b6e36.csv",2023-08-07T14:00:00Z," ",2023-05-29,2023-08-07," "," ","documentosRelacionados_365d2640-9664-4b59-b78d-67aaa42fdd47.csv","compras@criciuma.sc.gov.br"," ","Rua Domênico Sônego","Rua Domênico Sônego",SC,Licitação,2023-05-29T08:00:00Z,"itensVencedores_6b4c7c17-80bf-4a0a-b7ae-35681b63897a.csv",INTERNET," "," "," ","participantes_9800cb3a-5dfb-441f-a5ba-37b5c8b44ae2.csv",NÃO," ",2023-08-07T14:00:00Z,"Lei 8666/1993, Art. 22, II",718003.14,552593.68
"PREFEITURA MUNICIPAL DE CRICIUMA",213,2023,213,2023,2023-08-08,"O presente edital tem por objetivo o registro de preços de equipamentos e peças semafóricas, para aquisições futuras, em atendimento a Diretoria de Trânsito e Transportes do município de Criciúma/SC.","Pregão presencial","Compras e Serviços","MENOR PREÇO GLOBAL POR LOTE",2023-10-03,HOMOLOGADO," ","atasRegistroPrecos_b92db97d-3e60-4e0c-8f42-bc85c726462f.csv"," "," ",2023-08-22T09:00:00Z," ",2023-06-30,2023-08-22," ","despesas_32e142bf-14aa-4c9b-886d-00456a91300f.csv","documentosRelacionados_d3f17b92-e35f-41af-ae1f-75b89ce483dc.csv","compras@criciuma.sc.gov.br","empenhos_01352652-cefd-421c-82c0-3bf4aee74ac6.csv","Rua Domênico Sônego","Rua Domênico Sônego",SC,Licitação,2023-06-30T08:00:00Z,"itensVencedores_cdbc3dfe-19c5-406b-a89b-83427571597f.csv",INTERNET," "," "," ","participantes_c26b9462-8fb5-4b68-9f2d-00d75b2389d2.csv",SIM," ",2023-08-22T09:00:00Z,"Lei 8666/1993, Art. 15, CAPUT",555324,430000.0
"PREFEITURA MUNICIPAL DE CRICIUMA",153,2023,153,2023,2023-06-21,"O presente edital tem por objetivo a contratação de empresa especializada para a execução de serviço para manutenção corretiva e preventiva, sem fornecimento de peças, para parques infantis instalados nas unidades escolares, em órgãos sob responsabilidade da Secretaria de Educação e parques de demais áreas públicas da Administração Municipal de Criciúma/SC.","Pregão presencial","Compras e Serviços","MENOR PRECO GLOBAL",2023-07-05,HOMOLOGADO," "," "," ","contratos_547e3918-90bf-4a2d-b23a-33c2ad4b8211.csv",2023-07-05T14:00:00Z," ",2023-05-26,2023-07-05," "," ","documentosRelacionados_081dd1e1-f2eb-4c2c-ad86-bab6a7e1282a.csv","compras@criciuma.sc.gov.br"," ","Rua Domênico Sônego","Rua Domênico Sônego",SC,Licitação,2023-05-26T08:00:00Z,"itensVencedores_bf37d953-81a3-466e-a503-5387a801cbe5.csv",INTERNET," "," "," ","participantes_0a57f07d-cd76-4c4d-a5cd-09c4b031cb57.csv",NÃO," ",2023-07-05T14:00:00Z,"Lei 8666/1993, Art. 15, CAPUT",437000,183000
"PREFEITURA MUNICIPAL DE CRICIUMA",258,2023,258,2023,2023-10-19,"Registro de preços de peças para execução, SOB DEMANDA, de serviços de manutenção do material rodante do Trator de Esteira John Deere 750J-II, pertencente a frota do município de Criciúma/SC.","Pregão presencial","Compras e Serviços","MENOR PRECO GLOBAL",2023-11-07,HOMOLOGADO," ","atasRegistroPrecos_083bcb0e-59ad-4826-a14b-a88ec72b58dc.csv"," "," ",2023-11-01T09:00:00Z," ",2023-09-20,2023-11-01," ","despesas_3234d2db-02a5-4996-be36-fa93d98b0258.csv","documentosRelacionados_b5250f69-71b2-4190-984d-1fe7695fcbfb.csv","compras@criciuma.sc.gov.br","empenhos_c1942157-4ea5-461a-beb0-49873f908fe7.csv","Rua Domênico Sônego","Rua Domênico Sônego",SC,Licitação,2023-10-19T08:00:00Z,"itensVencedores_d9dc7e71-0c07-42df-959b-022b78a26f03.csv",INTERNET," "," "," ","participantes_88156f5d-530b-4c9e-9892-1c154a273b44.csv",SIM," ",2023-11-01T09:00:00Z,"Lei 8666/1993, Art. 15, CAPUT",166223.42,128998.87
"PREFEITURA MUNICIPAL DE CRICIUMA",245,2023,245,2023,2023-10-10,"Contratação de empresa do ramo pertinente, para execução dos serviços necessários à realização das obras de construção do novo prédio do CENTRO COMUNITÁRIO DO LOTEAMENTO GIRASSÓIS, localizado na rua Ismael Maria Esquina com a rua Augustinho Fernandes, bairro Ana Maria no município de Criciúma-SC.","Tomada de preços","Compras e Serviços","MENOR PRECO",2023-11-16,HOMOLOGADO," "," "," ","contratos_9726dd4f-0a07-4649-810f-cbdcde89a075.csv",2023-10-25T14:00:00Z," ",2023-09-27,2023-10-25," "," ","documentosRelacionados_22b309cb-ed8e-4a12-87d3-32c3d034892c.csv","compras@criciuma.sc.gov.br"," ","Rua Domênico Sônego","Rua Domênico Sônego",SC,Licitação,2023-09-27T08:00:00Z,"itensVencedores_5a443ab6-6b97-40fa-a75c-9057b44f9e40.csv",INTERNET," "," "," ","participantes_f8705098-16e0-4718-8e55-4ef11c5cb2f5.csv",NÃO," ",2023-10-25T14:00:00Z,"Lei 8666/1993, Art. 22, II",724449.66,539826.2
"PREFEITURA MUNICIPAL DE CRICIUMA",253,2023,253,2023,2023-11-20,"Contratação de empresa do ramo pertinente, para execução dos serviços necessários à implantação das obras de pavimentação com revestimento em blocos de concreto (lajotas) em 08 (oito) ruas do BAIRRO ANA MARIA no Município de Criciúma-SC.  CONVÊNIO: CONTRATO FINISA Nº 0603768-52)",Concorrência,"Compras e Serviços","MENOR PRECO",2023-11-29,HOMOLOGADO," "," "," ","contratos_5e429ac1-b707-46f9-9531-4d9a9c884345.csv",2023-11-21T14:00:00Z," ",2023-10-09,2023-11-21," "," ","documentosRelacionados_dde6c07b-f9a7-43d4-bc75-c612031940bc.csv","compras@criciuma.sc.gov.br"," ","Rua Domênico Sônego","Rua Domênico Sônego",SC,Licitação,2023-10-09T08:00:00Z,"itensVencedores_f669e635-a5b6-414a-9430-ea475f4387e9.csv",INTERNET," "," "," ","participantes_2d1b613a-f90c-47b0-be3e-ac27d7703220.csv",NÃO," ",2023-11-21T14:00:00Z,"Lei 8666/1993, Art. 15, CAPUT",3341753.83,2616207.41
"PREFEITURA MUNICIPAL DE CRICIUMA",261,2023,261,2023,2023-10-20,"O presente edital tem por objetivo o registro de preços de Créditos de Reposição Florestal (CRF) para compensar o volume de madeira extraída (supressão de vegetação nativa), a fim de atender as necessidades da Secretaria Municipal de Infraestrutura, Planejamento e Mobilidade Urbana, da Prefeitura do Município de Criciúma/SC.","Pregão eletrônico","Compras e Serviços","MENOR PRECO POR ITEM",2023-11-01,HOMOLOGADO," ","atasRegistroPrecos_80ff4de0-afbb-437b-924d-66dffcb90569.csv"," "," ",2023-10-31T09:00:00Z," ",2023-09-27,2023-10-31," ","despesas_bdc9cfe1-df23-4c9e-8499-b5e5d02bc26e.csv","documentosRelacionados_d32337fe-3b6c-476a-832d-a167db9f66a9.csv","compras@criciuma.sc.gov.br","empenhos_d8bb4f33-48ee-49b1-a128-41973622035f.csv","Rua Domênico Sônego","Rua Domênico Sônego",SC,Licitação,2023-10-18T08:00:00Z,"itensVencedores_de83e718-c774-49aa-a829-dfa13d2a08b0.csv",INTERNET," "," "," ","participantes_44f00d1e-d4d7-4ca9-9b1b-37c57e1e4a4c.csv",SIM," ",2023-10-31T09:00:00Z,"Lei 8666/1993, Art. 15, CAPUT",157500,157500
"PREFEITURA MUNICIPAL DE CRICIUMA",285,2023,285,2023,2023-11-23,"O presente edital tem por objetivo a contratação de empresa especializada para confecção e entrega de um container modificado para o modo casa, para servir de base para a Polícia Militar de Criciúma – 9ºBPM nas dependências/pátio da Delegacia de Polícia Civil – DPCAMI – Delegacia de Proteção à Criança, Adolescente, Mulher e Idoso em Criciúma/SC.","Pregão eletrônico","Compras e Serviços","MENOR PRECO POR ITEM",2023-12-15,HOMOLOGADO," ","atasRegistroPrecos_b63ac018-fc45-4291-8a77-2b050665ce95.csv"," "," ",2023-12-08T14:00:00Z," ",2023-10-02,2023-12-08," ","despesas_a3bada84-537a-4a45-9ce1-6adda1f27239.csv","documentosRelacionados_7f940b2e-0e5f-43f9-92cb-b257c354e020.csv","compras@criciuma.sc.gov.br","empenhos_044b16f2-0ce4-47bf-8e9a-689201afe38c.csv","Rua Domênico Sônego","Rua Domênico Sônego",SC,Licitação,2023-10-02T08:00:00Z,"itensVencedores_7371a8bb-d66c-486f-813d-af30e090155c.csv",INTERNET," "," "," ","participantes_9a281987-eb12-4f9c-ac5e-a80c6cdd52a9.csv",SIM," ",2023-12-08T14:00:00Z,"Lei 8666/1993, Art. 15, CAPUT",67255.61,64915
"PREFEITURA MUNICIPAL DE CRICIUMA",267,2023,267,2023,2023-10-27,"O presente edital tem por objetivo o registro de preços de uniformes, com fornecimento de material e mão de obra, em atendimento as demandas da Rede Municipal de Ensino de Criciúma/SC.","Pregão presencial","Compras e Serviços","MENOR PREÇO GLOBAL POR LOTE",2023-12-22,HOMOLOGADO," ","atasRegistroPrecos_632ade42-cebe-4ed1-ba41-dc7a9d175c4e.csv"," "," ",2023-11-10T09:00:00Z," ",2023-09-18,2023-11-10," ","despesas_5c89ec1b-16e1-4425-b87f-bb8b29928df8.csv","documentosRelacionados_a08e1da4-4792-4ff0-b634-2e24ba1f61ed.csv","compras@criciuma.sc.gov.br","empenhos_570760a0-c686-4dce-ba97-a3cd46c32a39.csv","Rua Domênico Sônego","Rua Domênico Sônego",SC,Licitação,2023-09-18T08:00:00Z,"itensVencedores_1d0ff7d3-3925-4824-a08b-7c4df20f0d6f.csv",INTERNET," "," "," ","participantes_9548d39f-76a5-4031-836d-89619aab3622.csv",SIM," ",2023-11-10T09:00:00Z,"Lei 8666/1993, Art. 15, CAPUT",8055014.6,5367840
"PREFEITURA MUNICIPAL DE CRICIUMA",239,2023,239,2023,2023-09-27,"O presente edital tem por objetivo o registro de preços de placas de identificação de logradouro, compreendendo a confecção e instalação, em atendimento as demandas do município de Criciúma/SC.","Pregão presencial","Compras e Serviços","MENOR PRECO GLOBAL",2023-10-17,HOMOLOGADO," ","atasRegistroPrecos_4511141a-fd3b-41f4-a95a-e99a4ed3017f.csv"," "," ",2023-10-09T14:00:00Z," ",2023-09-13,2023-10-09," ","despesas_e382f86e-be37-4cf5-a2c2-5c9036f70f21.csv","documentosRelacionados_e710e86a-5c64-4df8-b1d0-dee4b04f4ad6.csv","compras@criciuma.sc.gov.br","empenhos_d9b93554-a342-4327-aafb-230b3bea027d.csv","Rua Domênico Sônego","Rua Domênico Sônego",SC,Licitação,2023-09-26T08:00:00Z,"itensVencedores_69a7243e-cd29-4795-a7b7-48aacbd01305.csv",INTERNET," "," "," ","participantes_fc7373e5-a378-4967-a13d-036fc3a219bb.csv",SIM," ",2023-10-09T14:00:00Z,"Lei 8666/1993, Art. 15, CAPUT",817500,790500
"PREFEITURA MUNICIPAL DE CRICIUMA",259,2023,259,2023,2023-10-20,"Contratação de empresa do ramo pertinente, para execução dos serviços necessários à realização das obras de construção do novo prédio do CENTRO COMUNITÁRIO DO BAIRRO BUENOS AIRES, na travessa 9 de junho, município de Criciúma-SC.","Tomada de preços","Compras e Serviços","MENOR PRECO",2023-11-24,HOMOLOGADO," "," "," ","contratos_d7bbf3dd-89e2-40c2-8126-25d82ce57e16.csv",2023-11-08T14:00:00Z," ",2023-10-09,2023-11-08," "," ","documentosRelacionados_7f1e17b3-da46-46b4-8074-52b1b078a305.csv","compras@criciuma.sc.gov.br"," ","Rua Domênico Sônego","Rua Domênico Sônego",SC,Licitação,2023-10-09T08:00:00Z,"itensVencedores_a344b090-4fb7-4c32-8d8e-659878602d23.csv",INTERNET," "," "," ","participantes_47b0f027-58a0-459e-9307-5b87e2e64565.csv",NÃO," ",2023-11-08T14:00:00Z,"Lei 8666/1993, Art. 22, II",653138.3,489000
"PREFEITURA MUNICIPAL DE CRICIUMA",231,2023,231,2023,2023-09-29,"Registro de preços de peças e serviços para aquisições futuras, na manutenção mecânica da frota de veículos leves, pertencentes ao município de Criciúma/SC.","Pregão presencial","Compras e Serviços","MAIOR DESCONTO SOBRE TABELA",2023-10-24,HOMOLOGADO," ","atasRegistroPrecos_d48d1d57-72c9-4ac7-899b-ff71e652d289.csv"," "," ",2023-09-29T09:00:00Z," ",2023-08-21,2023-09-29," ","despesas_b16107d6-30b9-4872-8eb6-c620facad5f3.csv","documentosRelacionados_8fac3157-8734-4e86-bb6a-5a9cfc71dfae.csv","compras@criciuma.sc.gov.br","empenhos_41c1e3d2-5938-4f94-877e-5a4bc703a679.csv","Rua Domênico Sônego","Rua Domênico Sônego",SC,Licitação,2023-08-21T08:00:00Z,"itensVencedores_142b7799-f2eb-4d82-9d00-143489dbd5df.csv",INTERNET," "," "," ","participantes_2bab7561-c10e-4a55-8671-9c81ae12ba55.csv",SIM," ",2023-09-29T09:00:00Z,"Lei 8666/1993, Art. 15, CAPUT",700000,700000.0
"PREFEITURA MUNICIPAL DE CRICIUMA",260,2023,260,2023,2023-10-20,"O presente edital tem por objetivo a contratação de empresa especializada na renovação de licenças antivírus Kaspersky Endopoint Security For Bussiness Select Brazilian Edition, para Servidores e estação Linux, Windows e Mac OS, segurança móvel e gerenciamento de dispositivos Moveis com atualização por 36 meses, para o município de Criciúma/SC.","Pregão eletrônico","Compras e Serviços","MENOR PRECO GLOBAL",2023-11-22,HOMOLOGADO," "," "," ","contratos_8096b7de-0a38-44f7-aae8-4de4a76576d8.csv",2023-11-03T09:00:00Z," ",2023-09-01,2023-11-03," "," ","documentosRelacionados_01a7e2b9-9154-474f-9ad9-d639b44b4ec6.csv","compras@criciuma.sc.gov.br"," ","Rua Domênico Sônego","Rua Domênico Sônego",SC,Licitação,2023-09-01T08:00:00Z,"itensVencedores_9ebb02bb-334f-400c-bda3-2ef61e54912c.csv",INTERNET," "," "," ","participantes_7e08e4ac-4205-4f1d-8dc6-5aad6ba2e158.csv",NÃO," ",2023-11-03T09:00:00Z,"Lei 8666/1993, Art. 15, CAPUT",178320,79000
"PREFEITURA MUNICIPAL DE CRICIUMA",238,2023,238,2023,2023-09-26,"Contratação de empresa do ramo pertinente, para execução dos serviços necessários à realização das obras de conclusão da construção do prédio da E.M.E.B. AMARO JOÃO BATISTA,  localizada na rua Fausto Antônio Marques – bairro Vila Nova Esperança no município de Criciúma-SC.",Concorrência,"Compras e Serviços","MENOR PRECO GLOBAL"," ",ANULADO," "," "," "," ",2023-11-22T14:00:00Z,2023-12-15,2023-09-21,2023-11-22," "," ","documentosRelacionados_2928fec1-4e98-479a-a9f2-bf47ad1694c6.csv","compras@criciuma.sc.gov.br"," ","Rua Domênico Sônego","Rua Domênico Sônego",SC,Licitação,2023-09-21T08:00:00Z," ",INTERNET,Ilegalidade," "," ","participantes_4187dda2-0f13-4ec2-b5f9-f6f56e2aaaf0.csv",NÃO," ",2023-11-22T14:00:00Z,"Lei 8666/1993, Art. 15, CAPUT",5183520.83," "
"PREFEITURA MUNICIPAL DE CRICIUMA",237,2023,237,2023,2023-09-25,"Contratação de empresa especializada para a Recuperação, em caráter emergencial, com a remoção imediata de todo o revestimento argamassado de teto   e colocação de um novo em PVC do imóvel da escola EMEB José Cesário da Silva, Rua Indaial, n° 203, Bairro Nossa Senhora da Salete, Criciúma - SC.","Dispensa de licitação","Compras e Serviços","MENOR PRECO GLOBAL",2023-09-22,HOMOLOGADO," "," "," ","contratos_af6fc1ad-6694-4ae5-95f0-741592a1af52.csv",2023-09-22T08:00:00Z," ",2023-09-22,2023-09-22," "," ","documentosRelacionados_d4e360d8-3d8d-4528-bea1-0faf25074284.csv","compras@criciuma.sc.gov.br"," ","Rua Domênico Sônego","Rua Domênico Sônego",SC,Licitação,2023-09-22T08:00:00Z,"itensVencedores_48f38a25-0ea7-4730-b040-16462e0975d3.csv",INTERNET," "," "," ","participantes_589cab85-c09b-4eb5-9d4a-73aaf3c58493.csv",NÃO," ",2023-09-22T08:00:00Z,"Lei 8666/1993, Art. 17, I.a",383978.64,383978.64
"PREFEITURA MUNICIPAL DE CRICIUMA",248,2023,248,2023,2023-10-17,"Registro de preços, para aquisição de materiais elétricos, para uso na recuperação e manutenção (preventiva e corretiva) da rede de iluminação pública (COSIP), na manutenção de praças, parques, jardins, prédios públicos e referente ao projeto luminotécnico do Município de Criciúma/SC.","Pregão eletrônico","Compras e Serviços","MENOR PRECO POR ITEM",2023-12-22,HOMOLOGADO," ","atasRegistroPrecos_7e06cc64-7a00-48e6-b706-2f3c27b28466.csv"," "," ",2023-10-30T09:00:00Z," ",2023-09-26,2023-10-30," ","despesas_abe6b5cd-109a-4ba8-bacc-7650a0b6e80a.csv","documentosRelacionados_fb2b9117-cfd0-41e8-8186-89f8a9bb6f7f.csv","compras@criciuma.sc.gov.br","empenhos_f3d55795-58cb-4410-9173-00b60a70c278.csv","Rua Domênico Sônego","Rua Domênico Sônego",SC,Licitação,2023-10-17T08:00:00Z,"itensVencedores_a6b9d167-5da4-4d75-ad18-52a356f26d1a.csv",INTERNET," "," "," ","participantes_c947ea43-0628-47fd-a10f-89781c402389.csv",SIM," ",2023-10-30T08:30:00Z,"Lei 14133/2021, Art. 28, I",4.176458084E7,1.577812014E7
"PREFEITURA MUNICIPAL DE CRICIUMA",39,2023,39,2023,2023-02-16,"O presente edital tem por objetivo o registro de preços de combustível (Gasolina Comum), em atendimento à diversas secretarias, diretorias, fundos e fundações do município de Criciúma/SC.","Pregão eletrônico","Compras e Serviços","MAIOR DESCONTO SOBRE TABELA",2023-03-07,HOMOLOGADO," ","atasRegistroPrecos_a92f8d96-1c26-4450-b021-7e3679b999fb.csv"," "," ",2023-03-06T09:00:00Z," ",2023-01-30,2023-03-06," ","despesas_ec257946-7115-4b2c-a711-f626c83495b8.csv","documentosRelacionados_7599a34e-d500-46bc-82f6-7c0414c53196.csv","compras@criciuma.sc.gov.br"," ","Rua Domênico Sônego","Rua Domênico Sônego",SC,Licitação,2023-02-16T08:00:00Z,"itensVencedores_e6068f15-264b-4b65-a072-84f972268a9b.csv",INTERNET," "," "," ","participantes_1f721d4a-c5a0-4991-9964-b2052eee59e0.csv",SIM," ",2023-03-06T09:00:00Z,"Lei 8666/1993, Art. 15, CAPUT",1869000,1869000
"PREFEITURA MUNICIPAL DE CRICIUMA",52,2023,52,2023,2023-03-01,"O presente edital tem por objetivo o registro de preços de drenos de concreto (NBR 8890/2003), em atendimento a implantação, ampliação e manutenção do sistema de drenagem pluvial do município de Criciúma/SC.","Pregão eletrônico","Compras e Serviços","MENOR PRECO POR ITEM",2023-03-29,HOMOLOGADO," ","atasRegistroPrecos_44124dea-421b-46eb-8ba6-1435538205ed.csv"," "," ",2023-03-16T09:00:00Z," ",2023-01-27,2023-03-16," ","despesas_f99ff951-9ae0-4350-b068-32167fa3fed0.csv","documentosRelacionados_9be3db25-6bbb-48f1-98d3-a8a8626e9a45.csv","compras@criciuma.sc.gov.br","empenhos_489dfea3-8ae6-4f62-a5f3-f8b6bc17e5c9.csv","Rua Domênico Sônego","Rua Domênico Sônego",SC,Licitação,2023-01-27T08:00:00Z,"itensVencedores_b746f400-b03e-4dd7-a98e-66e6fcc8feca.csv",INTERNET," "," "," ","participantes_481f5853-4047-46af-9c85-e730c7d2ba2c.csv",SIM," ",2023-03-16T09:00:00Z,"Lei 8666/1993, Art. 15, CAPUT",1578000,1186270
"PREFEITURA MUNICIPAL DE CRICIUMA",47,2023,47,2023,2023-02-27,"Contratação de empresa para confecção e manutenção, SOB DEMANDA, de caixas coletoras de águas pluviais, tipo boca-de-lobo, em ruas, avenidas, praças, parques, jardins e demais logradouros públicos no município de Criciúma-SC.","Tomada de preços","Compras e Serviços","MENOR PRECO",2023-05-08,HOMOLOGADO," "," "," ","contratos_ab7250b7-00ca-491f-9454-e1e288f61f11.csv",2023-03-15T08:00:00Z," ",2023-02-24,2023-03-15," "," ","documentosRelacionados_8163eeca-d59a-409a-a71d-35b6aeb0c08e.csv","compras@criciuma.sc.gov.br"," ","Rua Domênico Sônego","Rua Domênico Sônego",SC,Licitação,2023-03-15T08:00:00Z,"itensVencedores_fe729088-b84a-4838-9612-acffd20741eb.csv",INTERNET," "," "," ","participantes_e354b178-3ab0-4f9a-8c1e-bf2d6552249c.csv",NÃO," ",2023-03-15T08:00:00Z,"Lei 8666/1993, Art. 22, II",1626668.48,1010998
"PREFEITURA MUNICIPAL DE CRICIUMA",32,2023,32,2023,2023-02-15,"Registro de preços de peças e serviços para aquisições futuras, na RETIFICA DE BOMBAS E BICOS INJETORES PARA MOTORES A DIESEL nas linhas leves, utilitários/misto e caminhões e ônibus, pertencentes a frota oficial do município de Criciúma/SC.","Pregão presencial","Compras e Serviços","MAIOR DESCONTO SOBRE TABELA",2023-03-16,HOMOLOGADO," ","atasRegistroPrecos_551dd61c-87d2-4712-bf3a-6a69313fd9bf.csv"," "," ",2023-02-24T14:00:00Z," ",2023-01-19,2023-02-24," ","despesas_cea2bd0c-9abe-40ef-9214-18dac2b8c789.csv","documentosRelacionados_de2bb982-90eb-4286-8176-904b9a49b485.csv","compras@criciuma.sc.gov.br","empenhos_ad1e3fda-c895-4d18-ad55-c76922d48c2f.csv","Rua Domênico Sônego","Rua Domênico Sônego",SC,Licitação,2023-02-14T08:00:00Z,"itensVencedores_fdf577bb-546a-45ee-bf2d-0b60a4797651.csv",INTERNET," "," "," ","participantes_a2f338fb-31ed-4dbc-8f07-57122da897ec.csv",SIM," ",2023-02-24T14:00:00Z,"Lei 8666/1993, Art. 15, CAPUT",400000,400000.0
"PREFEITURA MUNICIPAL DE CRICIUMA",5,2023,5,2023,2023-01-16,"Contratação de empresa para fornecimento de produtos de higienização e limpeza, para a DELEGACIA REGIONAL DE POLÍCIA – 6ª CIRETRAN de Criciúma/SC, para o exercício de 2023.","Dispensa de licitação","Compras e Serviços","MENOR PRECO GLOBAL",2023-01-12,HOMOLOGADO," "," "," ","contratos_378af394-8f9c-4f97-be64-17d48c0def64.csv",2023-01-12T08:00:00Z," ",2023-01-12,2023-01-12," "," ","documentosRelacionados_ca9cbdca-f78c-4a9e-92b2-6fb6ced78da1.csv","compras@criciuma.sc.gov.br"," ","Rua Domênico Sônego","Rua Domênico Sônego",SC,Licitação,2023-01-12T08:00:00Z,"itensVencedores_158f52ed-30ba-4bbb-9707-56c9f45d40db.csv",INTERNET," "," "," ","participantes_a0bce842-6d97-42e8-9f8b-4130de727b40.csv",NÃO," ",2023-01-12T08:00:00Z,"Lei 8666/1993, Art. 17, I.a",17933.54,17018.6
"PREFEITURA MUNICIPAL DE CRICIUMA",43,2023,43,2023,2023-02-23,"Contratação de empresa especializada para elaboração de projetos de engenharia (complementares) para construção de um prédio que abrigará a nova sede da CÂMARA MUNICIPAL DE CRICIÚMA, com área total de 4.746,20m², a ser edificado na avenida Santos Dumont - bairro Pinheirinho, Município de Criciúma/SC.","Tomada de preços","Compras e Serviços","MENOR PRECO GLOBAL",2023-04-11,HOMOLOGADO," "," "," ","contratos_9eb52147-a13b-4287-aae4-d7820f596aa9.csv",2023-03-14T09:00:00Z," ",2022-11-29,2023-03-14," "," ","documentosRelacionados_3ce4528a-8e04-4cf8-bae3-108e2e4fa606.csv","compras@criciuma.sc.gov.br"," ","Rua Domênico Sônego","Rua Domênico Sônego",SC,Licitação,2022-11-29T08:00:00Z,"itensVencedores_401b2c56-7eb4-42e4-b739-06a71cbd5626.csv",INTERNET," "," "," ","participantes_f80e8d51-1f84-49d6-81c6-895e2c075594.csv",NÃO," ",2023-03-14T09:00:00Z,"Lei 8666/1993, Art. 22, II",226108.96,101758.53
"PREFEITURA MUNICIPAL DE CRICIUMA",35,2023,35,2023,2023-02-15,"O presente edital tem como objetivo o registro de preços de peças e serviços para aquisições futuras, na manutenção e retificação de bombas e bicos injetores para motores a diesel dos equipamentos rodoviários do município de Criciúma/SC.","Pregão presencial","Compras e Serviços","MAIOR DESCONTO SOBRE TABELA",2023-03-02,HOMOLOGADO," ","atasRegistroPrecos_577960f3-f784-4a31-a0d9-6d26f97bfa69.csv"," "," ",2023-02-28T14:00:00Z," ",2023-01-18,2023-02-28," ","despesas_adb8d91e-6bc7-494d-9e66-8369d315f95a.csv","documentosRelacionados_c588e6e4-4d4e-4b8c-86e9-7c5bc7c07c10.csv","compras@criciuma.sc.gov.br","empenhos_dc562383-40fa-49e6-bb8f-77b5502f0762.csv","Rua Domênico Sônego","Rua Domênico Sônego",SC,Licitação,2023-02-14T14:00:00Z,"itensVencedores_e2a25196-bd5b-488c-a499-b34a1d1a565f.csv",INTERNET," "," "," ","participantes_b1684b2a-4c2b-4e96-9dfb-2238f4643c9e.csv",SIM," ",2023-02-28T14:00:00Z,"Lei 8666/1993, Art. 15, CAPUT",400000,400000.0
"PREFEITURA MUNICIPAL DE CRICIUMA",17,2023,17,2023,2023-01-26,"O presente edital tem por objetivo o registro de preços de gêneros alimentícios para a alimentação escolar, em atendimento aos alunos das escolas da Rede Municipal de Ensino e entidades filantrópicas conveniadas de Criciúma/SC, consoante a resolução FNDE nº 06/2020 e suas alterações.","Pregão eletrônico","Compras e Serviços","MENOR PRECO POR ITEM",2023-04-05,HOMOLOGADO," ","atasRegistroPrecos_b9165f8c-4327-4269-a499-c4493de84af8.csv"," "," ",2023-02-06T09:00:00Z," ",2022-12-20,2023-02-06," ","despesas_a788cdc9-5b78-4871-8480-52157c400e53.csv","documentosRelacionados_68cf7da6-f827-468d-9cb9-f48fd6bd59be.csv","compras@criciuma.sc.gov.br","empenhos_c9b989ee-3ab1-4918-b390-bebbbc6cf397.csv","Rua Domênico Sônego","Rua Domênico Sônego",SC,Licitação,2023-01-26T08:00:00Z,"itensVencedores_9c17ba93-5053-4232-b9e4-de056846eb9a.csv",INTERNET," "," "," ","participantes_f8e684ce-276c-48e3-b47c-a838dffee3fa.csv",SIM," ",2023-02-06T09:00:00Z,"Lei 8666/1993, Art. 15, CAPUT",1.014781616E7,9425695.57
"PREFEITURA MUNICIPAL DE CRICIUMA",42,2023,42,2023,2023-02-17,"Registro de preço de peças e serviços para aquisições futuras, na manutenção preventiva e corretiva (mecânica, elétrica e funilaria) das motocicletas pertencentes a frota municipal do Município de Criciúma/SC.","Pregão presencial","Compras e Serviços","MAIOR DESCONTO SOBRE TABELA",2023-03-10,HOMOLOGADO," ","atasRegistroPrecos_8d1e51da-8954-4847-afd1-881f8da33b1b.csv"," "," ",2023-03-09T14:00:00Z," ",2023-02-02,2023-03-09," ","despesas_41063fad-289b-4f92-a010-3f28f11b0f7a.csv","documentosRelacionados_483db121-4f7f-4c94-9b36-c598f72b4ffb.csv","compras@criciuma.sc.gov.br","empenhos_a6f252d9-697f-470f-bed3-b0a6f8fd2594.csv","Rua Domênico Sônego","Rua Domênico Sônego",SC,Licitação,2023-02-02T08:00:00Z,"itensVencedores_546c787a-1990-4e90-b169-a827436c95ec.csv",INTERNET," "," "," ","participantes_f0156e20-14c0-46f5-8944-2cc469257145.csv",SIM," ",2023-03-09T14:00:00Z,"Lei 8666/1993, Art. 15, CAPUT",200000,200000.0
"PREFEITURA MUNICIPAL DE CRICIUMA",37,2023,37,2023,2023-02-14,"O presente edital tem por objetivo a aquisição toners e cartuchos de impressão, ambos originais e novos (primeiro uso), com vistas a atender as Secretarias da Administração Municipal de Criciúma/SC.","Pregão presencial","Compras e Serviços","MENOR PRECO POR ITEM"," ",REVOGADO," "," "," "," ",2023-03-03T14:00:00Z," ",2023-01-12,2023-03-03,2023-03-03," ","documentosRelacionados_22751d59-b3e9-4e1c-a574-b03dbec1d63f.csv","compras@criciuma.sc.gov.br"," ","Rua Domênico Sônego","Rua Domênico Sônego",SC,Licitação,2023-02-16T08:00:00Z," ",MURAL_PUBLICO," ","Razões de Interesse Público"," "," ",NÃO," ",2023-03-03T14:00:00Z,"Lei 8666/1993, Art. 15, CAPUT",153590.3," "
"PREFEITURA MUNICIPAL DE CRICIUMA",2,2023,2,2023,2023-01-10,"Contração de empresa especializada para prestação de serviços relacionados a manutenção preventiva e corretiva com fornecimento dos materiais e equipamentos necessários, no que tange redes lógicas, CFTV, telefonia, portões eletrônicos e sistemas de segurança da sede da CIRETRAN e das Unidades Policiais da Policia Civil de Criciúma/SC. (Convênio: PMC SSP TRÂNSITO DA POLICIA CIVIL).","Pregão presencial","Compras e Serviços","MENOR PRECO GLOBAL",2023-01-24,HOMOLOGADO," "," "," ","contratos_06cf6ebe-698b-4d29-8469-70d458b9abf6.csv",2023-01-23T09:00:00Z," ",2023-01-10,2023-01-23," "," ","documentosRelacionados_21f664c2-684c-4f65-a227-d39ed2beb2f9.csv","compras@criciuma.sc.gov.br"," ","Rua Domênico Sônego","Rua Domênico Sônego",SC,Licitação,2023-01-10T08:00:00Z,"itensVencedores_7c902216-8dcc-40cb-bcbb-b3372e9edab6.csv",MURAL_PUBLICO," "," "," ","participantes_d0cd1ab3-2b28-4441-9770-44539fee792e.csv",NÃO," ",2023-01-23T09:00:00Z,"Lei 8666/1993, Art. 15, CAPUT",183600,118000
"PREFEITURA MUNICIPAL DE CRICIUMA",48,2023,48,2023,2023-03-10,"Contratação de empresa especializada para realizar a execução de serviços de limpeza manual e mecânica com remoção de material de descarte de rios, córregos e canais, localizados no município de Criciúma - SC.","Tomada de preços","Compras e Serviços","MENOR PRECO GLOBAL"," ",REVOGADO," "," "," "," ",2023-03-15T14:00:00Z," ",2022-12-27,2023-03-15,2023-03-27," ","documentosRelacionados_9f6cb22f-8fdb-4959-a2dd-90af2ca36778.csv","compras@criciuma.sc.gov.br"," ","Rua Domênico Sônego","Rua Domênico Sônego",SC,Licitação,2022-12-27T08:00:00Z,"itensVencedores_f262dc1a-d35f-4e90-bafe-58568754dd90.csv",INTERNET," ","Razões de Interesse Público"," ","participantes_b99a4221-6239-4d8e-956d-e68d5b6cee15.csv",NÃO," ",2023-03-15T14:00:00Z,"Lei 8666/1993, Art. 22, II",599070.4,418091
"PREFEITURA MUNICIPAL DE CRICIUMA",22,2023,22,2023,2023-01-31,"Registro de preços para execução, SOB DEMANDA, de serviços de manutenção de equipamentos com motor a gasolina (roçadeira costal, motosserra, máquina de corte de asfalto, soprador, gerador, placa vibratória, perfurador de solo), pertencentes ao patrimônio do município de Criciúma/SC.","Pregão presencial","Compras e Serviços","MENOR PREÇO GLOBAL POR LOTE",2023-03-02,HOMOLOGADO," ","atasRegistroPrecos_ae58e4bd-9634-42c1-9ce8-a44acf115a8d.csv"," "," ",2023-02-16T14:00:00Z," ",2022-11-21,2023-02-16," ","despesas_4deade9b-f65c-4ec2-b5cb-d5c20f991df5.csv","documentosRelacionados_4cf56b11-db66-4c2f-8968-27b7e4d1a5a0.csv","compras@criciuma.sc.gov.br","empenhos_8ff531c6-8084-40a1-96f0-1cc46cad8066.csv","Rua Domênico Sônego","Rua Domênico Sônego",SC,Licitação,2023-02-02T08:00:00Z,"itensVencedores_431869d2-9d12-42e4-8cc8-c0281977563a.csv",MURAL_PUBLICO," "," "," ","participantes_f34d7ad7-7cc8-4786-a412-ca8261f2b863.csv",SIM," ",2023-02-16T14:00:00Z,"Lei 8666/1993, Art. 15, CAPUT",161458.45,156310.94
"PREFEITURA MUNICIPAL DE CRICIUMA",23,2023,23,2023,2023-01-31,"Registro de preços de peças e serviços para aquisições futuras, na manutenção mecânica da frota de veículos leves, pertencentes ao município de Criciúma/SC.","Pregão presencial","Compras e Serviços","MAIOR DESCONTO SOBRE TABELA",2023-02-24,HOMOLOGADO," ","atasRegistroPrecos_68ffe21e-8179-431a-b998-1512dc938bfc.csv"," "," ",2023-02-17T14:00:00Z," ",2022-11-24,2023-02-17," ","despesas_fc741eea-56bf-4c25-8fed-f61ee27d995a.csv","documentosRelacionados_fdf15701-d53b-43e5-b612-0b95306e1709.csv","compras@criciuma.sc.gov.br","empenhos_50e2a172-c45a-4a0c-83be-b6af6e8ef841.csv","Rua Domênico Sônego","Rua Domênico Sônego",SC,Licitação,2023-02-02T16:00:00Z,"itensVencedores_38ffbd69-3acb-4ef2-9213-9bdf50e043dc.csv",MURAL_PUBLICO," "," "," ","participantes_3d3eb72b-b47a-425d-b035-a6eb3e1a5c58.csv",SIM," ",2023-02-17T14:00:00Z,"Lei 8666/1993, Art. 15, CAPUT",700000.84,700000.84
"PREFEITURA MUNICIPAL DE CRICIUMA",51,2023,51,2023,2023-02-28,"Contratação de empresa do ramo pertinente para execução e manutenção, SOB DEMANDA, dos serviços necessários à realização de assentamento de meio-fio de concreto pré-moldado em vias urbanas com revestimento asfáltico ou blocos de concreto, praças, parques, jardins e demais logradouros públicos no município de Criciúma-SC.","Tomada de preços","Compras e Serviços","MENOR PRECO GLOBAL",2023-04-24,HOMOLOGADO," "," "," ","contratos_feb12439-8868-4429-90ac-0fa7e054719e.csv",2023-03-17T14:00:00Z," ",2023-01-05,2023-03-17," "," ","documentosRelacionados_45f0c6d2-f22b-48a6-9b1d-0676dd73f051.csv","compras@criciuma.sc.gov.br"," ","Rua Domênico Sônego","Rua Domênico Sônego",SC,Licitação,2023-01-05T08:00:00Z,"itensVencedores_8b8a42b7-5f99-4cb3-acec-169d306fc002.csv",INTERNET," "," "," ","participantes_5b1b96cd-989c-4841-9a63-58ca202f2993.csv",NÃO," ",2023-03-17T14:00:00Z,"Lei 8666/1993, Art. 22, II",4990333.21,1042600
"PREFEITURA MUNICIPAL DE CRICIUMA",81,2023,81,2023,2023-03-28,"O presente edital tem por objetivo a contratação de empresa especializada para fornecimento e instalação de defensas metálicas galvanizadas, a serem nas vias do município de Criciúma/SC.","Pregão presencial","Compras e Serviços","MENOR PRECO GLOBAL",2023-04-17,HOMOLOGADO," ","atasRegistroPrecos_a0d3f858-2a6d-430a-97be-115b89dd6ad2.csv"," "," ",2023-04-17T09:00:00Z," ",2023-03-20,2023-04-17," ","despesas_36df53d1-ca73-4373-905a-f80fc9f5c4b2.csv","documentosRelacionados_f117d0fa-b4e8-4aae-87f9-a11ff88a872c.csv","compras@criciuma.sc.gov.br","empenhos_9e3320eb-74fd-4989-b195-d6fcbb716fd0.csv","Rua Domênico Sônego","Rua Domênico Sônego",SC,Licitação,2023-03-29T08:00:00Z,"itensVencedores_728b43bf-e8d8-4b71-a5e0-39f548c1c025.csv",MURAL_PUBLICO," "," "," ","participantes_e44217bd-6a27-4c72-911b-c61b52faa7e8.csv",SIM," ",2023-04-17T09:00:00Z,"Lei 8666/1993, Art. 15, CAPUT",661625,389000
"PREFEITURA MUNICIPAL DE CRICIUMA",53,2023,53,2023,2023-03-03,"Contratação de empresa do ramo pertinente para execução dos serviços necessários à realização das obras de implantação de pavimentação asfáltica e com blocos de concreto (lajotas) em 14 (quatorze) ruas do BAIRRO QUARTA LINHA/LOTEAMENTO SOL NASCENTE - Município de Criciúma-SC.  CONVÊNIO: CONTRATO FINISA Nº 0603768-52)",Concorrência,"Compras e Serviços","MENOR PRECO",2023-05-11,HOMOLOGADO," "," "," ","contratos_ac5b7525-e629-42c6-b584-b231219d5531.csv",2023-05-09T14:00:00Z," ",2023-02-16,2023-05-09," "," ","documentosRelacionados_b1798f63-2a34-42a4-9428-14aaf771d0d8.csv","compras@criciuma.sc.gov.br"," ","Rua Domênico Sônego","Rua Domênico Sônego",SC,Licitação,2023-02-28T08:00:00Z,"itensVencedores_1d127e3d-9968-4907-a19d-c370e057e27a.csv",INTERNET," "," "," ","participantes_8e3d4ed6-3446-4cb5-8b4a-33aaabd9005f.csv",NÃO," ",2023-05-09T14:00:00Z,"Lei 8666/1993, Art. 15, CAPUT",6572602.67,5980834.22
"PREFEITURA MUNICIPAL DE CRICIUMA",140,2023,140,2023,2023-06-07,"Contratação de empresa do ramo pertinente para execução SOB DEMANDA, dos serviços necessários a realização das obras de reforma, troca parcial ou total dos telhados e, adequação, compatibilização ou substituição das  instalações elétricas prediais, nas unidades escolares e demais equipamentos vinculados da rede municipal de ensino de Criciúma-SC.",Concorrência,"Compras e Serviços","MENOR PRECO GLOBAL",2023-08-11,HOMOLOGADO," "," "," ","contratos_01435f4c-de1e-417b-9be8-ada69a0c7b41.csv",2023-07-12T14:00:00Z," ",2023-04-26,2023-07-12," "," ","documentosRelacionados_69cc0bf3-787b-4404-9eb0-89a8a63836b0.csv","compras@criciuma.sc.gov.br"," ","Rua Domênico Sônego","Rua Domênico Sônego",SC,Licitação,2023-04-26T08:00:00Z,"itensVencedores_1a9fe9b8-c1c5-44ad-944a-bf29c29ca1b2.csv",INTERNET," "," "," ","participantes_d2cb14f3-e27b-4bf5-86f7-72cc74e06623.csv",NÃO," ",2023-07-12T14:00:00Z,"Lei 8666/1993, Art. 15, CAPUT",7688551.55,4883154.25
"PREFEITURA MUNICIPAL DE CRICIUMA",13,2023,13,2023,2023-01-23,"Contratação de serviços de publicidade prestados por intermédio de 04 (quatro) agências de propaganda para atender a Administração Direta (Governo Central), Secretaria Municipal de Educação, Fundo Municipal de Saúde-FMS, Fundações de Cultura - FCC e de Esportes - FME, Fundo Municipal de Assistência Social - FMAS e Fundo do Saneamento Básico -FUNSAB.",Concorrência,"Compras e Serviços","MENOR PRECO",2023-05-26,HOMOLOGADO," "," "," ","contratos_50079736-ca46-463a-9f1b-2fe90a871787.csv",2023-02-14T14:00:00Z," ",2023-01-19,2023-02-14," "," ","documentosRelacionados_33e69496-63ca-4233-a074-278b16ed4800.csv","compras@criciuma.sc.gov.br"," ","Rua Domênico Sônego","Rua Domênico Sônego",SC,Licitação,2023-01-19T08:00:00Z,"itensVencedores_83d91c6e-3c4c-4652-a71e-a2c36fe6404c.csv",INTERNET," "," "," ","participantes_3a151a77-4617-408f-bc5a-3a574be5954c.csv",NÃO," ",2023-02-14T14:00:00Z,"Lei 8666/1993, Art. 15, CAPUT",6080000,6080000
"PREFEITURA MUNICIPAL DE CRICIUMA",64,2023,64,2023,2023-03-23,"O presente edital tem por objetivo o a aquisição de abrigos metálicos de ponto de ônibus, em atendimento a Diretoria de Trânsito e Transportes do município de Criciúma/SC.","Pregão presencial","Compras e Serviços","MENOR PRECO GLOBAL",2023-04-11,HOMOLOGADO," "," "," ","contratos_8c67739e-67d7-4412-9411-1eae8ddc4a2b.csv",2023-04-06T09:00:00Z," ",2023-02-28,2023-04-06," "," ","documentosRelacionados_e0803291-a77e-4695-bcf4-83f9630e42eb.csv","compras@criciuma.sc.gov.br"," ","Rua Domênico Sônego","Rua Domênico Sônego",SC,Licitação,2023-02-28T08:00:00Z,"itensVencedores_383af4bb-185f-4324-939f-2f020c81baa9.csv",INTERNET," "," "," ","participantes_bcc01d0a-00b6-4a6a-9b99-c8a0ce3b90a6.csv",NÃO," ",2023-04-06T09:00:00Z,"Lei 8666/1993, Art. 15, CAPUT",508000,435000.0
"PREFEITURA MUNICIPAL DE CRICIUMA",121,2023,121,2023,2023-05-24,"O presente edital tem por objetivo a contratação de empresa especializada para instalação de concertina, sob demanda com fornecimento de material para a extensão de muros de alvenaria e gradis dos diversos prédios pertencentes e sob a responsabilidade da Secretaria Municipal de Educação de Criciúma/SC.","Pregão presencial","Compras e Serviços","MENOR PRECO GLOBAL",2023-06-29,HOMOLOGADO," "," "," ","contratos_0ba823ac-25a5-4edf-bf1b-4fc4e0604294.csv",2023-05-29T14:00:00Z," ",2023-04-27,2023-05-29," "," ","documentosRelacionados_a1617527-5d72-4e4d-8f53-30aef78e35dc.csv","compras@criciuma.sc.gov.br"," ","Rua Domênico Sônego","Rua Domênico Sônego",SC,Licitação,2023-04-27T08:00:00Z,"itensVencedores_091409d7-a8b5-4c40-a97f-62b1c6f8ec2f.csv",INTERNET," "," "," ","participantes_42d54c03-e877-4062-b3fa-b087bdd1a2b6.csv",NÃO," ",2023-05-29T14:00:00Z,"Lei 8666/1993, Art. 15, CAPUT",2100240,999999.99
"PREFEITURA MUNICIPAL DE CRICIUMA",162,2023,162,2023,2023-07-03,"Registro de preços de peças e serviços para aquisições futuras, na manutenção elétrica da frota de veículos leves, caminhões e ônibus das Secretarias, Fundos e Fundações do município de Criciúma/SC.","Pregão presencial","Compras e Serviços","MAIOR DESCONTO SOBRE TABELA",2023-07-26,HOMOLOGADO," ","atasRegistroPrecos_4ec41782-adc8-40c2-8ec4-7083a7f9d6df.csv"," "," ",2023-07-17T14:00:00Z," ",2023-06-14,2023-07-17," ","despesas_8842c1b0-f1b5-4d63-bf88-fca7db3e2b01.csv","documentosRelacionados_43cb7b61-5c02-4ea2-bf74-286bf26f912d.csv","compras@criciuma.sc.gov.br","empenhos_58e779fb-6fbf-4cd5-acce-3b0229ece708.csv","Rua Domênico Sônego","Rua Domênico Sônego",SC,Licitação,2023-06-14T08:00:00Z,"itensVencedores_b0dace2b-6b97-4a44-ab6e-021888e2aea8.csv",MURAL_PUBLICO," "," "," ","participantes_1dcdfdc9-47dc-40f4-82d1-7c99cf61aa28.csv",SIM," ",2023-07-17T14:00:00Z,"Lei 8666/1993, Art. 15, CAPUT",650000,650000.0
"PREFEITURA MUNICIPAL DE CRICIUMA",187,2023,187,2023,2023-07-18,"Contratação de empresa do ramo pertinente, para execução dos serviços necessários à realização das obras de construção em container, de um de depósito, administração e conveniência,  no Parque Astronômico Albert Einstein, localizado no bairro Cruzeiro do Sul, município de Criciúma – SC.","Tomada de preços","Compras e Serviços","MENOR PRECO",2023-08-17,HOMOLOGADO," "," "," ","contratos_dca30bc0-fd08-4bcd-bb1f-fa30bc8baa6c.csv",2023-08-03T14:00:00Z," ",2023-06-14,2023-08-03," "," ","documentosRelacionados_3fe1606e-58a6-4e47-9889-da42e85a1231.csv","compras@criciuma.sc.gov.br"," ","Rua Domênico Sônego","Rua Domênico Sônego",SC,Licitação,2023-06-14T08:00:00Z,"itensVencedores_876e18e8-1135-4cb7-aba6-63ab64be142d.csv",INTERNET," "," "," ","participantes_ad1dd13c-ab63-45bb-9c6e-93078945d256.csv",NÃO," ",2023-08-03T14:00:00Z,"Lei 8666/1993, Art. 22, II",344185.75,329222.89
"PREFEITURA MUNICIPAL DE CRICIUMA",199,2023,199,2023,2023-07-27,"O presente edital tem por objetivo a contratação de empresa para o fornecimento e instalação de mobiliário escolar e corporativo, em atendimento as demandas da Secretaria Municipal de Educação do município de Criciúma/SC.","Pregão presencial","Compras e Serviços","MENOR PRECO POR ITEM",2023-12-01,HOMOLOGADO," "," "," ","contratos_8fc09c0f-e39c-4447-aa88-bdb0f812569e.csv",2023-08-09T09:00:00Z," ",2023-07-10,2023-08-09," "," ","documentosRelacionados_3c7dbfd9-74df-4b68-b40a-8b645a75fcea.csv","compras@criciuma.sc.gov.br"," ","Rua Domênico Sônego","Rua Domênico Sônego",SC,Licitação,2023-07-26T08:00:00Z,"itensVencedores_74b02215-bd1e-44f7-aed0-46962d3772ad.csv",INTERNET," "," "," ","participantes_d443f683-3853-40f1-b0d7-cbd4eba67963.csv",NÃO," ",2023-08-09T09:00:00Z,"Lei 8666/1993, Art. 15, CAPUT",4319399.36,2355990
"PREFEITURA MUNICIPAL DE CRICIUMA",57,2023,57,2023,2023-03-09,"O presente edital tem por objetivo o registro de preços para fornecimento de cargas de gás e aquisição de Casco de gás (GLP P-5, P-13 E P-45), em atendimento a Administração do Município, Escolas da Rede Municipal de Ensino, Fundo Municipal de Saúde e Fundo Municipal de Assistência Social de Criciúma/SC.","Pregão presencial","Compras e Serviços","MENOR PRECO POR ITEM",2023-03-24,HOMOLOGADO," ","atasRegistroPrecos_630251a3-b9f4-4400-9dba-50d82d64db60.csv"," "," ",2023-03-23T14:00:00Z," ",2023-02-13,2023-03-23," ","despesas_1ae06f89-dcf2-4b36-89d5-6380de733563.csv","documentosRelacionados_b2e6ad12-024b-4f31-831a-a7717f23d361.csv","compras@criciuma.sc.gov.br","empenhos_66ada791-7bb4-454e-920e-8ab45aa81fbc.csv","Rua Domênico Sônego","Rua Domênico Sônego",SC,Licitação,2023-02-13T08:00:00Z,"itensVencedores_496863e3-a471-4b50-ba69-21a7faf71697.csv",MURAL_PUBLICO," "," "," ","participantes_6c2a9518-77bd-4a4b-8776-3d04ef0f9e52.csv",SIM," ",2023-03-23T14:00:00Z,"Lei 8666/1993, Art. 15, CAPUT",995052.5,675192.28
"PREFEITURA MUNICIPAL DE CRICIUMA",63,2023,63,2023,2023-03-20,"O presente edital tem por objetivo o registro de preços de vinis refletivos e de grau de engenharia para o setor de sinalização, em atendimento a Diretoria de Trânsito e Transportes do município de Criciúma/SC.","Pregão presencial","Compras e Serviços","MENOR PRECO GLOBAL",2023-04-05,HOMOLOGADO," ","atasRegistroPrecos_8220e2be-0032-4d9e-90f3-1516488e3a5c.csv"," "," ",2023-04-05T14:00:00Z," ",2023-03-03,2023-04-05," ","despesas_80bb70e5-3031-43ae-ab37-807c00fccc7c.csv","documentosRelacionados_2d9f5411-ff38-4017-9ffb-72d6c2fedc36.csv","compras@criciuma.sc.gov.br","empenhos_149c191a-6c78-41dd-af15-90a2f12d0a93.csv","Rua Domênico Sônego","Rua Domênico Sônego",SC,Licitação,2023-03-22T08:00:00Z,"itensVencedores_5ed0206e-07a8-4ba5-bb73-6a6f05c38f34.csv",INTERNET," "," "," ","participantes_75826ff2-d3ed-41bb-b7d2-aaa2a535120c.csv",SIM," ",2023-04-05T14:00:00Z,"Lei 8666/1993, Art. 15, CAPUT",148620,81000.0
"PREFEITURA MUNICIPAL DE CRICIUMA",141,2023,141,2023,2023-06-13,"O presente edital tem por objetivo o registro de preços de produtos de padaria e confeitaria para eventos, em atendimento as necessidades da Secretaria Municipal de Educação de Criciúma/SC.","Pregão presencial","Compras e Serviços","MENOR PRECO POR ITEM",2023-06-27,HOMOLOGADO," ","atasRegistroPrecos_e1a97236-9d01-4696-bff8-fa6530493a90.csv"," "," ",2023-06-23T14:00:00Z," ",2023-04-25,2023-06-23," ","despesas_83f40d32-baaf-4e89-9f61-39477aa52f80.csv","documentosRelacionados_adf1d5b5-d423-4130-9305-59f54383b194.csv","compras@criciuma.sc.gov.br","empenhos_92c9453a-abee-45e0-a645-e9183f38c198.csv","Rua Domênico Sônego","Rua Domênico Sônego",SC,Licitação,2023-04-25T08:00:00Z,"itensVencedores_c4b08935-d1dd-4052-88b3-c1fe1bc2c2ae.csv",INTERNET," "," "," ","participantes_5b1cc579-c545-46d5-9183-69cea3bed163.csv",SIM," ",2023-06-23T14:00:00Z,"Lei 8666/1993, Art. 15, CAPUT",419136.7,411182.89
"PREFEITURA MUNICIPAL DE CRICIUMA",211,2023,211,2023,2023-08-08,"Contratação de empresa do ramo pertinente para execução dos serviços necessários à realização das obras de revitalização da PRAÇA ABELLE COLLE, localizada no bairro Comerciário - Município de Criciúma-SC. Convênio: Emenda de Transferência Especial Nº 09032023-037199.","Tomada de preços","Compras e Serviços","MENOR PRECO GLOBAL",2023-09-26,HOMOLOGADO," "," "," ","contratos_016df758-3689-4ea9-8e85-ec7ac4319877.csv",2023-08-25T14:00:00Z," ",2023-07-12,2023-08-25," "," ","documentosRelacionados_cfb1800e-1c40-45c2-8971-2a1bef18cfba.csv","compras@criciuma.sc.gov.br"," ","Rua Domênico Sônego","Rua Domênico Sônego",SC,Licitação,2023-07-12T08:00:00Z,"itensVencedores_dc216b54-f56d-476d-ba21-d6961db02e9c.csv",INTERNET," "," "," ","participantes_be2c2ac6-16bf-413f-ab3d-9f2b04398729.csv",NÃO," ",2023-08-25T14:00:00Z,"Lei 8666/1993, Art. 22, II",785975.52,601306.38
"PREFEITURA MUNICIPAL DE CRICIUMA",194,2023,194,2023,2023-07-25,"Contratação de empresa do ramo pertinente, para execução de forma contínua e sob demanda, de serviços de limpeza, desobstrução e manutenção do sistema de drenagem urbana, das bocas de lobo, das caixas de ligação e dos poços de visita, bem como a coleta e destinação final dos entulhos/lixos e restos de materiais oriundos dos trabalhos realizados.","Tomada de Preço","Compras e Serviços","MENOR PRECO",2023-09-14,HOMOLOGADO," "," "," ","contratos_d42c6fdc-9f50-4485-a70d-a0bca3522803.csv",2023-08-21T14:00:00Z," ",2023-05-17,2023-08-21," "," ","documentosRelacionados_067b95dc-ce40-4e41-b806-76aa1cd311f4.csv","compras@criciuma.sc.gov.br"," ","Rua Domênico Sônego","Rua Domênico Sônego",SC,Licitação,2023-05-17T14:00:00Z,"itensVencedores_2b2af208-6792-46a3-9565-5cba4d932ed2.csv",INTERNET," "," "," ","participantes_63b4208f-fe13-4147-b22a-ce1b0417ac7d.csv",NÃO," ",2023-08-21T14:00:00Z,"Lei 8666/1993, Art. 22, II",1058400,624000
"PREFEITURA MUNICIPAL DE CRICIUMA",198,2023,198,2023,2023-07-28,"Contratação de empresa do ramo pertinente, para execução dos serviços necessários à fabricação e instalação sob demanda, de guarda-corpo em pontes e escadarias urbanas no Município de Criciúma-SC.","Tomada de preços","Compras e Serviços","MENOR PRECO GLOBAL",2023-09-27,HOMOLOGADO," "," "," ","contratos_540471bf-d43a-4f0c-b4a0-177f60fd28f7.csv",2023-08-15T14:00:00Z," ",2023-06-13,2023-08-15," "," ","documentosRelacionados_fd3daa66-04df-4640-8f02-c7af0128f221.csv","compras@criciuma.sc.gov.br"," ","Rua Domênico Sônego","Rua Domênico Sônego",SC,Licitação,2023-06-13T08:00:00Z,"itensVencedores_b51e175b-65ec-4fe2-9ba0-1fd7a03770ed.csv",INTERNET," "," "," ","participantes_22192160-083a-4f0e-ab0a-c8aec4ff3163.csv",NÃO," ",2023-08-15T14:00:00Z,"Lei 8666/1993, Art. 22, II",529351,316147
"PREFEITURA MUNICIPAL DE CRICIUMA",197,2023,197,2023,2023-07-27,"Contratação de empresa do ramo pertinente, para execução dos serviços necessários à realização das obras de implantação de pavimentação asfáltica e com blocos de concreto (lajotas) em 09 (nove) ruas do BAIRRO PRIMEIRA LINHA - PONTILHÃO - Município de Criciúma-SC.  CONVÊNIO: CONTRATO FINISA Nº 0603768-52)","Tomada de Preço","Compras e Serviços","MENOR PRECO",2023-08-23,HOMOLOGADO," "," "," ","contratos_391655ad-4ea9-4930-8fdd-1984fc1ea943.csv",2023-08-14T14:00:00Z," ",2023-07-14,2023-08-14," "," ","documentosRelacionados_4a7e2dd8-6b18-489a-9885-56a8d42525f6.csv","compras@criciuma.sc.gov.br"," ","Rua Domênico Sônego","Rua Domênico Sônego",SC,Licitação,2023-07-14T08:00:00Z,"itensVencedores_9916c1e8-4af2-41ad-9d7d-a3e744160331.csv",INTERNET," "," "," ","participantes_8dd91f1a-e923-419f-b039-13e4d3151ffc.csv",NÃO," ",2023-08-14T14:00:00Z,"Lei 8666/1993, Art. 22, II",2440229.63,2239237.23
"PREFEITURA MUNICIPAL DE CRICIUMA",134,2023,134,2023,2023-06-05,"Registro de preço para aquisições futuras de materiais de educação física para uso nas escolas da Rede Municipal de Ensino de Criciúma – SC., atendendo as demandas da Secretaria Municipal de Educação.","Pregão presencial","Compras e Serviços","MENOR PRECO POR ITEM",2023-07-17,HOMOLOGADO," ","atasRegistroPrecos_852749ae-297a-414d-8c5d-c1620be625c9.csv"," "," ",2023-06-21T09:00:00Z," ",2023-04-24,2023-06-21," ","despesas_c35d99cd-fb5a-41b7-9a59-c343a5f75bdd.csv","documentosRelacionados_ce5c19aa-de48-43e5-a41c-3a38963ae53e.csv","compras@criciuma.sc.gov.br","empenhos_41db1f6d-9ef3-4513-8010-3055fea7a857.csv","Rua Domênico Sônego","Rua Domênico Sônego",SC,Licitação,2023-04-24T08:00:00Z,"itensVencedores_46015e56-54f1-4d06-9436-11ddc073094c.csv",INTERNET," "," "," ","participantes_529434c8-9601-4826-8f62-e257a9edf1d9.csv",SIM," ",2023-06-21T09:00:00Z,"Lei 8666/1993, Art. 15, CAPUT",965472.75,933730.2
"PREFEITURA MUNICIPAL DE CRICIUMA",156,2023,156,2023,2023-07-22,"O presente edital tem por objetivo o registro de preços de utensílios de cozinha e equipamentos   diversos para uso nas unidades escolares da Rede Municipal de Ensino de Criciúma/SC.","Pregão presencial","Compras e Serviços","MENOR PRECO POR ITEM",2023-08-07,HOMOLOGADO," ","atasRegistroPrecos_d7065e42-dc88-4511-837e-721c7c0b27b8.csv"," "," ",2023-07-06T09:00:00Z," ",2023-05-22,2023-07-06," ","despesas_ffe9a712-6a2a-4260-89b3-9800071510c8.csv","documentosRelacionados_5c9d63eb-6621-4d3a-b1fd-1ab0f37c45c0.csv","compras@criciuma.sc.gov.br","empenhos_f9feb447-7177-4729-87a2-e269a4409542.csv","Rua Domênico Sônego","Rua Domênico Sônego",SC,Licitação,2023-05-22T08:00:00Z,"itensVencedores_394d47f3-6173-416e-b795-a6e3dd87229e.csv",INTERNET," "," "," ","participantes_574d9a56-3f72-45ad-b939-2e9e7b0169be.csv",SIM," ",2023-07-06T09:00:00Z,"Lei 8666/1993, Art. 15, CAPUT",1139854.3,609106.0
"PREFEITURA MUNICIPAL DE CRICIUMA",176,2023,176,2023,2023-07-07,"Contratação de empresa do ramo pertinente para execução dos serviços necessários à conclusão das obras de construção da cancha de bocha no Parque dos Imigrantes, localizado no Distrito de Rio Maina, Município de Criciúma-SC. (REPASSE CAIXA ECONOMICA FEDERAL Nº 862994/2017)","Tomada de preços","Compras e Serviços","MENOR PRECO",2023-08-02,HOMOLOGADO," "," "," ","contratos_32371493-69a0-494d-b95d-36386c847732.csv",2023-07-26T14:00:00Z," ",2023-06-26,2023-07-26," "," ","documentosRelacionados_92872b6c-ca5e-49a4-b088-dcc47b8c5578.csv","compras@criciuma.sc.gov.br"," ","Rua Domênico Sônego","Rua Domênico Sônego",SC,Licitação,2023-06-26T08:00:00Z,"itensVencedores_862bbfc1-faeb-4cad-acba-0105e5f5d9e1.csv",INTERNET," "," "," ","participantes_f80dde32-ce61-4e9b-99bb-d749af326e42.csv",NÃO," ",2023-07-26T14:00:00Z,"Lei 8666/1993, Art. 22, II",485581.58,485113.71
"PREFEITURA MUNICIPAL DE CRICIUMA",70,2023,70,2023,2023-03-22,"O presente edital tem por objetivo a aquisição de mobiliário urbano, compreendendo o fornecimento e instalação, para a Rua Henrique Lodetti - “Rua Coberta” no município de Criciúma/SC.","Pregão eletrônico","Compras e Serviços","MENOR PRECO POR ITEM",2023-04-12,HOMOLOGADO," "," "," ","contratos_762dc248-3206-4854-a469-24c1549d2f37.csv",2023-04-03T14:00:00Z," ",2023-03-01,2023-04-03," "," ","documentosRelacionados_22bf3c02-559c-4435-8ced-917a38f9d3d9.csv","compras@criciuma.sc.gov.br"," ","Rua Domênico Sônego","Rua Domênico Sônego",SC,Licitação,2023-03-01T08:00:00Z,"itensVencedores_899b748e-0090-4797-8ac6-7bb0567eb445.csv",MURAL_PUBLICO," "," "," ","participantes_a04f1651-28e0-44d6-8fc0-638bf6c188d1.csv",NÃO," ",2023-04-03T14:00:00Z,"Lei 8666/1993, Art. 15, CAPUT",578637.4,487340
"PREFEITURA MUNICIPAL DE CRICIUMA",97,2023,97,2023,2023-04-19,"Contratação de empresa do ramo pertinente para execução dos serviços necessários à realização das obras de construção de passeio e estacionamento no CENTRO COMUNITÁRIO DO BAIRRO CEARÁ, localizado na rua Palmitos, esq. c/ rua São Miguel, município de Criciúma – SC.","Tomada de Preço","Compras e Serviços","MENOR PRECO",2023-06-02,HOMOLOGADO," "," "," ","contratos_c2a0d959-8e8d-48ba-8b2e-f4b34122fd9e.csv",2023-05-09T09:00:00Z," ",2023-03-21,2023-05-09," "," ","documentosRelacionados_a9a7cadd-b893-47f0-9790-e26de767560d.csv","compras@criciuma.sc.gov.br"," ","Rua Domênico Sônego","Rua Domênico Sônego",SC,Licitação,2023-03-21T08:00:00Z,"itensVencedores_1344aa20-56fa-4f41-96c0-07661f071860.csv",INTERNET," "," "," ","participantes_dc730ee9-72d0-45c0-845a-19a7d51e384b.csv",NÃO," ",2023-05-09T09:00:00Z,"Lei 8666/1993, Art. 22, II",53119.18,37185.29
"PREFEITURA MUNICIPAL DE CRICIUMA",93,2023,93,2023,2023-04-14,"O presente edital tem por objetivo o registro de preços de materiais de limpeza, para aquisições futuras, no atendimento ao 9º Batalhão da Policia Militar do Município de Criciúma /SC.","Pregão presencial","Compras e Serviços","MENOR PRECO POR ITEM",2023-05-16,HOMOLOGADO," ","atasRegistroPrecos_be03ecf9-6f8b-448d-823c-d5b858727348.csv"," "," ",2023-04-28T14:00:00Z," ",2023-03-21,2023-04-28," ","despesas_04927683-e2a4-4732-a2c7-54c5be7991ea.csv","documentosRelacionados_4046ef87-af1a-4877-9236-bd1994e737c0.csv","compras@criciuma.sc.gov.br","empenhos_24779245-52c5-4f8c-949b-1e7a6bc63c60.csv","Rua Domênico Sônego","Rua Domênico Sônego",SC,Licitação,2023-03-21T08:00:00Z,"itensVencedores_15d6ed42-e832-467a-9153-9aef9c5aaa5d.csv",MURAL_PUBLICO," "," "," ","participantes_a9bac11b-dc70-4c91-95ef-0d51bb3a3151.csv",SIM," ",2023-04-28T14:00:00Z,"Lei 8666/1993, Art. 15, CAPUT",146041.17,84233.2
"PREFEITURA MUNICIPAL DE CRICIUMA",178,2023,178,2023,2023-07-14,"Contratação de empresa do ramo pertinente para execução dos serviços necessários à realização das obras de construção do prédio do CENTRO COMUNITÁRIO DO BAIRRO VILA D’ORO (Porte 01), na rua Zeferino Pelegrin, n° 313 - bairro Mina do Mato no Município de Criciúma-SC.","Tomada de Preço","Compras e Serviços","MENOR PRECO",2023-08-15,HOMOLOGADO," "," "," ","contratos_c40d1867-c43f-4b6a-b1da-4f4a31a6a357.csv",2023-08-01T14:00:00Z," ",2023-06-29,2023-08-01," "," ","documentosRelacionados_cd6ec859-a0f9-40ea-be07-21f9d41b7ed8.csv","compras@criciuma.sc.gov.br"," ","Rua Domênico Sônego","Rua Domênico Sônego",SC,Licitação,2023-06-29T08:00:00Z,"itensVencedores_12a894d9-d6f3-4496-9670-26bd7ba5ea7c.csv",INTERNET," "," "," ","participantes_a40579e3-a505-48a6-9cbf-e0e8268c51cd.csv",NÃO," ",2023-08-01T14:00:00Z,"Lei 8666/1993, Art. 22, II",534347.82,402363.91
"PREFEITURA MUNICIPAL DE CRICIUMA",196,2023,196,2023,2023-07-27,"Contratação de empresa do ramo pertinente para execução dos serviços necessários à realização das obras de ampliação do prédio da E.M.E.B. Antônio Minotto, localizada na rodovia Domingos Peruchi – bairro São Roque, Município de Criciúma/SC.","Tomada de Preço","Compras e Serviços","MENOR PRECO GLOBAL",2023-08-17,HOMOLOGADO," "," "," ","contratos_2cdad437-7b83-4196-97d4-95edc4f62bfe.csv",2023-08-14T09:00:00Z," ",2023-05-31,2023-08-14," "," ","documentosRelacionados_7cd52800-7b24-4025-924b-c933a7f29814.csv","compras@criciuma.sc.gov.br"," ","Rua Domênico Sônego","Rua Domênico Sônego",SC,Licitação,2023-05-31T00:00:00Z,"itensVencedores_ac00af64-c3dd-4e73-b0b3-10533a407cad.csv",INTERNET," "," "," ","participantes_ff90573c-3fb5-4dfa-984f-8b207eb850bc.csv",NÃO," ",2023-08-14T09:00:00Z,"Lei 8666/1993, Art. 22, II",573069.01,439762.17
"PREFEITURA MUNICIPAL DE CRICIUMA",203,2023,203,2023,2023-08-02,"O presente edital tem por objetivo o registro de preços de kits de higiene bucal e material pedagógico, em atendimento ao projeto sorriso feliz e campanhas de escovação supervisionada, pertencentes a Rede Municipal de Ensino de Criciúma/SC.","Pregão presencial","Compras e Serviços","MENOR PRECO POR ITEM",2023-08-15,HOMOLOGADO," ","atasRegistroPrecos_c0425c50-b033-4eba-85f8-5110b954ab5c.csv"," "," ",2023-08-15T09:00:00Z," ",2023-07-06,2023-08-15," ","despesas_74eccd85-2544-40e6-8b7e-76267c9a8790.csv","documentosRelacionados_e4dd11aa-1854-4800-bc3f-137bbb16cde8.csv","compras@criciuma.sc.gov.br","empenhos_79a7aca6-752b-4013-b613-c0c2e69742dc.csv","Rua Domênico Sônego","Rua Domênico Sônego",SC,Licitação,2023-07-06T08:00:00Z,"itensVencedores_3c804073-85bb-453d-b21a-5a248fb5ae65.csv",INTERNET," "," "," ","participantes_39e81ae5-7e32-4b99-913b-12bd983917e7.csv",SIM," ",2023-08-15T09:00:00Z,"Lei 8666/1993, Art. 15, CAPUT",663600,461600
"PREFEITURA MUNICIPAL DE CRICIUMA",193,2023,193,2023,2023-07-25,"Concessão onerosa de uso para exploração comercial de restaurante e conveniência no espaço do equipamento público denominado RESTAURANTE DO PARQUE DAS NAÇÕES CINCINATO NASPOLINI, por tempo determinado, localizado na avenida Gabriel Zanette – bairro próspera no Município de Criciúma-SC, precedida de obras de reforma, melhorias e adequações.",Concorrência,"Compras e Serviços","MAIOR VALOR DA OUTORGA",2023-08-30,HOMOLOGADO," "," "," ","contratos_83a2111b-9645-434d-824d-832f3a3da332.csv",2023-08-28T14:00:00Z," ",2023-07-11,2023-08-28," "," ","documentosRelacionados_a9d22d51-2734-4f34-88cb-b6cdafddd05a.csv","compras@criciuma.sc.gov.br"," ","Rua Domênico Sônego","Rua Domênico Sônego",SC,Licitação,2023-07-11T08:00:00Z,"itensVencedores_5aabf4f6-f7ff-43cd-8af0-54e4e43616e3.csv",INTERNET," "," "," ","participantes_ba0b2bf3-56b4-4021-8ab9-c5c1bf42afea.csv",NÃO," ",2023-08-28T14:00:00Z,"Lei 8666/1993, Art. 15, CAPUT",96000,240000
"PREFEITURA MUNICIPAL DE CRICIUMA",263,2023,263,2023,2023-10-25,"O presente edital tem por objetivo o registro de preços de materiais de serralheria e caldeiraria para atendimento a Secretariais e Diretorias do município de Criciúma/SC.","Pregão presencial","Compras e Serviços","MENOR PRECO GLOBAL",2023-11-14,HOMOLOGADO," ","atasRegistroPrecos_fe87e446-202a-4e07-b7dc-058da3060b94.csv"," "," ",2023-11-08T09:00:00Z," ",2023-10-10,2023-11-08," ","despesas_9f18f844-442b-4301-a53d-1477297edc7a.csv","documentosRelacionados_7549567c-2d43-422d-9483-5d49d044786f.csv","compras@criciuma.sc.gov.br","empenhos_f22e3a69-4318-44a7-8f85-e8be20a25961.csv","Rua Domênico Sônego","Rua Domênico Sônego",SC,Licitação,2023-10-10T08:00:00Z,"itensVencedores_55765a48-7320-4410-b93c-e957984c3d21.csv",INTERNET," "," "," ","participantes_5ddd5375-f453-48f2-bd02-0abcc3a64417.csv",SIM," ",2023-11-08T09:00:00Z,"Lei 8666/1993, Art. 15, CAPUT",391986.9,318999.97
"PREFEITURA MUNICIPAL DE CRICIUMA",202,2023,202,2023,2023-08-02,"Alienação de 13 (treze)bens imóveis (terrenos) de propriedade do Município, não de uso e inservíveis a administração pública municipal de Criciúma-SC.",Concorrência,"Compras e Serviços","MAIOR VALOR DA OUTORGA",2023-09-06,HOMOLOGADO," "," "," ","contratos_a501e7e0-8002-4177-9870-8bd48b1845a4.csv",2023-09-05T09:00:00Z," ",2023-07-11,2023-09-05," "," ","documentosRelacionados_a0bbb3c9-a6b0-420a-aff7-163439216e7c.csv","compras@criciuma.sc.gov.br"," ","Rua Domênico Sônego","Rua Domênico Sônego",SC,Licitação,2023-07-11T08:00:00Z,"itensVencedores_697767a2-36a4-450c-ac47-f626f3a6faae.csv",INTERNET," "," "," ","participantes_b97fa769-da95-4293-b353-5a67927b7315.csv",NÃO," ",2023-09-05T09:00:00Z,"Lei 8666/1993, Art. 15, CAPUT",2278000,1499100
"PREFEITURA MUNICIPAL DE CRICIUMA",227,2023,227,2023,2023-09-12,"O presente edital tem por objetivo a contratação de empresa especializada, para fornecimento de equipamentos fotográficos para Diretoria Executiva de Comunicação – DECOM, do município de Criciúma/SC.","Pregão eletrônico","Compras e Serviços","MENOR PRECO POR ITEM",2024-01-18,HOMOLOGADO," "," "," ","contratos_7cedd8e1-fca8-4107-83d3-340a1c44326e.csv",2023-09-26T14:00:00Z," ",2023-07-14,2023-09-26," "," ","documentosRelacionados_5a88a538-6a79-4441-942a-67a5eca916f6.csv","compras@criciuma.sc.gov.br"," ","Rua Domênico Sônego","Rua Domênico Sônego",SC,Licitação,2023-07-14T08:00:00Z,"itensVencedores_a47bba72-e977-46bc-b5d0-6ce79d3309f1.csv",INTERNET," "," "," ","participantes_b64c95b5-3c2b-49ce-b9a9-2a57b7d6eb3e.csv",NÃO," ",2023-09-26T14:00:00Z,"Lei 8666/1993, Art. 15, CAPUT",54801.02,48400
"PREFEITURA MUNICIPAL DE CRICIUMA",243,2023,243,2023,2023-10-05,"Contratação de empresa do ramo pertinente, para execução dos serviços necessários à implantação das obras de pavimentação com revestimento em blocos de concreto (lajotas) em 11 (onze) ruas do BAIRRO RENASCER, no Município de Criciúma-SC.  CONVÊNIO: CONTRATO FINISA Nº 0603768-52)",Concorrência,"Obras e Serviços de Engenharia","MENOR PRECO GLOBAL",2023-12-11,HOMOLOGADO," "," "," ","contratos_9bfd2885-38d5-4bad-93e0-b2d3962c7ee6.csv",2023-11-29T14:00:00Z," ",2023-09-13,2023-11-29," "," ","documentosRelacionados_762d5f27-3e8b-4c37-a3e8-6df1b10158fa.csv","compras@criciuma.sc.gov.br"," ","Rua Domênico Sônego","Rua Domênico Sônego",SC,Licitação,2023-09-13T08:00:00Z,"itensVencedores_5614e7e3-eb40-4a4a-b079-b9b68943e639.csv",INTERNET," "," "," ","participantes_a9092b89-6e1c-45b6-b3e5-fd8dc2cf8038.csv",NÃO," ",2023-11-29T14:00:00Z,"Lei 8666/1993, Art. 15, CAPUT",3597768.64,3136445.74
"PREFEITURA MUNICIPAL DE CRICIUMA",270,2023,270,2023,2023-10-30,"O presente edital tem por objetivo o registro de preços de serviços na manutenção preventiva e corretiva, dos veículos leves, médios e pesados, incluindo a troca de peças e acessórios de reposição, em atendimento à frota do 9º Batalhão de Polícia Militar de Criciúma/SC.","Pregão presencial","Compras e Serviços","MAIOR DESCONTO SOBRE TABELA",2023-12-06,HOMOLOGADO," ","atasRegistroPrecos_a16834f0-5a23-4b7b-8485-ee987283e97f.csv"," "," ",2023-11-13T09:00:00Z," ",2023-10-11,2023-11-13," ","despesas_8edff040-ff4a-4c24-8cfe-6a7fc562f210.csv","documentosRelacionados_17323f03-fe69-4296-a94f-b4fda7e693a8.csv","compras@criciuma.sc.gov.br"," ","Rua Domênico Sônego","Rua Domênico Sônego",SC,Licitação,2023-10-11T08:00:00Z,"itensVencedores_8dc4c000-14bc-4c6c-a7da-0b58978ea47c.csv",INTERNET," "," "," ","participantes_e2d48141-6942-4e93-909c-d83269d91192.csv",SIM," ",2023-11-13T09:00:00Z,"Lei 8666/1993, Art. 15, CAPUT",500000,500000.0
"PREFEITURA MUNICIPAL DE CRICIUMA",305,2023,305,2023,2023-12-21,"Contratação de empresa do ramo pertinente, para execução, SOB DEMANDA, dos serviços necessários à construção de coberturas metálicas nos pátios e acessos das unidades escolares e demais equipamentos vinculados da rede municipal de ensino de Criciúma-SC.","Tomada de Preço","Compras e Serviços","MENOR PRECO GLOBAL",2024-01-31,HOMOLOGADO," "," "," ","contratos_e63e3a95-e370-4d64-9608-9ef12ad364e7.csv",2024-01-11T14:00:00Z," ",2023-10-26,2024-01-11," "," ","documentosRelacionados_a0031965-69ce-4d7c-afd8-2c0856d603e7.csv","compras@criciuma.sc.gov.br"," ","Rua Domênico Sônego","Rua Domênico Sônego",SC,Licitação,2023-10-26T08:00:00Z,"itensVencedores_34072455-05b7-4525-ab45-95ce342488c8.csv",INTERNET," "," "," ","participantes_46a8b1c0-9e28-41d7-9a3e-d55083b9d71d.csv",NÃO," ",2024-01-11T14:00:00Z,"Lei 8666/1993, Art. 22, II",1457211.77,951197.8
"PREFEITURA MUNICIPAL DE CRICIUMA",200,2023,200,2023,2023-07-28,"Contratação de empresa do ramo pertinente para execução dos serviços necessários à realização das obras de recuperação do pavimento asfáltico e de mobilidade urbana (revitalização) da AVENIDA LUIZ LAZZARIN, localizada no bairro Vila Floresta, município de Criciúma/SC. (OPERAÇÃO DE CRÉDITO: CONTRATO FONPLATA BRA-31/2021).",Concorrência,"Compras e Serviços","MENOR PRECO"," ",REVOGADO," "," "," "," ",2023-08-30T14:00:00Z," ",2023-07-24,2023-08-30,2023-09-06," ","documentosRelacionados_054ff6f9-6fc3-4b79-9990-50fad8d5b434.csv","compras@criciuma.sc.gov.br"," ","Rua Domênico Sônego","Rua Domênico Sônego",SC,Licitação,2023-07-24T08:00:00Z," ",INTERNET," ","Licitação fracassada"," "," ",NÃO," ",2023-08-30T14:00:00Z,"Lei 8666/1993, Art. 15, CAPUT",1.20724713E7," "
"PREFEITURA MUNICIPAL DE CRICIUMA",220,2023,220,2023,2023-09-12,"O presente edital tem por objetivo o registro de preços de materiais de sinalização viária horizontal (tintas, solventes e microesferas), em atendimento a Diretoria de Trânsito e Transportes do município de Criciúma/SC.","Pregão presencial","Compras e Serviços","MENOR PREÇO GLOBAL POR LOTE",2023-09-25,HOMOLOGADO," ","atasRegistroPrecos_829cdb38-d0c9-4235-9adc-6fff04792f39.csv"," "," ",2023-09-15T09:00:00Z," ",2023-07-07,2023-09-15," ","despesas_8ecec20c-7cdc-45b8-b2b6-e71b72b372a9.csv","documentosRelacionados_68439e99-eba8-40bb-ab94-4617c8a22e91.csv","compras@criciuma.sc.gov.br","empenhos_10c36fbd-38dd-4b7b-89b4-3b720a5fb37d.csv","Rua Domênico Sônego","Rua Domênico Sônego",SC,Licitação,2023-09-04T08:00:00Z,"itensVencedores_92c18d82-2997-4a7f-a54d-81c7bc54f326.csv",INTERNET," "," "," ","participantes_b179a4dc-3f2d-4992-8540-c9e92ba6b96b.csv",SIM," ",2023-09-15T09:00:00Z,"Lei 8666/1993, Art. 15, CAPUT",825500,609000.0
"PREFEITURA MUNICIPAL DE CRICIUMA",283,2023,283,2023,2023-11-22,"O presente edital tem por objetivo a contratação de empresa especializada para a prestação de serviços gráficos, sob demanda em atendimento às necessidades da Secretaria Municipal de Educação de Criciúma/SC.","Pregão presencial","Compras e Serviços","MENOR PRECO POR ITEM",2023-12-11,HOMOLOGADO," "," "," ","contratos_796aec2a-f7a4-4035-b74a-a8fd29cc84c5.csv",2023-12-08T09:00:00Z," ",2023-09-22,2023-12-08," "," ","documentosRelacionados_f1928a40-a40c-4823-a3f2-1103a9279ede.csv","compras@criciuma.sc.gov.br"," ","Rua Domênico Sônego","Rua Domênico Sônego",SC,Licitação,2023-09-22T08:00:00Z,"itensVencedores_89617245-fe4e-4cd1-98db-77cb9b19040a.csv",INTERNET," "," "," ","participantes_cee64646-4adc-4f90-b12d-b12fbc5e9619.csv",NÃO," ",2023-12-08T09:00:00Z,"Lei 8666/1993, Art. 15, CAPUT",1442619.32,1063707.2
"PREFEITURA MUNICIPAL DE CRICIUMA",254,2023,254,2023,2023-11-06,"Contratação de empresa do ramo pertinente, para execução dos serviços necessários à realização das obras de reforma e ampliação do prédio da E.M.E.B. MARIA DE LOURDES CARNEIRO, localizada na rua Odécia S. de Souza, bairro Vila Francesa no município de Criciúma-SC.","Tomada de preços","Compras e Serviços","MENOR PRECO GLOBAL",2023-11-23,HOMOLOGADO," "," "," ","contratos_32d80d1d-0e8c-462b-ad5f-022f725dafc5.csv",2023-11-06T14:00:00Z," ",2023-10-10,2023-11-06," "," ","documentosRelacionados_6b30c51f-4a77-4d5f-8915-4fbe499e5ed0.csv","compras@criciuma.sc.gov.br"," ","Rua Domênico Sônego","Rua Domênico Sônego",SC,Licitação,2023-10-10T08:00:00Z,"itensVencedores_752cf84b-c271-48ce-90a9-08f9ee977d24.csv",INTERNET," "," "," ","participantes_243eeed6-9e79-48f3-969a-7b3b9f5f1d59.csv",NÃO," ",2023-11-06T14:00:00Z,"Lei 8666/1993, Art. 22, II",159360.26,119327.79
"PREFEITURA MUNICIPAL DE CRICIUMA",284,2023,284,2023,2023-11-22,"O presente edital tem por objetivo a contratação de serviços referentes à limpeza urbana com caminhão pipa e serviços de transporte com caminhão prancha, em atendimento as necessidades do município de Criciúma/SC.","Pregão presencial","Compras e Serviços","MENOR PRECO POR ITEM"," ",REVOGADO," "," "," "," ",2023-12-18T09:00:00Z," ",2023-10-17,2023-12-18,2023-12-19," ","documentosRelacionados_57aee608-4b88-41ff-9a57-92b43cc99125.csv","compras@criciuma.sc.gov.br"," ","Rua Domênico Sônego","Rua Domênico Sônego",SC,Licitação,2023-12-05T08:00:00Z,"itensVencedores_94d8e143-0a28-4678-9295-627b49e9399e.csv",INTERNET," ","Outros Casos de Revogação"," ","participantes_d093cb10-83c3-4551-998e-4013912ad0b7.csv",NÃO," ",2023-12-18T09:00:00Z,"Lei 8666/1993, Art. 15, CAPUT",358600,248480
"PREFEITURA MUNICIPAL DE CRICIUMA",252,2023,252,2023,2023-10-17,"Concessão comum de uso e exploração comercial do equipamento público denominado “MIRANTE REALDO SANTOS GUGLIELMI”, por tempo determinado, localizado na rua Honório Búrigo, bairro Cruzeiro do Sul no Município de Criciúma-SC.","Outras Modalidades","Compras e Serviços","MAIOR VALOR DA OUTORGA"," ",ANULADO," "," "," "," ",2023-11-20T09:00:00Z,2023-10-20,2023-10-13,2023-11-20," "," ","documentosRelacionados_c3b3a1b9-7fd4-42b8-8acd-e3e88534b392.csv","compras@criciuma.sc.gov.br"," ","Rua Domênico Sônego","Rua Domênico Sônego",SC,Licitação,2023-10-13T08:00:00Z," ",INTERNET,Ilegalidade," "," "," ",NÃO," ",2023-11-20T09:00:00Z,"Lei 8666/1993, Art. 15, CAPUT",1000000," "
"PREFEITURA MUNICIPAL DE CRICIUMA",222,2023,222,2023,2023-09-06,"Contratação de empresa do ramo pertinente, para execução dos serviços necessários à realização das obras de construção de uma praça no bairro NOSSA SENHORA DA SALETE, na rua Ten. Marcos Aurélio Filippi, esq, rua Libio Liberato Dacoregio, município de Criciúma-SC.","Tomada de preços","Compras e Serviços","MENOR PRECO GLOBAL",2023-10-18,HOMOLOGADO," "," "," ","contratos_22e286c3-ae4b-4827-900c-770cb5ee58ff.csv",2023-09-26T09:00:00Z," ",2023-08-22,2023-09-26," "," ","documentosRelacionados_ac1d949d-3406-4bb9-911b-c6ce8b2271ba.csv","compras@criciuma.sc.gov.br"," ","Rua Domênico Sônego","Rua Domênico Sônego",SC,Licitação,2023-08-22T08:00:00Z,"itensVencedores_c73951d3-ac57-4a30-b2fc-dcc60aa99be7.csv",INTERNET," "," "," ","participantes_e9d47dc9-e5e2-4a19-a03b-b505cab746c4.csv",NÃO," ",2023-09-26T09:00:00Z,"Lei 8666/1993, Art. 22, II",159862.13,131349.6
"PREFEITURA MUNICIPAL DE CRICIUMA",246,2023,246,2023,2023-10-09,"Contratação de empresa do ramo pertinente, para execução dos serviços necessários à realização das obras de construção do novo prédio do CENTRO COMUNITÁRIO DO BAIRRO SÃO DEFENDE, localizado na avenida Universitária esquina com rua Senador Teotônio Vilella, município de Criciúma-SC.","Tomada de preços","Compras e Serviços","MENOR PRECO GLOBAL",2023-11-16,HOMOLOGADO," "," "," ","contratos_4b8f8261-5bfd-4828-b6eb-cc3cdcffbb91.csv",2023-10-26T14:00:00Z," ",2023-09-26,2023-10-26," "," ","documentosRelacionados_7cc9484a-de9d-4f7e-ab15-2979315b1086.csv","compras@criciuma.sc.gov.br"," ","Rua Domênico Sônego","Rua Domênico Sônego",SC,Licitação,2023-09-26T08:00:00Z,"itensVencedores_a13bf203-f02e-4324-a6cd-90b9eb1d7bce.csv",INTERNET," "," "," ","participantes_c573761d-5d17-4779-aff8-716d689bfe7a.csv",NÃO," ",2023-10-26T14:00:00Z,"Lei 8666/1993, Art. 22, II",650325.53,483431.94
"PREFEITURA MUNICIPAL DE CRICIUMA",279,2023,279,2023,2023-11-30,"Registro de preços, para aquisição SOB DEMANDA, de eletrodomésticos e mobílias, destinados para o uso nos Centros Comunitários em bairros do município de Criciúma/ SC.","Pregão eletrônico","Compras e Serviços","MENOR PRECO POR ITEM",2024-01-16,HOMOLOGADO," ","atasRegistroPrecos_4b6ec481-4a2a-4062-85e4-5e506a9f6441.csv"," "," ",2023-12-05T14:00:00Z," ",2023-10-24,2023-12-05," ","despesas_9cd54ae0-c22f-4df2-befe-1f104bb5a647.csv","documentosRelacionados_f6c0d5b8-aa32-4d65-8786-318c58a0adf3.csv","compras@criciuma.sc.gov.br","empenhos_fc0ce47d-162d-4c09-a004-976b30225be0.csv","Rua Domênico Sônego","Rua Domênico Sônego",SC,Licitação,2023-10-24T08:00:00Z,"itensVencedores_126dc547-b362-40d4-be56-5f9836ca10a8.csv",INTERNET," "," "," ","participantes_7e8090f4-c420-43f2-b490-f29f8a013230.csv",SIM," ",2023-12-05T14:00:00Z,"Lei 8666/1993, Art. 15, CAPUT",274955.02,205748.74
"PREFEITURA MUNICIPAL DE CRICIUMA",281,2023,281,2023,2023-11-21,"O presente edital tem por objetivo a contratação de empresa para a cessão de uso temporário de licença de software para aplicativo de bloco eletrônico para Auto de Infração com seus acessórios correspondentes e Sistema Web de Gestão, para atender as necessidades da Diretoria de Trânsito e Transportes de Criciúma/SC.","Pregão presencial","Compras e Serviços","MENOR PRECO GLOBAL",2023-12-07,HOMOLOGADO," "," "," ","contratos_f0a09d7e-1a68-4cd9-b3ee-a627a0888ea4.csv",2023-12-06T09:00:00Z," ",2023-10-04,2023-12-06," "," ","documentosRelacionados_06d7f04c-6675-4b62-ba2c-76537f15a46c.csv","compras@criciuma.sc.gov.br"," ","Rua Domênico Sônego","Rua Domênico Sônego",SC,Licitação,2023-10-04T08:00:00Z,"itensVencedores_99c0f65a-2007-4b34-a188-7300b4b2da2e.csv",INTERNET," "," "," ","participantes_b8ce83a8-3847-4b5d-aa02-4d9f064d4d2b.csv",NÃO," ",2023-12-06T09:00:00Z,"Lei 8666/1993, Art. 15, CAPUT",223200,223200
"PREFEITURA MUNICIPAL DE CRICIUMA",228,2023,228,2023,2023-10-11,"Contratação de empresa especializada para realizar serviços referentes a construção de uma ponte de concreto armado sobre o Rio Sangão, no bairro Frederico Zilli, município de Criciúma - SC.","Tomada de preços","Compras e Serviços","MENOR PRECO GLOBAL",2023-11-03,HOMOLOGADO," "," "," ","contratos_90f678ea-5610-4186-b913-cba597144164.csv",2023-10-27T09:00:00Z," ",2023-10-11,2023-10-27," "," ","documentosRelacionados_9b265178-ca8b-4c6f-9932-cc3b2ab183a3.csv","compras@criciuma.sc.gov.br"," ","Rua Domênico Sônego","Rua Domênico Sônego",SC,Licitação,2023-10-11T08:00:00Z,"itensVencedores_40d5b275-f883-479b-be12-068fdc0de02d.csv",INTERNET," "," "," ","participantes_03502c4f-f79f-49f3-b098-775f9949b2a8.csv",NÃO," ",2023-10-27T09:00:00Z,"Lei 8666/1993, Art. 22, II",1347335.84,1394007.24
"PREFEITURA MUNICIPAL DE CRICIUMA",269,2023,269,2023,2023-10-30,"Contratação de empresa especializada no fornecimento de solução para o Portal do Servidor Público Municipal de Criciúma, com o intuito de auxiliar e promover o gerenciamento da declaração de bens do servidor público municipal, bem como a seleção de contratação, auxiliando também em outras demandas atreladas ao servidor, a fim de otimizar e contribuir nas rotinas administrativas para os servidores do município de Criciúma/SC.","Pregão eletrônico","Compras e Serviços","MENOR PRECO GLOBAL",2023-11-22,HOMOLOGADO," "," "," ","contratos_fcfbe0ab-44a8-4dd6-b223-6df8e40d03a4.csv",2023-11-10T14:00:00Z," ",2023-09-29,2023-11-10," "," ","documentosRelacionados_054c209e-1252-4d3e-903f-49c36cf7ee8f.csv","compras@criciuma.sc.gov.br"," ","Rua Domênico Sônego","Rua Domênico Sônego",SC,Licitação,2023-09-29T08:00:00Z,"itensVencedores_f1e97f08-4c5b-4726-befe-de2b3de9752f.csv",INTERNET," "," "," ","participantes_ff902ea0-8c5c-4322-94e4-0fcecf1bc1ab.csv",NÃO," ",2023-11-10T08:00:00Z,"Lei 8666/1993, Art. 15, CAPUT",89569.31,89500
"PREFEITURA MUNICIPAL DE CRICIUMA",208,2023,208,2023,2023-08-03,"Contratação de empresa do ramo pertinente para execução dos serviços necessários à realização das obras de construção do prédio do CENTRO COMUNITÁRIO DO BAIRRO SÃO SEBASTIÃO, na rua José Machado de Souza, município de Criciúma-SC.","Tomada de Preço","Compras e Serviços","MENOR PRECO",2023-09-12,HOMOLOGADO," "," "," ","contratos_3abcf42f-6bc9-4414-ba05-5296a21ef0d2.csv",2023-08-24T14:00:00Z," ",2023-07-26,2023-08-24," "," ","documentosRelacionados_d00cd85b-751d-402e-9c0c-7c960073e0d5.csv","compras@criciuma.sc.gov.br"," ","Rua Domênico Sônego","Rua Domênico Sônego",SC,Licitação,2023-07-26T08:00:00Z,"itensVencedores_5b905d69-8680-421b-81ce-29354e9824bd.csv",INTERNET," "," "," ","participantes_4834fb4d-06fe-4fed-bf6f-a93dfd390ee3.csv",NÃO," ",2023-08-24T14:00:00Z,"Lei 8666/1993, Art. 22, II",636875.18,474276.18
"PREFEITURA MUNICIPAL DE CRICIUMA",221,2023,221,2023,2023-09-01,"O presente edital tem por objetivo a prestação de serviços de implantação, remoção e manutenção de tachões, incluindo o fornecimento de materiais, para execução de projetos de sinalização realizados pela Diretoria de Trânsito e Transportes do município de Criciúma/SC.","Pregão presencial","Compras e Serviços","MENOR PRECO GLOBAL",2023-09-19,HOMOLOGADO," "," "," ","contratos_ceff7e3a-9fb9-4278-89f3-eeaae6c1678f.csv",2023-09-18T09:00:00Z," ",2023-07-07,2023-09-18," "," ","documentosRelacionados_7ee5fd99-cc5f-4a26-a98f-ebfcb1c3c90e.csv","compras@criciuma.sc.gov.br"," ","Rua Domênico Sônego","Rua Domênico Sônego",SC,Licitação,2023-07-07T08:00:00Z,"itensVencedores_5b993c01-910f-49c0-a79f-94524719371f.csv",INTERNET," "," "," ","participantes_1954432b-7180-4fd3-9e41-69552418e588.csv",NÃO," ",2023-09-18T09:00:00Z,"Lei 8666/1993, Art. 15, CAPUT",299250,291000.0
"PREFEITURA MUNICIPAL DE CRICIUMA",230,2023,230,2023,2023-09-15,"O presente edital tem por objetivo a contratação dos serviços técnicos especializados para a manutenção preventiva e corretiva, incluindo o fornecimento de peças, da Usina de Asfalto do município de Criciúma/SC.","Pregão eletrônico","Compras e Serviços","MENOR PREÇO GLOBAL POR LOTE",2023-10-05,HOMOLOGADO," "," "," ","contratos_2d061112-4e0b-4841-bce7-11dfc851a2b6.csv",2023-09-28T14:00:00Z," ",2023-06-30,2023-09-28," "," ","documentosRelacionados_1c770e52-a31b-40cb-bb6e-ed0bea27e333.csv","compras@criciuma.sc.gov.br"," ","Rua Domênico Sônego","Rua Domênico Sônego",SC,Licitação,2023-06-30T08:00:00Z,"itensVencedores_96269bfe-4e72-4beb-97b1-1dcebfe59b44.csv",INTERNET," "," "," ","participantes_440dcd2d-02c1-4a87-b02c-3fbfa6f84f15.csv",NÃO," ",2023-09-28T14:00:00Z,"Lei 8666/1993, Art. 15, CAPUT",577367.51,542590.0
"PREFEITURA MUNICIPAL DE CRICIUMA",272,2023,272,2023,2023-11-06,"Aquisição, sob demanda, de mudas de árvores de espécies nativas para atender as necessidades da Secretaria Municipal de Infraestrutura, Planejamento e Mobilidade Urbana, no que tange à arborização de espaços públicos, reposição florestal, doação e recuperação de áreas degradadas, localizadas no Município de Criciúma/SC.","Pregão eletrônico","Compras e Serviços","MENOR PREÇO GLOBAL POR LOTE",2023-11-24,HOMOLOGADO," ","atasRegistroPrecos_31ed2bdf-b082-4da7-add6-73e754b49479.csv"," "," ",2023-11-20T09:00:00Z," ",2023-09-25,2023-11-20," ","despesas_931ee930-31a7-468d-bb4d-0b3e3e12cc67.csv","documentosRelacionados_bd5cecf5-499b-4a33-9926-5d1eecd9b267.csv","compras@criciuma.sc.gov.br","empenhos_d6761a70-d731-4cb7-a96a-0ce521b3aa92.csv","Rua Domênico Sônego","Rua Domênico Sônego",SC,Licitação,2023-09-25T08:00:00Z,"itensVencedores_ac4d3a52-bee9-4164-ae2e-bf0b9bf3322d.csv",INTERNET," "," "," ","participantes_45e30ff5-18a9-493d-a16d-1d83a22b5abb.csv",SIM," ",2023-11-20T09:00:00Z,"Lei 8666/1993, Art. 15, CAPUT",139800,29000
"PREFEITURA MUNICIPAL DE CRICIUMA",266,2023,266,2023,2023-10-26,"Registro de preços, para aquisição SOB DEMANDA, de materiais e itens esportivos para atender o desenvolvimento de projetos esportivos no município de Criciúma/ SC. (Convênio Ministério da Cidadania nº 912220/2021)","Pregão eletrônico","Compras e Serviços","MENOR PRECO POR ITEM",2023-12-15,REVOGADO," ","atasRegistroPrecos_4de1ce26-4f28-42be-8375-8a0f4869cfef.csv"," "," ",2023-11-08T09:00:00Z," ",2023-10-05,2023-11-08,2024-01-18,"despesas_786e9cfb-e55f-48dd-98d2-79fedb529f48.csv","documentosRelacionados_aa3a81e2-bbf7-43dc-b0e4-bfa1cdb1c2ab.csv","compras@criciuma.sc.gov.br"," ","Rua Domênico Sônego","Rua Domênico Sônego",SC,Licitação,2023-10-05T08:00:00Z,"itensVencedores_2c12bb23-c70f-494e-ad84-dabdef272e13.csv",INTERNET," ","Outros Casos de Revogação"," ","participantes_8c0e7536-9231-46fa-a037-ecccf68c93f3.csv",SIM," ",2023-11-08T09:00:00Z,"Lei 8666/1993, Art. 15, CAPUT",1047000,373867.8
"PREFEITURA MUNICIPAL DE CRICIUMA",275,2023,275,2023,2023-11-14,"Contratação de empresa do ramo pertinente, para execução dos serviços necessários à realização das obras de construção de uma sala comunitária no BAIRRO PRÓSPERA, na rua Rio Grande do Sul, município de Criciúma-SC.","Tomada de preços","Compras e Serviços","MENOR PRECO",2023-12-22,HOMOLOGADO," "," "," ","contratos_b77134ec-b8cb-43d4-b684-8e1b94186a20.csv",2023-12-05T09:00:00Z," ",2023-10-26,2023-12-05," "," ","documentosRelacionados_abcfbea8-255c-4ca0-8521-5d7bf6e4f37e.csv","compras@criciuma.sc.gov.br"," ","Rua Domênico Sônego","Rua Domênico Sônego",SC,Licitação,2023-10-26T08:00:00Z,"itensVencedores_110115f5-5646-4265-ae5e-ba84d5cb73e0.csv",INTERNET," "," "," ","participantes_f5d35bbf-b2f8-4d53-8047-25116977001b.csv",NÃO," ",2023-12-05T09:00:00Z,"Lei 8666/1993, Art. 22, II",521161.3,380436.75
"PREFEITURA MUNICIPAL DE CRICIUMA",250,2023,250,2023,2023-10-17,"Contratação de empresa do ramo pertinente, para execução dos serviços necessários à realização das obras de pavimentação com revestimento em concreto asfáltico usinado à quente – CAUQ e sinalização viária horizontal e vertical na RUA ITÁLIA GOBBO DAGOSTIM, localizada no BAIRRO DAGOSTIM - município de Criciúma-SC. CONVÊNIO: CONTRATO FINISA Nº 0603768-52)","Tomada de preços","Compras e Serviços","MENOR PRECO GLOBAL",2023-11-09,HOMOLOGADO," "," "," ","contratos_c6397153-e0d4-43df-9fa8-cebeee750d7c.csv",2023-11-01T14:00:00Z," ",2023-09-27,2023-11-01," "," ","documentosRelacionados_fb81605f-2ec2-47ba-a61c-5df72f58ab52.csv","compras@criciuma.sc.gov.br"," ","Rua Domênico Sônego","Rua Domênico Sônego",SC,Licitação,2023-09-27T08:00:00Z,"itensVencedores_01d776e3-8121-485c-8ec3-bc5adcb1ddd4.csv",INTERNET," "," "," ","participantes_734879d3-ec66-4af2-b53a-fda71ec44a09.csv",NÃO," ",2023-11-01T14:00:00Z,"Lei 8666/1993, Art. 22, II",2578710.49,2573569.56
"PREFEITURA MUNICIPAL DE CRICIUMA",299,2023,299,2023,2023-12-11,"Registro de preços, para aquisição SOB DEMANDA, de cimento do tipo CP IV e cimento do tipo CP V ARI, para uso da Secretaria de Infraestrutura, Planejamento e Mobilidade Urbana do município de Criciúma/SC.","Pregão eletrônico","Compras e Serviços","MENOR PRECO POR ITEM",2023-12-26,HOMOLOGADO," ","atasRegistroPrecos_dd1428e9-0b08-42a0-9998-53fcb388309c.csv"," "," ",2023-12-22T09:00:00Z," ",2023-11-14,2023-12-22," ","despesas_e26ccd93-7a88-4968-9e18-d456561e0deb.csv","documentosRelacionados_14c10034-e0b1-4765-a48d-9a4a13fc59f8.csv","compras@criciuma.sc.gov.br","empenhos_e68f1842-f976-49cb-be1a-780b355a9c00.csv","Rua Domênico Sônego","Rua Domênico Sônego",SC,Licitação,2023-11-14T08:00:00Z,"itensVencedores_94e82b66-fd71-4351-92c4-e062d6e095fb.csv",INTERNET," "," "," ","participantes_266ecdcc-fa7e-457c-840f-fc8f8bc36867.csv",SIM," ",2023-12-22T09:00:00Z,"Lei 8666/1993, Art. 15, CAPUT",154300,148400
"PREFEITURA MUNICIPAL DE CRICIUMA",233,2023,233,2023,2023-09-15,"Contratação de empresa especializada para realizar serviços referentes a construção do CEI Maria de Assis Goés (Área Total: 3.971,74), que ficará localizada no bairro São Luiz, município de Criciúma - SC.",Concorrência,"Compras e Serviços","MENOR PRECO GLOBAL"," ",ANULADO," "," "," "," ",2023-11-22T09:00:00Z,2023-12-14,2023-08-05,2023-11-22," "," ","documentosRelacionados_496cc682-b117-4471-99b0-2825d9e2dd87.csv","compras@criciuma.sc.gov.br"," ","Rua Domênico Sônego","Rua Domênico Sônego",SC,Licitação,2023-08-05T08:00:00Z," ",INTERNET,Ilegalidade," "," ","participantes_dac04b1d-67bb-40a3-8132-2dba9db9ffb7.csv",NÃO," ",2023-11-22T09:00:00Z,"Lei 8666/1993, Art. 15, CAPUT",1.068361132E7," "
"PREFEITURA MUNICIPAL DE CRICIUMA",297,2023,297,2023,2023-12-08,"O presente edital tem por objetivo o registro de preços de leite UHT integral em atendimento aos funcionários dos setores relacionados ao Asfalto (pavimentação, tapa-buracos, usina) do município de Criciúma/SC.","Pregão presencial","Compras e Serviços","MENOR PRECO GLOBAL",2023-12-26,HOMOLOGADO," ","atasRegistroPrecos_e78a4440-a3fb-4c7f-869e-6b9d9186dd2c.csv"," "," ",2023-12-20T14:00:00Z," ",2023-11-16,2023-12-20," ","despesas_5afce43b-be55-40ae-8909-5276588b13e3.csv","documentosRelacionados_0e4d5e17-5848-49e0-953a-245764f39db3.csv","compras@criciuma.sc.gov.br","empenhos_1538c1eb-0f02-4062-8185-4a1007a543f3.csv","Rua Domênico Sônego","Rua Domênico Sônego",SC,Licitação,2023-11-16T08:00:00Z,"itensVencedores_ae5e299c-9c47-4172-838b-d20d3077ecfe.csv",INTERNET," "," "," ","participantes_85cad381-bbf9-4670-8419-03038f1123f0.csv",SIM," ",2023-12-20T14:00:00Z,"Lei 8666/1993, Art. 15, CAPUT",85650,78000
"PREFEITURA MUNICIPAL DE CRICIUMA",290,2023,290,2023,2023-11-28,"O presente edital tem por objetivo o registro de preços de materiais de sinalização viária horizontal (kits de aplicação de plástico a frio), em atendimento a Diretoria de Trânsito e Transportes do município de Criciúma/SC.","Pregão presencial","Compras e Serviços","MENOR PRECO POR ITEM",2023-12-15,HOMOLOGADO," ","atasRegistroPrecos_687fd574-5cef-43ea-972a-51a4a1667bd0.csv"," "," ",2023-12-13T09:00:00Z," ",2023-10-31,2023-12-13," ","despesas_182b0567-4f50-49a2-ae0a-31b34ff5d869.csv","documentosRelacionados_95dee280-73fc-4848-b98e-641fc80ca52b.csv","compras@criciuma.sc.gov.br","empenhos_4a2b4a2d-6d38-45a7-a31c-b5766b30f79b.csv","Rua Domênico Sônego","Rua Domênico Sônego",SC,Licitação,2023-10-31T08:00:00Z,"itensVencedores_e0a7db1f-2319-4fe0-831f-ad82dd609533.csv",INTERNET," "," "," ","participantes_1c6146f8-d367-464c-95f1-601ecbe91de0.csv",SIM," ",2023-12-13T09:00:00Z,"Lei 8666/1993, Art. 15, II",345000,341250
"PREFEITURA MUNICIPAL DE CRICIUMA",295,2023,295,2023,2023-12-05,"O presente edital tem por objetivo a contratação de empresa especializada no fornecimento, implantação, customização, treinamento e manutenção de software para a gestão dos termos de parceria entre as Organizações da Sociedade Civil e o município de Criciúma/SC.","Pregão presencial","Compras e Serviços","MENOR PRECO GLOBAL",2023-12-26,HOMOLOGADO," "," "," ","contratos_41b6132f-d8a1-4595-ac68-5089e05b1a1b.csv",2023-12-19T09:00:00Z," ",2023-11-19,2023-12-19," "," ","documentosRelacionados_d116a200-a686-45c5-85a8-7b9c04fc8188.csv","compras@criciuma.sc.gov.br"," ","Rua Domênico Sônego","Rua Domênico Sônego",SC,Licitação,2023-11-19T08:00:00Z,"itensVencedores_175e0e5a-8409-4390-aacc-63bfc87aafce.csv",INTERNET," "," "," ","participantes_936ecdc0-061f-49c1-a581-b1fbe19f44f8.csv",NÃO," ",2023-12-19T09:00:00Z,"Lei 8666/1993, Art. 15, CAPUT",93292.75,64000
"PREFEITURA MUNICIPAL DE CRICIUMA",280,2023,280,2023,2023-11-21,"O presente edital tem por objetivo o registro de preços de aduelas de concreto armado e tubos de concreto, em atendimento a implantação, ampliação e manutenção do sistema de drenagem pluvial do município de Criciúma/SC.","Pregão eletrônico","Compras e Serviços","MENOR PRECO POR ITEM",2023-12-26,HOMOLOGADO," ","atasRegistroPrecos_7aa67c2e-1ca6-49b0-9a2d-6a04e5c33afb.csv"," "," ",2023-12-01T09:00:00Z," ",2023-11-06,2023-12-01," ","despesas_2078a78d-1576-49b0-8659-8a341104bfcc.csv","documentosRelacionados_8fb87929-3e15-47b1-ac0d-48e784e244b0.csv","compras@criciuma.sc.gov.br","empenhos_d683effb-900f-4ad7-bf05-84687e4bbc37.csv","Rua Domênico Sônego","Rua Domênico Sônego",SC,Licitação,2023-11-06T08:00:00Z,"itensVencedores_04b4b59b-d45c-46f5-9817-09923a9a15c2.csv",INTERNET," "," "," ","participantes_c4425f58-17ca-4638-95c8-e1287b9ff1ee.csv",SIM," ",2023-12-01T09:00:00Z,"Lei 8666/1993, Art. 15, CAPUT",964116,660950
"PREFEITURA MUNICIPAL DE CRICIUMA",306,2023,306,2023,2023-12-22,"O presente edital tem por objetivo o registro de preços de tênis escolar, em atendimento as demandas da Rede Municipal de Ensino de Criciúma/SC.","Pregão presencial","Compras e Serviços","MENOR PRECO GLOBAL",2024-01-16,HOMOLOGADO," ","atasRegistroPrecos_c7ce16b0-62dd-4727-8460-b60c0716d15d.csv"," "," ",2024-01-11T09:00:00Z," ",2023-12-20,2024-01-11," ","despesas_6e06d355-5cfc-41a2-b7ff-327d09992320.csv","documentosRelacionados_b422f86a-9555-4a98-835e-25dad9ff8ac3.csv","compras@criciuma.sc.gov.br","empenhos_b51dd038-76a8-4af6-8380-1c0e042541a2.csv","Rua Domênico Sônego","Rua Domênico Sônego",SC,Licitação,2023-12-20T08:00:00Z,"itensVencedores_a100b303-e00b-4bfe-bc0a-bb6cca55bf38.csv",INTERNET," "," "," ","participantes_b33a26e6-22c4-47d7-9b29-6fc037267e99.csv",SIM," ",2024-01-11T09:00:00Z,"Lei 8666/1993, Art. 15, CAPUT",2093000,1890000.0
"PREFEITURA MUNICIPAL DE CRICIUMA",289,2023,289,2023,2023-11-28,"O presente edital tem por objetivo a contratação de empresa para realizar o fornecimento e instalação de calhas e demais serviços, referentes a cobertura da Rua Coberta, localizada na travessa Giro Henrique Lodetti, no município de Criciúma/SC.","Pregão presencial","Compras e Serviços","MENOR PRECO GLOBAL",2023-12-11,HOMOLOGADO," "," "," ","contratos_3f742bf6-c9cc-49ec-97a5-fba235cd86bd.csv",2023-12-11T14:00:00Z," ",2023-11-20,2023-12-11," "," ","documentosRelacionados_435afcd1-fe0c-41f2-a248-802ee9239b37.csv","compras@criciuma.sc.gov.br"," ","Rua Domênico Sônego","Rua Domênico Sônego",SC,Licitação,2023-11-20T08:00:00Z,"itensVencedores_2ce0155e-249a-489b-b28d-a91dbe852c98.csv",INTERNET," "," "," ","participantes_0f0c2b67-54b9-4a4e-abc9-cb0ac8587580.csv",NÃO," ",2023-12-11T14:00:00Z,"Lei 8666/1993, Art. 15, CAPUT",196196.75,184759.0
"PREFEITURA MUNICIPAL DE CRICIUMA",1,2023,1,2023,2023-01-11,"Contratação de empresa do ramo pertinente para realização de serviços relativos à perícia técnica nas obras e projetos da escola E.M.E.B. Filho do Mineiro, com área construída de 6.553,00m², localizada no bairro Metropol – Município de Criciúma-SC.","Tomada de Preço","Compras e Serviços","MENOR PRECO",2023-01-30,HOMOLOGADO," "," "," ","contratos_6901c734-43e9-4108-aaf3-1422f3b27a21.csv",2023-01-27T14:00:00Z," ",2022-11-18,2023-01-27," "," ","documentosRelacionados_f9d58e36-103c-47e4-923b-8acce1ccb320.csv","compras@criciuma.sc.gov.br"," ","Rua Domênico Sônego","Rua Domênico Sônego",SC,Licitação,2022-11-18T08:00:00Z,"itensVencedores_245296cf-9325-4f63-a8d2-a95d49914ef5.csv",INTERNET," "," "," ","participantes_acf4b808-2d89-4280-8383-96b0f914cbbf.csv",NÃO," ",2023-01-27T14:00:00Z,"Lei 8666/1993, Art. 22, II",13200,9636
"PREFEITURA MUNICIPAL DE CRICIUMA",61,2023,61,2023,2023-03-20,"A presente licitação tem por objetivo a contratação de empresa especializada no fornecimento de solução para gerenciamento e controle do Plano Anual de Contratações, bem como dos contratos e demais atos jurídicos dele decorrentes, com a finalidade de atendimento das demandas do município de Criciúma/SC.","Pregão presencial","Compras e Serviços","MENOR PRECO GLOBAL",2023-04-04,HOMOLOGADO," "," "," ","contratos_273e5d91-a869-407c-a1a9-95d0c41c3447.csv",2023-04-04T14:00:00Z," ",2023-01-27,2023-04-04," "," ","documentosRelacionados_d7d579b2-17b3-4eff-9d5a-557b91461e51.csv","compras@criciuma.sc.gov.br"," ","Rua Domênico Sônego","Rua Domênico Sônego",SC,Licitação,2023-01-27T08:00:00Z,"itensVencedores_6c306bca-7829-4b99-96f6-b0f3760fa920.csv",INTERNET," "," "," ","participantes_7f1dfb68-fc8f-4505-8bf2-314a61823560.csv",NÃO," ",2023-04-04T14:00:00Z,"Lei 8666/1993, Art. 15, CAPUT",154935.73,154350
"PREFEITURA MUNICIPAL DE CRICIUMA",21,2023,21,2023,2023-01-31,"Registro de preços, para aquisição SOB DEMANDA, de areia lavada fina (branca e limpa), para manutenção e conservação nos diversos logradouros públicos e pátios escolares do Município de Criciúma/SC.","Pregão eletrônico","Compras e Serviços","MENOR PRECO POR ITEM",2023-02-24,HOMOLOGADO," ","atasRegistroPrecos_1b301298-f314-4d54-8fa9-413d383c4a84.csv"," "," ",2023-02-14T14:00:00Z," ",2022-12-28,2023-02-14," ","despesas_73dd2324-b87d-41c9-87a9-c9b291184199.csv","documentosRelacionados_e72ba2bd-644c-4332-a213-4ff81e224c0e.csv","compras@criciuma.sc.gov.br","empenhos_4ed8c8e6-4cc0-4c0a-8367-1705241cd5e3.csv","Rua Domênico Sônego","Rua Domênico Sônego",SC,Licitação,2022-12-28T08:00:00Z,"itensVencedores_265585da-fe41-4852-b347-03a072a6f4cf.csv",MURAL_PUBLICO," "," "," ","participantes_504891f6-cbbf-4670-9268-e63beee2a02d.csv",SIM," ",2023-02-14T14:00:00Z,"Lei 8666/1993, Art. 15, CAPUT",234300,54980
"PREFEITURA MUNICIPAL DE CRICIUMA",31,2023,31,2023,2023-02-08,"O presente edital tem por objetivo o registro de preços de tabelas hidráulicas de basquete, tabelas de basquete em acrílico, mastros de voleibol, traves oficiais de futsal, traves de futebol society, a serem instaladas nas quadras poliesportivas das escolas, atendendo as demandas da Secretaria Municipal de Educação de Criciúma/SC.","Pregão eletrônico","Compras e Serviços","MENOR PRECO POR ITEM",2023-03-10,HOMOLOGADO," ","atasRegistroPrecos_bb54a10e-b759-4578-824d-e77aa60b249d.csv"," "," ",2023-02-22T09:00:00Z," ",2023-01-11,2023-02-22," ","despesas_511465ff-68ae-416b-a0fb-e971de0b88dc.csv","documentosRelacionados_2e6cfd24-98de-4c80-b8fc-d3e0da7e8a79.csv","compras@criciuma.sc.gov.br","empenhos_00f0109e-c5ab-4971-b922-a47abd7669b2.csv","Rua Domênico Sônego","Rua Domênico Sônego",SC,Licitação,2023-02-09T08:00:00Z,"itensVencedores_1c44ce37-f334-44c4-b874-d42cd9af4acf.csv",MURAL_PUBLICO," "," "," ","participantes_c64cecbe-d4bc-4228-854a-310b8b8c3e27.csv",SIM," ",2023-02-22T09:00:00Z,"Lei 8666/1993, Art. 15, CAPUT",242425.09,134920
"PREFEITURA MUNICIPAL DE CRICIUMA",44,2023,44,2023,2023-02-22,"O presente edital tem por objetivo a contratação de empresa especializada para a prestação de serviços gráficos diversos, sob demanda, compreendendo (diagramação, formatação e confecção/execução), incluindo a produção editorial de revista/livros/cartilhas, no atendimento as demandas da administração, secretarias e fundações atendendo as necessidades do município de Criciúma/SC.","Pregão presencial","Compras e Serviços","MENOR PRECO POR ITEM",2023-03-13,HOMOLOGADO," "," "," ","contratos_db9fefd0-7372-4142-b66a-8f1b4ccaaf8b.csv",2023-03-10T14:00:00Z," ",2023-01-25,2023-03-10," "," ","documentosRelacionados_f7955528-d644-480d-a0ac-37f5e9bef05d.csv","compras@criciuma.sc.gov.br"," ","Rua Domênico Sônego","Rua Domênico Sônego",SC,Licitação,2023-02-24T08:00:00Z,"itensVencedores_dcfa8ea4-7d15-446f-b8a1-7b543b9054c8.csv",MURAL_PUBLICO," "," "," ","participantes_3bd5b05a-125b-4a9d-9373-e17db97d419b.csv",NÃO," ",2023-03-10T14:00:00Z,"Lei 8666/1993, Art. 15, CAPUT",233567,169029
"PREFEITURA MUNICIPAL DE CRICIUMA",40,2023,40,2023,2023-02-17,"O presente edital tem como objetivo o registro de preços de filtros e lubrificantes, compreendendo a troca, para reposição e manutenção dos equipamentos e máquinas pesadas do município de Criciúma/SC.","Pregão presencial","Compras e Serviços","MAIOR DESCONTO SOBRE TABELA",2023-03-10,HOMOLOGADO," ","atasRegistroPrecos_99fb0b2c-1c40-43ae-84b9-56ff383721fd.csv"," "," ",2023-03-08T14:00:00Z," ",2023-01-23,2023-03-08," ","despesas_b4d4bdba-1c2c-4742-b55e-a63f3fa54ea5.csv","documentosRelacionados_5847c2d9-871a-4b52-90a7-d2d098826822.csv","compras@criciuma.sc.gov.br","empenhos_4d3d079a-557a-4371-bef6-e5c401082aff.csv","Rua Domênico Sônego","Rua Domênico Sônego",SC,Licitação,2023-02-20T08:00:00Z,"itensVencedores_93cfdb49-f926-4f52-891b-2ec1887a49ba.csv",MURAL_PUBLICO," "," "," ","participantes_1eb60145-b0fb-415d-8939-29e35720dc6a.csv",SIM," ",2023-03-08T14:00:00Z,"Lei 8666/1993, Art. 15, CAPUT",650000,650000.0
"PREFEITURA MUNICIPAL DE CRICIUMA",55,2023,55,2023,2023-03-06,"Contração de empresa especializada para execução sem fornecimento de materiais e peças de reposição, de pequenos reparos (manutenção preventiva e corretiva), nas unidades escolares, Secretaria de Educação e demais locais sob a responsabilidade da Secretaria Municipal de Educação de Criciúma/SC.","Pregão presencial","Compras e Serviços","MENOR PRECO GLOBAL",2023-04-03,HOMOLOGADO," "," "," ","contratos_d6571cdc-907f-4de9-8b30-816412de384a.csv",2023-03-20T14:00:00Z," ",2023-01-26,2023-03-20," "," ","documentosRelacionados_6c165c3d-88fc-4ebd-9a3b-1922641309ee.csv","compras@criciuma.sc.gov.br"," ","Rua Domênico Sônego","Rua Domênico Sônego",SC,Licitação,2023-01-26T08:00:00Z,"itensVencedores_0ebdb7e6-44a1-4af5-9fef-905da3caa5e7.csv",MURAL_PUBLICO," "," "," ","participantes_346e3814-4509-4146-ade4-44aefb790800.csv",NÃO," ",2023-03-20T14:00:00Z,"Lei 8666/1993, Art. 15, CAPUT",1000002.94,490000
"PREFEITURA MUNICIPAL DE CRICIUMA",80,2023,80,2023,2023-03-28,"O presente edital tem por objetivo o registro de preços de vidros, espelhos, portas e janelas para reposição e manutenção, compreendendo a instalação e equipamentos necessários, para as Secretarias, Diretorias, Fundos e Fundações do município de Criciúma/SC.","Pregão presencial","Compras e Serviços","MENOR PRECO GLOBAL",2023-04-17,HOMOLOGADO," ","atasRegistroPrecos_83b471b2-2e10-4572-a443-cff594986563.csv"," "," ",2023-04-13T09:00:00Z," ",2023-03-13,2023-04-13," ","despesas_3377d5a8-a10f-48e3-823b-022478ba8f02.csv","documentosRelacionados_6ba73cb4-0956-4fdd-89de-4e72f68f6ae8.csv","compras@criciuma.sc.gov.br","empenhos_02013c39-706f-4f39-9daf-e50e23a7ef7e.csv","Rua Domênico Sônego","Rua Domênico Sônego",SC,Licitação,2023-03-13T08:00:00Z,"itensVencedores_61718392-87ac-421e-8106-fea21c6e07cf.csv",MURAL_PUBLICO," "," "," ","participantes_d0eb7210-0bc1-45cd-a18b-4b4ec1305b5a.csv",SIM," ",2023-04-13T09:00:00Z,"Lei 8666/1993, Art. 15, CAPUT",805074.58,756770.43
"PREFEITURA MUNICIPAL DE CRICIUMA",133,2023,133,2023,2023-06-05,"Registro de preços de peças e serviços para aquisições futuras, na manutenção preventiva e corretiva de caminhões e ônibus, pertencentes a frota oficial do município de Criciúma/SC.","Pregão presencial","Compras e Serviços","MAIOR DESCONTO SOBRE TABELA",2023-06-21,HOMOLOGADO," ","atasRegistroPrecos_7a43c512-cba9-4a99-afc3-f244e93ca325.csv"," "," ",2023-06-19T14:00:00Z," ",2023-05-08,2023-06-19," ","despesas_05959746-d8f7-4652-a7f4-8e0533341cbf.csv","documentosRelacionados_f763fdd0-73b3-41a0-8a6e-7e90daacd927.csv","compras@criciuma.sc.gov.br","empenhos_f99f693e-7881-45d6-b4b6-5d0d59622787.csv","Rua Domênico Sônego","Rua Domênico Sônego",SC,Licitação,2023-05-08T08:00:00Z,"itensVencedores_4ff2222d-52b5-42c5-b8be-861d7d3e1927.csv",INTERNET," "," "," ","participantes_d28256cc-76b3-47c3-8004-d01b3b3c241a.csv",SIM," ",2023-06-19T14:00:00Z,"Lei 8666/1993, Art. 15, CAPUT",850000,850000.0
"PREFEITURA MUNICIPAL DE CRICIUMA",225,2023,225,2023,2023-09-11,"O presente edital tem por objetivo a contratação de empresa especializada para fornecimento e instalação de defensas metálicas galvanizadas, a serem implantadas nas vias do município de Criciúma/SC.","Pregão presencial","Compras e Serviços","MENOR PRECO GLOBAL",2023-09-25,HOMOLOGADO," ","atasRegistroPrecos_7e60f50f-1fb2-4bec-b450-15ba570486df.csv"," "," ",2023-09-22T09:00:00Z," ",2023-08-20,2023-09-22," ","despesas_2ec9a48e-7256-469e-8eb8-5c237065f3cd.csv","documentosRelacionados_56f28913-f27b-4bd5-8999-37e739487ee7.csv","compras@criciuma.sc.gov.br","empenhos_2f32d3b7-6a56-4a38-b410-429820b0ed24.csv","Rua Domênico Sônego","Rua Domênico Sônego",SC,Licitação,2023-08-20T08:00:00Z,"itensVencedores_5f7668f2-cf48-4dc6-b0b0-0ef13e5c3733.csv",INTERNET," "," "," ","participantes_cfc10890-16e8-4975-9abb-8d4cb2718dd4.csv",SIM," ",2023-09-22T09:00:00Z,"Lei 8666/1993, Art. 15, CAPUT",675000,672000
"PREFEITURA MUNICIPAL DE CRICIUMA",244,2023,244,2023,2023-10-05,"Registro de preços de peças e serviços para aquisições futuras, na RETIFICA DE BOMBAS E BICOS INJETORES PARA MOTORES A DIESEL nas linhas leves, utilitários/misto e caminhões e ônibus, pertencentes a frota oficial do município de Criciúma/SC","Pregão presencial","Compras e Serviços","MAIOR DESCONTO SOBRE TABELA",2023-10-19,HOMOLOGADO," ","atasRegistroPrecos_c2e51406-ceb3-4a94-a5df-8efd20744d5e.csv"," "," ",2023-10-19T09:00:00Z," ",2023-09-14,2023-10-19," ","despesas_7fb0e972-b78d-4311-83c9-d43fea976eee.csv","documentosRelacionados_9aff9dfa-f130-4a95-a875-d38ed1c7c11d.csv","compras@criciuma.sc.gov.br","empenhos_308cf77d-dfd2-4718-9b40-d622c97047a1.csv","Rua Domênico Sônego","Rua Domênico Sônego",SC,Licitação,2023-09-14T08:00:00Z,"itensVencedores_e9f60f8b-b86c-40fc-a782-bc453d681711.csv",INTERNET," "," "," ","participantes_dc58422f-dea0-4d15-8fa0-f7bbed9daad3.csv",SIM," ",2023-10-19T09:00:00Z,"Lei 8666/1993, Art. 15, CAPUT",400000,400000.0
"PREFEITURA MUNICIPAL DE CRICIUMA",278,2023,278,2023,2023-10-17,"Registro de Preços para aquisição, sob demanda, de mochilas/bolsas personalizadas destinadas aos professores da Rede Municipal de Ensino de Criciúma/SC.","Pregão eletrônico","Compras e Serviços","MENOR PRECO POR ITEM",2024-04-04,HOMOLOGADO," ","atasRegistroPrecos_e3fdbc8a-1b25-4990-9c29-a8c0a1d870cd.csv"," "," ",2023-12-05T09:00:00Z," ",2023-10-04,2023-12-05," ","despesas_ee6f83d8-a771-4caf-abec-6c936440064c.csv","documentosRelacionados_88c6f750-6df2-4ea9-9747-0b56d75026e4.csv","compras@criciuma.sc.gov.br","empenhos_4641186f-c244-4a91-b563-15921102b693.csv","Rua Domênico Sônego","Rua Domênico Sônego",SC,Licitação,2023-10-04T08:00:00Z,"itensVencedores_1c423131-fccd-497e-8f2b-fad7dc0faa23.csv",MURAL_PUBLICO," "," "," ","participantes_4633022b-0298-4d9b-a152-b89b207dc01f.csv",SIM," ",2023-12-05T09:00:00Z,"Lei 14133/2021, Art. 28, I",245286,221400
"PREFEITURA MUNICIPAL DE CRICIUMA",110,2023,110,2023,2023-05-09,"O presente edital tem por objetivo o registro de preços de peças e serviços para aquisições futuras, na manutenção geral (mecânica, elétrica, funilaria, pintura, lanternagem e demais serviços necessários) da frota do Ciretran de Criciúma/SC.","Pregão presencial","Compras e Serviços","MAIOR DESCONTO SOBRE TABELA",2023-05-26,HOMOLOGADO," ","atasRegistroPrecos_e3ceef81-f0bd-41bb-8dd4-56cba874b11e.csv"," "," ",2023-05-19T14:00:00Z," ",2023-04-11,2023-05-19," ","despesas_f189e9af-72da-465b-8506-36ea09bb28d4.csv","documentosRelacionados_4887abb7-dd59-4f9b-bdac-fe995f1f66e3.csv","compras@criciuma.sc.gov.br","empenhos_a015ccb0-f3bf-4dcd-aed9-00707f2ade5b.csv","Rua Domênico Sônego","Rua Domênico Sônego",SC,Licitação,2023-04-11T08:00:00Z,"itensVencedores_9effc437-12b8-465b-b334-d974bb01ce95.csv",INTERNET," "," "," ","participantes_e3e61ec3-50e6-4d19-890b-3c61f17103f4.csv",SIM," ",2023-05-19T14:00:00Z,"Lei 8666/1993, Art. 15, CAPUT",423522,423522
"PREFEITURA MUNICIPAL DE CRICIUMA",209,2023,209,2023,2023-08-04,"Registro de preços de peças e serviços para aquisições futuras, na RETIFICA DE MOTORES nas linhas leves, caminhões e ônibus, pertencentes a frota oficial do município de Criciúma/SC.","Pregão presencial","Compras e Serviços","MAIOR DESCONTO SOBRE TABELA",2023-08-22,HOMOLOGADO," ","atasRegistroPrecos_32d8c42c-4be2-41bd-9aed-ded472dcbfe6.csv"," "," ",2023-08-18T09:00:00Z," ",2023-06-28,2023-08-18," ","despesas_aeda4971-9e7a-4c4c-af7c-468a7983500e.csv","documentosRelacionados_0d5e0cbd-7652-4a9f-8e28-3aa052bf613d.csv","compras@criciuma.sc.gov.br","empenhos_08d54a0e-aa1e-4312-bc85-8500c14e139b.csv","Rua Domênico Sônego","Rua Domênico Sônego",SC,Licitação,2023-06-28T08:00:00Z,"itensVencedores_6b69d304-bf5d-4049-80c9-d03a891ace01.csv",INTERNET," "," "," ","participantes_10eab82c-7a22-456f-b8e6-5039966baac5.csv",SIM," ",2023-08-18T09:00:00Z,"Lei 8666/1993, Art. 15, CAPUT",700000,700000.0
"PREFEITURA MUNICIPAL DE CRICIUMA",207,2023,207,2023,2023-08-03,"Contratação de empresa do ramo pertinente para execução, SOB DEMANDA, dos serviços necessários à realização de sondagem à percussão (SPT) e rotativa para análise do solo em obras do município de Criciúma-SC.","Tomada de preços","Compras e Serviços","MENOR PRECO"," ",REVOGADO," "," "," "," ",2023-08-23T09:00:00Z," ",2023-07-21,2023-08-23,2023-08-23," ","documentosRelacionados_c5d60355-d80e-456e-bffe-ad8ca387540b.csv","compras@criciuma.sc.gov.br"," ","Rua Domênico Sônego","Rua Domênico Sônego",SC,Licitação,2023-07-21T08:00:00Z," ",INTERNET," ","Licitação deserta"," "," ",NÃO," ",2023-08-23T09:00:00Z,"Lei 8666/1993, Art. 22, II",224293.4," "
"PREFEITURA MUNICIPAL DE CRICIUMA",234,2023,234,2023,2023-09-18,"O presente edital tem por objetivo o a confecção de abrigos metálicos de ponto de ônibus, em atendimento a Diretoria de Trânsito e Transportes do município de Criciúma/SC.","Pregão presencial","Compras e Serviços","MENOR PRECO GLOBAL",2023-10-10,HOMOLOGADO," "," "," ","contratos_0aa49a0f-fcfc-40ce-a6ab-d47394ce03e9.csv",2023-10-04T14:00:00Z," ",2023-08-28,2023-10-04," "," ","documentosRelacionados_b63e3fc7-b731-4ea8-853b-f32184487e73.csv","compras@criciuma.sc.gov.br"," ","Rua Domênico Sônego","Rua Domênico Sônego",SC,Licitação,2023-09-15T08:00:00Z,"itensVencedores_3395d544-a674-4547-9857-aaefbb1e0fcb.csv",INTERNET," "," "," ","participantes_36cc843a-60d3-441c-9185-8a76f5738c02.csv",NÃO," ",2023-10-04T14:00:00Z,"Lei 8666/1993, Art. 15, CAPUT",1258000,795000.0
"PREFEITURA MUNICIPAL DE CRICIUMA",236,2023,236,2023,2023-09-19,"O presente edital tem por objetivo a contratação de empresa especializada, para fornecimento de equipamentos de TI, necessários para o monitoramento das unidades escolares, e demais órgãos pertencentes a Secretaria Municipal de Educação de Criciúma/SC.","Pregão eletrônico","Compras e Serviços","MENOR PRECO POR ITEM",2023-11-14,HOMOLOGADO," "," "," ","contratos_ee8bb6bd-8f29-4c05-84aa-87c8c3ddf659.csv",2023-10-02T14:00:00Z," ",2023-09-01,2023-10-02," "," ","documentosRelacionados_ab343978-d177-4f7b-8c65-960ea28b75db.csv","compras@criciuma.sc.gov.br"," ","Rua Domênico Sônego","Rua Domênico Sônego",SC,Licitação,2023-09-01T08:00:00Z,"itensVencedores_4628d687-cf73-4d7c-ac45-db67a733c33e.csv",INTERNET," "," "," ","participantes_af4ff02a-c4ad-4403-91e3-e5e9f2cd2604.csv",NÃO," ",2023-10-02T14:00:00Z,"Lei 8666/1993, Art. 15, CAPUT",265617.19,177433.82
"PREFEITURA MUNICIPAL DE CRICIUMA",241,2023,241,2023,2023-10-03,"Contratação de empresa do ramo pertinente, para execução dos serviços necessários à realização das obras de reforma e ampliação do prédio do CENTRO COMUNITÁRIO DO BAIRRO VILA FLORESTA I, localizado na rua Ivo Pizoni, município de Criciúma-SC.","Tomada de Preço","Compras e Serviços","MENOR PRECO",2023-11-14,HOMOLOGADO," "," "," ","contratos_07702bb2-6790-48c1-9b9c-0d8b18f59a62.csv",2023-10-19T14:00:00Z," ",2023-09-21,2023-10-19," "," ","documentosRelacionados_463d96c8-1b17-4b80-9657-265944da1c3f.csv","compras@criciuma.sc.gov.br"," ","Rua Domênico Sônego","Rua Domênico Sônego",SC,Licitação,2023-09-21T08:00:00Z,"itensVencedores_0f6a4b57-12da-4a48-b09a-28e043a8c680.csv",DIARIO_OFICIAL_MUNICIPIO," "," "," ","participantes_41d21d65-ac4d-4c51-a010-c8872436ed14.csv",NÃO," ",2023-10-19T14:00:00Z,"Lei 8666/1993, Art. 22, II",169835.24,127158.42
"PREFEITURA MUNICIPAL DE CRICIUMA",78,2023,78,2023,2023-03-28,"O presente edital tem por objetivo o registro de preços de placas de identificação de logradouro, compreendendo a confecção e instalação, em atendimento as demandas do município de Criciúma/SC.","Pregão presencial","Compras e Serviços","MENOR PRECO GLOBAL",2023-04-12,HOMOLOGADO," ","atasRegistroPrecos_2f4b891f-d02a-4de0-a41b-1d96640f0f68.csv"," "," ",2023-04-12T09:00:00Z," ",2023-03-15,2023-04-12," ","despesas_af374f75-a676-4497-b990-970149f98c29.csv","documentosRelacionados_e83206ff-e01a-4cbd-9258-5b0aca9eb54c.csv","compras@criciuma.sc.gov.br","empenhos_f11e8dce-cd81-4506-ad15-652e5bd0c3a9.csv","Rua Domênico Sônego","Rua Domênico Sônego",SC,Licitação,2023-03-15T08:00:00Z,"itensVencedores_28746ce1-1165-4c72-935b-3b9290905ab8.csv",MURAL_PUBLICO," "," "," ","participantes_9515bb91-0158-40eb-838f-c9e647e77656.csv",SIM," ",2023-04-12T09:00:00Z,"Lei 8666/1993, Art. 15, CAPUT",548000,545000
"PREFEITURA MUNICIPAL DE CRICIUMA",96,2023,96,2023,2023-04-19,"Contratação de empresa do ramo pertinente para execução dos serviços necessários à realização das obras de reforma do telhado e das instalações elétricas do prédio do CENTRO COMUNITÁRIO DO BAIRRO VILA MACARINI, localizado na rua Angelo Alamini esq. com Rua André Dario - Município de Criciúma-SC.","Tomada de Preço","Compras e Serviços","MENOR PRECO",2023-06-15,HOMOLOGADO," "," "," ","contratos_48fbe5ed-32eb-4291-beb6-d4fd8d1acc54.csv",2023-05-08T09:00:00Z," ",2023-04-10,2023-05-08," "," ","documentosRelacionados_eaf5f708-a6d5-4d75-8952-5f1d1b779f45.csv","compras@criciuma.sc.gov.br"," ","Rua Domênico Sônego","Rua Domênico Sônego",SC,Licitação,2023-04-10T08:00:00Z,"itensVencedores_3c93f519-0373-4a0c-962b-dc51cda5fc0c.csv",INTERNET," "," "," ","participantes_5f0079c9-db83-465f-9f13-77e53cba8c4a.csv",NÃO," ",2023-05-08T09:00:00Z,"Lei 8666/1993, Art. 22, II",341998.95,235973.35
"PREFEITURA MUNICIPAL DE CRICIUMA",125,2023,125,2023,2023-05-24,"Concessão onerosa de uso para exploração comercial do espaço do bar, lanchonete, restaurante e conveniência do equipamento público denominado “QUIOSQUE DA PRAÇA DO CONGRESSO”, por tempo determinado, localizado no centro do Município de Criciúma-SC.",Concorrência,"Compras e Serviços","MENOR PRECO",2023-08-18,HOMOLOGADO," "," "," ","contratos_95d12159-5bad-4321-b7d5-44a2f3edf303.csv",2023-06-26T14:00:00Z," ",2023-05-04,2023-06-26," "," ","documentosRelacionados_5d21741c-ce6e-4eb7-91dd-45cdaa673a1d.csv","compras@criciuma.sc.gov.br"," ","Rua Domênico Sônego","Rua Domênico Sônego",SC,Licitação,2023-05-04T08:00:00Z,"itensVencedores_62b5fdae-e5d1-4f26-83ba-be240675e37f.csv",INTERNET," "," "," ","participantes_7c2cf662-83aa-43a3-8aea-71144a067438.csv",NÃO," ",2023-06-26T14:00:00Z,"Lei 8666/1993, Art. 15, CAPUT",2000,2750
"PREFEITURA MUNICIPAL DE CRICIUMA",219,2023,219,2023,2023-08-30,"Contratação de empresa do ramo pertinente, para execução dos serviços necessários à realização das obras de pavimentação com revestimento em blocos de concreto (lajotas) em 11 (onze) ruas do BAIRRO RECANTO VERDE, no Município de Criciúma-SC.  CONVÊNIO: CONTRATO FINISA Nº 0603768-52)","Tomada de preços","Compras e Serviços","MENOR PRECO GLOBAL",2023-10-18,HOMOLOGADO," "," "," ","contratos_2b4b2e94-d103-4e81-85e2-f2a6676d509d.csv",2023-09-18T14:00:00Z," ",2023-08-17,2023-09-18," "," ","documentosRelacionados_ab85e770-3763-4d6b-b0bd-7e7eb50af8eb.csv","compras@criciuma.sc.gov.br"," ","Rua Domênico Sônego","Rua Domênico Sônego",SC,Licitação,2023-08-30T08:00:00Z,"itensVencedores_0b8ecd56-311c-4acc-bc51-acb62ec020e7.csv",INTERNET," "," "," ","participantes_1e0abcef-4323-4a18-b7bd-87e160a7a423.csv",NÃO," ",2023-09-18T14:00:00Z,"Lei 8666/1993, Art. 22, II",2991676.58,2407048.41
"PREFEITURA MUNICIPAL DE CRICIUMA",226,2023,226,2023,2023-09-13,"Contratação de empresa do ramo pertinente, para execução, SOB DEMANDA, dos serviços necessários à manutenção do sistema de esgotamento sanitário em tubulação de concreto, nas ruas do município de Criciúma-SC.","Tomada de preços","Compras e Serviços","MENOR PRECO",2023-10-10,HOMOLOGADO," "," "," ","contratos_b7f7c5ff-6c8d-42f2-a1a3-77ca25439005.csv",2023-10-02T14:00:00Z," ",2023-08-14,2023-10-02," "," ","documentosRelacionados_7e869594-2fe2-4c47-88ff-9692f1e28dbc.csv","compras@criciuma.sc.gov.br"," ","Rua Domênico Sônego","Rua Domênico Sônego",SC,Licitação,2023-08-14T08:00:00Z,"itensVencedores_6b89937b-3d74-422c-a40e-22153a5af1f6.csv",INTERNET," "," "," ","participantes_c8a9c2ab-538a-4537-8764-440d6f1c1171.csv",NÃO," ",2023-10-02T14:00:00Z,"Lei 8666/1993, Art. 22, II",628299.19,597504.36
"PREFEITURA MUNICIPAL DE CRICIUMA",255,2023,255,2023,2023-10-18,"Contratação de empresa do ramo pertinente, para execução dos serviços necessários à realização das obras de reforma e ampliação do prédio da E.M.E.B. Pe. CARLOS WECKI, localizada na avenida União, bairro Mineira Velha no município de Criciúma-SC.","Tomada de preços","Compras e Serviços","MENOR PRECO GLOBAL",2023-11-30,HOMOLOGADO," "," "," ","contratos_f054bd0e-8754-46c6-8001-02de69f0a9fa.csv",2023-11-06T09:00:00Z," ",2023-09-02,2023-11-06," "," ","documentosRelacionados_8a700741-ec39-4676-96f0-7094b69beace.csv","compras@criciuma.sc.gov.br"," ","Rua Domênico Sônego","Rua Domênico Sônego",SC,Licitação,2023-09-02T08:00:00Z,"itensVencedores_ebf1b2cb-58a1-4ed5-b95c-f9f7eb64a47c.csv",INTERNET," "," "," ","participantes_c0283841-c4f1-48ae-bc76-d13e11a691a2.csv",NÃO," ",2023-11-06T09:00:00Z,"Lei 8666/1993, Art. 22, II",443531.55,350791.96
"PREFEITURA MUNICIPAL DE CRICIUMA",287,2023,287,2023,2023-11-23,"Contratação de empresa especializada, para realizar sob demanda, serviços de troca de luminárias e demais materiais que compreendam os pontos de iluminação, conforme projeto luminotécnico no município de Criciúma/SC.","Pregão eletrônico","Compras e Serviços","MENOR PRECO POR ITEM",2024-02-06,HOMOLOGADO," "," "," ","contratos_b9dfba25-3c98-4b0c-95b9-70257829b7ec.csv",2023-12-08T09:00:00Z," ",2023-10-23,2023-12-08," "," ","documentosRelacionados_ba0a2ea4-f9bc-4eb3-9073-88f218d35bd6.csv","compras@criciuma.sc.gov.br"," ","Rua Domênico Sônego","Rua Domênico Sônego",SC,Licitação,2023-10-23T08:00:00Z,"itensVencedores_63fecc31-0dcd-4e93-95bc-0212d2e0e7b0.csv",DIARIO_OFICIAL_MUNICIPIO," "," "," ","participantes_dd8e3fab-d387-40e0-ac2e-2b4943624a1c.csv",NÃO," ",2023-12-08T09:00:00Z,"Lei 14133/2021, Art. 28, I",3888300,2366000
"PREFEITURA MUNICIPAL DE CRICIUMA",45,2023,45,2023,2023-02-22,"Registro de preços, para aquisição SOB DEMANDA, de materiais e equipamentos de bombeiros, para o 4º Batalhão de Bombeiros Militar de Criciúma/ SC.","Pregão eletrônico","Compras e Serviços","MENOR PRECO POR ITEM",2023-03-29,HOMOLOGADO," ","atasRegistroPrecos_26c536f6-ed51-4cfe-bf50-2123d5d06384.csv"," "," ",2023-03-09T09:00:00Z," ",2023-01-25,2023-03-09," ","despesas_ff5f5c15-0c66-41bf-98a8-171d3a4ba9c0.csv","documentosRelacionados_d54b5e66-15bf-4329-a7c1-fb85ac1f80b8.csv","compras@criciuma.sc.gov.br","empenhos_f1c4b15d-a35e-4634-bf6b-e31acdf4b35a.csv","Rua Domênico Sônego","Rua Domênico Sônego",SC,Licitação,2023-02-24T08:00:00Z,"itensVencedores_991d358e-0e42-4f01-a5a6-78ee36316628.csv",MURAL_PUBLICO," "," "," ","participantes_2fad2329-b1d6-48b5-be24-3cab3443430e.csv",SIM," ",2023-03-09T09:00:00Z,"Lei 8666/1993, Art. 15, CAPUT",136619.14,82507.57
"PREFEITURA MUNICIPAL DE CRICIUMA",25,2023,25,2023,2023-02-27,"Chamamento para credenciamento de Organizações da Sociedade Civil de Interesse Público (OSCIP), Sociedade de Crédito ao Microempreendedor a à Empresa de Pequeno Porte (SCMEPP), Cooperativas Singulares e Cooperativas Centrais de Crédito, Sociedades de Garantia de Crédito e Instituições Financeiras, para possibilitar o acesso ao crédito, incentivando a geração de emprego e renda, aos Microempreendedores Individuais – MEI, para operarem o “PROGRAMA MÃO NA RODA” no Município de Criciúma.","Inexigibilidade de licitação","Compras e Serviços",CREDENCIAMENTO,2023-02-27,HOMOLOGADO," "," "," "," ",2023-02-27T08:00:00Z," ",2022-12-19,2023-02-27," "," ","documentosRelacionados_93e821b5-2a86-4d2b-a5fc-261449ecc93c.csv","compras@criciuma.sc.gov.br"," ","Rua Domênico Sônego","Rua Domênico Sônego",SC,Licitação,2022-12-19T08:00:00Z,"itensVencedores_c5b7bb35-1ff2-46ac-a776-5d5653ac3d88.csv",MURAL_PUBLICO," "," "," ","participantes_12f81f34-ef84-4811-9cc1-a1d655d91ab7.csv",NÃO," ",2023-02-27T08:00:00Z,"Lei 14133/2021, Art. 74, V",600000,600000
"PREFEITURA MUNICIPAL DE CRICIUMA",71,2023,71,2023,2023-03-24,"O presente edital tem por objetivo a contratação de empresa para a locação de caçambas estacionárias para a remoção de entulhos e descarte dos resíduos retirados das unidades escolares da Rede Municipal de Ensino de Criciúma/SC.","Pregão presencial","Compras e Serviços","MENOR PRECO GLOBAL",2023-04-17,HOMOLOGADO," "," "," ","contratos_9f6dfc1b-a118-449a-ba59-b79016985915.csv",2023-04-13T14:00:00Z," ",2023-03-01,2023-04-13," "," ","documentosRelacionados_00d8d6d9-84dd-4717-a461-32ff9428bff6.csv","compras@criciuma.sc.gov.br"," ","Rua Domênico Sônego","Rua Domênico Sônego",SC,Licitação,2023-03-01T08:00:00Z,"itensVencedores_65754033-dbb5-4b02-839a-02b45957f653.csv",INTERNET," "," "," ","participantes_4bedbe0f-cf7c-45b8-84ba-56647e34188c.csv",NÃO," ",2023-04-13T14:00:00Z,"Lei 8666/1993, Art. 15, CAPUT",85500,73500
"PREFEITURA MUNICIPAL DE CRICIUMA",256,2023,256,2023,2023-10-19,"O presente edital tem por objetivo o registro de preços de serviços de jardinagem, incluindo preparo de terreno, plantio e manutenção, em atendimento aos parques e praças localizados no município de Criciúma/SC.","Pregão eletrônico","Compras e Serviços","MENOR PREÇO GLOBAL POR LOTE",2023-11-01,HOMOLOGADO," ","atasRegistroPrecos_daa8f1fe-893c-4c50-b123-4bac733290a5.csv"," "," ",2023-10-31T14:00:00Z," ",2023-10-03,2023-10-31," ","despesas_9bf51c63-beb1-40d8-8fd7-1188ebf82c02.csv","documentosRelacionados_1700430d-4541-46a5-a09f-21075ed4698e.csv","compras@criciuma.sc.gov.br","empenhos_3e653986-0fc9-4526-9179-90d652990673.csv","Rua Domênico Sônego","Rua Domênico Sônego",SC,Licitação,2023-10-18T08:00:00Z,"itensVencedores_6bd56442-7443-43d8-9a54-af9287a2b808.csv",DIARIO_OFICIAL_MUNICIPIO," "," "," ","participantes_a237a3ce-cf95-4802-ac6d-1877c60ba1e6.csv",SIM," ",2023-10-31T14:00:00Z,"Lei 8666/1993, Art. 15, CAPUT",141580,86000.0
"PREFEITURA MUNICIPAL DE CRICIUMA",59,2023,59,2023,2023-03-15,"O presente edital tem por objetivo o registro de preços de materiais de expediente, para aquisições futuras, no atendimento a diversas Secretarias, Diretorias, Fundos e Fundações do município de Criciúma/SC.","Pregão presencial","Compras e Serviços","MENOR PRECO POR ITEM",2023-04-19,HOMOLOGADO," ","atasRegistroPrecos_e25d4bde-94c3-4eeb-80c6-1ea1768a2a8f.csv"," "," ",2023-03-29T14:00:00Z," ",2023-01-27,2023-03-29," ","despesas_b24efd96-354b-469e-8553-5814c1a4a97f.csv","documentosRelacionados_554d52a1-f5aa-4be2-92ec-e6ff6912cef8.csv","compras@criciuma.sc.gov.br","empenhos_4d0746ff-1c35-4c96-ab90-0a9ab1dabc64.csv","Rua Domênico Sônego","Rua Domênico Sônego",SC,Licitação,2023-03-08T08:00:00Z,"itensVencedores_8ca1f765-e3e6-41bc-834e-d2c92cc4466e.csv",MURAL_PUBLICO," "," "," ","participantes_26f52190-4b63-4b32-8310-625e833490d5.csv",SIM," ",2023-03-29T14:00:00Z,"Lei 8666/1993, Art. 15, CAPUT",4104206.05,1903750.9
"PREFEITURA MUNICIPAL DE CRICIUMA",232,2023,232,2023,2023-09-15,"O presente edital tem por objetivo o registro de preços de peças e serviços para aquisições futuras, na manutenção do sistema de ar condicionado da frota de veículos leves, caminhões e ônibus, em atendimento as diversas Secretarias, Diretorias, Fundos e Fundações do município de Criciúma/SC.","Pregão presencial","Compras e Serviços","MAIOR DESCONTO SOBRE TABELA",2023-11-16,HOMOLOGADO," ","atasRegistroPrecos_2141f94b-9aca-4a29-85ca-569fd0a0db68.csv"," "," ",2023-10-02T09:00:00Z," ",2023-01-27,2023-10-02," ","despesas_b493a77a-ec8e-42a9-bc44-2dd1d0d93919.csv","documentosRelacionados_5ceb1980-d456-4c45-841c-842939f02263.csv","compras@criciuma.sc.gov.br","empenhos_c079fa2b-afaf-41f4-a419-9aede0ab80ce.csv","Rua Domênico Sônego","Rua Domênico Sônego",SC,Licitação,2023-01-27T08:00:00Z,"itensVencedores_d4ca1a67-7b66-435d-b566-4c151e20b75c.csv",INTERNET," "," "," ","participantes_5ddeca03-54f0-47d7-87e6-daf128ec79e1.csv",SIM," ",2023-10-02T09:00:00Z,"Lei 8666/1993, Art. 15, CAPUT",170000,170000.0
"PREFEITURA MUNICIPAL DE CRICIUMA",120,2023,120,2023,2023-05-19,"Contratação de empresa para fornecimento e instalação de compensados com atenuação acústica das salas de flagrante/audiovisual da Central de Plantão Policial (CPP) e da Delegacia Especializada de Proteção à Mulher, Criança, Adolescente e Idoso (DPCAMI) de Criciúma, orçamentos em anexo, com recursos do Convênio de Trânsito PMC/CONTA/CONVÊNIO/SSP/TRÂNSITO DA POLÍCIA CIVIL","Pregão presencial","Compras e Serviços","MENOR PRECO GLOBAL",2023-05-29,HOMOLOGADO," "," "," ","contratos_fa6e93e1-d5c7-44f9-b897-58ff01680b6c.csv",2023-05-26T14:00:00Z," ",2023-03-20,2023-05-26," "," ","documentosRelacionados_d40b34fe-a402-4fc4-b88b-060834e3af1d.csv","compras@criciuma.sc.gov.br"," ","Rua Domênico Sônego","Rua Domênico Sônego",SC,Licitação,2023-03-20T08:00:00Z,"itensVencedores_74e234c6-77cf-40e1-b476-20a7e3e1b98d.csv",MURAL_PUBLICO," "," "," ","participantes_98209ee9-294b-4fa2-aa5a-39f9df220ed3.csv",NÃO," ",2023-05-26T14:00:00Z,"Lei 8666/1993, Art. 15, CAPUT",10075.6,10800
"PREFEITURA MUNICIPAL DE CRICIUMA",210,2023,210,2023,2023-08-04,"O presente edital tem por objetivo o registro de preços de filtros e lubrificantes, compreendendo a troca, para reposição e manutenção dos veículos, em atendimento as diversas Secretarias, Diretorias, Fundos e Fundações do município de Criciúma/SC.","Pregão presencial","Compras e Serviços","MAIOR DESCONTO SOBRE TABELA",2023-08-17,HOMOLOGADO," ","atasRegistroPrecos_debaa09d-d3d6-4e2e-8183-d364d7cb05bb.csv"," "," ",2023-08-17T09:00:00Z," ",2023-06-28,2023-08-17," ","despesas_8da74688-4d49-4048-bc2c-384b11ddbb28.csv","documentosRelacionados_a654c722-98e1-4a8f-810e-9bd8345ead7b.csv","compras@criciuma.sc.gov.br","empenhos_4b566726-f628-4ef6-8324-4ba634814b14.csv","Rua Domênico Sônego","Rua Domênico Sônego",SC,Licitação,2023-06-28T08:00:00Z,"itensVencedores_1fa55ff8-fa9d-476d-9c24-d158cda84923.csv",INTERNET," "," "," ","participantes_ebf99c9a-cfba-44f2-b662-9385885bbdc1.csv",SIM," ",2023-08-17T09:00:00Z,"Lei 8666/1993, Art. 15, CAPUT",370000,370000.0
"PREFEITURA MUNICIPAL DE CRICIUMA",229,2023,229,2023,2023-09-18,"Contratação de empresa do ramo pertinente, para execução dos serviços necessários à realização das obras de reforma do prédio do CENTRO COMUNITÁRIO DO BAIRRO VILA RICA, localizado na rua Berto Joaquim Machado nº 357, município de Criciúma-SC.","Tomada de preços","Compras e Serviços","MENOR PRECO",2023-10-24,HOMOLOGADO," "," "," ","contratos_c3426007-c696-4ca0-a067-b74de1fe8525.csv",2023-10-03T14:00:00Z," ",2023-08-23,2023-10-03," "," ","documentosRelacionados_522ace5f-46ef-48a3-b492-14a86c526b60.csv","compras@criciuma.sc.gov.br"," ","Rua Domênico Sônego","Rua Domênico Sônego",SC,Licitação,2023-08-23T08:00:00Z,"itensVencedores_ac2f3874-ca08-40a5-8115-f9aaf53760da.csv",INTERNET," "," "," ","participantes_9c81ecd2-ba7c-4c1a-8ae8-195226466114.csv",NÃO," ",2023-10-03T14:00:00Z,"Lei 8666/1993, Art. 22, II",272923.38,204611.51
"PREFEITURA MUNICIPAL DE CRICIUMA",276,2023,276,2023,2023-11-14,"Contratação de empresa do ramo pertinente, para execução dos serviços necessários à realização das obras de construção de uma sala comunitária no BAIRRO VILA VISCONDE, na rua Otávio Rodolfo Cukier, município de Criciúma-SC.","Tomada de preços","Compras e Serviços","MENOR PRECO",2023-12-22,HOMOLOGADO," "," "," ","contratos_b5a29da2-724c-48f4-b10b-20f123547166.csv",2023-12-05T14:00:00Z," ",2023-10-26,2023-12-05," "," ","documentosRelacionados_20806f47-dc4a-4cd3-b1bc-20c4e636c75a.csv","compras@criciuma.sc.gov.br"," ","Rua Domênico Sônego","Rua Domênico Sônego",SC,Licitação,2023-10-26T08:00:00Z,"itensVencedores_aa17f2f8-a4b7-4459-9c92-907975348d8e.csv",INTERNET," "," "," ","participantes_726ee984-2451-4e54-a423-a2c523a75e63.csv",NÃO," ",2023-12-05T14:00:00Z,"Lei 8666/1993, Art. 22, II",535853.93,422999.99
"PREFEITURA MUNICIPAL DE CRICIUMA",312,2023,312,2023,2024-01-08,"Contratação de empresa especializada para prestação de serviços de internet para o 4º Batalhão de Bombeiros Militar de Criciúma/SC.","Pregão eletrônico","Prestação de serviços","MENOR PRECO GLOBAL",2024-01-25,HOMOLOGADO," "," "," ","contratos_1dd1ddd3-d127-4bb4-bf69-9009dffbf7ba.csv",2024-01-25T09:00:00Z," ",2023-12-15,2024-01-25," "," ","documentosRelacionados_6b7572a0-84e8-48ad-9ce2-c4700b0c3fbf.csv","compras@criciuma.sc.gov.br"," ","Rua Domênico Sônego","Rua Domênico Sônego",SC,Licitação,2023-12-15T08:00:00Z,"itensVencedores_32d0c5f4-c5c3-4eca-ae0c-f51091136245.csv",INTERNET," "," "," ","participantes_3c449cfd-611e-4b7c-aeca-0478ccb472a2.csv",NÃO," ",2024-01-25T09:00:00Z,"Lei 14133/2021, Art. 28, I",28804.56,6630
"PREFEITURA MUNICIPAL DE CRICIUMA",301,2023,301,2023,2024-03-15,"Locação de um terreno locação de imóvel, ou seja, uma sala comercial para instalação da casa da cidadania Próspera, localizado na rua Sergipe, s/nº, bairro Próspera, com área de 54 m² em Criciúma –SC. Devidamente registrado sob a matrícula 39.056.","Dispensa de licitação","Compras e Serviços","MENOR PRECO GLOBAL",2023-12-22,HOMOLOGADO," "," "," ","contratos_e75c113e-0a2f-4aac-a007-935ca2fb7c86.csv",2023-12-22T08:00:00Z," ",2023-12-08,2023-12-22," "," ","documentosRelacionados_fe11f901-28db-4f1b-a704-e135e4c4269b.csv","compras@criciuma.sc.gov.br"," ","Rua Domênico Sônego","Rua Domênico Sônego",SC,Licitação,2023-12-22T08:00:00Z,"itensVencedores_a650c614-3405-405e-922b-a73692bc5d9c.csv",INTERNET," "," "," ","participantes_97da1855-7b98-4721-805d-7f1353eb7250.csv",NÃO," ",2023-12-22T08:00:00Z,"Lei 8666/1993, Art. 17, I.a",24016.56,24016.56
"PREFEITURA MUNICIPAL DE CRICIUMA",298,2023,298,2023,2023-12-11,"O presente edital tem por objetivo o registro de preços de materiais elétricos, para manutenção das instalações elétricas de prédios públicos pertencentes ao Município de Criciúma/SC.","Pregão presencial","Compras e Serviços","MENOR PREÇO GLOBAL POR LOTE",2024-01-16,HOMOLOGADO," ","atasRegistroPrecos_9f9dfb5c-d7ef-440b-877f-bcd0d2b26493.csv"," "," ",2023-12-21T14:00:00Z," ",2023-10-25,2023-12-21," ","despesas_d5a2916c-7a57-4220-9a05-19aebfc0d97a.csv","documentosRelacionados_713b5ecd-b0c4-4200-951f-fc0a5c0a4f69.csv","compras@criciuma.sc.gov.br","empenhos_93cff12f-84bd-40a6-9c22-0866c28c6831.csv","Rua Domênico Sônego","Rua Domênico Sônego",SC,Licitação,2023-10-25T08:00:00Z,"itensVencedores_4c1f7bde-d894-4f98-9374-c56a004be2b2.csv",INTERNET," "," "," ","participantes_1b0f4e39-48b3-428e-9028-70c9f2d49226.csv",SIM," ",2023-12-21T14:00:00Z,"Lei 8666/1993, Art. 15, CAPUT",2760705.75,1881877.06
"PREFEITURA MUNICIPAL DE CRICIUMA",264,2023,264,2023,2023-10-23,"Contratação de empresa do ramo pertinente, para execução dos serviços necessários à realização das obras de construção da infraestrutura elétrica e fotovoltaica da FAZENDA SOLAR NIKOLA TESLA, na rua Inês Perisoli Cardoso - Distrito de Rio Maina no município de Criciúma - SC.",Concorrência,"Compras e Serviços","MENOR PRECO GLOBAL",2024-02-12,HOMOLOGADO," "," "," ","contratos_165e2604-407e-48f2-b27e-2b7312593744.csv",2023-11-27T09:00:00Z," ",2023-10-16,2023-11-27," "," ","documentosRelacionados_4dfcd00b-ad2c-433f-8a21-ad11d79f8598.csv","compras@criciuma.sc.gov.br"," ","Rua Domênico Sônego","Rua Domênico Sônego",SC,Licitação,2023-10-16T08:00:00Z,"itensVencedores_84b1acea-3469-4200-a1e8-7191d4a4ce49.csv",INTERNET," "," "," ","participantes_b9b6817c-79fb-4cb5-8aff-22534b8dc925.csv",NÃO," ",2023-11-27T09:00:00Z,"Lei 8666/1993, Art. 15, CAPUT",4058194.69,3550109.42
"FUNDO MUNICIPAL DE SAUDE DE CRICIUMA",13,2023,13,2023,2023-03-16,"Contratação de empresa do ramo pertinente, para execução dos serviços necessários à realização das obras de construção do prédio da UNIDADE BÁSICA DE SAÚDE – UBS Porte II - BAIRRO MINEIRA NOVA, com 663,25m², na avenida Metropolitana -  Município de Criciúma - SC.","Tomada de Preço","Compras e Serviços","MENOR PRECO GLOBAL",2023-04-28,HOMOLOGADO," "," "," ","contratos_4d78d6be-d63b-4edb-b755-41099e7f90d3.csv",2023-04-03T09:00:00Z," ",2023-03-09,2023-04-03," "," ","documentosRelacionados_1f4ba96b-40c6-451c-8c4b-8dc22dee7413.csv",saude@criciuma.sc.gov.br," ","Rua Domênico Sônego","Rua Domênico Sônego",SC,Licitação,2023-03-09T08:00:00Z,"itensVencedores_cc3fbf98-088c-4971-b7ac-93d3c392ee9c.csv",INTERNET," "," "," ","participantes_918e0c12-34af-4786-9dcd-f50c2470d55a.csv",NÃO," ",2023-04-03T09:00:00Z,"Lei 8666/1993, Art. 22, II",2940153.94,2323467.05
"FUNDO MUNICIPAL DE SAUDE DE CRICIUMA",35,2023,35,2023,2023-09-18,"O presente edital tem por objetivo o registro de preços de serviços gráficos, para impressão de formulários personalizados, em atendimento a Rede Municipal de Saúde de Criciúma/SC.","Pregão presencial","Compras e Serviços","MENOR PRECO POR ITEM",2023-10-04,HOMOLOGADO," ","atasRegistroPrecos_11c69b02-34c1-4a4a-8533-7d296c3ae1ac.csv"," "," ",2023-10-04T09:00:00Z," ",2023-07-10,2023-10-04," ","despesas_0e554154-0152-4e83-b835-0122da21e64b.csv","documentosRelacionados_f3bbec1b-c74b-40f6-a1e5-772a2ab592b2.csv",saude@criciuma.sc.gov.br,"empenhos_a05021c2-9fec-4296-b152-915a305690fd.csv","Rua Domênico Sônego","Rua Domênico Sônego",SC,Licitação,2023-07-10T08:00:00Z,"itensVencedores_d7e13f5b-3e62-415c-affe-a52abfb9ed30.csv",INTERNET," "," "," ","participantes_06b5add0-68d6-4317-b841-570bf608bb3e.csv",SIM," ",2023-10-04T09:00:00Z,"Lei 8666/1993, Art. 15, CAPUT",741528.83,464099.5
"PREFEITURA MUNICIPAL DE CRICIUMA",265,2023,265,2023,2023-10-25,"Contratação de empresa do ramo pertinente, para execução dos serviços necessários à realização das obras de construção da infraestrutura de urbanização e edificações da FAZENDA SOLAR NIKOLA TESLA, na rua Luiz Colombo  - Distrito de Rio Maina no município de Criciúma - SC.",Concorrência,"Compras e Serviços","MENOR PRECO",2023-11-27,HOMOLOGADO," "," "," ","contratos_4d8eb500-ab7a-43af-ac55-821afdd37c54.csv",2023-11-27T14:00:00Z," ",2023-10-13,2023-11-27," "," ","documentosRelacionados_07202d03-2194-4482-baa4-5bff5e2ba578.csv","compras@criciuma.sc.gov.br"," ","Rua Domênico Sônego","Rua Domênico Sônego",SC,Licitação,2023-10-13T08:00:00Z,"itensVencedores_b8e21ebc-e86a-4098-9d17-046a588e3ce6.csv",INTERNET," "," "," ","participantes_e041bc94-8550-40a1-af46-a6a37329ca73.csv",NÃO," ",2023-11-27T14:00:00Z,"Lei 8666/1993, Art. 15, CAPUT",3437106.48,2985277.22
"PREFEITURA MUNICIPAL DE CRICIUMA",303,2023,303,2023,2023-12-13,"O presente edital tem por objetivo a contratação de empresa especializada em seguro veicular, com cobertura contra danos materiais resultantes de sinistros de roubo ou furto, colisão, incêndio, danos causados pela natureza, atos danosos praticados por terceiros e assistência de guincho 24 horas, para os veículos pertencentes à frota oficial do Município Criciúma/SC.","Pregão eletrônico","Compras e Serviços","MENOR PREÇO GLOBAL POR LOTE",2024-01-11,HOMOLOGADO," "," "," ","contratos_105598e2-e9ea-4a07-b179-960e4285cc1a.csv",2023-12-26T16:00:00Z," ",2023-11-27,2023-12-26," "," ","documentosRelacionados_d5f53fbf-21ca-4c47-8470-aa5235054997.csv","compras@criciuma.sc.gov.br"," ","Rua Domênico Sônego","Rua Domênico Sônego",SC,Licitação,2023-11-27T08:00:00Z,"itensVencedores_c1d39bfa-e10a-46e7-bbe2-11eb8435c86e.csv",INTERNET," "," "," ","participantes_ee87021e-9e7f-414e-a1de-826a401f2ff1.csv",NÃO," ",2023-12-26T16:00:00Z,"Lei 8666/1993, Art. 15, CAPUT",623269.24,539676.77
"PREFEITURA MUNICIPAL DE CRICIUMA",304,2023,304,2023,2023-12-18,"Contratação, em caráter emergencial, de empresa especializada para a manutenção de 2 (dois) botes de resgate do 4º Batalhão de Bombeiros Militar de Criciúma-SC. (Convênio 73/2018).","Dispensa de licitação","Compras e Serviços","MENOR PRECO",2023-12-18,HOMOLOGADO," "," "," ","contratos_3dcdda1c-9c43-4546-874d-8bb99d7d0997.csv",2023-12-18T08:00:00Z," ",2023-12-18,2023-12-18," "," ","documentosRelacionados_ef042b50-6a41-4d8c-9714-c11028674704.csv","compras@criciuma.sc.gov.br"," ","Rua Domênico Sônego","Rua Domênico Sônego",SC,Licitação,2023-12-18T08:00:00Z,"itensVencedores_f98753d4-e0a8-47b8-b8a1-d0204f0c9ec4.csv",INTERNET," "," "," ","participantes_326eef83-3de8-4abc-9f5f-a522967b1036.csv",NÃO," ",2023-12-18T08:00:00Z,"Lei 8666/1993, Art. 17, I.a",17500,17500
"FUNDAÇÃO MUNICIPAL DE ESPORTES DE CRICIÚMA",4,2023,4,2023,2023-03-20,"Contratação de empresa especializada para servir alimentação aos atletas, comissão técnica e demais funcionários da Fundação Municipal de Esportes ou aqueles que estiverem à serviço dela, quando da participação em etapa regional e estadual de JASC, PARAJASC, JASTI OLESC e Joguinhos Abertos de Santa Catarina, além de outras competições que assim demandarem.","Pregão presencial","Compras e Serviços","MENOR PRECO GLOBAL",2023-03-31,HOMOLOGADO," "," "," ","contratos_7b0bb5d4-87e1-4463-ba0c-8c74ea5eec25.csv",2023-03-31T14:00:00Z," ",2023-02-22,2023-03-31," "," ","documentosRelacionados_5623478f-6011-4202-9d82-459c9798613f.csv",," ","Rua: Domênico Sonego","Rua: Domênico Sonego",SC,Licitação,2023-03-20T08:00:00Z,"itensVencedores_90a7d17b-ffa0-4160-90b6-fe422ea714e1.csv",INTERNET," "," "," ","participantes_def985d4-74db-4967-8857-36b72782bf87.csv",NÃO," ",2023-03-31T14:00:00Z,"Lei 8666/1993, Art. 15, CAPUT",560050,538000.0
"FUNDAÇÃO MUNICIPAL DE ESPORTES DE CRICIÚMA",6,2023,6,2023,2023-06-07,"O presente edital tem por objetivo a contratação de empresa especializada, prestação de serviços de árbitros, assistentes e delegados, para arbitragem dos jogos dos campeonatos municipais não profissionais de futebol de campo, organizados ou com apoio da Fundação Municipal de Esportes, no Município de Criciúma/SC.","Pregão presencial","Compras e Serviços","MENOR PRECO GLOBAL",2023-06-23,HOMOLOGADO," "," "," ","contratos_8b580d54-4dcf-4e97-b1b1-8ad41b34997e.csv",2023-06-23T09:00:00Z," ",2023-05-15,2023-06-23," "," ","documentosRelacionados_8a00a023-37c2-4a23-93b4-262424adc208.csv",," ","Rua: Domênico Sonego","Rua: Domênico Sonego",SC,Licitação,2023-05-16T08:00:00Z,"itensVencedores_5ca25ece-400c-4076-a1d5-83b062c71a9d.csv",INTERNET," "," "," ","participantes_996bbc61-0b37-4915-8c6a-07163eba3de8.csv",NÃO," ",2023-06-23T09:00:00Z,"Lei 8666/1993, Art. 15, CAPUT",43783.33,39990
"FUNDO MUNICIPAL SANEAMENTO BÁSICO DE CRICIÚMA-FUNSAB",1,2023,1,2023,2023-02-07,"Contratação de empresa para elaboração da auditoria, laudo e parecer com ênfase em Segurança e Saúde Ocupacional nas empresas RAC E RACLI prestadoras de serviços para o Município de Criciúma, em atendimento ao Ministério Público do Trabalho, referentes aos quesitos da ACPiv 0002734-66.2014.5.12.0003.","Dispensa de licitação","Compras e Serviços","MENOR PRECO GLOBAL",2023-01-31,HOMOLOGADO," "," "," "," ",2023-01-31T08:00:00Z," ",2022-07-14,2023-01-31," "," ","documentosRelacionados_6d0ad832-a6bf-4298-aaf6-55ac96bda664.csv",," ","Rua Domênico Sonego","Rua Domênico Sonego",SC,"Dispensa de licitação",2023-01-31T08:00:00Z,"itensVencedores_5dd24a56-8b1a-4c87-a36e-df2f76a3dacc.csv",INTERNET,,," ","participantes_6dd2317e-9ebd-468c-a5a4-619654cb14dc.csv",NÃO," ",2023-01-31T08:00:00Z,"Lei 8666/1993, Art. 17, I.a"," "," "
"FUNDO MUNICIPAL SANEAMENTO BÁSICO DE CRICIÚMA-FUNSAB",2,2023,2,2023," ","Contratação de serviços para coleta, transporte, destinação final e seletiva de resíduos, sólidos domiciliares, públicos e comerciais/industriais com características domiciliares produzidos no município de Criciúma - SC.","Dispensa de licitação",Compras,"MENOR PRECO GLOBAL",2023-04-03,HOMOLOGADO," "," "," "," ",2023-04-03T08:00:00Z," ",2023-04-03,2023-04-03," "," ","documentosRelacionados_a04ec51c-d66e-42db-9e2b-faf50a4c516e.csv",," ","Rua Domênico Sonego","Rua Domênico Sonego",SC,"Dispensa de licitação",2023-04-03T08:00:00Z,"itensVencedores_e48c3982-3e00-4bc9-8b0f-d96c8ba4cf95.csv"," ",,," ","participantes_0cc307fe-2f67-4a3b-9f83-7bc544386c44.csv",NÃO," ",2023-04-03T08:00:00Z,"Lei 8666/1993, Art. 17, I.a"," "," "
"FUNDO MUNICIPAL SANEAMENTO BÁSICO DE CRICIÚMA-FUNSAB",6,2023,6,2023," ","Execução de serviços de serviços de regulamentação e fiscalização de resíduos sólidos do Município de Criciúma, em conformidade com a Lei Federal nº 11.445/207 e de acordo com as especificações e determinações contidas na proposta apresentada e no Termo de Referência.","Dispensa de licitação","Compras e Serviços","MENOR PRECO",2023-07-05,HOMOLOGADO," "," "," "," ",2023-07-05T08:00:00Z," ",2023-05-09,2023-07-05," "," ","documentosRelacionados_13a0e68e-03a9-4ecc-a1d1-39120c0b7bb1.csv",," ","Rua Domênico Sonego","Rua Domênico Sonego",SC,Licitação,2023-07-05T08:00:00Z,"itensVencedores_0a625663-f19e-4800-b671-6223765844fe.csv"," ",,," ","participantes_2faf5dc5-81d1-44a3-953e-cc138196adc5.csv",NÃO," ",2023-07-05T08:00:00Z,"Lei 8666/1993, Art. 17, I.a"," "," "
"FUNDO MUNICIPAL SANEAMENTO BÁSICO DE CRICIÚMA-FUNSAB",11,2023,11,2023,2023-10-18,"Contratação de empresa especializada para realizar a prestação de serviços sob demanda de remendo superficial (tapa buraco) em pavimento asfáltico ou blocos de concreto (lajotas) de pequenas dimensões e de recomposição de calçadas em concreto simples ou blocos de concreto (paver), em diversas ruas do município de Criciúma - SC.",Concorrência,"Compras e Serviços","MENOR PRECO",2023-11-21,HOMOLOGADO," "," "," ","contratos_ae868839-feb6-459e-acd1-07dea76d4337.csv",2023-11-20T14:00:00Z," ",2023-10-13,2023-11-20," "," ","documentosRelacionados_337c5843-2cfe-4312-902e-9343b62e6556.csv",," ","Rua Domênico Sonego","Rua Domênico Sonego",SC,Licitação,2023-10-13T08:00:00Z,"itensVencedores_f07fce66-b2f6-40c6-8a63-3bec95af9eb0.csv",INTERNET,,," ","participantes_d2cc0c6a-72c8-44d1-a793-988529ca54fe.csv",NÃO," ",2023-11-20T14:00:00Z,"Lei 8666/1993, Art. 15, CAPUT"," "," "
"FUNDO MUNICIPAL SANEAMENTO BÁSICO DE CRICIÚMA-FUNSAB",3,2023,3,2023,2023-04-19,"Contratação de empresa(s) do ramo pertinente para execução, SOB DEMANDA, sem fornecimento dos materiais, dos serviços necessários à realização de remendo superficial (tapa buraco), em pavimento asfáltico ou em revestimento a base de blocos de concreto (lajotas) de pequenas dimensões, em decorrência de obras de manutenção do sistema de água e esgoto sanitário realizadas pela CASAN, em vias públicas do município de Criciúma-SC.  (Convênio CASAN – Termo Aditivo Nº. 01/2017 ao CONTRATO DE PROGRAMA N","Tomada de preços","Compras e Serviços","MENOR PRECO",2023-05-26,HOMOLOGADO," "," "," ","contratos_e7134d69-6ad8-411c-beea-8745287757f9.csv",2023-05-05T14:00:00Z," ",2023-03-28,2023-05-05," "," ","documentosRelacionados_9088b6b0-8fb9-4372-943b-7cf38938e752.csv",," ","Rua Domênico Sonego","Rua Domênico Sonego",SC,Licitação,2023-03-28T08:00:00Z,"itensVencedores_2c3919a7-2d49-4138-9217-e36ba830597c.csv",INTERNET,,," ","participantes_65669f79-d8b3-4601-9976-4009e386a675.csv",NÃO," ",2023-05-05T14:00:00Z,"Lei 8666/1993, Art. 22, II"," "," "
"FUNDO MUNICIPAL SANEAMENTO BÁSICO DE CRICIÚMA-FUNSAB",10,2023,10,2023," ","Contratação de empresa para execução, em caráter emergencial, dos serviços de coleta e transporte, até o aterro sanitário de resíduos com características domiciliares (lixo), de moradias, comércio/indústria e órgãos públicos, bem como a coleta e transporte de resíduos recicláveis de resíduos recicláveis de residências, comércio e prédios públicos, até a Usina de Reciclagem localizada no município de Criciúma – SC.","Dispensa de licitação","Compras e Serviços","MENOR PRECO GLOBAL",2023-09-28,HOMOLOGADO," "," "," "," ",2023-09-28T08:00:00Z," ",2023-09-28,2023-09-28," "," ","documentosRelacionados_ab22f492-3baa-41f7-ae4d-2c4bfd140fc0.csv",," ","Rua Domênico Sonego","Rua Domênico Sonego",SC,Licitação,2023-09-28T08:00:00Z,"itensVencedores_1407494b-76cd-4d5e-baec-ac64ddb086d7.csv"," ",,," ","participantes_c9610418-5cfb-4fb7-9f2f-99ecb7264053.csv",NÃO," ",2023-09-28T08:00:00Z,"Lei 8666/1993, Art. 17, I.a"," "," "
"FUNDO MUNICIPAL DE ASSISTENCIA SOCIAL DE CRICIUMA",1,2023,1,2023,2023-02-01,"Contratação emergencial para exploração de serviços funerários da Lei Complementar Municipal n.º 159/2015, nos limites do Município de Criciúma – SC, das empresas informadas no Decreto SG/nº 656/21, conforme autorizado pelo Decreto SG/nº 2086/22, pelo prazo de 180 dias ou o início das atividades das futuras concessionárias.","Dispensa de licitação","Compras e Serviços","MENOR PRECO",2023-01-27,HOMOLOGADO," "," "," ","contratos_417d7ac4-ac47-4b5c-8b8d-ae528c3596c3.csv",2023-01-27T08:00:00Z," ",2022-12-20,2023-01-27," "," ","documentosRelacionados_d15a4b3e-ac7a-4e9b-b4a1-e408a451d622.csv",," ","Rua Domênico Sônego.","Rua Domênico Sônego.",SC,Licitação,2022-12-20T08:00:00Z,"itensVencedores_e3ad6556-0b5b-4fcd-8012-a310643dd56f.csv",INTERNET," "," "," ","participantes_fbf916dc-4fd3-432f-b995-e7758b0e5c6b.csv",NÃO," ",2023-01-27T08:00:00Z,"Lei 8666/1993, Art. 17, I.a",60000,60000
"FUNDO MUNICIPAL DE ASSISTENCIA SOCIAL DE CRICIUMA",7,2023,7,2023,2023-02-16,"Chamada Pública para aquisição de gêneros alimentícios diretamente da Agricultura Familiar, Empreendedor Familiar Rural ou suas organizações, para o atendimento as unidades socioeducativas dos CRAS (Centro de Referência de Assistência Social), CREAS (Centro de Referência Especializado de Assistência Social), Centro POP e demais equipamentos da Secretaria de Assistência Social e Habitação de Criciúma/SC.","Outras Modalidades","Compras e Serviços","CREDENCIAMENTO QTDADE RATEADA",2023-03-17,HOMOLOGADO," "," "," ","contratos_d4e6a536-bef3-467c-9c93-ac560fd8e759.csv",2023-03-16T14:00:00Z," ",2023-01-24,2023-03-16," "," ","documentosRelacionados_409d4179-df45-4700-8c68-fe5512f4e0c8.csv",," ","Rua Domênico Sônego.","Rua Domênico Sônego.",SC,Licitação,2023-01-24T08:00:00Z,"itensVencedores_81061e34-2b9b-4a4c-83e8-05decf5c98c6.csv",MURAL_PUBLICO," "," "," ","participantes_ae5089ac-66bb-4519-8633-eb46c32eb959.csv",NÃO," ",2023-03-16T14:00:00Z,"Lei 8666/1993, Art. 15, CAPUT",787163,787163
"FUNDO MUNICIPAL DE ASSISTENCIA SOCIAL DE CRICIUMA",3,2023,3,2023,2023-02-14,"Contratação de empresa do ramo pertinente para   fornecimento, sob demanda, de “COFFEE BREAK” para atendimento de eventos e reuniões dos equipamentos CRAS, CREAS, ABRIGOS, CENTRO POP e demais serviços promovidos pela Secretaria de Assistência Social e Habitação do Município de Criciúma/SC.",Convite,"Compras e Serviços","MENOR PRECO GLOBAL",2023-03-14,HOMOLOGADO," "," "," ","contratos_a4db8f91-4bc1-41c7-89e4-b329717a3036.csv",2023-02-23T11:00:00Z," ",2023-01-25,2023-02-23," "," ","documentosRelacionados_009b2258-2080-46e6-ab82-614cf29d2a2b.csv",," ","Rua Domênico Sônego.","Rua Domênico Sônego.",SC,Licitação,2023-01-25T08:00:00Z,"itensVencedores_725bd2d6-7681-4047-a605-da73e971ee59.csv",INTERNET," "," "," ","participantes_e477fa1e-b9f2-4f4d-b19f-eafa1e9e3ed9.csv",NÃO," ",2023-02-23T11:00:00Z,"Lei 8666/1993, Art. 22, III",102832,99024.5
"FUNDO MUNICIPAL DE ASSISTENCIA SOCIAL DE CRICIUMA",6,2023,6,2023,2023-02-15,"Contratação de empresa do ramo pertinente para   fornecimento, sob demanda, de “PRODUTOS DE HIGIENE PESSOAL” para uso do equipamento Centro POP, abordagem social e atendimento a mulheres vítimas de violência,  pertencente e de responsabilidade da Secretaria de Assistência Social e Habitação do Município de Criciúma/SC.",Convite,"Compras e Serviços","MENOR PRECO GLOBAL",2023-03-06,HOMOLOGADO," "," "," ","contratos_6d6100ed-b185-41fa-b05e-ac8f6ff1872b.csv",2023-02-28T16:00:00Z," ",2023-01-25,2023-02-28," "," ","documentosRelacionados_3468fa5a-da63-4434-aeb2-09ad6dd66bc0.csv",," ","Rua Domênico Sônego.","Rua Domênico Sônego.",SC,Licitação,2023-01-25T08:00:00Z,"itensVencedores_5e9d4f94-54c5-4086-9504-ac69297bf54a.csv",INTERNET," "," "," ","participantes_b99e8f7b-d166-46c7-a0d3-154bfecfffc5.csv",NÃO," ",2023-02-28T16:00:00Z,"Lei 8666/1993, Art. 22, III",39095.5,37507.5
"FUNDO MUNICIPAL DE ASSISTENCIA SOCIAL DE CRICIUMA",4,2023,4,2023,2023-02-14,"Contratação de empresa do ramo pertinente para   fornecimento, sob demanda, de “DESCARTÁVEIS” para atendimento dos equipamentos CRAS, CREAS, ABRIGOS, CENTRO POP e demais atividades de responsabilidade da Secretaria de Assistência Social e Habitação do Município de Criciúma/SC.",Convite,"Compras e Serviços","MENOR PRECO GLOBAL",2023-03-14,HOMOLOGADO," "," "," ","contratos_c6468a93-1c7e-4e85-b869-d738e7ae8ad1.csv",2023-02-24T09:00:00Z," ",2023-01-25,2023-02-24," "," ","documentosRelacionados_21e205f3-0f38-4384-a6c6-20c6fa3672df.csv",," ","Rua Domênico Sônego.","Rua Domênico Sônego.",SC,Licitação,2023-01-25T08:00:00Z,"itensVencedores_51fde271-630b-41c5-87ac-5d841e996553.csv",INTERNET," "," "," ","participantes_a6b76cde-8e44-459c-a8cc-693df86c00c0.csv",NÃO," ",2023-02-24T09:00:00Z,"Lei 8666/1993, Art. 22, III",48918.5,46258.5
"FUNDO MUN. SANEAMENTO BASICO DE CRICIUMA - FUNSAB",5,2023,5,2023,2023-06-28,"Contratação de empresa especializada para realizar a implantação do sistema de coleta de resíduos através de contêineres soterrados com sistema de monitoramento em diversos locais no município de Criciúma - SC.","Pregão eletrônico","Compras e Serviços","MENOR PRECO GLOBAL"," ",REVOGADO," "," "," "," ",2023-07-10T14:00:00Z," ",2023-06-23,2023-07-10,2023-07-10," ","documentosRelacionados_5b5c62db-dc3a-4cf7-b790-089619124a30.csv",," ","Rua Domênico Sonego","Rua Domênico Sonego",SC,Licitação,2023-06-23T08:00:00Z," ",INTERNET," ","Razões de Interesse Público"," "," ",NÃO," ",2023-07-10T14:00:00Z,"Lei 8666/1993, Art. 15, CAPUT",1181800," "
"FUNDO MUN. SANEAMENTO BASICO DE CRICIUMA - FUNSAB",9,2023,9,2023,2023-09-18,"O presente edital tem por objetivo a contratação de empresa especializada para o fornecimento de lixeiras soterradas, contemplando a instalação, a fim de atender a demandas do Município de Criciúma/SC.","Pregão eletrônico","Compras e Serviços","MENOR PRECO GLOBAL",2023-10-20,HOMOLOGADO," "," "," ","contratos_b320f1af-1b53-4b16-a3e1-f628f5cbe4c2.csv",2023-09-29T09:00:00Z," ",2023-09-15,2023-09-29," "," ","documentosRelacionados_3caa6ba1-521a-4927-92db-cb071b234a5f.csv",," ","Rua Domênico Sonego","Rua Domênico Sonego",SC,Licitação,2023-09-15T08:00:00Z,"itensVencedores_d0e09344-37c9-47bd-b4d8-f70b1b4bcea0.csv",INTERNET," "," "," ","participantes_dd31f9ff-fd5e-4615-b6ac-4194d7a53eed.csv",NÃO," ",2023-09-29T09:00:00Z,"Lei 8666/1993, Art. 15, CAPUT",2664215.6,2664215.6
"FUNDO MUN. SANEAMENTO BASICO DE CRICIUMA - FUNSAB",4,2023,4,2023,2023-05-30,"O presente edital tem por objetivo o registro de preços de aduelas (galerias celulares) de concreto armado pré-fabricadas a serem entregues conforme demanda no município de Criciúma/SC.","Pregão eletrônico","Compras e Serviços","MENOR PRECO GLOBAL",2023-06-23,HOMOLOGADO," ","atasRegistroPrecos_805eb71a-9349-480f-8a89-ae06d1b892c9.csv"," "," ",2023-06-21T14:00:00Z," ",2023-05-08,2023-06-21," ","despesas_734f2175-fdd9-4b3e-a86f-6bd24cdda496.csv","documentosRelacionados_c2d0aed3-53c6-415e-9c69-2fd290cce63e.csv",,"empenhos_2ff0d1f3-c5d4-4ca8-9c21-ecf2aabcb5be.csv","Rua Domênico Sonego","Rua Domênico Sonego",SC,Licitação,2023-05-08T08:00:00Z,"itensVencedores_b19d6100-a108-42a8-8517-b052109f3630.csv",INTERNET," "," "," ","participantes_62808592-01cc-4949-b268-0ca050f27ff2.csv",SIM," ",2023-06-21T14:00:00Z,"Lei 8666/1993, Art. 15, CAPUT",312732.2,190270
"FUNDO MUNICIPAL DE ASSISTENCIA SOCIAL DE CRICIUMA",10,2023,10,2023,2023-03-24,"Registro de Preços para contratação de serviços de agenciamento e fornecimento de passagens rodoviárias, no âmbito nacional, para aquisições futuras, no atendimento ao programa de apoio ao migrante promovido pelo Centro POP, pertencente a Secretaria Municipal da Assistência Social e Habitação do Município de Criciúma/SC.","Pregão eletrônico","Compras e Serviços","MAIOR DESCONTO SOBRE TABELA",2023-04-26,HOMOLOGADO," ","atasRegistroPrecos_e5652762-44c3-4331-94eb-c4a4bd86b0cb.csv"," "," ",2023-04-05T09:00:00Z," ",2023-03-07,2023-04-05," ","despesas_8e25118d-a890-4bd7-b781-0d9c54922e50.csv","documentosRelacionados_4a2e076e-e2cb-4c85-ade1-dc307739403f.csv",," ","Rua Domênico Sônego.","Rua Domênico Sônego.",SC,Licitação,2023-03-24T08:00:00Z,"itensVencedores_aab83a7f-38bd-4694-b911-2ba6f202fccc.csv",INTERNET," "," "," ","participantes_5f3d10d9-9358-4198-b2e7-b19555d3be67.csv",SIM," ",2023-04-05T09:00:00Z,"Lei 8666/1993, Art. 15, CAPUT",70000,70000
"FUNDO MUNICIPAL DE ASSISTENCIA SOCIAL DE CRICIUMA",11,2023,11,2023,2023-05-15,"Aquisição de 01 veículo 0 km, para atender a programação de emenda parlamentar nº 420460820210001 que tem como beneficiário o Fundo Municipal de Assistência Social de Criciúma/SC.","Pregão eletrônico","Compras e Serviços","MENOR PRECO POR ITEM",2023-06-02,HOMOLOGADO," "," "," ","contratos_b4de7d69-9ff8-46ef-9a7c-b3b0d0ce7a0b.csv",2023-05-26T09:00:00Z," ",2023-02-15,2023-05-26," "," ","documentosRelacionados_86bed6f6-40cd-4989-b932-ac178fe9bf69.csv",," ","Rua Domênico Sônego.","Rua Domênico Sônego.",SC,Licitação,2023-02-15T08:00:00Z,"itensVencedores_ad242838-a7ca-4d75-ba69-4e6be6fa56de.csv",MURAL_PUBLICO," "," "," ","participantes_326e2b57-ec63-4fc3-b5fe-390e55002d98.csv",NÃO," ",2023-05-26T09:00:00Z,"Lei 8666/1993, Art. 15, CAPUT",73500,67900
"FUNDO MUNICIPAL DE ASSISTENCIA SOCIAL DE CRICIUMA",8,2023,8,2023,2023-03-24,"O presente edital tem por objetivo o registro de preços para aquisição de camisetas, para uso do Programa Segunda Chance e demais campanhas de responsabilidade da Secretaria de Assistência Social e Habitação do Município de Criciúma/SC","Pregão eletrônico","Compras e Serviços","MENOR PRECO POR ITEM",2023-05-23,HOMOLOGADO," ","atasRegistroPrecos_5183f4b6-d512-4e24-a6f7-a712815eb310.csv"," "," ",2023-04-04T09:00:00Z," ",2023-02-15,2023-04-04," ","despesas_2b8d2f98-be97-4b5f-80da-e4d0edefc309.csv","documentosRelacionados_dc46390f-031c-4b6a-b4f5-e21de2b3def8.csv",,"empenhos_03c1eb44-cc0e-4a4b-b339-a71f2fb0488c.csv","Rua Domênico Sônego.","Rua Domênico Sônego.",SC,Licitação,2023-02-15T08:00:00Z,"itensVencedores_4955440c-f51a-457a-b132-65f570f96e47.csv",INTERNET," "," "," ","participantes_ca32eaa9-4d3d-4a9a-88c6-5f19d2b7a2b0.csv",SIM," ",2023-04-04T09:00:00Z,"Lei 8666/1993, Art. 15, CAPUT",56700,47884
"FUNDO MUNICIPAL DE ASSISTENCIA SOCIAL DE CRICIUMA",14,2023,14,2023,2023-08-01,"contratação de empresa especializada para a prestação de serviços relacionados a análise, assistência, dimensionamento, elaboração de orçamento, execução, instalação, laudo, manutenção, montagem, parecer técnico, planejamento, restauração, serviço técnico, vistoria e fornecimento de materiais e equipamentos, no que tange redes de comunicação, de voz e dados, além de redes elétricas de baixa tensão e/ou estabilizadas, nos locais pertencentes a Secretaria Municipal de Assistência Social e Habitaçã","Pregão eletrônico","Compras e Serviços","MENOR PRECO GLOBAL",2023-08-15,HOMOLOGADO," "," "," ","contratos_ede1f93f-9326-44c1-b9d5-0d906af87298.csv",2023-08-14T09:00:00Z," ",2023-06-30,2023-08-14," "," ","documentosRelacionados_1f572205-6b09-45bf-8d3e-5013ab103163.csv",," ","Rua Domênico Sônego.","Rua Domênico Sônego.",SC,Licitação,2023-06-30T08:00:00Z,"itensVencedores_4154d6ca-3fcd-410a-8442-d180551f5a4e.csv",INTERNET," "," "," ","participantes_b440e1e2-d8f4-4658-af2b-274d30eff9c0.csv",NÃO," ",2023-08-14T09:00:00Z,"Lei 8666/1993, Art. 15, CAPUT",72331,68600
"FUNDO MUN. SANEAMENTO BASICO DE CRICIUMA - FUNSAB",7,2023,7,2023,2023-08-21,"Contratação de empresa(s) do ramo pertinente para execução, SOB DEMANDA, sem fornecimento dos materiais, dos serviços necessários à realização de remendo superficial (tapa buraco), em pavimento asfáltico ou em revestimento a base de blocos de concreto (lajotas) de pequenas dimensões, em decorrência de obras de manutenção do sistema de água e esgoto sanitário realizadas pela CASAN, em vias públicas do município de Criciúma-SC.  (Convênio CASAN – Termo Aditivo Nº. 01/2017 ao CONTRATO DE PROGRAMA N","Tomada de preços","Compras e Serviços","MENOR PRECO"," ",FRACASSADO," "," "," "," ",2023-09-11T14:00:00Z," ",2023-08-08,2023-09-11," "," ","documentosRelacionados_25b5bbb0-5ed9-4cb7-919f-79d3a1a109db.csv",," ","Rua Domênico Sonego","Rua Domênico Sonego",SC,Licitação,2023-08-08T08:00:00Z," ",INTERNET," "," "," ","participantes_9e8f97c6-f94a-4687-9301-92a9dbdae43f.csv",NÃO," ",2023-09-11T14:00:00Z,"Lei 8666/1993, Art. 22, II",2532240," "
"FUNDO MUNICIPAL DE ASSISTENCIA SOCIAL DE CRICIUMA",9,2023,9,2023,2023-03-24,"Registro de Preços para aquisição de gêneros alimentícios para distribuição na forma de kits, em atendimento as famílias atendidas pela Secretaria Municipal da Assistência Social de Criciúma/SC para o período de 12 meses.","Pregão presencial","Compras e Serviços","MENOR PRECO GLOBAL",2023-04-17,HOMOLOGADO," ","atasRegistroPrecos_b919c499-1dad-46d0-aea1-fc85a966fcbe.csv"," ","contratos_6b1e92f7-6bad-4142-b1c3-f00ae53a6fb4.csv",2023-04-12T14:00:00Z," ",2023-02-15,2023-04-12," ","despesas_6fa1cede-691a-4150-9e7b-9581e940bbbb.csv","documentosRelacionados_8b993324-6927-4606-8774-bd822f68343d.csv",," ","Rua Domênico Sônego.","Rua Domênico Sônego.",SC,Licitação,2023-02-15T08:00:00Z,"itensVencedores_ae45738d-f814-4ae3-a4d2-57021eb75fa0.csv",INTERNET," "," "," ","participantes_220bb4cd-c5bc-4098-99c6-e9d89d0980c5.csv",SIM," ",2023-04-12T14:00:00Z,"Lei 8666/1993, Art. 15, CAPUT",896640,878080
"FUNDO MUNICIPAL DE ASSISTENCIA SOCIAL DE CRICIUMA",5,2023,5,2023,2023-02-15,"O presente edital tem por objetivo o registro de preços para aquisição de cestas básicas, em atendimento aos programas da Secretaria Municipal da Assistência Social e Habitação do município de Criciúma/SC.","Pregão presencial","Compras e Serviços","MENOR PRECO GLOBAL",2023-03-06,HOMOLOGADO," ","atasRegistroPrecos_41ff5707-eb0b-4405-83fb-4c4f5ba80c8a.csv"," ","contratos_b253afc2-bba2-4a74-b655-cf03acfe7280.csv",2023-03-02T14:00:00Z," ",2023-02-14,2023-03-02," ","despesas_b7a27753-eaba-4768-80bb-4f89d22d248a.csv","documentosRelacionados_8aee3309-2c41-483d-a2a4-4b7f9e139129.csv",," ","Rua Domênico Sônego.","Rua Domênico Sônego.",SC,Licitação,2023-02-14T14:00:00Z,"itensVencedores_03f64531-4b05-456c-a3af-64474ac014d3.csv",INTERNET," "," "," ","participantes_0448cf9d-428a-4a3d-8bda-dce99ea11c83.csv",SIM," ",2023-03-02T14:00:00Z,"Lei 8666/1993, Art. 15, CAPUT",1367250,1071900
"FUNDO MUNICIPAL DE ASSISTENCIA SOCIAL DE CRICIUMA",15,2023,15,2023,2023-12-08,"O presente edital tem por objetivo o registro de preços para a aquisição de diárias de hotel completas, para mulheres e seus dependentes em situação de violência doméstica que serão encaminhados exclusivamente pela equipe técnica da Secretaria Municipal da Assistência Social e Habitação de Criciúma/SC.","Pregão presencial","Compras e Serviços","MENOR PRECO GLOBAL",2023-12-26,HOMOLOGADO," ","atasRegistroPrecos_09dbad54-620d-4687-b565-55c6f6229468.csv"," "," ",2023-12-21T09:00:00Z," ",2023-11-27,2023-12-21," ","despesas_80670563-51cf-48b7-832d-8d52ff25b7b5.csv","documentosRelacionados_d391d124-aaff-462c-9f7e-b5da5cec1478.csv",,"empenhos_bddf6ab6-c5db-4d56-b127-dfac5e2850e9.csv","Rua Domênico Sônego.","Rua Domênico Sônego.",SC,Licitação,2023-11-27T08:00:00Z,"itensVencedores_749e165c-5bf9-4b1a-a5ba-111b27a5545d.csv",INTERNET," "," "," ","participantes_28196c4e-1f8c-4842-86ed-12d51373d733.csv",SIM," ",2023-12-21T09:00:00Z,"Lei 10520/2002, Art. 1",237300,237300
"FUNDO MUNICIPAL DE ASSISTENCIA SOCIAL DE CRICIUMA",13,2023,13,2023,2023-07-05,"O presente edital tem por objetivo o registro de preços de gêneros alimentícios para atendimento aos CRAS (Centro de Referência de Assistência Social), CREAS (Centro de Referência Especializado de Assistência Social), Centro Pop e demais unidades pertencentes a Secretaria Municipal da Assistência Social de Criciúma/SC.","Pregão presencial","Compras e Serviços","MENOR PRECO POR ITEM",2023-07-19,HOMOLOGADO," ","atasRegistroPrecos_9f7525f1-2c95-48e0-bb4a-b1cd26229b30.csv"," "," ",2023-07-18T09:00:00Z," ",2023-06-21,2023-07-18," ","despesas_fc566077-a472-43b0-bf52-4cfc13826079.csv","documentosRelacionados_dbdebe2f-c654-41ee-a21f-a175f70bb7c8.csv",," ","Rua Domênico Sônego.","Rua Domênico Sônego.",SC,Licitação,2023-06-21T08:00:00Z,"itensVencedores_dcfbe420-8295-400a-81c4-ff051a9effd0.csv",INTERNET," "," "," ","participantes_4b0e06ae-401e-4d29-884c-4ada87ca2f28.csv",SIM," ",2023-07-18T09:00:00Z,"Lei 8666/1993, Art. 15, CAPUT",1244866.4,1013151.9
