descricao,id,quantidade,situacao,unidadeMedida,valorTotal,valorUnitario
"ABRACADEIRA DE LATAO PARA FIXACAO DE CABO PARA-RAIO, DIMENSOES 32 X 24 X 24 MM",14188786,1260,PERDEU,UN,4321.8,3.43
"ABRACADEIRA DE NYLON PARA AMARRACAO DE CABOS, COMPRIMENTO DE *230* X *7,6* MM",14188787,1905,PERDEU,UN,1981.2,1.04
"ABRACADEIRA DE NYLON PARA AMARRACAO DE CABOS, COMPRIMENTO DE 100 X 2,5 MM",14188788,11305,PERDEU,UND,678.3,0.06
"ABRACADEIRA DE NYLON PARA AMARRACAO DE CABOS, COMPRIMENTO DE 150 X *3,6* MM",14188789,10055,PERDEU,UN,1608.8,0.16
"ABRACADEIRA DE NYLON PARA AMARRACAO DE CABOS, COMPRIMENTO DE 200 X *4,6* MM",14188790,4655,PERDEU,UND,931,0.2
"ABRACADEIRA DE NYLON PARA AMARRACAO DE CABOS, COMPRIMENTO DE 390 X *4,6* MM",14188791,2655,PERDEU,UND,2681.55,1.01
"ABRACADEIRA EM ACO PARA AMARRACAO DE ELETRODUTOS, TIPO D, COM 1 1/2"" E CUNHA DE FIXACAO",14188792,1585,PERDEU,UN,3265.1,2.06
"ABRACADEIRA EM ACO PARA AMARRACAO DE ELETRODUTOS, TIPO D, COM 1 1/4"" E CUNHA DE FIXACAO",14188793,1135,PERDEU,UN,2145.15,1.89
"ABRACADEIRA EM ACO PARA AMARRACAO DE ELETRODUTOS, TIPO D, COM 1"" E CUNHA DE FIXACAO",14188794,1435,PERDEU,UN,1678.95,1.17
"ABRACADEIRA EM ACO PARA AMARRACAO DE ELETRODUTOS, TIPO D, COM 2 1/2"" E CUNHA DE FIXACAO",14188795,1310,PERDEU,UN,1310,1
"ABRACADEIRA EM ACO PARA AMARRACAO DE ELETRODUTOS, TIPO D, COM 3 1/2"" E CUNHA DE FIXACAO",14188796,1015,PERDEU,UN,2760.8,2.72
"ABRACADEIRA EM ACO PARA AMARRACAO DE ELETRODUTOS, TIPO D, COM 3"" E CUNHA DE FIXACAO",14188797,745,PERDEU,UN,1616.65,2.17
"ABRACADEIRA EM ACO PARA AMARRACAO DE ELETRODUTOS, TIPO D, COM 3/4"" E CUNHA DE FIXACAO",14188798,795,PERDEU,UN,3458.25,4.35
"ABRACADEIRA EM ACO PARA AMARRACAO DE ELETRODUTOS, TIPO D, COM 4"" E CUNHA DE FIXACAO",14188799,790,PERDEU,UN,2867.7,3.63
"ABRACADEIRA EM ACO PARA AMARRACAO DE ELETRODUTOS, TIPO D, COM 1/2"" E CUNHA DE FIXACAO",14188800,1265,PERDEU,UN,1366.2,1.08
"ABRACADEIRA EM ACO PARA AMARRACAO DE ELETRODUTOS, TIPO D, COM 2"" E CUNHA DE FIXACAO",14188801,690,PERDEU,UN,3374.1,4.89
"ABRACADEIRA EM ACO PARA AMARRACAO DE ELETRODUTOS, TIPO U SIMPLES, COM 1 1/2""",14188802,1280,PERDEU,UN,1075.2,0.84
"ABRACADEIRA EM ACO PARA AMARRACAO DE ELETRODUTOS, TIPO U SIMPLES, COM 1 1/4""",14188803,1280,PERDEU,UN,972.8,0.76
"ABRACADEIRA EM ACO PARA AMARRACAO DE ELETRODUTOS, TIPO U SIMPLES, COM 1""",14188804,1280,PERDEU,UN,806.4,0.63
"ABRACADEIRA EM ACO PARA AMARRACAO DE ELETRODUTOS, TIPO U SIMPLES, COM 1/2""",14188805,2380,PERDEU,UN,1047.2,0.44
"ABRACADEIRA EM ACO PARA AMARRACAO DE ELETRODUTOS, TIPO U SIMPLES, COM 2 1/2""",14188806,775,PERDEU,UN,1340.75,1.73
"ABRACADEIRA EM ACO PARA AMARRACAO DE ELETRODUTOS, TIPO U SIMPLES, COM 2""",14188807,1125,PERDEU,UN,1395,1.24
"ABRACADEIRA EM ACO PARA AMARRACAO DE ELETRODUTOS, TIPO U SIMPLES, COM 3""",14188808,775,PERDEU,UN,1573.25,2.03
"ABRACADEIRA EM ACO PARA AMARRACAO DE ELETRODUTOS, TIPO U SIMPLES, COM 3/4""",14188809,1875,PERDEU,UN,843.75,0.45
"ABRACADEIRA EM ACO PARA AMARRACAO DE ELETRODUTOS, TIPO U SIMPLES, COM 4""",14188810,775,PERDEU,UN,2580.75,3.33
"ACABAMENTO DE METAL CROMADO PARA REGISTRO PEQUENO, DE PAREDE, 1/2 "" OU 3/4 """,14188811,276,PERDEU,UN,9585.48,34.73
"ACABAMENTO SIMPLES/CONVENCIONAL PARA FORRO PVC, TIPO ""U"" OU ""C"", COR BRANCA, COMPRIMENTO 6 M",14188812,3068,PERDEU,M,12026.56,3.92
"ACO CA-25, 10,0 MM, OU 12,5 MM, OU 16,0 MM, OU 20,0 MM, OU 25,0 MM, VERGALHAO",14188813,1745,PERDEU,KG,14605.65,8.37
"ACO CA-25, 16,0 MM, BARRA DE TRANSFERENCIA",14188814,1495,PERDEU,KG,11974.95,8.01
"ACO CA-25, 20,0 MM, BARRA DE TRANSFERENCIA",14188815,1545,PERDEU,KG,2209.35,1.43
"ACO CA-25, 25,0 MM, BARRA DE TRANSFERENCIA",14188816,1475,PERDEU,KG,15059.75,10.21
"ACO CA-25, 6,3 MM OU 8,0 MM, VERGALHAO",14188817,1525,PERDEU,KG,11407,7.48
"ACO CA-50, 10,0 MM, VERGALHAO",14188818,1550,PERDEU,KG,12090,7.8
"ACO CA-50, 12,5 MM OU 16,0 MM, VERGALHAO",14188819,1500,PERDEU,UN,10125,6.75
"ACO CA-50, 20,0 MM OU 25,0 MM, VERGALHAO",14188820,1540,PERDEU,KG,11996.6,7.79
"ACO CA-50, 6,3 MM, VERGALHAO",14188821,1500,PERDEU,KG,12345,8.23
"ACO CA-50, 8,0 MM, VERGALHAO",14188822,1550,DESCLASSIFICADO_LANCE,KG,12818.5,8.27
"ACO CA-60, 8,0 MM OU 9,5 MM, VERGALHAO",14188823,1520,PERDEU,KG,9773.6,6.43
"ADAPTADOR PVC PARA SIFAO, ROSCAVEL, 40 MM X 1 1/4""",14188824,645,PERDEU,UN,1444.8,2.24
"ADAPTADOR PVC ROSCAVEL, COM FLANGES E ANEL DE VEDACAO, 1"", PARA CAIXA D' AGUA",14188825,230,PERDEU,UN,6486,28.2
"ADAPTADOR PVC ROSCAVEL, COM FLANGES E ANEL DE VEDACAO, 1/2"", PARA CAIXA D' AGUA",14188826,230,DESCLASSIFICADO_LANCE,UN,3392.5,14.75
"ADAPTADOR PVC ROSCAVEL, COM FLANGES E ANEL DE VEDACAO, 3/4"", PARA CAIXA D' AGUA",14188827,230,DESCLASSIFICADO_LANCE,UN,3247.6,14.12
"ADAPTADOR PVC SOLDAVEL CURTO COM BOLSA E ROSCA, 110 MM X 4"", PARA AGUA FRIA",14188828,190,PERDEU,UN,7459.4,39.26
"ADAPTADOR PVC SOLDAVEL CURTO COM BOLSA E ROSCA, 20 MM X 1/2"", PARA AGUA FRIA",14188829,1209,PERDEU,UN,882.57,0.73
"ADAPTADOR PVC SOLDAVEL CURTO COM BOLSA E ROSCA, 25 MM X 3/4"", PARA AGUA FRIA",14188830,1109,PERDEU,UND,887.2,0.8
"ADAPTADOR PVC SOLDAVEL CURTO COM BOLSA E ROSCA, 32 MM X 1"", PARA AGUA FRIA",14188831,795,PERDEU,UND,1295.85,1.63
"ADAPTADOR PVC SOLDAVEL CURTO COM BOLSA E ROSCA, 40 MM X 1 1/2"", PARA AGUA FRIA",14188832,315,PERDEU,UN,1779.75,5.65
"ADAPTADOR PVC SOLDAVEL CURTO COM BOLSA E ROSCA, 40 MM X 1 1/4"", PARA AGUA FRIA",14188833,395,PERDEU,UND,1327.2,3.36
"ADAPTADOR PVC SOLDAVEL CURTO COM BOLSA E ROSCA, 50 MM X 1 1/4"", PARA AGUA FRIA",14188834,275,PERDEU,UN,2101,7.64
"ADAPTADOR PVC SOLDAVEL CURTO COM BOLSA E ROSCA, 50 MM X1 1/2"", PARA AGUA FRIA",14188835,345,PERDEU,UND,1400.7,4.06
"ADAPTADOR PVC SOLDAVEL CURTO COM BOLSA E ROSCA, 60 MM X 2"", PARA AGUA FRIA",14188836,215,PERDEU,UN,2180.1,10.14
"ADAPTADOR PVC SOLDAVEL CURTO COM BOLSA E ROSCA, 75 MM X 2 1/2"", PARA AGUA FRIA",14188838,165,PERDEU,UN,2912.25,17.65
"ADAPTADOR PVC SOLDAVEL CURTO COM BOLSA E ROSCA, 85 MM X 3"", PARA AGUA FRIA",14188839,160,PERDEU,UN,3892.8,24.33
"ADAPTADOR PVC SOLDAVEL, COM FLANGE E ANEL DE VEDACAO, 20 MM X 1/2"", PARA CAIXA D'AGUA",14188840,152,PERDEU,UN,1562.56,10.28
"ADAPTADOR PVC SOLDAVEL, COM FLANGE E ANEL DE VEDACAO, 25 MM X 3/4"", PARA CAIXA D'AGUA",14188841,152,PERDEU,UN,1700.88,11.19
"ADAPTADOR PVC SOLDAVEL, COM FLANGE E ANEL DE VEDACAO, 32 MM X 1"", PARA CAIXA D'AGUA",14188842,145,PERDEU,UN,2438.9,16.82
"ADAPTADOR PVC SOLDAVEL, COM FLANGE E ANEL DE VEDACAO, 40 MM X 1 1/4"", PARA CAIXA D'AGUA",14188843,145,DESCLASSIFICADO_LANCE,UN,3652.55,25.19
"ADAPTADOR PVC SOLDAVEL, COM FLANGE E ANEL DE VEDACAO, 50 MM X 1 1/2"", PARA CAIXA D'AGUA",14188844,120,DESCLASSIFICADO_LANCE,UN,2856,23.8
"ADAPTADOR PVC SOLDAVEL, COM FLANGES E ANEL DE VEDACAO, 60 MM X 2"", PARA CAIXA D' AGUA",14188845,130,DESCLASSIFICADO_LANCE,UN,5405.4,41.58
"ADAPTADOR PVC, COM REGISTRO, PARA PEAD, 20 MM X 3/4"", PARA LIGACAO PREDIAL DE AGUA",14188846,245,PERDEU,UN,1178.45,4.81
"ADAPTADOR PVC, ROSCAVEL, PARA VALVULA PIA OU LAVATORIO, 40 MM",14188847,345,PERDEU,UN,848.7,2.46
"ADAPTADOR, CPVC, SOLDAVEL, 15 MM, PARA AGUA QUENTE",14188848,150,PERDEU,UN,2698.5,17.99
"ADAPTADOR, CPVC, SOLDAVEL, 22 MM, PARA AGUA QUENTE",14188849,150,PERDEU,UN,3610.5,24.07
"ADESIVO ESTRUTURAL A BASE DE RESINA EPOXI, BICOMPONENTE, FLUIDO",14188850,280,PERDEU,KG,13392.4,47.83
"ADESIVO PARA TUBOS CPVC, *75* G",14188851,230,PERDEU,UND,7288.7,31.69
"ADESIVO PLASTICO PARA PVC, BISNAGA COM 75 GR",14188852,230,PERDEU,UND,1846.9,8.03
"ADESIVO PLASTICO PARA PVC, FRASCO COM *850* GR",14188853,159,PERDEU,UND,9826.2,61.8
"ADESIVO PLASTICO PARA PVC, FRASCO COM 175 GR",14188854,180,DESCLASSIFICADO_LANCE,UND,3630.6,20.17
"AGUARRAZ 5 LT",14188855,215,DESCLASSIFICADO_LANCE,UND,14959.7,69.58
"AGUARRAZ 900ML",14188856,305,DESCLASSIFICADO_LANCE,UND,5447.3,17.86
"ALICATE DE CORTE DIAGONAL 6 "" COM ISOLAMENTO",14188857,61,PERDEU,UN,2525.4,41.4
"ALICATE DE CORTE PROFISSIONAL 6''",14188858,60,DESCLASSIFICADO_LANCE,UND,3852,64.2
"ALICATE DE CRIMPAR RJ11, RJ12 E RJ45",14188859,48,PERDEU,UN,5422.56,112.97
"ALICATE DE PRESSÃO 10'' PARA USO PROFISSIONAL",14188860,51,PERDEU,UND,2084.37,40.87
"ALICATE DE PRESSAO 11 "" PARA SOLDA, TIPO C",14188861,49,PERDEU,UN,3335.92,68.08
"ALICATE DE PRESSAO 11 "" PARA SOLDA, TIPO U",14188862,51,PERDEU,UN,3835.71,75.21
"ALICATE UNIVERSAL 8''",14188863,52,DESCLASSIFICADO_LANCE,UND,3244.8,62.4
"ANCINHO DE FERRO COM 14 DENTES COM CABO",14188864,79,PERDEU,UND,3701.94,46.86
"ANEL BORRACHA PARA TUBO ESGOTO PREDIAL, DN 100 MM (NBR 5688)",14188865,440,DESCLASSIFICADO_LANCE,UN,1324.4,3.01
"ANEL BORRACHA PARA TUBO ESGOTO PREDIAL, DN 50 MM (NBR 5688)",14188866,590,DESCLASSIFICADO_LANCE,UN,1003,1.7
"ANEL BORRACHA PARA TUBO ESGOTO PREDIAL, DN 75 MM (NBR 5688)",14188867,510,DESCLASSIFICADO_LANCE,UN,1269.9,2.49
"ANEL BORRACHA, DN 100 MM, PARA TUBO SERIE REFORCADA ESGOTO PREDIAL",14188868,435,PERDEU,UN,1531.2,3.52
"ANEL BORRACHA, DN 150 MM, PARA TUBO SERIE REFORCADA ESGOTO PREDIAL",14188869,240,PERDEU,UN,2923.2,12.18
"ANEL BORRACHA, DN 50 MM, PARA TUBO SERIE REFORCADA ESGOTO PREDIAL",14188870,480,PERDEU,UN,1065.6,2.22
"ANEL BORRACHA, DN 75 MM, PARA TUBO SERIE REFORCADA ESGOTO PREDIAL",14188871,455,PERDEU,UN,1228.5,2.7
"ANEL BORRACHA, PARA TUBO/CONEXAO PVC PBA, DN 100 MM, PARA REDE AGUA",14188872,232,PERDEU,UN,1844.4,7.95
"ANEL BORRACHA, PARA TUBO/CONEXAO PVC PBA, DN 50 MM, PARA REDE AGUA",14188873,520,PERDEU,UN,1216.8,2.34
"ANEL BORRACHA, PARA TUBO/CONEXAO PVC PBA, DN 60 MM, PARA REDE AGUA",14188874,420,PERDEU,UN,1801.8,4.29
"ANEL BORRACHA, PARA TUBO/CONEXAO PVC PBA, DN 75 MM, PARA REDE AGUA",14188875,260,PERDEU,UN,1726.4,6.64
"ANEL DE BORRACHA PARA VEDACAO DE DUTO PEAD CORRUGADO PARA ELETRICA, DN 1 1/2"" (NBR 15715)",14188876,400,PERDEU,UN,1180,2.95
"ANEL DE CONCRETO ARMADO, COM FUROS/DRENO PARA SUMIDOURO, D = 0,80 M, H = 0,50 M",14188877,58,PERDEU,UN,7381.66,127.27
"ANEL DE CONCRETO ARMADO, COM FUROS/DRENO PARA SUMIDOURO, D = 1,00 M, H = 0,50M",14188878,58,PERDEU,UN,9615.82,165.79
"ANEL DE CONCRETO ARMADO, COM FUROS/DRENO PARA SUMIDOURO, D = 1,50 M, H = 0,50 M",14188879,35,PERDEU,UN,14037.8,401.08
"ANEL DE VEDACAO, PVC FLEXIVEL, 100 MM, PARA SAIDA DE BACIA / VASO SANITARIO",14188880,333,PERDEU,UN,3416.58,10.26
"ANEL EM CONCRETO ARMADO, LISO,  PARA FOSSAS SEPTICAS E SUMIDOUROS, COM FUNDO, DIAMETRO INTERNO DE 1,20 M E ALTURA DE 0,50 M",14188881,33,PERDEU,UN,17008.86,515.42
"ANEL EM CONCRETO ARMADO, LISO, PARA FOSSAS SEPTICAS E SUMIDOUROS, COM FUNDO, DIAMETRO INTERNO DE 3,00 M E ALTURA DE 0,50 M",14188882,25,PERDEU,UN,44441.75,1777.67
"ARAME DE ACO OVALADO 15 X 17 ( 45,7 KG, 700 KGF), ROLO 1000 M",14188883,439,PERDEU,KG,12599.3,28.7
"ARAME GALVANIZADO 12 BWG, D = 2,76 MM (0,048 KG/M) OU 14 BWG, D = 2,11 MM (0,026 KG/M)",14188884,339,DESCLASSIFICADO_LANCE,KG,8213.97,24.23
"ARAME GALVANIZADO 16 BWG, D = 1,65MM (0,0166 KG/M)",14188885,364,DESCLASSIFICADO_LANCE,KG,11593.4,31.85
"ARAME GALVANIZADO 18 BWG, D = 1,24MM (0,009 KG/M)",14188886,374,DESCLASSIFICADO_LANCE,KG,12925.44,34.56
"ARAME GALVANIZADO 6 BWG, D = 5,16 MM (0,157 KG/M), OU 8 BWG, D = 4,19 MM (0,101 KG/M), OU 10 BWG, D = 3,40 MM (0,0713 KG/M)",14188887,364,PERDEU,KG,10250.24,28.16
"ARAME RECOZIDO 16 BWG, D = 1,65 MM (0,016 KG/M) OU 18 BWG, D = 1,25 MM (0,01 KG/M)",14188888,789,DESCLASSIFICADO_LANCE,KG,19117.47,24.23
"ARCO DE SERRA FIXO 12'' COM SERRA INCLUSA",14188889,92,PERDEU,UND,1886.92,20.51
"AREIA FINA - POSTO JAZIDA/FORNECEDOR (COM FRETE INCLUSO)",14188890,695,DESCLASSIFICADO_LANCE,M3,82823.15,119.17
"AREIA FINA - POSTO JAZIDA/FORNECEDOR (COM FRETE INCLUSO)",14192908,150,DESCLASSIFICADO_LANCE,M3,17875.5,119.17
"AREIA GROSSA - POSTO JAZIDA/FORNECEDOR (COM FRETE INCLUSO)",14188891,610,PERDEU,M3,73645.3,120.73
"AREIA GROSSA - POSTO JAZIDA/FORNECEDOR (COM FRETE INCLUSO)",14192909,150,PERDEU,M3,18109.5,120.73
"AREIA MEDIA - POSTO JAZIDA/FORNECEDOR (COM FRETE INCLUSO)",14188892,450,PERDEU,M3,53626.5,119.17
"AREIA MEDIA - POSTO JAZIDA/FORNECEDOR (COM FRETE INCLUSO)",14192913,150,PERDEU,M3,17875.5,119.17
"AREIA PARA ATERRO - POSTO JAZIDA/FORNECEDOR (COM FRETE INCLUSO)",14188893,550,PERDEU,M3,32774.5,59.59
"ARGAMASSA COLANTE AC I PARA CERAMICAS",14188894,7600,PERDEU,KG,4104,0.54
"ARGAMASSA COLANTE AC II",14188895,10300,PERDEU,KG,10300,1
"ARGAMASSA COLANTE TIPO AC III",14188896,8900,PERDEU,KG,14685,1.65
"ARGAMASSA COLANTE TIPO AC III E",14188897,6350,PERDEU,KG,12065,1.9
"ARRUELA EM ALUMINIO, COM ROSCA, DE  1 1/4"", PARA ELETRODUTO",14188898,1315,PERDEU,UN,2209.2,1.68
"ARRUELA EM ALUMINIO, COM ROSCA, DE 1 1/2"", PARA ELETRODUTO",14188899,1335,PERDEU,UN,2496.45,1.87
"ARRUELA EM ALUMINIO, COM ROSCA, DE 1"", PARA ELETRODUTO",14188900,1837,PERDEU,UN,1726.78,0.94
"ARRUELA EM ALUMINIO, COM ROSCA, DE 1/2"", PARA ELETRODUTO",14188901,2675,PERDEU,UN,1364.25,0.51
"ARRUELA EM ALUMINIO, COM ROSCA, DE 2 1/2"", PARA ELETRODUTO",14188902,935,PERDEU,UN,3244.45,3.47
"ARRUELA EM ALUMINIO, COM ROSCA, DE 2"", PARA ELETRODUTO",14188903,1235,PERDEU,UN,3038.1,2.46
"ARRUELA EM ALUMINIO, COM ROSCA, DE 3"", PARA ELETRODUTO",14188904,775,PERDEU,UN,4898,6.32
"ARRUELA EM ALUMINIO, COM ROSCA, DE 3/4"", PARA ELETRODUTO",14188905,2165,PERDEU,UN,1320.65,0.61
"ARRUELA EM ALUMINIO, COM ROSCA, DE 3/8"", PARA ELETRODUTO",14188906,1615,PERDEU,UN,1518.1,0.94
"ARRUELA EM ALUMINIO, COM ROSCA, DE 4"", PARA ELETRODUTO",14188907,705,PERDEU,UN,6218.1,8.82
"ASSENTO  VASO SANITARIO INFANTIL EM PLASTICO BRANCO",14188908,195,PERDEU,UN,14578.2,74.76
"ASSENTO SANITÁRIO ALMOFADADO DO TIPO GENERICO",14188909,222,PERDEU,UND,15926.28,71.74
"ASSENTO SANITARIO DE PLASTICO, TIPO CONVENCIONAL",14188910,481,PERDEU,UN,16897.53,35.13
"ASSOALHO EUCALIPTO 1º",14188911,285,PERDEU,M2,18097.5,63.5
"ASSOALHO PINUS TRATADO",14188912,200,VENCEU,M2,5400,27
"AUTOMATICO DE BOIA SUPERIOR / INFERIOR, *15* A / 250 V",14188913,202,PERDEU,UN,9926.28,49.14
"BACIA SANITARIA (VASO) COM CAIXA ACOPLADA, SIFAO APARENTE, DE LOUCA BRANCA (SEM ASSENTO)",14188914,158,PERDEU,UN,44383.78,280.91
"BACIA SANITARIA (VASO) COM CAIXA ACOPLADA, SIFAO OCULTO / CARENADO, DE LOUCA BRANCA (SEM ASSENTO ) - PADRAO ALTO",14188915,106,PERDEU,UN,41219.16,388.86
"BACIA SANITARIA (VASO) CONVENCIONAL PARA PCD, SEM FURO FRONTAL, DE LOUCA BRANCA (SEM ASSENTO)",14188916,88,PERDEU,UN,41606.4,472.8
"BACIA SANITARIA (VASO) CONVENCIONAL PARA USO ESPECIFICO (HOSPITAIS, CLINICAS), COM FURO FRONTAL, DE LOUCA BRANCA, SEM ASSENTO",14188917,77,PERDEU,UN,32621.05,423.65
"BALDE METÁLICO 10 LT COM CABO",14188918,228,PERDEU,UND,4929.36,21.62
"BALDE PLÁSTICO 8LT COM CABO",14188919,140,PERDEU,UND,936.6,6.69
"BALDE PLASTICO CAPACIDADE *10* L",14188920,135,PERDEU,UN,1472.85,10.91
"BANDEJA DE PINTURA PARA ROLO 23 CM",14188921,160,PERDEU,UN,1444.8,9.03
"BANDEJA PARA PINTURA PROFISSIONAL 15CM",14188922,185,PERDEU,UND,1089.65,5.89
"BANDEJA PARA PINTURA PROFISSIONAL 23CM",14188923,180,PERDEU,UND,1751.4,9.73
"BARDELA EUCALIPTO 3,5 X 5 CM TRATADAA",14188924,4238,DESCLASSIFICADO_LANCE,M,83700.5,19.75
"BARDELA EUCALIPTO 3,5 X 5 CM TRATADAA",14192920,1412,DESCLASSIFICADO_LANCE,M,27887,19.75
"BASE DE MISTURADOR MONOCOMANDO PARA CHUVEIRO, DE PAREDE (NAO INCLUI ACABAMENTOS)",14188925,48,PERDEU,UN,21221.76,442.12
"BASE PARA RELE COM SUPORTE METALICO",14188926,131,PERDEU,UN,2840.08,21.68
"BATENTE / PORTAL / ADUELA / MARCO EM MADEIRA MACICA COM REBAIXO, E = *3* CM, L = *14* CM, PARA PORTAS DE  GIRO DE *60 CM A 120* CM  X *210* CM, CEDRINHO / ANGELIM COMERCIAL / TAURI / CURUPIXA / PEROBA / CUMARU OU EQUIVALENTE DA REGIAO (NAO INCLUI ALIZARES)",14188927,178,VENCEU,JG,32218,181
"BATENTE / PORTAL / ADUELA / MARCO EM MADEIRA MACICA COM REBAIXO, E = *3* CM, L = *14* CM, PARA PORTAS DE  GIRO DE *60 CM A 120* CM  X *210* CM, PINUS / EUCALIPTO / VIROLA OU EQUIVALENTE DA REGIAO (NAO INCLUI ALIZARES)",14188928,184,VENCEU,JG,20792,113
"BATENTE / PORTAL / ADUELA / MARCO EM MADEIRA MACICA COM REBAIXO, E = *3* CM, L = *16* CM, PARA PORTAS DE  GIRO DE *60 CM A 120* CM  X *210* CM, CEDRINHO / ANGELIM COMERCIAL / TAURI / CURUPIXA / PEROBA / CUMARU OU EQUIVALENTE DA REGIAO (NAO INCLUI ALIZARES)",14188929,183,VENCEU,JG,29316.6,160.2
"BATENTE / PORTAL / ADUELA / MARCO EM MADEIRA MACICA COM REBAIXO, E = *3* CM, L = *16* CM, PARA PORTAS DE  GIRO DE *60 CM A 120* CM  X *210* CM, PINUS / EUCALIPTO / VIROLA OU EQUIVALENTE DA REGIAO (NAO INCLUI ALIZARES)",14188930,183,VENCEU,JG,13999.5,76.5
"BLOCO CERAMICO / TIJOLO VAZADO PARA ALVENARIA DE VEDACAO, 6 FUROS NA HORIZONTAL, 9 X 14 X 19 CM (L X A X C)",14188931,14575,DESCLASSIFICADO_LANCE,UN,12680.25,0.87
"BLOCO CERAMICO / TIJOLO VAZADO PARA ALVENARIA DE VEDACAO, FUROS NA HORIZONTAL, 11,5 X 19 X 19 CM (NBR 15270)",14188932,19400,PERDEU,UN,24832,1.28
"BLOCO DE CONCRETO ESTRUTURAL 14 X 19 X 39 CM, FBK 14 MPA (NBR 6136)",14188933,6725,PERDEU,UN,30397,4.52
"BLOCO LED AUTONOMO EMERGENCIA 1200LM (COM DOIS FARÓIS) BIVOLT",14188934,169,PERDEU,UND,17109.56,101.24
"BLOCO VEDACAO CONCRETO CELULAR AUTOCLAVADO 12,5 X 30 X 60 CM (E X A X C)",14188935,949,PERDEU,M2,111469.54,117.46
"BLOCO VEDACAO CONCRETO CELULAR AUTOCLAVADO 12,5 X 30 X 60 CM (E X A X C)",14192926,316,PERDEU,M2,37117.36,117.46
"BLOCO VEDACAO CONCRETO CELULAR AUTOCLAVADO 7,5 X 30 X 60 CM (E X A X C)",14188936,942,PERDEU,M2,65403.06,69.43
"BLOCO VEDACAO CONCRETO CELULAR AUTOCLAVADO 7,5 X 30 X 60 CM (E X A X C)",14192932,313,PERDEU,M2,21731.59,69.43
"BOLSA DE LIGACAO EM PVC FLEXIVEL PARA VASO SANITARIO 1.1/2 "" (40 MM)",14188937,409,PERDEU,UN,1406.96,3.44
"BRACO OU HASTE COM CANOPLA PLASTICA, 1/2 "", PARA CHUVEIRO SIMPLES",14188938,164,PERDEU,UN,2576.44,15.71
"BRACO OU HASTE RETA COM CANOPLA PLASTICA, 1/2 "", PARA CHUVEIRO ELETRICO",14188939,149,PERDEU,UN,3172.21,21.29
"BRITA BRANCA DECORATIVA PARA JARDIM N1 SC DE 20KG",14188940,520,PERDEU,SC,21262.8,40.89
"BRITA BRANCA DECORATIVA PARA JARDIM N3/4 SC DE 20KG",14188941,470,PERDEU,SC,15303.2,32.56
"BRITA ROSADA PARA JARDIM N1",14188942,239,DESCLASSIFICADO_LANCE,M3,63291.98,264.82
"BRITA ROSADA PARA JARDIM N1",14192935,79,DESCLASSIFICADO_LANCE,M3,20920.78,264.82
"BUCHA DE NYLON COM ANEL MEDINDO 10MM DE DIÂMETRO.",14188943,2525,PERDEU,UND,580.75,0.23
"BUCHA DE NYLON COM ANEL MEDINDO 6MM DE DIÂMETRO.",14188944,2675,PERDEU,UND,240.75,0.09
"BUCHA DE NYLON COM ANEL MEDINDO 8MM DE DIÂMETRO.",14188945,2725,PERDEU,UND,272.5,0.1
"BUCHA DE NYLON SEM ABA S10",14188946,2725,PERDEU,UN,899.25,0.33
"BUCHA DE NYLON SEM ABA S4",14188947,2625,PERDEU,UN,131.25,0.05
"BUCHA DE NYLON SEM ABA S5",14188948,2625,PERDEU,UN,131.25,0.05
"BUCHA DE NYLON SEM ABA S6",14188949,2725,PERDEU,UN,245.25,0.09
"BUCHA DE NYLON SEM ABA S8",14188950,2725,PERDEU,UN,463.25,0.17
"BUCHA DE NYLON SEM ANEL MEDINDO 10MM DE DIÂMETRO",14188951,2575,PERDEU,UND,1313.25,0.51
"BUCHA DE NYLON SEM ANEL MEDINDO 12MM DE DIÂMETRO.",14188952,2575,PERDEU,UND,2317.5,0.9
"BUCHA DE NYLON SEM ANEL MEDINDO 5MM DE DIÂMETRO.",14188953,2475,PERDEU,UND,643.5,0.26
"BUCHA DE NYLON SEM ANEL MEDINDO 6MM DE DIÂMETRO.",14188954,2575,PERDEU,UND,1081.5,0.42
"BUCHA DE NYLON SEM ANEL MEDINDO 7MM DE DIÂMETRO.",14188955,1975,PERDEU,UND,3002,1.52
"BUCHA DE NYLON SEM ANEL MEDINDO 8MM DE DIÂMETRO.",14188956,2575,PERDEU,UND,1622.25,0.63
"BUCHA DE REDUCAO DE PVC, SOLDAVEL, CURTA, COM 25 X 20 MM, PARA AGUA FRIA PREDIAL",14188957,1170,PERDEU,UN,631.8,0.54
"BUCHA DE REDUCAO DE PVC, SOLDAVEL, CURTA, COM 32 X 25 MM, PARA AGUA FRIA PREDIAL",14188958,1170,PERDEU,UN,1017.9,0.87
"BUCHA DE REDUCAO DE PVC, SOLDAVEL, CURTA, COM 40 X 32 MM, PARA AGUA FRIA PREDIAL",14188959,700,PERDEU,UN,1337,1.91
"BUCHA DE REDUCAO DE PVC, SOLDAVEL, CURTA, COM 50 X 40 MM, PARA AGUA FRIA PREDIAL",14188960,700,PERDEU,UN,2317,3.31
"BUCHA DE REDUCAO DE PVC, SOLDAVEL, CURTA, COM 60 X 50 MM, PARA AGUA FRIA PREDIAL",14188961,470,PERDEU,UN,2909.3,6.19
"BUCHA DE REDUCAO DE PVC, SOLDAVEL, LONGA, 50 X 40 MM, PARA ESGOTO PREDIAL",14188962,670,PERDEU,UN,1842.5,2.75
"BUCHA DE REDUCAO DE PVC, SOLDAVEL, LONGA, COM 32 X 20 MM, PARA AGUA FRIA PREDIAL",14188963,1170,PERDEU,UN,2983.5,2.55
"BUCHA DE REDUCAO DE PVC, SOLDAVEL, LONGA, COM 40 X 20 MM, PARA AGUA FRIA PREDIAL",14188964,690,PERDEU,UN,2332.2,3.38
"BUCHA DE REDUCAO DE PVC, SOLDAVEL, LONGA, COM 40 X 25 MM, PARA AGUA FRIA PREDIAL",14188965,670,PERDEU,UN,2217.7,3.31
"BUCHA DE REDUCAO DE PVC, SOLDAVEL, LONGA, COM 50 X 20 MM, PARA AGUA FRIA PREDIAL",14188966,700,PERDEU,UN,2128,3.04
"BUCHA DE REDUCAO DE PVC, SOLDAVEL, LONGA, COM 50 X 25 MM, PARA AGUA FRIA PREDIAL",14188967,700,PERDEU,UN,2695,3.85
"BUCHA DE REDUCAO DE PVC, SOLDAVEL, LONGA, COM 50 X 32 MM, PARA AGUA FRIA PREDIAL",14188968,690,PERDEU,UN,3574.2,5.18
"BUCHA DE REDUCAO DE PVC, SOLDAVEL, LONGA, COM 60 X 50 MM, PARA AGUA FRIA PREDIAL",14188969,345,PERDEU,UN,5168.1,14.98
"BUCHA DE REDUCAO PVC ROSCAVEL 1 1/2"" X 1""",14188970,408,PERDEU,UN,3162,7.75
"BUCHA DE REDUCAO PVC ROSCAVEL 3/4"" X 1/2""",14188971,638,PERDEU,UN,682.66,1.07
"BUCHA DE REDUCAO PVC ROSCAVEL, 1 1/2"" X 3/4""",14188972,428,PERDEU,UN,2820.52,6.59
"BUCHA DE REDUCAO PVC ROSCAVEL, 1"" X 1/2""",14188973,638,PERDEU,UN,2028.84,3.18
"BUCHA DE REDUCAO PVC ROSCAVEL, 1"" X 3/4""",14188974,638,PERDEU,UN,1965.04,3.08
"BUCHA DE REDUCAO PVC, ROSCAVEL,  2""  X 1 1/2 """,14188975,288,PERDEU,UN,5929.92,20.59
"BUCHA DE REDUCAO PVC, ROSCAVEL, 1 1/2""  X1 1/4 """,14188976,278,PERDEU,UN,5548.88,19.96
"BUCHA DE REDUCAO PVC, ROSCAVEL, 1 1/4""  X 3/4 """,14188977,408,PERDEU,UN,3096.72,7.59
"BUCHA DE REDUCAO PVC, ROSCAVEL, 1 1/4"" X 1 """,14188978,638,PERDEU,UN,433.84,0.68
"BUCHA DE REDUCAO PVC, ROSCAVEL, 2""  X 1 """,14188979,438,PERDEU,UN,2330.16,5.32
"BUCHA DE REDUCAO PVC, ROSCAVEL, 2""  X 1 1/4 """,14188980,278,PERDEU,UN,6777.64,24.38
"BUCHA DE REDUCAO, PPR, DN 32 X 25 MM, PARA AGUA QUENTE E FRIA PREDIAL",14188981,658,PERDEU,UN,2691.22,4.09
"BUCHA DE REDUCAO, PPR, DN 40 X 25 MM, PARA AGUA QUENTE E FRIA PREDIAL",14188982,378,PERDEU,UN,4029.48,10.66
"BUCHA DE REDUCAO, PVC, LONGA, SERIE R, DN 50 X 40 MM, PARA ESGOTO OU AGUAS PLUVIAIS PREDIAIS",14188983,373,PERDEU,UN,1768.02,4.74
"CABO DE ACO GALVANIZADO, DIAMETRO 12,7 MM (1/2""), COM ALMA DE ACO CABO INDEPENDENTE 6 X 25 F",14188984,180,PERDEU,KG,14598,81.1
"CABO DE ACO GALVANIZADO, DIAMETRO 12,7 MM (1/2""), COM ALMA DE FIBRA 6 X 25 F",14188985,180,PERDEU,KG,13928.4,77.38
"CABO DE ACO GALVANIZADO, DIAMETRO 9,53 MM (3/8""), COM ALMA DE FIBRA 6 X 25 F",14188986,190,PERDEU,KG,14565.4,76.66
"CABO DE COBRE, FLEXIVEL, CLASSE 4 OU 5, ISOLACAO EM PVC/A, ANTICHAMA BWF-B, 1 CONDUTOR, 450/750 V, SECAO NOMINAL 1,5 MM2",14188987,5950,PERDEU,M,6664,1.12
"CABO DE COBRE, FLEXIVEL, CLASSE 4 OU 5, ISOLACAO EM PVC/A, ANTICHAMA BWF-B, 1 CONDUTOR, 450/750 V, SECAO NOMINAL 10 MM2",14188988,4650,PERDEU,M,37572,8.08
"CABO DE COBRE, FLEXIVEL, CLASSE 4 OU 5, ISOLACAO EM PVC/A, ANTICHAMA BWF-B, 1 CONDUTOR, 450/750 V, SECAO NOMINAL 2,5 MM2",14188989,5500,PERDEU,M,63470,11.54
"CABO DE COBRE, FLEXIVEL, CLASSE 4 OU 5, ISOLACAO EM PVC/A, ANTICHAMA BWF-B, 1 CONDUTOR, 450/750 V, SECAO NOMINAL 25 MM2",14188990,7900,PERDEU,M,13983,1.77
"CABO DE COBRE, FLEXIVEL, CLASSE 4 OU 5, ISOLACAO EM PVC/A, ANTICHAMA BWF-B, 1 CONDUTOR, 450/750 V, SECAO NOMINAL 4 MM2",14188991,3338,PERDEU,M,60317.66,18.07
"CABO DE COBRE, FLEXIVEL, CLASSE 4 OU 5, ISOLACAO EM PVC/A, ANTICHAMA BWF-B, 1 CONDUTOR, 450/750 V, SECAO NOMINAL 4 MM2",14192939,1112,PERDEU,M,20093.84,18.07
"CABO DE COBRE, FLEXIVEL, CLASSE 4 OU 5, ISOLACAO EM PVC/A, ANTICHAMA BWF-B, 1 CONDUTOR, 450/750 V, SECAO NOMINAL 16 MM2",14188992,6650,PERDEU,M,19551,2.94
"CABO DE COBRE, FLEXIVEL, CLASSE 4 OU 5, ISOLACAO EM PVC/A, ANTICHAMA BWF-B, COBERTURA PVC-ST1, ANTICHAMA BWF-B, 1 CONDUTOR, 0,6/1 KV, SECAO NOMINAL 10 MM2",14188993,5100,PERDEU,M,39219,7.69
"CABO DE COBRE, FLEXIVEL, CLASSE 4 OU 5, ISOLACAO EM PVC/A, ANTICHAMA BWF-B, COBERTURA PVC-ST1, ANTICHAMA BWF-B, 1 CONDUTOR, 0,6/1 KV, SECAO NOMINAL 16 MM2",14188994,4500,PERDEU,M,55170,12.26
"CABO DE COBRE, FLEXIVEL, CLASSE 4 OU 5, ISOLACAO EM PVC/A, ANTICHAMA BWF-B, COBERTURA PVC-ST1, ANTICHAMA BWF-B, 1 CONDUTOR, 0,6/1 KV, SECAO NOMINAL 2,5 MM2",14188995,6360,PERDEU,M,13356,2.1
"CABO DE COBRE, FLEXIVEL, CLASSE 4 OU 5, ISOLACAO EM PVC/A, ANTICHAMA BWF-B, COBERTURA PVC-ST1, ANTICHAMA BWF-B, 1 CONDUTOR, 0,6/1 KV, SECAO NOMINAL 25 MM2",14188996,3000,PERDEU,M,57060,19.02
"CABO DE COBRE, FLEXIVEL, CLASSE 4 OU 5, ISOLACAO EM PVC/A, ANTICHAMA BWF-B, COBERTURA PVC-ST1, ANTICHAMA BWF-B, 1 CONDUTOR, 0,6/1 KV, SECAO NOMINAL 25 MM2",14192942,1000,PERDEU,M,19020,19.02
"CABO DE COBRE, FLEXIVEL, CLASSE 4 OU 5, ISOLACAO EM PVC/A, ANTICHAMA BWF-B, COBERTURA PVC-ST1, ANTICHAMA BWF-B, 1 CONDUTOR, 0,6/1 KV, SECAO NOMINAL 4 MM2",14188997,7450,PERDEU,M,24063.5,3.23
"CABO DE COBRE, FLEXIVEL, CLASSE 4 OU 5, ISOLACAO EM PVC/A, ANTICHAMA BWF-B, COBERTURA PVC-ST1, ANTICHAMA BWF-B, 1 CONDUTOR, 0,6/1 KV, SECAO NOMINAL 6 MM2",14188998,4625,PERDEU,M,21737.5,4.7
"CABO FLEXIVEL PVC 750 V, 2 CONDUTORES DE 1,5 MM2",14188999,4775,PERDEU,M,15614.25,3.27
"CABO FLEXIVEL PVC 750 V, 2 CONDUTORES DE 4,0 MM2",14189000,4350,PERDEU,M,34843.5,8.01
"CABO FLEXIVEL PVC 750 V, 2 CONDUTORES DE 6,0 MM2",14189001,3750,PERDEU,M,43725,11.66
"CABO FLEXIVEL PVC 750 V, 3 CONDUTORES DE 1,5 MM2",14189002,4750,PERDEU,M,21185,4.46
"CABO FLEXIVEL PVC 750 V, 3 CONDUTORES DE 4,0 MM2",14189003,3750,PERDEU,M,41437.5,11.05
"CABO FLEXIVEL PVC 750 V, 3 CONDUTORES DE 6,0 MM2",14189004,3300,PERDEU,M,54153,16.41
"CABO FLEXIVEL PVC 750 V, 4 CONDUTORES DE 1,5 MM2",14189005,4450,PERDEU,M,26433,5.94
"CABO FLEXIVEL PVC 750 V, 4 CONDUTORES DE 4,0 MM2",14189006,3225,PERDEU,M,46343.25,14.37
"CABO FLEXIVEL PVC 750 V, 4 CONDUTORES DE 6,0 MM2",14189007,2975,PERDEU,M,65271.5,21.94
"CABO PARA PÁ EM MADEIRA 120CM",14189008,425,PERDEU,UND,7667,18.04
"CADEADO SIMPLES, CORPO EM LATAO MACICO, COM LARGURA DE 25 MM E ALTURA DE APROX 25 MM, HASTE CEMENTADA (NAO LONGA), EM ACO TEMPERADO COM DIAMETRO DE APROX 5,0 MM, INCLUINDO 2 CHAVES",14189009,265,DESCLASSIFICADO_LANCE,UN,5146.3,19.42
"CADEADO SIMPLES, CORPO EM LATAO MACICO, COM LARGURA DE 30 MM",14189010,170,DESCLASSIFICADO_LANCE,UND,4467.6,26.28
"CADEADO SIMPLES, CORPO EM LATAO MACICO, COM LARGURA DE 35 MM E ALTURA DE APROX 30 MM, HASTE CEMENTADA (NAO LONGA), EM ACO TEMPERADO COM DIAMETRO DE APROX 6,0 MM, INCLUINDO 2 CHAVES",14189011,170,PERDEU,UN,4914.7,28.91
"CADEADO SIMPLES, CORPO EM LATAO MACICO, COM LARGURA DE 40 MM",14189012,175,DESCLASSIFICADO_LANCE,UND,8944.25,51.11
"CADEADO SIMPLES, CORPO EM LATAO MACICO, COM LARGURA DE 50 MM E ALTURA DE APROX 40 MM, HASTE CEMENTADA EM ACO TEMPERADO COM DIAMETRO DE APROX 8,0 MM, INCLUINDO 2 CHAVES",14189013,180,PERDEU,UN,7360.2,40.89
"CADEADO SIMPLES, CORPO EM LATAO MACICO, COM LARGURA DE 60 MM",14189014,126,PERDEU,UND,8409.24,66.74
"CAIBRO 5 X 5 CM EM PINUS, MISTA OU EQUIVALENTE DA REGIAO - BRUTA",14189015,3265,VENCEU,M,14202.75,4.35
"CAIBRO ROLICO DE MADEIRA TRATADA, D = 4 A 7 CM, H = 3,00 M, EM EUCALIPTO OU EQUIVALENTE DA REGIAO",14189016,1675,VENCEU,UND,31155,18.6
"CAIXA CLORADORA 25LT",14189017,770,PERDEU,UND,37676.1,48.93
"CAIXA D'AGUA EM POLIETILENO 1000 LITROS, COM TAMPA",14189018,37,PERDEU,UND,13031.77,352.21
"CAIXA D'AGUA EM POLIETILENO 1500 LITROS, COM TAMPA",14189019,37,PERDEU,UN,30079.89,812.97
"CAIXA D'AGUA EM POLIETILENO 2000 LITROS, COM TAMPA",14189020,37,PERDEU,UN,34121.03,922.19
"CAIXA D'AGUA EM POLIETILENO 500 LITROS, COM TAMPA",14189021,29,PERDEU,UND,6176.71,212.99
"CAIXA D'AGUA EM POLIETILENO 750 LITROS, COM TAMPA",14189022,29,PERDEU,UN,9554.34,329.46
"CAIXA DE CONCRETO ARMADO PRE-MOLDADO, COM FUNDO E TAMPA, DIMENSOES DE 0,30 X 0,30 X 0,30 M",14189023,53,PERDEU,UN,8210.23,154.91
"CAIXA DE CONCRETO ARMADO PRE-MOLDADO, COM FUNDO E TAMPA, DIMENSOES DE 0,40 X 0,40 X 0,40 M",14189024,38,PERDEU,UN,10816.32,284.64
"CAIXA DE CONCRETO ARMADO PRE-MOLDADO, COM FUNDO E TAMPA, DIMENSOES DE 0,60 X 0,60 X 0,50 M",14189025,35,PERDEU,UN,12660.55,361.73
"CAIXA DE CONCRETO ARMADO PRE-MOLDADO, SEM FUNDO, QUADRADA, DIMENSOES DE 0,30 X 0,30 X 0,30 M",14189026,28,DESCLASSIFICADO_LANCE,UN,2244.2,80.15
"CAIXA DE CONCRETO ARMADO PRE-MOLDADO, SEM FUNDO, QUADRADA, DIMENSOES DE 0,40 X 0,40 X 0,40 M",14189027,58,DESCLASSIFICADO_LANCE,UN,7722.12,133.14
"CAIXA DE CONCRETO ARMADO PRE-MOLDADO, SEM FUNDO, QUADRADA, DIMENSOES DE 0,60 X 0,60 X 0,50 M",14189028,52,PERDEU,UN,13410.28,257.89
"CAIXA DE DESCARGA DE PLASTICO EXTERNA, DE *9* L, PUXADOR FIO DE NYLON, NAO INCLUSO CANO, BOLSA, ENGATE",14189029,185,PERDEU,CJT,7320.45,39.57
"CAIXA DE DESCARGA PLASTICA DE EMBUTIR COMPLETA, COM ESPELHO PLASTICO, CAPACIDADE 6 A 10 L, ACESSORIOS INCLUSOS",14189030,109,PERDEU,UN,95329.22,874.58
"CAIXA DE DESCARGA PLASTICA DE EMBUTIR COMPLETA, COM ESPELHO PLASTICO, CAPACIDADE 6 A 10 L, ACESSORIOS INCLUSOS",14192945,36,PERDEU,UN,31484.88,874.58
"CAIXA DE ENTRADA PADRÃO CASAN COM TAMPA",14189031,127,PERDEU,UND,9527.54,75.02
"CAIXA DE GORDURA COM TAMPA REFORÇADA 42L",14189032,148,DESCLASSIFICADO_LANCE,UND,33092.8,223.6
"CAIXA DE PASSAGEM ELETRICA DE PAREDE, DE EMBUTIR, EM PVC, COM TAMPA APARAFUSADA, DIMENSOES 120 X 120 X *75* MM",14189033,83,PERDEU,UN,3066.85,36.95
"CAIXA DE PASSAGEM ELETRICA DE PAREDE, DE SOBREPOR, EM PVC, COM TAMPA APARAFUSADA, DIMENSOES 300 X 300 X *100* MM",14189034,78,PERDEU,UN,11684.4,149.8
"CAIXA DE PASSAGEM, EM PVC, DE 4"" X 2"", PARA ELETRODUTO FLEXIVEL CORRUGADO",14189035,201,PERDEU,UN,341.7,1.7
"CAIXA DE PASSAGEM, EM PVC, DE 4"" X 4"", PARA ELETRODUTO FLEXIVEL CORRUGADO",14189036,201,PERDEU,UN,677.37,3.37
"CAIXA PLÁSTICA RETANGULAR 20LT PARA MASSA COM ALÇA",14189037,101,PERDEU,UND,1721.04,17.04
"CAIXA SIFONADA PVC, 100 X 100 X 50 MM, COM GRELHA REDONDA, BRANCA",14189038,112,PERDEU,UN,2387.84,21.32
"CAIXA SIFONADA, PVC, 150 X 150 X 50 MM, COM GRELHA QUADRADA, BRANCA (NBR 5688)",14189039,90,DESCLASSIFICADO_LANCE,UN,3590.1,39.89
"CAIXA SIFONADA, PVC, 150 X 150 X 50 MM, COM GRELHA REDONDA, BRANCA",14189040,87,PERDEU,UN,4183.83,48.09
"CAL HIDRATADA CH-I PARA ARGAMASSAS",14189041,16105,PERDEU,KG,14655.55,0.91
"CAL HIDRATADA PARA PINTURA",14189042,43000,PERDEU,KG,65360,1.52
"CANALETA PVC PARA ELETRICA COM DUPLA FACE 2M",14189043,595,DESCLASSIFICADO_LANCE,BR,12988.85,21.83
"CAP PVC, SOLDAVEL, 20 MM, PARA AGUA FRIA PREDIAL",14189044,564,PERDEU,UN,642.96,1.14
"CAP PVC, SOLDAVEL, 25 MM, PARA AGUA FRIA PREDIAL",14189045,754,PERDEU,UN,859.56,1.14
"CAP PVC, SOLDAVEL, 32 MM, PARA AGUA FRIA PREDIAL",14189046,754,PERDEU,UN,1394.9,1.85
"CAP PVC, SOLDAVEL, 40 MM, PARA AGUA FRIA PREDIAL",14189047,404,PERDEU,UN,1442.28,3.57
"CAP PVC, SOLDAVEL, 50 MM, PARA AGUA FRIA PREDIAL",14189048,434,PERDEU,UN,2790.62,6.43
"CAP PVC, SOLDAVEL, 60 MM, PARA AGUA FRIA PREDIAL",14189049,376,PERDEU,UN,4075.84,10.84
"CAP PVC, SOLDAVEL, DN 100 MM, SERIE NORMAL, PARA ESGOTO PREDIAL",14189050,356,PERDEU,UN,3072.28,8.63
"CAP PVC, SOLDAVEL, DN 50 MM, SERIE NORMAL, PARA ESGOTO PREDIAL",14189051,404,PERDEU,UN,1616,4
"CAP PVC, SOLDAVEL, DN 75 MM, SERIE NORMAL, PARA ESGOTO PREDIAL",14189052,424,PERDEU,UN,3044.32,7.18
"CAPA DE CHUVA AMARELA TAMANHOS DIVERSOS",14189053,414,PERDEU,UND,15313.86,36.99
"CAPACETE V-GUARD COR BRANCO COM CARNEIRA",14189054,179,PERDEU,UND,14217.97,79.43
"CARRANCA PARA JANELA VENEZIANA DE ABRIR, EM LATAO CROMADO, SIMPLES, PARA APARAFUSAR NA PAREDE",14189055,33,PERDEU,UN,623.7,18.9
"CARRINHO DE MAO DE ACO CAPACIDADE 50 A 60 L, PNEU COM CAMARA",14189056,151,PERDEU,UN,34622.79,229.29
"CARRINHO DE MÃO EXTRAFORTE REFORÇADO CAÇAMBA EM CHAPA DE AÇO 65 LT",14189057,80,PERDEU,UND,25379.2,317.24
"CARRINHO DE MÃO QUADRADO CAÇAMBA 60LT METÁLICO",14189058,47,PERDEU,UND,13770.53,292.99
"CATÁLISADOR EPÓXI 900ML",14189059,162,PERDEU,UND,7132.86,44.03
"CAVADEIRA ARTICULADA DUPLA COM CABO DE MADEIRA - MATERIAL AÇO FORJADO",14189060,48,PERDEU,UND,3238.56,67.47
"CHAPEU DE PALHA 35CM",14189061,385,PERDEU,UND,14907.2,38.72
"CHAVE DE GRIFO PARA TUBO 14''",14189062,27,PERDEU,UND,1858.95,68.85
"CHAVE TESTE COM A PONTA FENDA 1/8X3''",14189063,62,PERDEU,UND,685.1,11.05
"CHUMBADOR DE ACO TIPO PARABOLT, * 5/8"" X 200* MM,  COM PORCA E ARRUELA",14189064,614,PERDEU,KG,16584.14,27.01
"CHUMBADOR DE ACO, DIAMETRO 1/2"", COMPRIMENTO 75 MM",14189065,341,PERDEU,UN,4774,14
"CHUMBADOR DE ACO, DIAMETRO 5/8"", COMPRIMENTO 6"", COM PORCA",14189066,239,PERDEU,UN,7332.52,30.68
"CHUMBADOR, DIAMETRO 1/4"" COM PARAFUSO 1/4"" X 40 MM",14189067,334,PERDEU,UN,524.38,1.57
"CHUVEIRO COMUM EM PLASTICO BRANCO, COM CANO, 3 TEMPERATURAS, 5500 W (110/220 V)",14189068,105,PERDEU,UN,6928.95,65.99
"CHUVEIRO ELETRONICO 7500W COM POTENCIOMETRO PARA TEMPERATURA",14189069,78,DESCLASSIFICADO_LANCE,UND,16271.58,208.61
"CILINDRO FECHADURA DIV. MARCAS COM 2 CHAVES",14189070,295,PERDEU,UND,6799.75,23.05
"CIMENTO BRANCO",14189071,2500,PERDEU,KG,9475,3.79
"CIMENTO PORTLAND COMPOSTO CP II-32",14189072,19750,PERDEU,KG,14022.5,0.71
"CIMENTO PORTLAND POZOLANICO CP IV-32",14189073,19250,PERDEU,KG,13090,0.68
"COLA BRANCA BASE PVA",14189074,375,PERDEU,KG,9821.25,26.19
"COLETE REFLETIVO AMARELO/LARANJA/VERDE",14189075,281,PERDEU,UND,9107.21,32.41
"COLHER DE PEDREIRO 7''",14189076,114,PERDEU,UND,2918.4,25.6
"COLHER DE PEDREIRO 8''",14189077,110,PERDEU,UND,5097.4,46.34
"CONDULETE EM PVC, TIPO ""X"", SEM TAMPA, DE 1""",14189078,85,PERDEU,UN,1110.95,13.07
"CONDULETE EM PVC, TIPO ""X"", SEM TAMPA, DE 1/2""",14189079,135,PERDEU,UN,1304.1,9.66
"CONDULETE EM PVC, TIPO ""X"", SEM TAMPA, DE 3/4""",14189080,155,PERDEU,UN,1446.15,9.33
"CONE 75 CM LARANJA/PRETO",14189081,2115,PERDEU,UND,161480.25,76.35
"CONE 75 CM LARANJA/PRETO",14192948,705,PERDEU,UND,53826.75,76.35
"CONECTOR / ADAPTADOR FEMEA, COM INSERTO METALICO, PPR, DN 25 MM X 1/2"", PARA AGUA QUENTE E FRIA PREDIAL",14189082,137,PERDEU,UN,1228.89,8.97
"CONECTOR / ADAPTADOR FEMEA, COM INSERTO METALICO, PPR, DN 32 MM X 3/4"", PARA AGUA QUENTE E FRIA PREDIAL",14189083,137,PERDEU,UN,3105.79,22.67
"CONECTOR / ADAPTADOR MACHO, COM INSERTO METALICO, PPR, DN 25 MM X 1/2"", PARA AGUA QUENTE E FRIA PREDIAL",14189084,137,PERDEU,UN,2194.74,16.02
"CONECTOR / ADAPTADOR MACHO, COM INSERTO METALICO, PPR, DN 32 MM X 3/4"", PARA AGUA QUENTE E FRIA PREDIAL",14189085,147,PERDEU,UN,3370.71,22.93
"CORANTE XADREZ (PÓ XADREZ) COLORAÇÃO DIVERSAS CORES 250GR",14189086,337,PERDEU,UND,9816.81,29.13
"CORDA MULTIFILAMENTO TRANÇADA 10MM",14189087,850,PERDEU,M,2244,2.64
"CORDA MULTIFILAMENTO TRANÇADA 8MM",14189088,1125,PERDEU,M,5681.25,5.05
"CUMEEIRA NORMAL PARA TELHA ONDULADA DE FIBROCIMENTO, E = 6 MM, ABA 300 MM, COMPRIMENTO 1100 MM (SEM AMIANTO)",14189089,462,PERDEU,UND,21039.48,45.54
"CUMEEIRA PARA TELHA CERAMICA, COMPRIMENTO DE *41* CM, RENDIMENTO DE *3* TELHAS/M",14189090,897,PERDEU,UN,2834.52,3.16
"CUMEEIRA PARA TELHA DE CONCRETO, PARA 2 AGUAS DE TELHADO, COR CINZA, RENDIMENTO DE *3* TELHAS/M",14189091,297,PERDEU,UN,3038.31,10.23
"CUMEEIRA UNIVERSAL PARA TELHA ONDULADA DE FIBROCIMENTO, E = 6 MM, ABA 210 MM, COMPRIMENTO 1100 MM (SEM AMIANTO)",14189092,257,PERDEU,UN,12610.99,49.07
"CURVA PPR 90 GRAUS, DN 20 MM, PARA AGUA QUENTE PREDIAL",14189093,295,PERDEU,UN,2510.45,8.51
"CURVA PPR 90 GRAUS, DN 25 MM, PARA AGUA QUENTE PREDIAL",14189094,195,PERDEU,UN,2669.55,13.69
"CURVA PVC CURTA 90 G, DN 50 MM, PARA ESGOTO PREDIAL",14189095,245,PERDEU,UN,2518.6,10.28
"CURVA PVC CURTA 90 GRAUS, 100 MM, PARA ESGOTO PREDIAL",14189096,195,PERDEU,UN,4059.9,20.82
"CURVA PVC CURTA 90 GRAUS, DN 40 MM, PARA ESGOTO PREDIAL",14189097,445,PERDEU,UN,1993.6,4.48
"CURVA PVC CURTA 90 GRAUS, DN 75 MM, PARA ESGOTO PREDIAL",14189098,240,PERDEU,UND,5143.2,21.43
"CURVA PVC LEVE, 90 GRAUS, COM PONTA E BOLSA LISA, DN 150 MM",14189099,165,PERDEU,UND,20469.9,124.06
"CURVA PVC LONGA 45 GRAUS, 100 MM, PARA ESGOTO PREDIAL",14189100,200,PERDEU,UN,9816,49.08
"CURVA PVC LONGA 45G, DN 50 MM, PARA ESGOTO PREDIAL",14189101,195,PERDEU,UN,7957.95,40.81
"CURVA PVC LONGA 45G, DN 75 MM, PARA ESGOTO PREDIAL",14189102,250,PERDEU,UND,5052.5,20.21
"DESEMGRIPANTE 300ML",14189103,420,PERDEU,UND,6791.4,16.17
"DESEMPENADEIRA COM ESPUMA 18X30

DESEMPENADEIRA COM ESPUMA 18X30",14189104,49,PERDEU,UND,814.38,16.62
"DESEMPENADEIRA DE ACO DENTADA 12 X *25* CM, DENTES 8 X 8 MM, CABO FECHADO DE MADEIRA",14189105,49,PERDEU,UND,1124.55,22.95
"DESEMPENADEIRA DE ACO LISA 12 X *25* CM COM CABO FECHADO DE MADEIRA",14189107,49,PERDEU,UND,1124.55,22.95
"DESEMPENADEIRA LISA PLÁSTICA 18X30",14189108,39,PERDEU,UND,454.74,11.66
"DESEMPENADEIRA PLÁSTICA CORRUGADA 18X30",14189109,39,PERDEU,UND,737.1,18.9
"DESEMPENADEIRA PLASTICA LISA *14 X 27* CM",14189110,39,PERDEU,UND,713.7,18.3
"DISCO DE BORRACHA PARA LIXADEIRA RIGIDO 7 "" COM ARRUELA  CENTRAL",14189111,92,PERDEU,UND,2965.16,32.23
"DISCO DE CORTE DIAMANTADO SEGMENTADO DIAMETRO DE 180 MM PARA ESMERILHADEIRA  7 """,14189112,97,PERDEU,UND,9939.59,102.47
"DISCO DE CORTE DIAMANTADO SEGMENTADO PARA CONCRETO, DIAMETRO DE 110 MM, FURO DE 20 MM",14189113,130,PERDEU,UND,3230.5,24.85
"DISCO DE CORTE DIAMANTADO SEGMENTADO PARA CONCRETO, DIAMETRO DE 350 MM, FURO DE 1 "" (14 X 1 "")",14189114,66,PERDEU,UND,38829.12,588.32
"DISCO DE CORTE PARA METAL COM DUAS TELAS 12 X 1/8 X 3/4 ""  (300 X 3,2 X 19,05 MM)",14189115,110,PERDEU,UND,2880.9,26.19
"DISCO DE DESBASTE PARA METAL FERROSO EM GERAL, COM TRES TELAS,  9 X 1/4 X 7/8 "" ( 228,6 X 6,4 X 22,2 MM)",14189116,85,PERDEU,UND,2102.05,24.73
"DISCO DE LIXA PARA METAL, DIAMETRO = 180 MM, GRAO 120",14189117,145,PERDEU,UND,935.25,6.45
"DISJUNTOR  TERMOMAGNETICO TRIPOLAR 3 X 400 A / ICC - 25 KA",14189118,24,PERDEU,UND,28969.92,1207.08
"DISJUNTOR TERMOMAGNETICO TRIPOLAR 125A",14189119,27,PERDEU,UND,7542.99,279.37
"DISJUNTOR TIPO DIN / IEC, MONOPOLAR DE 40  ATE 50A",14189120,130,PERDEU,UND,1665.3,12.81
"DISJUNTOR TIPO DIN/IEC, BIPOLAR 40 ATE 50A",14189121,101,PERDEU,UND,4209.68,41.68
"DISJUNTOR TIPO DIN/IEC, BIPOLAR 63 A",14189122,76,PERDEU,UND,4908.08,64.58
"DISJUNTOR TIPO DIN/IEC, BIPOLAR DE 6 ATE 32A",14189123,86,PERDEU,UND,3388.4,39.4
"DISJUNTOR TIPO DIN/IEC, MONOPOLAR DE 6  ATE  32A",14189124,215,PERDEU,UND,1593.15,7.41
"DISJUNTOR TIPO DIN/IEC, MONOPOLAR DE 63 A",14189125,165,PERDEU,UND,2263.8,13.72
"DISJUNTOR TIPO DIN/IEC, TRIPOLAR DE 63 A",14189126,80,PERDEU,PC,4894.4,61.18
"DISJUNTOR TIPO DIN/IEC, TRIPOLAR DE 10 ATE 50A",14189127,90,PERDEU,UND,4609.8,51.22
"DISJUNTOR TIPO NEMA, BIPOLAR 10  ATE  50 A, TENSAO MAXIMA 415 V",14189128,65,PERDEU,UND,3303.95,50.83
"DISJUNTOR TIPO NEMA, BIPOLAR 60 ATE 100A, TENSAO MAXIMA 415 V",14189129,50,PERDEU,UND,3899,77.98
"DISJUNTOR TIPO NEMA, MONOPOLAR 10 ATE 30A, TENSAO MAXIMA DE 240 V",14189130,192,PERDEU,UN,1812.48,9.44
"DISJUNTOR TIPO NEMA, MONOPOLAR 35  ATE  50 A, TENSAO MAXIMA DE 240 V",14189131,92,PERDEU,UND,1458.2,15.85
"DISJUNTOR TIPO NEMA, TRIPOLAR 10  ATE  50A, TENSAO MAXIMA DE 415 V",14189132,75,PERDEU,UND,4755,63.4
"DISJUNTOR TIPO NEMA, TRIPOLAR 60 ATE 100 A, TENSAO MAXIMA DE 415 V",14189133,62,PERDEU,UND,5538.46,89.33
"Dispositivo DPS classe II, polo, tensão máxima de 275V, corrente máxima de 20KA, tipo AC",14189134,110,PERDEU,PC,6254.6,56.86
"DISPOSITIVO DPS CLASSE II, 1 POLO, TENSAO MAXIMA DE 275 V, CORRENTE MAXIMA DE *30* KA (TIPO AC)",14189135,97,PERDEU,UND,6776.42,69.86
"DISPOSITIVO DPS CLASSE II, 1 POLO, TENSAO MAXIMA DE 275 V, CORRENTE MAXIMA DE *45* KA (TIPO AC)",14189136,85,PERDEU,UND,7288.75,85.75
"DISPOSITIVO DR, 2 POLOS, SENSIBILIDADE DE 30 MA, CORRENTE DE 100 A, TIPO AC",14189137,64,PERDEU,UN,14619.52,228.43
"DISPOSITIVO DR, 2 POLOS, SENSIBILIDADE DE 30 MA, CORRENTE DE 40 A, TIPO AC",14189138,69,PERDEU,UND,8054.37,116.73
"DISPOSITIVO DR, 2 POLOS, SENSIBILIDADE DE 30 MA, CORRENTE DE 63 A, TIPO AC",14189139,59,PERDEU,UND,7364.97,124.83
"DISPOSITIVO DR, 4 POLOS, SENSIBILIDADE DE 30 MA, CORRENTE DE 100 A, TIPO AC",14189140,52,PERDEU,UND,13732.16,264.08
"DISPOSITIVO DR, 4 POLOS, SENSIBILIDADE DE 30 MA, CORRENTE DE 40 A, TIPO AC",14189141,64,PERDEU,UND,8193.92,128.03
"DISPOSITIVO DR, 4 POLOS, SENSIBILIDADE DE 30 MA, CORRENTE DE 63 A, TIPO AC",14189142,59,PERDEU,UND,8235.22,139.58
"DOBRADICA EM ACO/FERRO, 3"" X 2 1/2"", E= 1,2 A 1,8 MM, SEM ANEL,  CROMADO OU ZINCADO, TAMPA CHATA, COM PARAFUSOS",14189143,630,PERDEU,UND,4523.4,7.18
"DOBRADICA EM ACO/FERRO, 3"" X 2 1/2"", E= 1,9 A 2 MM, SEM ANEL, CROMADO OU ZINCADO, TAMPA BOLA, COM PARAFUSOS",14189144,455,PERDEU,UND,5605.6,12.32
"DUCHA / CHUVEIRO PLASTICO SIMPLES, 5 '', BRANCO, PARA ACOPLAR EM HASTE 1/2 "", AGUA FRIA",14189145,205,PERDEU,UND,2236.55,10.91
"ELEMENTO VAZADO DE CONCRETO, QUADRICULADO, 16 FUROS *40 X 40 X 7* CM",14189146,815,PERDEU,UND,19568.15,24.01
"ELEMENTO VAZADO DE CONCRETO, QUADRICULADO, 16 FUROS *50 X 50 X 7* CM",14189147,815,PERDEU,UND,26169.65,32.11
"ELETRODUTO DE PVC RIGIDO ROSCAVEL DE 1 "", SEM LUVA",14189148,355,PERDEU,M,2282.65,6.43
"ELETRODUTO DE PVC RIGIDO ROSCAVEL DE 1 1/2 "", SEM LUVA",14189149,275,PERDEU,M,2585,9.4
"ELETRODUTO DE PVC RIGIDO ROSCAVEL DE 1 1/4 "", SEM LUVA",14189150,275,PERDEU,m,2351.25,8.55
"ELETRODUTO DE PVC RIGIDO ROSCAVEL DE 1/2 "", SEM LUVA",14189151,455,PERDEU,M,1501.5,3.3
"ELETRODUTO DE PVC RIGIDO ROSCAVEL DE 2 "", SEM LUVA",14189152,265,PERDEU,M,4070.4,15.36
"ELETRODUTO DE PVC RIGIDO ROSCAVEL DE 2 1/2 "", SEM LUVA",14189153,215,PERDEU,M,4818.15,22.41
"ELETRODUTO DE PVC RIGIDO ROSCAVEL DE 3 "", SEM LUVA",14189154,265,PERDEU,m,7449.15,28.11
"ELETRODUTO DE PVC RIGIDO ROSCAVEL DE 3/4 "", SEM LUVA",14189155,505,PERDEU,M,2075.55,4.11
"ELETRODUTO DE PVC RIGIDO ROSCAVEL DE 4 "", SEM LUVA",14189156,205,PERDEU,M,9079.45,44.29
"ELETRODUTO PVC FLEXIVEL CORRUGADO, COR AMARELA, DE 20 MM",14189157,480,PERDEU,M,955.2,1.99
"ELETRODUTO PVC FLEXIVEL CORRUGADO, COR AMARELA, DE 25 MM",14189158,430,PERDEU,M,933.1,2.17
"ELETRODUTO PVC FLEXIVEL CORRUGADO, COR AMARELA, DE 32 MM",14189159,430,PERDEU,M,1591,3.7
"ELETRODUTO PVC FLEXIVEL CORRUGADO, REFORCADO, COR LARANJA, DE 20 MM, PARA LAJES E PISOS",14189160,405,PERDEU,M,988.2,2.44
"ELETRODUTO PVC FLEXIVEL CORRUGADO, REFORCADO, COR LARANJA, DE 25 MM, PARA LAJES E PISOS",14189161,405,PERDEU,M,1332.45,3.29
"ELETRODUTO PVC FLEXIVEL CORRUGADO, REFORCADO, COR LARANJA, DE 32 MM, PARA LAJES E PISOS",14189162,505,PERDEU,M,3201.7,6.34
"ENXADA 12'' COM CABO - MATERIAL AÇO FORJADO",14189163,221,PERDEU,UND,7796.88,35.28
"ENXADA 8'' COM CABO - MATERIAL AÇO FORJADO",14189164,211,PERDEU,UND,8475.87,40.17
"ENXADA ESTREITA *25 X 23* CM COM CABO",14189165,133,PERDEU,UND,7555.73,56.81
"ESCADA DUPLA DE ABRIR EM ALUMINIO, MODELO PINTOR, 8 DEGRAUS",14189166,69,PERDEU,UND,29456.1,426.9
"ESCADA EXTENSIVEL EM ALUMINIO COM 6,00 M ESTENDIDA",14189167,29,PERDEU,UND,35061,1209
"ESCORA PRE-MOLDADA EM CONCRETO, *10 X 10* CM, H = 2,30M",14189168,330,PERDEU,UND,14219.7,43.09
"ESCOVA DE ACO, COM CABO, *4  X 15* FILEIRAS DE CERDAS",14189169,76,PERDEU,UND,811.68,10.68
"ESPÁTULA DE AÇO 10cm",14189170,61,PERDEU,UND,859.49,14.09
"ESPÁTULA DE AÇO 12cm",14189171,64,PERDEU,UND,1123.2,17.55
"ESPÁTULA DE AÇO 6cm",14189172,49,PERDEU,UND,596.33,12.17
"ESPÁTULA DE AÇO 8cm",14189173,39,PERDEU,UND,452.79,11.61
"ESPATULA DE ACO INOX COM CABO DE MADEIRA, LARGURA 8 CM",14189174,24,PERDEU,UND,550.32,22.93
"ESPATULA DE PLASTICO LISA, LARGURA 10 CM",14189175,36,PERDEU,UND,255.96,7.11
"ESPELHO / PLACA CEGA 4"" X 2"", PARA INSTALACAO DE TOMADAS E INTERRUPTORES",14189176,204,PERDEU,UND,471.24,2.31
"ESPELHO / PLACA CEGA 4"" X 4"", PARA INSTALACAO DE TOMADAS E INTERRUPTORES",14189177,204,PERDEU,UN,995.52,4.88
"ESPELHO / PLACA DE 1 POSTO 4"" X 2"", PARA INSTALACAO DE TOMADAS E INTERRUPTORES",14189178,204,PERDEU,UND,446.76,2.19
"ESPELHO / PLACA DE 2 POSTOS 4"" X 2"", PARA INSTALACAO DE TOMADAS E INTERRUPTORES",14189179,204,PERDEU,UND,459,2.25
"ESPELHO / PLACA DE 3 POSTOS 4"" X 2"", PARA INSTALACAO DE TOMADAS E INTERRUPTORES",14189180,104,PERDEU,UND,287.04,2.76
"ESQUADRO 35CM COM CABO DE PVC",14189181,80,PERDEU,UND,2584,32.3
"ESTILETE EMBORRACHADO 18MM",14189182,81,PERDEU,UND,1391.58,17.18
"FECHADRUA BICO DE PAPAGAIO PARA PORTA DE CORRER EXTERNA, EM ACO INOX COM ACABAMENTO CROMADO, MAQUINA COM 45 MM, INCLUINDO CHAVE TIPO CILINDRO",14189183,176,PERDEU,CJT,16630.24,94.49
"FECHADRUA BICO DE PAPAGAIO PARA PORTA DE CORRER INTERNA, EM ACO INOX COM ACABAMENTO CROMADO, MAQUINA COM 45 MM, INCLUINDO CHAVE TIPO BIPARTIDA",14189184,176,PERDEU,CJ,13766.72,78.22
"FECHADURA AUXILIAR DE SEGURANCA PARA PORTA EXTERNA, EM ACO INOX, BROCA DE 45 A 55 MM, LINGUETA COM 3 AVANCOS, INCLUINDO 2 CHAVES TIPO CILINDRO",14189185,171,PERDEU,CJ,20528.55,120.05
"FECHADURA DE EMBUTIR PARA GAVETA E MOVEIS DE MADEIRA, EM ACO INOX COM ACABAMENTO CROMADO, COM ABAS LATERAIS, CILINDRO COM 22 MM DE DIAMETRO, INCLUINDO CHAVE COM PERFIL METALICO E CAPA ESCAMOTEAVEL",14189186,211,PERDEU,CJT,2702.91,12.81
"FECHADURA DE SOBREPOR PARA GAVETAS E ARMARIOS, EM ACO INOX COM ACABAMENTO CROMADO, COM CILINDRO DE APROX 20 MM",14189187,286,PERDEU,CJT,3669.38,12.83
"FECHADURA DE SOBREPOR PARA PORTAO, EM ACO INOX COM ACABAMENTO CROMADO, CAIXA DE 100 MM, INCLUINDO CHAVE TIPO CILINDRO",14189188,201,PERDEU,CJT,11320.32,56.32
"FECHADURA ESPELHO PARA PORTA DE BANHEIRO, EM ACO INOX (MAQUINA, TESTA E CONTRA-TESTA) E EM ZAMAC (MACANETA, LINGUETA E TRINCOS) COM ACABAMENTO CROMADO, MAQUINA DE 40 MM, INCLUINDO CHAVE TIPO TRANQUETA",14189189,211,PERDEU,CJ,10769.44,51.04
"FECHADURA ESPELHO PARA PORTA EXTERNA, EM ACO INOX (MAQUINA, TESTA E CONTRA-TESTA) E EM ZAMAC (MACANETA, LINGUETA E TRINCOS) COM ACABAMENTO CROMADO, MAQUINA DE 40 MM, INCLUINDO CHAVE TIPO CILINDRO",14189190,187,PERDEU,CJT,12136.3,64.9
"FECHADURA ESPELHO PARA PORTA INTERNA, EM ACO INOX (MAQUINA, TESTA E CONTRA-TESTA) E EM ZAMAC (MACANETA, LINGUETA E TRINCOS) COM ACABAMENTO CROMADO, MAQUINA DE 40 MM, INCLUINDO CHAVE TIPO INTERNA",14189191,198,PERDEU,CJ,11470.14,57.93
"FECHADURA PARA PORTA PIVOTANTE DE VIDRO TEMPERADO, EM ACO INOX COM ACABAMENTO CROMADO, RECORTE PADRAO SANTA MARINA, COM CILINDRO EM LATAO, INCLUINDO CHAVE TIPO CILINDRO",14189192,175,PERDEU,CJT,8407,48.04
"FECHADURA ROSETA REDONDA PARA PORTA DE BANHEIRO, EM ACO INOX (MAQUINA, TESTA E CONTRA-TESTA) E EM ZAMAC (MACANETA, LINGUETA E TRINCOS) COM ACABAMENTO CROMADO, MAQUINA DE 40 MM, INCLUINDO CHAVE TIPO TRANQUETA",14189193,166,PERDEU,CJ,12064.88,72.68
"FECHADURA ROSETA REDONDA PARA PORTA EXTERNA, EM ACO INOX (MAQUINA, TESTA E CONTRA-TESTA) E EM ZAMAC (MACANETA, LINGUETA E TRINCOS) COM ACABAMENTO CROMADO, MAQUINA DE 40 MM, INCLUINDO CHAVE TIPO CILINDRO",14189194,158,PERDEU,CJ,21500.64,136.08
"FECHADURA ROSETA REDONDA PARA PORTA INTERNA, EM ACO INOX (MAQUINA, TESTA E CONTRA-TESTA) E EM ZAMAC (MACANETA, LINGUETA E TRINCOS) COM ACABAMENTO CROMADO, MAQUINA DE 40 MM, INCLUINDO CHAVE TIPO INTERNA (CONJUNTO DE FECHADURAS)",14189195,169,PERDEU,CJ,12186.59,72.11
"FIO COBRE NU DE 16 A 35 MM2, PARA TENSOES DE ATE 600 V",14189196,226,PERDEU,KG,28629.68,126.68
"FITA ADESIVA ASFALTICA ALUMINIZADA MULTIUSO, L = 10 CM, ROLO DE 10 M",14189197,289,DESCLASSIFICADO_LANCE,UND,28417.37,98.33
"FITA CREPE PARA ISOLAMENTO DE PINTURA 24MM",14189198,315,PERDEU,UND,1212.75,3.85
"FITA CREPE PARA ISOLAMENTO DE PINTURA 48MM",14189199,305,PERDEU,UND,3968.05,13.01
"FITA CREPE ROLO DE 25 MM X 50 M",14189200,310,PERDEU,UND,2517.2,8.12
"FITA ISOLANTE ADESIVA ANTICHAMA, USO ATE 750 V, EM ROLO DE 19 MM X 20 M",14189201,305,DESCLASSIFICADO_LANCE,UND,2949.35,9.67
"FITA ISOLANTE ADESIVA ANTICHAMA, USO ATE 750 V, EM ROLO DE 19 MM X 5 M",14189202,525,DESCLASSIFICADO_LANCE,UND,1916.25,3.65
"FITA ISOLANTE DE BORRACHA AUTOFUSAO, USO ATE 69 KV (ALTA TENSAO)",14189203,710,PERDEU,MTR,930.1,1.31
"FITA VEDA ROSCA EM ROLOS DE 18 MM X 10 M (L X C)",14189204,435,DESCLASSIFICADO_LANCE,UND,1613.85,3.71
"FITA VEDA ROSCA EM ROLOS DE 18 MM X 25 M (L X C)",14189205,435,DESCLASSIFICADO_LANCE,UND,3667.05,8.43
"FITA VEDA ROSCA EM ROLOS DE 18 MM X 50 M (L X C)",14189206,465,DESCLASSIFICADO_LANCE,UND,6356.55,13.67
"FITA ZEBRADA ROLO 200M",14189207,395,PERDEU,UND,5407.55,13.69
"FORRO DE MADEIRA CEDRINHO OU EQUIVALENTE DA REGIAO, ENCAIXE MACHO/FEMEA COM FRISO, *10 X 1* CM (SEM COLOCACAO)",14189208,487,PERDEU,M²,56326.42,115.66
"FORRO DE MADEIRA PINUS OU EQUIVALENTE DA REGIAO, ENCAIXE MACHO/FEMEA COM FRISO, *10 X 1* CM (SEM COLOCACAO)",14189209,505,PERDEU,M²,17170,34
"Forro de pinus 1ª",14189210,425,PERDEU,M2,9226.75,21.71
"Forro de pinus tratado 1ª",14189211,670,PERDEU,M2,23657.7,35.31
"FORRO DE PVC, FRISADO, BRANCO, REGUA DE 10 CM, ESPESSURA DE 8 MM A 10 MM E COMPRIMENTO 6 M (SEM COLOCACAO)",14189212,2209,PERDEU,M²,52795.1,23.9
"FORRO DE PVC, FRISADO, BRANCO, REGUA DE 10 CM, ESPESSURA DE 8 MM A 10 MM E COMPRIMENTO 6 M (SEM COLOCACAO)",14192950,736,PERDEU,M²,17590.4,23.9
"FOSSA SEPTICA, SEM FILTRO, PARA 15 A 30 CONTRIBUINTES, CILINDRICA, COM TAMPA, EM POLIETILENO DE ALTA DENSIDADE (PEAD), CAPACIDADE APROXIMADA DE 5500 LITROS (NBR 7229)",14189213,20,PERDEU,UND,89041.8,4452.09
"FOSSA SEPTICA, SEM FILTRO, PARA 15 A 30 CONTRIBUINTES, CILINDRICA, COM TAMPA, EM POLIETILENO DE ALTA DENSIDADE (PEAD), CAPACIDADE APROXIMADA DE 5500 LITROS (NBR 7229)",14192967,6,PERDEU,UND,26712.54,4452.09
"GRAMPO DE ACO POLIDO 1 "" X 9",14189214,57,PERDEU,KG,1002.06,17.58
"GRAMPO DE ACO POLIDO 7/8 "" X 9",14189215,52,PERDEU,KG,1010.88,19.44
"GRAMPO METALICO TIPO OLHAL PARA HASTE DE ATERRAMENTO DE 1/2'', CONDUTOR DE *10* A 50 MM2",14189216,72,PERDEU,UND,343.44,4.77
"GRAMPO METALICO TIPO OLHAL PARA HASTE DE ATERRAMENTO DE 5/8'', CONDUTOR DE *10* A 50 MM2",14189217,72,PERDEU,UND,352.08,4.89
"GRAMPO PARALELO METALICO PARA CABO DE 6 A 50 MM2, COM 2 PARAFUSOS",14189218,97,PERDEU,UND,974.85,10.05
"GRELHA FIXA, EM PVC BRANCA, QUADRADA, 150 X 150 MM, PARA RALOS E CAIXAS",14189219,142,PERDEU,UND,1293.62,9.11
"GRELHA FIXA, PVC CROMADA, REDONDA, 150 MM, PARA RALOS E CAIXAS",14189220,197,PERDEU,UND,4704.36,23.88
"GUARNICAO / ALIZAR / VISTA LISA EM MADEIRA MACICA, PARA PORTA  , E = *1* CM, L = *5* CM, CEDRINHO / ANGELIM COMERCIAL / TAURI/ CURUPIXA / PEROBA / CUMARU OU EQUIVALENTE DA REGIAO",14189221,447,VENCEU,M,2950.2,6.6
"GUARNICAO / ALIZAR / VISTA LISA EM MADEIRA MACICA, PARA PORTA , E = *1* CM, L = *5* CM,  PINUS /EUCALIPTO / VIROLA OU EQUIVALENTE DA REGIAO",14189222,447,VENCEU,M,1765.65,3.95
"GUARNICAO / ALIZAR / VISTA, E = *1,5* CM, L = *5,0* CM, EM POLIESTIRENO, BRANCO (JOGO PARA 1 FACE)",14189223,158,PERDEU,JG,30893.74,195.53
"GUARNICAO / MOLDURA / ARREMATE DE ACABAMENTO PARA ESQUADRIA, EM ALUMINIO PERFIL 25, ACABAMENTO ANODIZADO BRANCO OU BRILHANTE, PARA 1 FACE",14189224,432,PERDEU,M,12778.56,29.58
"HASTE ANCORA EM ACO GALVANIZADO, DIMENSOES 16 MM X 2000 MM",14189225,184,PERDEU,UND,25787.6,140.15
"HASTE DE ACO GALVANIZADO PARA FIXACAO DE CONCERTINA 2 ""/3 M",14189226,389,PERDEU,UND,12086.23,31.07
"HASTE RETA PARA GANCHO DE FERRO GALVANIZADO, COM ROSCA 1/4 "" X 30 CM PARA FIXACAO DE TELHA METALICA, INCLUI PORCA E ARRUELAS DE VEDACAO",14189227,617,PERDEU,UN,1018.05,1.65
"HASTE RETA PARA GANCHO DE FERRO GALVANIZADO, COM ROSCA 5/16"" X 40 CM PARA FIXACAO DE TELHA DE FIBROCIMENTO, INCLUI PORCA SEXTAVADA DE  ZINCO",14189228,467,PERDEU,UND,1634.5,3.5
"INTERRUPTOR BIPOLAR 10A, 250V, CONJUNTO MONTADO PARA EMBUTIR 4"" X 2"" (PLACA + SUPORTE + MODULO)",14189229,157,PERDEU,UND,2771.05,17.65
"INTERRUPTOR BIPOLAR SIMPLES 10 A, 250 V (APENAS MODULO)",14189230,137,PERDEU,UND,2161.86,15.78
"INTERRUPTOR INTERMEDIARIO 10 A, 250 V (APENAS MODULO)",14189231,137,PERDEU,UND,2308.45,16.85
"INTERRUPTOR INTERMEDIARIO 10A, 250V, CONJUNTO MONTADO PARA EMBUTIR 4"" X 2"" (PLACA + SUPORTE + MODULO)",14189232,142,PERDEU,UN,3557.1,25.05
"INTERRUPTORES PARALELOS (2 MODULOS) + TOMADA 2P+T 10A, 250V, CONJUNTO MONTADO PARA EMBUTIR 4"" X 2"" (PLACA + SUPORTE + MODULOS)",14189234,152,PERDEU,UN,3271.04,21.52
"INTERRUPTOR PARALELO 10A, 250V (APENAS MODULO)",14189235,182,PERDEU,UN,1445.08,7.94
"INTERRUPTORES PARALELOS (3 MODULOS) 10A, 250V, CONJUNTO MONTADO PARA EMBUTIR 4"" X 2"" (PLACA + SUPORTE + MODULO)",14189236,202,PERDEU,UN,4555.1,22.55
"INTERRUPTOR SIMPLES + 2 INTERRUPTORES PARALELOS 10A, 250V, CONJUNTO MONTADO PARA EMBUTIR 4"" X 2"" (PLACA + SUPORTE + MODULOS)",14189237,162,PERDEU,UN,2196.72,13.56
"INTERRUPTOR SIMPLES + INTERRUPTOR PARALELO + TOMADA 2P+T 10A, 250V, CONJUNTO MONTADO PARA EMBUTIR 4"" X 2"" (PLACA + SUPORTE + MODULOS)",14189238,157,PERDEU,UN,3981.52,25.36
"INTERRUPTOR SIMPLES + INTERRUPTOR PARALELO 10A, 250V, CONJUNTO MONTADO PARA EMBUTIR 4"" X 2"" (PLACA + SUPORTE + MODULOS)",14189239,137,PERDEU,UN,1901.56,13.88
"INTERRUPTOR SIMPLES + TOMADA 2P+T 10A, 250V, CONJUNTO MONTADO PARA EMBUTIR 4"" X 2"" (PLACA + SUPORTE + MODULOS)",14189240,177,PERDEU,UND,2400.12,13.56
"INTERRUPTOR SIMPLES 10A, 250V (APENAS MODULO)",14189241,147,PERDEU,UN,895.23,6.09
"INTERRUPTOR SIMPLES 10A, 250V, CONJUNTO MONTADO PARA EMBUTIR 4"" X 2"" (PLACA + SUPORTE + MODULO)",14189242,437,PERDEU,UN,2731.25,6.25
"INTERRUPTOR SIMPLES 10A, 250V, CONJUNTO MONTADO PARA SOBREPOR 4"" X 2"" (CAIXA + 2 MODULOS)",14189243,138,PERDEU,UN,1524.9,11.05
"INTERRUPTOR SIMPLES 10A, 250V, CONJUNTO MONTADO PARA SOBREPOR 4"" X 2"" (CAIXA + MODULO)",14189244,137,PERDEU,UND,1145.32,8.36
"INTERRUPTORES PARALELOS (2 MODULOS) 10A, 250V, CONJUNTO MONTADO PARA EMBUTIR 4"" X 2"" (PLACA + SUPORTE + MODULOS)",14189245,137,PERDEU,UN,2031.71,14.83
"INTERRUPTORES SIMPLES (2 MODULOS) + 1 INTERRUPTOR PARALELO 10A, 250V, CONJUNTO MONTADO PARA EMBUTIR 4"" X 2"" (PLACA + SUPORTE + MODULOS)",14189246,182,PERDEU,UN,3385.2,18.6
"INTERRUPTORES SIMPLES (2 MODULOS) + TOMADA 2P+T 10A, 250V, CONJUNTO MONTADO PARA EMBUTIR 4"" X 2"" (PLACA + SUPORTE + MODULOS)",14189247,162,PERDEU,UN,3134.7,19.35
"INTERRUPTORES SIMPLES (2 MODULOS) 10A, 250V, CONJUNTO MONTADO PARA EMBUTIR 4"" X 2"" (PLACA + SUPORTE + MODULOS)",14189248,177,PERDEU,UN,2270.91,12.83
"INTERRUPTORES SIMPLES (3 MODULOS) 10A, 250V, CONJUNTO MONTADO PARA EMBUTIR 4"" X 2"" (PLACA + SUPORTE + MODULOS)",14189249,177,PERDEU,UN,2716.95,15.35
"JANELA BASCULANTE EM MADEIRA PINUS/ EUCALIPTO/ TAUARI/ VIROLA OU EQUIVALENTE DA REGIAO, *60 X 60*, CAIXA DO BATENTE/ MARCO E = *10* CM, 2 BASCULAS PARA VIDRO, COM FERRAGENS (SEM VIDRO, SEM GUARNICAO/ALIZAR E SEM ACABAMENTO)",14189250,26,PERDEU,UN,8005.14,307.89
"JANELA BASCULANTE EM MADEIRA PINUS/ EUCALIPTO/ TAUARI/ VIROLA OU EQUIVALENTE DA REGIAO, CAIXA DO BATENTE/ MARCO *10* CM, *2* FOLHAS BASCULANTES PARA VIDRO, COM FERRAGENS (SEM VIDRO, SEM GUARNICAO/ALIZAR E SEM ACABAMENTO)",14189251,4,PERDEU,M²,3421.04,855.26
"JANELA BASCULANTE, ACO, COM BATENTE/REQUADRO, 60 X 60 CM (SEM VIDROS)",14189252,71,PERDEU,UN,6612.23,93.13
"JANELA BASCULANTE, EM ALUMINIO PERFIL 20, 80 X 60 CM (A X L), 4 FLS (1 FIXA E 3 MOVEIS), ACABAMENTO BRANCO OU BRILHANTE, BATENTE DE 3 A 4 CM, COM VIDRO, SEM GUARNICAO",14189253,72,PERDEU,UN,8266.32,114.81
"JANELA DE 6 FOLHAS DE CORRER EM MADEIRA CEDRINHO/ ANGELIM COMERCIAL/ CURUPIXA/ CUMARU OU EQUIVALENTE DA REGIAO, CAIXA DO BATENTE/MARCO *10* CM, 2 FOLHAS DE CORRER VENEZIANA, 2 FOLHAS FIXAS VENEZIANA E 2 FOLHAS DE CORRER PARA VIDRO, COM FERRAGENS (SEM VIDRO, SEM ACABAMENTO E SEM GUARNICAO/ALIZAR)",14189254,3,VENCEU,M²,3165,1055
"JANELA DE 6 FOLHAS DE CORRER EM MADEIRA IMBUIA/CEDRO ARANA/CEDRO ROSA OU EQUIVALENTE DA REGIAO, CAIXA DO BATENTE/MARCO *10* CM, 2 FOLHAS DE CORRER VENEZIANA, 2 FOLHAS FIXAS VENEZIANA E 2 FOLHAS DE CORRER PARA VIDRO, COM FERRAGENS (SEM VIDRO, SEM ACABAMENTO E SEM GUARNICAO/ALIZAR)",14189255,8,VENCEU,M²,10698.4,1337.3
"JANELA DE 6 FOLHAS DE CORRER EM MADEIRA PINUS/ EUCALIPTO/ TAUARI/ VIROLA OU  EQUIVALENTE DA REGIAO, CAIXA DO BATENTE/MARCO *10* CM, 2 FOLHAS DE CORRER VENEZIANA, 2 FOLHAS FIXAS VENEZIANA E 2 FOLHAS DE CORRER PARA VIDRO, COM FERRAGENS (SEM VIDRO, SEM ACABAMENTO E SEM GUARNICAO/ALIZAR)",14189256,3,VENCEU,M²,2466.6,822.2
"JANELA DE ABRIR EM MADEIRA IMBUIA/CEDRO ARANA/CEDRO ROSA OU EQUIVALENTE DA REGIAO, CAIXA DO BATENTE/MARCO *10* CM, 2 FOLHAS DE ABRIR TIPO VENEZIANA E 2 FOLHAS DE ABRIR PARA VIDRO, COM GUARNICAO/ALIZAR, COM FERRAGENS, (SEM VIDRO E SEM ACABAMENTO)",14189257,13,VENCEU,M²,14381.12,1106.24
"JANELA DE ABRIR EM MADEIRA PINUS/EUCALIPTO/ TAUARI/ VIROLA OU EQUIVALENTE DA REGIAO, CAIXA DO BATENTE/MARCO *10* CM, 2 FOLHAS DE ABRIR TIPO VENEZIANA E 2 FOLHAS GUILHOTINA PARA VIDRO, COM FERRAGENS (SEM VIDRO,SEM GUARNICAO/ALIZAR E SEM ACABAMENTO)",14189258,4,VENCEU,M²,2528,632
"JANELA DE CORRER, EM ALUMINIO PERFIL 25, 100 X 120 CM (A X L), 2 FLS MOVEIS,  SEM BANDEIRA, ACABAMENTO BRANCO OU BRILHANTE, BATENTE DE 6 A 7 CM, COM VIDRO, SEM GUARNICAO",14189259,32,PERDEU,UN,7115.52,222.36
"JANELA DE CORRER, EM ALUMINIO PERFIL 25, 100 X 150 CM (A X L), 2 FLS MOVEIS,  SEM BANDEIRA, ACABAMENTO BRANCO OU BRILHANTE, BATENTE DE 6 A 7 CM, COM VIDRO, SEM GUARNICAO",14189260,22,PERDEU,UN,6304.76,286.58
"JANELA EM MADEIRA CEDRINHO/ ANGELIM COMERCIAL/ CURUPIXA/ CUMARU OU EQUIVALENTE DA REGIAO, CAIXA DO BATENTE/MARCO *10* CM, 2 FOLHAS DE ABRIR TIPO VENEZIANA E 2 FOLHAS GUILHOTINA PARA VIDRO, COM GUARNICAO/ALIZAR, COM FERRAGENS (SEM VIDRO E SEM ACABAMENTO)",14189261,8,PERDEU,M²,7601.04,950.13
"JANELA FIXA, EM ALUMINIO PERFIL 20, 60  X 80 CM (A X L), BATENTE/REQUADRO DE 3 A 14 CM, COM VIDRO 4 MM, SEM GUARNICAO/ALIZAR, ACABAMENTO ALUM BRANCO OU BRILHANTE",14189262,34,PERDEU,M²,13788.36,405.54
"JANELA MAXIM AR EM MADEIRA CEDRINHO/ ANGELIM COMERCIAL/ CURUPIXA/ CUMARU OU EQUIVALENTE DA REGIAO, CAIXA DO BATENTE/MARCO *10* CM, 1 FOLHA  PARA VIDRO, COM GUARNICAO/ALIZAR, COM FERRAGENS, (SEM VIDRO E SEM ACABAMENTO)",14189263,8,PERDEU,M²,10719.28,1339.91
"JANELA MAXIM AR, EM ALUMINIO PERFIL 25, 60 X 80 CM (A X L), ACABAMENTO BRANCO OU BRILHANTE, BATENTE DE 4 A 5 CM, COM VIDRO, SEM GUARNICAO/ALIZAR",14189264,22,PERDEU,UN,3602.5,163.75
"JOELHO CPVC, SOLDAVEL, 45 GRAUS, 15 MM, PARA AGUA QUENTE",14189265,450,PERDEU,UN,1408.5,3.13
"JOELHO CPVC, SOLDAVEL, 45 GRAUS, 22 MM, PARA AGUA QUENTE",14189266,350,PERDEU,UN,1463,4.18
"JOELHO CPVC, SOLDAVEL, 45 GRAUS, 28 MM, PARA AGUA QUENTE",14189267,550,PERDEU,UN,3322,6.04
"JOELHO CPVC, SOLDAVEL, 45 GRAUS, 35 MM, PARA AGUA QUENTE",14189268,290,PERDEU,UN,3074,10.6
"JOELHO CPVC, SOLDAVEL, 45 GRAUS, 42 MM, PARA AGUA QUENTE",14189269,295,PERDEU,UN,5253.95,17.81
"JOELHO CPVC, SOLDAVEL, 90 GRAUS, 15 MM, PARA AGUA QUENTE",14189270,290,PERDEU,UN,722.1,2.49
"JOELHO CPVC, SOLDAVEL, 90 GRAUS, 22 MM, PARA AGUA QUENTE",14189271,290,PERDEU,UN,887.4,3.06
"JOELHO CPVC, SOLDAVEL, 90 GRAUS, 28 MM, PARA AGUA QUENTE",14189272,290,PERDEU,UN,1885,6.5
"JOELHO CPVC, SOLDAVEL, 90 GRAUS, 35 MM, PARA AGUA QUENTE",14189273,280,PERDEU,UN,3292.8,11.76
"JOELHO CPVC, SOLDAVEL, 90 GRAUS, 42 MM, PARA AGUA QUENTE",14189274,215,PERDEU,UN,3889.35,18.09
"JOELHO PPR 45 GRAUS, SOLDAVEL,  DN 20 MM, PARA AGUA QUENTE PREDIAL",14189275,400,PERDEU,UN,692,1.73
"JOELHO PPR 45 GRAUS, SOLDAVEL, DN 25 MM, PARA AGUA QUENTE PREDIAL",14189276,400,PERDEU,UN,952,2.38
"JOELHO PPR, 45 GRAUS, SOLDAVEL, DN 32 MM, PARA AGUA QUENTE PREDIAL",14189277,420,PERDEU,UND,2452.8,5.84
"JOELHO PPR, 90 GRAUS, SOLDAVEL, DN 20 MM, PARA AGUA QUENTE PREDIAL",14189278,420,PERDEU,UN,646.8,1.54
"JOELHO PPR, 90 GRAUS, SOLDAVEL, DN 25 MM, PARA AGUA QUENTE PREDIAL",14189279,420,PERDEU,UN,865.2,2.06
"JOELHO PPR, 90 GRAUS, SOLDAVEL, DN 32 MM, PARA AGUA QUENTE PREDIAL",14189280,420,PERDEU,UN,1323,3.15
"JOELHO PPR, 90 GRAUS, SOLDAVEL, DN 40 MM, PARA AGUA QUENTE PREDIAL",14189281,410,PERDEU,UN,2902.8,7.08
"JOELHO PVC LEVE, 45 GRAUS, DN 150 MM, PARA ESGOTO PREDIAL",14189282,349,PERDEU,UN,12476.75,35.75
"JOELHO PVC LEVE, 90 GRAUS, DN 150 MM, PARA ESGOTO PREDIAL",14189283,339,PERDEU,UN,11668.38,34.42
"JOELHO PVC,  SOLDAVEL COM ROSCA, 90 GRAUS, 20 MM X 1/2"", PARA AGUA FRIA PREDIAL",14189284,400,PERDEU,UN,728,1.82
"JOELHO PVC,  SOLDAVEL COM ROSCA, 90 GRAUS, 25 MM X 1/2"", PARA AGUA FRIA PREDIAL",14189285,400,PERDEU,UN,1384,3.46
"JOELHO PVC,  SOLDAVEL COM ROSCA, 90 GRAUS, 25 MM X 3/4"", PARA AGUA FRIA PREDIAL",14189286,410,PERDEU,UN,910.2,2.22
"JOELHO PVC, COM BOLSA E ANEL, 90 GRAUS, DN 40 X *38* MM, SERIE NORMAL, PARA ESGOTO PREDIAL",14189287,390,PERDEU,UN,2028,5.2
"JOELHO PVC, ROSCAVEL, 45 GRAUS, 1"", PARA AGUA FRIA PREDIAL",14189288,330,PERDEU,UN,4016.1,12.17
"JOELHO PVC, ROSCAVEL, 45 GRAUS, 1/2"", PARA AGUA FRIA PREDIAL",14189289,400,PERDEU,UN,1760,4.4
"JOELHO PVC, ROSCAVEL, 45 GRAUS, 3/4"", PARA AGUA FRIA PREDIAL",14189290,400,PERDEU,UN,2788,6.97
"JOELHO PVC, ROSCAVEL, 90 GRAUS, 1"", PARA AGUA FRIA PREDIAL",14189291,400,PERDEU,UN,1992,4.98
"JOELHO PVC, ROSCAVEL, 90 GRAUS, 1/2"", PARA AGUA FRIA PREDIAL",14189292,380,PERDEU,UN,615.6,1.62
"JOELHO PVC, ROSCAVEL, 90 GRAUS, 3/4"", PARA AGUA FRIA PREDIAL",14189293,380,PERDEU,UN,915.8,2.41
"JOELHO PVC, SOLDAVEL, 90 GRAUS, 20 MM, PARA AGUA FRIA PREDIAL",14189294,370,PERDEU,UN,199.8,0.54
"JOELHO PVC, SOLDAVEL, 90 GRAUS, 25 MM, PARA AGUA FRIA PREDIAL",14189295,370,PERDEU,UN,247.9,0.67
"JOELHO PVC, SOLDAVEL, 90 GRAUS, 32 MM, PARA AGUA FRIA PREDIAL",14189296,370,PERDEU,UN,821.4,2.22
"JOELHO PVC, SOLDAVEL, 90 GRAUS, 40 MM, PARA AGUA FRIA PREDIAL",14189297,370,PERDEU,UN,2005.4,5.42
"JOELHO PVC, SOLDAVEL, 90 GRAUS, 50 MM, PARA AGUA FRIA PREDIAL",14189298,370,PERDEU,UN,1694.6,4.58
"JOELHO PVC, SOLDAVEL, PB, 45 GRAUS, DN 100 MM, PARA ESGOTO PREDIAL",14189299,370,PERDEU,UN,3104.3,8.39
"JOELHO PVC, SOLDAVEL, PB, 45 GRAUS, DN 150 MM, PARA ESGOTO PREDIAL",14189300,295,PERDEU,UN,17744.25,60.15
"JOELHO PVC, SOLDAVEL, PB, 45 GRAUS, DN 40 MM, PARA ESGOTO PREDIAL",14189301,370,PERDEU,UN,832.5,2.25
"JOELHO PVC, SOLDAVEL, PB, 45 GRAUS, DN 50 MM, PARA ESGOTO PREDIAL",14189302,370,PERDEU,UN,1287.6,3.48
"JOELHO PVC, SOLDAVEL, PB, 45 GRAUS, DN 75 MM, PARA ESGOTO PREDIAL",14189303,370,PERDEU,UN,2689.9,7.27
"JOELHO PVC, SOLDAVEL, PB, 90 GRAUS, DN 100 MM, PARA ESGOTO PREDIAL",14189304,295,PERDEU,UN,2247.9,7.62
"JOELHO PVC, SOLDAVEL, PB, 90 GRAUS, DN 150 MM, PARA ESGOTO PREDIAL",14189305,265,PERDEU,UN,14675.7,55.38
"JOELHO PVC, SOLDAVEL, PB, 90 GRAUS, DN 40 MM, PARA ESGOTO PREDIAL",14189306,380,PERDEU,UN,779,2.05
"JOELHO PVC, SOLDAVEL, PB, 90 GRAUS, DN 50 MM, PARA ESGOTO PREDIAL",14189307,380,PERDEU,UN,1067.8,2.81
"JOELHO PVC, SOLDAVEL, PB, 90 GRAUS, DN 75 MM, PARA ESGOTO PREDIAL",14189308,380,PERDEU,UN,2424.4,6.38
"JOELHO, PVC SOLDAVEL, 45 GRAUS, 20 MM, PARA AGUA FRIA PREDIAL",14189310,380,PERDEU,UN,395.2,1.04
"JOELHO, PVC SOLDAVEL, 45 GRAUS, 25 MM, PARA AGUA FRIA PREDIAL",14189311,380,PERDEU,UN,524.4,1.38
"JOELHO, PVC SOLDAVEL, 45 GRAUS, 32 MM, PARA AGUA FRIA PREDIAL",14189312,380,PERDEU,UN,1447.8,3.81
"JOELHO, PVC SOLDAVEL, 45 GRAUS, 40 MM, PARA AGUA FRIA PREDIAL",14189313,380,PERDEU,UN,2078.6,5.47
"JOELHO, PVC SOLDAVEL, 45 GRAUS, 50 MM, PARA AGUA FRIA PREDIAL",14189314,380,PERDEU,UN,2614.4,6.88
"JOGO DE BROCAS DE AÇO RÁPIDO PARA METAL 3 A 8MM 6 PEÇAS",14189315,259,PERDEU,UND,14607.6,56.4
"JUNCAO SIMPLES, PVC LEVE, 150 MM, PARA ESGOTO PREDIAL",14189316,136,PERDEU,UN,5393.76,39.66
"JUNCAO SIMPLES, PVC SERIE R, DN 100 X 100 MM, PARA ESGOTO OU AGUAS PLUVIAIS PREDIAIS",14189317,141,PERDEU,UN,7011.93,49.73
"JUNCAO SIMPLES, PVC SERIE R, DN 100 X 75 MM, PARA ESGOTO OU AGUAS PLUVIAIS PREDIAIS",14189318,149,PERDEU,UN,9480.87,63.63
"JUNCAO SIMPLES, PVC SERIE R, DN 150 X 100 MM, PARA ESGOTO OU AGUAS PLUVIAIS PREDIAIS",14189319,131,PERDEU,UN,16078.94,122.74
"JUNCAO SIMPLES, PVC SERIE R, DN 150 X 150 MM, PARA ESGOTO OU AGUAS PLUVIAIS PREDIAIS",14189320,131,PERDEU,UN,21980.49,167.79
"JUNCAO SIMPLES, PVC SERIE R, DN 40 X 40 MM, PARA ESGOTO OU AGUAS PLUVIAIS PREDIAIS",14189321,169,PERDEU,UN,1330.03,7.87
"JUNCAO SIMPLES, PVC SERIE R, DN 50 X 50 MM, PARA ESGOTO OU AGUAS PLUVIAIS PREDIAIS",14189322,169,PERDEU,UN,3258.32,19.28
"JUNCAO SIMPLES, PVC SERIE R, DN 75 X 75 MM, PARA ESGOTO OU AGUAS PLUVIAIS PREDIAIS",14189323,144,PERDEU,UN,4883.04,33.91
"JUNCAO SIMPLES, PVC, 45 GRAUS, DN 100 X 100 MM, SERIE NORMAL PARA ESGOTO PREDIAL",14189324,149,PERDEU,UN,3285.45,22.05
"JUNCAO SIMPLES, PVC, 45 GRAUS, DN 40 X 40 MM, SERIE NORMAL PARA ESGOTO PREDIAL",14189325,164,PERDEU,UN,569.08,3.47
"JUNCAO SIMPLES, PVC, DN 100 X 50 MM, SERIE NORMAL PARA ESGOTO PREDIAL",14189326,144,PERDEU,UN,1779.84,12.36
"JUNCAO SIMPLES, PVC, DN 100 X 75 MM, SERIE NORMAL PARA ESGOTO PREDIAL",14189327,154,PERDEU,UN,2447.06,15.89
"JUNCAO SIMPLES, PVC, DN 50 X 50 MM, SERIE NORMAL PARA ESGOTO PREDIAL",14189328,149,PERDEU,UN,1284.38,8.62
"JUNCAO SIMPLES, PVC, DN 75 X 50 MM, SERIE NORMAL PARA ESGOTO PREDIAL",14189329,144,PERDEU,UN,1779.84,12.36
"JUNCAO SIMPLES, PVC, DN 75 X 75 MM, SERIE NORMAL PARA ESGOTO PREDIAL",14189330,154,PERDEU,UN,2038.96,13.24
"KIT CHAVE COMBINADAS 12 PEÇAS 6 A 22MM (CHAVE DE BOCA)",14189331,78,PERDEU,UND,7918.56,101.52
"KIT FORMÃO CONTENDO 4 UND 3/8"", 1/2"", 3/4"" E 1''",14189332,42,PERDEU,UND,4449.06,105.93
"LAMPADA DE LUZ MISTA 250 W, BASE E27 (220 V)",14189333,195,PERDEU,UN,4966.65,25.47
"LAMPADA DE LUZ MISTA 500 W, BASE E40 (220 V)",14189334,150,PERDEU,UN,7140,47.6
"LAMPADA FLUORESCENTE COMPACTA 2U BRANCA 15 W, BASE E27 (127/220 V)",14189335,560,PERDEU,UN,7750.4,13.84
"LAMPADA FLUORESCENTE COMPACTA 2U/3U BRANCA 9/10 W, BASE E27 (127/220 V)",14189336,560,PERDEU,UN,7224,12.9
"LAMPADA FLUORESCENTE COMPACTA 3U BRANCA 20 W, BASE E27 (127/220 V)",14189337,510,PERDEU,UN,8052.9,15.79
"LAMPADA FLUORESCENTE ESPIRAL BRANCA 45 W, BASE E27 (127/220 V)",14189338,525,PERDEU,UN,27987.75,53.31
"LAMPADA FLUORESCENTE ESPIRAL BRANCA 65 W, BASE E27 (127/220 V)",14189339,400,PERDEU,UN,38588,96.47
"LAMPADA LED 10 W BIVOLT BRANCA, FORMATO TRADICIONAL (BASE E27)",14189340,985,PERDEU,UND,5220.5,5.3
"LAMPADA LED 6 W BIVOLT BRANCA, FORMATO TRADICIONAL (BASE E27)",14189341,985,PERDEU,UN,4531,4.6
"LAMPADA LED BULBO 6500K E27 12W",14189342,830,PERDEU,UND,9470.3,11.41
"LAMPADA LED BULBO 6500K E27 15W",14189343,780,PERDEU,UND,11567.4,14.83
"LAMPADA LED BULBO 6500K E27 20W",14189344,780,PERDEU,UND,12394.2,15.89
"LAMPADA LED BULBO 6500K E27 30W",14189345,720,PERDEU,UND,15883.2,22.06
"LAMPADA LED BULBO 6500K E27 40W",14189346,695,PERDEU,UND,30677.3,44.14
"LAMPADA LED BULBO 6500K E27 50W",14189347,670,PERDEU,UND,33707.7,50.31
"LAMPADA LED TIPO DICROICA BIVOLT, LUZ BRANCA, 5 W (BASE GU10)",14189348,671,PERDEU,UN,4374.92,6.52
"LAMPADA LED TUBULAR BIVOLT 18/20 W, BASE G13",14189349,990,PERDEU,UN,10058.4,10.16
"LAMPADA LED TUBULAR BIVOLT 9/10 W, BASE G13",14189350,1065,PERDEU,UN,7540.2,7.08
"LAMPADA LED TUBULAR T8 18W",14189351,1070,PERDEU,UND,24524.4,22.92
"LAMPADA LED TUBULAR T8 9W",14189352,1070,PERDEU,UN,16585,15.5
"LAMPADA VAPOR DE SODIO OVOIDE 150 W (BASE E40)",14189353,290,PERDEU,UN,13989.6,48.24
"LAMPADA VAPOR DE SODIO OVOIDE 250 W (BASE E40)",14189354,295,PERDEU,UN,16455.1,55.78
"LAMPADA VAPOR DE SODIO OVOIDE 400 W (BASE E40)",14189355,285,PERDEU,UN,18536.4,65.04
"LAMPADA VAPOR METALICO OVOIDE 150 W, BASE E27/E40",14189356,295,PERDEU,UN,13475.6,45.68
"LAMPADA VAPOR METALICO TUBULAR 400 W (BASE E40)",14189357,280,PERDEU,UN,25023.6,89.37
"LIMPA CANO 1LT",14189358,115,PERDEU,LT,3540.85,30.79
"LINHA DE EUCALIPTO PARA ARMAÇÃO TRATADO",14189359,2360,DESCLASSIFICADO_LANCE,ML,42196.8,17.88
"LIXA ÁGUA EM FOLHA - GRAMATURA 220, 180 OU 150 (CONFORME NECESSIDADE)",14189360,745,PERDEU,FL,1475.1,1.98
"LIXA D'AGUA EM FOLHA, GRAO 100",14189361,370,PERDEU,UN,732.6,1.98
"LIXA EM FOLHA PARA FERRO, NUMERO 150",14189362,370,PERDEU,UN,1376.4,3.72
"LIXA EM FOLHA PARA PAREDE OU MADEIRA, NUMERO 120, COR VERMELHA",14189363,620,PERDEU,UN,768.8,1.24
"LIXA EM ROLO PARA PAREDES GRAMATURA 180/80/100/150 (CONFORME NECESSIDADE)",14189364,529,PERDEU,ROLO,57893.76,109.44
"LIXA EM ROLO PARA PAREDES GRAMATURA 180/80/100/150 (CONFORME NECESSIDADE)",14192969,176,PERDEU,ROLO,19261.44,109.44
"LONA PLASTICA EXTRA FORTE PRETA, E = 200 MICRA",14189365,4650,PERDEU,Mt²,8463,1.82
"LONA PLASTICA PESADA PRETA, E = 150 MICRA",14189366,4400,PERDEU,Mt²,5764,1.31
"LUVA CPVC, SOLDAVEL, 15 MM, PARA AGUA QUENTE PREDIAL",14189367,420,PERDEU,UN,823.2,1.96
"LUVA CPVC, SOLDAVEL, 22 MM, PARA AGUA QUENTE PREDIAL",14189368,430,PERDEU,UN,1087.9,2.53
"LUVA CPVC, SOLDAVEL, 28 MM, PARA AGUA QUENTE PREDIAL",14189369,430,PERDEU,UN,2429.5,5.65
"LUVA CPVC, SOLDAVEL, 35 MM, PARA AGUA QUENTE PREDIAL",14189370,370,PERDEU,UN,4647.2,12.56
"LUVA CPVC, SOLDAVEL, 42 MM, PARA AGUA QUENTE PREDIAL",14189371,380,PERDEU,UN,6604.4,17.38
"LUVA DE CORRER PARA TUBO SOLDAVEL, PVC, 20 MM, PARA AGUA FRIA PREDIAL",14189372,390,PERDEU,UN,3751.8,9.62
"LUVA DE CORRER PARA TUBO SOLDAVEL, PVC, 25 MM, PARA AGUA FRIA PREDIAL",14189373,390,PERDEU,UN,4368,11.2
"LUVA DE CORRER PARA TUBO SOLDAVEL, PVC, 32 MM, PARA AGUA FRIA PREDIAL",14189374,375,PERDEU,UN,7458.75,19.89
"LUVA DE CORRER PARA TUBO SOLDAVEL, PVC, 50 MM, PARA AGUA FRIA PREDIAL",14189375,385,PERDEU,UN,9979.2,25.92
"LUVA DE CORRER PARA TUBO SOLDAVEL, PVC, 60 MM, PARA AGUA FRIA PREDIAL",14189376,367,PERDEU,UN,13072.54,35.62
"LUVA DE CORRER PVC, JE, DN 100 MM, PARA REDE COLETORA DE ESGOTO (NBR 10569)",14189377,257,PERDEU,UN,4235.36,16.48
"LUVA DE CORRER PVC, JE, DN 150 MM, PARA REDE COLETORA DE ESGOTO (NBR 10569)",14189378,227,PERDEU,UN,14943.41,65.83
"LUVA DE CORRER, CPVC, SOLDAVEL, 15 MM, PARA AGUA QUENTE PREDIAL",14189379,210,PERDEU,UN,1537.2,7.32
"LUVA DE CORRER, CPVC, SOLDAVEL, 22 MM, PARA AGUA QUENTE PREDIAL",14189380,210,PERDEU,UN,2230.2,10.62
"LUVA DE CORRER, CPVC, SOLDAVEL, 28 MM, PARA AGUA QUENTE PREDIAL",14189381,210,PERDEU,UN,3297,15.7
"LUVA DE CORRER, CPVC, SOLDAVEL, 35 MM, PARA AGUA QUENTE PREDIAL",14189382,210,PERDEU,UN,4630.5,22.05
"LUVA DE CORRER, CPVC, SOLDAVEL, 42 MM, PARA AGUA QUENTE PREDIAL",14189383,235,PERDEU,UN,7360.2,31.32
"LUVA DE CORRER, PVC PBA, JE, DN 50 / DE 60 MM, PARA REDE AGUA (NBR 10351)",14189384,240,PERDEU,UN,2601.6,10.84
"LUVA DE CORRER, PVC SERIE R, 100 MM, PARA ESGOTO OU AGUAS PLUVIAIS PREDIAIS",14189385,225,PERDEU,UN,4923,21.88
"LUVA DE CORRER, PVC SERIE R, 150 MM, PARA ESGOTO OU AGUAS PLUVIAIS PREDIAIS",14189386,152,PERDEU,UN,10159.68,66.84
"LUVA DE CORRER, PVC SERIE R, 75 MM, PARA ESGOTO OU AGUAS PLUVIAIS PREDIAIS",14189387,145,PERDEU,UN,1523.95,10.51
"LUVA DE CORRER, PVC, DN 100 MM, PARA ESGOTO PREDIAL",14189388,265,PERDEU,UN,4367.2,16.48
"LUVA DE CORRER, PVC, DN 50 MM, PARA ESGOTO PREDIAL",14189389,265,PERDEU,UN,2663.25,10.05
"LUVA DE CORRER, PVC, DN 75 MM, PARA ESGOTO PREDIAL",14189390,185,PERDEU,UN,2062.75,11.15
"LUVA DE TRANSICAO DE CPVC X PVC, SOLDAVEL, 22 X 25 MM, PARA AGUA QUENTE",14189391,215,PERDEU,UN,537.5,2.5
"LUVA DE TRANSICAO, CPVC, 15 MM X 1/2"", PARA AGUA QUENTE PREDIAL",14189392,240,PERDEU,UN,3057.6,12.74
"LUVA DE TRANSICAO, CPVC, 22 MM X 1/2"", PARA AGUA QUENTE",14189393,265,PERDEU,UN,3140.25,11.85
"LUVA DE TRANSICAO, CPVC, SOLDAVEL, 42 MM X 1 1/2"", PARA AGUA QUENTE",14189394,219,PERDEU,UN,27287.4,124.6
"LUVA EM PVC RIGIDO ROSCAVEL, DE 1 1/2"", PARA ELETRODUTO",14189395,230,PERDEU,UN,584.2,2.54
"LUVA EM PVC RIGIDO ROSCAVEL, DE 1 1/4"", PARA ELETRODUTO",14189396,210,PERDEU,UN,386.4,1.84
"LUVA EM PVC RIGIDO ROSCAVEL, DE 1"", PARA ELETRODUTO",14189397,230,PERDEU,UN,273.7,1.19
"LUVA EM PVC RIGIDO ROSCAVEL, DE 1/2"", PARA ELETRODUTO",14189398,260,PERDEU,UN,150.8,0.58
"LUVA EM PVC RIGIDO ROSCAVEL, DE 2 1/2"", PARA ELETRODUTO",14189399,180,PERDEU,UN,1472.4,8.18
"Luva em PVC rígido rosqueável para eletroduto de 2""",14189400,200,PERDEU,PC,736,3.68
"LUVA EM PVC RIGIDO ROSCAVEL, DE 3"", PARA ELETRODUTO",14189401,177,PERDEU,UN,1943.46,10.98
"LUVA EM PVC RIGIDO ROSCAVEL, DE 3/4"", PARA ELETRODUTO",14189402,390,PERDEU,UN,331.5,0.85
"LUVA EM PVC RIGIDO ROSCAVEL, DE 4"", PARA ELETRODUTO",14189403,212,PERDEU,UN,4093.72,19.31
"LUVA MULT-TÁTIL TAMANHO P AO GG",14189404,442,PERDEU,UND,3054.22,6.91
"MACANETA ALAVANCA RETA OCA, EM ZAMAC COM ACABAMENTO CROMADO, COMPRIMENTO APROX DE 15 CM",14189405,162,PERDEU,PAR,7869.96,48.58
"MACANETA ALAVANCA, RETA SIMPLES / OCA, CROMADA, COMPRIMENTO DE 10 A 16 CM, ACABAMENTO PADRAO POPULAR - SOMENTE MACANETAS",14189406,215,PERDEU,PAR,4734.3,22.02
"MACANETA BOLA, EM ZAMAC COM ACABAMENTO CROMADO, DIAMETRO DE APROX 2 1/2""",14189407,154,PERDEU,PAR,12574.1,81.65
"MACHADO LENHADOR COM CABO",14189408,74,PERDEU,UND,6205.64,83.86
"MANGUEIRA CRISTAL, LISA, PVC TRANSPARENTE, 1/2"" X 2 MM",14189409,370,PERDEU,M,1246.9,3.37
"MANGUEIRA CRISTAL, LISA, PVC TRANSPARENTE, 1/4"" X1,5 MM",14189410,420,PERDEU,M,625.8,1.49
"MANGUEIRA CRISTAL, LISA, PVC TRANSPARENTE, 3/4"" X 2 MM",14189411,1350,PERDEU,M,6399,4.74
"MANGUEIRA DE NIVEL 10M",14189412,72,PERDEU,UND,2542.32,35.31
"MANGUEIRA PARA GAS - GLP, PVC, TRANCADA, DIAMETRO DE 3/8"", COMPRIMENTO DE 1M (NORMATIZADA)",14189413,169,PERDEU,UN,1860.69,11.01
"MANTA ASFALTICA ELASTOMERICA EM POLIESTER 4 MM, TIPO III, CLASSE B, ACABAMENTO PP (NBR 9952)",14189414,605,PERDEU,M2,40746.75,67.35
"MANTA ASFALTICA ELASTOMERICA EM POLIESTER ALUMINIZADA 3 MM, TIPO III, CLASSE B (NBR 9952)",14189415,1264,PERDEU,M2,69317.76,54.84
"MANTA ASFALTICA ELASTOMERICA EM POLIESTER ALUMINIZADA 3 MM, TIPO III, CLASSE B (NBR 9952)",14192971,421,PERDEU,M2,23087.64,54.84
"MANTA ASFALTICA ELASTOMERICA TIPO GLASS 3 MM, TIPO II, CLASSE C, ACABAMENTO PP (NBR 9952)",14189416,595,PERDEU,M2,23032.45,38.71
"MAO FRANCESA 20CM",14189417,190,PERDEU,UND,3102.7,16.33
"MAO FRANCESA 30CM",14189418,190,PERDEU,UND,4339.6,22.84
"MAO FRANCESA 40CM",14189419,220,PERDEU,UND,6036.8,27.44
"MARRETA COM CABO 1,5KG",14189420,42,PERDEU,UND,2494.8,59.4
"MARRETA COM CABO 5KG",14189421,32,PERDEU,UND,4350.4,135.95
"MARTELO UNHA COM CABO 27CM",14189422,75,PERDEU,UND,1918.5,25.58
"MASSA ACRÍLICA 18 LT",14189423,212,PERDEU,BLD,25331.88,119.49
"MASSA ACRILICA PARA SUPERFICIES INTERNAS E EXTERNAS",14189424,620,PERDEU,KG,4116.8,6.64
"MASSA CORRIDA 18 KG",14189425,293,PERDEU,BLD,19461.06,66.42
"MASSA CORRIDA 6 KG",14189426,168,PERDEU,BLD,3719.52,22.14
"MASSA CORRIDA PARA SUPERFICIES DE AMBIENTES INTERNOS",14189427,280,PERDEU,KG,1033.2,3.69
"MASSA DE REJUNTE PRONTA PARA TRATAMENTO DE JUNTAS DE CHAPA DE GESSO PARA DRYWALL, SEM ADICAO DE AGUA",14189428,565,PERDEU,KG,1519.85,2.69
"MASSA TAPA FURO 340GR",14189429,120,PERDEU,UND,4766.4,39.72
"MATERIAL FILTRANTE (PEDREGULHO) 0,6 A 25,46 MM (COM FRETE INCLUSO)",14189430,83,PERDEU,M3,163190.45,1966.15
"MATERIAL FILTRANTE (PEDREGULHO) 0,6 A 25,46 MM (COM FRETE INCLUSO)",14192973,27,PERDEU,M3,53086.05,1966.15
"MATERIAL FILTRANTE (PEDREGULHO) 38 A 25,4 MM (COM FRETE INCLUSO)",14189431,81,PERDEU,M3,159258.15,1966.15
"MATERIAL FILTRANTE (PEDREGULHO) 38 A 25,4 MM (COM FRETE INCLUSO)",14192974,27,PERDEU,M3,53086.05,1966.15
"MEIA CANA DE MADEIRA CEDRINHO OU EQUIVALENTE DA REGIAO, ACABAMENTO PARA FORRO PAULISTA, *2,5 X 2,5* CM",14189432,2145,PERDEU,M,18468.45,8.61
"MEIA CANA DE MADEIRA PINUS OU EQUIVALENTE DA REGIAO, ACABAMENTO PARA FORRO PAULISTA, *2,5 X 2,5* CM",14189433,3405,DESCLASSIFICADO_LANCE,M,17978.4,5.28
"MEIA-CANA PINUS TRATADO TAMANHO PADRÃO",14189434,2255,DESCLASSIFICADO_LANCE,UND,27240.4,12.08
"MOURAO CONCRETO CURVO, SECAO ""T"", H = 2,80 M + CURVA COM 0,45 M, COM FUROS PARA FIOS",14189436,125,PERDEU,UN,7645,61.16
"MOURAO DE CONCRETO CURVO, *10 X 10* CM, H= *2,60* M + CURVA DE 0,40 M",14189437,150,PERDEU,UN,8167.5,54.45
"MOURAO DE CONCRETO RETO, SECAO QUADARA *10 X 10* CM, H= *2,30* M",14189438,125,PERDEU,UN,6417.5,51.34
"MOURAO DE CONCRETO RETO, SECAO QUADRADA, *10 X 10* CM, H= 3,00 M",14189439,175,PERDEU,UN,10967.25,62.67
"MOURAO DE CONCRETO RETO, TIPO ESTICADOR, *10 X 10* CM, H= 2,50 M",14189440,130,PERDEU,UN,6870.5,52.85
"NIPEL PVC, ROSCAVEL, 1 1/2"",  AGUA FRIA PREDIAL",14189441,140,PERDEU,UN,1376.2,9.83
"NIPEL PVC, ROSCAVEL, 1 1/4"",  AGUA FRIA PREDIAL",14189442,140,PERDEU,UN,1064,7.6
"NIPEL PVC, ROSCAVEL, 1"",  AGUA FRIA PREDIAL",14189443,145,PERDEU,UN,572.75,3.95
"NIPEL PVC, ROSCAVEL, 1/2"",  AGUA FRIA PREDIAL",14189444,146,PERDEU,UN,198.56,1.36
"NIPEL PVC, ROSCAVEL, 2"",  AGUA FRIA PREDIAL",14189445,145,PERDEU,UN,3190,22
"NIPEL PVC, ROSCAVEL, 3/4"",  AGUA FRIA PREDIAL",14189446,245,PERDEU,UN,450.8,1.84
"NÍVEL DE ALUMINIO 35CM",14189447,124,PERDEU,UND,3834.08,30.92
"OCULOS DE PROTEÇÃO FUME",14189448,306,PERDEU,UND,2347.02,7.67
"OCULOS DE PROTEÇÃO INCOLOR",14189449,441,PERDEU,UND,2584.26,5.86
"PÁ DE CAVAR (BICO) COM CABO - MATERIAL AÇO FORJADO",14189450,104,PERDEU,UND,4360.72,41.93
"PÁ DE JUNTAR MODELO CONCHA COM CABO EM MADEIRA EQUIPADO COM CABO Y - MATERIAL AÇO FORJADO",14189451,99,PERDEU,UND,4881.69,49.31
"PÁ DE JUNTAR MODELO CONCHA COM CABO EM MADEIRA SIMPLES",14189452,105,PERDEU,UND,4308.15,41.03
"PARAFUSO CHIPBOARD CABEÇA CHATA, PHILLIPS, 3,0MM X 14MM.",14189453,6300,PERDEU,UND,189,0.03
"PARAFUSO CHIPBOARD CABEÇA CHATA, PHILLIPS, 3,5MM X 16MM.",14189454,6300,PERDEU,UND,315,0.05
"PARAFUSO CHIPBOARD CABEÇA CHATA, PHILLIPS, 3,5MM X 25MM.",14189455,6300,PERDEU,UND,378,0.06
"PARAFUSO CHIPBOARD CABEÇA CHATA, PHILLIPS, 3,5MM X 30MM",14189456,5600,PERDEU,UND,560,0.1
"PARAFUSO CHIPBOARD CABEÇA CHATA, PHILLIPS, 3,5MM X 40MM",14189457,4600,PERDEU,UND,690,0.15
"PARAFUSO CHIPBOARD CABEÇA CHATA, PHILLIPS, 4,0MM X 16MM.",14189458,6600,PERDEU,UND,660,0.1
"PARAFUSO CHIPBOARD CABEÇA CHATA, PHILLIPS, 4,0MM X 25MM.",14189459,6300,PERDEU,UND,630,0.1
"PARAFUSO CHIPBOARD CABEÇA CHATA, PHILLIPS, 4,0MM X 30MM.",14189460,5300,PERDEU,UND,742,0.14
"PARAFUSO CHIPBOARD CABEÇA CHATA, PHILLIPS, 4,0MM X 40MM.",14189461,5300,PERDEU,UND,583,0.11
"PARAFUSO CHIPBOARD CABEÇA CHATA, PHILLIPS, 4,0MM X 50MM.",14189462,3100,PERDEU,UND,868,0.28
"PARAFUSO CHIPBOARD CABEÇA CHATA, PHILLIPS, 4,0MM X 70MM.",14189463,2600,PERDEU,UND,1690,0.65
"PARAFUSO CHIPBOARD CABEÇA CHATA, PHILLIPS, 4,5MM X 25MM.",14189464,5600,PERDEU,UND,728,0.13
"PARAFUSO CHIPBOARD CABEÇA CHATA, PHILLIPS, 4,5MM X 40MM.",14189465,4300,PERDEU,UND,860,0.2
"PARAFUSO CHIPBOARD CABEÇA CHATA, PHILLIPS, 4,5MM X 50MM.",14189466,2300,PERDEU,UND,322,0.14
"PARAFUSO CHIPBOARD CABEÇA CHATA, PHILLIPS, 4,5MM X 70MM.",14189467,2300,PERDEU,UND,644,0.28
"PARAFUSO CHIPBOARD CABEÇA CHATA, PHILLIPS, 5,0MM X 40MM.",14189468,3800,PERDEU,UND,456,0.12
"PARAFUSO CHIPBOARD CABEÇA CHATA, PHILLIPS, 5,0MM X 50MM.",14189469,2600,PERDEU,UND,962,0.37
"PARAFUSO CHIPBOARD CABEÇA CHATA, PHILLIPS, 5,0MM X 60MM.",14189470,2300,PERDEU,UND,1173,0.51
"PARAFUSO CHIPBOARD CABEÇA CHATA, PHILLIPS, 5,0MM X 70MM.",14189471,2300,PERDEU,UND,1127,0.49
"PARAFUSO CHIPBOARD CABEÇA CHATA, PHILLIPS, 5,0MM X 80MM.",14189472,2300,PERDEU,UND,1196,0.52
"PARAFUSO CHIPBOARD CABEÇA CHATA, PHILLIPS, 5,0MM X 90MM.",14189473,2300,PERDEU,UND,2001,0.87
"PARAFUSO CHIPBOARD CABEÇA CHATA, PHILLIPS, 6,0MM X 100MM.",14189474,2350,PERDEU,UND,2044.5,0.87
"PARAFUSO CHIPBOARD CABEÇA CHATA, PHILLIPS, 6,0MM X 120MM.",14189475,2350,PERDEU,UND,2491,1.06
"PARAFUSO CHIPBOARD CABEÇA CHATA, PHILLIPS, 6,0MM X 50MM.",14189476,2350,PERDEU,UND,705,0.3
"PARAFUSO CHIPBOARD CABEÇA CHATA, PHILLIPS, 6,0MM X 60MM.",14189477,2050,PERDEU,UND,1066,0.52
"PARAFUSO CHIPBOARD CABEÇA CHATA, PHILLIPS, 6,0MM X 80MM.",14189478,2170,PERDEU,UND,1736,0.8
"PARAFUSO DE ACO TIPO CHUMBADOR PARABOLT, DIAMETRO 1/2"", COMPRIMENTO 75 MM",14189479,525,PERDEU,UN,6483.75,12.35
"PARAFUSO DE ACO TIPO CHUMBADOR PARABOLT, DIAMETRO 3/8"", COMPRIMENTO 75 MM",14189480,820,PERDEU,UND,2550.2,3.11
"PARAFUSO DE ACO ZINCADO COM ROSCA SOBERBA, CABECA CHATA E FENDA SIMPLES, DIAMETRO 2,5 MM, COMPRIMENTO * 9,5 * MM",14189481,5500,PERDEU,UN,330,0.06
"PARAFUSO DE ACO ZINCADO COM ROSCA SOBERBA, CABECA CHATA E FENDA SIMPLES, DIAMETRO 4,2 MM, COMPRIMENTO * 32 * MM",14189482,2850,PERDEU,UN,684,0.24
"PARAFUSO DE ACO ZINCADO COM ROSCA SOBERBA, CABECA CHATA E FENDA SIMPLES, DIAMETRO 4,8 MM, COMPRIMENTO 45 MM",14189483,2600,PERDEU,UN,858,0.33
"PARAFUSO DE LATAO COM ACABAMENTO CROMADO PARA FIXAR PECA SANITARIA, INCLUI PORCA CEGA, ARRUELA E BUCHA DE NYLON TAMANHO S-10",14189484,932,PERDEU,UN,5396.28,5.79
"PARAFUSO DE LATAO COM ROSCA SOBERBA, CABECA CHATA E FENDA SIMPLES, DIAMETRO 2,5 MM, COMPRIMENTO 12 MM",14189485,3300,PERDEU,UN,627,0.19
"PARAFUSO DE LATAO COM ROSCA SOBERBA, CABECA CHATA E FENDA SIMPLES, DIAMETRO 3,2 MM, COMPRIMENTO 16 MM",14189486,2700,PERDEU,UN,891,0.33
"PARAFUSO DE LATAO COM ROSCA SOBERBA, CABECA CHATA E FENDA SIMPLES, DIAMETRO 4,8 MM, COMPRIMENTO 65 MM",14189487,1200,PERDEU,UN,3180,2.65
"PARAFUSO DRY WALL, EM ACO ZINCADO, CABECA LENTILHA E PONTA AGULHA (LA), LARGURA 4,2 MM, COMPRIMENTO 13 MM",14189488,2800,PERDEU,UN,672,0.24
"PARAFUSO DRY WALL, EM ACO ZINCADO, CABECA LENTILHA E PONTA BROCA (LB), LARGURA 4,2 MM, COMPRIMENTO 13 MM",14189489,2300,PERDEU,UN,713,0.31
"PARAFUSO FRANCES METRICO ZINCADO, DIAMETRO 12 MM, COMPRIMENTO 140MM, COM PORCA SEXTAVADA E ARRUELA DE PRESSAO MEDIA",14189490,585,PERDEU,UN,14940.9,25.54
"PARAFUSO FRANCES METRICO ZINCADO, DIAMETRO 12 MM, COMPRIMENTO 150 MM, COM PORCA SEXTAVADA E ARRUELA DE PRESSAO MEDIA",14189491,580,PERDEU,UN,15520.8,26.76
"PARAFUSO FRANCES ZINCADO, DIAMETRO 1/2"", COMPRIMENTO 12"", COM PORCA E ARRUELA LISA MEDIA",14189492,605,PERDEU,UN,10871.85,17.97
"PARAFUSO FRANCES ZINCADO, DIAMETRO 1/2"", COMPRIMENTO 15"", COM PORCA E ARRUELA LISA MEDIA",14189493,570,PERDEU,UN,14056.2,24.66
"PARAFUSO FRANCES ZINCADO, DIAMETRO 1/2"", COMPRIMENTO 4"", COM PORCA E ARRUELA",14189494,725,PERDEU,UN,4400.75,6.07
"PARAFUSO FRANCES ZINCADO, DIAMETRO 1/2'', COMPRIMENTO 2'', COM PORCA E ARRUELA",14189495,725,PERDEU,UN,3081.25,4.25
"PARAFUSO FRANCÊS, 1/4'' X 1'', COM PORCA.",14189496,2165,PERDEU,UND,909.3,0.42
"PARAFUSO FRANCÊS, 1/4"" X 2"", COM PORCA.",14189497,1465,PERDEU,UND,1552.9,1.06
"PARAFUSO FRANCÊS, 1/4"" X 3"", COM PORCA.",14189498,1365,PERDEU,UND,1556.1,1.14
"PARAFUSO FRANCÊS, 5/16"" X 2"", COM PORCA.",14189499,1865,PERDEU,UND,969.8,0.52
"PARAFUSO FRANCÊS, 5/16"" X 3"", COM PORCA.",14189500,1365,PERDEU,UND,1446.9,1.06
"PARAFUSO FRANCÊS, 5/16"" X 4"", COM PORCA.",14189501,1465,PERDEU,UND,3208.35,2.19
"PARAFUSO FRANCÊS, 5/16"" X 6"", COM PORCA.",14189502,1365,PERDEU,UND,2416.05,1.77
"PARAFUSO FRANCÊS, 5/16"" X 8"", COM PORCA.",14189503,1365,PERDEU,UND,2661.75,1.95
"PARAFUSO FRANCÊS, 5/16"" X 9"", COM PORCA.",14189504,815,PERDEU,UND,2575.4,3.16
"PARAFUSO MÁQUINA, CABEÇA PANELA, FENDA, 3/16"" X 3/8""",14189505,2370,PERDEU,UND,308.1,0.13
"PARAFUSO MÁQUINA, CABEÇA REDONDA, FENDA, 1/4"" X 2.1/2""",14189506,1970,PERDEU,UND,2167,1.1
"PARAFUSO MÁQUINA, CABEÇA SEXTAVADA, 1/2"" X 3"".",14189507,1120,PERDEU,UND,2620.8,2.34
"PARAFUSO MÁQUINA, CABEÇA SEXTAVADA, 1/4"" X 2"".",14189508,1120,PERDEU,UND,1187.2,1.06
"PARAFUSO MÁQUINA, CABEÇA SEXTAVADA, 1/4"" X 2.1/2""",14189509,1120,PERDEU,UND,1332.8,1.19
"PARAFUSO NIQUELADO 3 1/2"" COM ACABAMENTO CROMADO PARA FIXAR PECA SANITARIA, INCLUI PORCA CEGA, ARRUELA E BUCHA DE NYLON TAMANHO S-8",14189510,440,PERDEU,UND,9574.4,21.76
"PARAFUSO NIQUELADO COM ACABAMENTO CROMADO PARA FIXAR PECA SANITARIA, INCLUI PORCA CEGA, ARRUELA E BUCHA DE NYLON TAMANHO S-10",14189511,440,PERDEU,UN,12914,29.35
"PARAFUSO PARA CAMA, FENDA, 1/4"" X 100MM, COM PORCA.",14189512,1150,PERDEU,UND,701.5,0.61
"PARAFUSO PARA MADEIRA COM CABEÇA CHATA E FENDA SIMPLES, 4,2X30MM.",14189513,1150,PERDEU,UND,195.5,0.17
"PARAFUSO ROSCA SOBERBA ZINCADO CABECA CHATA FENDA SIMPLES 3,2 X 20 MM (3/4 "")",14189514,6100,PERDEU,UN,183,0.03
"PARAFUSO ROSCA SOBERBA ZINCADO CABECA CHATA FENDA SIMPLES 3,5 X 25 MM (1 "")",14189515,5100,PERDEU,UN,306,0.06
"PARAFUSO ROSCA SOBERBA ZINCADO CABECA CHATA FENDA SIMPLES 3,8 X 30 MM (1.1/4 "")",14189516,5100,PERDEU,UN,357,0.07
"PARAFUSO ROSCA SOBERBA ZINCADO CABECA CHATA FENDA SIMPLES 4,8 X 40 MM (1.1/2 "")",14189517,4100,PERDEU,UN,574,0.14
"PARAFUSO ROSCA SOBERBA ZINCADO CABECA CHATA FENDA SIMPLES 5,5 X 50 MM (2 "")",14189518,2600,PERDEU,UN,728,0.28
"PARAFUSO ROSCA SOBERBA ZINCADO CABECA CHATA FENDA SIMPLES 5,5 X 65 MM (2.1/2 "")",14189519,2600,PERDEU,UN,962,0.37
"PARAFUSO TELHEIRO MEDINDO 5/16"" X 110MM, COM ARRUELA DE METAL E BUCHA PLÁSTICA",14189520,1900,PERDEU,UND,1596,0.84
"PARAFUSO TELHEIRO MEDINDO 5/16"" X 150MM, COM ARRUELA DE METAL E BUCHA PLÁSTICA",14189521,1900,PERDEU,UND,2451,1.29
"PARAFUSO ZINCADO ROSCA SOBERBA, CABECA SEXTAVADA, 5/16 "" X 110 MM, PARA FIXACAO DE TELHA EM MADEIRA",14189522,1750,PERDEU,UN,2047.5,1.17
"PARAFUSO ZINCADO ROSCA SOBERBA, CABECA SEXTAVADA, 5/16 "" X 150 MM, PARA FIXACAO DE TELHA EM MADEIRA",14189523,1350,PERDEU,UND,2160,1.6
"PARAFUSO ZINCADO, AUTOBROCANTE, FLANGEADO, 4,2 MM X 19 MM",14189524,520,PERDEU,CENT,18543.2,35.66
"PARAFUSO ZINCADO, SEXTAVADO, COM ROSCA INTEIRA, DIAMETRO 1/4"", COMPRIMENTO 1/2""",14189525,1805,PERDEU,UN,541.5,0.3
"PARAFUSO ZINCADO, SEXTAVADO, COM ROSCA INTEIRA, DIAMETRO 3/8"", COMPRIMENTO 2""",14189526,1700,PERDEU,UN,2414,1.42
"PARAFUSO ZINCADO, SEXTAVADO, COM ROSCA INTEIRA, DIAMETRO 5/8"", COMPRIMENTO 2 1/4""",14189527,555,PERDEU,UND,2969.25,5.35
"PARAFUSO ZINCADO, SEXTAVADO, COM ROSCA INTEIRA, DIAMETRO 5/8"", COMPRIMENTO 3"", COM PORCA E ARRUELA DE PRESSAO MEDIA",14189528,600,PERDEU,UN,4110,6.85
"PARAFUSO ZINCADO, SEXTAVADO, COM ROSCA SOBERBA, DIAMETRO 3/8"", COMPRIMENTO 80 MM",14189529,1150,PERDEU,UN,2254,1.96
"PARAFUSO ZINCADO, SEXTAVADO, COM ROSCA SOBERBA, DIAMETRO 5/16"", COMPRIMENTO 40 MM",14189530,2000,PERDEU,UND,1760,0.88
"PARAFUSO ZINCADO, SEXTAVADO, COM ROSCA SOBERBA, DIAMETRO 5/16"", COMPRIMENTO 80 MM",14189531,1800,PERDEU,UND,2646,1.47
"PARAFUSO ZINCADO, SEXTAVADO, GRAU 5, ROSCA INTEIRA, DIAMETRO 1 1/2"", COMPRIMENTO 4""",14189532,504,PERDEU,UN,30950.64,61.41
"PARAFUSO, ASTM A307 - GRAU A, SEXTAVADO, ZINCADO, DIAMETRO 3/8"" (9,52 MM), COMPRIMENTO 1 "" (25,4 MM)",14189533,327,PERDEU,CENT,48317.52,147.76
"PEDRA BRITADA N. 0, OU PEDRISCO (4,8 A 9,5 MM)",14189534,334,PERDEU,M3,36402.66,108.99
"PEDRA BRITADA N. 1 (9,5 a 19 MM)",14189535,633,PERDEU,M3,59748.87,94.39
"PEDRA BRITADA N. 2 (19 A 38 MM)",14189536,415,PERDEU,M3,39383.5,94.9
"PEDRA BRITADA N. 3 (38 A 50 MM)",14189537,365,PERDEU,M3,32547.05,89.17
"PEDRA BRITADA N. 4 (50 A 76 MM)",14189538,365,PERDEU,M3,32266,88.4
"PEDRA BRITADA N. 5 (76 A 100 MM)",14189539,365,PERDEU,M3,29532.15,80.91
"PEDRA BRITADA OU BICA CORRIDA, NAO CLASSIFICADA",14189540,340,PERDEU,M3,29644.6,87.19
"PENEIRA DE AREIA EM PLÁTICO 55CM",14189541,42,PERDEU,UND,1145.76,27.28
"PICARETA RETA COM CABO DE NO MÍNIMO 90CM",14189542,49,PERDEU,UND,3175.2,64.8
"PINCEL PARA PINTURA RESIDENCIAL PROFISSIONAL 1''",14189543,174,PERDEU,UND,948.3,5.45
"PINCEL PARA PINTURA RESIDENCIAL PROFISSIONAL 1'' 1/2",14189544,164,PERDEU,UND,946.28,5.77
"PINCEL PARA PINTURA RESIDENCIAL PROFISSIONAL 2''",14189545,164,PERDEU,UND,1157.84,7.06
"PINCEL PARA PINTURA RESIDENCIAL PROFISSIONAL 2'' 1/2",14189546,164,PERDEU,UND,1302.16,7.94
"PINCEL PARA PINTURA RESIDENCIAL PROFISSIONAL 3''",14189547,139,PERDEU,UND,1477.57,10.63
"PINCEL PARA PINTURA RESIDENCIAL PROFISSIONAL 4''",14189548,139,PERDEU,UND,1900.13,13.67
"PISO EM CERAMICA ESMALTADA EXTRA, PEI MAIOR OU IGUAL A 4, FORMATO MAIOR QUE 2025 CM2",14189549,1223,PERDEU,M2,62140.63,50.81
"PISO EM CERAMICA ESMALTADA EXTRA, PEI MAIOR OU IGUAL A 4, FORMATO MAIOR QUE 2025 CM2",14192976,407,PERDEU,M2,20679.67,50.81
"PISO EM CERAMICA ESMALTADA EXTRA, PEI MAIOR OU IGUAL A 4, FORMATO MENOR OU IGUAL A 2025 CM2",14189550,1625,PERDEU,M2,40430,24.88
"PISO EM CERAMICA ESMALTADA, COMERCIAL (PADRAO POPULAR), PEI MAIOR OU IGUAL A 3, FORMATO MENOR OU IGUAL A  2025 CM2",14189552,1535,PERDEU,M2,31682.4,20.64
"PISO PORCELANATO, BORDA RETA, EXTRA, FORMATO MAIOR QUE 2025 CM2",14189553,720,PERDEU,M2,57477.6,79.83
"PISO PORCELANATO, BORDA RETA, EXTRA, FORMATO MAIOR QUE 2025 CM2",14192977,240,PERDEU,M2,19159.2,79.83
"PLACA DE SAÍDA DE LED",14189554,415,PERDEU,UND,29307.3,70.62
"PLUG MACHO/FEMEA 2P + T 10A",14189555,135,PERDEU,UND,1734.75,12.85
"PLUG OU BUJAO DE FERRO GALVANIZADO, DE 1/2""",14189556,106,PERDEU,UN,397.5,3.75
"PLUG OU BUJAO DE FERRO GALVANIZADO, DE 3/4""",14189557,111,PERDEU,UN,536.13,4.83
"PLUG PVC ROSCAVEL,  1/2"",  AGUA FRIA PREDIAL (NBR 5648)",14189558,376,PERDEU,UN,229.36,0.61
"PLUG PVC, ROSCAVEL 3/4"", PARA  AGUA FRIA PREDIAL",14189559,286,PERDEU,UN,228.8,0.8
"PO DE PEDRA",14189560,200,PERDEU,M3,16182,80.91
"PORCA OLHAL EM ACO GALVANIZADO, ESPESSURA 16MM, ABERTURA 21MM",14189561,225,PERDEU,UN,4828.5,21.46
"PORCA OLHAL M 16,  EM ACO GALVANIZADO, DIAMETRO = 16 MM",14189562,235,PERDEU,UN,4345.15,18.49
"PORCA UNIAO/JUNCAO ZINCADA SEXTAVADA 1/4 "", CHAVE 7/16 "", COMPRIMENTO = 25 MM",14189563,715,PERDEU,UN,550.55,0.77
"PORCA ZINCADA, SEXTAVADA, DIAMETRO 1""",14189564,505,PERDEU,UN,2333.1,4.62
"PORCA ZINCADA, SEXTAVADA, DIAMETRO 1/2""",14189565,1150,PERDEU,UND,678.5,0.59
"PORCA ZINCADA, SEXTAVADA, DIAMETRO 1/4""",14189566,1350,PERDEU,UN,607.5,0.45
"PORCA ZINCADA, SEXTAVADA, DIAMETRO 3/8""",14189567,1350,PERDEU,UN,405,0.3
"PORCA ZINCADA, SEXTAVADA, DIAMETRO 5/16""",14189568,1450,PERDEU,UN,275.5,0.19
"PORCA ZINCADA, SEXTAVADA, DIAMETRO 5/8""",14189569,900,PERDEU,UND,1395,1.55
"PORTA DE ABRIR / GIRO, DE MADEIRA FOLHA MEDIA (NBR 15930) DE 1000 X 2100 MM, DE 35 MM A 40 MM DE ESPESSURA, NUCLEO SEMI-SOLIDO (SARRAFEADO), CAPA LISA EM HDF, ACABAMENTO EM LAMINADO NATURAL PARA VERNIZ",14189570,59,PERDEU,UN,15671.58,265.62
"PORTA DE ABRIR / GIRO, DE MADEIRA FOLHA MEDIA (NBR 15930) DE 700 X 2100 MM, DE 35 MM A 40 MM DE ESPESSURA, NUCLEO SEMI-SOLIDO (SARRAFEADO), CAPA FRISADA EM HDF, ACABAMENTO MELAMINICO EM PADRAO MADEIRA",14189571,59,PERDEU,UN,11592.32,196.48
"PORTA DE ABRIR / GIRO, DE MADEIRA FOLHA MEDIA (NBR 15930) DE 800 X 2100 MM, DE 35 MM A 40 MM DE ESPESSURA, NUCLEO SEMI-SOLIDO (SARRAFEADO), CAPA FRISADA EM HDF, ACABAMENTO MELAMINICO EM PADRAO MADEIRA",14189572,57,PERDEU,UN,12648.87,221.91
"PORTA DE ABRIR / GIRO, DE MADEIRA FOLHA MEDIA (NBR 15930) DE 900 X 2100 MM, DE 35 MM A 40 MM DE ESPESSURA, NUCLEO SEMI-SOLIDO (SARRAFEADO), CAPA LISA EM HDF, ACABAMENTO EM LAMINADO NATURAL PARA VERNIZ",14189573,61,PERDEU,UN,15127.39,247.99
"PORTA DE ABRIR EM ALUMINIO TIPO VENEZIANA, ACABAMENTO ANODIZADO NATURAL, SEM GUARNICAO/ALIZAR/VISTA, 87 X 210 CM",14189574,57,PERDEU,UN,56553.69,992.17
"PORTA DE MADEIRA QUADRICULADA PARA VIDRO, DE CORRER (EUCALIPTO OU EQUIVALENTE REGIONAL), E = *3,5* CM",14189575,57,VENCEU,M2,17194.05,301.65
"PORTA DE MADEIRA TIPO VENEZIANA (EUCALIPTO OU EQUIVALENTE REGIONAL), E = *3,5* CM",14189576,57,VENCEU,M2,28397.4,498.2
"PORTA DE MADEIRA, FOLHA LEVE (NBR 15930) DE 600 X 2100 MM, DE 35 MM A 40 MM DE ESPESSURA, NUCLEO COLMEIA, CAPA LISA EM HDF, ACABAMENTO EM PRIMER PARA PINTURA",14189577,57,PERDEU,UN,8565.39,150.27
"PORTA DE MADEIRA, FOLHA LEVE (NBR 15930) DE 700 X 2100 MM, DE 35 MM A 40 MM DE ESPESSURA, NUCLEO COLMEIA, CAPA LISA EM HDF, ACABAMENTO EM PRIMER PARA PINTURA",14189578,57,PERDEU,UN,8888.58,155.94
"PORTA DE MADEIRA, FOLHA LEVE (NBR 15930) DE 800 X 2100 MM, DE 35 MM A 40 MM DE ESPESSURA, NUCLEO COLMEIA, CAPA LISA EM HDF, ACABAMENTO EM PRIMER PARA PINTURA",14189579,57,PERDEU,UN,9448.32,165.76
"PORTA DE MADEIRA, FOLHA MEDIA (NBR 15930) DE 600 X 2100 MM, DE 35 MM A 40 MM DE ESPESSURA, NUCLEO SEMI-SOLIDO (SARRAFEADO), CAPA FRISADA EM HDF, ACABAMENTO MELAMINICO EM PADRAO MADEIRA",14189580,57,PERDEU,UN,10302.75,180.75
"PORTA DE MADEIRA, FOLHA PESADA (NBR 15930) DE 800 X 2100 MM, DE 40 MM A 45 MM DE ESPESSURA, NUCLEO SOLIDO, CAPA LISA EM HDF, ACABAMENTO EM LAMINADO NATURAL PARA VERNIZ",14189581,57,PERDEU,UN,21250.17,372.81
"PORTA DE MADEIRA, FOLHA PESADA (NBR 15930) DE 900 X 2100 MM, DE 40 MM A 45 MM DE ESPESSURA, NUCLEO SOLIDO, CAPA LISA EM HDF, ACABAMENTO EM LAMINADO NATURAL PARA VERNIZ",14189582,59,PERDEU,UN,23149.83,392.37
"PORTA DE MADEIRA-DE-LEI QUADRICULADA PARA VIDRO, DE CORRER (ANGELIM OU EQUIVALENTE REGIONAL), E = *3,5* CM",14189583,57,VENCEU,M2,28397.4,498.2
"PORTA DE MADEIRA-DE-LEI TIPO MEXICANA SEM EMENDA (ANGELIM OU EQUIVALENTE REGIONAL), E = *3,5* CM",14189584,54,VENCEU,M2,22345.2,413.8
"PORTA DE MADEIRA-DE-LEI TIPO VENEZIANA (ANGELIM OU EQUIVALENTE REGIONAL), E = *3,5* CM",14189585,57,VENCEU,M2,16416,288
"prancha de eucalipto bruta seca",14189586,30,VENCEU,M3,34290,1143
"prancha de eucalipto tratada seca",14189587,30,VENCEU,M3,54870,1829
"PRANCHA DE EUCALIPTO TRATADA SECA.",14189588,30,VENCEU,M3,54870,1829
"PREGO DE AÇO POLIDO 19X39",14189589,430,PERDEU,KG,8066.8,18.76
"PREGO DE AÇO POLIDO 25X72",14189590,1105,DESCLASSIFICADO_LANCE,KG,37779.95,34.19
"PREGO DE AÇO POLIDO 26X84",14189591,390,PERDEU,KG,9640.8,24.72
"PREGO DE ACO POLIDO COM CABECA 10 X 10 (7/8 X 17)",14189592,285,DESCLASSIFICADO_LANCE,KG,9439.2,33.12
"PREGO DE ACO POLIDO COM CABECA 12 X 12",14189593,275,PERDEU,KG,6308.5,22.94
"PREGO DE ACO POLIDO COM CABECA 14 X 18 (1 1/2 X 14)",14189594,385,PERDEU,KG,7996.45,20.77
"PREGO DE ACO POLIDO COM CABECA 15 X 18 (1 1/2 X 13)",14189595,285,PERDEU,KG,5560.35,19.51
"PREGO DE ACO POLIDO COM CABECA 16 X 24 (2 1/4 X 12)",14189596,285,PERDEU,KG,5289.6,18.56
"PREGO DE ACO POLIDO COM CABECA 16 X 27 (2 1/2 X 12)",14189597,285,PERDEU,KG,5229.75,18.35
"PREGO DE ACO POLIDO COM CABECA 17 X 21 (2 X 11)",14189598,285,PERDEU,KG,4961.85,17.41
"PREGO DE ACO POLIDO COM CABECA DUPLA 17 X 27 (2 1/2 X 11)",14189599,1115,DESCLASSIFICADO_LANCE,KG,19780.1,17.74
"PREGO DE ACO POLIDO COM CABECA 18 X 24 (2 1/4 X 10)",14189600,260,PERDEU,KG,4526.6,17.41
"PREGO DE ACO POLIDO COM CABECA 18 X 27 (2 1/2 X 10)",14189601,290,PERDEU,KG,4961.9,17.11
"PREGO DE ACO POLIDO COM CABECA 19  X 36 (3 1/4  X  9)",14189602,390,DESCLASSIFICADO_LANCE,KG,6782.1,17.39
"PREGO DE ACO POLIDO COM CABECA 22 X 48 (4 1/4 X 5)",14189604,240,PERDEU,KG,4209.6,17.54
"PREGO DE ACO POLIDO COM CABECA DUPLA 17 X 27 (2 1/2 X 11).",14189605,210,PERDEU,KG,4510.8,21.48
"PREGO DE ACO POLIDO SEM CABECA 15 X 15 (1 1/4 X 13)",14189606,210,PERDEU,KG,4111.8,19.58
"PRUMO DE CENTRO EM ACO *400* G",14189607,67,PERDEU,UN,3088.03,46.09
"PRUMO DE PAREDE EM ACO 700 A 750 G",14189608,67,PERDEU,UND,3521.52,52.56
"QUADRO DE DISTRIBUICAO, SEM BARRAMENTO, EM PVC, DE EMBUTIR, PARA 12 DISJUNTORES NEMA OU 16 DISJUNTORES DIN",14189609,52,PERDEU,UN,4878.64,93.82
"QUADRO DE DISTRIBUICAO, SEM BARRAMENTO, EM PVC, DE EMBUTIR, PARA 18 DISJUNTORES NEMA OU 24 DISJUNTORES DIN",14189610,40,PERDEU,UN,5891.2,147.28
"QUADRO DE DISTRIBUICAO, SEM BARRAMENTO, EM PVC, DE EMBUTIR, PARA 27 DISJUNTORES NEMA OU 36 DISJUNTORES DIN",14189611,36,PERDEU,UN,9094.32,252.62
"QUADRO DE DISTRIBUICAO, SEM BARRAMENTO, EM PVC, DE EMBUTIR, PARA 3 DISJUNTORES NEMA OU 4 DISJUNTORES DIN",14189612,35,DESCLASSIFICADO_LANCE,UN,1393.7,39.82
"QUADRO DE DISTRIBUICAO, SEM BARRAMENTO, EM PVC, DE EMBUTIR, PARA 6 DISJUNTORES NEMA OU 8 DISJUNTORES DIN",14189613,40,DESCLASSIFICADO_LANCE,UN,2516.4,62.91
"QUADRO DE DISTRIBUICAO, SEM BARRAMENTO, EM PVC, DE SOBREPOR,  PARA 3 DISJUNTORES NEMA OU 4 DISJUNTORES DIN",14189614,51,PERDEU,UN,2366.91,46.41
"QUADRO DE DISTRIBUICAO, SEM BARRAMENTO, EM PVC, DE SOBREPOR, PARA 12 DISJUNTORES NEMA OU 16 DISJUNTORES DIN",14189615,33,PERDEU,UN,4384.05,132.85
"QUADRO DE DISTRIBUICAO, SEM BARRAMENTO, EM PVC, DE SOBREPOR, PARA 18 DISJUNTORES NEMA OU 24 DISJUNTORES DIN",14189616,42,PERDEU,UN,8179.08,194.74
"QUADRO DE DISTRIBUICAO, SEM BARRAMENTO, EM PVC, DE SOBREPOR, PARA 27 DISJUNTORES NEMA OU 36 DISJUNTORES DIN",14189617,35,PERDEU,UN,9508.45,271.67
"QUADRO DE DISTRIBUICAO, SEM BARRAMENTO, EM PVC, DE SOBREPOR, PARA 6 DISJUNTORES NEMA OU 8 DISJUNTORES DIN",14189618,35,PERDEU,UN,2767.8,79.08
"RASTELO PARA GRAMA EM PLASTICO COM CABO 18 DENTES 37,5CM",14189619,351,PERDEU,UND,10259.73,29.23
"REATOR ELETRONICO BIVOLT PARA 1 LAMPADA FLUORESCENTE DE 18/20 W",14189620,72,PERDEU,UN,2207.52,30.66
"REATOR ELETRONICO BIVOLT PARA 1 LAMPADA FLUORESCENTE DE 36/40 W",14189621,72,PERDEU,UN,2757.6,38.3
"REATOR ELETRONICO BIVOLT PARA 2 LAMPADAS FLUORESCENTES DE 14 W",14189622,57,PERDEU,UN,4347.96,76.28
"REATOR ELETRONICO BIVOLT PARA 2 LAMPADAS FLUORESCENTES DE 18/20 W",14189623,52,PERDEU,UN,2093.52,40.26
"REATOR ELETRONICO BIVOLT PARA 2 LAMPADAS FLUORESCENTES DE 36/40 W",14189624,61,PERDEU,UN,2538.21,41.61
"REATOR P/ LAMPADA VAPOR DE SODIO 250W USO EXT",14189625,43,PERDEU,UN,11249.23,261.61
"REBITE DE ALUMINIO VAZADO DE REPUXO, 3,2 X 8 MM (1KG = 1025 UNIDADES)",14189626,541,PERDEU,kg,41581.26,76.86
"REGISTRO DE ESFERA PVC, COM BORBOLETA, COM ROSCA EXTERNA, DE 1/2""",14189627,153,PERDEU,UN,2287.35,14.95
"REGISTRO DE ESFERA PVC, COM BORBOLETA, COM ROSCA EXTERNA, DE 3/4""",14189628,147,PERDEU,UN,2582.79,17.57
"REGISTRO DE ESFERA, PVC, COM VOLANTE, VS, ROSCAVEL, DN 1 1/2"", COM CORPO DIVIDIDO",14189629,93,PERDEU,UN,4733.7,50.9
"REGISTRO DE ESFERA, PVC, COM VOLANTE, VS, ROSCAVEL, DN 1 1/4"", COM CORPO DIVIDIDO",14189630,93,PERDEU,UN,4507.71,48.47
"REGISTRO DE ESFERA, PVC, COM VOLANTE, VS, ROSCAVEL, DN 1"", COM CORPO DIVIDIDO",14189631,93,PERDEU,UN,3375.9,36.3
"REGISTRO DE ESFERA, PVC, COM VOLANTE, VS, ROSCAVEL, DN 1/2"", COM CORPO DIVIDIDO",14189632,118,PERDEU,UN,2190.08,18.56
"REGISTRO DE ESFERA, PVC, COM VOLANTE, VS, ROSCAVEL, DN 2"", COM CORPO DIVIDIDO",14189633,83,PERDEU,UN,6464.87,77.89
"REGISTRO DE ESFERA, PVC, COM VOLANTE, VS, ROSCAVEL, DN 3/4"", COM CORPO DIVIDIDO",14189634,118,PERDEU,UN,2624.32,22.24
"REGISTRO DE ESFERA, PVC, COM VOLANTE, VS, SOLDAVEL, DN 20 MM, COM CORPO DIVIDIDO",14189635,113,PERDEU,UN,1979.76,17.52
"REGISTRO DE ESFERA, PVC, COM VOLANTE, VS, SOLDAVEL, DN 25 MM, COM CORPO DIVIDIDO",14189636,103,PERDEU,UN,2324.71,22.57
"REGISTRO DE ESFERA, PVC, COM VOLANTE, VS, SOLDAVEL, DN 32 MM, COM CORPO DIVIDIDO",14189637,93,PERDEU,UN,3331.26,35.82
"REGISTRO DE ESFERA, PVC, COM VOLANTE, VS, SOLDAVEL, DN 40 MM, COM CORPO DIVIDIDO",14189638,88,PERDEU,UN,4216.08,47.91
"REGISTRO DE ESFERA, PVC, COM VOLANTE, VS, SOLDAVEL, DN 50 MM, COM CORPO DIVIDIDO",14189639,98,PERDEU,UN,4849.04,49.48
"REGISTRO DE ESFERA, PVC, COM VOLANTE, VS, SOLDAVEL, DN 60 MM, COM CORPO DIVIDIDO",14189640,93,PERDEU,UN,8427.66,90.62
"REGISTRO DE GAVETA DE METAL 3/4'' COM ACABAMENTO",14189641,90,PERDEU,UND,5322.6,59.14
"REGISTRO DE PRESSAO PVC, ROSCAVEL, VOLANTE SIMPLES, DE 1/2""",14189642,238,PERDEU,UN,1368.5,5.75
"REGISTRO DE PRESSAO PVC, ROSCAVEL, VOLANTE SIMPLES, DE 3/4""",14189643,142,PERDEU,UN,2328.8,16.4
"REGISTRO DE PRESSAO PVC, SOLDAVEL, VOLANTE SIMPLES, DE 20 MM",14189644,148,PERDEU,UN,1770.08,11.96
"REGISTRO DE PRESSAO PVC, SOLDAVEL, VOLANTE SIMPLES, DE 25 MM",14189645,177,PERDEU,UN,2352.33,13.29
"REJUNTE CIMENTICIO, QUALQUER COR",14189646,1842,PERDEU,KG,5820.72,3.16
"REJUNTE EPOXI, QUALQUER COR",14189647,150,PERDEU,KG,9990,66.6
"RELE FOTOELETRICO INTERNO E EXTERNO BIVOLT 1000 W, DE CONECTOR, SEM BASE",14189648,611,PERDEU,UND,23156.9,37.9
"REPARO DE VÁLVULA DESCARGA 1 1/2''",14189649,293,PERDEU,UND,13955.59,47.63
"Repartição de pinus encantilhada",14189650,357,DESCLASSIFICADO_LANCE,M2,27456.87,76.91
"Repartição de pinus tratado encantilhada",14189651,457,DESCLASSIFICADO_LANCE,M2,42336.48,92.64
"RIPA EUCALIPTO TRATADO 1 X 2""",14189652,612,PERDEU,ML,1848.24,3.02
"RODAFORRO EM PVC, PARA FORRO DE PVC, COMPRIMENTO 6 M",14189653,1245,PERDEU,M,5527.8,4.44
"RODAPE DE MADEIRA MACICA CUMARU/IPE CHAMPANHE OU EQUIVALENTE DA REGIAO, *1,5 X 7 CM",14189654,620,PERDEU,M,6212.4,10.02
"RODAPE EM POLIESTIRENO, BRANCO, H = *5* CM, E = *1,5* CM",14189655,831,PERDEU,M,20542.32,24.72
"ROLO DE ESPUMA POLIESTER 23 CM (SEM CABO)",14189656,62,PERDEU,UN,892.18,14.39
"ROLO DE LA DE CARNEIRO 23 CM (SEM CABO)",14189657,142,PERDEU,UN,4531.22,31.91
"ROLO EPÓXI 15CM",14189658,132,PERDEU,UND,1775.4,13.45
"ROLO EPÓXI 23CM",14189659,112,PERDEU,UND,3614.24,32.27
"ROLO EPÓXI 5CM",14189660,142,PERDEU,UND,2506.3,17.65
"ROLO EPÓXI 9CM",14189661,122,PERDEU,UND,1742.16,14.28
"ROLO LÃ ANTI RESPINGO PARA PINTURA 15 CM",14189662,152,PERDEU,UND,2310.4,15.2
"ROLO LÃ ANTI RESPINGO PARA PINTURA 23 CM",14189663,182,PERDEU,UND,2329.6,12.8
"ROLO LÃ ANTI RESPINGO PARA PINTURA 9 CM",14189664,172,PERDEU,UND,2201.6,12.8
"SAPATÃO DE SEGURANÇA S/BICO OBS CONTER CA",14189665,455,PERDEU,UND,22831.9,50.18
"SELADOR EPÓXI 3,6 LT",14189666,221,PERDEU,GL,78229.58,353.98
"SELADOR EPÓXI 3,6 LT",14192979,73,PERDEU,GL,25840.54,353.98
"SELANTE ELASTICO MONOCOMPONENTE A BASE DE POLIURETANO (PU) PARA JUNTAS DIVERSAS",14189667,291,PERDEU,ML,9006.45,30.95
"SELANTE TIPO VEDA CALHA PARA METAL E FIBROCIMENTO",14189668,291,PERDEU,KG,12373.32,42.52
"SERROTE PROFISSIONAL 16''",14189669,42,PERDEU,UND,2423.4,57.7
"SIFAO EM METAL CROMADO PARA PIA AMERICANA, 1.1/2 X 1.1/2 """,14189670,93,PERDEU,UN,16789.29,180.53
"SIFAO EM METAL CROMADO PARA PIA AMERICANA, 1.1/2 X 2 """,14189671,189,PERDEU,UN,34537.86,182.74
"SIFAO EM METAL CROMADO PARA PIA OU LAVATORIO, 1 X 1.1/2 """,14189672,194,PERDEU,UN,27868.1,143.65
"SIFAO PLASTICO EXTENSIVEL UNIVERSAL, TIPO COPO",14189673,363,PERDEU,UN,4962.21,13.67
"SIFAO PLASTICO FLEXIVEL SAIDA VERTICAL PARA COLUNA LAVATORIO, 1 X 1.1/2 """,14189674,263,PERDEU,UN,4252.71,16.17
"SIFAO PLASTICO TIPO COPO PARA PIA AMERICANA 1.1/2 X 1.1/2 """,14189675,253,PERDEU,UN,3729.22,14.74
"SIFAO PLASTICO TIPO COPO PARA PIA OU LAVATORIO, 1 X 1.1/2 """,14189676,363,PERDEU,UN,4101.9,11.3
"SIFAO PLASTICO TIPO COPO PARA TANQUE, 1.1/4 X 1.1/2 """,14189677,228,PERDEU,UN,3244.44,14.23
"SOLVENTE EPÓXI 900ML",14189678,711,PERDEU,UND,21628.62,30.42
"SOQUETE DE BAQUELITE BASE E27, PARA LAMPADAS",14189679,306,PERDEU,UN,1138.32,3.72
"SOQUETE DE PORCELANA BASE E27, FIXO DE TETO, PARA LAMPADAS",14189680,288,PERDEU,UND,1388.16,4.82
"SOQUETE DE PVC / TERMOPLASTICO BASE E27, COM RABICHO, PARA LAMPADAS",14189681,283,PERDEU,UN,1375.38,4.86
"SUPORTE PARA ROLO 23CM (CABO)",14189682,142,PERDEU,UND,1536.44,10.82
"SUPORTE PARA TV FIXO",14189683,247,DESCLASSIFICADO_LANCE,UND,6118.19,24.77
"TÁBUA CAIXARIA DE PINUS 25/30",14189684,129,PERDEU,M3,181890,1410
"TÁBUA CAIXARIA DE PINUS 25/30",14192982,43,PERDEU,M3,64345.2,1496.4
"TÁBUA CAIXARIA DE PINUS 7/10/15/20",14189685,129,DESCLASSIFICADO_LANCE,M3,167025.33,1294.77
"TÁBUA CAIXARIA DE PINUS 7/10/15/20",14192986,43,DESCLASSIFICADO_LANCE,M3,55675.11,1294.77
"Tacação de pinus para forro",14189686,2090,DESCLASSIFICADO_LANCE,M,12519.1,5.99
"TACAÇÃO DE PINUS TRATADO PARA FORRO",14189687,3040,DESCLASSIFICADO_LANCE,ML,19516.8,6.42
"TALHADEIRA COM PUNHO DE PROTECAO *20 X 250* MM",14189688,48,PERDEU,UN,1543.68,32.16
"TAMPA CEGA EM PVC PARA CONDULETE 4 X 2""",14189689,265,PERDEU,UN,1014.95,3.83
"TAMPA PARA CONDULETE, EM PVC, PARA 1 INTERRUPTOR",14189690,355,PERDEU,UN,837.8,2.36
"TAMPA PARA CONDULETE, EM PVC, PARA 1 MODULO RJ",14189691,355,PERDEU,UN,901.7,2.54
"TAMPA PARA CONDULETE, EM PVC, PARA 2 MODULOS RJ",14189692,285,PERDEU,UN,837.9,2.94
"TAMPA PARA CONDULETE, EM PVC, PARA TOMADA HEXAGONAL",14189693,335,PERDEU,UN,790.6,2.36
"TANQUE DE LOUCA BRANCA, COM COLUNA, *30* L",14189694,64,PERDEU,UN,25089.92,392.03
"TANQUE DE LOUCA BRANCA, SUSPENSO, *20* L",14189695,46,PERDEU,UN,13240.64,287.84
"TE CPVC, SOLDAVEL, 90 GRAUS, 15 MM, PARA AGUA QUENTE PREDIAL",14189696,477,PERDEU,UN,1974.78,4.14
"TE CPVC, SOLDAVEL, 90 GRAUS, 22 MM, PARA AGUA QUENTE PREDIAL",14189697,347,PERDEU,UN,1790.52,5.16
"TE CPVC, SOLDAVEL, 90 GRAUS, 28 MM, PARA AGUA QUENTE PREDIAL",14189698,227,PERDEU,UN,2344.91,10.33
"TE CPVC, SOLDAVEL, 90 GRAUS, 35 MM, PARA AGUA QUENTE PREDIAL",14189699,132,PERDEU,UN,5198.16,39.38
"TE CPVC, SOLDAVEL, 90 GRAUS, 42 MM, PARA AGUA QUENTE PREDIAL",14189700,127,PERDEU,UN,6426.2,50.6
"TE DE COBRE (REF 611) SEM ANEL DE SOLDA, BOLSA X BOLSA X BOLSA, 15 MM",14189701,217,PERDEU,UN,1236.9,5.7
"TE DE COBRE (REF 611) SEM ANEL DE SOLDA, BOLSA X BOLSA X BOLSA, 22 MM",14189702,157,PERDEU,UN,1910.69,12.17
"TE DE COBRE (REF 611) SEM ANEL DE SOLDA, BOLSA X BOLSA X BOLSA, 28 MM",14189703,137,PERDEU,UN,2741.37,20.01
"TE DE COBRE (REF 611) SEM ANEL DE SOLDA, BOLSA X BOLSA X BOLSA, 35 MM",14189704,92,PERDEU,UN,4209,45.75
"TE DE COBRE (REF 611) SEM ANEL DE SOLDA, BOLSA X BOLSA X BOLSA, 42 MM",14189705,94,PERDEU,UN,5541.3,58.95
"TE DE INSPECAO, PVC,  100 X 75 MM, SERIE NORMAL PARA ESGOTO PREDIAL",14189706,94,PERDEU,UN,3446.04,36.66
"TE DE INSPECAO, PVC, SERIE R, 100 X 75 MM, PARA ESGOTO OU AGUAS PLUVIAIS PREDIAIS",14189707,89,PERDEU,UN,2886.27,32.43
"TE DE INSPECAO, PVC, SERIE R, 150 X 100 MM, PARA ESGOTO OU AGUAS PLUVIAIS PREDIAIS",14189708,69,PERDEU,UN,4270.41,61.89
"TE DE INSPECAO, PVC, SERIE R, 75 X 75 MM, PARA ESGOTO OU AGUAS PLUVIAIS PREDIAIS",14189709,99,PERDEU,UN,2796.75,28.25
"TE DE REDUCAO, CPVC, 22 X 15 MM, PARA AGUA QUENTE PREDIAL",14189710,227,PERDEU,UN,1221.26,5.38
"TE DE REDUCAO, CPVC, 28 X 22 MM, PARA AGUA QUENTE PREDIAL",14189711,192,PERDEU,UN,1557.12,8.11
"TE DE REDUCAO, CPVC, 35 X 28 MM, PARA AGUA QUENTE PREDIAL",14189712,117,PERDEU,UN,3407.04,29.12
"TE DE REDUCAO, CPVC, 42 X 35 MM, PARA AGUA QUENTE PREDIAL",14189713,102,PERDEU,UN,4481.88,43.94
"TE DE REDUCAO, PVC LEVE, CURTO, 90 GRAUS, COM BOLSA PARA ANEL, 150 X 100 MM, PARA ESGOTO",14189714,97,PERDEU,UN,2368.74,24.42
"TE DE REDUCAO, PVC, SOLDAVEL, 90 GRAUS, 25 MM X 20 MM, PARA AGUA FRIA PREDIAL",14189715,502,PERDEU,UN,1746.96,3.48
"TE DE REDUCAO, PVC, SOLDAVEL, 90 GRAUS, 32 MM X 25 MM, PARA AGUA FRIA PREDIAL",14189716,212,PERDEU,UN,1286.84,6.07
"TE DE REDUCAO, PVC, SOLDAVEL, 90 GRAUS, 40 MM X 32 MM, PARA AGUA FRIA PREDIAL",14189717,142,PERDEU,UN,1117.54,7.87
"TE DE REDUCAO, PVC, SOLDAVEL, 90 GRAUS, 50 MM X 20 MM, PARA AGUA FRIA PREDIAL",14189718,247,PERDEU,UN,1938.95,7.85
"TE DE REDUCAO, PVC, SOLDAVEL, 90 GRAUS, 50 MM X 25 MM, PARA AGUA FRIA PREDIAL",14189719,267,PERDEU,UN,2469.75,9.25
"TE DE REDUCAO, PVC, SOLDAVEL, 90 GRAUS, 50 MM X 32 MM, PARA AGUA FRIA PREDIAL",14189720,137,PERDEU,UN,1838.54,13.42
"TE DE REDUCAO, PVC, SOLDAVEL, 90 GRAUS, 50 MM X 40 MM, PARA AGUA FRIA PREDIAL",14189721,132,PERDEU,UN,1359.6,10.3
"TE PVC SOLDAVEL, BBB, 90 GRAUS, DN 40 MM, PARA ESGOTO SECUNDARIO PREDIAL",14189722,317,PERDEU,UN,1042.93,3.29
"TE PVC, ROSCAVEL, 90 GRAUS, 1/2"",  AGUA FRIA PREDIAL",14189723,372,PERDEU,UN,1294.56,3.48
"TE PVC, ROSCAVEL, 90 GRAUS, 3/4"", AGUA FRIA PREDIAL",14189724,292,PERDEU,UN,1226.4,4.2
"TE PVC, SOLDAVEL, COM BUCHA DE LATAO NA BOLSA CENTRAL, 90 GRAUS, 20 MM X 1/2"", PARA AGUA FRIA PREDIAL",14189725,202,PERDEU,UN,1680.64,8.32
"TE PVC, SOLDAVEL, COM BUCHA DE LATAO NA BOLSA CENTRAL, 90 GRAUS, 25 MM X 1/2"", PARA AGUA FRIA PREDIAL",14189726,227,PERDEU,UN,2063.43,9.09
"TE PVC, SOLDAVEL, COM BUCHA DE LATAO NA BOLSA CENTRAL, 90 GRAUS, 25 MM X 3/4"", PARA AGUA FRIA PREDIAL",14189727,317,PERDEU,UN,3170,10
"TE PVC, SOLDAVEL, COM BUCHA DE LATAO NA BOLSA CENTRAL, 90 GRAUS, 32 MM X 3/4"", PARA AGUA FRIA PREDIAL",14189728,147,PERDEU,UN,1708.14,11.62
"TE PVC, SOLDAVEL, COM ROSCA NA BOLSA CENTRAL, 90 GRAUS, 20 MM X 1/2"", PARA AGUA FRIA PREDIAL",14189729,537,PERDEU,UN,1240.47,2.31
"TE PVC, SOLDAVEL, COM ROSCA NA BOLSA CENTRAL, 90 GRAUS, 25 MM X 1/2"", PARA AGUA FRIA PREDIAL",14189730,497,PERDEU,UN,2345.84,4.72
"TE PVC, SOLDAVEL, COM ROSCA NA BOLSA CENTRAL, 90 GRAUS, 25 MM X 3/4"", PARA AGUA FRIA PREDIAL",14189731,487,PERDEU,UN,1874.95,3.85
"TE PVC, SOLDAVEL, COM ROSCA NA BOLSA CENTRAL, 90 GRAUS, 32 MM X 3/4"", PARA AGUA FRIA PREDIAL",14189732,122,PERDEU,UN,1525,12.5
"TE SANITARIO, PVC, DN 100 X 100 MM, SERIE NORMAL, PARA ESGOTO PREDIAL",14189733,157,PERDEU,UN,2241.96,14.28
"TE SANITARIO, PVC, DN 100 X 50 MM, SERIE NORMAL, PARA ESGOTO PREDIAL",14189735,232,PERDEU,UN,3524.08,15.19
"TE SANITARIO, PVC, DN 100 X 75 MM, SERIE NORMAL PARA ESGOTO PREDIAL",14189736,232,PERDEU,UN,4048.4,17.45
"TE SANITARIO, PVC, DN 40 X 40 MM, SERIE NORMAL, PARA ESGOTO PREDIAL",14189737,542,PERDEU,UN,1794.02,3.31
"TE SANITARIO, PVC, DN 50 X 50 MM, SERIE NORMAL, PARA ESGOTO PREDIAL",14189738,272,PERDEU,UN,1825.12,6.71
"TE SANITARIO, PVC, DN 75 X 50 MM, SERIE NORMAL PARA ESGOTO PREDIAL",14189739,127,PERDEU,UN,4142.74,32.62
"TE SANITARIO, PVC, DN 75 X 75 MM, SERIE NORMAL PARA ESGOTO PREDIAL",14189740,162,PERDEU,UN,2402.46,14.83
"TE SOLDAVEL, PVC, 90 GRAUS, 20 MM, PARA AGUA FRIA PREDIAL (NBR 5648)",14189741,892,PERDEU,UN,856.32,0.96
"TE SOLDAVEL, PVC, 90 GRAUS, 25 MM, PARA AGUA FRIA PREDIAL (NBR 5648)",14189742,892,PERDEU,UN,972.28,1.09
"TE SOLDAVEL, PVC, 90 GRAUS, 32 MM, PARA AGUA FRIA PREDIAL (NBR 5648)",14189743,297,PERDEU,UN,1018.71,3.43
"TE SOLDAVEL, PVC, 90 GRAUS, 40 MM, PARA AGUA FRIA PREDIAL (NBR 5648)",14189744,162,PERDEU,UN,1355.94,8.37
"TE SOLDAVEL, PVC, 90 GRAUS, 60 MM, PARA AGUA FRIA PREDIAL (NBR 5648)",14189745,197,PERDEU,UN,5535.7,28.1
"TE SOLDAVEL, PVC, 90 GRAUS,50 MM, PARA AGUA FRIA PREDIAL (NBR 5648)",14189746,227,PERDEU,UN,1986.25,8.75
"TE, PVC, SERIE R, 100 X 100 MM, PARA ESGOTO OU AGUAS PLUVIAIS PREDIAIS",14189747,277,PERDEU,UN,10830.7,39.1
"TE, PVC, SERIE R, 100 X 75 MM, PARA ESGOTO OU AGUAS PLUVIAIS PREDIAIS",14189748,97,PERDEU,UN,4545.42,46.86
"TE, PVC, SERIE R, 150 X 100 MM, PARA ESGOTO OU AGUAS PLUVIAIS PREDIAIS",14189749,84,PERDEU,UN,6495.72,77.33
"TE, PVC, SERIE R, 150 X 150 MM, PARA ESGOTO OU AGUAS PLUVIAIS PREDIAIS",14189750,94,PERDEU,UN,9733.7,103.55
"TE, PVC, SERIE R, 75 X 75 MM, PARA ESGOTO OU AGUAS PLUVIAIS PREDIAIS",14189751,187,PERDEU,UN,4790.94,25.62
"TELA DE ACO SOLDADA NERVURADA, CA-60, Q-113, (1,8 KG/M2), DIAMETRO DO FIO = 3,8 MM, LARGURA = 2,45 M, ESPACAMENTO DA MALHA = 10 X 10 CM",14189752,525,PERDEU,M2,6735.75,12.83
"TELA DE ACO SOLDADA NERVURADA, CA-60, Q-138, (2,20 KG/M2), DIAMETRO DO FIO = 4,2 MM, LARGURA = 2,45 M, ESPACAMENTO DA MALHA = 10  X 10 CM",14189753,525,PERDEU,M2,8646.75,16.47
"TELA DE ACO SOLDADA NERVURADA, CA-60, Q-196, (3,11 KG/M2), DIAMETRO DO FIO = 5,0 MM, LARGURA = 2,45 M, ESPACAMENTO DA MALHA = 10 X 10 CM",14189754,465,PERDEU,M2,10983.3,23.62
"TELA DE ACO SOLDADA NERVURADA, CA-60, Q-61, (0,97 KG/M2), DIAMETRO DO FIO = 3,4 MM, LARGURA = 2,45 M, ESPACAMENTO DA MALHA = 15 X 15 CM",14189755,465,PERDEU,M2,3315.45,7.13
"TELA DE ACO SOLDADA NERVURADA, CA-60, Q-92, (1,48 KG/M2), DIAMETRO DO FIO = 4,2 MM, LARGURA = 2,45 X 60 M DE COMPRIMENTO, ESPACAMENTO DA MALHA = 15  X 15 CM",14189756,465,PERDEU,M2,5138.25,11.05
"TELA DE ARAME GALVANIZADA QUADRANGULAR / LOSANGULAR, FIO 2,11 MM (14 BWG), MALHA 5 X 5 CM, H = 2 M",14189757,365,PERDEU,M2,8949.8,24.52
"TELA DE ARAME GALVANIZADA QUADRANGULAR / LOSANGULAR, FIO 2,11 MM (14 BWG), M2 16,37 MALHA 8 X 8 CM, H = 2 M",14189758,445,PERDEU,M2,6270.05,14.09
"TELA DE ARAME GALVANIZADA REVESTIDA EM PVC, QUADRANGULAR / LOSANGULAR, FIO 2,11 MM (14 BWG), BITOLA FINAL = *2,8* MM, MALHA *8 X 8* CM, H = 2 M",14189759,360,PERDEU,M2,9075.6,25.21
"TELA DE ARAME GALVANIZADA, HEXAGONAL, FIO 0,56 MM (24 BWG), MALHA 1/2"", H = 1 M",14189760,630,PERDEU,M2,7749,12.3
"TELHA DE FIBROCIMENTO ONDULADA E = 4 MM, DE 1,22 X 0,50 M (SEM AMIANTO)",14189761,486,PERDEU,UN,5209.92,10.72
"TELHA DE FIBROCIMENTO ONDULADA E = 4 MM, DE 2,13 X 0,50 M (SEM AMIANTO)",14189762,540,PERDEU,UN,9261,17.15
"TELHA DE FIBROCIMENTO ONDULADA E = 4 MM, DE 2,44 X 0,50 M (SEM AMIANTO)",14189763,445,PERDEU,UND,6999.85,15.73
"TELHA DE FIBROCIMENTO ONDULADA E = 6 MM, DE 1,53 X 1,10 M (SEM AMIANTO)",14189764,465,PERDEU,UN,21473.7,46.18
"TELHA DE FIBROCIMENTO ONDULADA E = 6 MM, DE 1,83 X 1,10 M (SEM AMIANTO)",14189765,515,PERDEU,UN,25914.8,50.32
"TELHA DE FIBROCIMENTO ONDULADA E = 6 MM, DE 2,44 X 1,10 M (SEM AMIANTO)",14189766,470,PERDEU,UND,10904,23.2
"TELHA DE FIBROCIMENTO ONDULADA E = 6 MM, DE 3,66 X 1,10 M (SEM AMIANTO)",14189767,417,PERDEU,UN,40828.47,97.91
"TELHA GALVALUME COM ISOLAMENTO TERMOACUSTICO EM ESPUMA RIGIDA DE POLIURETANO (PU) INJETADO, ESPESSURA DE 30 MM, DENSIDADE DE 35 KG/M3, REVESTIMENTO EM TELHA TRAPEZOIDAL NAS DUAS FACES COM ESPESSURA DE 0,50 MM CADA, ACABAMENTO NATURAL (NAO INCLUI ACESSORIOS DE FIXACAO)",14189768,331,PERDEU,M2,52023.27,157.17
"TELHA ONDULADA EM ACO ZINCADO, ALTURA DE 17 MM, ESPESSURA DE 0,50 MM, LARGURA UTIL DE APROXIMADAMENTE 985 MM, SEM PINTURA",14189769,289,PERDEU,M2,12999.22,44.98
"TELHA TRAPEZOIDAL EM ACO ZINCADO, SEM PINTURA, ALTURA DE APROXIMADAMENTE 40 MM, ESPESSURA DE 0,50 MM E LARGURA UTIL DE 980 MM",14189770,282,PERDEU,M2,13251.18,46.99
"TERMINAL A COMPRESSAO EM COBRE ESTANHADO PARA CABO 10 MM2, 1 FURO E 1 COMPRESSAO, PARA PARAFUSO DE FIXACAO M6",14189771,246,PERDEU,UN,378.84,1.54
"TERMINAL A COMPRESSAO EM COBRE ESTANHADO PARA CABO 16 MM2, 1 FURO E 1 COMPRESSAO, PARA PARAFUSO DE FIXACAO M6",14189772,246,PERDEU,UN,447.72,1.82
"TERMINAL A COMPRESSAO EM COBRE ESTANHADO PARA CABO 2,5 MM2, 1 FURO E 1 COMPRESSAO, PARA PARAFUSO DE FIXACAO M5",14189773,1096,PERDEU,UN,1008.32,0.92
"TERMINAL A COMPRESSAO EM COBRE ESTANHADO PARA CABO 25 MM2, 1 FURO E 1 COMPRESSAO, PARA PARAFUSO DE FIXACAO M8",14189774,596,PERDEU,UN,1507.88,2.53
"TERMINAL A COMPRESSAO EM COBRE ESTANHADO PARA CABO 35 MM2, 1 FURO E 1 COMPRESSAO, PARA PARAFUSO DE FIXACAO M8",14189775,496,PERDEU,UN,1408.64,2.84
"TERMINAL A COMPRESSAO EM COBRE ESTANHADO PARA CABO 4 MM2, 1 FURO E 1 COMPRESSAO, PARA PARAFUSO DE FIXACAO M5",14189776,996,PERDEU,UN,1185.24,1.19
"TERMINAL A COMPRESSAO EM COBRE ESTANHADO PARA CABO 50 MM2, 1 FURO E 1 COMPRESSAO, PARA PARAFUSO DE FIXACAO M8",14189777,316,PERDEU,UN,1557.88,4.93
"TERMINAL A COMPRESSAO EM COBRE ESTANHADO PARA CABO 6 MM2, 1 FURO E 1 COMPRESSAO, PARA PARAFUSO DE FIXACAO M6",14189778,846,PERDEU,UN,1201.32,1.42
"TERMINAL METALICO A PRESSAO 1 CABO, PARA CABOS DE 4 A 10 MM2, COM 2 FUROS PARA FIXACAO",14189779,131,PERDEU,UN,2751,21
"TERMINAL METALICO A PRESSAO PARA 1 CABO DE 16 A 25 MM2, COM 2 FUROS PARA FIXACAO",14189780,126,PERDEU,UN,3211.74,25.49
"TERMINAL METALICO A PRESSAO PARA 1 CABO DE 16 MM2, COM 1 FURO DE FIXACAO",14189781,321,PERDEU,UN,1582.53,4.93
"TERMINAL METALICO A PRESSAO PARA 1 CABO DE 25 A 35 MM2, COM 2 FUROS PARA FIXACAO",14189782,112,PERDEU,UN,3915.52,34.96
"TERMINAL METALICO A PRESSAO PARA 1 CABO DE 25 MM2, COM 1 FURO DE FIXACAO",14189783,271,PERDEU,UN,1693.75,6.25
"TERMINAL METALICO A PRESSAO PARA 1 CABO DE 35 MM2, COM 1 FURO DE FIXACAO",14189784,262,PERDEU,UN,1666.32,6.36
"TERMINAL METALICO A PRESSAO PARA 1 CABO DE 50 MM2, COM 1 FURO DE FIXACAO",14189786,221,PERDEU,UN,1929.33,8.73
"TERMINAL METALICO A PRESSAO PARA 1 CABO DE 6 A 10 MM2, COM 1 FURO DE FIXACAO",14189787,321,PERDEU,UN,1614.63,5.03
"TESOURA EUCALIPTO TRATADO PARA TELHADO",14189789,910,PERDEU,ML,48120.8,52.88
"THINNER PARA EPÓXI 900ML",14189790,285,PERDEU,UND,12614.1,44.26
"THINNER PARA LIMPEZA 5 LT",14189791,335,DESCLASSIFICADO_LANCE,UND,26059.65,77.79
"THINNER PARA LIMPEZA 900 ML",14189792,265,DESCLASSIFICADO_LANCE,UND,5095.95,19.23
"TIJOLO CERAMICO MACICO COMUM *5 X 10 X 20* CM (L X A X C)",14189793,5400,PERDEU,UN,4374,0.81
"TIJOLO CERAMICO REFRATARIO 2,5 X 11,4 X 22,9 CM (L X A X C)",14189794,8825,PERDEU,UN,30887.5,3.5
"TIJOLO CERAMICO REFRATARIO 6,3 X 11,4 X 22,9 CM (L X A X C)",14189795,10369,PERDEU,UN,69368.61,6.69
"TIJOLO CERAMICO REFRATARIO 6,3 X 11,4 X 22,9 CM (L X A X C)",14193255,3456,PERDEU,UN,23120.64,6.69
"TINTA ACRÍLICA BRANCO FOSCO 18LT",14189796,206,PERDEU,BLD,57150.58,277.43
"TINTA ACRÍLICA BRANCO FOSCO 3,6LT",14189797,217,PERDEU,GL,12039.16,55.48
"TINTA ACRÍLICA FOSCO PREMIUM 18 LT CORES PRONTAS (REF. DE CORES TABELA ANJO TINTAS)",14189799,264,PERDEU,BLD,75044.64,284.26
"TINTA ACRÍLICA FOSCO PREMIUM 18 LT CORES PRONTAS (REF. DE CORES TABELA ANJO TINTAS)",14193321,87,PERDEU,BLD,24730.62,284.26
"TINTA ACRÍLICA FOSCO COR VERMELHO CARDINAL 18LT",14189798,148,PERDEU,BLD,72308.36,488.57
"TINTA ACRÍLICA FOSCO COR VERMELHO CARDINAL 18LT",14193323,49,PERDEU,BLD,23939.93,488.57
"TINTA ACRÍLICA FOSCO PREMIUM 3,6 LT CORES PRONTAS (REF. DE CORES TABELA ANJO TINTAS)",14189800,322,PERDEU,GL,18302.48,56.84
"TINTA ACRÍLICA FOSCO PREMIUM COR PALHA 18LT",14189801,153,PERDEU,BLD,64859.76,423.92
"TINTA ACRÍLICA FOSCO PREMIUM COR PALHA 18LT",14193324,51,PERDEU,BLD,21619.92,423.92
"TINTA ACRÍLICA FOSCO PREMIUM COR PALHA 3,6LT",14189802,217,PERDEU,GL,18399.43,84.79
"TINTA ACRÍLICA SEMI BRILHO COR BRANCO 18 LT",14189803,154,PERDEU,BLD,61310.48,398.12
"TINTA ACRÍLICA SEMI BRILHO COR BRANCO 18 LT",14193325,51,PERDEU,BLD,20304.12,398.12
"TINTA ACRÍLICA SEMI BRILHO COR BRANCO 3,6 LT",14189804,212,PERDEU,GL,25395.48,119.79
"TINTA ACRÍLICA SEMI BRILHO COR PALHA 18LT",14189805,137,PERDEU,BLD,54542.44,398.12
"TINTA ACRÍLICA SEMI BRILHO COR PALHA 18LT",14193307,45,PERDEU,BLD,17915.4,398.12
"TINTA BRANCO DO TIPO FUNDO BASE ÓLEO 3,6LT",14189806,231,PERDEU,GL,23848.44,103.24
"TINTA EPÓXI 2,7 LT - CORES PRONTAS (REF. DE CORES TABELA ANJO TINTAS)",14189807,246,PERDEU,GL,46014.3,187.05
"TINTA EPOXI BASE ÁGUA COR BRANCA 3,6LT",14189808,201,PERDEU,GL,36276.48,180.48
"TINTA ESMALTE SINTÉTICA B. ÁGUA COR BRANCA 3,6LT",14189809,196,PERDEU,GL,48878.48,249.38
"TINTA ESMALTE SINTÉTICO 18 LT CORES PRONTAS (REF. DE CORES TABELA ANJO TINTAS)",14189810,145,PERDEU,BLD,71744.55,494.79
"TINTA ESMALTE SINTÉTICO 18 LT CORES PRONTAS (REF. DE CORES TABELA ANJO TINTAS)",14193305,48,PERDEU,BLD,23749.92,494.79
"TINTA ESMALTE SINTÉTICO 3,6 LT CORES PRONTAS (REF. DE CORES TABELA ANJO TINTAS)",14189811,200,PERDEU,GL,19790,98.95
"TINTA PREMIUM PARA PISO 18 LT CORES PRONTAS (REF. DE CORES TABELA ANJO TINTAS)",14189813,194,PERDEU,BLD,55146.44,284.26
"TINTA PREMIUM PARA PISO 3,6 LT CORES PRONTAS (REF. DE CORES TABELA ANJO TINTAS)",14189814,205,PERDEU,GL,11652.2,56.84
"TINTA SPRAY CORES OURO E PRATA",14189815,290,PERDEU,UND,7716.9,26.61
"TINTA SPRAY CORES PRONTAS EXCETO CORES OURO E PRATA",14189816,660,PERDEU,UND,12111,18.35
"TOMADA 2P+T 10A, 250V  (APENAS MODULO)",14189817,293,PERDEU,UN,2176.99,7.43
"TOMADA 2P+T 10A, 250V, CONJUNTO MONTADO PARA EMBUTIR 4"" X 2"" (PLACA + SUPORTE + MODULO)",14189818,263,PERDEU,UND,2293.36,8.72
"TORNEIRA DE BOIA CONVENCIONAL PARA CAIXA D'AGUA, AGUA FRIA, 1/2"", COM HASTE E TORNEIRA METALICOS E BALAO PLASTICO",14189819,181,PERDEU,UN,4843.56,26.76
"TORNEIRA DE BOIA CONVENCIONAL PARA CAIXA D'AGUA, AGUA FRIA, 3/4"", COM HASTE E TORNEIRA METALICOS E BALAO PLASTICO",14189820,156,PERDEU,UN,4506.84,28.89
"TORNEIRA DE MESA PARA LAVATORIO, METALICA CROMADA, COM MISTURADOR MONOCOMANDO, BICA BAIXA (REF 2875)",14189821,106,PERDEU,UN,34695.92,327.32
"TORNEIRA DE MESA PARA LAVATORIO, METALICA CROMADA, COM SENSOR DE APROXIMACAO ELETRICO, BIVOLT",14189822,54,PERDEU,UN,117387.9,2173.85
"TORNEIRA DE MESA PARA LAVATORIO, METALICA CROMADA, COM SENSOR DE APROXIMACAO ELETRICO, BIVOLT",14193302,18,PERDEU,UN,39129.3,2173.85
"TORNEIRA DE MESA/BANCADA, PARA LAVATORIO, FIXA, METALICA CROMADA, PADRAO POPULAR, 1/2 "" OU 3/4 "" (REF 1193)",14189823,161,PERDEU,UN,11490.57,71.37
"TORNEIRA DO TIPO JARDIM",14189824,294,PERDEU,UND,1658.16,5.64
"TORNEIRA ELETRICA DE PAREDE, BICA ALTA, PARA COZINHA, 5500 W (110/220 V)",14189825,118,PERDEU,UN,16882.26,143.07
"TORNEIRA METALICA CROMADA CANO CURTO, SEM BICO, SEM AREJADOR, DE PAREDE, PARA TANQUE E USO GERAL, 1/2 "" OU 3/4 "" (REF 1143)",14189826,165,PERDEU,UN,11903.1,72.14
"TORNEIRA METALICA CROMADA DE MESA PARA LAVATORIO, BICA ALTA, COM AREJADOR (REF 1195)",14189827,255,PERDEU,UN,35575.05,139.51
"TORNEIRA METALICA CROMADA DE MESA, PARA LAVATORIO, TEMPORIZADA PRESSAO FECHAMENTO AUTOMATICO, BICA BAIXA",14189828,330,PERDEU,UN,48371.4,146.58
"TORNEIRA METALICA CROMADA DE PAREDE LONGA PARA LAVATORIO, COM AREJADOR, ACIONAMENTO ALAVANCA, 1/4 DE VOLTA (REF 1178)",14189829,155,PERDEU,UN,28778.85,185.67
"TORNEIRA METALICA CROMADA DE PAREDE, PARA COZINHA, BICA MOVEL, COM AREJADOR, 1/2 "" OU 3/4 "" (REF 1167 / 1168)",14189830,160,PERDEU,UN,19776,123.6
"TORNEIRA METALICA CROMADA PARA JARDIM / TANQUE, COM BICO PLASTICO, CANO LONGO, DE PAREDE, PADRAO POPULAR / USO GERAL , 1/2 "" OU 3/4 "" (REF 1153 / 1130)",14189831,340,PERDEU,UN,19934.2,58.63
"TORNEIRA METALICA CROMADA PARA TANQUE / JARDIM, SEM BICO , CANO LONGO, DE PAREDE, PADRAO POPULAR / USO GERAL, 1/2 "" OU 3/4 "" (REF 1126)",14189832,205,PERDEU,UN,10174.15,49.63
"TORNEIRA METALICA CROMADA, CANO CURTO, COM AREJADOR, SEM BICO PLASTICO, DE PAREDE, PARA USO GERAL, 1/2 "" OU 3/4 "" (REF 1152 / 1154)",14189833,156,PERDEU,UN,11253.84,72.14
"TORNEIRA METALICA CROMADA, DE MESA/BANCADA, PARA COZINHA, BICA MOVEL, COM AREJADOR, 1/2 "" OU 3/4 "" (REF 1167 / 1168)",14189834,150,PERDEU,UN,18598.5,123.99
"TORNEIRA METALICA CROMADA, RETA, DE PAREDE, PARA COZINHA, COM AREJADOR, PADRAO POPULAR, 1/2 "" OU 3/4 "" (REF 1159 / 1160)",14189835,115,PERDEU,UN,10798.5,93.9
"TORNEIRA PLASTICA DE BOIA CONVENCIONAL PARA CAIXA DE AGUA, AGUA FRIA, 3/4 "", COM HASTE METALICA E COM TORNEIRA E BALAO PLASTICOS (PADRAO POPULAR)",14189836,185,PERDEU,UN,3102.45,16.77
"TORNEIRA PLASTICA DE BOIA PARA CAIXA DE DESCARGA,  1/2"", BALAO E TORNEIRA PLASTICOS, COM HASTE METALICA",14189837,340,PERDEU,UN,2400.4,7.06
"TORNEIRA PLASTICA DE MESA, BICA MOVEL, PARA COZINHA 1/2 """,14189838,158,PERDEU,UN,3752.5,23.75
"TORNEIRA PLASTICA PARA TANQUE 1/2 "" OU 3/4 "" COM BICO PARA MANGUEIRA",14189839,165,PERDEU,UN,2356.2,14.28
"TRENA 3M",14189840,144,PERDEU,UND,1573.92,10.93
"TRENA 5M",14189841,179,PERDEU,UND,2738.7,15.3
"TUBO ACO GALVANIZADO COM COSTURA, CLASSE MEDIA, DN 1"", E = 3,38 MM, PESO 2,50 KG/M (NBR 5580)",14189842,155,PERDEU,M,4955.35,31.97
"TUBO ACO GALVANIZADO COM COSTURA, CLASSE MEDIA, DN 1.1/2"", E = *3,25* MM, PESO *3,61* KG/M (NBR 5580)",14189843,173,PERDEU,M,8103.32,46.84
"TUBO ACO GALVANIZADO COM COSTURA, CLASSE MEDIA, DN 1.1/4"", E = *3,25* MM, PESO *3,14* KG/M (NBR 5580)",14189844,173,PERDEU,M,6973.63,40.31
"TUBO ACO GALVANIZADO COM COSTURA, CLASSE MEDIA, DN 1/2"", E = *2,65* MM, PESO *1,22* KG/M (NBR 5580)",14189845,200,PERDEU,M,4310,21.55
"TUBO ACO GALVANIZADO COM COSTURA, CLASSE MEDIA, DN 2"", E = *3,65* MM, PESO *5,10* KG/M (NBR 5580)",14189847,180,PERDEU,M,12157.2,67.54
"TUBO ACO GALVANIZADO COM COSTURA, CLASSE MEDIA, DN 2.1/2"", E = *3,65* MM, PESO *6,51* KG/M (NBR 5580)",14189848,177,PERDEU,M,14836.14,83.82
"TUBO ACO GALVANIZADO COM COSTURA, CLASSE MEDIA, DN 3"", E = *4,05* MM, PESO *8,47* KG/M (NBR 5580)",14189849,153,PERDEU,M,17256.87,112.79
"TUBO ACO GALVANIZADO COM COSTURA, CLASSE MEDIA, DN 3/4"", E = *2,65* MM, PESO *1,58* KG/M (NBR 5580)",14189850,180,PERDEU,M,3879,21.55
"TUBO ACO GALVANIZADO COM COSTURA, CLASSE MEDIA, DN 4"", E = 4,50* MM, PESO 12,10* KG/M (NBR 5580)",14189851,152,PERDEU,M,23611.68,155.34
"TUBO CPVC SOLDAVEL, 35 MM, AGUA QUENTE PREDIAL (NBR 15884)",14189852,143,PERDEU,M,6419.27,44.89
"TUBO CPVC, SOLDAVEL, 15 MM, AGUA QUENTE PREDIAL (NBR 15884)",14189853,140,PERDEU,M,1748.6,12.49
"TUBO CPVC, SOLDAVEL, 22 MM, AGUA QUENTE PREDIAL (NBR 15884)",14189854,140,PERDEU,M,2791.6,19.94
"TUBO CPVC, SOLDAVEL, 28 MM, AGUA QUENTE PREDIAL (NBR 15884)",14189855,140,PERDEU,M,4811.8,34.37
"TUBO CPVC, SOLDAVEL, 42 MM, AGUA QUENTE PREDIAL (NBR 15884)",14189856,140,PERDEU,M,8412.6,60.09
"TUBO DE COBRE CLASSE ""A"", DN = 1/2 "" (15 MM), PARA INSTALACOES DE MEDIA PRESSAO PARA GASES COMBUSTIVEIS E MEDICINAIS",14189857,146,PERDEU,M,5648.74,38.69
"TUBO DE COBRE CLASSE ""A"", DN = 3/4 "" (22 MM), PARA INSTALACOES DE MEDIA PRESSAO PARA GASES COMBUSTIVEIS E MEDICINAIS",14189858,140,PERDEU,M,8764,62.6
"TUBO DE COBRE CLASSE ""A"", DN = 4 "" (104 MM), PARA INSTALACOES DE MEDIA PRESSAO PARA GASES COMBUSTIVEIS E MEDICINAIS",14189859,71,PERDEU,M,42249.97,595.07
"TUBO DE COBRE FLEXIVEL, D = 1/2 "", E = 0,79 MM, PARA AR-CONDICIONADO/ INSTALACOES GAS RESIDENCIAIS E COMERCIAIS",14189860,215,PERDEU,M,7079.95,32.93
"TUBO DE COBRE FLEXIVEL, D = 1/4 "", E = 0,79 MM, PARA AR-CONDICIONADO/ INSTALACOES GAS RESIDENCIAIS E COMERCIAIS",14189861,235,PERDEU,M,3708.3,15.78
"TUBO DE COBRE FLEXIVEL, D = 3/16 "", E = 0,79 MM, PARA AR-CONDICIONADO/ INSTALACOES GAS RESIDENCIAIS E COMERCIAIS",14189862,275,PERDEU,M,2959,10.76
"TUBO DE COBRE FLEXIVEL, D = 3/4 "", E = 0,79 MM, PARA AR-CONDICIONADO/ INSTALACOES GAS RESIDENCIAIS E COMERCIAIS",14189864,235,PERDEU,M,11639.55,49.53
"TUBO DE COBRE FLEXIVEL, D = 3/8 "", E = 0,79 MM, PARA AR-CONDICIONADO/ INSTALACOES GAS RESIDENCIAIS E COMERCIAIS",14189865,250,PERDEU,M,6070,24.28
"TUBO DE COBRE FLEXIVEL, D = 5/16 "", E = 0,79 MM, PARA AR-CONDICIONADO/ INSTALACOES GAS RESIDENCIAIS E COMERCIAIS",14189866,255,PERDEU,M,4947,19.4
"TUBO DE COBRE FLEXIVEL, D = 5/8 "", E = 0,79 MM, PARA AR-CONDICIONADO/ INSTALACOES GAS RESIDENCIAIS E COMERCIAIS",14189867,235,PERDEU,M,9625.6,40.96
"TUBO DE CONCRETO SIMPLES PARA AGUAS PLUVIAIS, CLASSE PS1, COM ENCAIXE MACHO E FEMEA, DIAMETRO NOMINAL DE 200 MM",14189868,190,PERDEU,M,3887.4,20.46
"TUBO DE CONCRETO SIMPLES PARA AGUAS PLUVIAIS, CLASSE PS1, COM ENCAIXE MACHO E FEMEA, DIAMETRO NOMINAL DE 300 MM",14189869,190,PERDEU,M,5443.5,28.65
"TUBO DE CONCRETO SIMPLES POROSO PARA DRENAGEM (DRENO POROSO), COM ENCAIXE MACHO E FEMEA, DIAMETRO NOMINAL DE 200 MM",14189870,290,PERDEU,M,6206,21.4
"TUBO DE CONCRETO SIMPLES POROSO PARA DRENAGEM (DRENO POROSO), COM ENCAIXE MACHO E FEMEA, DIAMETRO NOMINAL DE 300 MM",14189871,275,PERDEU,M,7678,27.92
"TUBO PPR, CLASSE PN 25, DN 20 MM, PARA AGUA QUENTE E FRIA PREDIAL",14189872,343,PERDEU,M,3032.12,8.84
"TUBO PPR, CLASSE PN 25, DN 25 MM, PARA AGUA QUENTE E FRIA PREDIAL",14189873,308,PERDEU,M,3766.84,12.23
"TUBO PPR, CLASSE PN 25, DN 32 MM, PARA AGUA QUENTE E FRIA PREDIAL",14189874,368,PERDEU,M,6020.48,16.36
"TUBO PPR, CLASSE PN 25, DN 40 MM, PARA AGUA QUENTE E FRIA PREDIAL",14189875,363,PERDEU,M,8566.8,23.6
"TUBO PPR, CLASSE PN 25, DN 50 MM, PARA AGUA QUENTE E FRIA PREDIAL",14189876,348,PERDEU,M,12980.4,37.3
"TUBO PVC  SERIE NORMAL, DN 100 MM, PARA ESGOTO  PREDIAL (NBR 5688)",14189877,413,PERDEU,M,5497.03,13.31
"TUBO PVC  SERIE NORMAL, DN 150 MM, PARA ESGOTO  PREDIAL (NBR 5688)",14189878,343,PERDEU,M,11936.4,34.8
"TUBO PVC ROSCAVEL, 3/4"",  AGUA FRIA PREDIAL",14189880,395,PERDEU,M,3645.85,9.23
"TUBO PVC SERIE NORMAL, DN 50 MM, PARA ESGOTO PREDIAL (NBR 5688)",14189881,413,PERDEU,M,3968.93,9.61
"TUBO PVC SERIE NORMAL, DN 75 MM, PARA ESGOTO PREDIAL (NBR 5688)",14189882,385,PERDEU,M,4851,12.6
"TUBO PVC, FLEXIVEL, CORRUGADO, PERFURADO, DN 110 MM, PARA DRENAGEM, SISTEMA IRRIGACAO",14189883,360,PERDEU,M,11437.2,31.77
"TUBO PVC, FLEXIVEL, CORRUGADO, PERFURADO, DN 65 MM, PARA DRENAGEM, SISTEMA IRRIGACAO",14189884,435,PERDEU,M,10044.15,23.09
"TUBO PVC, RIGIDO, CORRUGADO, PERFURADO, DN 150 MM, PARA DRENAGEM, SISTEMA IRRIGACAO",14189885,360,PERDEU,M,15303.6,42.51
"TUBO PVC, SERIE R, DN 100 MM, PARA ESGOTO OU AGUAS PLUVIAIS PREDIAIS (NBR 5688)",14189886,375,PERDEU,M,9401.25,25.07
"TUBO PVC, SERIE R, DN 150 MM, PARA ESGOTO OU AGUAS PLUVIAIS PREDIAIS (NBR 5688)",14189887,355,PERDEU,M,18800.8,52.96
"TUBO PVC, SERIE R, DN 40 MM, PARA ESGOTO OU AGUAS PLUVIAIS PREDIAIS (NBR 5688)",14189888,395,PERDEU,M,3211.35,8.13
"TUBO PVC, SERIE R, DN 50 MM, PARA ESGOTO OU AGUAS PLUVIAIS PREDIAIS (NBR 5688)",14189889,405,PERDEU,M,4637.25,11.45
"TUBO PVC, SERIE R, DN 75 MM, PARA ESGOTO OU AGUAS PLUVIAIS PREDIAIS (NBR 5688)",14189890,405,PERDEU,M,8411.85,20.77
"TUBO PVC, SOLDAVEL, DN 20 MM, AGUA FRIA (NBR-5648)",14189891,580,PERDEU,M,1937.2,3.34
"TUBO PVC, SOLDAVEL, DN 25 MM, AGUA FRIA (NBR-5648)",14189892,530,PERDEU,M,2003.4,3.78
"TUBO PVC, SOLDAVEL, DN 32 MM, AGUA FRIA (NBR-5648)",14189893,430,PERDEU,M,3495.9,8.13
"TUBO PVC, SOLDAVEL, DN 40 MM, AGUA FRIA (NBR-5648)",14189894,420,PERDEU,M,5367.6,12.78
"TUBO PVC, SOLDAVEL, DN 50 MM, PARA AGUA FRIA (NBR-5648)",14189895,410,PERDEU,M,5744.1,14.01
"TUBO PVC, SOLDAVEL, DN 60 MM, AGUA FRIA (NBR-5648)",14189896,375,PERDEU,M,8643.75,23.05
"UNIAO DUPLA PPR DN 20 MM, PARA AGUA QUENTE PREDIAL",14189897,180,PERDEU,UN,2241,12.45
"UNIAO DUPLA PPR DN 25 MM, PARA AGUA QUENTE PREDIAL",14189898,155,PERDEU,UN,3007,19.4
"UNIAO PVC, SOLDAVEL, 20 MM,  PARA AGUA FRIA PREDIAL",14189899,210,PERDEU,UN,1262.1,6.01
"UNIAO PVC, SOLDAVEL, 25 MM,  PARA AGUA FRIA PREDIAL",14189900,190,PERDEU,UND,1377.5,7.25
"UNIAO PVC, SOLDAVEL, 32 MM,  PARA AGUA FRIA PREDIAL",14189901,165,PERDEU,UN,2014.65,12.21
"UNIAO PVC, SOLDAVEL, 40 MM,  PARA AGUA FRIA PREDIAL",14189902,145,PERDEU,UN,3406.05,23.49
"UNIAO PVC, SOLDAVEL, 50 MM,  PARA AGUA FRIA PREDIAL",14189903,145,PERDEU,UN,3636.6,25.08
"UNIAO PVC, SOLDAVEL, 60 MM,  PARA AGUA FRIA PREDIAL",14189905,108,PERDEU,UN,7047,65.25
"UNIAO, CPVC, SOLDAVEL, 15 MM, PARA AGUA QUENTE PREDIAL",14189906,195,PERDEU,UN,3049.8,15.64
"UNIAO, CPVC, SOLDAVEL, 22 MM, PARA AGUA QUENTE PREDIAL",14189907,180,PERDEU,UN,3105,17.25
"UNIAO, CPVC, SOLDAVEL, 28 MM, PARA AGUA QUENTE PREDIAL",14189908,145,PERDEU,UN,3330.65,22.97
"UNIAO, CPVC, SOLDAVEL, 35 MM, PARA AGUA QUENTE PREDIAL",14189909,125,PERDEU,UN,4455,35.64
"UNIAO, CPVC, SOLDAVEL, 42 MM, PARA AGUA QUENTE PREDIAL",14189910,105,PERDEU,UN,5677.35,54.07
"VALVULA DE DESCARGA EM METAL CROMADO PARA MICTORIO COM ACIONAMENTO POR PRESSAO E FECHAMENTO AUTOMATICO",14189911,104,PERDEU,UN,19474,187.25
"VALVULA DE DESCARGA METALICA, BASE 1 1/2 "" E ACABAMENTO METALICO CROMADO",14189912,216,PERDEU,UND,46984.32,217.52
"VALVULA DE DESCARGA METALICA, BASE 1 1/4 "" E ACABAMENTO METALICO CROMADO",14189913,96,PERDEU,UN,16917.12,176.22
"VALVULA DE RETENCAO HORIZONTAL, DE BRONZE (PN-25), 1"", 400 PSI, TAMPA DE PORCA DE UNIAO, EXTREMIDADES COM ROSCA",14189914,52,PERDEU,UN,7045.48,135.49
"VALVULA DE RETENCAO HORIZONTAL, DE BRONZE (PN-25), 1/2"", 400 PSI, TAMPA DE PORCA DE UNIAO, EXTREMIDADES COM ROSCA",14189915,70,PERDEU,UN,5757.5,82.25
"VALVULA DE RETENCAO HORIZONTAL, DE BRONZE (PN-25), 3/4"", 400 PSI, TAMPA DE PORCA DE UNIAO, EXTREMIDADES COM ROSCA",14189916,65,PERDEU,UN,6479.2,99.68
"VALVULA EM METAL CROMADO PARA LAVATORIO, 1 "" SEM LADRAO",14189917,96,PERDEU,UN,3446.4,35.9
"VALVULA EM METAL CROMADO PARA PIA AMERICANA 3.1/2 X 1.1/2 """,14189918,70,PERDEU,UN,3433.5,49.05
"VALVULA EM PLASTICO BRANCO COM SAIDA LISA PARA TANQUE 1.1/4 "" X 1.1/2 """,14189919,170,PERDEU,UN,1251.2,7.36
"VALVULA EM PLASTICO BRANCO PARA LAVATORIO 1 "", SEM UNHO, COM LADRAO",14189920,170,PERDEU,UN,1082.9,6.37
"VALVULA EM PLASTICO BRANCO PARA TANQUE 1.1/4 "" X 1.1/2 "", SEM UNHO E SEM LADRAO",14189921,285,PERDEU,UN,1251.15,4.39
"VALVULA EM PLASTICO BRANCO PARA TANQUE OU LAVATORIO 1 "", SEM UNHO E SEM LADRAO",14189922,285,PERDEU,UN,1558.95,5.47
"VALVULA EM PLASTICO CROMADO PARA LAVATORIO 1 "", SEM UNHO, COM LADRAO",14189923,270,PERDEU,UN,2106,7.8
"VALVULA EM PLASTICO CROMADO TIPO AMERICANA PARA PIA DE COZINHA 3.1/2 "" X 1.1/2 "", SEM ADAPTADOR",14189924,110,PERDEU,UN,1976.7,17.97
"VARA FINA PARA CREMONA, EM FERRO ZINCADO BRANCO, COM DIAMETRO DE APROX 10 MM E COMPRIMENTO DE 1,20 M",14189925,98,PERDEU,UN,1770.86,18.07
"VARA FINA PARA CREMONA, EM FERRO ZINCADO BRANCO, COM DIAMETRO DE APROX 10 MM E COMPRIMENTO DE 1,50 M",14189926,98,PERDEU,UN,2047.22,20.89
"VARAL DE CHÃO DE METAL SANFONADO COM ABAS",14189927,88,PERDEU,UN,11483.12,130.49
"VARIADOR DE VELOCIDADE PARA VENTILADOR 127V, 150W + 2 INTERRUPTORES PARALELOS, PARA REVERSAO E LAMPADA, CONJUNTO MONTADO PARA EMBUTIR 4"" X 2"" (PLACA + SUPORTE + MODULOS)",14189928,59,PERDEU,UN,2870.94,48.66
"VASSOURA 40 CM COM CABO",14189929,228,PERDEU,UN,3926.16,17.22
"VASSOURA DE NYLON DOMÉSTICA COM CABO",14189930,418,PERDEU,UND,10278.62,24.59
"VASSOURA DE PALHA",14189931,403,PERDEU,UND,14266.2,35.4
"VASSOURA DO TIPO GARI 45CM",14189932,360,PERDEU,UND,8305.2,23.07
"VERGALHAO ZINCADO ROSCA TOTAL, 1/4 "" (6,3 MM)",14189934,1470,PERDEU,M,5321.4,3.62
"VERNIZ 3,6 LT CORES PRONTAS",14189936,250,PERDEU,GL,34522.5,138.09
"VERNIZ 900ML CORES PRONTAS",14189937,275,PERDEU,GL,9721.25,35.35
"VERNIZ COPAL BRILHO 3,6 LT",14189938,117,PERDEU,GL,10786.23,92.19
"VERNIZ IMPREGNANTE STAIN PARA MADEIRA 3,6 LT CORES PRONTAS",14189939,117,PERDEU,GL,20246.85,173.05
"ZARCÃO UNIVERSAL (FUNDO ANTICORROSIVO P FERRO) 3,6LT",14189940,169,PERDEU,GL,17946.11,106.19
"CABO DE COBRE, FLEXIVEL, CLASSE 4 OU 5, ISOLACAO EM PVC/A, ANTICHAMA BWF-B, 1 CONDUTOR, 450/750 V, SECAO NOMINAL 6 MM2",14189941,3625,PERDEU,M,15333.75,4.23
"CADEADO SIMPLES, CORPO EM LATAO MACICO, COM LARGURA DE 50 MM",14189942,167,PERDEU,UN,6898.77,41.31
"INTERRUPTOR PARALELO 10A, 250V, CONJUNTO MONTADO PARA EMBUTIR 4"" X 2"" (PLACA + SUPORTE + MODULO)",14189943,180,PERDEU,UN,1639.8,9.11
"INTERRUPTOR PARALELO + TOMADA 2P+T 10A, 250V, CONJUNTO MONTADO PARA EMBUTIR 4"" X 2"" (PLACA + SUPORTE + MODULOS)",14189944,180,PERDEU,UN,2815.2,15.64
"SIFAO EM METAL CROMADO PARA TANQUE, 1.1/4 X 1.1/2 """,14189945,74,PERDEU,UN,11257.62,152.13
"CHAVE DE FENDA",14189946,145,PERDEU,UN,1003.4,6.92
"Chave Phillips 3/16 X 3"" isolada",14189947,190,PERDEU,PC,1155.2,6.08
"CURVA PVC LONGA 90 GRAUS, 100 MM, PARA ESGOTO PREDIAL",14189948,188,PERDEU,UN,9787.28,52.06
"CURVA PVC LONGA 90 GRAUS, 40 MM, PARA ESGOTO PREDIAL",14189949,256,PERDEU,UND,1582.08,6.18
"CURVA PVC LONGA 90 GRAUS, 50 MM, PARA ESGOTO PREDIAL",14189950,256,PERDEU,UND,3128.32,12.22
"CURVA PVC LONGA 90 GRAUS, 75 MM, PARA ESGOTO PREDIAL",14189951,171,PERDEU,UND,6802.38,39.78
"TOMADA 2P+T 10A, 250V, CONJUNTO MONTADO PARA SOBREPOR 4"" X 2"" (CAIXA + MODULO)",14189952,195,PERDEU,UND,2591.55,13.29
"TOMADA 2P+T 20A 250V, CONJUNTO MONTADO PARA EMBUTIR 4"" X 2"" (PLACA + SUPORTE + MODULO)  BRANCA",14189953,195,PERDEU,PÇA,2944.5,15.1
"TOMADA 2P+T 20A, 250V  (APENAS MODULO)",14189954,270,PERDEU,UN,2562.3,9.49
"TOMADA INDUSTRIAL DE EMBUTIR 3P+T 30 A, 440 V, COM TRAVA, COM PLACA",14189955,166,PERDEU,UN,7129.7,42.95
"TOMADA INDUSTRIAL DE EMBUTIR 3P+T 30 A, 440 V, COM TRAVA, SEM PLACA",14189956,166,PERDEU,UN,6718.02,40.47
"TOMADA PARA ANTENA DE TV, CABO COAXIAL DE 9 MM, CONJUNTO MONTADO PARA EMBUTIR 4"" X 2"" (PLACA + SUPORTE + MODULO)",14189957,190,PERDEU,UN,2802.5,14.75
"TOMADAS (2 MODULOS) 2P+T 10A, 250V, CONJUNTO MONTADO PARA EMBUTIR 4"" X 2"" (PLACA + SUPORTE + MODULOS)",14189958,195,PERDEU,UND,3301.35,16.93
"RODA de pneu de carrinho de mão pneu/câmera 3,25/8",14189959,66,PERDEU,UND,3612.18,54.73
"LIMPA OBRA - desincrustante ácido, removedor de argamassas, respingos sobre piso, paredes, gessos e revestimentos cerâmicos diversos. Àcido inorgânico de 12% à 15%. Galão de 5L",14189961,225,PERDEU,UND,8718.75,38.75
"Furadeira de Impacto",14189962,21,PERDEU,UND,20550.18,978.58
"ESMERILHADEIRA ANGULAR, DUPLA ISOLACAO, 220 V, 1400 W, ROTACAO MINIMA DE 2800 RPM E ROTACAO MAXIMA ENTRE 10000 E 11000 RPM",14189963,21,PERDEU,UND,11687.34,556.54
"FURADEIRA/PARAFUSADEIRA A BATERIA",14189964,22,PERDEU,UND,7002.38,318.29
"TELHA PP 75 TRANSLUCIDA ONDA BAIXA BR 5,00 X 1,10 IBRAP",14189965,111,PERDEU,UND,38005.29,342.39
"TELHA PP 75 TRANSLUCIDA ONDA BAIXA BR 6,00 X 1,10 IBRAP",14189966,113,PERDEU,UND,46220.39,409.03
"TELHA PP 75 TRANSLUCIDA ONDA BAIXA BR 7,00 X 1,10 IBRAP",14189967,115,PERDEU,UND,54938.95,477.73
"TELHA PP 75 TRANSLUCIDA ONDA BAIXA BR 2,44 X 0,50 IBRAP",14189968,140,PERDEU,UND,20556.2,146.83
"TELHA PP 75 TRANSLUCIDA ONDA BAIXA BR 4,00 X 1,10 IBRAP",14189969,145,PERDEU,UND,39814.1,274.58
"TELHA PP 75 TRANSLUCIDA ONDA BAIXA BR 1,83 X 0,50 IBRAP",14189970,145,PERDEU,UND,17108.55,117.99
"TELHA PP 75 TRANSLUCIDA ONDA BAIXA BR 2,13 X 0,50 IBRAP",14189971,145,PERDEU,UND,14700.1,101.38
"TELHA PP 75 TRANSLUCIDA ONDA BAIXA BR 1,22 X 0,50 IBRAP",14189972,145,PERDEU,UND,12487.4,86.12
"TELHA PP 75 TRANSLUCIDA ONDA BAIXA BR 1,53 X 0,50 IBRAP",14189973,120,PERDEU,UND,11012.4,91.77
"TELHA PP 177 TRANSLUCIDA ONDA ALTA BR 2,13 X 1,10 IBRAP",14189974,120,PERDEU,UND,17524.8,146.04
"TELHA PP 177 TRANSLUCIDA ONDA ALTA BR 2,44 X 1.10 IBRAP",14189975,120,PERDEU,UND,20217.6,168.48
"TELHA PP 177 TRANSLUCIDA ONDA ALTA BR 1,22 X 1,10 IBRAP",14189976,120,PERDEU,UND,10064.4,83.87
"TELHA PP 177 TRANSLUCIDA ONDA ALTA BR 1,53 X 1,10 IBRAP",14189977,140,PERDEU,UND,14770,105.5
"TELHA PP 177 TRANSLUCIDA ONDA ALTA BR 1.83 X 1.10 IBRAP",14189978,115,PERDEU,UND,14521.05,126.27
"TELHA DE PVC TIPO COLONIAL ESPESSURA 2.0 MM NA COR CERÂMICA,  3 X1m  COM DISPOSITIVOS DE FIXAÇÃO (PARAFUSO, VENDANTE E TAMPA)",14189979,208,PERDEU,UND,326.56,1.57
"TELHA DE PVC TIPO COLONIAL ESPESSURA 2.0 MM NA COR CERÂMICA,  6X 1m  COM DISPOSITIVOS DE FIXAÇÃO (PARAFUSO, VENDANTE E TAMPA)",14189980,358,PERDEU,UND,311.46,0.87
"CUMEEIRA OU ESPIGÃO PARA TELHA DE DE PVC ONDULADA COLONIAL ONDULADA DE  2 MM COM DISPOSITIVOS DE FIXAÇÃO",14189981,810,PERDEU,UND,3458.7,4.27
