cnpjCpfVencedor,codigo,descricao,numero,participanteVencedor,quantidade,unidadeMedida,valorTotalReferencia,valorTotalVencedor,valorUnitarioReferencia,valorUnitarioVencedor
85.167.542/0001-06,3401024022,"AGUARRAZ 5 LT",69,"TRAMONTIN MATERIAIS DE CONSTRUCAO LTDA",215,UND,17116.15,13115,79.61,61
85.167.542/0001-06,3401023514,"CADEADO SIMPLES, CORPO EM LATAO MACICO, COM LARGURA DE 25 MM E ALTURA DE APROX 25 MM, HASTE CEMENTADA (NAO LONGA), EM ACO TEMPERADO COM DIAMETRO DE APROX 5,0 MM, INCLUINDO 2 CHAVES",232,"TRAMONTIN MATERIAIS DE CONSTRUCAO LTDA",265,UN,5888.3,3975,22.22,15
85.167.542/0001-06,3401023520,"CAIXA DE CONCRETO ARMADO PRE-MOLDADO, COM FUNDO E TAMPA, DIMENSOES DE 0,30 X 0,30 X 0,30 M",246,"TRAMONTIN MATERIAIS DE CONSTRUCAO LTDA",53,UN,9393.72,2120,177.24,40
85.167.542/0001-06,3401023521,"CAIXA DE CONCRETO ARMADO PRE-MOLDADO, COM FUNDO E TAMPA, DIMENSOES DE 0,40 X 0,40 X 0,40 M",247,"TRAMONTIN MATERIAIS DE CONSTRUCAO LTDA",38,UN,12375.84,1710,325.68,45
85.167.542/0001-06,3401024262,"PREGO DE AÇO POLIDO 25X72",818,"TRAMONTIN MATERIAIS DE CONSTRUCAO LTDA",1105,KG,43227.6,22100,39.12,20
80.954.852/0001-57,3401024040,"BARDELA EUCALIPTO 3,5 X 5 CM TRATADAA",141,"MADEIREIRA ITALIANA LTDA - EPP",4238,M,131249.5,10171.2,23.23,2.4
80.954.852/0001-57,3401024040,"BARDELA EUCALIPTO 3,5 X 5 CM TRATADAA",142,"MADEIREIRA ITALIANA LTDA - EPP",1412,M,131249.5,3388.8,23.23,2.4
80.954.852/0001-57,3401024157,"LINHA DE EUCALIPTO PARA ARMAÇÃO TRATADO",583,"MADEIREIRA ITALIANA LTDA - EPP",2360,ML,48285.6,12036,20.46,5.1
80.954.852/0001-57,3401023651,"MEIA CANA DE MADEIRA PINUS OU EQUIVALENTE DA REGIAO, ACABAMENTO PARA FORRO PAULISTA, *2,5 X 2,5* CM",661,"MADEIREIRA ITALIANA LTDA - EPP",3405,M,20566.2,13620,6.04,4
80.954.852/0001-57,3401024198,"MEIA-CANA PINUS TRATADO TAMANHO PADRÃO",662,"MADEIREIRA ITALIANA LTDA - EPP",2255,UND,31164.1,9809.25,13.82,4.35
80.954.852/0001-57,10367881,"Repartição de pinus encantilhada",877,"MADEIREIRA ITALIANA LTDA - EPP",357,M2,31416,11781,88,33
80.954.852/0001-57,10380156,"Repartição de pinus tratado encantilhada",878,"MADEIREIRA ITALIANA LTDA - EPP",457,M2,48442,20108,106,44
80.954.852/0001-57,3401024267,"RIPA EUCALIPTO TRATADO 1 X 2""",879,"MADEIREIRA ITALIANA LTDA - EPP",612,ML,2111.4,1468.8,3.45,2.4
80.954.852/0001-57,3401024281,"TÁBUA CAIXARIA DE PINUS 25/30",912,"MADEIREIRA ITALIANA LTDA - EPP",129,M3,294486.36,77400,1712.13,600
80.954.852/0001-57,3401024281,"TÁBUA CAIXARIA DE PINUS 25/30",913,"MADEIREIRA ITALIANA LTDA - EPP",43,M3,294486.36,25800,1712.13,600
80.954.852/0001-57,3401024282,"TÁBUA CAIXARIA DE PINUS 7/10/15/20",914,"MADEIREIRA ITALIANA LTDA - EPP",129,M3,254805.96,95460,1481.43,740
80.954.852/0001-57,3401024282,"TÁBUA CAIXARIA DE PINUS 7/10/15/20",915,"MADEIREIRA ITALIANA LTDA - EPP",43,M3,254805.96,31820,1481.43,740
80.954.852/0001-57,10298613,"Tacação de pinus para forro",916,"MADEIREIRA ITALIANA LTDA - EPP",2090,M,14316.5,4681.6,6.85,2.24
80.954.852/0001-57,3401024438,"TACAÇÃO DE PINUS TRATADO PARA FORRO",917,"MADEIREIRA ITALIANA LTDA - EPP",3040,ML,22344,8968,7.35,2.95
81.369.233/0001-68,3401023449,"BANDEJA DE PINTURA PARA ROLO 23 CM",138,"DZ - COMERCIO DE TINTAS LTDA",160,UN,1652.8,1392,10.33,8.7
81.369.233/0001-68,3401024071,"CATÁLISADOR EPÓXI 900ML",283,"DZ - COMERCIO DE TINTAS LTDA",162,UND,8161.56,6901.2,50.38,42.6
81.369.233/0001-68,3401024160,"LIXA EM FOLHA PARA FERRO, NUMERO 150",586,"DZ - COMERCIO DE TINTAS LTDA",370,UN,1576.2,1332,4.26,3.6
81.369.233/0001-68,3401024161,"LIXA EM FOLHA PARA PAREDE OU MADEIRA, NUMERO 120, COR VERMELHA",587,"DZ - COMERCIO DE TINTAS LTDA",620,UN,880.4,737.8,1.42,1.19
81.369.233/0001-68,3401024162,"LIXA EM ROLO PARA PAREDES GRAMATURA 180/80/100/150 (CONFORME NECESSIDADE)",588,"DZ - COMERCIO DE TINTAS LTDA",529,ROLO,88280.1,56074,125.22,106
81.369.233/0001-68,3401024162,"LIXA EM ROLO PARA PAREDES GRAMATURA 180/80/100/150 (CONFORME NECESSIDADE)",589,"DZ - COMERCIO DE TINTAS LTDA",176,ROLO,88280.1,18656,125.22,106
81.369.233/0001-68,3401024194,"MASSA ACRÍLICA 18 LT",649,"DZ - COMERCIO DE TINTAS LTDA",212,BLD,28984.64,24528.4,136.72,115.7
81.369.233/0001-68,3401023645,"MASSA ACRILICA PARA SUPERFICIES INTERNAS E EXTERNAS",650,"DZ - COMERCIO DE TINTAS LTDA",620,KG,4712,3968,7.6,6.4
81.369.233/0001-68,3401024195,"MASSA CORRIDA 18 KG",651,"DZ - COMERCIO DE TINTAS LTDA",293,BLD,22265.07,18839.9,75.99,64.3
81.369.233/0001-68,3401024196,"MASSA CORRIDA 6 KG",652,"DZ - COMERCIO DE TINTAS LTDA",168,BLD,4255.44,3477.6,25.33,20.7
81.369.233/0001-68,3401023646,"MASSA CORRIDA PARA SUPERFICIES DE AMBIENTES INTERNOS",653,"DZ - COMERCIO DE TINTAS LTDA",280,KG,1181.6,980,4.22,3.5
81.369.233/0001-68,3401024197,"MASSA TAPA FURO 340GR",655,"DZ - COMERCIO DE TINTAS LTDA",120,UND,5454,4584,45.45,38.2
81.369.233/0001-68,3401024276,"SELADOR EPÓXI 3,6 LT",893,"DZ - COMERCIO DE TINTAS LTDA",221,GL,119072.94,77350,405.01,350
81.369.233/0001-68,3401024276,"SELADOR EPÓXI 3,6 LT",894,"DZ - COMERCIO DE TINTAS LTDA",73,GL,119072.94,25550,405.01,350
81.369.233/0001-68,3401024278,"SOLVENTE EPÓXI 900ML",906,"DZ - COMERCIO DE TINTAS LTDA",711,UND,24742.8,21187.8,34.8,29.8
81.369.233/0001-68,3401024284,"THINNER PARA EPÓXI 900ML",1017,"DZ - COMERCIO DE TINTAS LTDA",285,UND,14432.4,11656.5,50.64,40.9
81.369.233/0001-68,3401024288,"TINTA ACRÍLICA BRANCO FOSCO 3,6LT",1025,"DZ - COMERCIO DE TINTAS LTDA",217,GL,13775.16,11501,63.48,53
81.369.233/0001-68,3401024290,"TINTA ACRÍLICA FOSCO PREMIUM 18 LT CORES PRONTAS (REF. DE CORES TABELA ANJO TINTAS)",1026,"DZ - COMERCIO DE TINTAS LTDA",264,BLD,114159.24,73656,325.24,279
81.369.233/0001-68,3401024290,"TINTA ACRÍLICA FOSCO PREMIUM 18 LT CORES PRONTAS (REF. DE CORES TABELA ANJO TINTAS)",1027,"DZ - COMERCIO DE TINTAS LTDA",87,BLD,114159.24,24273,325.24,279
81.369.233/0001-68,3401024292,"TINTA ACRÍLICA FOSCO PREMIUM COR PALHA 18LT",1031,"DZ - COMERCIO DE TINTAS LTDA",153,BLD,98948.16,62730,485.04,410
81.369.233/0001-68,3401024293,"TINTA ACRÍLICA FOSCO PREMIUM COR PALHA 3,6LT",1033,"DZ - COMERCIO DE TINTAS LTDA",217,GL,21051.17,17794,97.01,82
81.369.233/0001-68,3401024295,"TINTA ACRÍLICA SEMI BRILHO COR BRANCO 3,6 LT",1036,"DZ - COMERCIO DE TINTAS LTDA",212,GL,29056.72,24274,137.06,114.5
81.369.233/0001-68,3401024296,"TINTA ACRÍLICA SEMI BRILHO COR PALHA 18LT",1037,"DZ - COMERCIO DE TINTAS LTDA",137,BLD,82902.82,51649,455.51,377
81.369.233/0001-68,3401024296,"TINTA ACRÍLICA SEMI BRILHO COR PALHA 18LT",1038,"DZ - COMERCIO DE TINTAS LTDA",45,BLD,82902.82,16965,455.51,377
81.369.233/0001-68,3401024297,"TINTA BRANCO DO TIPO FUNDO BASE ÓLEO 3,6LT",1039,"DZ - COMERCIO DE TINTAS LTDA",231,GL,27285.72,23100,118.12,100
81.369.233/0001-68,3401024298,"TINTA EPÓXI 2,7 LT - CORES PRONTAS (REF. DE CORES TABELA ANJO TINTAS)",1040,"DZ - COMERCIO DE TINTAS LTDA",246,GL,52648.92,44280,214.02,180
81.369.233/0001-68,3401024301,"TINTA ESMALTE SINTÉTICO 18 LT CORES PRONTAS (REF. DE CORES TABELA ANJO TINTAS)",1043,"DZ - COMERCIO DE TINTAS LTDA",145,BLD,109261.16,69455,566.12,479
81.369.233/0001-68,3401024301,"TINTA ESMALTE SINTÉTICO 18 LT CORES PRONTAS (REF. DE CORES TABELA ANJO TINTAS)",1044,"DZ - COMERCIO DE TINTAS LTDA",48,BLD,109261.16,22992,566.12,479
81.369.233/0001-68,3401024302,"TINTA ESMALTE SINTÉTICO 3,6 LT CORES PRONTAS (REF. DE CORES TABELA ANJO TINTAS)",1045,"DZ - COMERCIO DE TINTAS LTDA",200,GL,22644,17800,113.22,89
81.369.233/0001-68,3401024304,"TINTA PREMIUM PARA PISO 3,6 LT CORES PRONTAS (REF. DE CORES TABELA ANJO TINTAS)",1047,"DZ - COMERCIO DE TINTAS LTDA",205,GL,13333.2,11275,65.04,55
81.369.233/0001-68,3401024367,"VERNIZ 900ML CORES PRONTAS",1165,"DZ - COMERCIO DE TINTAS LTDA",275,GL,11123.75,9350,40.45,34
81.369.233/0001-68,3401024366,"VERNIZ COPAL BRILHO 3,6 LT",1166,"DZ - COMERCIO DE TINTAS LTDA",117,GL,12341.16,10448.1,105.48,89.3
81.369.233/0001-68,3401024365,"VERNIZ IMPREGNANTE STAIN PARA MADEIRA 3,6 LT CORES PRONTAS",1167,"DZ - COMERCIO DE TINTAS LTDA",117,GL,23166,18603,198,159
85.290.245/0001-53,3401024035,"ASSOALHO PINUS TRATADO",129,"MADEZUCHI INDUSTRIA E COMERCIO DE MADEIRAS LTDA",200,M2,7400,5400,37,27
85.290.245/0001-53,3401023452,"BATENTE / PORTAL / ADUELA / MARCO EM MADEIRA MACICA COM REBAIXO, E = *3* CM, L = *14* CM, PARA PORTAS DE  GIRO DE *60 CM A 120* CM  X *210* CM, CEDRINHO / ANGELIM COMERCIAL / TAURI / CURUPIXA / PEROBA / CUMARU OU EQUIVALENTE DA REGIAO (NAO INCLUI ALIZARES)",145,"MADEZUCHI INDUSTRIA E COMERCIO DE MADEIRAS LTDA",178,JG,42652.36,32218,239.62,181
85.290.245/0001-53,3401023453,"BATENTE / PORTAL / ADUELA / MARCO EM MADEIRA MACICA COM REBAIXO, E = *3* CM, L = *14* CM, PARA PORTAS DE  GIRO DE *60 CM A 120* CM  X *210* CM, PINUS / EUCALIPTO / VIROLA OU EQUIVALENTE DA REGIAO (NAO INCLUI ALIZARES)",146,"MADEZUCHI INDUSTRIA E COMERCIO DE MADEIRAS LTDA",184,JG,27307.44,20792,148.41,113
85.290.245/0001-53,3401023454,"BATENTE / PORTAL / ADUELA / MARCO EM MADEIRA MACICA COM REBAIXO, E = *3* CM, L = *16* CM, PARA PORTAS DE  GIRO DE *60 CM A 120* CM  X *210* CM, CEDRINHO / ANGELIM COMERCIAL / TAURI / CURUPIXA / PEROBA / CUMARU OU EQUIVALENTE DA REGIAO (NAO INCLUI ALIZARES)",147,"MADEZUCHI INDUSTRIA E COMERCIO DE MADEIRAS LTDA",183,JG,58561.83,29316.6,320.01,160.2
85.290.245/0001-53,3401023455,"BATENTE / PORTAL / ADUELA / MARCO EM MADEIRA MACICA COM REBAIXO, E = *3* CM, L = *16* CM, PARA PORTAS DE  GIRO DE *60 CM A 120* CM  X *210* CM, PINUS / EUCALIPTO / VIROLA OU EQUIVALENTE DA REGIAO (NAO INCLUI ALIZARES)",148,"MADEZUCHI INDUSTRIA E COMERCIO DE MADEIRAS LTDA",183,JG,18391.5,13999.5,100.5,76.5
85.290.245/0001-53,3401020217,"CAIBRO 5 X 5 CM EM PINUS, MISTA OU EQUIVALENTE DA REGIAO - BRUTA",238,"MADEZUCHI INDUSTRIA E COMERCIO DE MADEIRAS LTDA",3265,M,18806.4,14202.75,5.76,4.35
85.290.245/0001-53,3401020216,"CAIBRO ROLICO DE MADEIRA TRATADA, D = 4 A 7 CM, H = 3,00 M, EM EUCALIPTO OU EQUIVALENTE DA REGIAO",239,"MADEZUCHI INDUSTRIA E COMERCIO DE MADEIRAS LTDA",1675,UND,40886.75,31155,24.41,18.6
85.290.245/0001-53,3401023594,"GUARNICAO / ALIZAR / VISTA LISA EM MADEIRA MACICA, PARA PORTA  , E = *1* CM, L = *5* CM, CEDRINHO / ANGELIM COMERCIAL / TAURI/ CURUPIXA / PEROBA / CUMARU OU EQUIVALENTE DA REGIAO",447,"MADEZUCHI INDUSTRIA E COMERCIO DE MADEIRAS LTDA",447,M,3888.9,2950.2,8.7,6.6
85.290.245/0001-53,3401023595,"GUARNICAO / ALIZAR / VISTA LISA EM MADEIRA MACICA, PARA PORTA , E = *1* CM, L = *5* CM,  PINUS /EUCALIPTO / VIROLA OU EQUIVALENTE DA REGIAO",448,"MADEZUCHI INDUSTRIA E COMERCIO DE MADEIRAS LTDA",447,M,2324.4,1765.65,5.2,3.95
85.290.245/0001-53,3401023966,"JANELA DE 6 FOLHAS DE CORRER EM MADEIRA CEDRINHO/ ANGELIM COMERCIAL/ CURUPIXA/ CUMARU OU EQUIVALENTE DA REGIAO, CAIXA DO BATENTE/MARCO *10* CM, 2 FOLHAS DE CORRER VENEZIANA, 2 FOLHAS FIXAS VENEZIANA E 2 FOLHAS DE CORRER PARA VIDRO, COM FERRAGENS (SEM VIDRO, SEM ACABAMENTO E SEM GUARNICAO/ALIZAR)",479,"MADEZUCHI INDUSTRIA E COMERCIO DE MADEIRAS LTDA",3,M²,4153.59,3165,1384.53,1055
85.290.245/0001-53,3401023967,"JANELA DE 6 FOLHAS DE CORRER EM MADEIRA IMBUIA/CEDRO ARANA/CEDRO ROSA OU EQUIVALENTE DA REGIAO, CAIXA DO BATENTE/MARCO *10* CM, 2 FOLHAS DE CORRER VENEZIANA, 2 FOLHAS FIXAS VENEZIANA E 2 FOLHAS DE CORRER PARA VIDRO, COM FERRAGENS (SEM VIDRO, SEM ACABAMENTO E SEM GUARNICAO/ALIZAR)",480,"MADEZUCHI INDUSTRIA E COMERCIO DE MADEIRAS LTDA",8,M²,14037.76,10698.4,1754.72,1337.3
85.290.245/0001-53,3401023968,"JANELA DE 6 FOLHAS DE CORRER EM MADEIRA PINUS/ EUCALIPTO/ TAUARI/ VIROLA OU  EQUIVALENTE DA REGIAO, CAIXA DO BATENTE/MARCO *10* CM, 2 FOLHAS DE CORRER VENEZIANA, 2 FOLHAS FIXAS VENEZIANA E 2 FOLHAS DE CORRER PARA VIDRO, COM FERRAGENS (SEM VIDRO, SEM ACABAMENTO E SEM GUARNICAO/ALIZAR)",481,"MADEZUCHI INDUSTRIA E COMERCIO DE MADEIRAS LTDA",3,M²,3236.55,2466.6,1078.85,822.2
85.290.245/0001-53,3401023969,"JANELA DE ABRIR EM MADEIRA IMBUIA/CEDRO ARANA/CEDRO ROSA OU EQUIVALENTE DA REGIAO, CAIXA DO BATENTE/MARCO *10* CM, 2 FOLHAS DE ABRIR TIPO VENEZIANA E 2 FOLHAS DE ABRIR PARA VIDRO, COM GUARNICAO/ALIZAR, COM FERRAGENS, (SEM VIDRO E SEM ACABAMENTO)",482,"MADEZUCHI INDUSTRIA E COMERCIO DE MADEIRAS LTDA",13,M²,18869.89,14381.12,1451.53,1106.24
85.290.245/0001-53,3401023970,"JANELA DE ABRIR EM MADEIRA PINUS/EUCALIPTO/ TAUARI/ VIROLA OU EQUIVALENTE DA REGIAO, CAIXA DO BATENTE/MARCO *10* CM, 2 FOLHAS DE ABRIR TIPO VENEZIANA E 2 FOLHAS GUILHOTINA PARA VIDRO, COM FERRAGENS (SEM VIDRO,SEM GUARNICAO/ALIZAR E SEM ACABAMENTO)",483,"MADEZUCHI INDUSTRIA E COMERCIO DE MADEIRAS LTDA",4,M²,3317.28,2528,829.32,632
85.290.245/0001-53,3401023717,"PORTA DE MADEIRA QUADRICULADA PARA VIDRO, DE CORRER (EUCALIPTO OU EQUIVALENTE REGIONAL), E = *3,5* CM",803,"MADEZUCHI INDUSTRIA E COMERCIO DE MADEIRAS LTDA",57,M2,22562.88,17194.05,395.84,301.65
85.290.245/0001-53,3401023718,"PORTA DE MADEIRA TIPO VENEZIANA (EUCALIPTO OU EQUIVALENTE REGIONAL), E = *3,5* CM",804,"MADEZUCHI INDUSTRIA E COMERCIO DE MADEIRAS LTDA",57,M2,37267.74,28397.4,653.82,498.2
85.290.245/0001-53,3401023725,"PORTA DE MADEIRA-DE-LEI QUADRICULADA PARA VIDRO, DE CORRER (ANGELIM OU EQUIVALENTE REGIONAL), E = *3,5* CM",811,"MADEZUCHI INDUSTRIA E COMERCIO DE MADEIRAS LTDA",57,M2,37267.74,28397.4,653.82,498.2
85.290.245/0001-53,3401023726,"PORTA DE MADEIRA-DE-LEI TIPO MEXICANA SEM EMENDA (ANGELIM OU EQUIVALENTE REGIONAL), E = *3,5* CM",812,"MADEZUCHI INDUSTRIA E COMERCIO DE MADEIRAS LTDA",54,M2,29322,22345.2,543,413.8
85.290.245/0001-53,3401023727,"PORTA DE MADEIRA-DE-LEI TIPO VENEZIANA (ANGELIM OU EQUIVALENTE REGIONAL), E = *3,5* CM",813,"MADEZUCHI INDUSTRIA E COMERCIO DE MADEIRAS LTDA",57,M2,21540.87,16416,377.91,288
85.290.245/0001-53,10373680,"prancha de eucalipto bruta seca",814,"MADEZUCHI INDUSTRIA E COMERCIO DE MADEIRAS LTDA",30,M3,45000,34290,1500,1143
85.290.245/0001-53,10380134,"prancha de eucalipto tratada seca",815,"MADEZUCHI INDUSTRIA E COMERCIO DE MADEIRAS LTDA",30,M3,72000,54870,2400,1829
85.290.245/0001-53,3401024436,"PRANCHA DE EUCALIPTO TRATADA SECA.",816,"MADEZUCHI INDUSTRIA E COMERCIO DE MADEIRAS LTDA",30,M3,72000,54870,2400,1829
82.695.370/0001-55,3401023280,"ABRACADEIRA DE LATAO PARA FIXACAO DE CABO PARA-RAIO, DIMENSOES 32 X 24 X 24 MM",1,"ROSAURA ELSA TALAMINI BORSATO - EPP",1260,UN,4939.2,4170.6,3.92,3.31
82.695.370/0001-55,3401019974,"ABRACADEIRA DE NYLON PARA AMARRACAO DE CABOS, COMPRIMENTO DE 200 X *4,6* MM",5,"ROSAURA ELSA TALAMINI BORSATO - EPP",4655,UND,1070.65,837.9,0.23,0.18
82.695.370/0001-55,3401019975,"ABRACADEIRA DE NYLON PARA AMARRACAO DE CABOS, COMPRIMENTO DE 390 X *4,6* MM",6,"ROSAURA ELSA TALAMINI BORSATO - EPP",2655,UND,3053.25,2548.8,1.15,0.96
82.695.370/0001-55,3401023296,"ABRACADEIRA EM ACO PARA AMARRACAO DE ELETRODUTOS, TIPO D, COM 1 1/2"" E CUNHA DE FIXACAO",7,"ROSAURA ELSA TALAMINI BORSATO - EPP",1585,UN,3740.6,3154.15,2.36,1.99
82.695.370/0001-55,3401023297,"ABRACADEIRA EM ACO PARA AMARRACAO DE ELETRODUTOS, TIPO D, COM 1 1/4"" E CUNHA DE FIXACAO",8,"ROSAURA ELSA TALAMINI BORSATO - EPP",1135,UN,2451.6,2065.7,2.16,1.82
82.695.370/0001-55,3401023298,"ABRACADEIRA EM ACO PARA AMARRACAO DE ELETRODUTOS, TIPO D, COM 1"" E CUNHA DE FIXACAO",9,"ROSAURA ELSA TALAMINI BORSATO - EPP",1435,UN,1922.9,1607.2,1.34,1.12
82.695.370/0001-55,3401023300,"ABRACADEIRA EM ACO PARA AMARRACAO DE ELETRODUTOS, TIPO D, COM 2 1/2"" E CUNHA DE FIXACAO",10,"ROSAURA ELSA TALAMINI BORSATO - EPP",1310,UN,1493.4,1270.7,1.14,0.97
82.695.370/0001-55,3401023302,"ABRACADEIRA EM ACO PARA AMARRACAO DE ELETRODUTOS, TIPO D, COM 3 1/2"" E CUNHA DE FIXACAO",11,"ROSAURA ELSA TALAMINI BORSATO - EPP",1015,UN,3156.65,2659.3,3.11,2.62
82.695.370/0001-55,3401023299,"ABRACADEIRA EM ACO PARA AMARRACAO DE ELETRODUTOS, TIPO D, COM 1/2"" E CUNHA DE FIXACAO",15,"ROSAURA ELSA TALAMINI BORSATO - EPP",1265,UN,1568.6,1328.25,1.24,1.05
82.695.370/0001-55,3401023301,"ABRACADEIRA EM ACO PARA AMARRACAO DE ELETRODUTOS, TIPO D, COM 2"" E CUNHA DE FIXACAO",16,"ROSAURA ELSA TALAMINI BORSATO - EPP",690,UN,3864,3263.7,5.6,4.73
82.695.370/0001-55,3401023311,"ABRACADEIRA EM ACO PARA AMARRACAO DE ELETRODUTOS, TIPO U SIMPLES, COM 1 1/2""",17,"ROSAURA ELSA TALAMINI BORSATO - EPP",1280,UN,1228.8,1011.2,0.96,0.79
82.695.370/0001-55,3401023312,"ABRACADEIRA EM ACO PARA AMARRACAO DE ELETRODUTOS, TIPO U SIMPLES, COM 1 1/4""",18,"ROSAURA ELSA TALAMINI BORSATO - EPP",1280,UN,1113.6,947.2,0.87,0.74
82.695.370/0001-55,3401023315,"ABRACADEIRA EM ACO PARA AMARRACAO DE ELETRODUTOS, TIPO U SIMPLES, COM 2 1/2""",21,"ROSAURA ELSA TALAMINI BORSATO - EPP",775,UN,1534.5,1302,1.98,1.68
82.695.370/0001-55,3401023317,"ABRACADEIRA EM ACO PARA AMARRACAO DE ELETRODUTOS, TIPO U SIMPLES, COM 3""",23,"ROSAURA ELSA TALAMINI BORSATO - EPP",775,UN,1798,1511.25,2.32,1.95
82.695.370/0001-55,3401023318,"ABRACADEIRA EM ACO PARA AMARRACAO DE ELETRODUTOS, TIPO U SIMPLES, COM 3/4""",24,"ROSAURA ELSA TALAMINI BORSATO - EPP",1875,UN,975,825,0.52,0.44
82.695.370/0001-55,3401023334,"ABRACADEIRA EM ACO PARA AMARRACAO DE ELETRODUTOS, TIPO U SIMPLES, COM 4""",25,"ROSAURA ELSA TALAMINI BORSATO - EPP",775,UN,2952.75,2495.5,3.81,3.22
82.695.370/0001-55,3401023335,"ACABAMENTO DE METAL CROMADO PARA REGISTRO PEQUENO, DE PAREDE, 1/2 "" OU 3/4 """,26,"ROSAURA ELSA TALAMINI BORSATO - EPP",276,UN,10968.24,9284.64,39.74,33.64
82.695.370/0001-55,3401023337,"ACO CA-25, 10,0 MM, OU 12,5 MM, OU 16,0 MM, OU 20,0 MM, OU 25,0 MM, VERGALHAO",28,"ROSAURA ELSA TALAMINI BORSATO - EPP",1745,KG,16717.1,14134.5,9.58,8.1
82.695.370/0001-55,3401023338,"ACO CA-25, 16,0 MM, BARRA DE TRANSFERENCIA",29,"ROSAURA ELSA TALAMINI BORSATO - EPP",1495,KG,13694.2,11586.25,9.16,7.75
82.695.370/0001-55,3401023340,"ACO CA-25, 25,0 MM, BARRA DE TRANSFERENCIA",31,"ROSAURA ELSA TALAMINI BORSATO - EPP",1475,KG,17228,14573,11.68,9.88
82.695.370/0001-55,3401023343,"ACO CA-50, 12,5 MM OU 16,0 MM, VERGALHAO",34,"ROSAURA ELSA TALAMINI BORSATO - EPP",1500,UN,11580,9795,7.72,6.53
82.695.370/0001-55,3401023344,"ACO CA-50, 20,0 MM OU 25,0 MM, VERGALHAO",35,"ROSAURA ELSA TALAMINI BORSATO - EPP",1540,KG,13721.4,11596.2,8.91,7.53
82.695.370/0001-55,3401023345,"ACO CA-50, 6,3 MM, VERGALHAO",36,"ROSAURA ELSA TALAMINI BORSATO - EPP",1500,KG,14130,10650,9.42,7.1
82.695.370/0001-55,3401023347,"ACO CA-60, 8,0 MM OU 9,5 MM, VERGALHAO",38,"ROSAURA ELSA TALAMINI BORSATO - EPP",1520,KG,11187.2,9454.4,7.36,6.22
82.695.370/0001-55,3401023361,"ADAPTADOR PVC SOLDAVEL CURTO COM BOLSA E ROSCA, 20 MM X 1/2"", PARA AGUA FRIA",44,"ROSAURA ELSA TALAMINI BORSATO - EPP",1209,UN,1015.56,858.39,0.84,0.71
82.695.370/0001-55,3401019934,"ADAPTADOR PVC SOLDAVEL CURTO COM BOLSA E ROSCA, 25 MM X 3/4"", PARA AGUA FRIA",45,"ROSAURA ELSA TALAMINI BORSATO - EPP",1109,UND,1020.28,865.02,0.92,0.78
82.695.370/0001-55,3401019935,"ADAPTADOR PVC SOLDAVEL CURTO COM BOLSA E ROSCA, 32 MM X 1"", PARA AGUA FRIA",46,"ROSAURA ELSA TALAMINI BORSATO - EPP",795,UND,1478.7,1256.1,1.86,1.58
82.695.370/0001-55,3401023362,"ADAPTADOR PVC SOLDAVEL CURTO COM BOLSA E ROSCA, 40 MM X 1 1/2"", PARA AGUA FRIA",47,"ROSAURA ELSA TALAMINI BORSATO - EPP",315,UN,2034.9,1719.9,6.46,5.46
82.695.370/0001-55,3401019936,"ADAPTADOR PVC SOLDAVEL CURTO COM BOLSA E ROSCA, 40 MM X 1 1/4"", PARA AGUA FRIA",48,"ROSAURA ELSA TALAMINI BORSATO - EPP",395,UND,1520.75,1283.75,3.85,3.25
82.695.370/0001-55,3401023363,"ADAPTADOR PVC SOLDAVEL CURTO COM BOLSA E ROSCA, 50 MM X 1 1/4"", PARA AGUA FRIA",49,"ROSAURA ELSA TALAMINI BORSATO - EPP",275,UN,2403.5,2032.25,8.74,7.39
82.695.370/0001-55,3401019933,"ADAPTADOR PVC SOLDAVEL CURTO COM BOLSA E ROSCA, 50 MM X1 1/2"", PARA AGUA FRIA",50,"ROSAURA ELSA TALAMINI BORSATO - EPP",345,UND,1600.8,1352.4,4.64,3.92
82.695.370/0001-55,3401023364,"ADAPTADOR PVC SOLDAVEL CURTO COM BOLSA E ROSCA, 60 MM X 2"", PARA AGUA FRIA",51,"ROSAURA ELSA TALAMINI BORSATO - EPP",215,UN,2494,2109.15,11.6,9.81
82.695.370/0001-55,3401023365,"ADAPTADOR PVC SOLDAVEL CURTO COM BOLSA E ROSCA, 75 MM X 2 1/2"", PARA AGUA FRIA",52,"ROSAURA ELSA TALAMINI BORSATO - EPP",165,UN,3331.35,2819.85,20.19,17.09
82.695.370/0001-55,3401023366,"ADAPTADOR PVC SOLDAVEL CURTO COM BOLSA E ROSCA, 85 MM X 3"", PARA AGUA FRIA",53,"ROSAURA ELSA TALAMINI BORSATO - EPP",160,UN,4454.4,3769.6,27.84,23.56
82.695.370/0001-55,3401023367,"ADAPTADOR PVC SOLDAVEL, COM FLANGE E ANEL DE VEDACAO, 20 MM X 1/2"", PARA CAIXA D'AGUA",54,"ROSAURA ELSA TALAMINI BORSATO - EPP",152,UN,1787.52,1512.4,11.76,9.95
82.695.370/0001-55,3401023374,"ADAPTADOR PVC, ROSCAVEL, PARA VALVULA PIA OU LAVATORIO, 40 MM",61,"ROSAURA ELSA TALAMINI BORSATO - EPP",345,UN,972.9,821.1,2.82,2.38
82.695.370/0001-55,3401020045,"ADESIVO PLASTICO PARA PVC, BISNAGA COM 75 GR",66,"ROSAURA ELSA TALAMINI BORSATO - EPP",230,UND,2113.7,1787.1,9.19,7.77
82.695.370/0001-55,3401020046,"ADESIVO PLASTICO PARA PVC, FRASCO COM *850* GR",67,"ROSAURA ELSA TALAMINI BORSATO - EPP",159,UND,11242.89,9519.33,70.71,59.87
82.695.370/0001-55,3401020047,"ADESIVO PLASTICO PARA PVC, FRASCO COM 175 GR",68,"ROSAURA ELSA TALAMINI BORSATO - EPP",180,UND,4154.4,2160,23.08,12
82.695.370/0001-55,3401024023,"AGUARRAZ 900ML",70,"ROSAURA ELSA TALAMINI BORSATO - EPP",305,UND,6234.2,3324.5,20.44,10.9
82.695.370/0001-55,3401023378,"ALICATE DE CORTE DIAGONAL 6 "" COM ISOLAMENTO",71,"ROSAURA ELSA TALAMINI BORSATO - EPP",61,UN,2889.57,2446.1,47.37,40.1
82.695.370/0001-55,3401023379,"ALICATE DE CRIMPAR RJ11, RJ12 E RJ45",73,"ROSAURA ELSA TALAMINI BORSATO - EPP",48,UN,6204.48,5253.6,129.26,109.45
82.695.370/0001-55,3401023380,"ALICATE DE PRESSAO 11 "" PARA SOLDA, TIPO C",75,"ROSAURA ELSA TALAMINI BORSATO - EPP",49,UN,3817.1,3232.04,77.9,65.96
82.695.370/0001-55,3401024026,"ALICATE UNIVERSAL 8''",77,"ROSAURA ELSA TALAMINI BORSATO - EPP",52,UND,3712.8,904.8,71.4,17.4
82.695.370/0001-55,3401024027,"ANCINHO DE FERRO COM 14 DENTES COM CABO",78,"ROSAURA ELSA TALAMINI BORSATO - EPP",79,UND,4235.98,3586.6,53.62,45.4
82.695.370/0001-55,3401023390,"ANEL BORRACHA, PARA TUBO/CONEXAO PVC PBA, DN 50 MM, PARA REDE AGUA",87,"ROSAURA ELSA TALAMINI BORSATO - EPP",520,UN,1393.6,1180.4,2.68,2.27
82.695.370/0001-55,3401023391,"ANEL BORRACHA, PARA TUBO/CONEXAO PVC PBA, DN 60 MM, PARA REDE AGUA",88,"ROSAURA ELSA TALAMINI BORSATO - EPP",420,UN,2062.2,1743,4.91,4.15
82.695.370/0001-55,3401023393,"ANEL DE BORRACHA PARA VEDACAO DE DUTO PEAD CORRUGADO PARA ELETRICA, DN 1 1/2"" (NBR 15715)",90,"ROSAURA ELSA TALAMINI BORSATO - EPP",400,UN,1352,1140,3.38,2.85
82.695.370/0001-55,3401023395,"ANEL DE CONCRETO ARMADO, COM FUROS/DRENO PARA SUMIDOURO, D = 1,00 M, H = 0,50M",92,"ROSAURA ELSA TALAMINI BORSATO - EPP",58,UN,11002.02,9315.96,189.69,160.62
82.695.370/0001-55,3401023397,"ANEL DE VEDACAO, PVC FLEXIVEL, 100 MM, PARA SAIDA DE BACIA / VASO SANITARIO",94,"ROSAURA ELSA TALAMINI BORSATO - EPP",333,UN,3909.42,3306.69,11.74,9.93
82.695.370/0001-55,3401023399,"ANEL EM CONCRETO ARMADO, LISO, PARA FOSSAS SEPTICAS E SUMIDOUROS, COM FUNDO, DIAMETRO INTERNO DE 3,00 M E ALTURA DE 0,50 M",96,"ROSAURA ELSA TALAMINI BORSATO - EPP",25,UN,50848.75,43058.5,2033.95,1722.34
82.695.370/0001-55,3401023401,"ARAME GALVANIZADO 12 BWG, D = 2,76 MM (0,048 KG/M) OU 14 BWG, D = 2,11 MM (0,026 KG/M)",98,"ROSAURA ELSA TALAMINI BORSATO - EPP",339,KG,9397.08,6525.75,27.72,19.25
82.695.370/0001-55,3401023403,"ARAME GALVANIZADO 18 BWG, D = 1,24MM (0,009 KG/M)",100,"ROSAURA ELSA TALAMINI BORSATO - EPP",374,KG,14787.96,5610,39.54,15
82.695.370/0001-55,3401023405,"ARAME RECOZIDO 16 BWG, D = 1,65 MM (0,016 KG/M) OU 18 BWG, D = 1,25 MM (0,01 KG/M)",102,"ROSAURA ELSA TALAMINI BORSATO - EPP",789,KG,21871.08,9073.5,27.72,11.5
82.695.370/0001-55,3401024645,"AREIA FINA - POSTO JAZIDA/FORNECEDOR (COM FRETE INCLUSO)",104,"ROSAURA ELSA TALAMINI BORSATO - EPP",695,M3,115215.75,38225,136.35,55
82.695.370/0001-55,3401024645,"AREIA FINA - POSTO JAZIDA/FORNECEDOR (COM FRETE INCLUSO)",105,"ROSAURA ELSA TALAMINI BORSATO - EPP",150,M3,115215.75,8250,136.35,55
82.695.370/0001-55,3401024647,"AREIA MEDIA - POSTO JAZIDA/FORNECEDOR (COM FRETE INCLUSO)",108,"ROSAURA ELSA TALAMINI BORSATO - EPP",450,M3,81810,38250,136.35,85
82.695.370/0001-55,3401024647,"AREIA MEDIA - POSTO JAZIDA/FORNECEDOR (COM FRETE INCLUSO)",109,"ROSAURA ELSA TALAMINI BORSATO - EPP",150,M3,81810,12750,136.35,85
82.695.370/0001-55,3401023410,"ARGAMASSA COLANTE AC I PARA CERAMICAS",111,"ROSAURA ELSA TALAMINI BORSATO - EPP",7600,KG,4712,4028,0.62,0.53
82.695.370/0001-55,3401023412,"ARGAMASSA COLANTE TIPO AC III",113,"ROSAURA ELSA TALAMINI BORSATO - EPP",8900,KG,16821,14240,1.89,1.6
82.695.370/0001-55,3401023415,"ARRUELA EM ALUMINIO, COM ROSCA, DE 1 1/2"", PARA ELETRODUTO",116,"ROSAURA ELSA TALAMINI BORSATO - EPP",1335,UN,2856.9,2403,2.14,1.8
82.695.370/0001-55,3401023417,"ARRUELA EM ALUMINIO, COM ROSCA, DE 1/2"", PARA ELETRODUTO",118,"ROSAURA ELSA TALAMINI BORSATO - EPP",2675,UN,1551.5,1284,0.58,0.48
82.695.370/0001-55,3401023419,"ARRUELA EM ALUMINIO, COM ROSCA, DE 2"", PARA ELETRODUTO",120,"ROSAURA ELSA TALAMINI BORSATO - EPP",1235,UN,3470.35,2926.95,2.81,2.37
82.695.370/0001-55,3401023421,"ARRUELA EM ALUMINIO, COM ROSCA, DE 3/4"", PARA ELETRODUTO",122,"ROSAURA ELSA TALAMINI BORSATO - EPP",2165,UN,1515.5,1255.7,0.7,0.58
82.695.370/0001-55,3401023423,"ARRUELA EM ALUMINIO, COM ROSCA, DE 4"", PARA ELETRODUTO",124,"ROSAURA ELSA TALAMINI BORSATO - EPP",705,UN,7113.45,6013.65,10.09,8.53
82.695.370/0001-55,3401023424,"ASSENTO  VASO SANITARIO INFANTIL EM PLASTICO BRANCO",125,"ROSAURA ELSA TALAMINI BORSATO - EPP",195,UN,16680.3,14123.85,85.54,72.43
82.695.370/0001-55,3401023442,"ASSENTO SANITARIO DE PLASTICO, TIPO CONVENCIONAL",127,"ROSAURA ELSA TALAMINI BORSATO - EPP",481,UN,19336.2,16368.43,40.2,34.03
82.695.370/0001-55,3401023445,"BACIA SANITARIA (VASO) COM CAIXA ACOPLADA, SIFAO OCULTO / CARENADO, DE LOUCA BRANCA (SEM ASSENTO ) - PADRAO ALTO",132,"ROSAURA ELSA TALAMINI BORSATO - EPP",106,UN,47161.52,39935.5,444.92,376.75
82.695.370/0001-55,3401023446,"BACIA SANITARIA (VASO) CONVENCIONAL PARA PCD, SEM FURO FRONTAL, DE LOUCA BRANCA (SEM ASSENTO)",133,"ROSAURA ELSA TALAMINI BORSATO - EPP",88,UN,47604.48,40310.16,540.96,458.07
82.695.370/0001-55,3401024037,"BALDE PLÁSTICO 8LT COM CABO",136,"ROSAURA ELSA TALAMINI BORSATO - EPP",140,UND,1072.4,907.2,7.66,6.48
82.695.370/0001-55,3401023450,"BASE DE MISTURADOR MONOCOMANDO PARA CHUVEIRO, DE PAREDE (NAO INCLUI ACABAMENTOS)",143,"ROSAURA ELSA TALAMINI BORSATO - EPP",48,UN,24281.28,20560.8,505.86,428.35
82.695.370/0001-55,3401023456,"BLOCO CERAMICO / TIJOLO VAZADO PARA ALVENARIA DE VEDACAO, 6 FUROS NA HORIZONTAL, 9 X 14 X 19 CM (L X A X C)",149,"ROSAURA ELSA TALAMINI BORSATO - EPP",14575,UN,14429.25,9473.75,0.99,0.65
82.695.370/0001-55,3401023458,"BLOCO DE CONCRETO ESTRUTURAL 14 X 19 X 39 CM, FBK 14 MPA (NBR 6136)",151,"ROSAURA ELSA TALAMINI BORSATO - EPP",6725,UN,34768.25,29455.5,5.17,4.38
82.695.370/0001-55,3401023459,"BLOCO VEDACAO CONCRETO CELULAR AUTOCLAVADO 12,5 X 30 X 60 CM (E X A X C)",153,"ROSAURA ELSA TALAMINI BORSATO - EPP",949,M2,170003.35,107986.71,134.39,113.79
82.695.370/0001-55,3401023459,"BLOCO VEDACAO CONCRETO CELULAR AUTOCLAVADO 12,5 X 30 X 60 CM (E X A X C)",154,"ROSAURA ELSA TALAMINI BORSATO - EPP",316,M2,170003.35,35957.64,134.39,113.79
82.695.370/0001-55,3401023461,"BOLSA DE LIGACAO EM PVC FLEXIVEL PARA VASO SANITARIO 1.1/2 "" (40 MM)",157,"ROSAURA ELSA TALAMINI BORSATO - EPP",409,UN,1611.46,1366.06,3.94,3.34
82.695.370/0001-55,3401023463,"BRACO OU HASTE RETA COM CANOPLA PLASTICA, 1/2 "", PARA CHUVEIRO ELETRICO",159,"ROSAURA ELSA TALAMINI BORSATO - EPP",149,UN,3629.64,3072.38,24.36,20.62
82.695.370/0001-55,3401024043,"BRITA BRANCA DECORATIVA PARA JARDIM N3/4 SC DE 20KG",161,"ROSAURA ELSA TALAMINI BORSATO - EPP",470,SC,17507.5,14819.1,37.25,31.53
82.695.370/0001-55,3401024046,"BUCHA DE NYLON COM ANEL MEDINDO 6MM DE DIÂMETRO.",165,"ROSAURA ELSA TALAMINI BORSATO - EPP",2675,UND,267.5,187.25,0.1,0.07
82.695.370/0001-55,3401023464,"BUCHA DE NYLON SEM ABA S10",167,"ROSAURA ELSA TALAMINI BORSATO - EPP",2725,UN,1035.5,872,0.38,0.32
82.695.370/0001-55,3401023466,"BUCHA DE NYLON SEM ABA S5",169,"ROSAURA ELSA TALAMINI BORSATO - EPP",2625,UN,157.5,131.25,0.06,0.05
82.695.370/0001-55,3401023468,"BUCHA DE NYLON SEM ABA S8",171,"ROSAURA ELSA TALAMINI BORSATO - EPP",2725,UN,517.75,436,0.19,0.16
82.695.370/0001-55,3401024049,"BUCHA DE NYLON SEM ANEL MEDINDO 12MM DE DIÂMETRO.",173,"ROSAURA ELSA TALAMINI BORSATO - EPP",2575,UND,2652.25,2240.25,1.03,0.87
82.695.370/0001-55,3401024051,"BUCHA DE NYLON SEM ANEL MEDINDO 6MM DE DIÂMETRO.",175,"ROSAURA ELSA TALAMINI BORSATO - EPP",2575,UND,1236,1055.75,0.48,0.41
82.695.370/0001-55,3401024053,"BUCHA DE NYLON SEM ANEL MEDINDO 8MM DE DIÂMETRO.",177,"ROSAURA ELSA TALAMINI BORSATO - EPP",2575,UND,1854,1570.75,0.72,0.61
82.695.370/0001-55,3401023470,"BUCHA DE REDUCAO DE PVC, SOLDAVEL, CURTA, COM 32 X 25 MM, PARA AGUA FRIA PREDIAL",179,"ROSAURA ELSA TALAMINI BORSATO - EPP",1170,UN,1158.3,982.8,0.99,0.84
82.695.370/0001-55,3401023472,"BUCHA DE REDUCAO DE PVC, SOLDAVEL, CURTA, COM 50 X 40 MM, PARA AGUA FRIA PREDIAL",181,"ROSAURA ELSA TALAMINI BORSATO - EPP",700,UN,2653,2247,3.79,3.21
82.695.370/0001-55,3401023474,"BUCHA DE REDUCAO DE PVC, SOLDAVEL, LONGA, 50 X 40 MM, PARA ESGOTO PREDIAL",183,"ROSAURA ELSA TALAMINI BORSATO - EPP",670,UN,2110.5,1782.2,3.15,2.66
82.695.370/0001-55,3401023475,"BUCHA DE REDUCAO DE PVC, SOLDAVEL, LONGA, COM 32 X 20 MM, PARA AGUA FRIA PREDIAL",184,"ROSAURA ELSA TALAMINI BORSATO - EPP",1170,UN,3416.4,2878.2,2.92,2.46
82.695.370/0001-55,3401023476,"BUCHA DE REDUCAO DE PVC, SOLDAVEL, LONGA, COM 40 X 20 MM, PARA AGUA FRIA PREDIAL",185,"ROSAURA ELSA TALAMINI BORSATO - EPP",690,UN,2670.3,2256.3,3.87,3.27
82.695.370/0001-55,3401023477,"BUCHA DE REDUCAO DE PVC, SOLDAVEL, LONGA, COM 40 X 25 MM, PARA AGUA FRIA PREDIAL",186,"ROSAURA ELSA TALAMINI BORSATO - EPP",670,UN,2539.3,2144,3.79,3.2
82.695.370/0001-55,3401023478,"BUCHA DE REDUCAO DE PVC, SOLDAVEL, LONGA, COM 50 X 20 MM, PARA AGUA FRIA PREDIAL",187,"ROSAURA ELSA TALAMINI BORSATO - EPP",700,UN,2436,2065,3.48,2.95
82.695.370/0001-55,3401023479,"BUCHA DE REDUCAO DE PVC, SOLDAVEL, LONGA, COM 50 X 25 MM, PARA AGUA FRIA PREDIAL",188,"ROSAURA ELSA TALAMINI BORSATO - EPP",700,UN,3080,2604,4.4,3.72
82.695.370/0001-55,3401023491,"BUCHA DE REDUCAO PVC, ROSCAVEL, 2""  X 1 """,200,"ROSAURA ELSA TALAMINI BORSATO - EPP",438,UN,2667.42,2255.7,6.09,5.15
82.695.370/0001-55,3401023493,"BUCHA DE REDUCAO, PPR, DN 32 X 25 MM, PARA AGUA QUENTE E FRIA PREDIAL",202,"ROSAURA ELSA TALAMINI BORSATO - EPP",658,UN,3079.44,2599.1,4.68,3.95
82.695.370/0001-55,3401023495,"BUCHA DE REDUCAO, PVC, LONGA, SERIE R, DN 50 X 40 MM, PARA ESGOTO OU AGUAS PLUVIAIS PREDIAIS",204,"ROSAURA ELSA TALAMINI BORSATO - EPP",373,UN,2021.66,1708.34,5.42,4.58
82.695.370/0001-55,3401020015,"CABO DE ACO GALVANIZADO, DIAMETRO 12,7 MM (1/2""), COM ALMA DE FIBRA 6 X 25 F",206,"ROSAURA ELSA TALAMINI BORSATO - EPP",180,KG,15937.2,13494.6,88.54,74.97
82.695.370/0001-55,3401023496,"CABO DE COBRE, FLEXIVEL, CLASSE 4 OU 5, ISOLACAO EM PVC/A, ANTICHAMA BWF-B, 1 CONDUTOR, 450/750 V, SECAO NOMINAL 1,5 MM2",208,"ROSAURA ELSA TALAMINI BORSATO - EPP",5950,M,7616,6366.5,1.28,1.07
82.695.370/0001-55,3401023497,"CABO DE COBRE, FLEXIVEL, CLASSE 4 OU 5, ISOLACAO EM PVC/A, ANTICHAMA BWF-B, 1 CONDUTOR, 450/750 V, SECAO NOMINAL 10 MM2",209,"ROSAURA ELSA TALAMINI BORSATO - EPP",4650,M,42966,36316.5,9.24,7.81
82.695.370/0001-55,3401023501,"CABO DE COBRE, FLEXIVEL, CLASSE 4 OU 5, ISOLACAO EM PVC/A, ANTICHAMA BWF-B, 1 CONDUTOR, 450/750 V, SECAO NOMINAL 4 MM2",212,"ROSAURA ELSA TALAMINI BORSATO - EPP",3338,M,92026,58415,20.68,17.5
82.695.370/0001-55,3401023501,"CABO DE COBRE, FLEXIVEL, CLASSE 4 OU 5, ISOLACAO EM PVC/A, ANTICHAMA BWF-B, 1 CONDUTOR, 450/750 V, SECAO NOMINAL 4 MM2",213,"ROSAURA ELSA TALAMINI BORSATO - EPP",1112,M,92026,19460,20.68,17.5
82.695.370/0001-55,3401023504,"CABO DE COBRE, FLEXIVEL, CLASSE 4 OU 5, ISOLACAO EM PVC/A, ANTICHAMA BWF-B, COBERTURA PVC-ST1, ANTICHAMA BWF-B, 1 CONDUTOR, 0,6/1 KV, SECAO NOMINAL 16 MM2",216,"ROSAURA ELSA TALAMINI BORSATO - EPP",4500,M,63135,53415,14.03,11.87
82.695.370/0001-55,3401023505,"CABO DE COBRE, FLEXIVEL, CLASSE 4 OU 5, ISOLACAO EM PVC/A, ANTICHAMA BWF-B, COBERTURA PVC-ST1, ANTICHAMA BWF-B, 1 CONDUTOR, 0,6/1 KV, SECAO NOMINAL 2,5 MM2",217,"ROSAURA ELSA TALAMINI BORSATO - EPP",6360,M,15264,12847.2,2.4,2.02
82.695.370/0001-55,3401023507,"CABO DE COBRE, FLEXIVEL, CLASSE 4 OU 5, ISOLACAO EM PVC/A, ANTICHAMA BWF-B, COBERTURA PVC-ST1, ANTICHAMA BWF-B, 1 CONDUTOR, 0,6/1 KV, SECAO NOMINAL 4 MM2",220,"ROSAURA ELSA TALAMINI BORSATO - EPP",7450,M,27565,23244,3.7,3.12
82.695.370/0001-55,3401023508,"CABO DE COBRE, FLEXIVEL, CLASSE 4 OU 5, ISOLACAO EM PVC/A, ANTICHAMA BWF-B, COBERTURA PVC-ST1, ANTICHAMA BWF-B, 1 CONDUTOR, 0,6/1 KV, SECAO NOMINAL 6 MM2",221,"ROSAURA ELSA TALAMINI BORSATO - EPP",4625,M,24882.5,21043.75,5.38,4.55
82.695.370/0001-55,3401023510,"CABO FLEXIVEL PVC 750 V, 2 CONDUTORES DE 6,0 MM2",224,"ROSAURA ELSA TALAMINI BORSATO - EPP",3750,M,50025,42337.5,13.34,11.29
82.695.370/0001-55,3401019965,"CABO FLEXIVEL PVC 750 V, 3 CONDUTORES DE 1,5 MM2",225,"ROSAURA ELSA TALAMINI BORSATO - EPP",4750,M,24225,20472.5,5.1,4.31
82.695.370/0001-55,3401019967,"CABO FLEXIVEL PVC 750 V, 4 CONDUTORES DE 1,5 MM2",228,"ROSAURA ELSA TALAMINI BORSATO - EPP",4450,M,30260,25587.5,6.8,5.75
82.695.370/0001-55,3401023513,"CABO FLEXIVEL PVC 750 V, 4 CONDUTORES DE 4,0 MM2",229,"ROSAURA ELSA TALAMINI BORSATO - EPP",3225,M,53019,44859.75,16.44,13.91
82.695.370/0001-55,3401024056,"CABO PARA PÁ EM MADEIRA 120CM",231,"ROSAURA ELSA TALAMINI BORSATO - EPP",425,UND,8772,7424.75,20.64,17.47
82.695.370/0001-55,3401024058,"CADEADO SIMPLES, CORPO EM LATAO MACICO, COM LARGURA DE 30 MM",233,"ROSAURA ELSA TALAMINI BORSATO - EPP",170,UND,5111.9,2888.3,30.07,16.99
82.695.370/0001-55,3401024059,"CADEADO SIMPLES, CORPO EM LATAO MACICO, COM LARGURA DE 40 MM",235,"ROSAURA ELSA TALAMINI BORSATO - EPP",175,UND,10234,4548.25,58.48,25.99
82.695.370/0001-55,3401024060,"CADEADO SIMPLES, CORPO EM LATAO MACICO, COM LARGURA DE 60 MM",237,"ROSAURA ELSA TALAMINI BORSATO - EPP",126,UND,9621.36,8145.9,76.36,64.65
82.695.370/0001-55,3401020218,"CAIXA D'AGUA EM POLIETILENO 1000 LITROS, COM TAMPA",241,"ROSAURA ELSA TALAMINI BORSATO - EPP",37,UND,14910.63,12617,402.99,341
82.695.370/0001-55,3401023518,"CAIXA D'AGUA EM POLIETILENO 2000 LITROS, COM TAMPA",243,"ROSAURA ELSA TALAMINI BORSATO - EPP",37,UN,39040.18,32745,1055.14,885
82.695.370/0001-55,3401023519,"CAIXA D'AGUA EM POLIETILENO 750 LITROS, COM TAMPA",245,"ROSAURA ELSA TALAMINI BORSATO - EPP",29,UN,10931.84,9251,376.96,319
82.695.370/0001-55,3401023524,"CAIXA DE CONCRETO ARMADO PRE-MOLDADO, SEM FUNDO, QUADRADA, DIMENSOES DE 0,40 X 0,40 X 0,40 M",250,"ROSAURA ELSA TALAMINI BORSATO - EPP",58,UN,8835.14,2552,152.33,44
82.695.370/0001-55,3401023535,"CAIXA DE DESCARGA DE PLASTICO EXTERNA, DE *9* L, PUXADOR FIO DE NYLON, NAO INCLUSO CANO, BOLSA, ENGATE",252,"ROSAURA ELSA TALAMINI BORSATO - EPP",185,CJT,8374.95,7089.2,45.27,38.32
82.695.370/0001-55,3401023536,"CAIXA DE DESCARGA PLASTICA DE EMBUTIR COMPLETA, COM ESPELHO PLASTICO, CAPACIDADE 6 A 10 L, ACESSORIOS INCLUSOS",254,"ROSAURA ELSA TALAMINI BORSATO - EPP",36,UN,145095.7,30504.6,1000.66,847.35
82.695.370/0001-55,3401024064,"CAIXA DE GORDURA COM TAMPA REFORÇADA 42L",256,"ROSAURA ELSA TALAMINI BORSATO - EPP",148,UND,37864.32,9176,255.84,62
82.695.370/0001-55,3401023537,"CAIXA DE PASSAGEM ELETRICA DE PAREDE, DE EMBUTIR, EM PVC, COM TAMPA APARAFUSADA, DIMENSOES 120 X 120 X *75* MM",257,"ROSAURA ELSA TALAMINI BORSATO - EPP",83,UN,3509.24,2963.1,42.28,35.7
82.695.370/0001-55,3401023540,"CAIXA DE PASSAGEM, EM PVC, DE 4"" X 4"", PARA ELETRODUTO FLEXIVEL CORRUGADO",260,"ROSAURA ELSA TALAMINI BORSATO - EPP",201,UN,775.86,655.26,3.86,3.26
82.695.370/0001-55,3401024065,"CAIXA PLÁSTICA RETANGULAR 20LT PARA MASSA COM ALÇA",261,"ROSAURA ELSA TALAMINI BORSATO - EPP",101,UND,1969.5,1666.5,19.5,16.5
82.695.370/0001-55,3401023550,"CAIXA SIFONADA, PVC, 150 X 150 X 50 MM, COM GRELHA QUADRADA, BRANCA (NBR 5688)",263,"ROSAURA ELSA TALAMINI BORSATO - EPP",90,UN,4107.6,2070,45.64,23
82.695.370/0001-55,3401023552,"CAL HIDRATADA CH-I PARA ARGAMASSAS",265,"ROSAURA ELSA TALAMINI BORSATO - EPP",16105,KG,16749.2,14172.4,1.04,0.88
82.695.370/0001-55,3401024066,"CANALETA PVC PARA ELETRICA COM DUPLA FACE 2M",267,"ROSAURA ELSA TALAMINI BORSATO - EPP",595,BR,14863.1,3808,24.98,6.4
82.695.370/0001-55,3401023555,"CAP PVC, SOLDAVEL, 25 MM, PARA AGUA FRIA PREDIAL",269,"ROSAURA ELSA TALAMINI BORSATO - EPP",754,UN,980.2,821.86,1.3,1.09
82.695.370/0001-55,3401023557,"CAP PVC, SOLDAVEL, 40 MM, PARA AGUA FRIA PREDIAL",271,"ROSAURA ELSA TALAMINI BORSATO - EPP",404,UN,1648.32,1389.76,4.08,3.44
82.695.370/0001-55,3401023559,"CAP PVC, SOLDAVEL, 60 MM, PARA AGUA FRIA PREDIAL",273,"ROSAURA ELSA TALAMINI BORSATO - EPP",376,UN,4662.4,3944.24,12.4,10.49
82.695.370/0001-55,3401023561,"CAP PVC, SOLDAVEL, DN 50 MM, SERIE NORMAL, PARA ESGOTO PREDIAL",275,"ROSAURA ELSA TALAMINI BORSATO - EPP",404,UN,1850.32,1563.48,4.58,3.87
82.695.370/0001-55,3401024067,"CAPA DE CHUVA AMARELA TAMANHOS DIVERSOS",277,"ROSAURA ELSA TALAMINI BORSATO - EPP",414,UND,17520.48,14833.62,42.32,35.83
82.695.370/0001-55,3401023563,"CARRANCA PARA JANELA VENEZIANA DE ABRIR, EM LATAO CROMADO, SIMPLES, PARA APARAFUSAR NA PAREDE",279,"ROSAURA ELSA TALAMINI BORSATO - EPP",33,UN,713.46,603.9,21.62,18.3
82.695.370/0001-55,3401024069,"CARRINHO DE MÃO EXTRAFORTE REFORÇADO CAÇAMBA EM CHAPA DE AÇO 65 LT",281,"ROSAURA ELSA TALAMINI BORSATO - EPP",80,UND,29038.4,24588.8,362.98,307.36
82.695.370/0001-55,3401024072,"CAVADEIRA ARTICULADA DUPLA COM CABO DE MADEIRA - MATERIAL AÇO FORJADO",284,"ROSAURA ELSA TALAMINI BORSATO - EPP",48,UND,3705.6,3137.28,77.2,65.36
82.695.370/0001-55,3401024074,"CHAVE DE GRIFO PARA TUBO 14''",286,"ROSAURA ELSA TALAMINI BORSATO - EPP",27,UND,2127.06,1800.9,78.78,66.7
82.695.370/0001-55,3401023566,"CHUMBADOR DE ACO TIPO PARABOLT, * 5/8"" X 200* MM,  COM PORCA E ARRUELA",288,"ROSAURA ELSA TALAMINI BORSATO - EPP",614,KG,18972.6,16062.24,30.9,26.16
82.695.370/0001-55,3401023568,"CHUMBADOR DE ACO, DIAMETRO 5/8"", COMPRIMENTO 6"", COM PORCA",290,"ROSAURA ELSA TALAMINI BORSATO - EPP",239,UN,8388.9,7100.69,35.1,29.71
82.695.370/0001-55,3401023570,"CHUVEIRO COMUM EM PLASTICO BRANCO, COM CANO, 3 TEMPERATURAS, 5500 W (110/220 V)",292,"ROSAURA ELSA TALAMINI BORSATO - EPP",105,UN,7927.5,6711.6,75.5,63.92
82.695.370/0001-55,3401024077,"CILINDRO FECHADURA DIV. MARCAS COM 2 CHAVES",294,"ROSAURA ELSA TALAMINI BORSATO - EPP",295,UND,7779.15,6584.4,26.37,22.32
82.695.370/0001-55,3401020226,"CIMENTO BRANCO",295,"ROSAURA ELSA TALAMINI BORSATO - EPP",2500,KG,10850,8500,4.34,3.4
82.695.370/0001-55,3401020228,"CIMENTO PORTLAND COMPOSTO CP II-32",296,"ROSAURA ELSA TALAMINI BORSATO - EPP",19750,KG,15997.5,13430,0.81,0.68
82.695.370/0001-55,3401024078,"COLETE REFLETIVO AMARELO/LARANJA/VERDE",299,"ROSAURA ELSA TALAMINI BORSATO - EPP",281,UND,10419.48,8820.59,37.08,31.39
82.695.370/0001-55,3401024080,"COLHER DE PEDREIRO 8''",301,"ROSAURA ELSA TALAMINI BORSATO - EPP",110,UND,5832.2,4937.9,53.02,44.89
82.695.370/0001-55,3401023574,"CONDULETE EM PVC, TIPO ""X"", SEM TAMPA, DE 3/4""",304,"ROSAURA ELSA TALAMINI BORSATO - EPP",155,UN,1655.4,1399.65,10.68,9.03
82.695.370/0001-55,3401023575,"CONECTOR / ADAPTADOR FEMEA, COM INSERTO METALICO, PPR, DN 25 MM X 1/2"", PARA AGUA QUENTE E FRIA PREDIAL",307,"ROSAURA ELSA TALAMINI BORSATO - EPP",137,UN,1405.62,1189.16,10.26,8.68
82.695.370/0001-55,3401023576,"CONECTOR / ADAPTADOR FEMEA, COM INSERTO METALICO, PPR, DN 32 MM X 3/4"", PARA AGUA QUENTE E FRIA PREDIAL",308,"ROSAURA ELSA TALAMINI BORSATO - EPP",137,UN,3553.78,3008.52,25.94,21.96
82.695.370/0001-55,3401023577,"CONECTOR / ADAPTADOR MACHO, COM INSERTO METALICO, PPR, DN 25 MM X 1/2"", PARA AGUA QUENTE E FRIA PREDIAL",309,"ROSAURA ELSA TALAMINI BORSATO - EPP",137,UN,2511.21,2124.87,18.33,15.51
82.695.370/0001-55,3401023578,"CONECTOR / ADAPTADOR MACHO, COM INSERTO METALICO, PPR, DN 32 MM X 3/4"", PARA AGUA QUENTE E FRIA PREDIAL",310,"ROSAURA ELSA TALAMINI BORSATO - EPP",147,UN,3855.81,3263.4,26.23,22.2
82.695.370/0001-55,3401024083,"CORDA MULTIFILAMENTO TRANÇADA 10MM",312,"ROSAURA ELSA TALAMINI BORSATO - EPP",850,M,2567,2167.5,3.02,2.55
82.695.370/0001-55,3401020036,"CUMEEIRA NORMAL PARA TELHA ONDULADA DE FIBROCIMENTO, E = 6 MM, ABA 300 MM, COMPRIMENTO 1100 MM (SEM AMIANTO)",314,"ROSAURA ELSA TALAMINI BORSATO - EPP",462,UND,24070.2,20378.82,52.1,44.11
82.695.370/0001-55,3401023580,"CUMEEIRA PARA TELHA DE CONCRETO, PARA 2 AGUAS DE TELHADO, COR CINZA, RENDIMENTO DE *3* TELHAS/M",316,"ROSAURA ELSA TALAMINI BORSATO - EPP",297,UN,3474.9,2940.3,11.7,9.9
82.695.370/0001-55,3401023582,"CURVA PPR 90 GRAUS, DN 20 MM, PARA AGUA QUENTE PREDIAL",318,"ROSAURA ELSA TALAMINI BORSATO - EPP",295,UN,2873.3,2430.8,9.74,8.24
82.695.370/0001-55,3401023583,"CURVA PPR 90 GRAUS, DN 25 MM, PARA AGUA QUENTE PREDIAL",319,"ROSAURA ELSA TALAMINI BORSATO - EPP",195,UN,3053.7,2583.75,15.66,13.25
82.695.370/0001-55,3401023585,"CURVA PVC CURTA 90 GRAUS, 100 MM, PARA ESGOTO PREDIAL",321,"ROSAURA ELSA TALAMINI BORSATO - EPP",195,UN,4644.9,3931.2,23.82,20.16
82.695.370/0001-55,3401019946,"CURVA PVC CURTA 90 GRAUS, DN 75 MM, PARA ESGOTO PREDIAL",323,"ROSAURA ELSA TALAMINI BORSATO - EPP",240,UND,5884.8,4980,24.52,20.75
82.695.370/0001-55,3401023304,"CURVA PVC LONGA 45 GRAUS, 100 MM, PARA ESGOTO PREDIAL",325,"ROSAURA ELSA TALAMINI BORSATO - EPP",200,UN,11232,9510,56.16,47.55
82.695.370/0001-55,3401023306,"CURVA PVC LONGA 45G, DN 75 MM, PARA ESGOTO PREDIAL",327,"ROSAURA ELSA TALAMINI BORSATO - EPP",250,UND,5780,4892.5,23.12,19.57
82.695.370/0001-55,3401024086,"DESEMPENADEIRA COM ESPUMA 18X30

DESEMPENADEIRA COM ESPUMA 18X30",329,"ROSAURA ELSA TALAMINI BORSATO - EPP",49,UND,931.98,788.9,19.02,16.1
82.695.370/0001-55,3401020055,"DESEMPENADEIRA DE ACO LISA 12 X *25* CM COM CABO FECHADO DE MADEIRA",331,"ROSAURA ELSA TALAMINI BORSATO - EPP",49,UND,1286.74,1004.5,26.26,20.5
82.695.370/0001-55,3401024088,"DESEMPENADEIRA PLÁSTICA CORRUGADA 18X30",333,"ROSAURA ELSA TALAMINI BORSATO - EPP",39,UND,843.18,678.6,21.62,17.4
82.695.370/0001-55,3401023316,"DISCO DE BORRACHA PARA LIXADEIRA RIGIDO 7 "" COM ARRUELA  CENTRAL",335,"ROSAURA ELSA TALAMINI BORSATO - EPP",92,UND,3392.96,2872.24,36.88,31.22
82.695.370/0001-55,3401020065,"DISCO DE CORTE DIAMANTADO SEGMENTADO PARA CONCRETO, DIAMETRO DE 110 MM, FURO DE 20 MM",337,"ROSAURA ELSA TALAMINI BORSATO - EPP",130,UND,3695.9,3127.8,28.43,24.06
82.695.370/0001-55,3401023320,"DISCO DE CORTE PARA METAL COM DUAS TELAS 12 X 1/8 X 3/4 ""  (300 X 3,2 X 19,05 MM)",339,"ROSAURA ELSA TALAMINI BORSATO - EPP",110,UND,3295.6,2588.3,29.96,23.53
82.695.370/0001-55,3401020068,"DISCO DE LIXA PARA METAL, DIAMETRO = 180 MM, GRAO 120",341,"ROSAURA ELSA TALAMINI BORSATO - EPP",145,UND,1070.1,904.8,7.38,6.24
82.695.370/0001-55,3401023325,"DISJUNTOR TIPO DIN / IEC, MONOPOLAR DE 40  ATE 50A",344,"ROSAURA ELSA TALAMINI BORSATO - EPP",130,UND,1905.8,1578.2,14.66,12.14
82.695.370/0001-55,3401023326,"DISJUNTOR TIPO DIN/IEC, BIPOLAR 40 ATE 50A",345,"ROSAURA ELSA TALAMINI BORSATO - EPP",101,UND,4816.69,4077.37,47.69,40.37
82.695.370/0001-55,3401023327,"DISJUNTOR TIPO DIN/IEC, BIPOLAR 63 A",346,"ROSAURA ELSA TALAMINI BORSATO - EPP",76,UND,5615.64,4754.56,73.89,62.56
82.695.370/0001-55,3401023329,"DISJUNTOR TIPO DIN/IEC, MONOPOLAR DE 6  ATE  32A",348,"ROSAURA ELSA TALAMINI BORSATO - EPP",215,UND,1823.2,1541.55,8.48,7.17
82.695.370/0001-55,3401023330,"DISJUNTOR TIPO DIN/IEC, MONOPOLAR DE 63 A",349,"ROSAURA ELSA TALAMINI BORSATO - EPP",165,UND,2590.5,2191.2,15.7,13.28
82.695.370/0001-55,3401020177,"DISJUNTOR TIPO DIN/IEC, TRIPOLAR DE 63 A",350,"ROSAURA ELSA TALAMINI BORSATO - EPP",80,PC,5600,4741.6,70,59.27
82.695.370/0001-55,3401023332,"DISJUNTOR TIPO NEMA, BIPOLAR 10  ATE  50 A, TENSAO MAXIMA 415 V",352,"ROSAURA ELSA TALAMINI BORSATO - EPP",65,UND,3780.4,3200.6,58.16,49.24
82.695.370/0001-55,3401023333,"DISJUNTOR TIPO NEMA, BIPOLAR 60 ATE 100A, TENSAO MAXIMA 415 V",353,"ROSAURA ELSA TALAMINI BORSATO - EPP",50,UND,4461,3777,89.22,75.54
82.695.370/0001-55,3401023341,"DISJUNTOR TIPO NEMA, MONOPOLAR 10 ATE 30A, TENSAO MAXIMA DE 240 V",354,"ROSAURA ELSA TALAMINI BORSATO - EPP",192,UN,2073.6,1754.88,10.8,9.14
82.695.370/0001-55,3401023344,"DISJUNTOR TIPO NEMA, TRIPOLAR 10  ATE  50A, TENSAO MAXIMA DE 415 V",356,"ROSAURA ELSA TALAMINI BORSATO - EPP",75,UND,5440.5,4606.5,72.54,61.42
82.695.370/0001-55,3401023346,"Dispositivo DPS classe II, polo, tensão máxima de 275V, corrente máxima de 20KA, tipo AC",358,"ROSAURA ELSA TALAMINI BORSATO - EPP",110,PC,7156.6,6058.8,65.06,55.08
82.695.370/0001-55,3401023347,"DISPOSITIVO DPS CLASSE II, 1 POLO, TENSAO MAXIMA DE 275 V, CORRENTE MAXIMA DE *30* KA (TIPO AC)",359,"ROSAURA ELSA TALAMINI BORSATO - EPP",97,UND,7753.21,6563.99,79.93,67.67
82.695.370/0001-55,3401023352,"DISPOSITIVO DR, 2 POLOS, SENSIBILIDADE DE 30 MA, CORRENTE DE 40 A, TIPO AC",362,"ROSAURA ELSA TALAMINI BORSATO - EPP",69,UND,9215.64,7803.21,133.56,113.09
82.695.370/0001-55,3401023357,"DOBRADICA EM ACO/FERRO, 3"" X 2 1/2"", E= 1,2 A 1,8 MM, SEM ANEL,  CROMADO OU ZINCADO, TAMPA CHATA, COM PARAFUSOS",367,"ROSAURA ELSA TALAMINI BORSATO - EPP",630,UND,5172.3,4372.2,8.21,6.94
82.695.370/0001-55,3401023359,"DUCHA / CHUVEIRO PLASTICO SIMPLES, 5 '', BRANCO, PARA ACOPLAR EM HASTE 1/2 "", AGUA FRIA",369,"ROSAURA ELSA TALAMINI BORSATO - EPP",205,UND,2558.4,2164.8,12.48,10.56
82.695.370/0001-55,3401023424,"ELEMENTO VAZADO DE CONCRETO, QUADRICULADO, 16 FUROS *50 X 50 X 7* CM",371,"ROSAURA ELSA TALAMINI BORSATO - EPP",815,UND,29943.1,25346.5,36.74,31.1
82.695.370/0001-55,3401023425,"ELETRODUTO DE PVC RIGIDO ROSCAVEL DE 1 "", SEM LUVA",372,"ROSAURA ELSA TALAMINI BORSATO - EPP",355,M,2612.8,2208.1,7.36,6.22
82.695.370/0001-55,3401023426,"ELETRODUTO DE PVC RIGIDO ROSCAVEL DE 1 1/2 "", SEM LUVA",373,"ROSAURA ELSA TALAMINI BORSATO - EPP",275,M,2959,2502.5,10.76,9.1
82.695.370/0001-55,3401023427,"ELETRODUTO DE PVC RIGIDO ROSCAVEL DE 1 1/4 "", SEM LUVA",374,"ROSAURA ELSA TALAMINI BORSATO - EPP",275,m,2689.5,2274.25,9.78,8.27
82.695.370/0001-55,3401023210,"ELETRODUTO DE PVC RIGIDO ROSCAVEL DE 3/4 "", SEM LUVA",379,"ROSAURA ELSA TALAMINI BORSATO - EPP",505,M,2373.5,2004.85,4.7,3.97
82.695.370/0001-55,3401023431,"ELETRODUTO DE PVC RIGIDO ROSCAVEL DE 4 "", SEM LUVA",380,"ROSAURA ELSA TALAMINI BORSATO - EPP",205,M,10387.35,8794.5,50.67,42.9
82.695.370/0001-55,3401023432,"ELETRODUTO PVC FLEXIVEL CORRUGADO, COR AMARELA, DE 20 MM",381,"ROSAURA ELSA TALAMINI BORSATO - EPP",480,M,1094.4,921.6,2.28,1.92
82.695.370/0001-55,3401023436,"ELETRODUTO PVC FLEXIVEL CORRUGADO, REFORCADO, COR LARANJA, DE 25 MM, PARA LAJES E PISOS",385,"ROSAURA ELSA TALAMINI BORSATO - EPP",405,M,1522.8,1283.85,3.76,3.17
82.695.370/0001-55,3401024089,"ENXADA 12'' COM CABO - MATERIAL AÇO FORJADO",387,"ROSAURA ELSA TALAMINI BORSATO - EPP",221,UND,8921.77,7553.78,40.37,34.18
82.695.370/0001-55,3401020024,"ENXADA ESTREITA *25 X 23* CM COM CABO",389,"ROSAURA ELSA TALAMINI BORSATO - EPP",133,UND,8645,7318.99,65,55.03
82.695.370/0001-55,3401023438,"ESCADA DUPLA DE ABRIR EM ALUMINIO, MODELO PINTOR, 8 DEGRAUS",390,"ROSAURA ELSA TALAMINI BORSATO - EPP",69,UND,33702.36,27738,488.44,402
82.695.370/0001-55,3401023441,"ESCOVA DE ACO, COM CABO, *4  X 15* FILEIRAS DE CERDAS",393,"ROSAURA ELSA TALAMINI BORSATO - EPP",76,UND,928.72,785.84,12.22,10.34
82.695.370/0001-55,3401024092,"ESPÁTULA DE AÇO 12cm",395,"ROSAURA ELSA TALAMINI BORSATO - EPP",64,UND,1285.12,1062.4,20.08,16.6
82.695.370/0001-55,3401024094,"ESPÁTULA DE AÇO 8cm",397,"ROSAURA ELSA TALAMINI BORSATO - EPP",39,UND,517.92,432.51,13.28,11.09
82.695.370/0001-55,3401020110,"ESPATULA DE PLASTICO LISA, LARGURA 10 CM",399,"ROSAURA ELSA TALAMINI BORSATO - EPP",36,UND,293.04,247.68,8.14,6.88
82.695.370/0001-55,3401023527,"ESPELHO / PLACA CEGA 4"" X 4"", PARA INSTALACAO DE TOMADAS E INTERRUPTORES",401,"ROSAURA ELSA TALAMINI BORSATO - EPP",204,UN,1138.32,962.88,5.58,4.72
82.695.370/0001-55,3401023529,"ESPELHO / PLACA DE 2 POSTOS 4"" X 2"", PARA INSTALACAO DE TOMADAS E INTERRUPTORES",403,"ROSAURA ELSA TALAMINI BORSATO - EPP",204,UND,526.32,442.68,2.58,2.17
82.695.370/0001-55,3401024095,"ESQUADRO 35CM COM CABO DE PVC",405,"ROSAURA ELSA TALAMINI BORSATO - EPP",80,UND,2956.8,2503.2,36.96,31.29
82.695.370/0001-55,3401023531,"FECHADRUA BICO DE PAPAGAIO PARA PORTA DE CORRER EXTERNA, EM ACO INOX COM ACABAMENTO CROMADO, MAQUINA COM 45 MM, INCLUINDO CHAVE TIPO CILINDRO",407,"ROSAURA ELSA TALAMINI BORSATO - EPP",176,CJT,19027.36,16111.04,108.11,91.54
82.695.370/0001-55,3401020037,"FECHADURA AUXILIAR DE SEGURANCA PARA PORTA EXTERNA, EM ACO INOX, BROCA DE 45 A 55 MM, LINGUETA COM 3 AVANCOS, INCLUINDO 2 CHAVES TIPO CILINDRO",409,"ROSAURA ELSA TALAMINI BORSATO - EPP",171,CJ,23488.56,19889.01,137.36,116.31
82.695.370/0001-55,3401023534,"FECHADURA DE SOBREPOR PARA GAVETAS E ARMARIOS, EM ACO INOX COM ACABAMENTO CROMADO, COM CILINDRO DE APROX 20 MM",411,"ROSAURA ELSA TALAMINI BORSATO - EPP",286,CJT,4198.48,3552.12,14.68,12.42
82.695.370/0001-55,3401023538,"FECHADURA ESPELHO PARA PORTA DE BANHEIRO, EM ACO INOX (MAQUINA, TESTA E CONTRA-TESTA) E EM ZAMAC (MACANETA, LINGUETA E TRINCOS) COM ACABAMENTO CROMADO, MAQUINA DE 40 MM, INCLUINDO CHAVE TIPO TRANQUETA",413,"ROSAURA ELSA TALAMINI BORSATO - EPP",211,CJ,12322.4,10431.84,58.4,49.44
82.695.370/0001-55,3401023542,"FECHADURA ESPELHO PARA PORTA INTERNA, EM ACO INOX (MAQUINA, TESTA E CONTRA-TESTA) E EM ZAMAC (MACANETA, LINGUETA E TRINCOS) COM ACABAMENTO CROMADO, MAQUINA DE 40 MM, INCLUINDO CHAVE TIPO INTERNA",415,"ROSAURA ELSA TALAMINI BORSATO - EPP",198,CJ,13123.44,11111.76,66.28,56.12
82.695.370/0001-55,3401023544,"FECHADURA ROSETA REDONDA PARA PORTA DE BANHEIRO, EM ACO INOX (MAQUINA, TESTA E CONTRA-TESTA) E EM ZAMAC (MACANETA, LINGUETA E TRINCOS) COM ACABAMENTO CROMADO, MAQUINA DE 40 MM, INCLUINDO CHAVE TIPO TRANQUETA",417,"ROSAURA ELSA TALAMINI BORSATO - EPP",166,CJ,13804.56,11688.06,83.16,70.41
82.695.370/0001-55,3401023546,"FECHADURA ROSETA REDONDA PARA PORTA INTERNA, EM ACO INOX (MAQUINA, TESTA E CONTRA-TESTA) E EM ZAMAC (MACANETA, LINGUETA E TRINCOS) COM ACABAMENTO CROMADO, MAQUINA DE 40 MM, INCLUINDO CHAVE TIPO INTERNA (CONJUNTO DE FECHADURAS)",419,"ROSAURA ELSA TALAMINI BORSATO - EPP",169,CJ,13942.5,11804.65,82.5,69.85
82.695.370/0001-55,3401023548,"FITA ADESIVA ASFALTICA ALUMINIZADA MULTIUSO, L = 10 CM, ROLO DE 10 M",421,"ROSAURA ELSA TALAMINI BORSATO - EPP",289,UND,32512.5,7080.5,112.5,24.5
82.695.370/0001-55,3401024099,"FITA CREPE PARA ISOLAMENTO DE PINTURA 48MM",423,"ROSAURA ELSA TALAMINI BORSATO - EPP",305,UND,4538.4,3782,14.88,12.4
82.695.370/0001-55,3401020133,"FITA ISOLANTE ADESIVA ANTICHAMA, USO ATE 750 V, EM ROLO DE 19 MM X 20 M",425,"ROSAURA ELSA TALAMINI BORSATO - EPP",305,UND,3373.3,1979.45,11.06,6.49
82.695.370/0001-55,3401020135,"FITA ISOLANTE DE BORRACHA AUTOFUSAO, USO ATE 69 KV (ALTA TENSAO)",427,"ROSAURA ELSA TALAMINI BORSATO - EPP",710,MTR,1065,894.6,1.5,1.26
82.695.370/0001-55,3401020137,"FITA VEDA ROSCA EM ROLOS DE 18 MM X 25 M (L X C)",429,"ROSAURA ELSA TALAMINI BORSATO - EPP",435,UND,4193.4,1518.15,9.64,3.49
82.695.370/0001-55,3401023551,"FORRO DE MADEIRA CEDRINHO OU EQUIVALENTE DA REGIAO, ENCAIXE MACHO/FEMEA COM FRISO, *10 X 1* CM (SEM COLOCACAO)",432,"ROSAURA ELSA TALAMINI BORSATO - EPP",487,M²,64444.71,54568.35,132.33,112.05
82.695.370/0001-55,10298894,"Forro de pinus 1ª",434,"ROSAURA ELSA TALAMINI BORSATO - EPP",425,M2,10557,8933.5,24.84,21.02
82.695.370/0001-55,3401023556,"FOSSA SEPTICA, SEM FILTRO, PARA 15 A 30 CONTRIBUINTES, CILINDRICA, COM TAMPA, EM POLIETILENO DE ALTA DENSIDADE (PEAD), CAPACIDADE APROXIMADA DE 5500 LITROS (NBR 7229)",438,"ROSAURA ELSA TALAMINI BORSATO - EPP",20,UND,132441.92,86200,5093.92,4310
82.695.370/0001-55,3401023556,"FOSSA SEPTICA, SEM FILTRO, PARA 15 A 30 CONTRIBUINTES, CILINDRICA, COM TAMPA, EM POLIETILENO DE ALTA DENSIDADE (PEAD), CAPACIDADE APROXIMADA DE 5500 LITROS (NBR 7229)",439,"ROSAURA ELSA TALAMINI BORSATO - EPP",6,UND,132441.92,25860,5093.92,4310
82.695.370/0001-55,3401023587,"GRAMPO DE ACO POLIDO 1 "" X 9",440,"ROSAURA ELSA TALAMINI BORSATO - EPP",57,KG,1146.84,970.71,20.12,17.03
82.695.370/0001-55,3401023589,"GRAMPO METALICO TIPO OLHAL PARA HASTE DE ATERRAMENTO DE 1/2'', CONDUTOR DE *10* A 50 MM2",442,"ROSAURA ELSA TALAMINI BORSATO - EPP",72,UND,393.12,331.92,5.46,4.61
82.695.370/0001-55,3401023590,"GRAMPO METALICO TIPO OLHAL PARA HASTE DE ATERRAMENTO DE 5/8'', CONDUTOR DE *10* A 50 MM2",443,"ROSAURA ELSA TALAMINI BORSATO - EPP",72,UND,403.2,340.56,5.6,4.73
82.695.370/0001-55,3401023591,"GRAMPO PARALELO METALICO PARA CABO DE 6 A 50 MM2, COM 2 PARAFUSOS",444,"ROSAURA ELSA TALAMINI BORSATO - EPP",97,UND,1115.5,943.81,11.5,9.73
82.695.370/0001-55,3401023596,"GUARNICAO / ALIZAR / VISTA, E = *1,5* CM, L = *5,0* CM, EM POLIESTIRENO, BRANCO (JOGO PARA 1 FACE)",449,"ROSAURA ELSA TALAMINI BORSATO - EPP",158,JG,36346.32,30776.82,230.04,194.79
82.695.370/0001-55,3401023598,"HASTE ANCORA EM ACO GALVANIZADO, DIMENSOES 16 MM X 2000 MM",451,"ROSAURA ELSA TALAMINI BORSATO - EPP",184,UND,29504.4,24981.68,160.35,135.77
82.695.370/0001-55,3401023599,"HASTE DE ACO GALVANIZADO PARA FIXACAO DE CONCERTINA 2 ""/3 M",452,"ROSAURA ELSA TALAMINI BORSATO - EPP",389,UND,13828.95,11705.01,35.55,30.09
82.695.370/0001-55,3401023600,"HASTE RETA PARA GANCHO DE FERRO GALVANIZADO, COM ROSCA 1/4 "" X 30 CM PARA FIXACAO DE TELHA METALICA, INCLUI PORCA E ARRUELAS DE VEDACAO",453,"ROSAURA ELSA TALAMINI BORSATO - EPP",617,UN,1166.13,981.03,1.89,1.59
82.695.370/0001-55,3401023601,"HASTE RETA PARA GANCHO DE FERRO GALVANIZADO, COM ROSCA 5/16"" X 40 CM PARA FIXACAO DE TELHA DE FIBROCIMENTO, INCLUI PORCA SEXTAVADA DE  ZINCO",454,"ROSAURA ELSA TALAMINI BORSATO - EPP",467,UND,1868,1578.46,4,3.38
82.695.370/0001-55,3401023943,"INTERRUPTOR BIPOLAR SIMPLES 10 A, 250 V (APENAS MODULO)",456,"ROSAURA ELSA TALAMINI BORSATO - EPP",137,UND,2474.22,2093.36,18.06,15.28
82.695.370/0001-55,3401023945,"INTERRUPTOR INTERMEDIARIO 10A, 250V, CONJUNTO MONTADO PARA EMBUTIR 4"" X 2"" (PLACA + SUPORTE + MODULO)",458,"ROSAURA ELSA TALAMINI BORSATO - EPP",142,UN,4069.72,3444.92,28.66,24.26
82.695.370/0001-55,3401023947,"INTERRUPTOR PARALELO 10A, 250V (APENAS MODULO)",460,"ROSAURA ELSA TALAMINI BORSATO - EPP",182,UN,1652.56,1397.76,9.08,7.68
82.695.370/0001-55,3401023949,"INTERRUPTOR SIMPLES + 2 INTERRUPTORES PARALELOS 10A, 250V, CONJUNTO MONTADO PARA EMBUTIR 4"" X 2"" (PLACA + SUPORTE + MODULOS)",462,"ROSAURA ELSA TALAMINI BORSATO - EPP",162,UN,2514.24,2127.06,15.52,13.13
82.695.370/0001-55,3401023951,"INTERRUPTOR SIMPLES + INTERRUPTOR PARALELO 10A, 250V, CONJUNTO MONTADO PARA EMBUTIR 4"" X 2"" (PLACA + SUPORTE + MODULOS)",464,"ROSAURA ELSA TALAMINI BORSATO - EPP",137,UN,2175.56,1841.28,15.88,13.44
82.695.370/0001-55,3401023952,"INTERRUPTOR SIMPLES 10A, 250V (APENAS MODULO)",466,"ROSAURA ELSA TALAMINI BORSATO - EPP",147,UN,1024.59,865.83,6.97,5.89
82.695.370/0001-55,3401023954,"INTERRUPTOR SIMPLES 10A, 250V, CONJUNTO MONTADO PARA SOBREPOR 4"" X 2"" (CAIXA + 2 MODULOS)",468,"ROSAURA ELSA TALAMINI BORSATO - EPP",138,UN,1744.32,1475.22,12.64,10.69
82.695.370/0001-55,3401023956,"INTERRUPTORES PARALELOS (2 MODULOS) 10A, 250V, CONJUNTO MONTADO PARA EMBUTIR 4"" X 2"" (PLACA + SUPORTE + MODULOS)",470,"ROSAURA ELSA TALAMINI BORSATO - EPP",137,UN,2324.89,1967.32,16.97,14.36
82.695.370/0001-55,3401023959,"INTERRUPTORES SIMPLES (2 MODULOS) + TOMADA 2P+T 10A, 250V, CONJUNTO MONTADO PARA EMBUTIR 4"" X 2"" (PLACA + SUPORTE + MODULOS)",472,"ROSAURA ELSA TALAMINI BORSATO - EPP",162,UN,3586.68,3035.88,22.14,18.74
82.695.370/0001-55,3401023961,"INTERRUPTORES SIMPLES (3 MODULOS) 10A, 250V, CONJUNTO MONTADO PARA EMBUTIR 4"" X 2"" (PLACA + SUPORTE + MODULOS)",474,"ROSAURA ELSA TALAMINI BORSATO - EPP",177,UN,3108.12,2630.22,17.56,14.86
82.695.370/0001-55,3401023963,"JANELA BASCULANTE EM MADEIRA PINUS/ EUCALIPTO/ TAUARI/ VIROLA OU EQUIVALENTE DA REGIAO, CAIXA DO BATENTE/ MARCO *10* CM, *2* FOLHAS BASCULANTES PARA VIDRO, COM FERRAGENS (SEM VIDRO, SEM GUARNICAO/ALIZAR E SEM ACABAMENTO)",476,"ROSAURA ELSA TALAMINI BORSATO - EPP",4,M²,3914.24,3314.52,978.56,828.63
82.695.370/0001-55,3401023965,"JANELA BASCULANTE, EM ALUMINIO PERFIL 20, 80 X 60 CM (A X L), 4 FLS (1 FIXA E 3 MOVEIS), ACABAMENTO BRANCO OU BRILHANTE, BATENTE DE 3 A 4 CM, COM VIDRO, SEM GUARNICAO",478,"ROSAURA ELSA TALAMINI BORSATO - EPP",72,UN,9457.92,8008.56,131.36,111.23
82.695.370/0001-55,3401023972,"JANELA DE CORRER, EM ALUMINIO PERFIL 25, 100 X 150 CM (A X L), 2 FLS MOVEIS,  SEM BANDEIRA, ACABAMENTO BRANCO OU BRILHANTE, BATENTE DE 6 A 7 CM, COM VIDRO, SEM GUARNICAO",485,"ROSAURA ELSA TALAMINI BORSATO - EPP",22,UN,7213.8,6108.52,327.9,277.66
82.695.370/0001-55,3401023974,"JANELA FIXA, EM ALUMINIO PERFIL 20, 60  X 80 CM (A X L), BATENTE/REQUADRO DE 3 A 14 CM, COM VIDRO 4 MM, SEM GUARNICAO/ALIZAR, ACABAMENTO ALUM BRANCO OU BRILHANTE",487,"ROSAURA ELSA TALAMINI BORSATO - EPP",34,M²,15776,13358.94,464,392.91
82.695.370/0001-55,3401023977,"JOELHO CPVC, SOLDAVEL, 45 GRAUS, 15 MM, PARA AGUA QUENTE",490,"ROSAURA ELSA TALAMINI BORSATO - EPP",450,UN,1611,1359,3.58,3.02
82.695.370/0001-55,3401023978,"JOELHO CPVC, SOLDAVEL, 45 GRAUS, 22 MM, PARA AGUA QUENTE",491,"ROSAURA ELSA TALAMINI BORSATO - EPP",350,UN,1673,1414,4.78,4.04
82.695.370/0001-55,3401023979,"JOELHO CPVC, SOLDAVEL, 45 GRAUS, 28 MM, PARA AGUA QUENTE",492,"ROSAURA ELSA TALAMINI BORSATO - EPP",550,UN,3800.5,3212,6.91,5.84
82.695.370/0001-55,3401023980,"JOELHO CPVC, SOLDAVEL, 45 GRAUS, 35 MM, PARA AGUA QUENTE",493,"ROSAURA ELSA TALAMINI BORSATO - EPP",290,UN,3517.7,2975.4,12.13,10.26
82.695.370/0001-55,3401023981,"JOELHO CPVC, SOLDAVEL, 45 GRAUS, 42 MM, PARA AGUA QUENTE",494,"ROSAURA ELSA TALAMINI BORSATO - EPP",295,UN,6012.1,5088.75,20.38,17.25
82.695.370/0001-55,3401023982,"JOELHO CPVC, SOLDAVEL, 90 GRAUS, 15 MM, PARA AGUA QUENTE",495,"ROSAURA ELSA TALAMINI BORSATO - EPP",290,UN,826.5,696,2.85,2.4
82.695.370/0001-55,3401023983,"JOELHO CPVC, SOLDAVEL, 90 GRAUS, 22 MM, PARA AGUA QUENTE",496,"ROSAURA ELSA TALAMINI BORSATO - EPP",290,UN,1015,855.5,3.5,2.95
82.695.370/0001-55,3401023984,"JOELHO CPVC, SOLDAVEL, 90 GRAUS, 28 MM, PARA AGUA QUENTE",497,"ROSAURA ELSA TALAMINI BORSATO - EPP",290,UN,2157.6,1824.1,7.44,6.29
82.695.370/0001-55,3401023985,"JOELHO CPVC, SOLDAVEL, 90 GRAUS, 35 MM, PARA AGUA QUENTE",498,"ROSAURA ELSA TALAMINI BORSATO - EPP",280,UN,3768.8,3189.2,13.46,11.39
82.695.370/0001-55,3401023986,"JOELHO CPVC, SOLDAVEL, 90 GRAUS, 42 MM, PARA AGUA QUENTE",499,"ROSAURA ELSA TALAMINI BORSATO - EPP",215,UN,4450.5,3766.8,20.7,17.52
82.695.370/0001-55,3401023987,"JOELHO PPR 45 GRAUS, SOLDAVEL,  DN 20 MM, PARA AGUA QUENTE PREDIAL",500,"ROSAURA ELSA TALAMINI BORSATO - EPP",400,UN,792,672,1.98,1.68
82.695.370/0001-55,3401023988,"JOELHO PPR 45 GRAUS, SOLDAVEL, DN 25 MM, PARA AGUA QUENTE PREDIAL",501,"ROSAURA ELSA TALAMINI BORSATO - EPP",400,UN,1088,916,2.72,2.29
82.695.370/0001-55,3401023989,"JOELHO PPR, 45 GRAUS, SOLDAVEL, DN 32 MM, PARA AGUA QUENTE PREDIAL",502,"ROSAURA ELSA TALAMINI BORSATO - EPP",420,UND,2805.6,2373,6.68,5.65
82.695.370/0001-55,3401023990,"JOELHO PPR, 90 GRAUS, SOLDAVEL, DN 20 MM, PARA AGUA QUENTE PREDIAL",503,"ROSAURA ELSA TALAMINI BORSATO - EPP",420,UN,739.2,621.6,1.76,1.48
82.695.370/0001-55,3401023991,"JOELHO PPR, 90 GRAUS, SOLDAVEL, DN 25 MM, PARA AGUA QUENTE PREDIAL",504,"ROSAURA ELSA TALAMINI BORSATO - EPP",420,UN,991.2,835.8,2.36,1.99
82.695.370/0001-55,3401023992,"JOELHO PPR, 90 GRAUS, SOLDAVEL, DN 32 MM, PARA AGUA QUENTE PREDIAL",505,"ROSAURA ELSA TALAMINI BORSATO - EPP",420,UN,1512,1276.8,3.6,3.04
82.695.370/0001-55,3401023993,"JOELHO PPR, 90 GRAUS, SOLDAVEL, DN 40 MM, PARA AGUA QUENTE PREDIAL",506,"ROSAURA ELSA TALAMINI BORSATO - EPP",410,UN,3321,2808.5,8.1,6.85
82.695.370/0001-55,3401024104,"JOELHO PVC, SOLDAVEL, PB, 90 GRAUS, DN 100 MM, PARA ESGOTO PREDIAL",529,"ROSAURA ELSA TALAMINI BORSATO - EPP",295,UN,2572.4,2174.15,8.72,7.37
82.695.370/0001-55,3401024106,"JOELHO PVC, SOLDAVEL, PB, 90 GRAUS, DN 40 MM, PARA ESGOTO PREDIAL",531,"ROSAURA ELSA TALAMINI BORSATO - EPP",380,UN,889.2,748.6,2.34,1.97
82.695.370/0001-55,3401024108,"JOELHO PVC, SOLDAVEL, PB, 90 GRAUS, DN 75 MM, PARA ESGOTO PREDIAL",533,"ROSAURA ELSA TALAMINI BORSATO - EPP",380,UN,2774,2344.6,7.3,6.17
82.695.370/0001-55,3401024110,"JOELHO, PVC SOLDAVEL, 45 GRAUS, 25 MM, PARA AGUA FRIA PREDIAL",535,"ROSAURA ELSA TALAMINI BORSATO - EPP",380,UN,600.4,509.2,1.58,1.34
82.695.370/0001-55,3401024112,"JOELHO, PVC SOLDAVEL, 45 GRAUS, 40 MM, PARA AGUA FRIA PREDIAL",537,"ROSAURA ELSA TALAMINI BORSATO - EPP",380,UN,2378.8,2010.2,6.26,5.29
82.695.370/0001-55,3401024114,"JOGO DE BROCAS DE AÇO RÁPIDO PARA METAL 3 A 8MM 6 PEÇAS",539,"ROSAURA ELSA TALAMINI BORSATO - EPP",259,UND,16713.27,14149.17,64.53,54.63
82.695.370/0001-55,3401024116,"JUNCAO SIMPLES, PVC SERIE R, DN 100 X 100 MM, PARA ESGOTO OU AGUAS PLUVIAIS PREDIAIS",541,"ROSAURA ELSA TALAMINI BORSATO - EPP",141,UN,8022.9,6791.97,56.9,48.17
82.695.370/0001-55,3401024118,"JUNCAO SIMPLES, PVC SERIE R, DN 150 X 100 MM, PARA ESGOTO OU AGUAS PLUVIAIS PREDIAIS",543,"ROSAURA ELSA TALAMINI BORSATO - EPP",131,UN,18397.64,15577.21,140.44,118.91
82.695.370/0001-55,3401024120,"JUNCAO SIMPLES, PVC SERIE R, DN 40 X 40 MM, PARA ESGOTO OU AGUAS PLUVIAIS PREDIAIS",545,"ROSAURA ELSA TALAMINI BORSATO - EPP",169,UN,1521,1286.09,9,7.61
82.695.370/0001-55,3401024123,"JUNCAO SIMPLES, PVC SERIE R, DN 75 X 75 MM, PARA ESGOTO OU AGUAS PLUVIAIS PREDIAIS",547,"ROSAURA ELSA TALAMINI BORSATO - EPP",144,UN,5587.2,4730.4,38.8,32.85
82.695.370/0001-55,3401024124,"JUNCAO SIMPLES, PVC, 45 GRAUS, DN 40 X 40 MM, SERIE NORMAL PARA ESGOTO PREDIAL",549,"ROSAURA ELSA TALAMINI BORSATO - EPP",164,UN,651.08,549.4,3.97,3.35
82.695.370/0001-55,3401024126,"JUNCAO SIMPLES, PVC, DN 100 X 75 MM, SERIE NORMAL PARA ESGOTO PREDIAL",551,"ROSAURA ELSA TALAMINI BORSATO - EPP",154,UN,2799.72,2366.98,18.18,15.37
82.695.370/0001-55,3401024128,"JUNCAO SIMPLES, PVC, DN 75 X 50 MM, SERIE NORMAL PARA ESGOTO PREDIAL",553,"ROSAURA ELSA TALAMINI BORSATO - EPP",144,UN,2036.16,1722.24,14.14,11.96
82.695.370/0001-55,3401024130,"KIT CHAVE COMBINADAS 12 PEÇAS 6 A 22MM (CHAVE DE BOCA)",555,"ROSAURA ELSA TALAMINI BORSATO - EPP",78,UND,9059.7,7671.3,116.15,98.35
82.695.370/0001-55,3401024132,"LAMPADA DE LUZ MISTA 250 W, BASE E27 (220 V)",557,"ROSAURA ELSA TALAMINI BORSATO - EPP",195,UN,5682.3,4810.65,29.14,24.67
82.695.370/0001-55,3401024134,"LAMPADA FLUORESCENTE COMPACTA 2U BRANCA 15 W, BASE E27 (127/220 V)",559,"ROSAURA ELSA TALAMINI BORSATO - EPP",560,UN,8870.4,7504,15.84,13.4
82.695.370/0001-55,3401024136,"LAMPADA FLUORESCENTE COMPACTA 3U BRANCA 20 W, BASE E27 (127/220 V)",561,"ROSAURA ELSA TALAMINI BORSATO - EPP",510,UN,9215.7,7797.9,18.07,15.29
82.695.370/0001-55,3401024138,"LAMPADA FLUORESCENTE ESPIRAL BRANCA 65 W, BASE E27 (127/220 V)",563,"ROSAURA ELSA TALAMINI BORSATO - EPP",400,UN,44152,37384,110.38,93.46
82.695.370/0001-55,3401024139,"LAMPADA LED 6 W BIVOLT BRANCA, FORMATO TRADICIONAL (BASE E27)",565,"ROSAURA ELSA TALAMINI BORSATO - EPP",985,UN,5181.1,4373.4,5.26,4.44
82.695.370/0001-55,3401024141,"LAMPADA LED BULBO 6500K E27 15W",567,"ROSAURA ELSA TALAMINI BORSATO - EPP",780,UND,13236.6,11200.8,16.97,14.36
82.695.370/0001-55,3401024143,"LAMPADA LED BULBO 6500K E27 30W",569,"ROSAURA ELSA TALAMINI BORSATO - EPP",720,UND,18172.8,15379.2,25.24,21.36
82.695.370/0001-55,3401024145,"LAMPADA LED BULBO 6500K E27 50W",571,"ROSAURA ELSA TALAMINI BORSATO - EPP",670,UND,38565.2,32649.1,57.56,48.73
82.695.370/0001-55,3401024147,"LAMPADA LED TUBULAR BIVOLT 18/20 W, BASE G13",573,"ROSAURA ELSA TALAMINI BORSATO - EPP",990,UN,11503.8,9731.7,11.62,9.83
82.695.370/0001-55,3401024149,"LAMPADA LED TUBULAR T8 18W",575,"ROSAURA ELSA TALAMINI BORSATO - EPP",1070,UND,28055.4,23743.3,26.22,22.19
82.695.370/0001-55,3401024153,"LAMPADA VAPOR DE SODIO OVOIDE 400 W (BASE E40)",579,"ROSAURA ELSA TALAMINI BORSATO - EPP",285,UN,21209.7,17957.85,74.42,63.01
82.695.370/0001-55,3401024155,"LAMPADA VAPOR METALICO TUBULAR 400 W (BASE E40)",581,"ROSAURA ELSA TALAMINI BORSATO - EPP",280,UN,28630,24242.4,102.25,86.58
82.695.370/0001-55,3401024158,"LIXA ÁGUA EM FOLHA - GRAMATURA 220, 180 OU 150 (CONFORME NECESSIDADE)",584,"ROSAURA ELSA TALAMINI BORSATO - EPP",745,FL,1683.7,1370.8,2.26,1.84
82.695.370/0001-55,3401024159,"LIXA D'AGUA EM FOLHA, GRAO 100",585,"ROSAURA ELSA TALAMINI BORSATO - EPP",370,UN,836.2,684.5,2.26,1.85
82.695.370/0001-55,3401020145,"LONA PLASTICA PESADA PRETA, E = 150 MICRA",591,"ROSAURA ELSA TALAMINI BORSATO - EPP",4400,Mt²,6600,5588,1.5,1.27
82.695.370/0001-55,3401024163,"LUVA CPVC, SOLDAVEL, 15 MM, PARA AGUA QUENTE PREDIAL",592,"ROSAURA ELSA TALAMINI BORSATO - EPP",420,UN,940.8,793.8,2.24,1.89
82.695.370/0001-55,3401024164,"LUVA CPVC, SOLDAVEL, 22 MM, PARA AGUA QUENTE PREDIAL",593,"ROSAURA ELSA TALAMINI BORSATO - EPP",430,UN,1247,1053.5,2.9,2.45
82.695.370/0001-55,3401024165,"LUVA CPVC, SOLDAVEL, 28 MM, PARA AGUA QUENTE PREDIAL",594,"ROSAURA ELSA TALAMINI BORSATO - EPP",430,UN,2777.8,2347.8,6.46,5.46
82.695.370/0001-55,3401024166,"LUVA CPVC, SOLDAVEL, 35 MM, PARA AGUA QUENTE PREDIAL",595,"ROSAURA ELSA TALAMINI BORSATO - EPP",370,UN,5316.9,4499.2,14.37,12.16
82.695.370/0001-55,3401024167,"LUVA CPVC, SOLDAVEL, 42 MM, PARA AGUA QUENTE PREDIAL",596,"ROSAURA ELSA TALAMINI BORSATO - EPP",380,UN,7554.4,6391.6,19.88,16.82
82.695.370/0001-55,3401024168,"LUVA DE CORRER PARA TUBO SOLDAVEL, PVC, 20 MM, PARA AGUA FRIA PREDIAL",597,"ROSAURA ELSA TALAMINI BORSATO - EPP",390,UN,4293.9,3630.9,11.01,9.31
82.695.370/0001-55,3401024170,"LUVA DE CORRER PARA TUBO SOLDAVEL, PVC, 32 MM, PARA AGUA FRIA PREDIAL",599,"ROSAURA ELSA TALAMINI BORSATO - EPP",375,UN,8535,7222.5,22.76,19.26
82.695.370/0001-55,3401024171,"LUVA DE CORRER PARA TUBO SOLDAVEL, PVC, 50 MM, PARA AGUA FRIA PREDIAL",600,"ROSAURA ELSA TALAMINI BORSATO - EPP",385,UN,11419.1,9667.35,29.66,25.11
82.695.370/0001-55,3401024173,"LUVA DE CORRER PVC, JE, DN 100 MM, PARA REDE COLETORA DE ESGOTO (NBR 10569)",602,"ROSAURA ELSA TALAMINI BORSATO - EPP",257,UN,4847.02,4101.72,18.86,15.96
82.695.370/0001-55,3401024175,"LUVA DE CORRER, CPVC, SOLDAVEL, 15 MM, PARA AGUA QUENTE PREDIAL",604,"ROSAURA ELSA TALAMINI BORSATO - EPP",210,UN,1759.8,1488.9,8.38,7.09
82.695.370/0001-55,3401024176,"LUVA DE CORRER, CPVC, SOLDAVEL, 22 MM, PARA AGUA QUENTE PREDIAL",605,"ROSAURA ELSA TALAMINI BORSATO - EPP",210,UN,2551.5,2158.8,12.15,10.28
82.695.370/0001-55,3401024177,"LUVA DE CORRER, CPVC, SOLDAVEL, 28 MM, PARA AGUA QUENTE PREDIAL",606,"ROSAURA ELSA TALAMINI BORSATO - EPP",210,UN,3771.6,3192,17.96,15.2
82.695.370/0001-55,3401024178,"LUVA DE CORRER, CPVC, SOLDAVEL, 35 MM, PARA AGUA QUENTE PREDIAL",607,"ROSAURA ELSA TALAMINI BORSATO - EPP",210,UN,5298.3,4483.5,25.23,21.35
82.695.370/0001-55,3401024179,"LUVA DE CORRER, CPVC, SOLDAVEL, 42 MM, PARA AGUA QUENTE PREDIAL",608,"ROSAURA ELSA TALAMINI BORSATO - EPP",235,UN,8422.4,7129.9,35.84,30.34
82.695.370/0001-55,3401024181,"LUVA DE CORRER, PVC SERIE R, 100 MM, PARA ESGOTO OU AGUAS PLUVIAIS PREDIAIS",610,"ROSAURA ELSA TALAMINI BORSATO - EPP",225,UN,5634,4767.75,25.04,21.19
82.695.370/0001-55,3401024183,"LUVA DE CORRER, PVC SERIE R, 75 MM, PARA ESGOTO OU AGUAS PLUVIAIS PREDIAIS",612,"ROSAURA ELSA TALAMINI BORSATO - EPP",145,UN,1744.35,1476.1,12.03,10.18
82.695.370/0001-55,3401023621,"LUVA DE CORRER, PVC, DN 50 MM, PARA ESGOTO PREDIAL",614,"ROSAURA ELSA TALAMINI BORSATO - EPP",265,UN,3047.5,2578.45,11.5,9.73
82.695.370/0001-55,3401023623,"LUVA DE TRANSICAO DE CPVC X PVC, SOLDAVEL, 22 X 25 MM, PARA AGUA QUENTE",616,"ROSAURA ELSA TALAMINI BORSATO - EPP",215,UN,614.9,518.15,2.86,2.41
82.695.370/0001-55,3401023624,"LUVA DE TRANSICAO, CPVC, 15 MM X 1/2"", PARA AGUA QUENTE PREDIAL",617,"ROSAURA ELSA TALAMINI BORSATO - EPP",240,UN,3499.2,2961.6,14.58,12.34
82.695.370/0001-55,3401023625,"LUVA DE TRANSICAO, CPVC, 22 MM X 1/2"", PARA AGUA QUENTE",618,"ROSAURA ELSA TALAMINI BORSATO - EPP",265,UN,3593.4,3039.55,13.56,11.47
82.695.370/0001-55,3401023626,"LUVA DE TRANSICAO, CPVC, SOLDAVEL, 42 MM X 1 1/2"", PARA AGUA QUENTE",619,"ROSAURA ELSA TALAMINI BORSATO - EPP",219,UN,31220.64,26435.49,142.56,120.71
82.695.370/0001-55,3401023629,"LUVA EM PVC RIGIDO ROSCAVEL, DE 1"", PARA ELETRODUTO",622,"ROSAURA ELSA TALAMINI BORSATO - EPP",230,UN,312.8,262.2,1.36,1.14
82.695.370/0001-55,3401023632,"Luva em PVC rígido rosqueável para eletroduto de 2""",625,"ROSAURA ELSA TALAMINI BORSATO - EPP",200,PC,842,714,4.21,3.57
82.695.370/0001-55,3401023212,"LUVA EM PVC RIGIDO ROSCAVEL, DE 3/4"", PARA ELETRODUTO",627,"ROSAURA ELSA TALAMINI BORSATO - EPP",390,UN,378.3,315.9,0.97,0.81
82.695.370/0001-55,3401023639,"MANGUEIRA CRISTAL, LISA, PVC TRANSPARENTE, 1/4"" X1,5 MM",635,"ROSAURA ELSA TALAMINI BORSATO - EPP",420,M,714,600.6,1.7,1.43
82.695.370/0001-55,3401024187,"MANGUEIRA DE NIVEL 10M",637,"ROSAURA ELSA TALAMINI BORSATO - EPP",72,UND,2908.8,2462.4,40.4,34.2
82.695.370/0001-55,3401023643,"MANTA ASFALTICA ELASTOMERICA EM POLIESTER ALUMINIZADA 3 MM, TIPO III, CLASSE B (NBR 9952)",640,"ROSAURA ELSA TALAMINI BORSATO - EPP",1264,M2,105733.75,67156.32,62.75,53.13
82.695.370/0001-55,3401023643,"MANTA ASFALTICA ELASTOMERICA EM POLIESTER ALUMINIZADA 3 MM, TIPO III, CLASSE B (NBR 9952)",641,"ROSAURA ELSA TALAMINI BORSATO - EPP",421,M2,105733.75,22367.73,62.75,53.13
82.695.370/0001-55,3401024188,"MAO FRANCESA 20CM",643,"ROSAURA ELSA TALAMINI BORSATO - EPP",190,UND,3549.2,3003.9,18.68,15.81
82.695.370/0001-55,3401024190,"MAO FRANCESA 40CM",645,"ROSAURA ELSA TALAMINI BORSATO - EPP",220,UND,6908,5847.6,31.4,26.58
82.695.370/0001-55,3401024192,"MARRETA COM CABO 5KG",647,"ROSAURA ELSA TALAMINI BORSATO - EPP",32,UND,4977.6,4214.72,155.55,131.71
82.695.370/0001-55,3401024649,"MATERIAL FILTRANTE (PEDREGULHO) 0,6 A 25,46 MM (COM FRETE INCLUSO)",656,"ROSAURA ELSA TALAMINI BORSATO - EPP",83,M3,247456,158110.85,2249.6,1904.95
82.695.370/0001-55,3401024649,"MATERIAL FILTRANTE (PEDREGULHO) 0,6 A 25,46 MM (COM FRETE INCLUSO)",657,"ROSAURA ELSA TALAMINI BORSATO - EPP",27,M3,247456,51433.65,2249.6,1904.95
82.695.370/0001-55,3401023650,"MEIA CANA DE MADEIRA CEDRINHO OU EQUIVALENTE DA REGIAO, ACABAMENTO PARA FORRO PAULISTA, *2,5 X 2,5* CM",660,"ROSAURA ELSA TALAMINI BORSATO - EPP",2145,M,21128.25,17867.85,9.85,8.33
82.695.370/0001-55,3401023652,"MOURAO CONCRETO CURVO, SECAO ""T"", H = 2,80 M + CURVA COM 0,45 M, COM FUROS PARA FIOS",663,"ROSAURA ELSA TALAMINI BORSATO - EPP",125,UN,8747.5,7406.25,69.98,59.25
82.695.370/0001-55,3401023654,"MOURAO DE CONCRETO RETO, SECAO QUADARA *10 X 10* CM, H= *2,30* M",665,"ROSAURA ELSA TALAMINI BORSATO - EPP",125,UN,7342.5,6216.25,58.74,49.73
82.695.370/0001-55,3401023655,"MOURAO DE CONCRETO RETO, SECAO QUADRADA, *10 X 10* CM, H= 3,00 M",666,"ROSAURA ELSA TALAMINI BORSATO - EPP",175,UN,12549.25,10624.25,71.71,60.71
82.695.370/0001-55,3401023656,"MOURAO DE CONCRETO RETO, TIPO ESTICADOR, *10 X 10* CM, H= 2,50 M",667,"ROSAURA ELSA TALAMINI BORSATO - EPP",130,UN,7861.1,6656,60.47,51.2
82.695.370/0001-55,3401023658,"NIPEL PVC, ROSCAVEL, 1 1/4"",  AGUA FRIA PREDIAL",669,"ROSAURA ELSA TALAMINI BORSATO - EPP",140,UN,1218,1030.4,8.7,7.36
82.695.370/0001-55,3401023660,"NIPEL PVC, ROSCAVEL, 1/2"",  AGUA FRIA PREDIAL",671,"ROSAURA ELSA TALAMINI BORSATO - EPP",146,UN,227.76,192.72,1.56,1.32
82.695.370/0001-55,3401023662,"NIPEL PVC, ROSCAVEL, 3/4"",  AGUA FRIA PREDIAL",673,"ROSAURA ELSA TALAMINI BORSATO - EPP",245,UN,514.5,433.65,2.1,1.77
82.695.370/0001-55,3401024200,"OCULOS DE PROTEÇÃO FUME",675,"ROSAURA ELSA TALAMINI BORSATO - EPP",306,UND,2686.68,2270.52,8.78,7.42
82.695.370/0001-55,3401024201,"PÁ DE CAVAR (BICO) COM CABO - MATERIAL AÇO FORJADO",677,"ROSAURA ELSA TALAMINI BORSATO - EPP",104,UND,4989.92,4224.48,47.98,40.62
82.695.370/0001-55,3401024203,"PÁ DE JUNTAR MODELO CONCHA COM CABO EM MADEIRA SIMPLES",679,"ROSAURA ELSA TALAMINI BORSATO - EPP",105,UND,4928.7,4172.7,46.94,39.74
82.695.370/0001-55,3401024204,"PARAFUSO CHIPBOARD CABEÇA CHATA, PHILLIPS, 3,0MM X 14MM.",680,"ROSAURA ELSA TALAMINI BORSATO - EPP",6300,UND,252,189,0.04,0.03
82.695.370/0001-55,3401024205,"PARAFUSO CHIPBOARD CABEÇA CHATA, PHILLIPS, 3,5MM X 16MM.",681,"ROSAURA ELSA TALAMINI BORSATO - EPP",6300,UND,378,315,0.06,0.05
82.695.370/0001-55,3401024206,"PARAFUSO CHIPBOARD CABEÇA CHATA, PHILLIPS, 3,5MM X 25MM.",682,"ROSAURA ELSA TALAMINI BORSATO - EPP",6300,UND,441,378,0.07,0.06
82.695.370/0001-55,3401024207,"PARAFUSO CHIPBOARD CABEÇA CHATA, PHILLIPS, 3,5MM X 30MM",683,"ROSAURA ELSA TALAMINI BORSATO - EPP",5600,UND,672,504,0.12,0.09
82.695.370/0001-55,3401024208,"PARAFUSO CHIPBOARD CABEÇA CHATA, PHILLIPS, 3,5MM X 40MM",684,"ROSAURA ELSA TALAMINI BORSATO - EPP",4600,UND,782,644,0.17,0.14
82.695.370/0001-55,3401024209,"PARAFUSO CHIPBOARD CABEÇA CHATA, PHILLIPS, 4,0MM X 16MM.",685,"ROSAURA ELSA TALAMINI BORSATO - EPP",6600,UND,726,528,0.11,0.08
82.695.370/0001-55,3401024210,"PARAFUSO CHIPBOARD CABEÇA CHATA, PHILLIPS, 4,0MM X 25MM.",686,"ROSAURA ELSA TALAMINI BORSATO - EPP",6300,UND,756,630,0.12,0.1
82.695.370/0001-55,3401024222,"PARAFUSO CHIPBOARD CABEÇA CHATA, PHILLIPS, 5,0MM X 70MM.",698,"ROSAURA ELSA TALAMINI BORSATO - EPP",2300,UND,1288,1058,0.56,0.46
82.695.370/0001-55,3401024223,"PARAFUSO CHIPBOARD CABEÇA CHATA, PHILLIPS, 5,0MM X 80MM.",699,"ROSAURA ELSA TALAMINI BORSATO - EPP",2300,UND,1380,1173,0.6,0.51
82.695.370/0001-55,3401020195,"PARAFUSO DE ACO TIPO CHUMBADOR PARABOLT, DIAMETRO 3/8"", COMPRIMENTO 75 MM",707,"ROSAURA ELSA TALAMINI BORSATO - EPP",820,UND,2919.2,2460,3.56,3
82.695.370/0001-55,3401023665,"PARAFUSO DE ACO ZINCADO COM ROSCA SOBERBA, CABECA CHATA E FENDA SIMPLES, DIAMETRO 4,2 MM, COMPRIMENTO * 32 * MM",709,"ROSAURA ELSA TALAMINI BORSATO - EPP",2850,UN,798,655.5,0.28,0.23
82.695.370/0001-55,3401023667,"PARAFUSO DE LATAO COM ACABAMENTO CROMADO PARA FIXAR PECA SANITARIA, INCLUI PORCA CEGA, ARRUELA E BUCHA DE NYLON TAMANHO S-10",711,"ROSAURA ELSA TALAMINI BORSATO - EPP",932,UN,6169.84,5228.52,6.62,5.61
82.695.370/0001-55,3401023669,"PARAFUSO DE LATAO COM ROSCA SOBERBA, CABECA CHATA E FENDA SIMPLES, DIAMETRO 3,2 MM, COMPRIMENTO 16 MM",713,"ROSAURA ELSA TALAMINI BORSATO - EPP",2700,UN,1026,837,0.38,0.31
82.695.370/0001-55,3401023671,"PARAFUSO DRY WALL, EM ACO ZINCADO, CABECA LENTILHA E PONTA AGULHA (LA), LARGURA 4,2 MM, COMPRIMENTO 13 MM",715,"ROSAURA ELSA TALAMINI BORSATO - EPP",2800,UN,784,644,0.28,0.23
82.695.370/0001-55,3401023673,"PARAFUSO FRANCES METRICO ZINCADO, DIAMETRO 12 MM, COMPRIMENTO 140MM, COM PORCA SEXTAVADA E ARRUELA DE PRESSAO MEDIA",717,"ROSAURA ELSA TALAMINI BORSATO - EPP",585,UN,17093.7,14467.05,29.22,24.73
82.695.370/0001-55,3401023675,"PARAFUSO FRANCES ZINCADO, DIAMETRO 1/2"", COMPRIMENTO 12"", COM PORCA E ARRUELA LISA MEDIA",719,"ROSAURA ELSA TALAMINI BORSATO - EPP",605,UN,12438.8,10527,20.56,17.4
82.695.370/0001-55,3401023677,"PARAFUSO FRANCES ZINCADO, DIAMETRO 1/2"", COMPRIMENTO 4"", COM PORCA E ARRUELA",721,"ROSAURA ELSA TALAMINI BORSATO - EPP",725,UN,5031.5,4255.75,6.94,5.87
82.695.370/0001-55,3401024230,"PARAFUSO FRANCÊS, 1/4'' X 1'', COM PORCA.",723,"ROSAURA ELSA TALAMINI BORSATO - EPP",2165,UND,1039.2,887.65,0.48,0.41
82.695.370/0001-55,3401024232,"PARAFUSO FRANCÊS, 1/4"" X 3"", COM PORCA.",725,"ROSAURA ELSA TALAMINI BORSATO - EPP",1365,UND,1774.5,1487.85,1.3,1.09
82.695.370/0001-55,3401024234,"PARAFUSO FRANCÊS, 5/16"" X 3"", COM PORCA.",727,"ROSAURA ELSA TALAMINI BORSATO - EPP",1365,UND,1651.65,1378.65,1.21,1.01
82.695.370/0001-55,3401024236,"PARAFUSO FRANCÊS, 5/16"" X 6"", COM PORCA.",729,"ROSAURA ELSA TALAMINI BORSATO - EPP",1365,UND,2757.3,2320.5,2.02,1.7
82.695.370/0001-55,3401024239,"PARAFUSO FRANCÊS, 5/16"" X 9"", COM PORCA.",731,"ROSAURA ELSA TALAMINI BORSATO - EPP",815,UND,2950.3,2493.9,3.62,3.06
82.695.370/0001-55,3401024241,"PARAFUSO MÁQUINA, CABEÇA REDONDA, FENDA, 1/4"" X 2.1/2""",733,"ROSAURA ELSA TALAMINI BORSATO - EPP",1970,UND,2482.2,2107.9,1.26,1.07
82.695.370/0001-55,3401024242,"PARAFUSO MÁQUINA, CABEÇA SEXTAVADA, 1/2"" X 3"".",734,"ROSAURA ELSA TALAMINI BORSATO - EPP",1120,UND,3001.6,2531.2,2.68,2.26
82.695.370/0001-55,3401024243,"PARAFUSO MÁQUINA, CABEÇA SEXTAVADA, 1/4"" X 2"".",735,"ROSAURA ELSA TALAMINI BORSATO - EPP",1120,UND,1355.2,1131.2,1.21,1.01
82.695.370/0001-55,3401024244,"PARAFUSO MÁQUINA, CABEÇA SEXTAVADA, 1/4"" X 2.1/2""",736,"ROSAURA ELSA TALAMINI BORSATO - EPP",1120,UND,1523.2,1288,1.36,1.15
82.695.370/0001-55,3401020196,"PARAFUSO NIQUELADO 3 1/2"" COM ACABAMENTO CROMADO PARA FIXAR PECA SANITARIA, INCLUI PORCA CEGA, ARRUELA E BUCHA DE NYLON TAMANHO S-8",737,"ROSAURA ELSA TALAMINI BORSATO - EPP",440,UND,10956,9275.2,24.9,21.08
82.695.370/0001-55,3401023679,"PARAFUSO NIQUELADO COM ACABAMENTO CROMADO PARA FIXAR PECA SANITARIA, INCLUI PORCA CEGA, ARRUELA E BUCHA DE NYLON TAMANHO S-10",738,"ROSAURA ELSA TALAMINI BORSATO - EPP",440,UN,14775.2,12509.2,33.58,28.43
82.695.370/0001-55,3401024247,"PARAFUSO PARA CAMA, FENDA, 1/4"" X 100MM, COM PORCA.",739,"ROSAURA ELSA TALAMINI BORSATO - EPP",1150,UND,805,667,0.7,0.58
82.695.370/0001-55,3401024248,"PARAFUSO PARA MADEIRA COM CABEÇA CHATA E FENDA SIMPLES, 4,2X30MM.",740,"ROSAURA ELSA TALAMINI BORSATO - EPP",1150,UND,218.5,184,0.19,0.16
82.695.370/0001-55,3401023680,"PARAFUSO ROSCA SOBERBA ZINCADO CABECA CHATA FENDA SIMPLES 3,2 X 20 MM (3/4 "")",741,"ROSAURA ELSA TALAMINI BORSATO - EPP",6100,UN,244,122,0.04,0.02
82.695.370/0001-55,3401023681,"PARAFUSO ROSCA SOBERBA ZINCADO CABECA CHATA FENDA SIMPLES 3,5 X 25 MM (1 "")",742,"ROSAURA ELSA TALAMINI BORSATO - EPP",5100,UN,357,255,0.07,0.05
82.695.370/0001-55,3401023692,"PARAFUSO, ASTM A307 - GRAU A, SEXTAVADO, ZINCADO, DIAMETRO 3/8"" (9,52 MM), COMPRIMENTO 1 "" (25,4 MM)",760,"ROSAURA ELSA TALAMINI BORSATO - EPP",327,CENT,55282.62,46810.05,169.06,143.15
82.695.370/0001-55,3401023694,"PEDRA BRITADA N. 1 (9,5 a 19 MM)",762,"ROSAURA ELSA TALAMINI BORSATO - EPP",633,M3,68364,56653.5,108,89.5
82.695.370/0001-55,3401023696,"PEDRA BRITADA N. 3 (38 A 50 MM)",764,"ROSAURA ELSA TALAMINI BORSATO - EPP",365,M3,37237.3,31390,102.02,86
82.695.370/0001-55,3401023698,"PEDRA BRITADA N. 5 (76 A 100 MM)",766,"ROSAURA ELSA TALAMINI BORSATO - EPP",365,M3,33791.7,28470,92.58,78
82.695.370/0001-55,3401024251,"PENEIRA DE AREIA EM PLÁTICO 55CM",768,"ROSAURA ELSA TALAMINI BORSATO - EPP",42,UND,1310.82,1109.64,31.21,26.42
82.695.370/0001-55,3401024253,"PINCEL PARA PINTURA RESIDENCIAL PROFISSIONAL 1''",770,"ROSAURA ELSA TALAMINI BORSATO - EPP",174,UND,1084.02,896.1,6.23,5.15
82.695.370/0001-55,3401024255,"PINCEL PARA PINTURA RESIDENCIAL PROFISSIONAL 2''",772,"ROSAURA ELSA TALAMINI BORSATO - EPP",164,UND,1325.12,1082.4,8.08,6.6
82.695.370/0001-55,3401024257,"PINCEL PARA PINTURA RESIDENCIAL PROFISSIONAL 3''",774,"ROSAURA ELSA TALAMINI BORSATO - EPP",139,UND,1690.24,1369.15,12.16,9.85
82.695.370/0001-55,3401020033,"PISO EM CERAMICA ESMALTADA EXTRA, PEI MAIOR OU IGUAL A 4, FORMATO MENOR OU IGUAL A 2025 CM2",778,"ROSAURA ELSA TALAMINI BORSATO - EPP",1625,M2,46263.75,39162.5,28.47,24.1
82.695.370/0001-55,3401023700,"PISO EM CERAMICA ESMALTADA, COMERCIAL (PADRAO POPULAR), PEI MAIOR OU IGUAL A 3, FORMATO MENOR OU IGUAL A  2025 CM2",779,"ROSAURA ELSA TALAMINI BORSATO - EPP",1535,M2,36256.7,30684.65,23.62,19.99
82.695.370/0001-55,3401020035,"PISO PORCELANATO, BORDA RETA, EXTRA, FORMATO MAIOR QUE 2025 CM2",780,"ROSAURA ELSA TALAMINI BORSATO - EPP",720,M2,87686.4,55684.8,91.34,77.34
82.695.370/0001-55,3401024259,"PLACA DE SAÍDA DE LED",782,"ROSAURA ELSA TALAMINI BORSATO - EPP",415,UND,33532,28390.15,80.8,68.41
82.695.370/0001-55,3401023701,"PLUG OU BUJAO DE FERRO GALVANIZADO, DE 1/2""",784,"ROSAURA ELSA TALAMINI BORSATO - EPP",106,UN,454.74,383.72,4.29,3.62
82.695.370/0001-55,3401023703,"PLUG PVC ROSCAVEL,  1/2"",  AGUA FRIA PREDIAL (NBR 5648)",786,"ROSAURA ELSA TALAMINI BORSATO - EPP",376,UN,263.2,221.84,0.7,0.59
82.695.370/0001-55,3401023705,"PORCA OLHAL EM ACO GALVANIZADO, ESPESSURA 16MM, ABERTURA 21MM",789,"ROSAURA ELSA TALAMINI BORSATO - EPP",225,UN,5523.75,4675.5,24.55,20.78
82.695.370/0001-55,3401023707,"PORCA UNIAO/JUNCAO ZINCADA SEXTAVADA 1/4 "", CHAVE 7/16 "", COMPRIMENTO = 25 MM",791,"ROSAURA ELSA TALAMINI BORSATO - EPP",715,UN,629.2,536.25,0.88,0.75
82.695.370/0001-55,3401020183,"PORCA ZINCADA, SEXTAVADA, DIAMETRO 1/2""",793,"ROSAURA ELSA TALAMINI BORSATO - EPP",1150,UND,782,667,0.68,0.58
82.695.370/0001-55,3401023710,"PORCA ZINCADA, SEXTAVADA, DIAMETRO 3/8""",795,"ROSAURA ELSA TALAMINI BORSATO - EPP",1350,UN,459,391.5,0.34,0.29
82.695.370/0001-55,3401020184,"PORCA ZINCADA, SEXTAVADA, DIAMETRO 5/8""",797,"ROSAURA ELSA TALAMINI BORSATO - EPP",900,UND,1593,1341,1.77,1.49
82.695.370/0001-55,3401023712,"PORTA DE ABRIR / GIRO, DE MADEIRA FOLHA MEDIA (NBR 15930) DE 1000 X 2100 MM, DE 35 MM A 40 MM DE ESPESSURA, NUCLEO SEMI-SOLIDO (SARRAFEADO), CAPA LISA EM HDF, ACABAMENTO EM LAMINADO NATURAL PARA VERNIZ",798,"ROSAURA ELSA TALAMINI BORSATO - EPP",59,UN,17930.69,15183.06,303.91,257.34
82.695.370/0001-55,3401023715,"PORTA DE ABRIR / GIRO, DE MADEIRA FOLHA MEDIA (NBR 15930) DE 900 X 2100 MM, DE 35 MM A 40 MM DE ESPESSURA, NUCLEO SEMI-SOLIDO (SARRAFEADO), CAPA LISA EM HDF, ACABAMENTO EM LAMINADO NATURAL PARA VERNIZ",801,"ROSAURA ELSA TALAMINI BORSATO - EPP",61,UN,17308.14,14655.86,283.74,240.26
82.695.370/0001-55,3401023716,"PORTA DE ABRIR EM ALUMINIO TIPO VENEZIANA, ACABAMENTO ANODIZADO NATURAL, SEM GUARNICAO/ALIZAR/VISTA, 87 X 210 CM",802,"ROSAURA ELSA TALAMINI BORSATO - EPP",57,UN,66533.82,56340.51,1167.26,988.43
82.695.370/0001-55,3401023719,"PORTA DE MADEIRA, FOLHA LEVE (NBR 15930) DE 600 X 2100 MM, DE 35 MM A 40 MM DE ESPESSURA, NUCLEO COLMEIA, CAPA LISA EM HDF, ACABAMENTO EM PRIMER PARA PINTURA",805,"ROSAURA ELSA TALAMINI BORSATO - EPP",57,UN,9800.01,8298.06,171.93,145.58
82.695.370/0001-55,3401023721,"PORTA DE MADEIRA, FOLHA LEVE (NBR 15930) DE 800 X 2100 MM, DE 35 MM A 40 MM DE ESPESSURA, NUCLEO COLMEIA, CAPA LISA EM HDF, ACABAMENTO EM PRIMER PARA PINTURA",807,"ROSAURA ELSA TALAMINI BORSATO - EPP",57,UN,10810.62,9153.63,189.66,160.59
82.695.370/0001-55,3401023723,"PORTA DE MADEIRA, FOLHA PESADA (NBR 15930) DE 800 X 2100 MM, DE 40 MM A 45 MM DE ESPESSURA, NUCLEO SOLIDO, CAPA LISA EM HDF, ACABAMENTO EM LAMINADO NATURAL PARA VERNIZ",809,"ROSAURA ELSA TALAMINI BORSATO - EPP",57,UN,24313.92,20588.4,426.56,361.2
82.695.370/0001-55,3401024261,"PREGO DE AÇO POLIDO 19X39",817,"ROSAURA ELSA TALAMINI BORSATO - EPP",430,KG,9227.8,7804.5,21.46,18.15
82.695.370/0001-55,3401024263,"PREGO DE AÇO POLIDO 26X84",819,"ROSAURA ELSA TALAMINI BORSATO - EPP",390,KG,11029.2,9336.6,28.28,23.94
82.695.370/0001-55,3401023729,"PREGO DE ACO POLIDO COM CABECA 12 X 12",821,"ROSAURA ELSA TALAMINI BORSATO - EPP",275,KG,7218.75,6110.5,26.25,22.22
82.695.370/0001-55,3401023731,"PREGO DE ACO POLIDO COM CABECA 15 X 18 (1 1/2 X 13)",823,"ROSAURA ELSA TALAMINI BORSATO - EPP",285,KG,6361.2,5383.65,22.32,18.89
82.695.370/0001-55,3401023733,"PREGO DE ACO POLIDO COM CABECA 16 X 27 (2 1/2 X 12)",825,"ROSAURA ELSA TALAMINI BORSATO - EPP",285,KG,5982.15,5061.6,20.99,17.76
82.695.370/0001-55,3401023740,"PREGO DE ACO POLIDO COM CABECA DUPLA 17 X 27 (2 1/2 X 11)",827,"ROSAURA ELSA TALAMINI BORSATO - EPP",1115,KG,22634.5,16156.35,20.3,14.49
82.695.370/0001-55,3401023737,"PREGO DE ACO POLIDO COM CABECA 18 X 27 (2 1/2 X 10)",829,"ROSAURA ELSA TALAMINI BORSATO - EPP",290,KG,5678.2,4805.3,19.58,16.57
82.695.370/0001-55,3401023739,"PREGO DE ACO POLIDO COM CABECA 22 X 48 (4 1/4 X 5)",831,"ROSAURA ELSA TALAMINI BORSATO - EPP",240,KG,4816.8,4077.6,20.07,16.99
82.695.370/0001-55,3401023741,"PREGO DE ACO POLIDO SEM CABECA 15 X 15 (1 1/4 X 13)",833,"ROSAURA ELSA TALAMINI BORSATO - EPP",210,KG,4704,3981.6,22.4,18.96
82.695.370/0001-55,3401020188,"PRUMO DE PAREDE EM ACO 700 A 750 G",835,"ROSAURA ELSA TALAMINI BORSATO - EPP",67,UND,4029.38,3411.64,60.14,50.92
82.695.370/0001-55,3401023743,"QUADRO DE DISTRIBUICAO, SEM BARRAMENTO, EM PVC, DE EMBUTIR, PARA 12 DISJUNTORES NEMA OU 16 DISJUNTORES DIN",836,"ROSAURA ELSA TALAMINI BORSATO - EPP",52,UN,5581.68,4575.48,107.34,87.99
82.695.370/0001-55,3401023746,"QUADRO DE DISTRIBUICAO, SEM BARRAMENTO, EM PVC, DE EMBUTIR, PARA 3 DISJUNTORES NEMA OU 4 DISJUNTORES DIN",839,"ROSAURA ELSA TALAMINI BORSATO - EPP",35,UN,1594.6,909.65,45.56,25.99
82.695.370/0001-55,3401023748,"QUADRO DE DISTRIBUICAO, SEM BARRAMENTO, EM PVC, DE SOBREPOR,  PARA 3 DISJUNTORES NEMA OU 4 DISJUNTORES DIN",841,"ROSAURA ELSA TALAMINI BORSATO - EPP",51,UN,2708.1,2292.96,53.1,44.96
82.695.370/0001-55,3401023750,"QUADRO DE DISTRIBUICAO, SEM BARRAMENTO, EM PVC, DE SOBREPOR, PARA 18 DISJUNTORES NEMA OU 24 DISJUNTORES DIN",843,"ROSAURA ELSA TALAMINI BORSATO - EPP",42,UN,9358.44,7924.14,222.82,188.67
82.695.370/0001-55,3401023751,"QUADRO DE DISTRIBUICAO, SEM BARRAMENTO, EM PVC, DE SOBREPOR, PARA 27 DISJUNTORES NEMA OU 36 DISJUNTORES DIN",844,"ROSAURA ELSA TALAMINI BORSATO - EPP",35,UN,10879.05,9212,310.83,263.2
82.695.370/0001-55,3401023753,"REATOR ELETRONICO BIVOLT PARA 1 LAMPADA FLUORESCENTE DE 18/20 W",847,"ROSAURA ELSA TALAMINI BORSATO - EPP",72,UN,2525.76,2138.4,35.08,29.7
82.695.370/0001-55,3401023756,"REATOR ELETRONICO BIVOLT PARA 2 LAMPADAS FLUORESCENTES DE 18/20 W",850,"ROSAURA ELSA TALAMINI BORSATO - EPP",52,UN,2395.12,2027.48,46.06,38.99
82.695.370/0001-55,3401023758,"REATOR P/ LAMPADA VAPOR DE SODIO 250W USO EXT",852,"ROSAURA ELSA TALAMINI BORSATO - EPP",43,UN,12870.76,10898.35,299.32,253.45
82.695.370/0001-55,3401023759,"REGISTRO DE ESFERA PVC, COM BORBOLETA, COM ROSCA EXTERNA, DE 1/2""",854,"ROSAURA ELSA TALAMINI BORSATO - EPP",153,UN,2616.3,2213.91,17.1,14.47
82.695.370/0001-55,3401023760,"REGISTRO DE ESFERA PVC, COM BORBOLETA, COM ROSCA EXTERNA, DE 3/4""",855,"ROSAURA ELSA TALAMINI BORSATO - EPP",147,UN,2954.7,2500.47,20.1,17.01
82.695.370/0001-55,3401023761,"REGISTRO DE ESFERA, PVC, COM VOLANTE, VS, ROSCAVEL, DN 1 1/2"", COM CORPO DIVIDIDO",856,"ROSAURA ELSA TALAMINI BORSATO - EPP",93,UN,5416.32,4585.83,58.24,49.31
82.695.370/0001-55,3401023762,"REGISTRO DE ESFERA, PVC, COM VOLANTE, VS, ROSCAVEL, DN 1 1/4"", COM CORPO DIVIDIDO",857,"ROSAURA ELSA TALAMINI BORSATO - EPP",93,UN,5157.78,4366.35,55.46,46.95
82.695.370/0001-55,3401023768,"REGISTRO DE ESFERA, PVC, COM VOLANTE, VS, SOLDAVEL, DN 25 MM, COM CORPO DIVIDIDO",863,"ROSAURA ELSA TALAMINI BORSATO - EPP",103,UN,2659.46,2250.55,25.82,21.85
82.695.370/0001-55,3401023771,"REGISTRO DE ESFERA, PVC, COM VOLANTE, VS, SOLDAVEL, DN 50 MM, COM CORPO DIVIDIDO",866,"ROSAURA ELSA TALAMINI BORSATO - EPP",98,UN,5547.78,4697.14,56.61,47.93
82.695.370/0001-55,3401023772,"REGISTRO DE ESFERA, PVC, COM VOLANTE, VS, SOLDAVEL, DN 60 MM, COM CORPO DIVIDIDO",867,"ROSAURA ELSA TALAMINI BORSATO - EPP",93,UN,9642.24,8164.47,103.68,87.79
82.695.370/0001-55,3401024265,"REGISTRO DE GAVETA DE METAL 3/4'' COM ACABAMENTO",868,"ROSAURA ELSA TALAMINI BORSATO - EPP",90,UND,6090.3,5156.1,67.67,57.29
82.695.370/0001-55,3401023774,"REGISTRO DE PRESSAO PVC, ROSCAVEL, VOLANTE SIMPLES, DE 3/4""",870,"ROSAURA ELSA TALAMINI BORSATO - EPP",142,UN,2663.92,2254.96,18.76,15.88
82.695.370/0001-55,3401023776,"REGISTRO DE PRESSAO PVC, SOLDAVEL, VOLANTE SIMPLES, DE 25 MM",872,"ROSAURA ELSA TALAMINI BORSATO - EPP",177,UN,2692.17,2277.99,15.21,12.87
82.695.370/0001-55,3401023781,"ROLO DE ESPUMA POLIESTER 23 CM (SEM CABO)",883,"ROSAURA ELSA TALAMINI BORSATO - EPP",62,UN,1020.52,855.6,16.46,13.8
82.695.370/0001-55,3401024273,"ROLO LÃ ANTI RESPINGO PARA PINTURA 23 CM",890,"ROSAURA ELSA TALAMINI BORSATO - EPP",182,UND,2664.48,2182.18,14.64,11.99
82.695.370/0001-55,3401023783,"SELANTE ELASTICO MONOCOMPONENTE A BASE DE POLIURETANO (PU) PARA JUNTAS DIVERSAS",895,"ROSAURA ELSA TALAMINI BORSATO - EPP",291,ML,10304.31,8727.09,35.41,29.99
82.695.370/0001-55,3401023784,"SELANTE TIPO VEDA CALHA PARA METAL E FIBROCIMENTO",896,"ROSAURA ELSA TALAMINI BORSATO - EPP",291,KG,14157.15,11637.09,48.65,39.99
82.695.370/0001-55,3401024277,"SERROTE PROFISSIONAL 16''",897,"ROSAURA ELSA TALAMINI BORSATO - EPP",42,UND,2772.84,2409.54,66.02,57.37
82.695.370/0001-55,3401023785,"SIFAO EM METAL CROMADO PARA PIA AMERICANA, 1.1/2 X 1.1/2 """,898,"ROSAURA ELSA TALAMINI BORSATO - EPP",93,UN,19210.08,15809.07,206.56,169.99
82.695.370/0001-55,3401023786,"SIFAO EM METAL CROMADO PARA PIA AMERICANA, 1.1/2 X 2 """,899,"ROSAURA ELSA TALAMINI BORSATO - EPP",189,UN,39518.01,32128.11,209.09,169.99
82.695.370/0001-55,3401023787,"SIFAO EM METAL CROMADO PARA PIA OU LAVATORIO, 1 X 1.1/2 """,900,"ROSAURA ELSA TALAMINI BORSATO - EPP",194,UN,31885.84,25218.06,164.36,129.99
82.695.370/0001-55,3401023789,"SIFAO PLASTICO EXTENSIVEL UNIVERSAL, TIPO COPO",901,"ROSAURA ELSA TALAMINI BORSATO - EPP",363,UN,5677.32,4352.37,15.64,11.99
82.695.370/0001-55,3401023791,"SIFAO PLASTICO FLEXIVEL SAIDA VERTICAL PARA COLUNA LAVATORIO, 1 X 1.1/2 """,902,"ROSAURA ELSA TALAMINI BORSATO - EPP",263,UN,4865.5,3153.37,18.5,11.99
82.695.370/0001-55,3401023792,"SIFAO PLASTICO TIPO COPO PARA PIA AMERICANA 1.1/2 X 1.1/2 """,903,"ROSAURA ELSA TALAMINI BORSATO - EPP",253,UN,4265.58,2527.47,16.86,9.99
82.695.370/0001-55,3401023793,"SIFAO PLASTICO TIPO COPO PARA PIA OU LAVATORIO, 1 X 1.1/2 """,904,"ROSAURA ELSA TALAMINI BORSATO - EPP",363,UN,4693.59,3626.37,12.93,9.99
82.695.370/0001-55,3401023794,"SIFAO PLASTICO TIPO COPO PARA TANQUE, 1.1/4 X 1.1/2 """,905,"ROSAURA ELSA TALAMINI BORSATO - EPP",228,UN,3711.84,2733.72,16.28,11.99
82.695.370/0001-55,3401023795,"SOQUETE DE BAQUELITE BASE E27, PARA LAMPADAS",907,"ROSAURA ELSA TALAMINI BORSATO - EPP",306,UN,1303.56,1135.26,4.26,3.71
82.695.370/0001-55,3401020016,"SOQUETE DE PORCELANA BASE E27, FIXO DE TETO, PARA LAMPADAS",908,"ROSAURA ELSA TALAMINI BORSATO - EPP",288,UND,1589.76,1382.4,5.52,4.8
82.695.370/0001-55,3401023796,"SOQUETE DE PVC / TERMOPLASTICO BASE E27, COM RABICHO, PARA LAMPADAS",909,"ROSAURA ELSA TALAMINI BORSATO - EPP",283,UN,1573.48,1372.55,5.56,4.85
82.695.370/0001-55,3401024280,"SUPORTE PARA TV FIXO",911,"ROSAURA ELSA TALAMINI BORSATO - EPP",247,UND,6999.98,2838.03,28.34,11.49
82.695.370/0001-55,3401023798,"TAMPA CEGA EM PVC PARA CONDULETE 4 X 2""",919,"ROSAURA ELSA TALAMINI BORSATO - EPP",265,UN,1160.7,983.15,4.38,3.71
82.695.370/0001-55,3401023800,"TAMPA PARA CONDULETE, EM PVC, PARA 1 MODULO RJ",921,"ROSAURA ELSA TALAMINI BORSATO - EPP",355,UN,1033.05,869.75,2.91,2.45
82.695.370/0001-55,3401023802,"TAMPA PARA CONDULETE, EM PVC, PARA TOMADA HEXAGONAL",923,"ROSAURA ELSA TALAMINI BORSATO - EPP",335,UN,904.5,763.8,2.7,2.28
82.695.370/0001-55,3401023804,"TANQUE DE LOUCA BRANCA, SUSPENSO, *20* L",925,"ROSAURA ELSA TALAMINI BORSATO - EPP",46,UN,15149.64,12828.48,329.34,278.88
82.695.370/0001-55,3401023805,"TE CPVC, SOLDAVEL, 90 GRAUS, 15 MM, PARA AGUA QUENTE PREDIAL",926,"ROSAURA ELSA TALAMINI BORSATO - EPP",477,UN,2260.98,1908,4.74,4
82.695.370/0001-55,3401023806,"TE CPVC, SOLDAVEL, 90 GRAUS, 22 MM, PARA AGUA QUENTE PREDIAL",927,"ROSAURA ELSA TALAMINI BORSATO - EPP",347,UN,2047.3,1731.53,5.9,4.99
82.695.370/0001-55,3401023807,"TE CPVC, SOLDAVEL, 90 GRAUS, 28 MM, PARA AGUA QUENTE PREDIAL",928,"ROSAURA ELSA TALAMINI BORSATO - EPP",227,UN,2683.14,2270,11.82,10
82.695.370/0001-55,3401023808,"TE CPVC, SOLDAVEL, 90 GRAUS, 35 MM, PARA AGUA QUENTE PREDIAL",929,"ROSAURA ELSA TALAMINI BORSATO - EPP",132,UN,5947.92,5035.8,45.06,38.15
82.695.370/0001-55,3401023809,"TE CPVC, SOLDAVEL, 90 GRAUS, 42 MM, PARA AGUA QUENTE PREDIAL",930,"ROSAURA ELSA TALAMINI BORSATO - EPP",127,UN,7353.3,6225.54,57.9,49.02
82.695.370/0001-55,3401023810,"TE DE COBRE (REF 611) SEM ANEL DE SOLDA, BOLSA X BOLSA X BOLSA, 15 MM",931,"ROSAURA ELSA TALAMINI BORSATO - EPP",217,UN,1414.84,1195.67,6.52,5.51
82.695.370/0001-55,3401023811,"TE DE COBRE (REF 611) SEM ANEL DE SOLDA, BOLSA X BOLSA X BOLSA, 22 MM",932,"ROSAURA ELSA TALAMINI BORSATO - EPP",157,UN,2185.44,1849.46,13.92,11.78
82.695.370/0001-55,3401023812,"TE DE COBRE (REF 611) SEM ANEL DE SOLDA, BOLSA X BOLSA X BOLSA, 28 MM",933,"ROSAURA ELSA TALAMINI BORSATO - EPP",137,UN,3137.3,2655.06,22.9,19.38
82.695.370/0001-55,3401023813,"TE DE COBRE (REF 611) SEM ANEL DE SOLDA, BOLSA X BOLSA X BOLSA, 35 MM",934,"ROSAURA ELSA TALAMINI BORSATO - EPP",92,UN,4816.2,4077.44,52.35,44.32
82.695.370/0001-55,3401023814,"TE DE COBRE (REF 611) SEM ANEL DE SOLDA, BOLSA X BOLSA X BOLSA, 42 MM",935,"ROSAURA ELSA TALAMINI BORSATO - EPP",94,UN,6340.3,5368.34,67.45,57.11
82.695.370/0001-55,3401023819,"TE DE REDUCAO, CPVC, 22 X 15 MM, PARA AGUA QUENTE PREDIAL",940,"ROSAURA ELSA TALAMINI BORSATO - EPP",227,UN,1398.32,1182.67,6.16,5.21
82.695.370/0001-55,3401023820,"TE DE REDUCAO, CPVC, 28 X 22 MM, PARA AGUA QUENTE PREDIAL",941,"ROSAURA ELSA TALAMINI BORSATO - EPP",192,UN,1781.76,1507.2,9.28,7.85
82.695.370/0001-55,3401023821,"TE DE REDUCAO, CPVC, 35 X 28 MM, PARA AGUA QUENTE PREDIAL",942,"ROSAURA ELSA TALAMINI BORSATO - EPP",117,UN,3898.44,3300.57,33.32,28.21
82.695.370/0001-55,3401023822,"TE DE REDUCAO, CPVC, 42 X 35 MM, PARA AGUA QUENTE PREDIAL",943,"ROSAURA ELSA TALAMINI BORSATO - EPP",102,UN,5128.56,4342.14,50.28,42.57
82.695.370/0001-55,3401023823,"TE DE REDUCAO, PVC LEVE, CURTO, 90 GRAUS, COM BOLSA PARA ANEL, 150 X 100 MM, PARA ESGOTO",944,"ROSAURA ELSA TALAMINI BORSATO - EPP",97,UN,2710.18,2294.05,27.94,23.65
82.695.370/0001-55,3401023824,"TE DE REDUCAO, PVC, SOLDAVEL, 90 GRAUS, 25 MM X 20 MM, PARA AGUA FRIA PREDIAL",945,"ROSAURA ELSA TALAMINI BORSATO - EPP",502,UN,1997.96,1686.72,3.98,3.36
82.695.370/0001-55,3401023825,"TE DE REDUCAO, PVC, SOLDAVEL, 90 GRAUS, 32 MM X 25 MM, PARA AGUA FRIA PREDIAL",946,"ROSAURA ELSA TALAMINI BORSATO - EPP",212,UN,1471.28,1244.44,6.94,5.87
82.695.370/0001-55,3401023826,"TE DE REDUCAO, PVC, SOLDAVEL, 90 GRAUS, 40 MM X 32 MM, PARA AGUA FRIA PREDIAL",947,"ROSAURA ELSA TALAMINI BORSATO - EPP",142,UN,1278,1080.62,9,7.61
82.695.370/0001-55,3401023828,"TE DE REDUCAO, PVC, SOLDAVEL, 90 GRAUS, 50 MM X 25 MM, PARA AGUA FRIA PREDIAL",949,"ROSAURA ELSA TALAMINI BORSATO - EPP",267,UN,2824.86,2389.65,10.58,8.95
82.695.370/0001-55,3401023830,"TE DE REDUCAO, PVC, SOLDAVEL, 90 GRAUS, 50 MM X 40 MM, PARA AGUA FRIA PREDIAL",951,"ROSAURA ELSA TALAMINI BORSATO - EPP",132,UN,1554.96,1316.04,11.78,9.97
82.695.370/0001-55,3401023832,"TE PVC, ROSCAVEL, 90 GRAUS, 1/2"",  AGUA FRIA PREDIAL",953,"ROSAURA ELSA TALAMINI BORSATO - EPP",372,UN,1480.56,1249.92,3.98,3.36
82.695.370/0001-55,3401023834,"TE PVC, SOLDAVEL, COM BUCHA DE LATAO NA BOLSA CENTRAL, 90 GRAUS, 20 MM X 1/2"", PARA AGUA FRIA PREDIAL",955,"ROSAURA ELSA TALAMINI BORSATO - EPP",202,UN,1923.04,1626.1,9.52,8.05
82.695.370/0001-55,3401023844,"TE SANITARIO, PVC, DN 100 X 75 MM, SERIE NORMAL PARA ESGOTO PREDIAL",965,"ROSAURA ELSA TALAMINI BORSATO - EPP",232,UN,4630.72,3918.48,19.96,16.89
82.695.370/0001-55,3401023846,"TE SANITARIO, PVC, DN 50 X 50 MM, SERIE NORMAL, PARA ESGOTO PREDIAL",967,"ROSAURA ELSA TALAMINI BORSATO - EPP",272,UN,2088.96,1765.28,7.68,6.49
82.695.370/0001-55,3401023848,"TE SANITARIO, PVC, DN 75 X 75 MM, SERIE NORMAL PARA ESGOTO PREDIAL",969,"ROSAURA ELSA TALAMINI BORSATO - EPP",162,UN,2749.14,2326.32,16.97,14.36
82.695.370/0001-55,3401023850,"TE SOLDAVEL, PVC, 90 GRAUS, 25 MM, PARA AGUA FRIA PREDIAL (NBR 5648)",971,"ROSAURA ELSA TALAMINI BORSATO - EPP",892,UN,1115,936.6,1.25,1.05
82.695.370/0001-55,3401023852,"TE SOLDAVEL, PVC, 90 GRAUS, 40 MM, PARA AGUA FRIA PREDIAL (NBR 5648)",973,"ROSAURA ELSA TALAMINI BORSATO - EPP",162,UN,1551.96,1312.2,9.58,8.1
82.695.370/0001-55,3401023854,"TE SOLDAVEL, PVC, 90 GRAUS,50 MM, PARA AGUA FRIA PREDIAL (NBR 5648)",975,"ROSAURA ELSA TALAMINI BORSATO - EPP",227,UN,2272.27,1922.69,10.01,8.47
82.695.370/0001-55,3401023856,"TE, PVC, SERIE R, 100 X 75 MM, PARA ESGOTO OU AGUAS PLUVIAIS PREDIAIS",977,"ROSAURA ELSA TALAMINI BORSATO - EPP",97,UN,5201.14,4403.8,53.62,45.4
82.695.370/0001-55,3401023858,"TE, PVC, SERIE R, 150 X 150 MM, PARA ESGOTO OU AGUAS PLUVIAIS PREDIAIS",979,"ROSAURA ELSA TALAMINI BORSATO - EPP",94,UN,11137.12,9430.08,118.48,100.32
82.695.370/0001-55,3401020132,"TELA DE ACO SOLDADA NERVURADA, CA-60, Q-113, (1,8 KG/M2), DIAMETRO DO FIO = 3,8 MM, LARGURA = 2,45 M, ESPACAMENTO DA MALHA = 10 X 10 CM",981,"ROSAURA ELSA TALAMINI BORSATO - EPP",525,M2,7707,6520.5,14.68,12.42
82.695.370/0001-55,3401023861,"TELA DE ACO SOLDADA NERVURADA, CA-60, Q-196, (3,11 KG/M2), DIAMETRO DO FIO = 5,0 MM, LARGURA = 2,45 M, ESPACAMENTO DA MALHA = 10 X 10 CM",983,"ROSAURA ELSA TALAMINI BORSATO - EPP",465,M2,12568.95,10639.2,27.03,22.88
82.695.370/0001-55,3401023863,"TELA DE ACO SOLDADA NERVURADA, CA-60, Q-92, (1,48 KG/M2), DIAMETRO DO FIO = 4,2 MM, LARGURA = 2,45 X 60 M DE COMPRIMENTO, ESPACAMENTO DA MALHA = 15  X 15 CM",985,"ROSAURA ELSA TALAMINI BORSATO - EPP",465,M2,5877.6,4970.85,12.64,10.69
82.695.370/0001-55,3401020134,"TELA DE ARAME GALVANIZADA QUADRANGULAR / LOSANGULAR, FIO 2,11 MM (14 BWG), M2 16,37 MALHA 8 X 8 CM, H = 2 M",987,"ROSAURA ELSA TALAMINI BORSATO - EPP",445,M2,7173.4,6069.8,16.12,13.64
82.695.370/0001-55,3401023867,"TELA DE ARAME GALVANIZADA, HEXAGONAL, FIO 0,56 MM (24 BWG), MALHA 1/2"", H = 1 M",989,"ROSAURA ELSA TALAMINI BORSATO - EPP",630,M2,8864.1,7497,14.07,11.9
82.695.370/0001-55,3401023869,"TELHA DE FIBROCIMENTO ONDULADA E = 4 MM, DE 2,13 X 0,50 M (SEM AMIANTO)",991,"ROSAURA ELSA TALAMINI BORSATO - EPP",540,UN,10594.8,8964,19.62,16.6
82.695.370/0001-55,3401023871,"TELHA DE FIBROCIMENTO ONDULADA E = 6 MM, DE 1,53 X 1,10 M (SEM AMIANTO)",993,"ROSAURA ELSA TALAMINI BORSATO - EPP",465,UN,24570.6,20799.45,52.84,44.73
82.695.370/0001-55,3401020127,"TELHA DE FIBROCIMENTO ONDULADA E = 6 MM, DE 2,44 X 1,10 M (SEM AMIANTO)",995,"ROSAURA ELSA TALAMINI BORSATO - EPP",470,UND,12473.8,10556.2,26.54,22.46
82.695.370/0001-55,3401023874,"TELHA GALVALUME COM ISOLAMENTO TERMOACUSTICO EM ESPUMA RIGIDA DE POLIURETANO (PU) INJETADO, ESPESSURA DE 30 MM, DENSIDADE DE 35 KG/M3, REVESTIMENTO EM TELHA TRAPEZOIDAL NAS DUAS FACES COM ESPESSURA DE 0,50 MM CADA, ACABAMENTO NATURAL (NAO INCLUI ACESSORIOS DE FIXACAO)",997,"ROSAURA ELSA TALAMINI BORSATO - EPP",331,M2,59523.73,50401.37,179.83,152.27
82.695.370/0001-55,3401023876,"TELHA TRAPEZOIDAL EM ACO ZINCADO, SEM PINTURA, ALTURA DE APROXIMADAMENTE 40 MM, ESPESSURA DE 0,50 MM E LARGURA UTIL DE 980 MM",999,"ROSAURA ELSA TALAMINI BORSATO - EPP",282,M2,15163.14,12836.64,53.77,45.52
82.695.370/0001-55,3401023877,"TERMINAL A COMPRESSAO EM COBRE ESTANHADO PARA CABO 10 MM2, 1 FURO E 1 COMPRESSAO, PARA PARAFUSO DE FIXACAO M6",1000,"ROSAURA ELSA TALAMINI BORSATO - EPP",246,UN,432.96,364.08,1.76,1.48
82.695.370/0001-55,3401023878,"TERMINAL A COMPRESSAO EM COBRE ESTANHADO PARA CABO 16 MM2, 1 FURO E 1 COMPRESSAO, PARA PARAFUSO DE FIXACAO M6",1001,"ROSAURA ELSA TALAMINI BORSATO - EPP",246,UN,511.68,430.5,2.08,1.75
82.695.370/0001-55,3401023879,"TERMINAL A COMPRESSAO EM COBRE ESTANHADO PARA CABO 2,5 MM2, 1 FURO E 1 COMPRESSAO, PARA PARAFUSO DE FIXACAO M5",1002,"ROSAURA ELSA TALAMINI BORSATO - EPP",1096,UN,1150.8,964.48,1.05,0.88
82.695.370/0001-55,3401023883,"TERMINAL A COMPRESSAO EM COBRE ESTANHADO PARA CABO 50 MM2, 1 FURO E 1 COMPRESSAO, PARA PARAFUSO DE FIXACAO M8",1006,"ROSAURA ELSA TALAMINI BORSATO - EPP",316,UN,1782.24,1507.32,5.64,4.77
82.695.370/0001-55,3401023884,"TERMINAL A COMPRESSAO EM COBRE ESTANHADO PARA CABO 6 MM2, 1 FURO E 1 COMPRESSAO, PARA PARAFUSO DE FIXACAO M6",1007,"ROSAURA ELSA TALAMINI BORSATO - EPP",846,UN,1370.52,1150.56,1.62,1.36
82.695.370/0001-55,3401023917,"TERMINAL METALICO A PRESSAO 1 CABO, PARA CABOS DE 4 A 10 MM2, COM 2 FUROS PARA FIXACAO",1008,"ROSAURA ELSA TALAMINI BORSATO - EPP",131,UN,3147.93,2664.54,24.03,20.34
82.695.370/0001-55,3401023919,"TERMINAL METALICO A PRESSAO PARA 1 CABO DE 16 MM2, COM 1 FURO DE FIXACAO",1010,"ROSAURA ELSA TALAMINI BORSATO - EPP",321,UN,1810.44,1531.17,5.64,4.77
82.695.370/0001-55,3401023921,"TERMINAL METALICO A PRESSAO PARA 1 CABO DE 25 MM2, COM 1 FURO DE FIXACAO",1012,"ROSAURA ELSA TALAMINI BORSATO - EPP",271,UN,1937.65,1636.84,7.15,6.04
82.695.370/0001-55,3401023923,"TERMINAL METALICO A PRESSAO PARA 1 CABO DE 50 MM2, COM 1 FURO DE FIXACAO",1014,"ROSAURA ELSA TALAMINI BORSATO - EPP",221,UN,2207.79,1867.45,9.99,8.45
82.695.370/0001-55,3401024285,"THINNER PARA LIMPEZA 5 LT",1018,"ROSAURA ELSA TALAMINI BORSATO - EPP",335,UND,29815,20100,89,60
82.695.370/0001-55,3401024286,"THINNER PARA LIMPEZA 900 ML",1019,"ROSAURA ELSA TALAMINI BORSATO - EPP",265,UND,5830,3259.5,22,12.3
82.695.370/0001-55,3401023926,"TIJOLO CERAMICO REFRATARIO 2,5 X 11,4 X 22,9 CM (L X A X C)",1021,"ROSAURA ELSA TALAMINI BORSATO - EPP",8825,UN,35388.25,29916.75,4.01,3.39
82.695.370/0001-55,3401023927,"TIJOLO CERAMICO REFRATARIO 6,3 X 11,4 X 22,9 CM (L X A X C)",1023,"ROSAURA ELSA TALAMINI BORSATO - EPP",3456,UN,105899.5,22394.88,7.66,6.48
82.695.370/0001-55,3401024292,"TINTA ACRÍLICA FOSCO PREMIUM COR PALHA 18LT",1032,"ROSAURA ELSA TALAMINI BORSATO - EPP",51,BLD,98948.16,20910,485.04,410
82.695.370/0001-55,3401024294,"TINTA ACRÍLICA SEMI BRILHO COR BRANCO 18 LT",1034,"ROSAURA ELSA TALAMINI BORSATO - EPP",154,BLD,93379.55,57750,455.51,375
82.695.370/0001-55,3401024294,"TINTA ACRÍLICA SEMI BRILHO COR BRANCO 18 LT",1035,"ROSAURA ELSA TALAMINI BORSATO - EPP",51,BLD,93379.55,19125,455.51,375
82.695.370/0001-55,3401024299,"TINTA EPOXI BASE ÁGUA COR BRANCA 3,6LT",1041,"ROSAURA ELSA TALAMINI BORSATO - EPP",201,GL,41506.5,33969,206.5,169
82.695.370/0001-55,3401024300,"TINTA ESMALTE SINTÉTICA B. ÁGUA COR BRANCA 3,6LT",1042,"ROSAURA ELSA TALAMINI BORSATO - EPP",196,GL,55924.68,47040,285.33,240
82.695.370/0001-55,3401024303,"TINTA PREMIUM PARA PISO 18 LT CORES PRONTAS (REF. DE CORES TABELA ANJO TINTAS)",1046,"ROSAURA ELSA TALAMINI BORSATO - EPP",194,BLD,63096.56,52283,325.24,269.5
82.695.370/0001-55,3401024305,"TINTA SPRAY CORES OURO E PRATA",1048,"ROSAURA ELSA TALAMINI BORSATO - EPP",290,UND,8830.5,7409.5,30.45,25.55
82.695.370/0001-55,3401023928,"TOMADA 2P+T 10A, 250V  (APENAS MODULO)",1050,"ROSAURA ELSA TALAMINI BORSATO - EPP",293,UN,2490.5,2106.67,8.5,7.19
82.695.370/0001-55,3401023933,"TORNEIRA DE BOIA CONVENCIONAL PARA CAIXA D'AGUA, AGUA FRIA, 1/2"", COM HASTE E TORNEIRA METALICOS E BALAO PLASTICO",1052,"ROSAURA ELSA TALAMINI BORSATO - EPP",181,UN,5542.22,4691.52,30.62,25.92
82.695.370/0001-55,3401023935,"TORNEIRA DE MESA PARA LAVATORIO, METALICA CROMADA, COM MISTURADOR MONOCOMANDO, BICA BAIXA (REF 2875)",1054,"ROSAURA ELSA TALAMINI BORSATO - EPP",106,UN,39698.06,33615.78,374.51,317.13
82.695.370/0001-55,3401023936,"TORNEIRA DE MESA PARA LAVATORIO, METALICA CROMADA, COM SENSOR DE APROXIMACAO ELETRICO, BIVOLT",1056,"ROSAURA ELSA TALAMINI BORSATO - EPP",18,UN,179081.28,37911.24,2487.24,2106.18
82.695.370/0001-55,3401024307,"TORNEIRA DO TIPO JARDIM",1058,"ROSAURA ELSA TALAMINI BORSATO - EPP",294,UND,1896.3,1602.3,6.45,5.45
82.695.370/0001-55,3401023939,"TORNEIRA METALICA CROMADA CANO CURTO, SEM BICO, SEM AREJADOR, DE PAREDE, PARA TANQUE E USO GERAL, 1/2 "" OU 3/4 "" (REF 1143)",1060,"ROSAURA ELSA TALAMINI BORSATO - EPP",165,UN,13619.1,11530.2,82.54,69.88
82.695.370/0001-55,3401024309,"TORNEIRA METALICA CROMADA DE MESA, PARA LAVATORIO, TEMPORIZADA PRESSAO FECHAMENTO AUTOMATICO, BICA BAIXA",1062,"ROSAURA ELSA TALAMINI BORSATO - EPP",330,UN,55344.3,46863.3,167.71,142.01
82.695.370/0001-55,3401024311,"TORNEIRA METALICA CROMADA DE PAREDE, PARA COZINHA, BICA MOVEL, COM AREJADOR, 1/2 "" OU 3/4 "" (REF 1167 / 1168)",1064,"ROSAURA ELSA TALAMINI BORSATO - EPP",160,UN,22627.2,19158.4,141.42,119.74
82.695.370/0001-55,3401024313,"TORNEIRA METALICA CROMADA PARA TANQUE / JARDIM, SEM BICO , CANO LONGO, DE PAREDE, PADRAO POPULAR / USO GERAL, 1/2 "" OU 3/4 "" (REF 1126)",1066,"ROSAURA ELSA TALAMINI BORSATO - EPP",205,UN,11641.95,9856.4,56.79,48.08
82.695.370/0001-55,3401024315,"TORNEIRA METALICA CROMADA, DE MESA/BANCADA, PARA COZINHA, BICA MOVEL, COM AREJADOR, 1/2 "" OU 3/4 "" (REF 1167 / 1168)",1068,"ROSAURA ELSA TALAMINI BORSATO - EPP",150,UN,21279,18018,141.86,120.12
82.695.370/0001-55,3401024317,"TORNEIRA PLASTICA DE BOIA CONVENCIONAL PARA CAIXA DE AGUA, AGUA FRIA, 3/4 "", COM HASTE METALICA E COM TORNEIRA E BALAO PLASTICOS (PADRAO POPULAR)",1070,"ROSAURA ELSA TALAMINI BORSATO - EPP",185,UN,3550.15,3004.4,19.19,16.24
82.695.370/0001-55,3401024319,"TORNEIRA PLASTICA DE MESA, BICA MOVEL, PARA COZINHA 1/2 """,1072,"ROSAURA ELSA TALAMINI BORSATO - EPP",158,UN,4292.86,3634,27.17,23
82.695.370/0001-55,3401024321,"TRENA 3M",1074,"ROSAURA ELSA TALAMINI BORSATO - EPP",144,UND,1800,1523.52,12.5,10.58
82.695.370/0001-55,3401024441,"TRENA 5M",1075,"ROSAURA ELSA TALAMINI BORSATO - EPP",179,UND,3132.5,2650.99,17.5,14.81
82.695.370/0001-55,3401024322,"TUBO ACO GALVANIZADO COM COSTURA, CLASSE MEDIA, DN 1"", E = 3,38 MM, PESO 2,50 KG/M (NBR 5580)",1076,"ROSAURA ELSA TALAMINI BORSATO - EPP",155,M,5669.9,4800.35,36.58,30.97
82.695.370/0001-55,3401024323,"TUBO ACO GALVANIZADO COM COSTURA, CLASSE MEDIA, DN 1.1/2"", E = *3,25* MM, PESO *3,61* KG/M (NBR 5580)",1077,"ROSAURA ELSA TALAMINI BORSATO - EPP",173,M,9271.07,7849.01,53.59,45.37
82.695.370/0001-55,3401024324,"TUBO ACO GALVANIZADO COM COSTURA, CLASSE MEDIA, DN 1.1/4"", E = *3,25* MM, PESO *3,14* KG/M (NBR 5580)",1078,"ROSAURA ELSA TALAMINI BORSATO - EPP",173,M,7978.76,6753.92,46.12,39.04
82.695.370/0001-55,3401024325,"TUBO ACO GALVANIZADO COM COSTURA, CLASSE MEDIA, DN 1/2"", E = *2,65* MM, PESO *1,22* KG/M (NBR 5580)",1079,"ROSAURA ELSA TALAMINI BORSATO - EPP",200,M,4932,4174,24.66,20.87
82.695.370/0001-55,3401024326,"TUBO ACO GALVANIZADO COM COSTURA, CLASSE MEDIA, DN 2"", E = *3,65* MM, PESO *5,10* KG/M (NBR 5580)",1080,"ROSAURA ELSA TALAMINI BORSATO - EPP",180,M,13910.4,11777.4,77.28,65.43
82.695.370/0001-55,3401024327,"TUBO ACO GALVANIZADO COM COSTURA, CLASSE MEDIA, DN 2.1/2"", E = *3,65* MM, PESO *6,51* KG/M (NBR 5580)",1081,"ROSAURA ELSA TALAMINI BORSATO - EPP",177,M,16974.3,14372.4,95.9,81.2
82.695.370/0001-55,3401024328,"TUBO ACO GALVANIZADO COM COSTURA, CLASSE MEDIA, DN 3"", E = *4,05* MM, PESO *8,47* KG/M (NBR 5580)",1082,"ROSAURA ELSA TALAMINI BORSATO - EPP",153,M,19744.65,16718.31,129.05,109.27
82.695.370/0001-55,3401024329,"TUBO ACO GALVANIZADO COM COSTURA, CLASSE MEDIA, DN 3/4"", E = *2,65* MM, PESO *1,58* KG/M (NBR 5580)",1083,"ROSAURA ELSA TALAMINI BORSATO - EPP",180,M,4438.8,3756.6,24.66,20.87
82.695.370/0001-55,3401024330,"TUBO ACO GALVANIZADO COM COSTURA, CLASSE MEDIA, DN 4"", E = 4,50* MM, PESO 12,10* KG/M (NBR 5580)",1084,"ROSAURA ELSA TALAMINI BORSATO - EPP",152,M,27014.96,22874.48,177.73,150.49
82.695.370/0001-55,3401024331,"TUBO CPVC SOLDAVEL, 35 MM, AGUA QUENTE PREDIAL (NBR 15884)",1085,"ROSAURA ELSA TALAMINI BORSATO - EPP",143,M,7344.48,6217.64,51.36,43.48
82.695.370/0001-55,3401024332,"TUBO CPVC, SOLDAVEL, 15 MM, AGUA QUENTE PREDIAL (NBR 15884)",1086,"ROSAURA ELSA TALAMINI BORSATO - EPP",140,M,2000.6,1692.6,14.29,12.09
82.695.370/0001-55,3401024333,"TUBO CPVC, SOLDAVEL, 22 MM, AGUA QUENTE PREDIAL (NBR 15884)",1087,"ROSAURA ELSA TALAMINI BORSATO - EPP",140,M,3194.8,2703.4,22.82,19.31
82.695.370/0001-55,3401024334,"TUBO CPVC, SOLDAVEL, 28 MM, AGUA QUENTE PREDIAL (NBR 15884)",1088,"ROSAURA ELSA TALAMINI BORSATO - EPP",140,M,5504.8,4660.6,39.32,33.29
82.695.370/0001-55,3401024335,"TUBO CPVC, SOLDAVEL, 42 MM, AGUA QUENTE PREDIAL (NBR 15884)",1089,"ROSAURA ELSA TALAMINI BORSATO - EPP",140,M,9625,8149.4,68.75,58.21
82.695.370/0001-55,3401024336,"TUBO DE COBRE CLASSE ""A"", DN = 1/2 "" (15 MM), PARA INSTALACOES DE MEDIA PRESSAO PARA GASES COMBUSTIVEIS E MEDICINAIS",1090,"ROSAURA ELSA TALAMINI BORSATO - EPP",146,M,6463.42,5472.08,44.27,37.48
82.695.370/0001-55,3401024337,"TUBO DE COBRE CLASSE ""A"", DN = 3/4 "" (22 MM), PARA INSTALACOES DE MEDIA PRESSAO PARA GASES COMBUSTIVEIS E MEDICINAIS",1091,"ROSAURA ELSA TALAMINI BORSATO - EPP",140,M,10028.2,8491,71.63,60.65
82.695.370/0001-55,3401024338,"TUBO DE COBRE CLASSE ""A"", DN = 4 "" (104 MM), PARA INSTALACOES DE MEDIA PRESSAO PARA GASES COMBUSTIVEIS E MEDICINAIS",1092,"ROSAURA ELSA TALAMINI BORSATO - EPP",71,M,48341.06,40934.34,680.86,576.54
82.695.370/0001-55,3401024339,"TUBO DE COBRE FLEXIVEL, D = 1/2 "", E = 0,79 MM, PARA AR-CONDICIONADO/ INSTALACOES GAS RESIDENCIAIS E COMERCIAIS",1093,"ROSAURA ELSA TALAMINI BORSATO - EPP",215,M,8101.2,6858.5,37.68,31.9
82.695.370/0001-55,3401024340,"TUBO DE COBRE FLEXIVEL, D = 1/4 "", E = 0,79 MM, PARA AR-CONDICIONADO/ INSTALACOES GAS RESIDENCIAIS E COMERCIAIS",1094,"ROSAURA ELSA TALAMINI BORSATO - EPP",235,M,4244.1,3590.8,18.06,15.28
82.695.370/0001-55,3401024341,"TUBO DE COBRE FLEXIVEL, D = 3/16 "", E = 0,79 MM, PARA AR-CONDICIONADO/ INSTALACOES GAS RESIDENCIAIS E COMERCIAIS",1095,"ROSAURA ELSA TALAMINI BORSATO - EPP",275,M,3385.25,2862.75,12.31,10.41
82.695.370/0001-55,3401024342,"TUBO DE COBRE FLEXIVEL, D = 3/4 "", E = 0,79 MM, PARA AR-CONDICIONADO/ INSTALACOES GAS RESIDENCIAIS E COMERCIAIS",1096,"ROSAURA ELSA TALAMINI BORSATO - EPP",235,M,13317.45,11275.3,56.67,47.98
82.695.370/0001-55,3401024343,"TUBO DE COBRE FLEXIVEL, D = 3/8 "", E = 0,79 MM, PARA AR-CONDICIONADO/ INSTALACOES GAS RESIDENCIAIS E COMERCIAIS",1097,"ROSAURA ELSA TALAMINI BORSATO - EPP",250,M,6945,5877.5,27.78,23.51
82.695.370/0001-55,3401024344,"TUBO DE COBRE FLEXIVEL, D = 5/16 "", E = 0,79 MM, PARA AR-CONDICIONADO/ INSTALACOES GAS RESIDENCIAIS E COMERCIAIS",1098,"ROSAURA ELSA TALAMINI BORSATO - EPP",255,M,5661,4791.45,22.2,18.79
82.695.370/0001-55,3401024345,"TUBO DE COBRE FLEXIVEL, D = 5/8 "", E = 0,79 MM, PARA AR-CONDICIONADO/ INSTALACOES GAS RESIDENCIAIS E COMERCIAIS",1099,"ROSAURA ELSA TALAMINI BORSATO - EPP",235,M,11012.1,9322.45,46.86,39.67
82.695.370/0001-55,3401024350,"TUBO PPR, CLASSE PN 25, DN 20 MM, PARA AGUA QUENTE E FRIA PREDIAL",1104,"ROSAURA ELSA TALAMINI BORSATO - EPP",343,M,3471.16,2936.08,10.12,8.56
82.695.370/0001-55,3401024351,"TUBO PPR, CLASSE PN 25, DN 25 MM, PARA AGUA QUENTE E FRIA PREDIAL",1105,"ROSAURA ELSA TALAMINI BORSATO - EPP",308,M,4308.92,3646.72,13.99,11.84
82.695.370/0001-55,3401024352,"TUBO PPR, CLASSE PN 25, DN 32 MM, PARA AGUA QUENTE E FRIA PREDIAL",1106,"ROSAURA ELSA TALAMINI BORSATO - EPP",368,M,6888.96,5829.12,18.72,15.84
82.695.370/0001-55,3401024353,"TUBO PPR, CLASSE PN 25, DN 40 MM, PARA AGUA QUENTE E FRIA PREDIAL",1107,"ROSAURA ELSA TALAMINI BORSATO - EPP",363,M,9801,8294.55,27,22.85
82.695.370/0001-55,3401024354,"TUBO PPR, CLASSE PN 25, DN 50 MM, PARA AGUA QUENTE E FRIA PREDIAL",1108,"ROSAURA ELSA TALAMINI BORSATO - EPP",348,M,14852.64,12573.24,42.68,36.13
82.695.370/0001-55,3401024355,"TUBO PVC  SERIE NORMAL, DN 100 MM, PARA ESGOTO  PREDIAL (NBR 5688)",1109,"ROSAURA ELSA TALAMINI BORSATO - EPP",413,M,6289.99,5323.57,15.23,12.89
82.695.370/0001-55,3401024357,"TUBO PVC ROSCAVEL, 3/4"",  AGUA FRIA PREDIAL",1111,"ROSAURA ELSA TALAMINI BORSATO - EPP",395,M,4171.2,3527.35,10.56,8.93
82.695.370/0001-55,3401024359,"TUBO PVC SERIE NORMAL, DN 75 MM, PARA ESGOTO PREDIAL (NBR 5688)",1113,"ROSAURA ELSA TALAMINI BORSATO - EPP",385,M,5551.7,4697,14.42,12.2
82.695.370/0001-55,3401024361,"TUBO PVC, FLEXIVEL, CORRUGADO, PERFURADO, DN 65 MM, PARA DRENAGEM, SISTEMA IRRIGACAO",1115,"ROSAURA ELSA TALAMINI BORSATO - EPP",435,M,11492.7,9726.6,26.42,22.36
82.695.370/0001-55,3401024363,"TUBO PVC, SERIE R, DN 100 MM, PARA ESGOTO OU AGUAS PLUVIAIS PREDIAIS (NBR 5688)",1117,"ROSAURA ELSA TALAMINI BORSATO - EPP",375,M,10755,9105,28.68,24.28
82.695.370/0001-55,3401024374,"TUBO PVC, SERIE R, DN 40 MM, PARA ESGOTO OU AGUAS PLUVIAIS PREDIAIS (NBR 5688)",1119,"ROSAURA ELSA TALAMINI BORSATO - EPP",395,M,3673.5,3108.65,9.3,7.87
82.695.370/0001-55,3401024377,"TUBO PVC, SERIE R, DN 75 MM, PARA ESGOTO OU AGUAS PLUVIAIS PREDIAIS (NBR 5688)",1121,"ROSAURA ELSA TALAMINI BORSATO - EPP",405,M,9622.8,8144.55,23.76,20.11
82.695.370/0001-55,3401024378,"TUBO PVC, SOLDAVEL, DN 25 MM, AGUA FRIA (NBR-5648)",1123,"ROSAURA ELSA TALAMINI BORSATO - EPP",530,M,2289.6,1934.5,4.32,3.65
82.695.370/0001-55,3401024380,"TUBO PVC, SOLDAVEL, DN 40 MM, AGUA FRIA (NBR-5648)",1125,"ROSAURA ELSA TALAMINI BORSATO - EPP",420,M,6140.4,5195.4,14.62,12.37
82.695.370/0001-55,3401024383,"UNIAO DUPLA PPR DN 20 MM, PARA AGUA QUENTE PREDIAL",1128,"ROSAURA ELSA TALAMINI BORSATO - EPP",180,UN,2565,2170.8,14.25,12.06
82.695.370/0001-55,3401024384,"UNIAO DUPLA PPR DN 25 MM, PARA AGUA QUENTE PREDIAL",1129,"ROSAURA ELSA TALAMINI BORSATO - EPP",155,UN,3441,2912.45,22.2,18.79
82.695.370/0001-55,3401024391,"UNIAO, CPVC, SOLDAVEL, 15 MM, PARA AGUA QUENTE PREDIAL",1136,"ROSAURA ELSA TALAMINI BORSATO - EPP",195,UN,3490.5,2954.25,17.9,15.15
82.695.370/0001-55,3401024392,"UNIAO, CPVC, SOLDAVEL, 22 MM, PARA AGUA QUENTE PREDIAL",1137,"ROSAURA ELSA TALAMINI BORSATO - EPP",180,UN,3553.2,3007.8,19.74,16.71
82.695.370/0001-55,3401024393,"UNIAO, CPVC, SOLDAVEL, 28 MM, PARA AGUA QUENTE PREDIAL",1138,"ROSAURA ELSA TALAMINI BORSATO - EPP",145,UN,3810.6,3224.8,26.28,22.24
82.695.370/0001-55,3401024394,"UNIAO, CPVC, SOLDAVEL, 35 MM, PARA AGUA QUENTE PREDIAL",1139,"ROSAURA ELSA TALAMINI BORSATO - EPP",125,UN,5097.5,4315,40.78,34.52
82.695.370/0001-55,3401024395,"UNIAO, CPVC, SOLDAVEL, 42 MM, PARA AGUA QUENTE PREDIAL",1140,"ROSAURA ELSA TALAMINI BORSATO - EPP",105,UN,6495.3,5498.85,61.86,52.37
82.695.370/0001-55,3401024396,"VALVULA DE DESCARGA EM METAL CROMADO PARA MICTORIO COM ACIONAMENTO POR PRESSAO E FECHAMENTO AUTOMATICO",1141,"ROSAURA ELSA TALAMINI BORSATO - EPP",104,UN,22280.96,18866.64,214.24,181.41
82.695.370/0001-55,3401024397,"VALVULA DE DESCARGA METALICA, BASE 1 1/4 "" E ACABAMENTO METALICO CROMADO",1143,"ROSAURA ELSA TALAMINI BORSATO - EPP",96,UN,19355.52,16389.12,201.62,170.72
82.695.370/0001-55,3401024399,"VALVULA DE RETENCAO HORIZONTAL, DE BRONZE (PN-25), 1/2"", 400 PSI, TAMPA DE PORCA DE UNIAO, EXTREMIDADES COM ROSCA",1145,"ROSAURA ELSA TALAMINI BORSATO - EPP",70,UN,6587.7,5577.6,94.11,79.68
82.695.370/0001-55,3401024401,"VALVULA EM METAL CROMADO PARA LAVATORIO, 1 "" SEM LADRAO",1147,"ROSAURA ELSA TALAMINI BORSATO - EPP",96,UN,3943.68,3338.88,41.08,34.78
82.695.370/0001-55,3401024403,"VALVULA EM PLASTICO BRANCO COM SAIDA LISA PARA TANQUE 1.1/4 "" X 1.1/2 """,1149,"ROSAURA ELSA TALAMINI BORSATO - EPP",170,UN,1431.4,1210.4,8.42,7.12
82.695.370/0001-55,3401024405,"VALVULA EM PLASTICO BRANCO PARA TANQUE 1.1/4 "" X 1.1/2 "", SEM UNHO E SEM LADRAO",1151,"ROSAURA ELSA TALAMINI BORSATO - EPP",285,UN,1430.7,1208.4,5.02,4.24
82.695.370/0001-55,3401024407,"VALVULA EM PLASTICO CROMADO PARA LAVATORIO 1 "", SEM UNHO, COM LADRAO",1153,"ROSAURA ELSA TALAMINI BORSATO - EPP",270,UN,2411.1,2038.5,8.93,7.55
82.695.370/0001-55,3401024409,"VARA FINA PARA CREMONA, EM FERRO ZINCADO BRANCO, COM DIAMETRO DE APROX 10 MM E COMPRIMENTO DE 1,20 M",1155,"ROSAURA ELSA TALAMINI BORSATO - EPP",98,UN,2026.64,1715,20.68,17.5
82.695.370/0001-55,3401024411,"VARAL DE CHÃO DE METAL SANFONADO COM ABAS",1157,"ROSAURA ELSA TALAMINI BORSATO - EPP",88,UN,13138.4,11124.96,149.3,126.42
82.695.370/0001-55,3401024371,"VASSOURA 40 CM COM CABO",1159,"ROSAURA ELSA TALAMINI BORSATO - EPP",228,UN,4491.6,3800.76,19.7,16.67
82.695.370/0001-55,10101193,"VASSOURA DE PALHA",1161,"ROSAURA ELSA TALAMINI BORSATO - EPP",403,UND,16321.5,13818.87,40.5,34.29
82.695.370/0001-55,3401024368,"VERNIZ 3,6 LT CORES PRONTAS",1164,"ROSAURA ELSA TALAMINI BORSATO - EPP",250,GL,39500,33250,158,133
82.695.370/0001-55,3401023502,"CABO DE COBRE, FLEXIVEL, CLASSE 4 OU 5, ISOLACAO EM PVC/A, ANTICHAMA BWF-B, 1 CONDUTOR, 450/750 V, SECAO NOMINAL 6 MM2",1169,"ROSAURA ELSA TALAMINI BORSATO - EPP",3625,M,17545,14826.25,4.84,4.09
82.695.370/0001-55,3401023948,"INTERRUPTOR PARALELO 10A, 250V, CONJUNTO MONTADO PARA EMBUTIR 4"" X 2"" (PLACA + SUPORTE + MODULO)",1171,"ROSAURA ELSA TALAMINI BORSATO - EPP",180,UN,1875.6,1585.8,10.42,8.81
82.695.370/0001-55,3401023788,"SIFAO EM METAL CROMADO PARA TANQUE, 1.1/4 X 1.1/2 """,1173,"ROSAURA ELSA TALAMINI BORSATO - EPP",74,UN,12880.44,10906.12,174.06,147.38
82.695.370/0001-55,3401024454,"CHAVE DE FENDA",1174,"ROSAURA ELSA TALAMINI BORSATO - EPP",145,UN,1148.4,971.5,7.92,6.7
82.695.370/0001-55,3401023228,"TOMADA 2P+T 20A 250V, CONJUNTO MONTADO PARA EMBUTIR 4"" X 2"" (PLACA + SUPORTE + MODULO)  BRANCA",1181,"ROSAURA ELSA TALAMINI BORSATO - EPP",195,PÇA,3369.6,2850.9,17.28,14.62
82.695.370/0001-55,3401023929,"TOMADA INDUSTRIAL DE EMBUTIR 3P+T 30 A, 440 V, COM TRAVA, COM PLACA",1183,"ROSAURA ELSA TALAMINI BORSATO - EPP",166,UN,8157.24,6905.6,49.14,41.6
82.695.370/0001-55,3401023931,"TOMADA PARA ANTENA DE TV, CABO COAXIAL DE 9 MM, CONJUNTO MONTADO PARA EMBUTIR 4"" X 2"" (PLACA + SUPORTE + MODULO)",1185,"ROSAURA ELSA TALAMINI BORSATO - EPP",190,UN,3207.2,2713.2,16.88,14.28
82.695.370/0001-55,3401028024,"RODA de pneu de carrinho de mão pneu/câmera 3,25/8",1187,"ROSAURA ELSA TALAMINI BORSATO - EPP",66,UND,4132.92,3499.32,62.62,53.02
82.695.370/0001-55,3401028025,"ESMERILHADEIRA ANGULAR, DUPLA ISOLACAO, 220 V, 1400 W, ROTACAO MINIMA DE 2800 RPM E ROTACAO MAXIMA ENTRE 10000 E 11000 RPM",1190,"ROSAURA ELSA TALAMINI BORSATO - EPP",21,UND,13372.17,11323.41,636.77,539.21
82.695.370/0001-55,3401028026,"FURADEIRA/PARAFUSADEIRA A BATERIA",1191,"ROSAURA ELSA TALAMINI BORSATO - EPP",22,UND,8011.96,6784.36,364.18,308.38
82.695.370/0001-55,3401028027,"TELHA PP 75 TRANSLUCIDA ONDA BAIXA BR 5,00 X 1,10 IBRAP",1192,"ROSAURA ELSA TALAMINI BORSATO - EPP",111,UND,43484.25,36820.92,391.75,331.72
82.695.370/0001-55,3401028028,"TELHA PP 75 TRANSLUCIDA ONDA BAIXA BR 6,00 X 1,10 IBRAP",1193,"ROSAURA ELSA TALAMINI BORSATO - EPP",113,UND,52884,44780.77,468,396.29
82.695.370/0001-55,3401028029,"TELHA PP 75 TRANSLUCIDA ONDA BAIXA BR 7,00 X 1,10 IBRAP",1194,"ROSAURA ELSA TALAMINI BORSATO - EPP",115,UND,62859,53227.75,546.6,462.85
82.695.370/0001-55,3401028030,"TELHA PP 75 TRANSLUCIDA ONDA BAIXA BR 2,44 X 0,50 IBRAP",1195,"ROSAURA ELSA TALAMINI BORSATO - EPP",140,UND,23520,19915,168,142.25
82.695.370/0001-55,3401028031,"TELHA PP 75 TRANSLUCIDA ONDA BAIXA BR 4,00 X 1,10 IBRAP",1196,"ROSAURA ELSA TALAMINI BORSATO - EPP",145,UND,45553.2,38572.9,314.16,266.02
82.695.370/0001-55,3401028032,"TELHA PP 75 TRANSLUCIDA ONDA BAIXA BR 1,83 X 0,50 IBRAP",1197,"ROSAURA ELSA TALAMINI BORSATO - EPP",145,UND,19575,16574.95,135,114.31
82.695.370/0001-55,3401028033,"TELHA PP 75 TRANSLUCIDA ONDA BAIXA BR 2,13 X 0,50 IBRAP",1198,"ROSAURA ELSA TALAMINI BORSATO - EPP",145,UND,16820,14241.9,116,98.22
82.695.370/0001-55,3401028035,"TELHA PP 75 TRANSLUCIDA ONDA BAIXA BR 1,22 X 0,50 IBRAP",1199,"ROSAURA ELSA TALAMINI BORSATO - EPP",145,UND,14288.3,12097.35,98.54,83.43
82.695.370/0001-55,3401028036,"TELHA PP 75 TRANSLUCIDA ONDA BAIXA BR 1,53 X 0,50 IBRAP",1200,"ROSAURA ELSA TALAMINI BORSATO - EPP",120,UND,12600,10668,105,88.9
82.695.370/0001-55,3401028037,"TELHA PP 177 TRANSLUCIDA ONDA ALTA BR 2,13 X 1,10 IBRAP",1201,"ROSAURA ELSA TALAMINI BORSATO - EPP",120,UND,20050.8,16977.6,167.09,141.48
82.695.370/0001-55,3401028034,"TELHA PP 177 TRANSLUCIDA ONDA ALTA BR 2,44 X 1.10 IBRAP",1202,"ROSAURA ELSA TALAMINI BORSATO - EPP",120,UND,23132.4,19587.6,192.77,163.23
82.695.370/0001-55,3401028038,"TELHA PP 177 TRANSLUCIDA ONDA ALTA BR 1,22 X 1,10 IBRAP",1203,"ROSAURA ELSA TALAMINI BORSATO - EPP",120,UND,11515.2,9750,95.96,81.25
82.695.370/0001-55,3401028039,"TELHA PP 177 TRANSLUCIDA ONDA ALTA BR 1,53 X 1,10 IBRAP",1204,"ROSAURA ELSA TALAMINI BORSATO - EPP",140,UND,16899.4,14309.4,120.71,102.21
82.695.370/0001-55,3401028195,"TELHA PP 177 TRANSLUCIDA ONDA ALTA BR 1.83 X 1.10 IBRAP",1205,"ROSAURA ELSA TALAMINI BORSATO - EPP",115,UND,16614.05,14067.95,144.47,122.33
82.695.370/0001-55,3401028040,"TELHA DE PVC TIPO COLONIAL ESPESSURA 2.0 MM NA COR CERÂMICA,  3 X1m  COM DISPOSITIVOS DE FIXAÇÃO (PARAFUSO, VENDANTE E TAMPA)",1206,"ROSAURA ELSA TALAMINI BORSATO - EPP",208,UND,374.4,314.08,1.8,1.51
19.654.843/0001-30,3401023294,"ABRACADEIRA DE NYLON PARA AMARRACAO DE CABOS, COMPRIMENTO DE *230* X *7,6* MM",2,"MARCOS FERNANDES MATERIAIS DE CONSTRUCAO LTDA",1905,UN,2266.95,1924.05,1.19,1.01
19.654.843/0001-30,3401019973,"ABRACADEIRA DE NYLON PARA AMARRACAO DE CABOS, COMPRIMENTO DE 100 X 2,5 MM",3,"MARCOS FERNANDES MATERIAIS DE CONSTRUCAO LTDA",11305,UND,791.35,565.25,0.07,0.05
19.654.843/0001-30,3401023295,"ABRACADEIRA DE NYLON PARA AMARRACAO DE CABOS, COMPRIMENTO DE 150 X *3,6* MM",4,"MARCOS FERNANDES MATERIAIS DE CONSTRUCAO LTDA",10055,UN,1809.9,1508.25,0.18,0.15
19.654.843/0001-30,3401023306,"ABRACADEIRA EM ACO PARA AMARRACAO DE ELETRODUTOS, TIPO D, COM 3"" E CUNHA DE FIXACAO",12,"MARCOS FERNANDES MATERIAIS DE CONSTRUCAO LTDA",745,UN,1847.6,1564.5,2.48,2.1
19.654.843/0001-30,3401023309,"ABRACADEIRA EM ACO PARA AMARRACAO DE ELETRODUTOS, TIPO D, COM 3/4"" E CUNHA DE FIXACAO",13,"MARCOS FERNANDES MATERIAIS DE CONSTRUCAO LTDA",795,UN,3959.1,3354.9,4.98,4.22
19.654.843/0001-30,3401023310,"ABRACADEIRA EM ACO PARA AMARRACAO DE ELETRODUTOS, TIPO D, COM 4"" E CUNHA DE FIXACAO",14,"MARCOS FERNANDES MATERIAIS DE CONSTRUCAO LTDA",790,UN,3278.5,2772.9,4.15,3.51
19.654.843/0001-30,3401023313,"ABRACADEIRA EM ACO PARA AMARRACAO DE ELETRODUTOS, TIPO U SIMPLES, COM 1""",19,"MARCOS FERNANDES MATERIAIS DE CONSTRUCAO LTDA",1280,UN,921.6,780.8,0.72,0.61
19.654.843/0001-30,3401023314,"ABRACADEIRA EM ACO PARA AMARRACAO DE ELETRODUTOS, TIPO U SIMPLES, COM 1/2""",20,"MARCOS FERNANDES MATERIAIS DE CONSTRUCAO LTDA",2380,UN,1190,999.6,0.5,0.42
19.654.843/0001-30,3401023316,"ABRACADEIRA EM ACO PARA AMARRACAO DE ELETRODUTOS, TIPO U SIMPLES, COM 2""",22,"MARCOS FERNANDES MATERIAIS DE CONSTRUCAO LTDA",1125,UN,1597.5,1350,1.42,1.2
19.654.843/0001-30,3401023336,"ACABAMENTO SIMPLES/CONVENCIONAL PARA FORRO PVC, TIPO ""U"" OU ""C"", COR BRANCA, COMPRIMENTO 6 M",27,"MARCOS FERNANDES MATERIAIS DE CONSTRUCAO LTDA",3068,M,13744.64,11627.72,4.48,3.79
19.654.843/0001-30,3401023339,"ACO CA-25, 20,0 MM, BARRA DE TRANSFERENCIA",30,"MARCOS FERNANDES MATERIAIS DE CONSTRUCAO LTDA",1545,KG,2533.8,2147.55,1.64,1.39
19.654.843/0001-30,3401023341,"ACO CA-25, 6,3 MM OU 8,0 MM, VERGALHAO",32,"MARCOS FERNANDES MATERIAIS DE CONSTRUCAO LTDA",1525,KG,13054,11056.25,8.56,7.25
19.654.843/0001-30,3401023342,"ACO CA-50, 10,0 MM, VERGALHAO",33,"MARCOS FERNANDES MATERIAIS DE CONSTRUCAO LTDA",1550,KG,13826,10850,8.92,7
19.654.843/0001-30,3401023346,"ACO CA-50, 8,0 MM, VERGALHAO",37,"MARCOS FERNANDES MATERIAIS DE CONSTRUCAO LTDA",1550,KG,14663,10075,9.46,6.5
19.654.843/0001-30,3401023348,"ADAPTADOR PVC PARA SIFAO, ROSCAVEL, 40 MM X 1 1/4""",39,"MARCOS FERNANDES MATERIAIS DE CONSTRUCAO LTDA",645,UN,1651.2,1399.65,2.56,2.17
19.654.843/0001-30,3401023349,"ADAPTADOR PVC ROSCAVEL, COM FLANGES E ANEL DE VEDACAO, 1"", PARA CAIXA D' AGUA",40,"MARCOS FERNANDES MATERIAIS DE CONSTRUCAO LTDA",230,UN,7419.8,5290,32.26,23
19.654.843/0001-30,3401023350,"ADAPTADOR PVC ROSCAVEL, COM FLANGES E ANEL DE VEDACAO, 1/2"", PARA CAIXA D' AGUA",41,"MARCOS FERNANDES MATERIAIS DE CONSTRUCAO LTDA",230,UN,3882.4,2070,16.88,9
19.654.843/0001-30,3401023351,"ADAPTADOR PVC ROSCAVEL, COM FLANGES E ANEL DE VEDACAO, 3/4"", PARA CAIXA D' AGUA",42,"MARCOS FERNANDES MATERIAIS DE CONSTRUCAO LTDA",230,UN,3716.8,2058.5,16.16,8.95
19.654.843/0001-30,3401023360,"ADAPTADOR PVC SOLDAVEL CURTO COM BOLSA E ROSCA, 110 MM X 4"", PARA AGUA FRIA",43,"MARCOS FERNANDES MATERIAIS DE CONSTRUCAO LTDA",190,UN,8534.8,7227.6,44.92,38.04
19.654.843/0001-30,3401023368,"ADAPTADOR PVC SOLDAVEL, COM FLANGE E ANEL DE VEDACAO, 25 MM X 3/4"", PARA CAIXA D'AGUA",55,"MARCOS FERNANDES MATERIAIS DE CONSTRUCAO LTDA",152,UN,1945.6,1647.68,12.8,10.84
19.654.843/0001-30,3401023369,"ADAPTADOR PVC SOLDAVEL, COM FLANGE E ANEL DE VEDACAO, 32 MM X 1"", PARA CAIXA D'AGUA",56,"MARCOS FERNANDES MATERIAIS DE CONSTRUCAO LTDA",145,UN,2791.25,2363.5,19.25,16.3
19.654.843/0001-30,3401023370,"ADAPTADOR PVC SOLDAVEL, COM FLANGE E ANEL DE VEDACAO, 40 MM X 1 1/4"", PARA CAIXA D'AGUA",57,"MARCOS FERNANDES MATERIAIS DE CONSTRUCAO LTDA",145,UN,4178.9,2755,28.82,19
19.654.843/0001-30,3401023371,"ADAPTADOR PVC SOLDAVEL, COM FLANGE E ANEL DE VEDACAO, 50 MM X 1 1/2"", PARA CAIXA D'AGUA",58,"MARCOS FERNANDES MATERIAIS DE CONSTRUCAO LTDA",120,UN,3267.6,1680,27.23,14
19.654.843/0001-30,3401023372,"ADAPTADOR PVC SOLDAVEL, COM FLANGES E ANEL DE VEDACAO, 60 MM X 2"", PARA CAIXA D' AGUA",59,"MARCOS FERNANDES MATERIAIS DE CONSTRUCAO LTDA",130,UN,6185.4,3770,47.58,29
19.654.843/0001-30,3401023373,"ADAPTADOR PVC, COM REGISTRO, PARA PEAD, 20 MM X 3/4"", PARA LIGACAO PREDIAL DE AGUA",60,"MARCOS FERNANDES MATERIAIS DE CONSTRUCAO LTDA",245,UN,1347.5,1141.7,5.5,4.66
19.654.843/0001-30,3401023375,"ADAPTADOR, CPVC, SOLDAVEL, 15 MM, PARA AGUA QUENTE",62,"MARCOS FERNANDES MATERIAIS DE CONSTRUCAO LTDA",150,UN,3087,2614.5,20.58,17.43
19.654.843/0001-30,3401023376,"ADAPTADOR, CPVC, SOLDAVEL, 22 MM, PARA AGUA QUENTE",63,"MARCOS FERNANDES MATERIAIS DE CONSTRUCAO LTDA",150,UN,4131,3498,27.54,23.32
19.654.843/0001-30,3401023377,"ADESIVO ESTRUTURAL A BASE DE RESINA EPOXI, BICOMPONENTE, FLUIDO",64,"MARCOS FERNANDES MATERIAIS DE CONSTRUCAO LTDA",280,KG,15321.6,12975.2,54.72,46.34
19.654.843/0001-30,3401020044,"ADESIVO PARA TUBOS CPVC, *75* G",65,"MARCOS FERNANDES MATERIAIS DE CONSTRUCAO LTDA",230,UND,8339.8,7061,36.26,30.7
19.654.843/0001-30,3401024024,"ALICATE DE CORTE PROFISSIONAL 6''",72,"MARCOS FERNANDES MATERIAIS DE CONSTRUCAO LTDA",60,UND,4407.6,1680,73.46,28
19.654.843/0001-30,3401024025,"ALICATE DE PRESSÃO 10'' PARA USO PROFISSIONAL",74,"MARCOS FERNANDES MATERIAIS DE CONSTRUCAO LTDA",51,UND,2384.76,2019.6,46.76,39.6
19.654.843/0001-30,3401023381,"ALICATE DE PRESSAO 11 "" PARA SOLDA, TIPO U",76,"MARCOS FERNANDES MATERIAIS DE CONSTRUCAO LTDA",51,UN,4388.55,3716.37,86.05,72.87
19.654.843/0001-30,3401023382,"ANEL BORRACHA PARA TUBO ESGOTO PREDIAL, DN 100 MM (NBR 5688)",79,"MARCOS FERNANDES MATERIAIS DE CONSTRUCAO LTDA",440,UN,1513.6,836,3.44,1.9
19.654.843/0001-30,3401023383,"ANEL BORRACHA PARA TUBO ESGOTO PREDIAL, DN 50 MM (NBR 5688)",80,"MARCOS FERNANDES MATERIAIS DE CONSTRUCAO LTDA",590,UN,1144.6,590,1.94,1
19.654.843/0001-30,3401023384,"ANEL BORRACHA PARA TUBO ESGOTO PREDIAL, DN 75 MM (NBR 5688)",81,"MARCOS FERNANDES MATERIAIS DE CONSTRUCAO LTDA",510,UN,1453.5,739.5,2.85,1.45
19.654.843/0001-30,3401023385,"ANEL BORRACHA, DN 100 MM, PARA TUBO SERIE REFORCADA ESGOTO PREDIAL",82,"MARCOS FERNANDES MATERIAIS DE CONSTRUCAO LTDA",435,UN,1753.05,1483.35,4.03,3.41
19.654.843/0001-30,3401023386,"ANEL BORRACHA, DN 150 MM, PARA TUBO SERIE REFORCADA ESGOTO PREDIAL",83,"MARCOS FERNANDES MATERIAIS DE CONSTRUCAO LTDA",240,UN,3345.6,2832,13.94,11.8
19.654.843/0001-30,3401023387,"ANEL BORRACHA, DN 50 MM, PARA TUBO SERIE REFORCADA ESGOTO PREDIAL",84,"MARCOS FERNANDES MATERIAIS DE CONSTRUCAO LTDA",480,UN,1219.2,1032,2.54,2.15
19.654.843/0001-30,3401023388,"ANEL BORRACHA, DN 75 MM, PARA TUBO SERIE REFORCADA ESGOTO PREDIAL",85,"MARCOS FERNANDES MATERIAIS DE CONSTRUCAO LTDA",455,UN,1405.95,1192.1,3.09,2.62
19.654.843/0001-30,3401023389,"ANEL BORRACHA, PARA TUBO/CONEXAO PVC PBA, DN 100 MM, PARA REDE AGUA",86,"MARCOS FERNANDES MATERIAIS DE CONSTRUCAO LTDA",232,UN,2111.2,1788.72,9.1,7.71
19.654.843/0001-30,3401023392,"ANEL BORRACHA, PARA TUBO/CONEXAO PVC PBA, DN 75 MM, PARA REDE AGUA",89,"MARCOS FERNANDES MATERIAIS DE CONSTRUCAO LTDA",260,UN,1976,1674.4,7.6,6.44
19.654.843/0001-30,3401023394,"ANEL DE CONCRETO ARMADO, COM FUROS/DRENO PARA SUMIDOURO, D = 0,80 M, H = 0,50 M",91,"MARCOS FERNANDES MATERIAIS DE CONSTRUCAO LTDA",58,UN,8445.96,7076,145.62,122
19.654.843/0001-30,3401023396,"ANEL DE CONCRETO ARMADO, COM FUROS/DRENO PARA SUMIDOURO, D = 1,50 M, H = 0,50 M",93,"MARCOS FERNANDES MATERIAIS DE CONSTRUCAO LTDA",35,UN,16061.5,13601,458.9,388.6
19.654.843/0001-30,3401023398,"ANEL EM CONCRETO ARMADO, LISO,  PARA FOSSAS SEPTICAS E SUMIDOUROS, COM FUNDO, DIAMETRO INTERNO DE 1,20 M E ALTURA DE 0,50 M",95,"MARCOS FERNANDES MATERIAIS DE CONSTRUCAO LTDA",33,UN,19460.76,16479.21,589.72,499.37
19.654.843/0001-30,3401023400,"ARAME DE ACO OVALADO 15 X 17 ( 45,7 KG, 700 KGF), ROLO 1000 M",97,"MARCOS FERNANDES MATERIAIS DE CONSTRUCAO LTDA",439,KG,14416.76,12208.59,32.84,27.81
19.654.843/0001-30,3401023402,"ARAME GALVANIZADO 16 BWG, D = 1,65MM (0,0166 KG/M)",99,"MARCOS FERNANDES MATERIAIS DE CONSTRUCAO LTDA",364,KG,13264.16,5460,36.44,15
19.654.843/0001-30,3401023404,"ARAME GALVANIZADO 6 BWG, D = 5,16 MM (0,157 KG/M), OU 8 BWG, D = 4,19 MM (0,101 KG/M), OU 10 BWG, D = 3,40 MM (0,0713 KG/M)",101,"MARCOS FERNANDES MATERIAIS DE CONSTRUCAO LTDA",364,KG,11728.08,9828,32.22,27
19.654.843/0001-30,3401024030,"ARCO DE SERRA FIXO 12'' COM SERRA INCLUSA",103,"MARCOS FERNANDES MATERIAIS DE CONSTRUCAO LTDA",92,UND,2159.24,1828.04,23.47,19.87
19.654.843/0001-30,3401024646,"AREIA GROSSA - POSTO JAZIDA/FORNECEDOR (COM FRETE INCLUSO)",106,"MARCOS FERNANDES MATERIAIS DE CONSTRUCAO LTDA",610,M3,104978.8,57950,138.13,95
19.654.843/0001-30,3401024646,"AREIA GROSSA - POSTO JAZIDA/FORNECEDOR (COM FRETE INCLUSO)",107,"MARCOS FERNANDES MATERIAIS DE CONSTRUCAO LTDA",150,M3,104978.8,14250,138.13,95
19.654.843/0001-30,3401024648,"AREIA PARA ATERRO - POSTO JAZIDA/FORNECEDOR (COM FRETE INCLUSO)",110,"MARCOS FERNANDES MATERIAIS DE CONSTRUCAO LTDA",550,M3,37499,17600,68.18,32
19.654.843/0001-30,3401023411,"ARGAMASSA COLANTE AC II",112,"MARCOS FERNANDES MATERIAIS DE CONSTRUCAO LTDA",10300,KG,11742,9991,1.14,0.97
19.654.843/0001-30,3401023413,"ARGAMASSA COLANTE TIPO AC III E",114,"MARCOS FERNANDES MATERIAIS DE CONSTRUCAO LTDA",6350,KG,13779.5,11684,2.17,1.84
19.654.843/0001-30,3401023414,"ARRUELA EM ALUMINIO, COM ROSCA, DE  1 1/4"", PARA ELETRODUTO",115,"MARCOS FERNANDES MATERIAIS DE CONSTRUCAO LTDA",1315,UN,2524.8,2143.45,1.92,1.63
19.654.843/0001-30,3401023416,"ARRUELA EM ALUMINIO, COM ROSCA, DE 1"", PARA ELETRODUTO",117,"MARCOS FERNANDES MATERIAIS DE CONSTRUCAO LTDA",1837,UN,1965.59,1671.67,1.07,0.91
19.654.843/0001-30,3401023418,"ARRUELA EM ALUMINIO, COM ROSCA, DE 2 1/2"", PARA ELETRODUTO",119,"MARCOS FERNANDES MATERIAIS DE CONSTRUCAO LTDA",935,UN,3711.95,3141.6,3.97,3.36
19.654.843/0001-30,3401023420,"ARRUELA EM ALUMINIO, COM ROSCA, DE 3"", PARA ELETRODUTO",121,"MARCOS FERNANDES MATERIAIS DE CONSTRUCAO LTDA",775,UN,5603.25,4743,7.23,6.12
19.654.843/0001-30,3401023422,"ARRUELA EM ALUMINIO, COM ROSCA, DE 3/8"", PARA ELETRODUTO",123,"MARCOS FERNANDES MATERIAIS DE CONSTRUCAO LTDA",1615,UN,1728.05,1469.65,1.07,0.91
19.654.843/0001-30,3401024033,"ASSENTO SANITÁRIO ALMOFADADO DO TIPO GENERICO",126,"MARCOS FERNANDES MATERIAIS DE CONSTRUCAO LTDA",222,UND,18221.76,15431.22,82.08,69.51
19.654.843/0001-30,3401024034,"ASSOALHO EUCALIPTO 1º",128,"MARCOS FERNANDES MATERIAIS DE CONSTRUCAO LTDA",285,M2,21414.9,18134.55,75.14,63.63
19.654.843/0001-30,3401023443,"AUTOMATICO DE BOIA SUPERIOR / INFERIOR, *15* A / 250 V",130,"MARCOS FERNANDES MATERIAIS DE CONSTRUCAO LTDA",202,UN,11356.44,9617.22,56.22,47.61
19.654.843/0001-30,3401023444,"BACIA SANITARIA (VASO) COM CAIXA ACOPLADA, SIFAO APARENTE, DE LOUCA BRANCA (SEM ASSENTO)",131,"MARCOS FERNANDES MATERIAIS DE CONSTRUCAO LTDA",158,UN,50782.78,43002.86,321.41,272.17
19.654.843/0001-30,3401023447,"BACIA SANITARIA (VASO) CONVENCIONAL PARA USO ESPECIFICO (HOSPITAIS, CLINICAS), COM FURO FRONTAL, DE LOUCA BRANCA, SEM ASSENTO",134,"MARCOS FERNANDES MATERIAIS DE CONSTRUCAO LTDA",77,UN,37324.21,31606.19,484.73,410.47
19.654.843/0001-30,3401024036,"BALDE METÁLICO 10 LT COM CABO",135,"MARCOS FERNANDES MATERIAIS DE CONSTRUCAO LTDA",228,UND,5640.72,4776.6,24.74,20.95
19.654.843/0001-30,3401023448,"BALDE PLASTICO CAPACIDADE *10* L",137,"MARCOS FERNANDES MATERIAIS DE CONSTRUCAO LTDA",135,UN,1684.8,1426.95,12.48,10.57
19.654.843/0001-30,3401024038,"BANDEJA PARA PINTURA PROFISSIONAL 15CM",139,"MARCOS FERNANDES MATERIAIS DE CONSTRUCAO LTDA",185,UND,1246.9,999,6.74,5.4
19.654.843/0001-30,3401024039,"BANDEJA PARA PINTURA PROFISSIONAL 23CM",140,"MARCOS FERNANDES MATERIAIS DE CONSTRUCAO LTDA",180,UND,2003.4,1512,11.13,8.4
19.654.843/0001-30,3401023451,"BASE PARA RELE COM SUPORTE METALICO",144,"MARCOS FERNANDES MATERIAIS DE CONSTRUCAO LTDA",131,UN,3248.8,2751,24.8,21
19.654.843/0001-30,3401023457,"BLOCO CERAMICO / TIJOLO VAZADO PARA ALVENARIA DE VEDACAO, FUROS NA HORIZONTAL, 11,5 X 19 X 19 CM (NBR 15270)",150,"MARCOS FERNANDES MATERIAIS DE CONSTRUCAO LTDA",19400,UN,28324,24056,1.46,1.24
19.654.843/0001-30,3401024041,"BLOCO LED AUTONOMO EMERGENCIA 1200LM (COM DOIS FARÓIS) BIVOLT",152,"MARCOS FERNANDES MATERIAIS DE CONSTRUCAO LTDA",169,UND,19576.96,16577.21,115.84,98.09
19.654.843/0001-30,3401023460,"BLOCO VEDACAO CONCRETO CELULAR AUTOCLAVADO 7,5 X 30 X 60 CM (E X A X C)",155,"MARCOS FERNANDES MATERIAIS DE CONSTRUCAO LTDA",942,M2,99697.2,63368.34,79.44,67.27
19.654.843/0001-30,3401023460,"BLOCO VEDACAO CONCRETO CELULAR AUTOCLAVADO 7,5 X 30 X 60 CM (E X A X C)",156,"MARCOS FERNANDES MATERIAIS DE CONSTRUCAO LTDA",313,M2,99697.2,21055.51,79.44,67.27
19.654.843/0001-30,3401023462,"BRACO OU HASTE COM CANOPLA PLASTICA, 1/2 "", PARA CHUVEIRO SIMPLES",158,"MARCOS FERNANDES MATERIAIS DE CONSTRUCAO LTDA",164,UN,2947.08,2496.08,17.97,15.22
19.654.843/0001-30,3401024042,"BRITA BRANCA DECORATIVA PARA JARDIM N1 SC DE 20KG",160,"MARCOS FERNANDES MATERIAIS DE CONSTRUCAO LTDA",520,SC,24325.6,20597.2,46.78,39.61
19.654.843/0001-30,3401024044,"BRITA ROSADA PARA JARDIM N1",162,"MARCOS FERNANDES MATERIAIS DE CONSTRUCAO LTDA",239,M3,96354,26768,303,112
19.654.843/0001-30,3401024044,"BRITA ROSADA PARA JARDIM N1",163,"MARCOS FERNANDES MATERIAIS DE CONSTRUCAO LTDA",79,M3,96354,8848,303,112
19.654.843/0001-30,3401024045,"BUCHA DE NYLON COM ANEL MEDINDO 10MM DE DIÂMETRO.",164,"MARCOS FERNANDES MATERIAIS DE CONSTRUCAO LTDA",2525,UND,656.5,555.5,0.26,0.22
19.654.843/0001-30,3401024047,"BUCHA DE NYLON COM ANEL MEDINDO 8MM DE DIÂMETRO.",166,"MARCOS FERNANDES MATERIAIS DE CONSTRUCAO LTDA",2725,UND,299.75,245.25,0.11,0.09
19.654.843/0001-30,3401023465,"BUCHA DE NYLON SEM ABA S4",168,"MARCOS FERNANDES MATERIAIS DE CONSTRUCAO LTDA",2625,UN,157.5,105,0.06,0.04
19.654.843/0001-30,3401023467,"BUCHA DE NYLON SEM ABA S6",170,"MARCOS FERNANDES MATERIAIS DE CONSTRUCAO LTDA",2725,UN,272.5,218,0.1,0.08
19.654.843/0001-30,3401024048,"BUCHA DE NYLON SEM ANEL MEDINDO 10MM DE DIÂMETRO",172,"MARCOS FERNANDES MATERIAIS DE CONSTRUCAO LTDA",2575,UND,1493.5,1261.75,0.58,0.49
19.654.843/0001-30,3401024050,"BUCHA DE NYLON SEM ANEL MEDINDO 5MM DE DIÂMETRO.",174,"MARCOS FERNANDES MATERIAIS DE CONSTRUCAO LTDA",2475,UND,742.5,618.75,0.3,0.25
19.654.843/0001-30,3401024052,"BUCHA DE NYLON SEM ANEL MEDINDO 7MM DE DIÂMETRO.",176,"MARCOS FERNANDES MATERIAIS DE CONSTRUCAO LTDA",1975,UND,3436.5,2903.25,1.74,1.47
19.654.843/0001-30,3401023469,"BUCHA DE REDUCAO DE PVC, SOLDAVEL, CURTA, COM 25 X 20 MM, PARA AGUA FRIA PREDIAL",178,"MARCOS FERNANDES MATERIAIS DE CONSTRUCAO LTDA",1170,UN,725.4,620.1,0.62,0.53
19.654.843/0001-30,3401023471,"BUCHA DE REDUCAO DE PVC, SOLDAVEL, CURTA, COM 40 X 32 MM, PARA AGUA FRIA PREDIAL",180,"MARCOS FERNANDES MATERIAIS DE CONSTRUCAO LTDA",700,UN,1526,1295,2.18,1.85
19.654.843/0001-30,3401023473,"BUCHA DE REDUCAO DE PVC, SOLDAVEL, CURTA, COM 60 X 50 MM, PARA AGUA FRIA PREDIAL",182,"MARCOS FERNANDES MATERIAIS DE CONSTRUCAO LTDA",470,UN,3327.6,2820,7.08,6
19.654.843/0001-30,3401023480,"BUCHA DE REDUCAO DE PVC, SOLDAVEL, LONGA, COM 50 X 32 MM, PARA AGUA FRIA PREDIAL",189,"MARCOS FERNANDES MATERIAIS DE CONSTRUCAO LTDA",690,UN,4091.7,3463.8,5.93,5.02
19.654.843/0001-30,3401023481,"BUCHA DE REDUCAO DE PVC, SOLDAVEL, LONGA, COM 60 X 50 MM, PARA AGUA FRIA PREDIAL",190,"MARCOS FERNANDES MATERIAIS DE CONSTRUCAO LTDA",345,UN,5913.3,5005.95,17.14,14.51
19.654.843/0001-30,3401023482,"BUCHA DE REDUCAO PVC ROSCAVEL 1 1/2"" X 1""",191,"MARCOS FERNANDES MATERIAIS DE CONSTRUCAO LTDA",408,UN,3618.96,3064.08,8.87,7.51
19.654.843/0001-30,3401023483,"BUCHA DE REDUCAO PVC ROSCAVEL 3/4"" X 1/2""",192,"MARCOS FERNANDES MATERIAIS DE CONSTRUCAO LTDA",638,UN,778.36,657.14,1.22,1.03
19.654.843/0001-30,3401023484,"BUCHA DE REDUCAO PVC ROSCAVEL, 1 1/2"" X 3/4""",193,"MARCOS FERNANDES MATERIAIS DE CONSTRUCAO LTDA",428,UN,3227.12,2730.64,7.54,6.38
19.654.843/0001-30,3401023485,"BUCHA DE REDUCAO PVC ROSCAVEL, 1"" X 1/2""",194,"MARCOS FERNANDES MATERIAIS DE CONSTRUCAO LTDA",638,UN,2322.32,1965.04,3.64,3.08
19.654.843/0001-30,3401023486,"BUCHA DE REDUCAO PVC ROSCAVEL, 1"" X 3/4""",195,"MARCOS FERNANDES MATERIAIS DE CONSTRUCAO LTDA",638,UN,2245.76,1901.24,3.52,2.98
19.654.843/0001-30,3401023487,"BUCHA DE REDUCAO PVC, ROSCAVEL,  2""  X 1 1/2 """,196,"MARCOS FERNANDES MATERIAIS DE CONSTRUCAO LTDA",288,UN,6785.28,5745.6,23.56,19.95
19.654.843/0001-30,3401023488,"BUCHA DE REDUCAO PVC, ROSCAVEL, 1 1/2""  X1 1/4 """,197,"MARCOS FERNANDES MATERIAIS DE CONSTRUCAO LTDA",278,UN,6349.52,5376.52,22.84,19.34
19.654.843/0001-30,3401023489,"BUCHA DE REDUCAO PVC, ROSCAVEL, 1 1/4""  X 3/4 """,198,"MARCOS FERNANDES MATERIAIS DE CONSTRUCAO LTDA",408,UN,3541.44,2998.8,8.68,7.35
19.654.843/0001-30,3401023490,"BUCHA DE REDUCAO PVC, ROSCAVEL, 1 1/4"" X 1 """,199,"MARCOS FERNANDES MATERIAIS DE CONSTRUCAO LTDA",638,UN,497.64,421.08,0.78,0.66
19.654.843/0001-30,3401023492,"BUCHA DE REDUCAO PVC, ROSCAVEL, 2""  X 1 1/4 """,201,"MARCOS FERNANDES MATERIAIS DE CONSTRUCAO LTDA",278,UN,7756.2,6569.14,27.9,23.63
19.654.843/0001-30,3401023494,"BUCHA DE REDUCAO, PPR, DN 40 X 25 MM, PARA AGUA QUENTE E FRIA PREDIAL",203,"MARCOS FERNANDES MATERIAIS DE CONSTRUCAO LTDA",378,UN,4611.6,3904.74,12.2,10.33
19.654.843/0001-30,3401020014,"CABO DE ACO GALVANIZADO, DIAMETRO 12,7 MM (1/2""), COM ALMA DE ACO CABO INDEPENDENTE 6 X 25 F",205,"MARCOS FERNANDES MATERIAIS DE CONSTRUCAO LTDA",180,KG,16702.2,14142.6,92.79,78.57
19.654.843/0001-30,3401020017,"CABO DE ACO GALVANIZADO, DIAMETRO 9,53 MM (3/8""), COM ALMA DE FIBRA 6 X 25 F",207,"MARCOS FERNANDES MATERIAIS DE CONSTRUCAO LTDA",190,KG,16664.9,14111.3,87.71,74.27
19.654.843/0001-30,3401023499,"CABO DE COBRE, FLEXIVEL, CLASSE 4 OU 5, ISOLACAO EM PVC/A, ANTICHAMA BWF-B, 1 CONDUTOR, 450/750 V, SECAO NOMINAL 2,5 MM2",210,"MARCOS FERNANDES MATERIAIS DE CONSTRUCAO LTDA",5500,M,72600,61490,13.2,11.18
19.654.843/0001-30,3401023500,"CABO DE COBRE, FLEXIVEL, CLASSE 4 OU 5, ISOLACAO EM PVC/A, ANTICHAMA BWF-B, 1 CONDUTOR, 450/750 V, SECAO NOMINAL 25 MM2",211,"MARCOS FERNANDES MATERIAIS DE CONSTRUCAO LTDA",7900,M,16037,13588,2.03,1.72
19.654.843/0001-30,3401023498,"CABO DE COBRE, FLEXIVEL, CLASSE 4 OU 5, ISOLACAO EM PVC/A, ANTICHAMA BWF-B, 1 CONDUTOR, 450/750 V, SECAO NOMINAL 16 MM2",214,"MARCOS FERNANDES MATERIAIS DE CONSTRUCAO LTDA",6650,M,22344,18952.5,3.36,2.85
19.654.843/0001-30,3401023503,"CABO DE COBRE, FLEXIVEL, CLASSE 4 OU 5, ISOLACAO EM PVC/A, ANTICHAMA BWF-B, COBERTURA PVC-ST1, ANTICHAMA BWF-B, 1 CONDUTOR, 0,6/1 KV, SECAO NOMINAL 10 MM2",215,"MARCOS FERNANDES MATERIAIS DE CONSTRUCAO LTDA",5100,M,44880,37995,8.8,7.45
19.654.843/0001-30,3401023506,"CABO DE COBRE, FLEXIVEL, CLASSE 4 OU 5, ISOLACAO EM PVC/A, ANTICHAMA BWF-B, COBERTURA PVC-ST1, ANTICHAMA BWF-B, 1 CONDUTOR, 0,6/1 KV, SECAO NOMINAL 25 MM2",218,"MARCOS FERNANDES MATERIAIS DE CONSTRUCAO LTDA",3000,M,87040,55290,21.76,18.43
19.654.843/0001-30,3401023506,"CABO DE COBRE, FLEXIVEL, CLASSE 4 OU 5, ISOLACAO EM PVC/A, ANTICHAMA BWF-B, COBERTURA PVC-ST1, ANTICHAMA BWF-B, 1 CONDUTOR, 0,6/1 KV, SECAO NOMINAL 25 MM2",219,"MARCOS FERNANDES MATERIAIS DE CONSTRUCAO LTDA",1000,M,87040,18430,21.76,18.43
19.654.843/0001-30,3401023509,"CABO FLEXIVEL PVC 750 V, 2 CONDUTORES DE 1,5 MM2",222,"MARCOS FERNANDES MATERIAIS DE CONSTRUCAO LTDA",4775,M,17858.5,15136.75,3.74,3.17
19.654.843/0001-30,3401019966,"CABO FLEXIVEL PVC 750 V, 2 CONDUTORES DE 4,0 MM2",223,"MARCOS FERNANDES MATERIAIS DE CONSTRUCAO LTDA",4350,M,39889.5,33799.5,9.17,7.77
19.654.843/0001-30,3401023511,"CABO FLEXIVEL PVC 750 V, 3 CONDUTORES DE 4,0 MM2",226,"MARCOS FERNANDES MATERIAIS DE CONSTRUCAO LTDA",3750,M,47400,40125,12.64,10.7
19.654.843/0001-30,3401023512,"CABO FLEXIVEL PVC 750 V, 3 CONDUTORES DE 6,0 MM2",227,"MARCOS FERNANDES MATERIAIS DE CONSTRUCAO LTDA",3300,M,61974,52470,18.78,15.9
19.654.843/0001-30,3401019968,"CABO FLEXIVEL PVC 750 V, 4 CONDUTORES DE 6,0 MM2",230,"MARCOS FERNANDES MATERIAIS DE CONSTRUCAO LTDA",2975,M,74672.5,63218.75,25.1,21.25
19.654.843/0001-30,3401023515,"CADEADO SIMPLES, CORPO EM LATAO MACICO, COM LARGURA DE 35 MM E ALTURA DE APROX 30 MM, HASTE CEMENTADA (NAO LONGA), EM ACO TEMPERADO COM DIAMETRO DE APROX 6,0 MM, INCLUINDO 2 CHAVES",234,"MARCOS FERNANDES MATERIAIS DE CONSTRUCAO LTDA",170,UN,5623.6,4761.7,33.08,28.01
19.654.843/0001-30,3401023516,"CADEADO SIMPLES, CORPO EM LATAO MACICO, COM LARGURA DE 50 MM E ALTURA DE APROX 40 MM, HASTE CEMENTADA EM ACO TEMPERADO COM DIAMETRO DE APROX 8,0 MM, INCLUINDO 2 CHAVES",236,"MARCOS FERNANDES MATERIAIS DE CONSTRUCAO LTDA",180,UN,8422.2,7131.6,46.79,39.62
19.654.843/0001-30,3401024062,"CAIXA CLORADORA 25LT",240,"MARCOS FERNANDES MATERIAIS DE CONSTRUCAO LTDA",770,UND,43104.6,36498,55.98,47.4
19.654.843/0001-30,3401023517,"CAIXA D'AGUA EM POLIETILENO 1500 LITROS, COM TAMPA",242,"MARCOS FERNANDES MATERIAIS DE CONSTRUCAO LTDA",37,UN,34416.29,29143.79,930.17,787.67
19.654.843/0001-30,3401020219,"CAIXA D'AGUA EM POLIETILENO 500 LITROS, COM TAMPA",244,"MARCOS FERNANDES MATERIAIS DE CONSTRUCAO LTDA",29,UND,7067.3,5984.73,243.7,206.37
19.654.843/0001-30,3401023522,"CAIXA DE CONCRETO ARMADO PRE-MOLDADO, COM FUNDO E TAMPA, DIMENSOES DE 0,60 X 0,60 X 0,50 M",248,"MARCOS FERNANDES MATERIAIS DE CONSTRUCAO LTDA",35,UN,14485.8,12266.45,413.88,350.47
19.654.843/0001-30,3401023523,"CAIXA DE CONCRETO ARMADO PRE-MOLDADO, SEM FUNDO, QUADRADA, DIMENSOES DE 0,30 X 0,30 X 0,30 M",249,"MARCOS FERNANDES MATERIAIS DE CONSTRUCAO LTDA",28,UN,2567.6,980,91.7,35
19.654.843/0001-30,3401023525,"CAIXA DE CONCRETO ARMADO PRE-MOLDADO, SEM FUNDO, QUADRADA, DIMENSOES DE 0,60 X 0,60 X 0,50 M",251,"MARCOS FERNANDES MATERIAIS DE CONSTRUCAO LTDA",52,UN,15343.64,12993.24,295.07,249.87
19.654.843/0001-30,3401023536,"CAIXA DE DESCARGA PLASTICA DE EMBUTIR COMPLETA, COM ESPELHO PLASTICO, CAPACIDADE 6 A 10 L, ACESSORIOS INCLUSOS",253,"MARCOS FERNANDES MATERIAIS DE CONSTRUCAO LTDA",109,UN,145095.7,92362.24,1000.66,847.36
19.654.843/0001-30,3401024063,"CAIXA DE ENTRADA PADRÃO CASAN COM TAMPA",255,"MARCOS FERNANDES MATERIAIS DE CONSTRUCAO LTDA",127,UND,10900.41,9230.36,85.83,72.68
19.654.843/0001-30,3401023538,"CAIXA DE PASSAGEM ELETRICA DE PAREDE, DE SOBREPOR, EM PVC, COM TAMPA APARAFUSADA, DIMENSOES 300 X 300 X *100* MM",258,"MARCOS FERNANDES MATERIAIS DE CONSTRUCAO LTDA",78,UN,13369.2,11320.92,171.4,145.14
19.654.843/0001-30,3401023539,"CAIXA DE PASSAGEM, EM PVC, DE 4"" X 2"", PARA ELETRODUTO FLEXIVEL CORRUGADO",259,"MARCOS FERNANDES MATERIAIS DE CONSTRUCAO LTDA",201,UN,389.94,329.64,1.94,1.64
19.654.843/0001-30,3401023541,"CAIXA SIFONADA PVC, 100 X 100 X 50 MM, COM GRELHA REDONDA, BRANCA",262,"MARCOS FERNANDES MATERIAIS DE CONSTRUCAO LTDA",112,UN,2731.68,2312.8,24.39,20.65
19.654.843/0001-30,3401023551,"CAIXA SIFONADA, PVC, 150 X 150 X 50 MM, COM GRELHA REDONDA, BRANCA",264,"MARCOS FERNANDES MATERIAIS DE CONSTRUCAO LTDA",87,UN,4786.74,4053.33,55.02,46.59
19.654.843/0001-30,3401023553,"CAL HIDRATADA PARA PINTURA",266,"MARCOS FERNANDES MATERIAIS DE CONSTRUCAO LTDA",43000,KG,74820,63210,1.74,1.47
19.654.843/0001-30,3401023554,"CAP PVC, SOLDAVEL, 20 MM, PARA AGUA FRIA PREDIAL",268,"MARCOS FERNANDES MATERIAIS DE CONSTRUCAO LTDA",564,UN,733.2,620.4,1.3,1.1
19.654.843/0001-30,3401023556,"CAP PVC, SOLDAVEL, 32 MM, PARA AGUA FRIA PREDIAL",270,"MARCOS FERNANDES MATERIAIS DE CONSTRUCAO LTDA",754,UN,1598.48,1357.2,2.12,1.8
19.654.843/0001-30,3401023558,"CAP PVC, SOLDAVEL, 50 MM, PARA AGUA FRIA PREDIAL",272,"MARCOS FERNANDES MATERIAIS DE CONSTRUCAO LTDA",434,UN,3194.24,2703.82,7.36,6.23
19.654.843/0001-30,3401023560,"CAP PVC, SOLDAVEL, DN 100 MM, SERIE NORMAL, PARA ESGOTO PREDIAL",274,"MARCOS FERNANDES MATERIAIS DE CONSTRUCAO LTDA",356,UN,3513.72,2976.16,9.87,8.36
19.654.843/0001-30,3401023562,"CAP PVC, SOLDAVEL, DN 75 MM, SERIE NORMAL, PARA ESGOTO PREDIAL",276,"MARCOS FERNANDES MATERIAIS DE CONSTRUCAO LTDA",424,UN,3485.28,2951.04,8.22,6.96
19.654.843/0001-30,3401024068,"CAPACETE V-GUARD COR BRANCO COM CARNEIRA",278,"MARCOS FERNANDES MATERIAIS DE CONSTRUCAO LTDA",179,UND,16267.52,13775.84,90.88,76.96
19.654.843/0001-30,3401023565,"CARRINHO DE MAO DE ACO CAPACIDADE 50 A 60 L, PNEU COM CAMARA",280,"MARCOS FERNANDES MATERIAIS DE CONSTRUCAO LTDA",151,UN,39614.85,33546.16,262.35,222.16
19.654.843/0001-30,3401024070,"CARRINHO DE MÃO QUADRADO CAÇAMBA 60LT METÁLICO",282,"MARCOS FERNANDES MATERIAIS DE CONSTRUCAO LTDA",47,UND,15755.81,13341.89,335.23,283.87
19.654.843/0001-30,3401024073,"CHAPEU DE PALHA 35CM",285,"MARCOS FERNANDES MATERIAIS DE CONSTRUCAO LTDA",385,UND,17055.5,14441.35,44.3,37.51
19.654.843/0001-30,3401024075,"CHAVE TESTE COM A PONTA FENDA 1/8X3''",287,"MARCOS FERNANDES MATERIAIS DE CONSTRUCAO LTDA",62,UND,783.68,663.4,12.64,10.7
19.654.843/0001-30,3401023567,"CHUMBADOR DE ACO, DIAMETRO 1/2"", COMPRIMENTO 75 MM",289,"MARCOS FERNANDES MATERIAIS DE CONSTRUCAO LTDA",341,UN,5462.82,4627.37,16.02,13.57
19.654.843/0001-30,3401023569,"CHUMBADOR, DIAMETRO 1/4"" COM PARAFUSO 1/4"" X 40 MM",291,"MARCOS FERNANDES MATERIAIS DE CONSTRUCAO LTDA",334,UN,601.2,507.68,1.8,1.52
19.654.843/0001-30,3401024076,"CHUVEIRO ELETRONICO 7500W COM POTENCIOMETRO PARA TEMPERATURA",293,"MARCOS FERNANDES MATERIAIS DE CONSTRUCAO LTDA",78,UND,18617.04,6630,238.68,85
19.654.843/0001-30,3401020231,"CIMENTO PORTLAND POZOLANICO CP IV-32",297,"MARCOS FERNANDES MATERIAIS DE CONSTRUCAO LTDA",19250,KG,15015,12705,0.78,0.66
19.654.843/0001-30,3401023571,"COLA BRANCA BASE PVA",298,"MARCOS FERNANDES MATERIAIS DE CONSTRUCAO LTDA",375,KG,11235,6011.25,29.96,16.03
19.654.843/0001-30,3401024079,"COLHER DE PEDREIRO 7''",300,"MARCOS FERNANDES MATERIAIS DE CONSTRUCAO LTDA",114,UND,3339.06,2827.2,29.29,24.8
19.654.843/0001-30,3401023572,"CONDULETE EM PVC, TIPO ""X"", SEM TAMPA, DE 1""",302,"MARCOS FERNANDES MATERIAIS DE CONSTRUCAO LTDA",85,UN,1270.75,1076.1,14.95,12.66
19.654.843/0001-30,3401023573,"CONDULETE EM PVC, TIPO ""X"", SEM TAMPA, DE 1/2""",303,"MARCOS FERNANDES MATERIAIS DE CONSTRUCAO LTDA",135,UN,1491.75,1263.6,11.05,9.36
19.654.843/0001-30,3401024081,"CONE 75 CM LARANJA/PRETO",305,"MARCOS FERNANDES MATERIAIS DE CONSTRUCAO LTDA",2115,UND,246355.2,156467.7,87.36,73.98
19.654.843/0001-30,3401024081,"CONE 75 CM LARANJA/PRETO",306,"MARCOS FERNANDES MATERIAIS DE CONSTRUCAO LTDA",705,UND,246355.2,52155.9,87.36,73.98
19.654.843/0001-30,3401024082,"CORANTE XADREZ (PÓ XADREZ) COLORAÇÃO DIVERSAS CORES 250GR",311,"MARCOS FERNANDES MATERIAIS DE CONSTRUCAO LTDA",337,UND,11232.21,9510.14,33.33,28.22
19.654.843/0001-30,3401024084,"CORDA MULTIFILAMENTO TRANÇADA 8MM",313,"MARCOS FERNANDES MATERIAIS DE CONSTRUCAO LTDA",1125,M,6502.5,5501.25,5.78,4.89
19.654.843/0001-30,3401023579,"CUMEEIRA PARA TELHA CERAMICA, COMPRIMENTO DE *41* CM, RENDIMENTO DE *3* TELHAS/M",315,"MARCOS FERNANDES MATERIAIS DE CONSTRUCAO LTDA",897,UN,3247.14,2753.79,3.62,3.07
19.654.843/0001-30,3401023581,"CUMEEIRA UNIVERSAL PARA TELHA ONDULADA DE FIBROCIMENTO, E = 6 MM, ABA 210 MM, COMPRIMENTO 1100 MM (SEM AMIANTO)",317,"MARCOS FERNANDES MATERIAIS DE CONSTRUCAO LTDA",257,UN,14427.98,12217.78,56.14,47.54
19.654.843/0001-30,3401023584,"CURVA PVC CURTA 90 G, DN 50 MM, PARA ESGOTO PREDIAL",320,"MARCOS FERNANDES MATERIAIS DE CONSTRUCAO LTDA",245,UN,2881.2,2440.2,11.76,9.96
19.654.843/0001-30,3401023586,"CURVA PVC CURTA 90 GRAUS, DN 40 MM, PARA ESGOTO PREDIAL",322,"MARCOS FERNANDES MATERIAIS DE CONSTRUCAO LTDA",445,UN,2282.85,1931.3,5.13,4.34
19.654.843/0001-30,3401023303,"CURVA PVC LEVE, 90 GRAUS, COM PONTA E BOLSA LISA, DN 150 MM",324,"MARCOS FERNANDES MATERIAIS DE CONSTRUCAO LTDA",165,UND,23420.1,19831.35,141.94,120.19
19.654.843/0001-30,3401023305,"CURVA PVC LONGA 45G, DN 50 MM, PARA ESGOTO PREDIAL",326,"MARCOS FERNANDES MATERIAIS DE CONSTRUCAO LTDA",195,UN,9104.55,7710.3,46.69,39.54
19.654.843/0001-30,3401024085,"DESEMGRIPANTE 300ML",328,"MARCOS FERNANDES MATERIAIS DE CONSTRUCAO LTDA",420,UND,7770,6581.4,18.5,15.67
19.654.843/0001-30,3401020054,"DESEMPENADEIRA DE ACO DENTADA 12 X *25* CM, DENTES 8 X 8 MM, CABO FECHADO DE MADEIRA",330,"MARCOS FERNANDES MATERIAIS DE CONSTRUCAO LTDA",49,UND,1286.74,1029,26.26,21
19.654.843/0001-30,3401024087,"DESEMPENADEIRA LISA PLÁSTICA 18X30",332,"MARCOS FERNANDES MATERIAIS DE CONSTRUCAO LTDA",39,UND,520.26,440.7,13.34,11.3
19.654.843/0001-30,3401020056,"DESEMPENADEIRA PLASTICA LISA *14 X 27* CM",334,"MARCOS FERNANDES MATERIAIS DE CONSTRUCAO LTDA",39,UND,816.66,659.1,20.94,16.9
19.654.843/0001-30,3401023317,"DISCO DE CORTE DIAMANTADO SEGMENTADO DIAMETRO DE 180 MM PARA ESMERILHADEIRA  7 """,336,"MARCOS FERNANDES MATERIAIS DE CONSTRUCAO LTDA",97,UND,11372.28,9630.16,117.24,99.28
19.654.843/0001-30,3401023319,"DISCO DE CORTE DIAMANTADO SEGMENTADO PARA CONCRETO, DIAMETRO DE 350 MM, FURO DE 1 "" (14 X 1 "")",338,"MARCOS FERNANDES MATERIAIS DE CONSTRUCAO LTDA",66,UND,44427.24,37620.66,673.14,570.01
19.654.843/0001-30,3401023321,"DISCO DE DESBASTE PARA METAL FERROSO EM GERAL, COM TRES TELAS,  9 X 1/4 X 7/8 "" ( 228,6 X 6,4 X 22,2 MM)",340,"MARCOS FERNANDES MATERIAIS DE CONSTRUCAO LTDA",85,UND,2404.65,2036.6,28.29,23.96
19.654.843/0001-30,3401023323,"DISJUNTOR  TERMOMAGNETICO TRIPOLAR 3 X 400 A / ICC - 25 KA",342,"MARCOS FERNANDES MATERIAIS DE CONSTRUCAO LTDA",24,UND,33146.4,28068.48,1381.1,1169.52
19.654.843/0001-30,3401023324,"DISJUNTOR TERMOMAGNETICO TRIPOLAR 125A",343,"MARCOS FERNANDES MATERIAIS DE CONSTRUCAO LTDA",27,UND,8630.28,7308.09,319.64,270.67
19.654.843/0001-30,3401023328,"DISJUNTOR TIPO DIN/IEC, BIPOLAR DE 6 ATE 32A",347,"MARCOS FERNANDES MATERIAIS DE CONSTRUCAO LTDA",86,UND,3876.88,3282.62,45.08,38.17
19.654.843/0001-30,3401023331,"DISJUNTOR TIPO DIN/IEC, TRIPOLAR DE 10 ATE 50A",351,"MARCOS FERNANDES MATERIAIS DE CONSTRUCAO LTDA",90,UND,5274,4465.8,58.6,49.62
19.654.843/0001-30,3401023343,"DISJUNTOR TIPO NEMA, MONOPOLAR 35  ATE  50 A, TENSAO MAXIMA DE 240 V",355,"MARCOS FERNANDES MATERIAIS DE CONSTRUCAO LTDA",92,UND,1667.96,1412.2,18.13,15.35
19.654.843/0001-30,3401023345,"DISJUNTOR TIPO NEMA, TRIPOLAR 60 ATE 100 A, TENSAO MAXIMA DE 415 V",357,"MARCOS FERNANDES MATERIAIS DE CONSTRUCAO LTDA",62,UND,6337.02,5366.1,102.21,86.55
19.654.843/0001-30,3401023348,"DISPOSITIVO DPS CLASSE II, 1 POLO, TENSAO MAXIMA DE 275 V, CORRENTE MAXIMA DE *45* KA (TIPO AC)",360,"MARCOS FERNANDES MATERIAIS DE CONSTRUCAO LTDA",85,UND,8339.35,7061.8,98.11,83.08
19.654.843/0001-30,3401023351,"DISPOSITIVO DR, 2 POLOS, SENSIBILIDADE DE 30 MA, CORRENTE DE 100 A, TIPO AC",361,"MARCOS FERNANDES MATERIAIS DE CONSTRUCAO LTDA",64,UN,16727.04,14164.48,261.36,221.32
19.654.843/0001-30,3401023353,"DISPOSITIVO DR, 2 POLOS, SENSIBILIDADE DE 30 MA, CORRENTE DE 63 A, TIPO AC",363,"MARCOS FERNANDES MATERIAIS DE CONSTRUCAO LTDA",59,UND,8426.97,7136.05,142.83,120.95
19.654.843/0001-30,3401023354,"DISPOSITIVO DR, 4 POLOS, SENSIBILIDADE DE 30 MA, CORRENTE DE 100 A, TIPO AC",364,"MARCOS FERNANDES MATERIAIS DE CONSTRUCAO LTDA",52,UND,15711.8,12271.48,302.15,235.99
19.654.843/0001-30,3401023355,"DISPOSITIVO DR, 4 POLOS, SENSIBILIDADE DE 30 MA, CORRENTE DE 40 A, TIPO AC",365,"MARCOS FERNANDES MATERIAIS DE CONSTRUCAO LTDA",64,UND,9375.36,7939.2,146.49,124.05
19.654.843/0001-30,3401023356,"DISPOSITIVO DR, 4 POLOS, SENSIBILIDADE DE 30 MA, CORRENTE DE 63 A, TIPO AC",366,"MARCOS FERNANDES MATERIAIS DE CONSTRUCAO LTDA",59,UND,9422.3,7978.57,159.7,135.23
19.654.843/0001-30,3401020072,"DOBRADICA EM ACO/FERRO, 3"" X 2 1/2"", E= 1,9 A 2 MM, SEM ANEL, CROMADO OU ZINCADO, TAMPA BOLA, COM PARAFUSOS",368,"MARCOS FERNANDES MATERIAIS DE CONSTRUCAO LTDA",455,UND,6415.5,5432.7,14.1,11.94
19.654.843/0001-30,3401023423,"ELEMENTO VAZADO DE CONCRETO, QUADRICULADO, 16 FUROS *40 X 40 X 7* CM",370,"MARCOS FERNANDES MATERIAIS DE CONSTRUCAO LTDA",815,UND,22388.05,18956.9,27.47,23.26
19.654.843/0001-30,3401023428,"ELETRODUTO DE PVC RIGIDO ROSCAVEL DE 1/2 "", SEM LUVA",375,"MARCOS FERNANDES MATERIAIS DE CONSTRUCAO LTDA",455,M,1719.9,1456,3.78,3.2
19.654.843/0001-30,3401023231,"ELETRODUTO DE PVC RIGIDO ROSCAVEL DE 2 "", SEM LUVA",376,"MARCOS FERNANDES MATERIAIS DE CONSTRUCAO LTDA",265,M,4658.7,3945.85,17.58,14.89
19.654.843/0001-30,3401023429,"ELETRODUTO DE PVC RIGIDO ROSCAVEL DE 2 1/2 "", SEM LUVA",377,"MARCOS FERNANDES MATERIAIS DE CONSTRUCAO LTDA",215,M,5512.6,4667.65,25.64,21.71
19.654.843/0001-30,3401023430,"ELETRODUTO DE PVC RIGIDO ROSCAVEL DE 3 "", SEM LUVA",378,"MARCOS FERNANDES MATERIAIS DE CONSTRUCAO LTDA",265,m,8522.4,7215.95,32.16,27.23
19.654.843/0001-30,3401023433,"ELETRODUTO PVC FLEXIVEL CORRUGADO, COR AMARELA, DE 25 MM",382,"MARCOS FERNANDES MATERIAIS DE CONSTRUCAO LTDA",430,M,1066.4,903,2.48,2.1
19.654.843/0001-30,3401023434,"ELETRODUTO PVC FLEXIVEL CORRUGADO, COR AMARELA, DE 32 MM",383,"MARCOS FERNANDES MATERIAIS DE CONSTRUCAO LTDA",430,M,1818.9,1539.4,4.23,3.58
19.654.843/0001-30,3401023435,"ELETRODUTO PVC FLEXIVEL CORRUGADO, REFORCADO, COR LARANJA, DE 20 MM, PARA LAJES E PISOS",384,"MARCOS FERNANDES MATERIAIS DE CONSTRUCAO LTDA",405,M,1129.95,955.8,2.79,2.36
19.654.843/0001-30,3401023437,"ELETRODUTO PVC FLEXIVEL CORRUGADO, REFORCADO, COR LARANJA, DE 32 MM, PARA LAJES E PISOS",386,"MARCOS FERNANDES MATERIAIS DE CONSTRUCAO LTDA",505,M,3661.25,3100.7,7.25,6.14
19.654.843/0001-30,3401024090,"ENXADA 8'' COM CABO - MATERIAL AÇO FORJADO",388,"MARCOS FERNANDES MATERIAIS DE CONSTRUCAO LTDA",211,UND,9697.56,8212.12,45.96,38.92
19.654.843/0001-30,3401023439,"ESCADA EXTENSIVEL EM ALUMINIO COM 6,00 M ESTENDIDA",391,"MARCOS FERNANDES MATERIAIS DE CONSTRUCAO LTDA",29,UND,40115.7,31900,1383.3,1100
19.654.843/0001-30,3401023440,"ESCORA PRE-MOLDADA EM CONCRETO, *10 X 10* CM, H = 2,30M",392,"MARCOS FERNANDES MATERIAIS DE CONSTRUCAO LTDA",330,UND,16269,13777.5,49.3,41.75
19.654.843/0001-30,3401024091,"ESPÁTULA DE AÇO 10cm",394,"MARCOS FERNANDES MATERIAIS DE CONSTRUCAO LTDA",61,UND,983.32,793,16.12,13
19.654.843/0001-30,3401024093,"ESPÁTULA DE AÇO 6cm",396,"MARCOS FERNANDES MATERIAIS DE CONSTRUCAO LTDA",49,UND,682.08,539,13.92,11
19.654.843/0001-30,3401020111,"ESPATULA DE ACO INOX COM CABO DE MADEIRA, LARGURA 8 CM",398,"MARCOS FERNANDES MATERIAIS DE CONSTRUCAO LTDA",24,UND,629.76,533.28,26.24,22.22
19.654.843/0001-30,3401023526,"ESPELHO / PLACA CEGA 4"" X 2"", PARA INSTALACAO DE TOMADAS E INTERRUPTORES",400,"MARCOS FERNANDES MATERIAIS DE CONSTRUCAO LTDA",204,UND,538.56,456.96,2.64,2.24
19.654.843/0001-30,3401023528,"ESPELHO / PLACA DE 1 POSTO 4"" X 2"", PARA INSTALACAO DE TOMADAS E INTERRUPTORES",402,"MARCOS FERNANDES MATERIAIS DE CONSTRUCAO LTDA",204,UND,510,432.48,2.5,2.12
19.654.843/0001-30,3401023530,"ESPELHO / PLACA DE 3 POSTOS 4"" X 2"", PARA INSTALACAO DE TOMADAS E INTERRUPTORES",404,"MARCOS FERNANDES MATERIAIS DE CONSTRUCAO LTDA",104,UND,328.64,278.72,3.16,2.68
19.654.843/0001-30,3401024096,"ESTILETE EMBORRACHADO 18MM",406,"MARCOS FERNANDES MATERIAIS DE CONSTRUCAO LTDA",81,UND,1592.46,1348.65,19.66,16.65
19.654.843/0001-30,3401024097,"FECHADRUA BICO DE PAPAGAIO PARA PORTA DE CORRER INTERNA, EM ACO INOX COM ACABAMENTO CROMADO, MAQUINA COM 45 MM, INCLUINDO CHAVE TIPO BIPARTIDA",408,"MARCOS FERNANDES MATERIAIS DE CONSTRUCAO LTDA",176,CJ,15752,13339.04,89.5,75.79
19.654.843/0001-30,3401023533,"FECHADURA DE EMBUTIR PARA GAVETA E MOVEIS DE MADEIRA, EM ACO INOX COM ACABAMENTO CROMADO, COM ABAS LATERAIS, CILINDRO COM 22 MM DE DIAMETRO, INCLUINDO CHAVE COM PERFIL METALICO E CAPA ESCAMOTEAVEL",410,"MARCOS FERNANDES MATERIAIS DE CONSTRUCAO LTDA",211,CJT,3093.26,2618.51,14.66,12.41
19.654.843/0001-30,3401023535,"FECHADURA DE SOBREPOR PARA PORTAO, EM ACO INOX COM ACABAMENTO CROMADO, CAIXA DE 100 MM, INCLUINDO CHAVE TIPO CILINDRO",412,"MARCOS FERNANDES MATERIAIS DE CONSTRUCAO LTDA",201,CJT,12952.44,10968.57,64.44,54.57
19.654.843/0001-30,3401020039,"FECHADURA ESPELHO PARA PORTA EXTERNA, EM ACO INOX (MAQUINA, TESTA E CONTRA-TESTA) E EM ZAMAC (MACANETA, LINGUETA E TRINCOS) COM ACABAMENTO CROMADO, MAQUINA DE 40 MM, INCLUINDO CHAVE TIPO CILINDRO",414,"MARCOS FERNANDES MATERIAIS DE CONSTRUCAO LTDA",187,CJT,13886.62,11758.56,74.26,62.88
19.654.843/0001-30,3401023543,"FECHADURA PARA PORTA PIVOTANTE DE VIDRO TEMPERADO, EM ACO INOX COM ACABAMENTO CROMADO, RECORTE PADRAO SANTA MARINA, COM CILINDRO EM LATAO, INCLUINDO CHAVE TIPO CILINDRO",416,"MARCOS FERNANDES MATERIAIS DE CONSTRUCAO LTDA",175,CJT,9618,8144.5,54.96,46.54
19.654.843/0001-30,3401023545,"FECHADURA ROSETA REDONDA PARA PORTA EXTERNA, EM ACO INOX (MAQUINA, TESTA E CONTRA-TESTA) E EM ZAMAC (MACANETA, LINGUETA E TRINCOS) COM ACABAMENTO CROMADO, MAQUINA DE 40 MM, INCLUINDO CHAVE TIPO CILINDRO",418,"MARCOS FERNANDES MATERIAIS DE CONSTRUCAO LTDA",158,CJ,24600.6,20832.3,155.7,131.85
19.654.843/0001-30,3401023547,"FIO COBRE NU DE 16 A 35 MM2, PARA TENSOES DE ATE 600 V",420,"MARCOS FERNANDES MATERIAIS DE CONSTRUCAO LTDA",226,KG,32756.44,27739.24,144.94,122.74
19.654.843/0001-30,3401024098,"FITA CREPE PARA ISOLAMENTO DE PINTURA 24MM",422,"MARCOS FERNANDES MATERIAIS DE CONSTRUCAO LTDA",315,UND,1386,1071,4.4,3.4
19.654.843/0001-30,3401020132,"FITA CREPE ROLO DE 25 MM X 50 M",424,"MARCOS FERNANDES MATERIAIS DE CONSTRUCAO LTDA",310,UND,2879.9,2439.7,9.29,7.87
19.654.843/0001-30,3401020134,"FITA ISOLANTE ADESIVA ANTICHAMA, USO ATE 750 V, EM ROLO DE 19 MM X 5 M",426,"MARCOS FERNANDES MATERIAIS DE CONSTRUCAO LTDA",525,UND,2194.5,1412.25,4.18,2.69
19.654.843/0001-30,3401020136,"FITA VEDA ROSCA EM ROLOS DE 18 MM X 10 M (L X C)",428,"MARCOS FERNANDES MATERIAIS DE CONSTRUCAO LTDA",435,UND,1844.4,648.15,4.24,1.49
19.654.843/0001-30,3401020138,"FITA VEDA ROSCA EM ROLOS DE 18 MM X 50 M (L X C)",430,"MARCOS FERNANDES MATERIAIS DE CONSTRUCAO LTDA",465,UND,7272.6,3017.85,15.64,6.49
19.654.843/0001-30,3401024100,"FITA ZEBRADA ROLO 200M",431,"MARCOS FERNANDES MATERIAIS DE CONSTRUCAO LTDA",395,UND,6185.7,5237.7,15.66,13.26
19.654.843/0001-30,3401023552,"FORRO DE MADEIRA PINUS OU EQUIVALENTE DA REGIAO, ENCAIXE MACHO/FEMEA COM FRISO, *10 X 1* CM (SEM COLOCACAO)",433,"MARCOS FERNANDES MATERIAIS DE CONSTRUCAO LTDA",505,M²,21210,14140,42,28
19.654.843/0001-30,10380065,"Forro de pinus tratado 1ª",435,"MARCOS FERNANDES MATERIAIS DE CONSTRUCAO LTDA",670,M2,27068,22920.7,40.4,34.21
19.654.843/0001-30,3401023554,"FORRO DE PVC, FRISADO, BRANCO, REGUA DE 10 CM, ESPESSURA DE 8 MM A 10 MM E COMPRIMENTO 6 M (SEM COLOCACAO)",436,"MARCOS FERNANDES MATERIAIS DE CONSTRUCAO LTDA",2209,M²,80545.75,44180,27.35,20
19.654.843/0001-30,3401023554,"FORRO DE PVC, FRISADO, BRANCO, REGUA DE 10 CM, ESPESSURA DE 8 MM A 10 MM E COMPRIMENTO 6 M (SEM COLOCACAO)",437,"MARCOS FERNANDES MATERIAIS DE CONSTRUCAO LTDA",736,M²,80545.75,14720,27.35,20
19.654.843/0001-30,3401023588,"GRAMPO DE ACO POLIDO 7/8 "" X 9",441,"MARCOS FERNANDES MATERIAIS DE CONSTRUCAO LTDA",52,KG,1156.48,979.16,22.24,18.83
19.654.843/0001-30,3401023592,"GRELHA FIXA, EM PVC BRANCA, QUADRADA, 150 X 150 MM, PARA RALOS E CAIXAS",445,"MARCOS FERNANDES MATERIAIS DE CONSTRUCAO LTDA",142,UND,1479.64,1252.44,10.42,8.82
19.654.843/0001-30,3401023593,"GRELHA FIXA, PVC CROMADA, REDONDA, 150 MM, PARA RALOS E CAIXAS",446,"MARCOS FERNANDES MATERIAIS DE CONSTRUCAO LTDA",197,UND,5382.04,4556.61,27.32,23.13
19.654.843/0001-30,3401023597,"GUARNICAO / MOLDURA / ARREMATE DE ACABAMENTO PARA ESQUADRIA, EM ALUMINIO PERFIL 25, ACABAMENTO ANODIZADO BRANCO OU BRILHANTE, PARA 1 FACE",450,"MARCOS FERNANDES MATERIAIS DE CONSTRUCAO LTDA",432,M,15033.6,12731.04,34.8,29.47
19.654.843/0001-30,3401023602,"INTERRUPTOR BIPOLAR 10A, 250V, CONJUNTO MONTADO PARA EMBUTIR 4"" X 2"" (PLACA + SUPORTE + MODULO)",455,"MARCOS FERNANDES MATERIAIS DE CONSTRUCAO LTDA",157,UND,3169.83,2684.7,20.19,17.1
19.654.843/0001-30,3401023944,"INTERRUPTOR INTERMEDIARIO 10 A, 250 V (APENAS MODULO)",457,"MARCOS FERNANDES MATERIAIS DE CONSTRUCAO LTDA",137,UND,2641.36,2237.21,19.28,16.33
19.654.843/0001-30,3401023955,"INTERRUPTORES PARALELOS (2 MODULOS) + TOMADA 2P+T 10A, 250V, CONJUNTO MONTADO PARA EMBUTIR 4"" X 2"" (PLACA + SUPORTE + MODULOS)",459,"MARCOS FERNANDES MATERIAIS DE CONSTRUCAO LTDA",152,UN,3742.24,3169.2,24.62,20.85
19.654.843/0001-30,3401023957,"INTERRUPTORES PARALELOS (3 MODULOS) 10A, 250V, CONJUNTO MONTADO PARA EMBUTIR 4"" X 2"" (PLACA + SUPORTE + MODULO)",461,"MARCOS FERNANDES MATERIAIS DE CONSTRUCAO LTDA",202,UN,5211.6,4413.7,25.8,21.85
19.654.843/0001-30,3401023950,"INTERRUPTOR SIMPLES + INTERRUPTOR PARALELO + TOMADA 2P+T 10A, 250V, CONJUNTO MONTADO PARA EMBUTIR 4"" X 2"" (PLACA + SUPORTE + MODULOS)",463,"MARCOS FERNANDES MATERIAIS DE CONSTRUCAO LTDA",157,UN,4556.14,3857.49,29.02,24.57
19.654.843/0001-30,3401019984,"INTERRUPTOR SIMPLES + TOMADA 2P+T 10A, 250V, CONJUNTO MONTADO PARA EMBUTIR 4"" X 2"" (PLACA + SUPORTE + MODULOS)",465,"MARCOS FERNANDES MATERIAIS DE CONSTRUCAO LTDA",177,UND,2747.04,2325.78,15.52,13.14
19.654.843/0001-30,3401023953,"INTERRUPTOR SIMPLES 10A, 250V, CONJUNTO MONTADO PARA EMBUTIR 4"" X 2"" (PLACA + SUPORTE + MODULO)",467,"MARCOS FERNANDES MATERIAIS DE CONSTRUCAO LTDA",437,UN,3124.55,2643.85,7.15,6.05
19.654.843/0001-30,3401019982,"INTERRUPTOR SIMPLES 10A, 250V, CONJUNTO MONTADO PARA SOBREPOR 4"" X 2"" (CAIXA + MODULO)",469,"MARCOS FERNANDES MATERIAIS DE CONSTRUCAO LTDA",137,UND,1309.72,1109.7,9.56,8.1
19.654.843/0001-30,3401023958,"INTERRUPTORES SIMPLES (2 MODULOS) + 1 INTERRUPTOR PARALELO 10A, 250V, CONJUNTO MONTADO PARA EMBUTIR 4"" X 2"" (PLACA + SUPORTE + MODULOS)",471,"MARCOS FERNANDES MATERIAIS DE CONSTRUCAO LTDA",182,UN,3872.96,3279.64,21.28,18.02
19.654.843/0001-30,3401023960,"INTERRUPTORES SIMPLES (2 MODULOS) 10A, 250V, CONJUNTO MONTADO PARA EMBUTIR 4"" X 2"" (PLACA + SUPORTE + MODULOS)",473,"MARCOS FERNANDES MATERIAIS DE CONSTRUCAO LTDA",177,UN,2598.36,2200.11,14.68,12.43
19.654.843/0001-30,3401023962,"JANELA BASCULANTE EM MADEIRA PINUS/ EUCALIPTO/ TAUARI/ VIROLA OU EQUIVALENTE DA REGIAO, *60 X 60*, CAIXA DO BATENTE/ MARCO E = *10* CM, 2 BASCULAS PARA VIDRO, COM FERRAGENS (SEM VIDRO, SEM GUARNICAO/ALIZAR E SEM ACABAMENTO)",475,"MARCOS FERNANDES MATERIAIS DE CONSTRUCAO LTDA",26,UN,9159.28,7756.06,352.28,298.31
19.654.843/0001-30,3401023964,"JANELA BASCULANTE, ACO, COM BATENTE/REQUADRO, 60 X 60 CM (SEM VIDROS)",477,"MARCOS FERNANDES MATERIAIS DE CONSTRUCAO LTDA",71,UN,7565.76,6407.04,106.56,90.24
19.654.843/0001-30,3401023971,"JANELA DE CORRER, EM ALUMINIO PERFIL 25, 100 X 120 CM (A X L), 2 FLS MOVEIS,  SEM BANDEIRA, ACABAMENTO BRANCO OU BRILHANTE, BATENTE DE 6 A 7 CM, COM VIDRO, SEM GUARNICAO",484,"MARCOS FERNANDES MATERIAIS DE CONSTRUCAO LTDA",32,UN,8141.44,6894.08,254.42,215.44
19.654.843/0001-30,3401023973,"JANELA EM MADEIRA CEDRINHO/ ANGELIM COMERCIAL/ CURUPIXA/ CUMARU OU EQUIVALENTE DA REGIAO, CAIXA DO BATENTE/MARCO *10* CM, 2 FOLHAS DE ABRIR TIPO VENEZIANA E 2 FOLHAS GUILHOTINA PARA VIDRO, COM GUARNICAO/ALIZAR, COM FERRAGENS (SEM VIDRO E SEM ACABAMENTO)",486,"MARCOS FERNANDES MATERIAIS DE CONSTRUCAO LTDA",8,M²,8696.8,7364.48,1087.1,920.56
19.654.843/0001-30,3401023975,"JANELA MAXIM AR EM MADEIRA CEDRINHO/ ANGELIM COMERCIAL/ CURUPIXA/ CUMARU OU EQUIVALENTE DA REGIAO, CAIXA DO BATENTE/MARCO *10* CM, 1 FOLHA  PARA VIDRO, COM GUARNICAO/ALIZAR, COM FERRAGENS, (SEM VIDRO E SEM ACABAMENTO)",488,"MARCOS FERNANDES MATERIAIS DE CONSTRUCAO LTDA",8,M²,12264.64,10385.68,1533.08,1298.21
19.654.843/0001-30,3401023976,"JANELA MAXIM AR, EM ALUMINIO PERFIL 25, 60 X 80 CM (A X L), ACABAMENTO BRANCO OU BRILHANTE, BATENTE DE 4 A 5 CM, COM VIDRO, SEM GUARNICAO/ALIZAR",489,"MARCOS FERNANDES MATERIAIS DE CONSTRUCAO LTDA",22,UN,4121.92,3490.52,187.36,158.66
19.654.843/0001-30,3401023994,"JOELHO PVC LEVE, 45 GRAUS, DN 150 MM, PARA ESGOTO PREDIAL",507,"MARCOS FERNANDES MATERIAIS DE CONSTRUCAO LTDA",349,UN,14274.1,12085.87,40.9,34.63
19.654.843/0001-30,3401023995,"JOELHO PVC LEVE, 90 GRAUS, DN 150 MM, PARA ESGOTO PREDIAL",508,"MARCOS FERNANDES MATERIAIS DE CONSTRUCAO LTDA",339,UN,13349.82,11305.65,39.38,33.35
19.654.843/0001-30,3401023996,"JOELHO PVC,  SOLDAVEL COM ROSCA, 90 GRAUS, 20 MM X 1/2"", PARA AGUA FRIA PREDIAL",509,"MARCOS FERNANDES MATERIAIS DE CONSTRUCAO LTDA",400,UN,832,704,2.08,1.76
19.654.843/0001-30,3401023997,"JOELHO PVC,  SOLDAVEL COM ROSCA, 90 GRAUS, 25 MM X 1/2"", PARA AGUA FRIA PREDIAL",510,"MARCOS FERNANDES MATERIAIS DE CONSTRUCAO LTDA",400,UN,1584,1340,3.96,3.35
19.654.843/0001-30,3401023998,"JOELHO PVC,  SOLDAVEL COM ROSCA, 90 GRAUS, 25 MM X 3/4"", PARA AGUA FRIA PREDIAL",511,"MARCOS FERNANDES MATERIAIS DE CONSTRUCAO LTDA",410,UN,1041.4,881.5,2.54,2.15
19.654.843/0001-30,3401023999,"JOELHO PVC, COM BOLSA E ANEL, 90 GRAUS, DN 40 X *38* MM, SERIE NORMAL, PARA ESGOTO PREDIAL",512,"MARCOS FERNANDES MATERIAIS DE CONSTRUCAO LTDA",390,UN,2320.5,1965.6,5.95,5.04
19.654.843/0001-30,3401024000,"JOELHO PVC, ROSCAVEL, 45 GRAUS, 1"", PARA AGUA FRIA PREDIAL",513,"MARCOS FERNANDES MATERIAIS DE CONSTRUCAO LTDA",330,UN,4596.9,3894,13.93,11.8
19.654.843/0001-30,3401024001,"JOELHO PVC, ROSCAVEL, 45 GRAUS, 1/2"", PARA AGUA FRIA PREDIAL",514,"MARCOS FERNANDES MATERIAIS DE CONSTRUCAO LTDA",400,UN,2016,1708,5.04,4.27
19.654.843/0001-30,3401024002,"JOELHO PVC, ROSCAVEL, 45 GRAUS, 3/4"", PARA AGUA FRIA PREDIAL",515,"MARCOS FERNANDES MATERIAIS DE CONSTRUCAO LTDA",400,UN,3192,2704,7.98,6.76
19.654.843/0001-30,3401024003,"JOELHO PVC, ROSCAVEL, 90 GRAUS, 1"", PARA AGUA FRIA PREDIAL",516,"MARCOS FERNANDES MATERIAIS DE CONSTRUCAO LTDA",400,UN,2280,1932,5.7,4.83
19.654.843/0001-30,3401024004,"JOELHO PVC, ROSCAVEL, 90 GRAUS, 1/2"", PARA AGUA FRIA PREDIAL",517,"MARCOS FERNANDES MATERIAIS DE CONSTRUCAO LTDA",380,UN,703,589,1.85,1.55
19.654.843/0001-30,3401024005,"JOELHO PVC, ROSCAVEL, 90 GRAUS, 3/4"", PARA AGUA FRIA PREDIAL",518,"MARCOS FERNANDES MATERIAIS DE CONSTRUCAO LTDA",380,UN,1048.8,889.2,2.76,2.34
19.654.843/0001-30,3401024006,"JOELHO PVC, SOLDAVEL, 90 GRAUS, 20 MM, PARA AGUA FRIA PREDIAL",519,"MARCOS FERNANDES MATERIAIS DE CONSTRUCAO LTDA",370,UN,229.4,188.7,0.62,0.51
19.654.843/0001-30,3401024007,"JOELHO PVC, SOLDAVEL, 90 GRAUS, 25 MM, PARA AGUA FRIA PREDIAL",520,"MARCOS FERNANDES MATERIAIS DE CONSTRUCAO LTDA",370,UN,284.9,240.5,0.77,0.65
19.654.843/0001-30,3401024008,"JOELHO PVC, SOLDAVEL, 90 GRAUS, 32 MM, PARA AGUA FRIA PREDIAL",521,"MARCOS FERNANDES MATERIAIS DE CONSTRUCAO LTDA",370,UN,939.8,795.5,2.54,2.15
19.654.843/0001-30,3401024009,"JOELHO PVC, SOLDAVEL, 90 GRAUS, 40 MM, PARA AGUA FRIA PREDIAL",522,"MARCOS FERNANDES MATERIAIS DE CONSTRUCAO LTDA",370,UN,2294,1942.5,6.2,5.25
19.654.843/0001-30,3401024010,"JOELHO PVC, SOLDAVEL, 90 GRAUS, 50 MM, PARA AGUA FRIA PREDIAL",523,"MARCOS FERNANDES MATERIAIS DE CONSTRUCAO LTDA",370,UN,1938.8,1642.8,5.24,4.44
19.654.843/0001-30,3401024011,"JOELHO PVC, SOLDAVEL, PB, 45 GRAUS, DN 100 MM, PARA ESGOTO PREDIAL",524,"MARCOS FERNANDES MATERIAIS DE CONSTRUCAO LTDA",370,UN,3552,3008.1,9.6,8.13
19.654.843/0001-30,3401024012,"JOELHO PVC, SOLDAVEL, PB, 45 GRAUS, DN 150 MM, PARA ESGOTO PREDIAL",525,"MARCOS FERNANDES MATERIAIS DE CONSTRUCAO LTDA",295,UN,20301.9,17192.6,68.82,58.28
19.654.843/0001-30,3401024101,"JOELHO PVC, SOLDAVEL, PB, 45 GRAUS, DN 40 MM, PARA ESGOTO PREDIAL",526,"MARCOS FERNANDES MATERIAIS DE CONSTRUCAO LTDA",370,UN,954.6,806.6,2.58,2.18
19.654.843/0001-30,3401024102,"JOELHO PVC, SOLDAVEL, PB, 45 GRAUS, DN 50 MM, PARA ESGOTO PREDIAL",527,"MARCOS FERNANDES MATERIAIS DE CONSTRUCAO LTDA",370,UN,1472.6,1246.9,3.98,3.37
19.654.843/0001-30,3401024103,"JOELHO PVC, SOLDAVEL, PB, 45 GRAUS, DN 75 MM, PARA ESGOTO PREDIAL",528,"MARCOS FERNANDES MATERIAIS DE CONSTRUCAO LTDA",370,UN,3078.4,2608.5,8.32,7.05
19.654.843/0001-30,3401024105,"JOELHO PVC, SOLDAVEL, PB, 90 GRAUS, DN 150 MM, PARA ESGOTO PREDIAL",530,"MARCOS FERNANDES MATERIAIS DE CONSTRUCAO LTDA",265,UN,16790.4,14217.25,63.36,53.65
19.654.843/0001-30,3401024107,"JOELHO PVC, SOLDAVEL, PB, 90 GRAUS, DN 50 MM, PARA ESGOTO PREDIAL",532,"MARCOS FERNANDES MATERIAIS DE CONSTRUCAO LTDA",380,UN,1219.8,1033.6,3.21,2.72
19.654.843/0001-30,3401024109,"JOELHO, PVC SOLDAVEL, 45 GRAUS, 20 MM, PARA AGUA FRIA PREDIAL",534,"MARCOS FERNANDES MATERIAIS DE CONSTRUCAO LTDA",380,UN,452.2,383.8,1.19,1.01
19.654.843/0001-30,3401024111,"JOELHO, PVC SOLDAVEL, 45 GRAUS, 32 MM, PARA AGUA FRIA PREDIAL",536,"MARCOS FERNANDES MATERIAIS DE CONSTRUCAO LTDA",380,UN,1656.8,1402.2,4.36,3.69
19.654.843/0001-30,3401024113,"JOELHO, PVC SOLDAVEL, 45 GRAUS, 50 MM, PARA AGUA FRIA PREDIAL",538,"MARCOS FERNANDES MATERIAIS DE CONSTRUCAO LTDA",380,UN,2990.6,2530.8,7.87,6.66
19.654.843/0001-30,3401024115,"JUNCAO SIMPLES, PVC LEVE, 150 MM, PARA ESGOTO PREDIAL",540,"MARCOS FERNANDES MATERIAIS DE CONSTRUCAO LTDA",136,UN,6171.68,5226.48,45.38,38.43
19.654.843/0001-30,3401024117,"JUNCAO SIMPLES, PVC SERIE R, DN 100 X 75 MM, PARA ESGOTO OU AGUAS PLUVIAIS PREDIAIS",542,"MARCOS FERNANDES MATERIAIS DE CONSTRUCAO LTDA",149,UN,10847.2,9185.85,72.8,61.65
19.654.843/0001-30,3401024119,"JUNCAO SIMPLES, PVC SERIE R, DN 150 X 150 MM, PARA ESGOTO OU AGUAS PLUVIAIS PREDIAIS",544,"MARCOS FERNANDES MATERIAIS DE CONSTRUCAO LTDA",131,UN,25149.38,21296.67,191.98,162.57
19.654.843/0001-30,3401024121,"JUNCAO SIMPLES, PVC SERIE R, DN 50 X 50 MM, PARA ESGOTO OU AGUAS PLUVIAIS PREDIAIS",546,"MARCOS FERNANDES MATERIAIS DE CONSTRUCAO LTDA",169,UN,3728.14,3156.92,22.06,18.68
19.654.843/0001-30,3401024122,"JUNCAO SIMPLES, PVC, 45 GRAUS, DN 100 X 100 MM, SERIE NORMAL PARA ESGOTO PREDIAL",548,"MARCOS FERNANDES MATERIAIS DE CONSTRUCAO LTDA",149,UN,3759.27,3182.64,25.23,21.36
19.654.843/0001-30,3401024125,"JUNCAO SIMPLES, PVC, DN 100 X 50 MM, SERIE NORMAL PARA ESGOTO PREDIAL",550,"MARCOS FERNANDES MATERIAIS DE CONSTRUCAO LTDA",144,UN,2036.16,1723.68,14.14,11.97
19.654.843/0001-30,3401024127,"JUNCAO SIMPLES, PVC, DN 50 X 50 MM, SERIE NORMAL PARA ESGOTO PREDIAL",552,"MARCOS FERNANDES MATERIAIS DE CONSTRUCAO LTDA",149,UN,1469.14,1244.15,9.86,8.35
19.654.843/0001-30,3401024129,"JUNCAO SIMPLES, PVC, DN 75 X 75 MM, SERIE NORMAL PARA ESGOTO PREDIAL",554,"MARCOS FERNANDES MATERIAIS DE CONSTRUCAO LTDA",154,UN,2333.1,1975.82,15.15,12.83
19.654.843/0001-30,3401024131,"KIT FORMÃO CONTENDO 4 UND 3/8"", 1/2"", 3/4"" E 1''",556,"MARCOS FERNANDES MATERIAIS DE CONSTRUCAO LTDA",42,UND,5090.4,4310.46,121.2,102.63
19.654.843/0001-30,3401024133,"LAMPADA DE LUZ MISTA 500 W, BASE E40 (220 V)",558,"MARCOS FERNANDES MATERIAIS DE CONSTRUCAO LTDA",150,UN,8169,6918,54.46,46.12
19.654.843/0001-30,3401024135,"LAMPADA FLUORESCENTE COMPACTA 2U/3U BRANCA 9/10 W, BASE E27 (127/220 V)",560,"MARCOS FERNANDES MATERIAIS DE CONSTRUCAO LTDA",560,UN,8265.6,7000,14.76,12.5
19.654.843/0001-30,3401024137,"LAMPADA FLUORESCENTE ESPIRAL BRANCA 45 W, BASE E27 (127/220 V)",562,"MARCOS FERNANDES MATERIAIS DE CONSTRUCAO LTDA",525,UN,32025,27116.25,61,51.65
19.654.843/0001-30,3401019987,"LAMPADA LED 10 W BIVOLT BRANCA, FORMATO TRADICIONAL (BASE E27)",564,"MARCOS FERNANDES MATERIAIS DE CONSTRUCAO LTDA",985,UND,5969.1,5053.05,6.06,5.13
19.654.843/0001-30,3401024140,"LAMPADA LED BULBO 6500K E27 12W",566,"MARCOS FERNANDES MATERIAIS DE CONSTRUCAO LTDA",830,UND,10831.5,9171.5,13.05,11.05
19.654.843/0001-30,3401024142,"LAMPADA LED BULBO 6500K E27 20W",568,"MARCOS FERNANDES MATERIAIS DE CONSTRUCAO LTDA",780,UND,14180.4,12004.2,18.18,15.39
19.654.843/0001-30,3401024144,"LAMPADA LED BULBO 6500K E27 40W",570,"MARCOS FERNANDES MATERIAIS DE CONSTRUCAO LTDA",695,UND,35097.5,29718.2,50.5,42.76
19.654.843/0001-30,3401024146,"LAMPADA LED TIPO DICROICA BIVOLT, LUZ BRANCA, 5 W (BASE GU10)",572,"MARCOS FERNANDES MATERIAIS DE CONSTRUCAO LTDA",671,UN,5005.66,4240.72,7.46,6.32
19.654.843/0001-30,3401024148,"LAMPADA LED TUBULAR BIVOLT 9/10 W, BASE G13",574,"MARCOS FERNANDES MATERIAIS DE CONSTRUCAO LTDA",1065,UN,8626.5,7305.9,8.1,6.86
19.654.843/0001-30,3401024150,"LAMPADA LED TUBULAR T8 9W",576,"MARCOS FERNANDES MATERIAIS DE CONSTRUCAO LTDA",1070,UN,18981.8,16071.4,17.74,15.02
19.654.843/0001-30,3401024151,"LAMPADA VAPOR DE SODIO OVOIDE 150 W (BASE E40)",577,"MARCOS FERNANDES MATERIAIS DE CONSTRUCAO LTDA",290,UN,16008,13554.6,55.2,46.74
19.654.843/0001-30,3401024152,"LAMPADA VAPOR DE SODIO OVOIDE 250 W (BASE E40)",578,"MARCOS FERNANDES MATERIAIS DE CONSTRUCAO LTDA",295,UN,18826.9,15941.8,63.82,54.04
19.654.843/0001-30,3401024154,"LAMPADA VAPOR METALICO OVOIDE 150 W, BASE E27/E40",580,"MARCOS FERNANDES MATERIAIS DE CONSTRUCAO LTDA",295,UN,15416.7,13053.75,52.26,44.25
19.654.843/0001-30,3401024156,"LIMPA CANO 1LT",582,"MARCOS FERNANDES MATERIAIS DE CONSTRUCAO LTDA",115,LT,4051.45,3430.45,35.23,29.83
19.654.843/0001-30,3401020144,"LONA PLASTICA EXTRA FORTE PRETA, E = 200 MICRA",590,"MARCOS FERNANDES MATERIAIS DE CONSTRUCAO LTDA",4650,Mt²,9672,8184,2.08,1.76
19.654.843/0001-30,3401024169,"LUVA DE CORRER PARA TUBO SOLDAVEL, PVC, 25 MM, PARA AGUA FRIA PREDIAL",598,"MARCOS FERNANDES MATERIAIS DE CONSTRUCAO LTDA",390,UN,4999.8,4235.4,12.82,10.86
19.654.843/0001-30,3401024172,"LUVA DE CORRER PARA TUBO SOLDAVEL, PVC, 60 MM, PARA AGUA FRIA PREDIAL",601,"MARCOS FERNANDES MATERIAIS DE CONSTRUCAO LTDA",367,UN,14958.92,12668.84,40.76,34.52
19.654.843/0001-30,3401024174,"LUVA DE CORRER PVC, JE, DN 150 MM, PARA REDE COLETORA DE ESGOTO (NBR 10569)",603,"MARCOS FERNANDES MATERIAIS DE CONSTRUCAO LTDA",227,UN,17097.64,14478.06,75.32,63.78
19.654.843/0001-30,3401024180,"LUVA DE CORRER, PVC PBA, JE, DN 50 / DE 60 MM, PARA REDE AGUA (NBR 10351)",609,"MARCOS FERNANDES MATERIAIS DE CONSTRUCAO LTDA",240,UN,2976,2520,12.4,10.5
19.654.843/0001-30,3401024182,"LUVA DE CORRER, PVC SERIE R, 150 MM, PARA ESGOTO OU AGUAS PLUVIAIS PREDIAIS",611,"MARCOS FERNANDES MATERIAIS DE CONSTRUCAO LTDA",152,UN,11624.96,9843.52,76.48,64.76
19.654.843/0001-30,3401023620,"LUVA DE CORRER, PVC, DN 100 MM, PARA ESGOTO PREDIAL",613,"MARCOS FERNANDES MATERIAIS DE CONSTRUCAO LTDA",265,UN,4997.9,4232.05,18.86,15.97
19.654.843/0001-30,3401023622,"LUVA DE CORRER, PVC, DN 75 MM, PARA ESGOTO PREDIAL",615,"MARCOS FERNANDES MATERIAIS DE CONSTRUCAO LTDA",185,UN,2360.6,1999.85,12.76,10.81
19.654.843/0001-30,3401023627,"LUVA EM PVC RIGIDO ROSCAVEL, DE 1 1/2"", PARA ELETRODUTO",620,"MARCOS FERNANDES MATERIAIS DE CONSTRUCAO LTDA",230,UN,669.3,565.8,2.91,2.46
19.654.843/0001-30,3401023628,"LUVA EM PVC RIGIDO ROSCAVEL, DE 1 1/4"", PARA ELETRODUTO",621,"MARCOS FERNANDES MATERIAIS DE CONSTRUCAO LTDA",210,UN,443.1,375.9,2.11,1.79
19.654.843/0001-30,3401023630,"LUVA EM PVC RIGIDO ROSCAVEL, DE 1/2"", PARA ELETRODUTO",623,"MARCOS FERNANDES MATERIAIS DE CONSTRUCAO LTDA",260,UN,171.6,145.6,0.66,0.56
19.654.843/0001-30,3401023631,"LUVA EM PVC RIGIDO ROSCAVEL, DE 2 1/2"", PARA ELETRODUTO",624,"MARCOS FERNANDES MATERIAIS DE CONSTRUCAO LTDA",180,UN,1684.8,1427.4,9.36,7.93
19.654.843/0001-30,3401023633,"LUVA EM PVC RIGIDO ROSCAVEL, DE 3"", PARA ELETRODUTO",626,"MARCOS FERNANDES MATERIAIS DE CONSTRUCAO LTDA",177,UN,2223.12,1883.28,12.56,10.64
19.654.843/0001-30,3401023634,"LUVA EM PVC RIGIDO ROSCAVEL, DE 4"", PARA ELETRODUTO",628,"MARCOS FERNANDES MATERIAIS DE CONSTRUCAO LTDA",212,UN,4683.08,3966.52,22.09,18.71
19.654.843/0001-30,3401024184,"LUVA MULT-TÁTIL TAMANHO P AO GG",629,"MARCOS FERNANDES MATERIAIS DE CONSTRUCAO LTDA",442,UND,3496.22,2961.4,7.91,6.7
19.654.843/0001-30,3401023635,"MACANETA ALAVANCA RETA OCA, EM ZAMAC COM ACABAMENTO CROMADO, COMPRIMENTO APROX DE 15 CM",630,"MARCOS FERNANDES MATERIAIS DE CONSTRUCAO LTDA",162,PAR,9003.96,7625.34,55.58,47.07
19.654.843/0001-30,3401023636,"MACANETA ALAVANCA, RETA SIMPLES / OCA, CROMADA, COMPRIMENTO DE 10 A 16 CM, ACABAMENTO PADRAO POPULAR - SOMENTE MACANETAS",631,"MARCOS FERNANDES MATERIAIS DE CONSTRUCAO LTDA",215,PAR,5418,4588.1,25.2,21.34
19.654.843/0001-30,3401024185,"MACANETA BOLA, EM ZAMAC COM ACABAMENTO CROMADO, DIAMETRO DE APROX 2 1/2""",632,"MARCOS FERNANDES MATERIAIS DE CONSTRUCAO LTDA",154,PAR,14386.68,12182.94,93.42,79.11
19.654.843/0001-30,3401024186,"MACHADO LENHADOR COM CABO",633,"MARCOS FERNANDES MATERIAIS DE CONSTRUCAO LTDA",74,UND,7100.3,6012.5,95.95,81.25
19.654.843/0001-30,3401023638,"MANGUEIRA CRISTAL, LISA, PVC TRANSPARENTE, 1/2"" X 2 MM",634,"MARCOS FERNANDES MATERIAIS DE CONSTRUCAO LTDA",370,M,1428.2,1209.9,3.86,3.27
19.654.843/0001-30,3401023640,"MANGUEIRA CRISTAL, LISA, PVC TRANSPARENTE, 3/4"" X 2 MM",636,"MARCOS FERNANDES MATERIAIS DE CONSTRUCAO LTDA",1350,M,7317,6196.5,5.42,4.59
19.654.843/0001-30,3401023641,"MANGUEIRA PARA GAS - GLP, PVC, TRANCADA, DIAMETRO DE 3/8"", COMPRIMENTO DE 1M (NORMATIZADA)",638,"MARCOS FERNANDES MATERIAIS DE CONSTRUCAO LTDA",169,UN,2129.4,1803.23,12.6,10.67
19.654.843/0001-30,3401023642,"MANTA ASFALTICA ELASTOMERICA EM POLIESTER 4 MM, TIPO III, CLASSE B, ACABAMENTO PP (NBR 9952)",639,"MARCOS FERNANDES MATERIAIS DE CONSTRUCAO LTDA",605,M2,46621.3,39476.25,77.06,65.25
19.654.843/0001-30,3401023644,"MANTA ASFALTICA ELASTOMERICA TIPO GLASS 3 MM, TIPO II, CLASSE C, ACABAMENTO PP (NBR 9952)",642,"MARCOS FERNANDES MATERIAIS DE CONSTRUCAO LTDA",595,M2,26352.55,22312.5,44.29,37.5
19.654.843/0001-30,3401024189,"MAO FRANCESA 30CM",644,"MARCOS FERNANDES MATERIAIS DE CONSTRUCAO LTDA",190,UND,4964.7,4204.7,26.13,22.13
19.654.843/0001-30,3401024191,"MARRETA COM CABO 1,5KG",646,"MARCOS FERNANDES MATERIAIS DE CONSTRUCAO LTDA",42,UND,2854.32,2417.1,67.96,57.55
19.654.843/0001-30,3401024193,"MARTELO UNHA COM CABO 27CM",648,"MARCOS FERNANDES MATERIAIS DE CONSTRUCAO LTDA",75,UND,2195.25,1859.25,29.27,24.79
19.654.843/0001-30,3401023647,"MASSA DE REJUNTE PRONTA PARA TRATAMENTO DE JUNTAS DE CHAPA DE GESSO PARA DRYWALL, SEM ADICAO DE AGUA",654,"MARCOS FERNANDES MATERIAIS DE CONSTRUCAO LTDA",565,KG,1740.2,1474.65,3.08,2.61
19.654.843/0001-30,3401024650,"MATERIAL FILTRANTE (PEDREGULHO) 38 A 25,4 MM (COM FRETE INCLUSO)",658,"MARCOS FERNANDES MATERIAIS DE CONSTRUCAO LTDA",81,M3,242956.8,154301.76,2249.6,1904.96
19.654.843/0001-30,3401024650,"MATERIAL FILTRANTE (PEDREGULHO) 38 A 25,4 MM (COM FRETE INCLUSO)",659,"MARCOS FERNANDES MATERIAIS DE CONSTRUCAO LTDA",27,M3,242956.8,51433.92,2249.6,1904.96
19.654.843/0001-30,3401023653,"MOURAO DE CONCRETO CURVO, *10 X 10* CM, H= *2,60* M + CURVA DE 0,40 M",664,"MARCOS FERNANDES MATERIAIS DE CONSTRUCAO LTDA",150,UN,9345,7914,62.3,52.76
19.654.843/0001-30,3401023657,"NIPEL PVC, ROSCAVEL, 1 1/2"",  AGUA FRIA PREDIAL",668,"MARCOS FERNANDES MATERIAIS DE CONSTRUCAO LTDA",140,UN,1575,1334.2,11.25,9.53
19.654.843/0001-30,3401023659,"NIPEL PVC, ROSCAVEL, 1"",  AGUA FRIA PREDIAL",670,"MARCOS FERNANDES MATERIAIS DE CONSTRUCAO LTDA",145,UN,655.4,555.35,4.52,3.83
19.654.843/0001-30,3401023661,"NIPEL PVC, ROSCAVEL, 2"",  AGUA FRIA PREDIAL",672,"MARCOS FERNANDES MATERIAIS DE CONSTRUCAO LTDA",145,UN,3649.65,3089.95,25.17,21.31
19.654.843/0001-30,3401024199,"NÍVEL DE ALUMINIO 35CM",674,"MARCOS FERNANDES MATERIAIS DE CONSTRUCAO LTDA",124,UND,4387.12,3715.04,35.38,29.96
19.654.843/0001-30,110300645,"OCULOS DE PROTEÇÃO INCOLOR",676,"MARCOS FERNANDES MATERIAIS DE CONSTRUCAO LTDA",441,UND,2954.7,2500.47,6.7,5.67
19.654.843/0001-30,3401024202,"PÁ DE JUNTAR MODELO CONCHA COM CABO EM MADEIRA EQUIPADO COM CABO Y - MATERIAL AÇO FORJADO",678,"MARCOS FERNANDES MATERIAIS DE CONSTRUCAO LTDA",99,UND,5585.58,4730.22,56.42,47.78
19.654.843/0001-30,3401024211,"PARAFUSO CHIPBOARD CABEÇA CHATA, PHILLIPS, 4,0MM X 30MM.",687,"MARCOS FERNANDES MATERIAIS DE CONSTRUCAO LTDA",5300,UND,848,689,0.16,0.13
19.654.843/0001-30,3401024212,"PARAFUSO CHIPBOARD CABEÇA CHATA, PHILLIPS, 4,0MM X 40MM.",688,"MARCOS FERNANDES MATERIAIS DE CONSTRUCAO LTDA",5300,UND,689,583,0.13,0.11
19.654.843/0001-30,3401024213,"PARAFUSO CHIPBOARD CABEÇA CHATA, PHILLIPS, 4,0MM X 50MM.",689,"MARCOS FERNANDES MATERIAIS DE CONSTRUCAO LTDA",3100,UND,992,837,0.32,0.27
19.654.843/0001-30,3401024214,"PARAFUSO CHIPBOARD CABEÇA CHATA, PHILLIPS, 4,0MM X 70MM.",690,"MARCOS FERNANDES MATERIAIS DE CONSTRUCAO LTDA",2600,UND,1924,1638,0.74,0.63
19.654.843/0001-30,3401024215,"PARAFUSO CHIPBOARD CABEÇA CHATA, PHILLIPS, 4,5MM X 25MM.",691,"MARCOS FERNANDES MATERIAIS DE CONSTRUCAO LTDA",5600,UND,840,728,0.15,0.13
19.654.843/0001-30,3401024216,"PARAFUSO CHIPBOARD CABEÇA CHATA, PHILLIPS, 4,5MM X 40MM.",692,"MARCOS FERNANDES MATERIAIS DE CONSTRUCAO LTDA",4300,UND,989,817,0.23,0.19
19.654.843/0001-30,3401024217,"PARAFUSO CHIPBOARD CABEÇA CHATA, PHILLIPS, 4,5MM X 50MM.",693,"MARCOS FERNANDES MATERIAIS DE CONSTRUCAO LTDA",2300,UND,368,299,0.16,0.13
19.654.843/0001-30,3401024218,"PARAFUSO CHIPBOARD CABEÇA CHATA, PHILLIPS, 4,5MM X 70MM.",694,"MARCOS FERNANDES MATERIAIS DE CONSTRUCAO LTDA",2300,UND,736,621,0.32,0.27
19.654.843/0001-30,3401024219,"PARAFUSO CHIPBOARD CABEÇA CHATA, PHILLIPS, 5,0MM X 40MM.",695,"MARCOS FERNANDES MATERIAIS DE CONSTRUCAO LTDA",3800,UND,532,418,0.14,0.11
19.654.843/0001-30,3401024220,"PARAFUSO CHIPBOARD CABEÇA CHATA, PHILLIPS, 5,0MM X 50MM.",696,"MARCOS FERNANDES MATERIAIS DE CONSTRUCAO LTDA",2600,UND,1092,936,0.42,0.36
19.654.843/0001-30,3401024221,"PARAFUSO CHIPBOARD CABEÇA CHATA, PHILLIPS, 5,0MM X 60MM.",697,"MARCOS FERNANDES MATERIAIS DE CONSTRUCAO LTDA",2300,UND,1334,1127,0.58,0.49
19.654.843/0001-30,3401024224,"PARAFUSO CHIPBOARD CABEÇA CHATA, PHILLIPS, 5,0MM X 90MM.",700,"MARCOS FERNANDES MATERIAIS DE CONSTRUCAO LTDA",2300,UND,2277,1932,0.99,0.84
19.654.843/0001-30,3401024225,"PARAFUSO CHIPBOARD CABEÇA CHATA, PHILLIPS, 6,0MM X 100MM.",701,"MARCOS FERNANDES MATERIAIS DE CONSTRUCAO LTDA",2350,UND,2326.5,1974,0.99,0.84
19.654.843/0001-30,3401024226,"PARAFUSO CHIPBOARD CABEÇA CHATA, PHILLIPS, 6,0MM X 120MM.",702,"MARCOS FERNANDES MATERIAIS DE CONSTRUCAO LTDA",2350,UND,2843.5,2397,1.21,1.02
19.654.843/0001-30,3401024227,"PARAFUSO CHIPBOARD CABEÇA CHATA, PHILLIPS, 6,0MM X 50MM.",703,"MARCOS FERNANDES MATERIAIS DE CONSTRUCAO LTDA",2350,UND,799,681.5,0.34,0.29
19.654.843/0001-30,3401024228,"PARAFUSO CHIPBOARD CABEÇA CHATA, PHILLIPS, 6,0MM X 60MM.",704,"MARCOS FERNANDES MATERIAIS DE CONSTRUCAO LTDA",2050,UND,1230,1045.5,0.6,0.51
19.654.843/0001-30,3401024229,"PARAFUSO CHIPBOARD CABEÇA CHATA, PHILLIPS, 6,0MM X 80MM.",705,"MARCOS FERNANDES MATERIAIS DE CONSTRUCAO LTDA",2170,UND,1996.4,1692.6,0.92,0.78
19.654.843/0001-30,3401023663,"PARAFUSO DE ACO TIPO CHUMBADOR PARABOLT, DIAMETRO 1/2"", COMPRIMENTO 75 MM",706,"MARCOS FERNANDES MATERIAIS DE CONSTRUCAO LTDA",525,UN,7418.25,6284.25,14.13,11.97
19.654.843/0001-30,3401023664,"PARAFUSO DE ACO ZINCADO COM ROSCA SOBERBA, CABECA CHATA E FENDA SIMPLES, DIAMETRO 2,5 MM, COMPRIMENTO * 9,5 * MM",708,"MARCOS FERNANDES MATERIAIS DE CONSTRUCAO LTDA",5500,UN,385,275,0.07,0.05
19.654.843/0001-30,3401023666,"PARAFUSO DE ACO ZINCADO COM ROSCA SOBERBA, CABECA CHATA E FENDA SIMPLES, DIAMETRO 4,8 MM, COMPRIMENTO 45 MM",710,"MARCOS FERNANDES MATERIAIS DE CONSTRUCAO LTDA",2600,UN,988,832,0.38,0.32
19.654.843/0001-30,3401023668,"PARAFUSO DE LATAO COM ROSCA SOBERBA, CABECA CHATA E FENDA SIMPLES, DIAMETRO 2,5 MM, COMPRIMENTO 12 MM",712,"MARCOS FERNANDES MATERIAIS DE CONSTRUCAO LTDA",3300,UN,726,627,0.22,0.19
19.654.843/0001-30,3401023670,"PARAFUSO DE LATAO COM ROSCA SOBERBA, CABECA CHATA E FENDA SIMPLES, DIAMETRO 4,8 MM, COMPRIMENTO 65 MM",714,"MARCOS FERNANDES MATERIAIS DE CONSTRUCAO LTDA",1200,UN,3636,3084,3.03,2.57
19.654.843/0001-30,3401023672,"PARAFUSO DRY WALL, EM ACO ZINCADO, CABECA LENTILHA E PONTA BROCA (LB), LARGURA 4,2 MM, COMPRIMENTO 13 MM",716,"MARCOS FERNANDES MATERIAIS DE CONSTRUCAO LTDA",2300,UN,828,690,0.36,0.3
19.654.843/0001-30,3401023674,"PARAFUSO FRANCES METRICO ZINCADO, DIAMETRO 12 MM, COMPRIMENTO 150 MM, COM PORCA SEXTAVADA E ARRUELA DE PRESSAO MEDIA",718,"MARCOS FERNANDES MATERIAIS DE CONSTRUCAO LTDA",580,UN,17759.6,15039.4,30.62,25.93
19.654.843/0001-30,3401023676,"PARAFUSO FRANCES ZINCADO, DIAMETRO 1/2"", COMPRIMENTO 15"", COM PORCA E ARRUELA LISA MEDIA",720,"MARCOS FERNANDES MATERIAIS DE CONSTRUCAO LTDA",570,UN,16079.7,13617.3,28.21,23.89
19.654.843/0001-30,3401023678,"PARAFUSO FRANCES ZINCADO, DIAMETRO 1/2'', COMPRIMENTO 2'', COM PORCA E ARRUELA",722,"MARCOS FERNANDES MATERIAIS DE CONSTRUCAO LTDA",725,UN,3523.5,2987,4.86,4.12
19.654.843/0001-30,3401024231,"PARAFUSO FRANCÊS, 1/4"" X 2"", COM PORCA.",724,"MARCOS FERNANDES MATERIAIS DE CONSTRUCAO LTDA",1465,UND,1772.65,1494.3,1.21,1.02
19.654.843/0001-30,3401024233,"PARAFUSO FRANCÊS, 5/16"" X 2"", COM PORCA.",726,"MARCOS FERNANDES MATERIAIS DE CONSTRUCAO LTDA",1865,UND,1119,951.15,0.6,0.51
19.654.843/0001-30,3401024235,"PARAFUSO FRANCÊS, 5/16"" X 4"", COM PORCA.",728,"MARCOS FERNANDES MATERIAIS DE CONSTRUCAO LTDA",1465,UND,3662.5,3105.8,2.5,2.12
19.654.843/0001-30,3401024238,"PARAFUSO FRANCÊS, 5/16"" X 8"", COM PORCA.",730,"MARCOS FERNANDES MATERIAIS DE CONSTRUCAO LTDA",1365,UND,3043.95,2579.85,2.23,1.89
19.654.843/0001-30,3401024240,"PARAFUSO MÁQUINA, CABEÇA PANELA, FENDA, 3/16"" X 3/8""",732,"MARCOS FERNANDES MATERIAIS DE CONSTRUCAO LTDA",2370,UND,355.5,284.4,0.15,0.12
19.654.843/0001-30,3401023682,"PARAFUSO ROSCA SOBERBA ZINCADO CABECA CHATA FENDA SIMPLES 3,8 X 30 MM (1.1/4 "")",743,"MARCOS FERNANDES MATERIAIS DE CONSTRUCAO LTDA",5100,UN,408,306,0.08,0.06
19.654.843/0001-30,3401023683,"PARAFUSO ROSCA SOBERBA ZINCADO CABECA CHATA FENDA SIMPLES 4,8 X 40 MM (1.1/2 "")",744,"MARCOS FERNANDES MATERIAIS DE CONSTRUCAO LTDA",4100,UN,656,574,0.16,0.14
19.654.843/0001-30,3401023684,"PARAFUSO ROSCA SOBERBA ZINCADO CABECA CHATA FENDA SIMPLES 5,5 X 50 MM (2 "")",745,"MARCOS FERNANDES MATERIAIS DE CONSTRUCAO LTDA",2600,UN,832,702,0.32,0.27
19.654.843/0001-30,3401023685,"PARAFUSO ROSCA SOBERBA ZINCADO CABECA CHATA FENDA SIMPLES 5,5 X 65 MM (2.1/2 "")",746,"MARCOS FERNANDES MATERIAIS DE CONSTRUCAO LTDA",2600,UN,1092,936,0.42,0.36
19.654.843/0001-30,3401024249,"PARAFUSO TELHEIRO MEDINDO 5/16"" X 110MM, COM ARRUELA DE METAL E BUCHA PLÁSTICA",747,"MARCOS FERNANDES MATERIAIS DE CONSTRUCAO LTDA",1900,UND,1824,1539,0.96,0.81
19.654.843/0001-30,3401024250,"PARAFUSO TELHEIRO MEDINDO 5/16"" X 150MM, COM ARRUELA DE METAL E BUCHA PLÁSTICA",748,"MARCOS FERNANDES MATERIAIS DE CONSTRUCAO LTDA",1900,UND,2812,2375,1.48,1.25
19.654.843/0001-30,3401023686,"PARAFUSO ZINCADO ROSCA SOBERBA, CABECA SEXTAVADA, 5/16 "" X 110 MM, PARA FIXACAO DE TELHA EM MADEIRA",749,"MARCOS FERNANDES MATERIAIS DE CONSTRUCAO LTDA",1750,UN,2345,1977.5,1.34,1.13
19.654.843/0001-30,3401020109,"PARAFUSO ZINCADO ROSCA SOBERBA, CABECA SEXTAVADA, 5/16 "" X 150 MM, PARA FIXACAO DE TELHA EM MADEIRA",750,"MARCOS FERNANDES MATERIAIS DE CONSTRUCAO LTDA",1350,UND,2470.5,2092.5,1.83,1.55
19.654.843/0001-30,3401020197,"PARAFUSO ZINCADO, AUTOBROCANTE, FLANGEADO, 4,2 MM X 19 MM",751,"MARCOS FERNANDES MATERIAIS DE CONSTRUCAO LTDA",520,CENT,21216,17966,40.8,34.55
19.654.843/0001-30,3401023687,"PARAFUSO ZINCADO, SEXTAVADO, COM ROSCA INTEIRA, DIAMETRO 1/4"", COMPRIMENTO 1/2""",752,"MARCOS FERNANDES MATERIAIS DE CONSTRUCAO LTDA",1805,UN,613.7,523.45,0.34,0.29
19.654.843/0001-30,3401023688,"PARAFUSO ZINCADO, SEXTAVADO, COM ROSCA INTEIRA, DIAMETRO 3/8"", COMPRIMENTO 2""",753,"MARCOS FERNANDES MATERIAIS DE CONSTRUCAO LTDA",1700,UN,2754,2329,1.62,1.37
19.654.843/0001-30,3401020198,"PARAFUSO ZINCADO, SEXTAVADO, COM ROSCA INTEIRA, DIAMETRO 5/8"", COMPRIMENTO 2 1/4""",754,"MARCOS FERNANDES MATERIAIS DE CONSTRUCAO LTDA",555,UND,3396.6,2874.9,6.12,5.18
19.654.843/0001-30,3401023689,"PARAFUSO ZINCADO, SEXTAVADO, COM ROSCA INTEIRA, DIAMETRO 5/8"", COMPRIMENTO 3"", COM PORCA E ARRUELA DE PRESSAO MEDIA",755,"MARCOS FERNANDES MATERIAIS DE CONSTRUCAO LTDA",600,UN,4704,3984,7.84,6.64
19.654.843/0001-30,3401023690,"PARAFUSO ZINCADO, SEXTAVADO, COM ROSCA SOBERBA, DIAMETRO 3/8"", COMPRIMENTO 80 MM",756,"MARCOS FERNANDES MATERIAIS DE CONSTRUCAO LTDA",1150,UN,2576,2185,2.24,1.9
19.654.843/0001-30,3401020199,"PARAFUSO ZINCADO, SEXTAVADO, COM ROSCA SOBERBA, DIAMETRO 5/16"", COMPRIMENTO 40 MM",757,"MARCOS FERNANDES MATERIAIS DE CONSTRUCAO LTDA",2000,UND,2020,1720,1.01,0.86
19.654.843/0001-30,3401020200,"PARAFUSO ZINCADO, SEXTAVADO, COM ROSCA SOBERBA, DIAMETRO 5/16"", COMPRIMENTO 80 MM",758,"MARCOS FERNANDES MATERIAIS DE CONSTRUCAO LTDA",1800,UND,3024,2556,1.68,1.42
19.654.843/0001-30,3401023691,"PARAFUSO ZINCADO, SEXTAVADO, GRAU 5, ROSCA INTEIRA, DIAMETRO 1 1/2"", COMPRIMENTO 4""",759,"MARCOS FERNANDES MATERIAIS DE CONSTRUCAO LTDA",504,UN,35411.04,29988,70.26,59.5
19.654.843/0001-30,3401023693,"PEDRA BRITADA N. 0, OU PEDRISCO (4,8 A 9,5 MM)",761,"MARCOS FERNANDES MATERIAIS DE CONSTRUCAO LTDA",334,M3,41649.8,30060,124.7,90
19.654.843/0001-30,3401023695,"PEDRA BRITADA N. 2 (19 A 38 MM)",763,"MARCOS FERNANDES MATERIAIS DE CONSTRUCAO LTDA",415,M3,45060.7,37350,108.58,90
19.654.843/0001-30,3401023697,"PEDRA BRITADA N. 4 (50 A 76 MM)",765,"MARCOS FERNANDES MATERIAIS DE CONSTRUCAO LTDA",365,M3,36916.1,31262.25,101.14,85.65
19.654.843/0001-30,3401023699,"PEDRA BRITADA OU BICA CORRIDA, NAO CLASSIFICADA",767,"MARCOS FERNANDES MATERIAIS DE CONSTRUCAO LTDA",340,M3,33918.4,28723.2,99.76,84.48
19.654.843/0001-30,3401024252,"PICARETA RETA COM CABO DE NO MÍNIMO 90CM",769,"MARCOS FERNANDES MATERIAIS DE CONSTRUCAO LTDA",49,UND,3632.86,3076.22,74.14,62.78
19.654.843/0001-30,3401024254,"PINCEL PARA PINTURA RESIDENCIAL PROFISSIONAL 1'' 1/2",771,"MARCOS FERNANDES MATERIAIS DE CONSTRUCAO LTDA",164,UND,1082.4,869.2,6.6,5.3
19.654.843/0001-30,3401024256,"PINCEL PARA PINTURA RESIDENCIAL PROFISSIONAL 2'' 1/2",773,"MARCOS FERNANDES MATERIAIS DE CONSTRUCAO LTDA",164,UND,1490.76,1246.4,9.09,7.6
19.654.843/0001-30,3401024258,"PINCEL PARA PINTURA RESIDENCIAL PROFISSIONAL 4''",775,"MARCOS FERNANDES MATERIAIS DE CONSTRUCAO LTDA",139,UND,2173.96,1737.5,15.64,12.5
19.654.843/0001-30,3401020034,"PISO EM CERAMICA ESMALTADA EXTRA, PEI MAIOR OU IGUAL A 4, FORMATO MAIOR QUE 2025 CM2",776,"MARCOS FERNANDES MATERIAIS DE CONSTRUCAO LTDA",1223,M2,94768.2,60208.29,58.14,49.23
19.654.843/0001-30,3401020034,"PISO EM CERAMICA ESMALTADA EXTRA, PEI MAIOR OU IGUAL A 4, FORMATO MAIOR QUE 2025 CM2",777,"MARCOS FERNANDES MATERIAIS DE CONSTRUCAO LTDA",407,M2,94768.2,20036.61,58.14,49.23
19.654.843/0001-30,3401020035,"PISO PORCELANATO, BORDA RETA, EXTRA, FORMATO MAIOR QUE 2025 CM2",781,"MARCOS FERNANDES MATERIAIS DE CONSTRUCAO LTDA",240,M2,87686.4,18564,91.34,77.35
19.654.843/0001-30,3401024260,"PLUG MACHO/FEMEA 2P + T 10A",783,"MARCOS FERNANDES MATERIAIS DE CONSTRUCAO LTDA",135,UND,1984.5,1680.75,14.7,12.45
19.654.843/0001-30,3401023702,"PLUG OU BUJAO DE FERRO GALVANIZADO, DE 3/4""",785,"MARCOS FERNANDES MATERIAIS DE CONSTRUCAO LTDA",111,UN,613.83,519.48,5.53,4.68
19.654.843/0001-30,3401023704,"PLUG PVC, ROSCAVEL 3/4"", PARA  AGUA FRIA PREDIAL",787,"MARCOS FERNANDES MATERIAIS DE CONSTRUCAO LTDA",286,UN,263.12,223.08,0.92,0.78
19.654.843/0001-30,10100004,"PO DE PEDRA",788,"MARCOS FERNANDES MATERIAIS DE CONSTRUCAO LTDA",200,M3,18516,15600,92.58,78
19.654.843/0001-30,3401023706,"PORCA OLHAL M 16,  EM ACO GALVANIZADO, DIAMETRO = 16 MM",790,"MARCOS FERNANDES MATERIAIS DE CONSTRUCAO LTDA",235,UN,4970.25,4208.85,21.15,17.91
19.654.843/0001-30,3401023708,"PORCA ZINCADA, SEXTAVADA, DIAMETRO 1""",792,"MARCOS FERNANDES MATERIAIS DE CONSTRUCAO LTDA",505,UN,2671.45,2262.4,5.29,4.48
19.654.843/0001-30,3401023709,"PORCA ZINCADA, SEXTAVADA, DIAMETRO 1/4""",794,"MARCOS FERNANDES MATERIAIS DE CONSTRUCAO LTDA",1350,UN,688.5,580.5,0.51,0.43
19.654.843/0001-30,3401023711,"PORCA ZINCADA, SEXTAVADA, DIAMETRO 5/16""",796,"MARCOS FERNANDES MATERIAIS DE CONSTRUCAO LTDA",1450,UN,319,261,0.22,0.18
19.654.843/0001-30,3401023713,"PORTA DE ABRIR / GIRO, DE MADEIRA FOLHA MEDIA (NBR 15930) DE 700 X 2100 MM, DE 35 MM A 40 MM DE ESPESSURA, NUCLEO SEMI-SOLIDO (SARRAFEADO), CAPA FRISADA EM HDF, ACABAMENTO MELAMINICO EM PADRAO MADEIRA",799,"MARCOS FERNANDES MATERIAIS DE CONSTRUCAO LTDA",59,UN,13263.2,11231.24,224.8,190.36
19.654.843/0001-30,3401023714,"PORTA DE ABRIR / GIRO, DE MADEIRA FOLHA MEDIA (NBR 15930) DE 800 X 2100 MM, DE 35 MM A 40 MM DE ESPESSURA, NUCLEO SEMI-SOLIDO (SARRAFEADO), CAPA FRISADA EM HDF, ACABAMENTO MELAMINICO EM PADRAO MADEIRA",800,"MARCOS FERNANDES MATERIAIS DE CONSTRUCAO LTDA",57,UN,14472.3,12255,253.9,215
19.654.843/0001-30,3401023720,"PORTA DE MADEIRA, FOLHA LEVE (NBR 15930) DE 700 X 2100 MM, DE 35 MM A 40 MM DE ESPESSURA, NUCLEO COLMEIA, CAPA LISA EM HDF, ACABAMENTO EM PRIMER PARA PINTURA",806,"MARCOS FERNANDES MATERIAIS DE CONSTRUCAO LTDA",57,UN,10169.94,8612.13,178.42,151.09
19.654.843/0001-30,3401023722,"PORTA DE MADEIRA, FOLHA MEDIA (NBR 15930) DE 600 X 2100 MM, DE 35 MM A 40 MM DE ESPESSURA, NUCLEO SEMI-SOLIDO (SARRAFEADO), CAPA FRISADA EM HDF, ACABAMENTO MELAMINICO EM PADRAO MADEIRA",808,"MARCOS FERNANDES MATERIAIS DE CONSTRUCAO LTDA",57,UN,11788.17,9982.41,206.81,175.13
19.654.843/0001-30,3401023724,"PORTA DE MADEIRA, FOLHA PESADA (NBR 15930) DE 900 X 2100 MM, DE 40 MM A 45 MM DE ESPESSURA, NUCLEO SOLIDO, CAPA LISA EM HDF, ACABAMENTO EM LAMINADO NATURAL PARA VERNIZ",810,"MARCOS FERNANDES MATERIAIS DE CONSTRUCAO LTDA",59,UN,26487.46,22429.44,448.94,380.16
19.654.843/0001-30,3401023728,"PREGO DE ACO POLIDO COM CABECA 10 X 10 (7/8 X 17)",820,"MARCOS FERNANDES MATERIAIS DE CONSTRUCAO LTDA",285,KG,10801.5,6552.15,37.9,22.99
19.654.843/0001-30,3401023730,"PREGO DE ACO POLIDO COM CABECA 14 X 18 (1 1/2 X 14)",822,"MARCOS FERNANDES MATERIAIS DE CONSTRUCAO LTDA",385,KG,9147.6,7746.2,23.76,20.12
19.654.843/0001-30,3401023732,"PREGO DE ACO POLIDO COM CABECA 16 X 24 (2 1/4 X 12)",824,"MARCOS FERNANDES MATERIAIS DE CONSTRUCAO LTDA",285,KG,6050.55,5124.3,21.23,17.98
19.654.843/0001-30,3401023734,"PREGO DE ACO POLIDO COM CABECA 17 X 21 (2 X 11)",826,"MARCOS FERNANDES MATERIAIS DE CONSTRUCAO LTDA",285,KG,5677.2,4807.95,19.92,16.87
19.654.843/0001-30,3401023736,"PREGO DE ACO POLIDO COM CABECA 18 X 24 (2 1/4 X 10)",828,"MARCOS FERNANDES MATERIAIS DE CONSTRUCAO LTDA",260,KG,5179.2,4386.2,19.92,16.87
19.654.843/0001-30,3401023738,"PREGO DE ACO POLIDO COM CABECA 19  X 36 (3 1/4  X  9)",830,"MARCOS FERNANDES MATERIAIS DE CONSTRUCAO LTDA",390,KG,7761,6571.5,19.9,16.85
19.654.843/0001-30,3401024437,"PREGO DE ACO POLIDO COM CABECA DUPLA 17 X 27 (2 1/2 X 11).",832,"MARCOS FERNANDES MATERIAIS DE CONSTRUCAO LTDA",210,KG,5161.8,4370.1,24.58,20.81
19.654.843/0001-30,3401023742,"PRUMO DE CENTRO EM ACO *400* G",834,"MARCOS FERNANDES MATERIAIS DE CONSTRUCAO LTDA",67,UN,3533.58,2992.22,52.74,44.66
19.654.843/0001-30,3401023744,"QUADRO DE DISTRIBUICAO, SEM BARRAMENTO, EM PVC, DE EMBUTIR, PARA 18 DISJUNTORES NEMA OU 24 DISJUNTORES DIN",837,"MARCOS FERNANDES MATERIAIS DE CONSTRUCAO LTDA",40,UN,6740.4,5399.6,168.51,134.99
19.654.843/0001-30,3401023745,"QUADRO DE DISTRIBUICAO, SEM BARRAMENTO, EM PVC, DE EMBUTIR, PARA 27 DISJUNTORES NEMA OU 36 DISJUNTORES DIN",838,"MARCOS FERNANDES MATERIAIS DE CONSTRUCAO LTDA",36,UN,10405.44,8279.64,289.04,229.99
19.654.843/0001-30,3401023747,"QUADRO DE DISTRIBUICAO, SEM BARRAMENTO, EM PVC, DE EMBUTIR, PARA 6 DISJUNTORES NEMA OU 8 DISJUNTORES DIN",840,"MARCOS FERNANDES MATERIAIS DE CONSTRUCAO LTDA",40,UN,2879.2,1999.6,71.98,49.99
19.654.843/0001-30,3401023749,"QUADRO DE DISTRIBUICAO, SEM BARRAMENTO, EM PVC, DE SOBREPOR, PARA 12 DISJUNTORES NEMA OU 16 DISJUNTORES DIN",842,"MARCOS FERNANDES MATERIAIS DE CONSTRUCAO LTDA",33,UN,5016,4247.43,152,128.71
19.654.843/0001-30,3401023752,"QUADRO DE DISTRIBUICAO, SEM BARRAMENTO, EM PVC, DE SOBREPOR, PARA 6 DISJUNTORES NEMA OU 8 DISJUNTORES DIN",845,"MARCOS FERNANDES MATERIAIS DE CONSTRUCAO LTDA",35,UN,3166.8,2681.7,90.48,76.62
19.654.843/0001-30,3401024264,"RASTELO PARA GRAMA EM PLASTICO COM CABO 18 DENTES 37,5CM",846,"MARCOS FERNANDES MATERIAIS DE CONSTRUCAO LTDA",351,UND,11737.44,9940.32,33.44,28.32
19.654.843/0001-30,3401023754,"REATOR ELETRONICO BIVOLT PARA 1 LAMPADA FLUORESCENTE DE 36/40 W",848,"MARCOS FERNANDES MATERIAIS DE CONSTRUCAO LTDA",72,UN,3155.04,2671.92,43.82,37.11
19.654.843/0001-30,3401023755,"REATOR ELETRONICO BIVOLT PARA 2 LAMPADAS FLUORESCENTES DE 14 W",849,"MARCOS FERNANDES MATERIAIS DE CONSTRUCAO LTDA",57,UN,4974.96,4212.87,87.28,73.91
19.654.843/0001-30,3401023757,"REATOR ELETRONICO BIVOLT PARA 2 LAMPADAS FLUORESCENTES DE 36/40 W",851,"MARCOS FERNANDES MATERIAIS DE CONSTRUCAO LTDA",61,UN,2904.21,2459.52,47.61,40.32
19.654.843/0001-30,3401020189,"REBITE DE ALUMINIO VAZADO DE REPUXO, 3,2 X 8 MM (1KG = 1025 UNIDADES)",853,"MARCOS FERNANDES MATERIAIS DE CONSTRUCAO LTDA",541,kg,47575.54,40288.27,87.94,74.47
19.654.843/0001-30,3401023763,"REGISTRO DE ESFERA, PVC, COM VOLANTE, VS, ROSCAVEL, DN 1"", COM CORPO DIVIDIDO",858,"MARCOS FERNANDES MATERIAIS DE CONSTRUCAO LTDA",93,UN,3862.29,3176.88,41.53,34.16
19.654.843/0001-30,3401023764,"REGISTRO DE ESFERA, PVC, COM VOLANTE, VS, ROSCAVEL, DN 1/2"", COM CORPO DIVIDIDO",859,"MARCOS FERNANDES MATERIAIS DE CONSTRUCAO LTDA",118,UN,2506.32,2122.82,21.24,17.99
19.654.843/0001-30,3401023765,"REGISTRO DE ESFERA, PVC, COM VOLANTE, VS, ROSCAVEL, DN 2"", COM CORPO DIVIDIDO",860,"MARCOS FERNANDES MATERIAIS DE CONSTRUCAO LTDA",83,UN,7396.96,6264.01,89.12,75.47
19.654.843/0001-30,3401023766,"REGISTRO DE ESFERA, PVC, COM VOLANTE, VS, ROSCAVEL, DN 3/4"", COM CORPO DIVIDIDO",861,"MARCOS FERNANDES MATERIAIS DE CONSTRUCAO LTDA",118,UN,3003.1,2542.9,25.45,21.55
19.654.843/0001-30,3401023767,"REGISTRO DE ESFERA, PVC, COM VOLANTE, VS, SOLDAVEL, DN 20 MM, COM CORPO DIVIDIDO",862,"MARCOS FERNANDES MATERIAIS DE CONSTRUCAO LTDA",113,UN,2265.65,1918.74,20.05,16.98
19.654.843/0001-30,3401023769,"REGISTRO DE ESFERA, PVC, COM VOLANTE, VS, SOLDAVEL, DN 32 MM, COM CORPO DIVIDIDO",864,"MARCOS FERNANDES MATERIAIS DE CONSTRUCAO LTDA",93,UN,3811.14,3227.1,40.98,34.7
19.654.843/0001-30,3401023770,"REGISTRO DE ESFERA, PVC, COM VOLANTE, VS, SOLDAVEL, DN 40 MM, COM CORPO DIVIDIDO",865,"MARCOS FERNANDES MATERIAIS DE CONSTRUCAO LTDA",88,UN,4824.16,4084.96,54.82,46.42
19.654.843/0001-30,3401023773,"REGISTRO DE PRESSAO PVC, ROSCAVEL, VOLANTE SIMPLES, DE 1/2""",869,"MARCOS FERNANDES MATERIAIS DE CONSTRUCAO LTDA",238,UN,1566.04,1325.66,6.58,5.57
19.654.843/0001-30,3401023775,"REGISTRO DE PRESSAO PVC, SOLDAVEL, VOLANTE SIMPLES, DE 20 MM",871,"MARCOS FERNANDES MATERIAIS DE CONSTRUCAO LTDA",148,UN,2024.64,1713.84,13.68,11.58
19.654.843/0001-30,3401023777,"REJUNTE CIMENTICIO, QUALQUER COR",873,"MARCOS FERNANDES MATERIAIS DE CONSTRUCAO LTDA",1842,KG,6668.04,5654.94,3.62,3.07
19.654.843/0001-30,3401023778,"REJUNTE EPOXI, QUALQUER COR",874,"MARCOS FERNANDES MATERIAIS DE CONSTRUCAO LTDA",150,KG,11430,9679.5,76.2,64.53
19.654.843/0001-30,3401020273,"RELE FOTOELETRICO INTERNO E EXTERNO BIVOLT 1000 W, DE CONECTOR, SEM BASE",875,"MARCOS FERNANDES MATERIAIS DE CONSTRUCAO LTDA",611,UND,26492.96,22435.92,43.36,36.72
19.654.843/0001-30,3401024266,"REPARO DE VÁLVULA DESCARGA 1 1/2''",876,"MARCOS FERNANDES MATERIAIS DE CONSTRUCAO LTDA",293,UND,15968.5,13521.95,54.5,46.15
19.654.843/0001-30,3401020239,"RODAFORRO EM PVC, PARA FORRO DE PVC, COMPRIMENTO 6 M",880,"MARCOS FERNANDES MATERIAIS DE CONSTRUCAO LTDA",1245,M,6324.6,5353.5,5.08,4.3
19.654.843/0001-30,3401023780,"RODAPE DE MADEIRA MACICA CUMARU/IPE CHAMPANHE OU EQUIVALENTE DA REGIAO, *1,5 X 7 CM",881,"MARCOS FERNANDES MATERIAIS DE CONSTRUCAO LTDA",620,M,7105.2,6014,11.46,9.7
19.654.843/0001-30,3401020122,"RODAPE EM POLIESTIRENO, BRANCO, H = *5* CM, E = *1,5* CM",882,"MARCOS FERNANDES MATERIAIS DE CONSTRUCAO LTDA",831,M,23500.68,19902.45,28.28,23.95
19.654.843/0001-30,3401023782,"ROLO DE LA DE CARNEIRO 23 CM (SEM CABO)",884,"MARCOS FERNANDES MATERIAIS DE CONSTRUCAO LTDA",142,UN,5184.42,4260,36.51,30
19.654.843/0001-30,3401024268,"ROLO EPÓXI 15CM",885,"MARCOS FERNANDES MATERIAIS DE CONSTRUCAO LTDA",132,UND,2031.48,1623.6,15.39,12.3
19.654.843/0001-30,3401024269,"ROLO EPÓXI 23CM",886,"MARCOS FERNANDES MATERIAIS DE CONSTRUCAO LTDA",112,UND,4135.04,3360,36.92,30
19.654.843/0001-30,3401024270,"ROLO EPÓXI 5CM",887,"MARCOS FERNANDES MATERIAIS DE CONSTRUCAO LTDA",142,UND,2868.4,2130,20.2,15
19.654.843/0001-30,3401024271,"ROLO EPÓXI 9CM",888,"MARCOS FERNANDES MATERIAIS DE CONSTRUCAO LTDA",122,UND,1993.48,1464,16.34,12
19.654.843/0001-30,3401024272,"ROLO LÃ ANTI RESPINGO PARA PINTURA 15 CM",889,"MARCOS FERNANDES MATERIAIS DE CONSTRUCAO LTDA",152,UND,2643.28,1976,17.39,13
19.654.843/0001-30,3401024274,"ROLO LÃ ANTI RESPINGO PARA PINTURA 9 CM",891,"MARCOS FERNANDES MATERIAIS DE CONSTRUCAO LTDA",172,UND,2518.08,2046.8,14.64,11.9
19.654.843/0001-30,3401024275,"SAPATÃO DE SEGURANÇA S/BICO OBS CONTER CA",892,"MARCOS FERNANDES MATERIAIS DE CONSTRUCAO LTDA",455,UND,26121.55,20020,57.41,44
19.654.843/0001-30,3401024279,"SUPORTE PARA ROLO 23CM (CABO)",910,"MARCOS FERNANDES MATERIAIS DE CONSTRUCAO LTDA",142,UND,1757.96,1488.16,12.38,10.48
19.654.843/0001-30,3401023797,"TALHADEIRA COM PUNHO DE PROTECAO *20 X 250* MM",918,"MARCOS FERNANDES MATERIAIS DE CONSTRUCAO LTDA",48,UN,1766.4,1495.68,36.8,31.16
19.654.843/0001-30,3401023799,"TAMPA PARA CONDULETE, EM PVC, PARA 1 INTERRUPTOR",920,"MARCOS FERNANDES MATERIAIS DE CONSTRUCAO LTDA",355,UN,958.5,812.95,2.7,2.29
19.654.843/0001-30,3401023801,"TAMPA PARA CONDULETE, EM PVC, PARA 2 MODULOS RJ",922,"MARCOS FERNANDES MATERIAIS DE CONSTRUCAO LTDA",285,UN,957.6,812.25,3.36,2.85
19.654.843/0001-30,3401023803,"TANQUE DE LOUCA BRANCA, COM COLUNA, *30* L",924,"MARCOS FERNANDES MATERIAIS DE CONSTRUCAO LTDA",64,UN,28707.2,24309.12,448.55,379.83
19.654.843/0001-30,3401023815,"TE DE INSPECAO, PVC,  100 X 75 MM, SERIE NORMAL PARA ESGOTO PREDIAL",936,"MARCOS FERNANDES MATERIAIS DE CONSTRUCAO LTDA",94,UN,3942.36,3337.94,41.94,35.51
19.654.843/0001-30,3401023816,"TE DE INSPECAO, PVC, SERIE R, 100 X 75 MM, PARA ESGOTO OU AGUAS PLUVIAIS PREDIAIS",937,"MARCOS FERNANDES MATERIAIS DE CONSTRUCAO LTDA",89,UN,3302.79,2796.38,37.11,31.42
19.654.843/0001-30,3401023817,"TE DE INSPECAO, PVC, SERIE R, 150 X 100 MM, PARA ESGOTO OU AGUAS PLUVIAIS PREDIAIS",938,"MARCOS FERNANDES MATERIAIS DE CONSTRUCAO LTDA",69,UN,4885.89,4137.24,70.81,59.96
19.654.843/0001-30,3401023818,"TE DE INSPECAO, PVC, SERIE R, 75 X 75 MM, PARA ESGOTO OU AGUAS PLUVIAIS PREDIAIS",939,"MARCOS FERNANDES MATERIAIS DE CONSTRUCAO LTDA",99,UN,3199.68,2709.63,32.32,27.37
19.654.843/0001-30,3401023827,"TE DE REDUCAO, PVC, SOLDAVEL, 90 GRAUS, 50 MM X 20 MM, PARA AGUA FRIA PREDIAL",948,"MARCOS FERNANDES MATERIAIS DE CONSTRUCAO LTDA",247,UN,2218.06,1877.2,8.98,7.6
19.654.843/0001-30,3401023829,"TE DE REDUCAO, PVC, SOLDAVEL, 90 GRAUS, 50 MM X 32 MM, PARA AGUA FRIA PREDIAL",950,"MARCOS FERNANDES MATERIAIS DE CONSTRUCAO LTDA",137,UN,2104.32,1782.37,15.36,13.01
19.654.843/0001-30,3401023831,"TE PVC SOLDAVEL, BBB, 90 GRAUS, DN 40 MM, PARA ESGOTO SECUNDARIO PREDIAL",952,"MARCOS FERNANDES MATERIAIS DE CONSTRUCAO LTDA",317,UN,1191.92,1008.06,3.76,3.18
19.654.843/0001-30,3401023833,"TE PVC, ROSCAVEL, 90 GRAUS, 3/4"", AGUA FRIA PREDIAL",954,"MARCOS FERNANDES MATERIAIS DE CONSTRUCAO LTDA",292,UN,1404.52,1188.44,4.81,4.07
19.654.843/0001-30,3401023835,"TE PVC, SOLDAVEL, COM BUCHA DE LATAO NA BOLSA CENTRAL, 90 GRAUS, 25 MM X 1/2"", PARA AGUA FRIA PREDIAL",956,"MARCOS FERNANDES MATERIAIS DE CONSTRUCAO LTDA",227,UN,2360.8,1999.87,10.4,8.81
19.654.843/0001-30,3401023836,"TE PVC, SOLDAVEL, COM BUCHA DE LATAO NA BOLSA CENTRAL, 90 GRAUS, 25 MM X 3/4"", PARA AGUA FRIA PREDIAL",957,"MARCOS FERNANDES MATERIAIS DE CONSTRUCAO LTDA",317,UN,3626.48,3071.73,11.44,9.69
19.654.843/0001-30,3401023837,"TE PVC, SOLDAVEL, COM BUCHA DE LATAO NA BOLSA CENTRAL, 90 GRAUS, 32 MM X 3/4"", PARA AGUA FRIA PREDIAL",958,"MARCOS FERNANDES MATERIAIS DE CONSTRUCAO LTDA",147,UN,1955.1,1655.22,13.3,11.26
19.654.843/0001-30,3401023838,"TE PVC, SOLDAVEL, COM ROSCA NA BOLSA CENTRAL, 90 GRAUS, 20 MM X 1/2"", PARA AGUA FRIA PREDIAL",959,"MARCOS FERNANDES MATERIAIS DE CONSTRUCAO LTDA",537,UN,1417.68,1202.88,2.64,2.24
19.654.843/0001-30,3401023839,"TE PVC, SOLDAVEL, COM ROSCA NA BOLSA CENTRAL, 90 GRAUS, 25 MM X 1/2"", PARA AGUA FRIA PREDIAL",960,"MARCOS FERNANDES MATERIAIS DE CONSTRUCAO LTDA",497,UN,2683.8,2271.29,5.4,4.57
19.654.843/0001-30,3401023840,"TE PVC, SOLDAVEL, COM ROSCA NA BOLSA CENTRAL, 90 GRAUS, 25 MM X 3/4"", PARA AGUA FRIA PREDIAL",961,"MARCOS FERNANDES MATERIAIS DE CONSTRUCAO LTDA",487,UN,2142.8,1816.51,4.4,3.73
19.654.843/0001-30,3401023841,"TE PVC, SOLDAVEL, COM ROSCA NA BOLSA CENTRAL, 90 GRAUS, 32 MM X 3/4"", PARA AGUA FRIA PREDIAL",962,"MARCOS FERNANDES MATERIAIS DE CONSTRUCAO LTDA",122,UN,1744.6,1477.42,14.3,12.11
19.654.843/0001-30,3401023842,"TE SANITARIO, PVC, DN 100 X 100 MM, SERIE NORMAL, PARA ESGOTO PREDIAL",963,"MARCOS FERNANDES MATERIAIS DE CONSTRUCAO LTDA",157,UN,2565.38,2172.88,16.34,13.84
19.654.843/0001-30,3401023843,"TE SANITARIO, PVC, DN 100 X 50 MM, SERIE NORMAL, PARA ESGOTO PREDIAL",964,"MARCOS FERNANDES MATERIAIS DE CONSTRUCAO LTDA",232,UN,4032.16,3415.04,17.38,14.72
19.654.843/0001-30,3401023845,"TE SANITARIO, PVC, DN 40 X 40 MM, SERIE NORMAL, PARA ESGOTO PREDIAL",966,"MARCOS FERNANDES MATERIAIS DE CONSTRUCAO LTDA",542,UN,2054.18,1739.82,3.79,3.21
19.654.843/0001-30,3401023847,"TE SANITARIO, PVC, DN 75 X 50 MM, SERIE NORMAL PARA ESGOTO PREDIAL",968,"MARCOS FERNANDES MATERIAIS DE CONSTRUCAO LTDA",127,UN,4739.64,4013.2,37.32,31.6
19.654.843/0001-30,3401023849,"TE SOLDAVEL, PVC, 90 GRAUS, 20 MM, PARA AGUA FRIA PREDIAL (NBR 5648)",970,"MARCOS FERNANDES MATERIAIS DE CONSTRUCAO LTDA",892,UN,981.2,829.56,1.1,0.93
19.654.843/0001-30,3401023851,"TE SOLDAVEL, PVC, 90 GRAUS, 32 MM, PARA AGUA FRIA PREDIAL (NBR 5648)",972,"MARCOS FERNANDES MATERIAIS DE CONSTRUCAO LTDA",297,UN,1164.24,986.04,3.92,3.32
19.654.843/0001-30,3401023853,"TE SOLDAVEL, PVC, 90 GRAUS, 60 MM, PARA AGUA FRIA PREDIAL (NBR 5648)",974,"MARCOS FERNANDES MATERIAIS DE CONSTRUCAO LTDA",197,UN,6333.55,5362.34,32.15,27.22
19.654.843/0001-30,3401023855,"TE, PVC, SERIE R, 100 X 100 MM, PARA ESGOTO OU AGUAS PLUVIAIS PREDIAIS",976,"MARCOS FERNANDES MATERIAIS DE CONSTRUCAO LTDA",277,UN,12392.98,10495.53,44.74,37.89
19.654.843/0001-30,3401023857,"TE, PVC, SERIE R, 150 X 100 MM, PARA ESGOTO OU AGUAS PLUVIAIS PREDIAIS",978,"MARCOS FERNANDES MATERIAIS DE CONSTRUCAO LTDA",84,UN,7432.32,6293.28,88.48,74.92
19.654.843/0001-30,3401023859,"TE, PVC, SERIE R, 75 X 75 MM, PARA ESGOTO OU AGUAS PLUVIAIS PREDIAIS",980,"MARCOS FERNANDES MATERIAIS DE CONSTRUCAO LTDA",187,UN,5480.97,4641.34,29.31,24.82
19.654.843/0001-30,3401023860,"TELA DE ACO SOLDADA NERVURADA, CA-60, Q-138, (2,20 KG/M2), DIAMETRO DO FIO = 4,2 MM, LARGURA = 2,45 M, ESPACAMENTO DA MALHA = 10  X 10 CM",982,"MARCOS FERNANDES MATERIAIS DE CONSTRUCAO LTDA",525,M2,9891,8373.75,18.84,15.95
19.654.843/0001-30,3401023862,"TELA DE ACO SOLDADA NERVURADA, CA-60, Q-61, (0,97 KG/M2), DIAMETRO DO FIO = 3,4 MM, LARGURA = 2,45 M, ESPACAMENTO DA MALHA = 15 X 15 CM",984,"MARCOS FERNANDES MATERIAIS DE CONSTRUCAO LTDA",465,M2,3794.4,3213.15,8.16,6.91
19.654.843/0001-30,3401023864,"TELA DE ARAME GALVANIZADA QUADRANGULAR / LOSANGULAR, FIO 2,11 MM (14 BWG), MALHA 5 X 5 CM, H = 2 M",986,"MARCOS FERNANDES MATERIAIS DE CONSTRUCAO LTDA",365,M2,10238.25,8668.75,28.05,23.75
19.654.843/0001-30,3401023866,"TELA DE ARAME GALVANIZADA REVESTIDA EM PVC, QUADRANGULAR / LOSANGULAR, FIO 2,11 MM (14 BWG), BITOLA FINAL = *2,8* MM, MALHA *8 X 8* CM, H = 2 M",988,"MARCOS FERNANDES MATERIAIS DE CONSTRUCAO LTDA",360,M2,10382.4,8791.92,28.84,24.422
19.654.843/0001-30,3401023868,"TELHA DE FIBROCIMENTO ONDULADA E = 4 MM, DE 1,22 X 0,50 M (SEM AMIANTO)",990,"MARCOS FERNANDES MATERIAIS DE CONSTRUCAO LTDA",486,UN,5958.36,5044.68,12.26,10.38
19.654.843/0001-30,3401023870,"TELHA DE FIBROCIMENTO ONDULADA E = 4 MM, DE 2,44 X 0,50 M (SEM AMIANTO)",992,"MARCOS FERNANDES MATERIAIS DE CONSTRUCAO LTDA",445,UND,8010,6781.8,18,15.24
19.654.843/0001-30,3401023872,"TELHA DE FIBROCIMENTO ONDULADA E = 6 MM, DE 1,83 X 1,10 M (SEM AMIANTO)",994,"MARCOS FERNANDES MATERIAIS DE CONSTRUCAO LTDA",515,UN,29648.55,25106.25,57.57,48.75
19.654.843/0001-30,3401023873,"TELHA DE FIBROCIMENTO ONDULADA E = 6 MM, DE 3,66 X 1,10 M (SEM AMIANTO)",996,"MARCOS FERNANDES MATERIAIS DE CONSTRUCAO LTDA",417,UN,46716.51,39560.79,112.03,94.87
19.654.843/0001-30,3401023875,"TELHA ONDULADA EM ACO ZINCADO, ALTURA DE 17 MM, ESPESSURA DE 0,50 MM, LARGURA UTIL DE APROXIMADAMENTE 985 MM, SEM PINTURA",998,"MARCOS FERNANDES MATERIAIS DE CONSTRUCAO LTDA",289,M2,14871.94,12594.62,51.46,43.58
19.654.843/0001-30,3401023880,"TERMINAL A COMPRESSAO EM COBRE ESTANHADO PARA CABO 25 MM2, 1 FURO E 1 COMPRESSAO, PARA PARAFUSO DE FIXACAO M8",1003,"MARCOS FERNANDES MATERIAIS DE CONSTRUCAO LTDA",596,UN,1722.44,1460.2,2.89,2.45
19.654.843/0001-30,3401023881,"TERMINAL A COMPRESSAO EM COBRE ESTANHADO PARA CABO 35 MM2, 1 FURO E 1 COMPRESSAO, PARA PARAFUSO DE FIXACAO M8",1004,"MARCOS FERNANDES MATERIAIS DE CONSTRUCAO LTDA",496,UN,1612,1364,3.25,2.75
19.654.843/0001-30,3401023882,"TERMINAL A COMPRESSAO EM COBRE ESTANHADO PARA CABO 4 MM2, 1 FURO E 1 COMPRESSAO, PARA PARAFUSO DE FIXACAO M5",1005,"MARCOS FERNANDES MATERIAIS DE CONSTRUCAO LTDA",996,UN,1354.56,1145.4,1.36,1.15
19.654.843/0001-30,3401023918,"TERMINAL METALICO A PRESSAO PARA 1 CABO DE 16 A 25 MM2, COM 2 FUROS PARA FIXACAO",1009,"MARCOS FERNANDES MATERIAIS DE CONSTRUCAO LTDA",126,UN,3675.42,3112.2,29.17,24.7
19.654.843/0001-30,3401023920,"TERMINAL METALICO A PRESSAO PARA 1 CABO DE 25 A 35 MM2, COM 2 FUROS PARA FIXACAO",1011,"MARCOS FERNANDES MATERIAIS DE CONSTRUCAO LTDA",112,UN,4480,3793.44,40,33.87
19.654.843/0001-30,3401023922,"TERMINAL METALICO A PRESSAO PARA 1 CABO DE 35 MM2, COM 1 FURO DE FIXACAO",1013,"MARCOS FERNANDES MATERIAIS DE CONSTRUCAO LTDA",262,UN,1907.36,1613.92,7.28,6.16
19.654.843/0001-30,3401023924,"TERMINAL METALICO A PRESSAO PARA 1 CABO DE 6 A 10 MM2, COM 1 FURO DE FIXACAO",1015,"MARCOS FERNANDES MATERIAIS DE CONSTRUCAO LTDA",321,UN,1848.96,1566.48,5.76,4.88
19.654.843/0001-30,3401024283,"TESOURA EUCALIPTO TRATADO PARA TELHADO",1016,"MARCOS FERNANDES MATERIAIS DE CONSTRUCAO LTDA",910,ML,55055,46619.3,60.5,51.23
19.654.843/0001-30,3401023925,"TIJOLO CERAMICO MACICO COMUM *5 X 10 X 20* CM (L X A X C)",1020,"MARCOS FERNANDES MATERIAIS DE CONSTRUCAO LTDA",5400,UN,5022,4266,0.93,0.79
19.654.843/0001-30,3401023927,"TIJOLO CERAMICO REFRATARIO 6,3 X 11,4 X 22,9 CM (L X A X C)",1022,"MARCOS FERNANDES MATERIAIS DE CONSTRUCAO LTDA",10369,UN,105899.5,67294.81,7.66,6.49
19.654.843/0001-30,3401024287,"TINTA ACRÍLICA BRANCO FOSCO 18LT",1024,"MARCOS FERNANDES MATERIAIS DE CONSTRUCAO LTDA",206,BLD,65388.52,55370.74,317.42,268.79
19.654.843/0001-30,3401024289,"TINTA ACRÍLICA FOSCO COR VERMELHO CARDINAL 18LT",1028,"MARCOS FERNANDES MATERIAIS DE CONSTRUCAO LTDA",148,BLD,110123,40760.68,559,275.41
19.654.843/0001-30,3401024289,"TINTA ACRÍLICA FOSCO COR VERMELHO CARDINAL 18LT",1029,"MARCOS FERNANDES MATERIAIS DE CONSTRUCAO LTDA",49,BLD,110123,13495.09,559,275.41
19.654.843/0001-30,3401024291,"TINTA ACRÍLICA FOSCO PREMIUM 3,6 LT CORES PRONTAS (REF. DE CORES TABELA ANJO TINTAS)",1030,"MARCOS FERNANDES MATERIAIS DE CONSTRUCAO LTDA",322,GL,20942.88,17735.76,65.04,55.08
19.654.843/0001-30,3401024306,"TINTA SPRAY CORES PRONTAS EXCETO CORES OURO E PRATA",1049,"MARCOS FERNANDES MATERIAIS DE CONSTRUCAO LTDA",660,UND,13860,11484,21,17.4
19.654.843/0001-30,3401020019,"TOMADA 2P+T 10A, 250V, CONJUNTO MONTADO PARA EMBUTIR 4"" X 2"" (PLACA + SUPORTE + MODULO)",1051,"MARCOS FERNANDES MATERIAIS DE CONSTRUCAO LTDA",263,UND,2624.74,2222.35,9.98,8.45
19.654.843/0001-30,3401023934,"TORNEIRA DE BOIA CONVENCIONAL PARA CAIXA D'AGUA, AGUA FRIA, 3/4"", COM HASTE E TORNEIRA METALICOS E BALAO PLASTICO",1053,"MARCOS FERNANDES MATERIAIS DE CONSTRUCAO LTDA",156,UN,5157.36,4368,33.06,28
19.654.843/0001-30,3401023936,"TORNEIRA DE MESA PARA LAVATORIO, METALICA CROMADA, COM SENSOR DE APROXIMACAO ELETRICO, BIVOLT",1055,"MARCOS FERNANDES MATERIAIS DE CONSTRUCAO LTDA",54,UN,179081.28,113734.26,2487.24,2106.19
19.654.843/0001-30,3401023937,"TORNEIRA DE MESA/BANCADA, PARA LAVATORIO, FIXA, METALICA CROMADA, PADRAO POPULAR, 1/2 "" OU 3/4 "" (REF 1193)",1057,"MARCOS FERNANDES MATERIAIS DE CONSTRUCAO LTDA",161,UN,13147.26,11133.15,81.66,69.15
19.654.843/0001-30,3401023938,"TORNEIRA ELETRICA DE PAREDE, BICA ALTA, PARA COZINHA, 5500 W (110/220 V)",1059,"MARCOS FERNANDES MATERIAIS DE CONSTRUCAO LTDA",118,UN,19316.6,16357.16,163.7,138.62
19.654.843/0001-30,3401024308,"TORNEIRA METALICA CROMADA DE MESA PARA LAVATORIO, BICA ALTA, COM AREJADOR (REF 1195)",1061,"MARCOS FERNANDES MATERIAIS DE CONSTRUCAO LTDA",255,UN,40703.1,34468.35,159.62,135.17
19.654.843/0001-30,3401024310,"TORNEIRA METALICA CROMADA DE PAREDE LONGA PARA LAVATORIO, COM AREJADOR, ACIONAMENTO ALAVANCA, 1/4 DE VOLTA (REF 1178)",1063,"MARCOS FERNANDES MATERIAIS DE CONSTRUCAO LTDA",155,UN,32928.2,27882.95,212.44,179.89
19.654.843/0001-30,3401024312,"TORNEIRA METALICA CROMADA PARA JARDIM / TANQUE, COM BICO PLASTICO, CANO LONGO, DE PAREDE, PADRAO POPULAR / USO GERAL , 1/2 "" OU 3/4 "" (REF 1153 / 1130)",1065,"MARCOS FERNANDES MATERIAIS DE CONSTRUCAO LTDA",340,UN,22807.2,19312,67.08,56.8
19.654.843/0001-30,3401024314,"TORNEIRA METALICA CROMADA, CANO CURTO, COM AREJADOR, SEM BICO PLASTICO, DE PAREDE, PARA USO GERAL, 1/2 "" OU 3/4 "" (REF 1152 / 1154)",1067,"MARCOS FERNANDES MATERIAIS DE CONSTRUCAO LTDA",156,UN,12876.24,10902.84,82.54,69.89
19.654.843/0001-30,3401024316,"TORNEIRA METALICA CROMADA, RETA, DE PAREDE, PARA COZINHA, COM AREJADOR, PADRAO POPULAR, 1/2 "" OU 3/4 "" (REF 1159 / 1160)",1069,"MARCOS FERNANDES MATERIAIS DE CONSTRUCAO LTDA",115,UN,12355.6,10462.7,107.44,90.98
19.654.843/0001-30,3401024318,"TORNEIRA PLASTICA DE BOIA PARA CAIXA DE DESCARGA,  1/2"", BALAO E TORNEIRA PLASTICOS, COM HASTE METALICA",1071,"MARCOS FERNANDES MATERIAIS DE CONSTRUCAO LTDA",340,UN,2747.2,2325.6,8.08,6.84
19.654.843/0001-30,3401024320,"TORNEIRA PLASTICA PARA TANQUE 1/2 "" OU 3/4 "" COM BICO PARA MANGUEIRA",1073,"MARCOS FERNANDES MATERIAIS DE CONSTRUCAO LTDA",165,UN,2696.1,2283.6,16.34,13.84
19.654.843/0001-30,3401024346,"TUBO DE CONCRETO SIMPLES PARA AGUAS PLUVIAIS, CLASSE PS1, COM ENCAIXE MACHO E FEMEA, DIAMETRO NOMINAL DE 200 MM",1100,"MARCOS FERNANDES MATERIAIS DE CONSTRUCAO LTDA",190,M,4447.9,3765.8,23.41,19.82
19.654.843/0001-30,3401024347,"TUBO DE CONCRETO SIMPLES PARA AGUAS PLUVIAIS, CLASSE PS1, COM ENCAIXE MACHO E FEMEA, DIAMETRO NOMINAL DE 300 MM",1101,"MARCOS FERNANDES MATERIAIS DE CONSTRUCAO LTDA",190,M,6228.2,5274.4,32.78,27.76
19.654.843/0001-30,3401024348,"TUBO DE CONCRETO SIMPLES POROSO PARA DRENAGEM (DRENO POROSO), COM ENCAIXE MACHO E FEMEA, DIAMETRO NOMINAL DE 200 MM",1102,"MARCOS FERNANDES MATERIAIS DE CONSTRUCAO LTDA",290,M,7099.2,6011.7,24.48,20.73
19.654.843/0001-30,3401024349,"TUBO DE CONCRETO SIMPLES POROSO PARA DRENAGEM (DRENO POROSO), COM ENCAIXE MACHO E FEMEA, DIAMETRO NOMINAL DE 300 MM",1103,"MARCOS FERNANDES MATERIAIS DE CONSTRUCAO LTDA",275,M,8783.5,7438.75,31.94,27.05
19.654.843/0001-30,3401024356,"TUBO PVC  SERIE NORMAL, DN 150 MM, PARA ESGOTO  PREDIAL (NBR 5688)",1110,"MARCOS FERNANDES MATERIAIS DE CONSTRUCAO LTDA",343,M,13658.26,11565.96,39.82,33.72
19.654.843/0001-30,3401024358,"TUBO PVC SERIE NORMAL, DN 50 MM, PARA ESGOTO PREDIAL (NBR 5688)",1112,"MARCOS FERNANDES MATERIAIS DE CONSTRUCAO LTDA",413,M,4538.87,3845.03,10.99,9.31
19.654.843/0001-30,3401024360,"TUBO PVC, FLEXIVEL, CORRUGADO, PERFURADO, DN 110 MM, PARA DRENAGEM, SISTEMA IRRIGACAO",1114,"MARCOS FERNANDES MATERIAIS DE CONSTRUCAO LTDA",360,M,13086,11080.8,36.35,30.78
19.654.843/0001-30,3401024362,"TUBO PVC, RIGIDO, CORRUGADO, PERFURADO, DN 150 MM, PARA DRENAGEM, SISTEMA IRRIGACAO",1116,"MARCOS FERNANDES MATERIAIS DE CONSTRUCAO LTDA",360,M,17510.4,14828.4,48.64,41.19
19.654.843/0001-30,3401024373,"TUBO PVC, SERIE R, DN 150 MM, PARA ESGOTO OU AGUAS PLUVIAIS PREDIAIS (NBR 5688)",1118,"MARCOS FERNANDES MATERIAIS DE CONSTRUCAO LTDA",355,M,21509.45,18215.05,60.59,51.31
19.654.843/0001-30,3401024375,"TUBO PVC, SERIE R, DN 50 MM, PARA ESGOTO OU AGUAS PLUVIAIS PREDIAIS (NBR 5688)",1120,"MARCOS FERNANDES MATERIAIS DE CONSTRUCAO LTDA",405,M,5305.5,4491.45,13.1,11.09
19.654.843/0001-30,3401024376,"TUBO PVC, SOLDAVEL, DN 20 MM, AGUA FRIA (NBR-5648)",1122,"MARCOS FERNANDES MATERIAIS DE CONSTRUCAO LTDA",580,M,2215.6,1873.4,3.82,3.23
19.654.843/0001-30,3401024379,"TUBO PVC, SOLDAVEL, DN 32 MM, AGUA FRIA (NBR-5648)",1124,"MARCOS FERNANDES MATERIAIS DE CONSTRUCAO LTDA",430,M,3999,3388.4,9.3,7.88
19.654.843/0001-30,3401024381,"TUBO PVC, SOLDAVEL, DN 50 MM, PARA AGUA FRIA (NBR-5648)",1126,"MARCOS FERNANDES MATERIAIS DE CONSTRUCAO LTDA",410,M,6572.3,5563.7,16.03,13.57
19.654.843/0001-30,3401024382,"TUBO PVC, SOLDAVEL, DN 60 MM, AGUA FRIA (NBR-5648)",1127,"MARCOS FERNANDES MATERIAIS DE CONSTRUCAO LTDA",375,M,9888.75,8373.75,26.37,22.33
19.654.843/0001-30,3401024385,"UNIAO PVC, SOLDAVEL, 20 MM,  PARA AGUA FRIA PREDIAL",1130,"MARCOS FERNANDES MATERIAIS DE CONSTRUCAO LTDA",210,UN,1444.8,1224.3,6.88,5.83
19.654.843/0001-30,3401024386,"UNIAO PVC, SOLDAVEL, 25 MM,  PARA AGUA FRIA PREDIAL",1131,"MARCOS FERNANDES MATERIAIS DE CONSTRUCAO LTDA",190,UND,1575.1,1333.8,8.29,7.02
19.654.843/0001-30,3401024387,"UNIAO PVC, SOLDAVEL, 32 MM,  PARA AGUA FRIA PREDIAL",1132,"MARCOS FERNANDES MATERIAIS DE CONSTRUCAO LTDA",165,UN,2305.05,1951.95,13.97,11.83
19.654.843/0001-30,3401024388,"UNIAO PVC, SOLDAVEL, 40 MM,  PARA AGUA FRIA PREDIAL",1133,"MARCOS FERNANDES MATERIAIS DE CONSTRUCAO LTDA",145,UN,3897.6,3300.2,26.88,22.76
19.654.843/0001-30,3401024389,"UNIAO PVC, SOLDAVEL, 50 MM,  PARA AGUA FRIA PREDIAL",1134,"MARCOS FERNANDES MATERIAIS DE CONSTRUCAO LTDA",145,UN,4161.5,3523.5,28.7,24.3
19.654.843/0001-30,3401024390,"UNIAO PVC, SOLDAVEL, 60 MM,  PARA AGUA FRIA PREDIAL",1135,"MARCOS FERNANDES MATERIAIS DE CONSTRUCAO LTDA",108,UN,8063.28,6827.76,74.66,63.22
19.654.843/0001-30,3401019958,"VALVULA DE DESCARGA METALICA, BASE 1 1/2 "" E ACABAMENTO METALICO CROMADO",1142,"MARCOS FERNANDES MATERIAIS DE CONSTRUCAO LTDA",216,UND,53758.08,45522,248.88,210.75
19.654.843/0001-30,3401024398,"VALVULA DE RETENCAO HORIZONTAL, DE BRONZE (PN-25), 1"", 400 PSI, TAMPA DE PORCA DE UNIAO, EXTREMIDADES COM ROSCA",1144,"MARCOS FERNANDES MATERIAIS DE CONSTRUCAO LTDA",52,UN,8061.04,6826.04,155.02,131.27
19.654.843/0001-30,3401024400,"VALVULA DE RETENCAO HORIZONTAL, DE BRONZE (PN-25), 3/4"", 400 PSI, TAMPA DE PORCA DE UNIAO, EXTREMIDADES COM ROSCA",1146,"MARCOS FERNANDES MATERIAIS DE CONSTRUCAO LTDA",65,UN,7413.25,6277.7,114.05,96.58
19.654.843/0001-30,3401024402,"VALVULA EM METAL CROMADO PARA PIA AMERICANA 3.1/2 X 1.1/2 """,1148,"MARCOS FERNANDES MATERIAIS DE CONSTRUCAO LTDA",70,UN,3928.4,3326.4,56.12,47.52
19.654.843/0001-30,3401024404,"VALVULA EM PLASTICO BRANCO PARA LAVATORIO 1 "", SEM UNHO, COM LADRAO",1150,"MARCOS FERNANDES MATERIAIS DE CONSTRUCAO LTDA",170,UN,1239.3,1048.9,7.29,6.17
19.654.843/0001-30,3401024406,"VALVULA EM PLASTICO BRANCO PARA TANQUE OU LAVATORIO 1 "", SEM UNHO E SEM LADRAO",1152,"MARCOS FERNANDES MATERIAIS DE CONSTRUCAO LTDA",285,UN,1784.1,1510.5,6.26,5.3
19.654.843/0001-30,3401024408,"VALVULA EM PLASTICO CROMADO TIPO AMERICANA PARA PIA DE COZINHA 3.1/2 "" X 1.1/2 "", SEM ADAPTADOR",1154,"MARCOS FERNANDES MATERIAIS DE CONSTRUCAO LTDA",110,UN,2261.6,1915.1,20.56,17.41
19.654.843/0001-30,3401024410,"VARA FINA PARA CREMONA, EM FERRO ZINCADO BRANCO, COM DIAMETRO DE APROX 10 MM E COMPRIMENTO DE 1,50 M",1156,"MARCOS FERNANDES MATERIAIS DE CONSTRUCAO LTDA",98,UN,2342.2,1983.52,23.9,20.24
19.654.843/0001-30,3401024372,"VARIADOR DE VELOCIDADE PARA VENTILADOR 127V, 150W + 2 INTERRUPTORES PARALELOS, PARA REVERSAO E LAMPADA, CONJUNTO MONTADO PARA EMBUTIR 4"" X 2"" (PLACA + SUPORTE + MODULOS)",1158,"MARCOS FERNANDES MATERIAIS DE CONSTRUCAO LTDA",59,UN,3284.53,2781.26,55.67,47.14
19.654.843/0001-30,3401024370,"VASSOURA DE NYLON DOMÉSTICA COM CABO",1160,"MARCOS FERNANDES MATERIAIS DE CONSTRUCAO LTDA",418,UND,11762.52,9960.94,28.14,23.83
19.654.843/0001-30,3401024369,"VASSOURA DO TIPO GARI 45CM",1162,"MARCOS FERNANDES MATERIAIS DE CONSTRUCAO LTDA",360,UND,9504,8049.6,26.4,22.36
19.654.843/0001-30,3401020205,"VERGALHAO ZINCADO ROSCA TOTAL, 1/4 "" (6,3 MM)",1163,"MARCOS FERNANDES MATERIAIS DE CONSTRUCAO LTDA",1470,M,6085.8,5159.7,4.14,3.51
19.654.843/0001-30,3401024364,"ZARCÃO UNIVERSAL (FUNDO ANTICORROSIVO P FERRO) 3,6LT",1168,"MARCOS FERNANDES MATERIAIS DE CONSTRUCAO LTDA",169,GL,20533.5,17238,121.5,102
19.654.843/0001-30,3401024444,"CADEADO SIMPLES, CORPO EM LATAO MACICO, COM LARGURA DE 50 MM",1170,"MARCOS FERNANDES MATERIAIS DE CONSTRUCAO LTDA",167,UN,7892.42,6683.34,47.26,40.02
19.654.843/0001-30,3401023946,"INTERRUPTOR PARALELO + TOMADA 2P+T 10A, 250V, CONJUNTO MONTADO PARA EMBUTIR 4"" X 2"" (PLACA + SUPORTE + MODULOS)",1172,"MARCOS FERNANDES MATERIAIS DE CONSTRUCAO LTDA",180,UN,3222,2728.8,17.9,15.16
19.654.843/0001-30,3401024455,"Chave Phillips 3/16 X 3"" isolada",1175,"MARCOS FERNANDES MATERIAIS DE CONSTRUCAO LTDA",190,PC,1322.4,1119.1,6.96,5.89
19.654.843/0001-30,3401024456,"CURVA PVC LONGA 90 GRAUS, 100 MM, PARA ESGOTO PREDIAL",1176,"MARCOS FERNANDES MATERIAIS DE CONSTRUCAO LTDA",188,UN,11199.16,9482.72,59.57,50.44
19.654.843/0001-30,3401023308,"CURVA PVC LONGA 90 GRAUS, 40 MM, PARA ESGOTO PREDIAL",1177,"MARCOS FERNANDES MATERIAIS DE CONSTRUCAO LTDA",256,UND,1809.92,1533.44,7.07,5.99
19.654.843/0001-30,3401023309,"CURVA PVC LONGA 90 GRAUS, 50 MM, PARA ESGOTO PREDIAL",1178,"MARCOS FERNANDES MATERIAIS DE CONSTRUCAO LTDA",256,UND,3578.88,3031.04,13.98,11.84
19.654.843/0001-30,3401023310,"CURVA PVC LONGA 90 GRAUS, 75 MM, PARA ESGOTO PREDIAL",1179,"MARCOS FERNANDES MATERIAIS DE CONSTRUCAO LTDA",171,UND,7782.21,6590.34,45.51,38.54
19.654.843/0001-30,3401020020,"TOMADA 2P+T 10A, 250V, CONJUNTO MONTADO PARA SOBREPOR 4"" X 2"" (CAIXA + MODULO)",1180,"MARCOS FERNANDES MATERIAIS DE CONSTRUCAO LTDA",195,UND,2965.95,2511.6,15.21,12.88
19.654.843/0001-30,3401023932,"TOMADA 2P+T 20A, 250V  (APENAS MODULO)",1182,"MARCOS FERNANDES MATERIAIS DE CONSTRUCAO LTDA",270,UN,2932.2,2484,10.86,9.2
19.654.843/0001-30,3401023930,"TOMADA INDUSTRIAL DE EMBUTIR 3P+T 30 A, 440 V, COM TRAVA, SEM PLACA",1184,"MARCOS FERNANDES MATERIAIS DE CONSTRUCAO LTDA",166,UN,7685.8,6508.86,46.3,39.21
19.654.843/0001-30,3401020023,"TOMADAS (2 MODULOS) 2P+T 10A, 250V, CONJUNTO MONTADO PARA EMBUTIR 4"" X 2"" (PLACA + SUPORTE + MODULOS)",1186,"MARCOS FERNANDES MATERIAIS DE CONSTRUCAO LTDA",195,UND,3777.15,3198,19.37,16.4
19.654.843/0001-30,3401026071,"LIMPA OBRA - desincrustante ácido, removedor de argamassas, respingos sobre piso, paredes, gessos e revestimentos cerâmicos diversos. Àcido inorgânico de 12% à 15%. Galão de 5L",1188,"MARCOS FERNANDES MATERIAIS DE CONSTRUCAO LTDA",225,UND,9976.5,8448.75,44.34,37.55
19.654.843/0001-30,10378703,"Furadeira de Impacto",1189,"MARCOS FERNANDES MATERIAIS DE CONSTRUCAO LTDA",21,UND,23512.86,19910.73,1119.66,948.13
19.654.843/0001-30,3401028041,"TELHA DE PVC TIPO COLONIAL ESPESSURA 2.0 MM NA COR CERÂMICA,  6X 1m  COM DISPOSITIVOS DE FIXAÇÃO (PARAFUSO, VENDANTE E TAMPA)",1207,"MARCOS FERNANDES MATERIAIS DE CONSTRUCAO LTDA",358,UND,358,304.3,1,0.85
19.654.843/0001-30,3401028042,"CUMEEIRA OU ESPIGÃO PARA TELHA DE DE PVC ONDULADA COLONIAL ONDULADA DE  2 MM COM DISPOSITIVOS DE FIXAÇÃO",1208,"MARCOS FERNANDES MATERIAIS DE CONSTRUCAO LTDA",810,UND,3952.8,3345.3,4.88,4.13
