cnpjCpfVencedor,codigo,descricao,numero,participanteVencedor,quantidade,unidadeMedida,valorTotalReferencia,valorTotalVencedor,valorUnitarioReferencia,valorUnitarioVencedor
00.444.086/0001-41,0,,140,"PERKSON-PECAS E EQUIPAMENTOS LTDA.",2,,2260,2085.8,1130,1042.9
00.444.086/0001-41,0,,141,"PERKSON-PECAS E EQUIPAMENTOS LTDA.",1,,3813.33,3486.27,3813.33,3486.27
00.444.086/0001-41,0,,142,"PERKSON-PECAS E EQUIPAMENTOS LTDA.",2,,2300,2105.66,1150,1052.83
00.444.086/0001-41,0,,143,"PERKSON-PECAS E EQUIPAMENTOS LTDA.",8,,685.36,659.52,85.67,82.44
00.444.086/0001-41,0,,144,"PERKSON-PECAS E EQUIPAMENTOS LTDA.",8,,77.36,71.52,9.67,8.94
00.444.086/0001-41,0,,145,"PERKSON-PECAS E EQUIPAMENTOS LTDA.",2,,1352,1241.54,676,620.77
00.444.086/0001-41,0,,146,"PERKSON-PECAS E EQUIPAMENTOS LTDA.",2,,462,427.1,231,213.55
00.444.086/0001-41,0,,147,"PERKSON-PECAS E EQUIPAMENTOS LTDA.",2,,712,655.54,356,327.77
00.444.086/0001-41,0,,148,"PERKSON-PECAS E EQUIPAMENTOS LTDA.",2,,3539.34,3237.96,1769.67,1618.98
00.444.086/0001-41,0,,149,"PERKSON-PECAS E EQUIPAMENTOS LTDA.",1,,2582.67,2358.94,2582.67,2358.94
00.444.086/0001-41,0,,150,"PERKSON-PECAS E EQUIPAMENTOS LTDA.",2,,1952,1783.86,976,891.93
00.444.086/0001-41,0,,151,"PERKSON-PECAS E EQUIPAMENTOS LTDA.",8,,394.64,373.44,49.33,46.68
00.444.086/0001-41,0,,152,"PERKSON-PECAS E EQUIPAMENTOS LTDA.",8,,437.36,405.28,54.67,50.66
00.444.086/0001-41,0,,153,"PERKSON-PECAS E EQUIPAMENTOS LTDA.",1,,4490,4102.07,4490,4102.07
00.444.086/0001-41,0,,154,"PERKSON-PECAS E EQUIPAMENTOS LTDA.",2,,1526.66,1396.5,763.33,698.25
00.444.086/0001-41,0,,155,"PERKSON-PECAS E EQUIPAMENTOS LTDA.",2,,3154.66,2880.4,1577.33,1440.2
00.444.086/0001-41,0,,156,"PERKSON-PECAS E EQUIPAMENTOS LTDA.",2,,2472,2264.58,1236,1132.29
00.444.086/0001-41,0,,157,"PERKSON-PECAS E EQUIPAMENTOS LTDA.",2,,3501.34,3198.22,1750.67,1599.11
00.444.086/0001-41,0,,158,"PERKSON-PECAS E EQUIPAMENTOS LTDA.",2,,808,740.96,404,370.48
00.444.086/0001-41,0,,159,"PERKSON-PECAS E EQUIPAMENTOS LTDA.",1,,3795.67,3471.37,3795.67,3471.37
00.444.086/0001-41,0,,160,"PERKSON-PECAS E EQUIPAMENTOS LTDA.",4,,5432,4966.2,1358,1241.55
00.444.086/0001-41,0,,161,"PERKSON-PECAS E EQUIPAMENTOS LTDA.",120,,495.6,476.4,4.13,3.97
00.444.086/0001-41,0,,162,"PERKSON-PECAS E EQUIPAMENTOS LTDA.",4,,16,11.92,4,2.98
00.444.086/0001-41,0,,163,"PERKSON-PECAS E EQUIPAMENTOS LTDA.",4,,24,19.88,6,4.97
00.444.086/0001-41,0,,164,"PERKSON-PECAS E EQUIPAMENTOS LTDA.",4,,4680,4290.8,1170,1072.7
00.444.086/0001-41,0,,165,"PERKSON-PECAS E EQUIPAMENTOS LTDA.",4,,1497.32,1370.68,374.33,342.67
00.444.086/0001-41,0,,166,"PERKSON-PECAS E EQUIPAMENTOS LTDA.",8,,1216,1104.48,152,138.06
00.444.086/0001-41,0,,167,"PERKSON-PECAS E EQUIPAMENTOS LTDA.",4,,364,353.6,91,88.4
00.444.086/0001-41,0,,168,"PERKSON-PECAS E EQUIPAMENTOS LTDA.",4,,52,47.68,13,11.92
00.444.086/0001-41,0,,169,"PERKSON-PECAS E EQUIPAMENTOS LTDA.",2,,491.34,448.94,245.67,224.47
00.444.086/0001-41,0,,170,"PERKSON-PECAS E EQUIPAMENTOS LTDA.",8,,34.64,31.76,4.33,3.97
00.444.086/0001-41,0,,171,"PERKSON-PECAS E EQUIPAMENTOS LTDA.",2,,896,824.38,448,412.19
00.444.086/0001-41,0,,172,"PERKSON-PECAS E EQUIPAMENTOS LTDA.",2,,2826.66,2582.42,1413.33,1291.21
00.444.086/0001-41,0,,173,"PERKSON-PECAS E EQUIPAMENTOS LTDA.",14,,6430.62,5909.82,459.33,422.13
00.444.086/0001-41,0,,174,"PERKSON-PECAS E EQUIPAMENTOS LTDA.",56,,354.48,333.76,6.33,5.96
00.444.086/0001-41,0,,175,"PERKSON-PECAS E EQUIPAMENTOS LTDA.",8,,821.36,778.72,102.67,97.34
00.444.086/0001-41,0,,176,"PERKSON-PECAS E EQUIPAMENTOS LTDA.",4,,2996,2741.32,749,685.33
00.444.086/0001-41,0,,177,"PERKSON-PECAS E EQUIPAMENTOS LTDA.",4,,329.32,309.88,82.33,77.47
00.444.086/0001-41,0,,178,"PERKSON-PECAS E EQUIPAMENTOS LTDA.",4,,845.32,814.44,211.33,203.61
00.444.086/0001-41,0,,179,"PERKSON-PECAS E EQUIPAMENTOS LTDA.",10,,60,49.7,6,4.97
00.444.086/0001-41,0,,180,"PERKSON-PECAS E EQUIPAMENTOS LTDA.",2,,6693.34,6118.34,3346.67,3059.17
00.444.086/0001-41,0,,181,"PERKSON-PECAS E EQUIPAMENTOS LTDA.",2,,282.66,258.24,141.33,129.12
00.444.086/0001-41,0,,182,"PERKSON-PECAS E EQUIPAMENTOS LTDA.",4,,465.32,433.04,116.33,108.26
00.444.086/0001-41,0,,183,"PERKSON-PECAS E EQUIPAMENTOS LTDA.",4,,3453.32,3158.48,863.33,789.62
00.444.086/0001-41,0,,184,"PERKSON-PECAS E EQUIPAMENTOS LTDA.",2,,2240,2046.08,1120,1023.04
00.444.086/0001-41,0,,185,"PERKSON-PECAS E EQUIPAMENTOS LTDA.",1,,2436,2229.82,2436,2229.82
00.444.086/0001-41,0,,186,"PERKSON-PECAS E EQUIPAMENTOS LTDA.",8,,114.64,103.28,14.33,12.91
00.444.086/0001-41,0,,187,"PERKSON-PECAS E EQUIPAMENTOS LTDA.",1,,445.67,407.23,445.67,407.23
00.444.086/0001-41,0,,188,"PERKSON-PECAS E EQUIPAMENTOS LTDA.",1,,445.67,407.23,445.67,407.23
00.444.086/0001-41,0,,189,"PERKSON-PECAS E EQUIPAMENTOS LTDA.",4,,969.32,885.96,242.33,221.49
00.444.086/0001-41,0,,190,"PERKSON-PECAS E EQUIPAMENTOS LTDA.",4,,1050.68,933.64,262.67,233.41
00.444.086/0001-41,0,,191,"PERKSON-PECAS E EQUIPAMENTOS LTDA.",2,,1893.34,1728.24,946.67,864.12
00.444.086/0001-41,0,,192,"PERKSON-PECAS E EQUIPAMENTOS LTDA.",2,,1637.34,1579.24,818.67,789.62
00.444.086/0001-41,0,,193,"PERKSON-PECAS E EQUIPAMENTOS LTDA.",8,,162.64,143.04,20.33,17.88
00.444.086/0001-41,0,,194,"PERKSON-PECAS E EQUIPAMENTOS LTDA.",2,,1292.66,1181.96,646.33,590.98
00.444.086/0001-41,0,,195,"PERKSON-PECAS E EQUIPAMENTOS LTDA.",4,,822.68,754.88,205.67,188.72
00.444.086/0001-41,0,,196,"PERKSON-PECAS E EQUIPAMENTOS LTDA.",4,,605.32,552.24,151.33,138.06
00.444.086/0001-41,0,,197,"PERKSON-PECAS E EQUIPAMENTOS LTDA.",2,,355.34,294,177.67,147
00.444.086/0001-41,0,,198,"PERKSON-PECAS E EQUIPAMENTOS LTDA.",2,,334,284.06,167,142.03
00.444.086/0001-41,0,,199,"PERKSON-PECAS E EQUIPAMENTOS LTDA.",4,,625.32,588,156.33,147
00.444.086/0001-41,0,,200,"PERKSON-PECAS E EQUIPAMENTOS LTDA.",4,,517.32,480.72,129.33,120.18
00.444.086/0001-41,0,,201,"PERKSON-PECAS E EQUIPAMENTOS LTDA.",2,,518,472.78,259,236.39
00.444.086/0001-41,0,,202,"PERKSON-PECAS E EQUIPAMENTOS LTDA.",90,,16890.3,15464.7,187.67,171.83
00.444.086/0001-41,0,,203,"PERKSON-PECAS E EQUIPAMENTOS LTDA.",360,,1656,1429.2,4.6,3.97
00.444.086/0001-41,0,,204,"PERKSON-PECAS E EQUIPAMENTOS LTDA.",360,,1069.2,716.4,2.97,1.99
00.444.086/0001-41,0,,205,"PERKSON-PECAS E EQUIPAMENTOS LTDA.",176,,346.72,174.24,1.97,0.99
00.444.086/0001-41,0,,206,"PERKSON-PECAS E EQUIPAMENTOS LTDA.",88,,3138.96,2709.52,35.67,30.79
00.444.086/0001-41,0,,207,"PERKSON-PECAS E EQUIPAMENTOS LTDA.",88,,4018.96,3583.36,45.67,40.72
00.444.086/0001-41,0,,208,"PERKSON-PECAS E EQUIPAMENTOS LTDA.",90,,6180.3,5453.1,68.67,60.59
00.444.086/0001-41,0,,209,"PERKSON-PECAS E EQUIPAMENTOS LTDA.",90,,5879.7,5453.1,65.33,60.59
00.444.086/0001-41,0,,210,"PERKSON-PECAS E EQUIPAMENTOS LTDA.",8,,637.36,580.08,79.67,72.51
00.444.086/0001-41,0,,211,"PERKSON-PECAS E EQUIPAMENTOS LTDA.",8,,306.64,278.08,38.33,34.76
00.444.086/0001-41,0,,212,"PERKSON-PECAS E EQUIPAMENTOS LTDA.",2,,6093.34,5572.06,3046.67,2786.03
00.444.086/0001-41,0,,213,"PERKSON-PECAS E EQUIPAMENTOS LTDA.",16,,208,190.72,13,11.92
00.444.086/0001-41,0,,214,"PERKSON-PECAS E EQUIPAMENTOS LTDA.",4,,3853.32,3520.04,963.33,880.01
00.444.086/0001-41,0,,215,"PERKSON-PECAS E EQUIPAMENTOS LTDA.",16,,250.72,222.56,15.67,13.91
00.444.086/0001-41,0,,216,"PERKSON-PECAS E EQUIPAMENTOS LTDA.",1,,2856.67,2612.22,2856.67,2612.22
00.444.086/0001-41,0,,217,"PERKSON-PECAS E EQUIPAMENTOS LTDA.",24,,487.92,429.12,20.33,17.88
00.444.086/0001-41,0,,218,"PERKSON-PECAS E EQUIPAMENTOS LTDA.",36,,335.88,286.2,9.33,7.95
00.444.086/0001-41,0,,219,"PERKSON-PECAS E EQUIPAMENTOS LTDA.",2,,3126,2858.54,1563,1429.27
00.444.086/0001-41,0,,220,"PERKSON-PECAS E EQUIPAMENTOS LTDA.",1,,2148.33,1964.62,2148.33,1964.62
00.444.086/0001-41,0,,221,"PERKSON-PECAS E EQUIPAMENTOS LTDA.",3,,2979.99,2726.43,993.33,908.81
00.444.086/0001-41,0,,222,"PERKSON-PECAS E EQUIPAMENTOS LTDA.",12,,68.04,59.64,5.67,4.97
00.444.086/0001-41,0,,223,"PERKSON-PECAS E EQUIPAMENTOS LTDA.",3,,57.99,50.67,19.33,16.89
00.444.086/0001-41,0,,224,"PERKSON-PECAS E EQUIPAMENTOS LTDA.",2,,200,182.76,100,91.38
00.444.086/0001-41,0,,225,"PERKSON-PECAS E EQUIPAMENTOS LTDA.",2,,239.34,216.52,119.67,108.26
00.444.086/0001-41,0,,226,"PERKSON-PECAS E EQUIPAMENTOS LTDA.",3,,611.01,557.22,203.67,185.74
00.444.086/0001-41,0,,227,"PERKSON-PECAS E EQUIPAMENTOS LTDA.",4,,321.32,297.96,80.33,74.49
00.444.086/0001-41,0,,228,"PERKSON-PECAS E EQUIPAMENTOS LTDA.",9,,63,53.64,7,5.96
00.444.086/0001-41,0,,229,"PERKSON-PECAS E EQUIPAMENTOS LTDA.",24,,304.08,238.32,12.67,9.93
00.444.086/0001-41,0,,230,"PERKSON-PECAS E EQUIPAMENTOS LTDA.",8,,138.64,119.2,17.33,14.9
00.444.086/0001-41,0,,231,"PERKSON-PECAS E EQUIPAMENTOS LTDA.",16,,69.28,63.52,4.33,3.97
00.444.086/0001-41,0,,232,"PERKSON-PECAS E EQUIPAMENTOS LTDA.",2,,51.34,45.68,25.67,22.84
00.444.086/0001-41,0,,233,"PERKSON-PECAS E EQUIPAMENTOS LTDA.",1,,2562,2344.04,2562,2344.04
00.444.086/0001-41,0,,234,"PERKSON-PECAS E EQUIPAMENTOS LTDA.",15,,145.05,134.1,9.67,8.94
00.444.086/0001-41,0,,235,"PERKSON-PECAS E EQUIPAMENTOS LTDA.",1,,938.33,857.16,938.33,857.16
00.444.086/0001-41,0,,236,"PERKSON-PECAS E EQUIPAMENTOS LTDA.",1,,2353.33,2150.36,2353.33,2150.36
00.444.086/0001-41,0,,237,"PERKSON-PECAS E EQUIPAMENTOS LTDA.",2,,1216.66,1112.42,608.33,556.21
00.444.086/0001-41,0,,238,"PERKSON-PECAS E EQUIPAMENTOS LTDA.",10,,420,387.4,42,38.74
00.444.086/0001-41,0,,239,"PERKSON-PECAS E EQUIPAMENTOS LTDA.",8,,61.36,55.6,7.67,6.95
00.444.086/0001-41,0,,240,"PERKSON-PECAS E EQUIPAMENTOS LTDA.",6,,538.02,506.58,89.67,84.43
00.444.086/0001-41,0,,241,"PERKSON-PECAS E EQUIPAMENTOS LTDA.",1,,563.67,516.48,563.67,516.48
00.444.086/0001-41,0,,242,"PERKSON-PECAS E EQUIPAMENTOS LTDA.",2,,158.66,145.02,79.33,72.51
00.444.086/0001-41,0,,243,"PERKSON-PECAS E EQUIPAMENTOS LTDA.",24,,280.08,238.32,11.67,9.93
00.444.086/0001-41,0,,244,"PERKSON-PECAS E EQUIPAMENTOS LTDA.",2,,255.34,240.36,127.67,120.18
00.444.086/0001-41,0,,245,"PERKSON-PECAS E EQUIPAMENTOS LTDA.",2,,775.34,707.18,387.67,353.59
00.444.086/0001-41,0,,246,"PERKSON-PECAS E EQUIPAMENTOS LTDA.",10,,156.7,139.1,15.67,13.91
00.444.086/0001-41,0,,247,"PERKSON-PECAS E EQUIPAMENTOS LTDA.",2,,179.34,162.9,89.67,81.45
00.444.086/0001-41,0,,248,"PERKSON-PECAS E EQUIPAMENTOS LTDA.",2,,238.66,216.52,119.33,108.26
00.444.086/0001-41,0,,249,"PERKSON-PECAS E EQUIPAMENTOS LTDA.",4,,348,321.8,87,80.45
00.444.086/0001-41,0,,250,"PERKSON-PECAS E EQUIPAMENTOS LTDA.",4,,357.32,321.8,89.33,80.45
00.444.086/0001-41,0,,251,"PERKSON-PECAS E EQUIPAMENTOS LTDA.",8,,400,365.52,50,45.69
00.444.086/0001-41,0,,252,"PERKSON-PECAS E EQUIPAMENTOS LTDA.",16,,314.72,286.08,19.67,17.88
00.444.086/0001-41,0,,253,"PERKSON-PECAS E EQUIPAMENTOS LTDA.",8,,242.64,214.56,30.33,26.82
00.444.086/0001-41,0,,254,"PERKSON-PECAS E EQUIPAMENTOS LTDA.",8,,229.36,198.64,28.67,24.83
00.444.086/0001-41,0,,255,"PERKSON-PECAS E EQUIPAMENTOS LTDA.",2,,918,840.28,459,420.14
00.444.086/0001-41,0,,256,"PERKSON-PECAS E EQUIPAMENTOS LTDA.",16,,277.28,238.4,17.33,14.9
00.444.086/0001-41,0,,257,"PERKSON-PECAS E EQUIPAMENTOS LTDA.",16,,325.28,286.08,20.33,17.88
00.444.086/0001-41,0,,258,"PERKSON-PECAS E EQUIPAMENTOS LTDA.",8,,914.64,866.08,114.33,108.26
00.444.086/0001-41,0,,259,"PERKSON-PECAS E EQUIPAMENTOS LTDA.",12,,111.96,95.4,9.33,7.95
00.444.086/0001-41,0,,260,"PERKSON-PECAS E EQUIPAMENTOS LTDA.",1,,1545,1413.38,1545,1413.38
00.444.086/0001-41,0,,261,"PERKSON-PECAS E EQUIPAMENTOS LTDA.",8,,314.64,294,39.33,36.75
00.444.086/0001-41,0,,262,"PERKSON-PECAS E EQUIPAMENTOS LTDA.",16,,400,365.44,25,22.84
00.444.086/0001-41,0,,263,"PERKSON-PECAS E EQUIPAMENTOS LTDA.",4,,3170.68,2896.28,792.67,724.07
00.444.086/0001-41,0,,264,"PERKSON-PECAS E EQUIPAMENTOS LTDA.",4,,778.68,707.2,194.67,176.8
00.444.086/0001-41,0,,265,"PERKSON-PECAS E EQUIPAMENTOS LTDA.",1,,1300,1187.91,1300,1187.91
00.444.086/0001-41,0,,266,"PERKSON-PECAS E EQUIPAMENTOS LTDA.",4,,1349.32,1231.6,337.33,307.9
00.444.086/0001-41,0,,267,"PERKSON-PECAS E EQUIPAMENTOS LTDA.",16,,74.72,63.52,4.67,3.97
00.444.086/0001-41,0,,268,"PERKSON-PECAS E EQUIPAMENTOS LTDA.",1,,349.67,319.82,349.67,319.82
00.444.086/0001-41,0,,269,"PERKSON-PECAS E EQUIPAMENTOS LTDA.",1,,711.33,649.58,711.33,649.58
00.444.086/0001-41,0,,270,"PERKSON-PECAS E EQUIPAMENTOS LTDA.",1,,3320,3034.34,3320,3034.34
00.444.086/0001-41,0,,271,"PERKSON-PECAS E EQUIPAMENTOS LTDA.",1,,1732.67,1583.22,1732.67,1583.22
00.444.086/0001-41,0,,272,"PERKSON-PECAS E EQUIPAMENTOS LTDA.",1,,2580,2358.94,2580,2358.94
00.444.086/0001-41,0,,273,"PERKSON-PECAS E EQUIPAMENTOS LTDA.",4,,1569.32,1434.24,392.33,358.56
00.444.086/0001-41,0,,274,"PERKSON-PECAS E EQUIPAMENTOS LTDA.",1,,753,688.31,753,688.31
00.444.086/0001-41,0,,275,"PERKSON-PECAS E EQUIPAMENTOS LTDA.",4,,57.32,47.68,14.33,11.92
00.444.086/0001-41,0,,276,"PERKSON-PECAS E EQUIPAMENTOS LTDA.",4,,1941.32,1775.92,485.33,443.98
00.444.086/0001-41,0,,277,"PERKSON-PECAS E EQUIPAMENTOS LTDA.",1,,8266.67,7547.62,8266.67,7547.62
00.444.086/0001-41,0,,278,"PERKSON-PECAS E EQUIPAMENTOS LTDA.",1,,1673.33,1529.59,1673.33,1529.59
00.444.086/0001-41,0,,279,"PERKSON-PECAS E EQUIPAMENTOS LTDA.",4,,482.68,456.88,120.67,114.22
00.444.086/0001-41,0,,280,"PERKSON-PECAS E EQUIPAMENTOS LTDA.",8,,122.64,111.28,15.33,13.91
00.444.086/0001-41,0,,281,"PERKSON-PECAS E EQUIPAMENTOS LTDA.",2,,741.34,679.38,370.67,339.69
00.444.086/0001-41,0,,282,"PERKSON-PECAS E EQUIPAMENTOS LTDA.",2,,1332.66,1221.68,666.33,610.84
00.444.086/0001-41,0,,283,"PERKSON-PECAS E EQUIPAMENTOS LTDA.",2,,724.66,586.02,362.33,293.01
00.444.086/0001-41,0,,284,"PERKSON-PECAS E EQUIPAMENTOS LTDA.",2,,480.66,437.02,240.33,218.51
00.444.086/0001-41,0,,285,"PERKSON-PECAS E EQUIPAMENTOS LTDA.",2,,130.66,119.18,65.33,59.59
00.444.086/0001-41,0,,286,"PERKSON-PECAS E EQUIPAMENTOS LTDA.",2,,435.34,395.3,217.67,197.65
00.444.086/0001-41,0,,287,"PERKSON-PECAS E EQUIPAMENTOS LTDA.",2,,1038.66,949.54,519.33,474.77
00.444.086/0001-41,0,,288,"PERKSON-PECAS E EQUIPAMENTOS LTDA.",2,,582.66,532.38,291.33,266.19
00.444.086/0001-41,0,,289,"PERKSON-PECAS E EQUIPAMENTOS LTDA.",4,,714.68,651.56,178.67,162.89
00.444.086/0001-41,0,,290,"PERKSON-PECAS E EQUIPAMENTOS LTDA.",2,,330,313.86,165,156.93
00.444.086/0001-41,0,,291,"PERKSON-PECAS E EQUIPAMENTOS LTDA.",4,,34.68,31.8,8.67,7.95
00.444.086/0001-41,0,,292,"PERKSON-PECAS E EQUIPAMENTOS LTDA.",8,,42.64,39.76,5.33,4.97
00.444.086/0001-41,0,,293,"PERKSON-PECAS E EQUIPAMENTOS LTDA.",4,,1652,1509.72,413,377.43
00.444.086/0001-41,0,,294,"PERKSON-PECAS E EQUIPAMENTOS LTDA.",4,,54.68,47.68,13.67,11.92
00.444.086/0001-41,0,,295,"PERKSON-PECAS E EQUIPAMENTOS LTDA.",8,,61.36,55.6,7.67,6.95
00.444.086/0001-41,0,,296,"PERKSON-PECAS E EQUIPAMENTOS LTDA.",2,,74,69.52,37,34.76
00.444.086/0001-41,0,,297,"PERKSON-PECAS E EQUIPAMENTOS LTDA.",2,,79.34,71.52,39.67,35.76
00.444.086/0001-41,0,,298,"PERKSON-PECAS E EQUIPAMENTOS LTDA.",2,,908,832.34,454,416.17
00.444.086/0001-41,0,,299,"PERKSON-PECAS E EQUIPAMENTOS LTDA.",2,,618.66,566.14,309.33,283.07
00.444.086/0001-41,0,,300,"PERKSON-PECAS E EQUIPAMENTOS LTDA.",1,,589.33,538.34,589.33,538.34
00.444.086/0001-41,0,,301,"PERKSON-PECAS E EQUIPAMENTOS LTDA.",2,,1600.66,1462.04,800.33,731.02
00.444.086/0001-41,0,,302,"PERKSON-PECAS E EQUIPAMENTOS LTDA.",2,,239.34,216.52,119.67,108.26
00.444.086/0001-41,0,,303,"PERKSON-PECAS E EQUIPAMENTOS LTDA.",2,,25.34,19.86,12.67,9.93
00.444.086/0001-41,0,,304,"PERKSON-PECAS E EQUIPAMENTOS LTDA.",500,,57335,52145,114.67,104.29
00.444.086/0001-41,0,,611,"PERKSON-PECAS E EQUIPAMENTOS LTDA.",2,,408,372.68,204,186.34
00.444.086/0001-41,0,,612,"PERKSON-PECAS E EQUIPAMENTOS LTDA.",2,,4423.34,4034.14,2211.67,2017.07
00.444.086/0001-41,0,,613,"PERKSON-PECAS E EQUIPAMENTOS LTDA.",4,,41.32,35.68,10.33,8.92
00.444.086/0001-41,0,,614,"PERKSON-PECAS E EQUIPAMENTOS LTDA.",4,,446.68,416.28,111.67,104.07
00.444.086/0001-41,0,,615,"PERKSON-PECAS E EQUIPAMENTOS LTDA.",2,,183.34,168.5,91.67,84.25
00.444.086/0001-41,0,,616,"PERKSON-PECAS E EQUIPAMENTOS LTDA.",4,,1434.68,1308.36,358.67,327.09
00.444.086/0001-41,0,,617,"PERKSON-PECAS E EQUIPAMENTOS LTDA.",6,,376.02,344.94,62.67,57.49
00.444.086/0001-41,0,,618,"PERKSON-PECAS E EQUIPAMENTOS LTDA.",2,,722,654.18,361,327.09
00.444.086/0001-41,0,,619,"PERKSON-PECAS E EQUIPAMENTOS LTDA.",2,,390,354.84,195,177.42
00.444.086/0001-41,0,,620,"PERKSON-PECAS E EQUIPAMENTOS LTDA.",6,,1942.02,1772.22,323.67,295.37
00.444.086/0001-41,0,,621,"PERKSON-PECAS E EQUIPAMENTOS LTDA.",6,,336,303.3,56,50.55
00.444.086/0001-41,0,,622,"PERKSON-PECAS E EQUIPAMENTOS LTDA.",24,,352.08,285.36,14.67,11.89
00.444.086/0001-41,0,,623,"PERKSON-PECAS E EQUIPAMENTOS LTDA.",2,,1862.66,1698.9,931.33,849.45
00.444.086/0001-41,0,,624,"PERKSON-PECAS E EQUIPAMENTOS LTDA.",1,,1410,1286.56,1410,1286.56
00.444.086/0001-41,0,,625,"PERKSON-PECAS E EQUIPAMENTOS LTDA.",8,,1338.64,1221.12,167.33,152.64
00.444.086/0001-41,0,,626,"PERKSON-PECAS E EQUIPAMENTOS LTDA.",4,,1213.32,1102.2,303.33,275.55
00.444.086/0001-41,0,,627,"PERKSON-PECAS E EQUIPAMENTOS LTDA.",4,,606.68,547.12,151.67,136.78
00.444.086/0001-41,0,,628,"PERKSON-PECAS E EQUIPAMENTOS LTDA.",4,,441.32,404.4,110.33,101.1
00.444.086/0001-41,0,,629,"PERKSON-PECAS E EQUIPAMENTOS LTDA.",4,,544,495.6,136,123.9
00.444.086/0001-41,0,,630,"PERKSON-PECAS E EQUIPAMENTOS LTDA.",4,,489.32,455.96,122.33,113.99
00.444.086/0001-41,0,,631,"PERKSON-PECAS E EQUIPAMENTOS LTDA.",2,,212,188.32,106,94.16
00.444.086/0001-41,0,,632,"PERKSON-PECAS E EQUIPAMENTOS LTDA.",2,,130.66,118.94,65.33,59.47
00.444.086/0001-41,0,,633,"PERKSON-PECAS E EQUIPAMENTOS LTDA.",2,,392,344.94,196,172.47
00.444.086/0001-41,0,,634,"PERKSON-PECAS E EQUIPAMENTOS LTDA.",4,,61.32,51.56,15.33,12.89
00.444.086/0001-41,0,,635,"PERKSON-PECAS E EQUIPAMENTOS LTDA.",1,,2436.33,2222.25,2436.33,2222.25
00.444.086/0001-41,0,,636,"PERKSON-PECAS E EQUIPAMENTOS LTDA.",8,,282.64,245.84,35.33,30.73
00.444.086/0001-41,0,,637,"PERKSON-PECAS E EQUIPAMENTOS LTDA.",16,,757.28,666.08,47.33,41.63
00.444.086/0001-41,0,,638,"PERKSON-PECAS E EQUIPAMENTOS LTDA.",16,,1194.72,1030.88,74.67,64.43
00.444.086/0001-41,0,,639,"PERKSON-PECAS E EQUIPAMENTOS LTDA.",2,,3706.66,3374,1853.33,1687
00.444.086/0001-41,0,,640,"PERKSON-PECAS E EQUIPAMENTOS LTDA.",2,,3706.66,3374,1853.33,1687
00.444.086/0001-41,0,,641,"PERKSON-PECAS E EQUIPAMENTOS LTDA.",16,,469.28,396.48,29.33,24.78
00.444.086/0001-41,0,,642,"PERKSON-PECAS E EQUIPAMENTOS LTDA.",2,,420.66,382.6,210.33,191.3
00.444.086/0001-41,0,,643,"PERKSON-PECAS E EQUIPAMENTOS LTDA.",2,,262,239.86,131,119.93
00.444.086/0001-41,0,,644,"PERKSON-PECAS E EQUIPAMENTOS LTDA.",8,,898.64,816.72,112.33,102.09
00.444.086/0001-41,0,,645,"PERKSON-PECAS E EQUIPAMENTOS LTDA.",1,,894.67,815.75,894.67,815.75
00.444.086/0001-41,0,,646,"PERKSON-PECAS E EQUIPAMENTOS LTDA.",3,,648,588.78,216,196.26
00.444.086/0001-41,0,,647,"PERKSON-PECAS E EQUIPAMENTOS LTDA.",2,,291.34,263.66,145.67,131.83
00.444.086/0001-41,0,,648,"PERKSON-PECAS E EQUIPAMENTOS LTDA.",2,,656,598.68,328,299.34
00.444.086/0001-41,0,,649,"PERKSON-PECAS E EQUIPAMENTOS LTDA.",8,,45.36,39.68,5.67,4.96
00.444.086/0001-41,0,,650,"PERKSON-PECAS E EQUIPAMENTOS LTDA.",8,,344,301.36,43,37.67
00.444.086/0001-41,0,,651,"PERKSON-PECAS E EQUIPAMENTOS LTDA.",2,,50.66,41.62,25.33,20.81
00.444.086/0001-41,0,,652,"PERKSON-PECAS E EQUIPAMENTOS LTDA.",2,,179.34,158.6,89.67,79.3
00.444.086/0001-41,0,,653,"PERKSON-PECAS E EQUIPAMENTOS LTDA.",12,,102.84,83.28,8.57,6.94
00.444.086/0001-41,0,,654,"PERKSON-PECAS E EQUIPAMENTOS LTDA.",8,,658.64,594.72,82.33,74.34
00.444.086/0001-41,0,,655,"PERKSON-PECAS E EQUIPAMENTOS LTDA.",12,,111.96,83.28,9.33,6.94
00.444.086/0001-41,0,,656,"PERKSON-PECAS E EQUIPAMENTOS LTDA.",8,,754.64,674,94.33,84.25
00.444.086/0001-41,0,,657,"PERKSON-PECAS E EQUIPAMENTOS LTDA.",4,,512,463.88,128,115.97
00.444.086/0001-41,0,,658,"PERKSON-PECAS E EQUIPAMENTOS LTDA.",4,,637.32,578.84,159.33,144.71
00.444.086/0001-41,0,,659,"PERKSON-PECAS E EQUIPAMENTOS LTDA.",4,,236,202.2,59,50.55
00.444.086/0001-41,0,,660,"PERKSON-PECAS E EQUIPAMENTOS LTDA.",4,,708,646.24,177,161.56
00.444.086/0001-41,0,,661,"PERKSON-PECAS E EQUIPAMENTOS LTDA.",8,,38.4,31.68,4.8,3.96
00.444.086/0001-41,0,,662,"PERKSON-PECAS E EQUIPAMENTOS LTDA.",8,,136,103.12,17,12.89
00.444.086/0001-41,0,,663,"PERKSON-PECAS E EQUIPAMENTOS LTDA.",2,,232,210.14,116,105.07
00.444.086/0001-41,0,,664,"PERKSON-PECAS E EQUIPAMENTOS LTDA.",2,,622,566.96,311,283.48
00.444.086/0001-41,0,,665,"PERKSON-PECAS E EQUIPAMENTOS LTDA.",4,,57.32,47.56,14.33,11.89
00.444.086/0001-41,0,,666,"PERKSON-PECAS E EQUIPAMENTOS LTDA.",2,,259.34,233.92,129.67,116.96
00.444.086/0001-41,0,,667,"PERKSON-PECAS E EQUIPAMENTOS LTDA.",4,,141.32,122.92,35.33,30.73
00.444.086/0001-41,0,,668,"PERKSON-PECAS E EQUIPAMENTOS LTDA.",4,,194.68,174.44,48.67,43.61
00.444.086/0001-41,0,,669,"PERKSON-PECAS E EQUIPAMENTOS LTDA.",8,,61.36,55.52,7.67,6.94
00.444.086/0001-41,0,,670,"PERKSON-PECAS E EQUIPAMENTOS LTDA.",4,,38.68,31.72,9.67,7.93
00.444.086/0001-41,0,,671,"PERKSON-PECAS E EQUIPAMENTOS LTDA.",2,,89.34,75.34,44.67,37.67
00.444.086/0001-41,0,,672,"PERKSON-PECAS E EQUIPAMENTOS LTDA.",2,,90.66,75.34,45.33,37.67
00.444.086/0001-41,0,,673,"PERKSON-PECAS E EQUIPAMENTOS LTDA.",2,,2320,2117.18,1160,1058.59
00.444.086/0001-41,0,,674,"PERKSON-PECAS E EQUIPAMENTOS LTDA.",1,,317.33,289.43,317.33,289.43
00.444.086/0001-41,0,,675,"PERKSON-PECAS E EQUIPAMENTOS LTDA.",1,,379,345.93,379,345.93
00.444.086/0001-41,0,,676,"PERKSON-PECAS E EQUIPAMENTOS LTDA.",1,,770.67,702.75,770.67,702.75
00.444.086/0001-41,0,,677,"PERKSON-PECAS E EQUIPAMENTOS LTDA.",4,,634.68,574.88,158.67,143.72
00.444.086/0001-41,0,,678,"PERKSON-PECAS E EQUIPAMENTOS LTDA.",1,,623.67,567.95,623.67,567.95
00.444.086/0001-41,0,,679,"PERKSON-PECAS E EQUIPAMENTOS LTDA.",6,,268.02,226.02,44.67,37.67
00.444.086/0001-41,0,,680,"PERKSON-PECAS E EQUIPAMENTOS LTDA.",1,,348.67,317.18,348.67,317.18
00.444.086/0001-41,0,,681,"PERKSON-PECAS E EQUIPAMENTOS LTDA.",8,,117.36,95.12,14.67,11.89
00.444.086/0001-41,0,,682,"PERKSON-PECAS E EQUIPAMENTOS LTDA.",1,,534.67,486.67,534.67,486.67
00.444.086/0001-41,0,,683,"PERKSON-PECAS E EQUIPAMENTOS LTDA.",1,,476,434.14,476,434.14
00.444.086/0001-41,0,,684,"PERKSON-PECAS E EQUIPAMENTOS LTDA.",1,,179.67,162.56,179.67,162.56
00.444.086/0001-41,0,,685,"PERKSON-PECAS E EQUIPAMENTOS LTDA.",1,,338,307.27,338,307.27
00.444.086/0001-41,0,,686,"PERKSON-PECAS E EQUIPAMENTOS LTDA.",2,,380.66,346.92,190.33,173.46
00.444.086/0001-41,0,,687,"PERKSON-PECAS E EQUIPAMENTOS LTDA.",4,,625.32,570.92,156.33,142.73
00.444.086/0001-41,0,,688,"PERKSON-PECAS E EQUIPAMENTOS LTDA.",8,,72,63.44,9,7.93
00.444.086/0001-41,0,,689,"PERKSON-PECAS E EQUIPAMENTOS LTDA.",2,,49.34,39.64,24.67,19.82
00.444.086/0001-41,0,,690,"PERKSON-PECAS E EQUIPAMENTOS LTDA.",2,,347.34,315.2,173.67,157.6
00.444.086/0001-41,0,,691,"PERKSON-PECAS E EQUIPAMENTOS LTDA.",48,,2127.84,1808.16,44.33,37.67
00.444.086/0001-41,0,,692,"PERKSON-PECAS E EQUIPAMENTOS LTDA.",48,,1040.16,856.32,21.67,17.84
00.444.086/0001-41,0,,693,"PERKSON-PECAS E EQUIPAMENTOS LTDA.",1,,490,446.04,490,446.04
00.444.086/0001-41,0,,694,"PERKSON-PECAS E EQUIPAMENTOS LTDA.",1,,1133.33,1035.79,1133.33,1035.79
00.444.086/0001-41,0,,695,"PERKSON-PECAS E EQUIPAMENTOS LTDA.",8,,93.36,71.36,11.67,8.92
00.444.086/0001-41,0,,696,"PERKSON-PECAS E EQUIPAMENTOS LTDA.",8,,136,118.96,17,14.87
00.444.086/0001-41,0,,697,"PERKSON-PECAS E EQUIPAMENTOS LTDA.",2,,245.34,222.02,122.67,111.01
00.444.086/0001-41,0,,698,"PERKSON-PECAS E EQUIPAMENTOS LTDA.",2,,385.34,348.9,192.67,174.45
00.444.086/0001-41,0,,699,"PERKSON-PECAS E EQUIPAMENTOS LTDA.",8,,106.64,87.2,13.33,10.9
00.444.086/0001-41,0,,700,"PERKSON-PECAS E EQUIPAMENTOS LTDA.",6,,121.98,107.04,20.33,17.84
00.444.086/0001-41,0,,701,"PERKSON-PECAS E EQUIPAMENTOS LTDA.",4,,70.68,59.48,17.67,14.87
00.444.086/0001-41,0,,702,"PERKSON-PECAS E EQUIPAMENTOS LTDA.",2,,154.66,142.74,77.33,71.37
00.444.086/0001-41,0,,703,"PERKSON-PECAS E EQUIPAMENTOS LTDA.",1,,783.33,713.66,783.33,713.66
00.444.086/0001-41,0,,704,"PERKSON-PECAS E EQUIPAMENTOS LTDA.",1,,886,808.81,886,808.81
00.444.086/0001-41,0,,705,"PERKSON-PECAS E EQUIPAMENTOS LTDA.",1,,2730,2489.87,2730,2489.87
00.444.086/0001-41,0,,706,"PERKSON-PECAS E EQUIPAMENTOS LTDA.",1,,3583.33,3267.95,3583.33,3267.95
00.444.086/0001-41,0,,707,"PERKSON-PECAS E EQUIPAMENTOS LTDA.",4,,221.32,198.24,55.33,49.56
00.444.086/0001-41,0,,708,"PERKSON-PECAS E EQUIPAMENTOS LTDA.",4,,121.32,107.04,30.33,26.76
00.444.086/0001-41,0,,709,"PERKSON-PECAS E EQUIPAMENTOS LTDA.",4,,188,166.52,47,41.63
00.444.086/0001-41,0,,710,"PERKSON-PECAS E EQUIPAMENTOS LTDA.",4,,209.32,178.4,52.33,44.6
00.444.086/0001-41,0,,711,"PERKSON-PECAS E EQUIPAMENTOS LTDA.",2,,1326.66,1207.26,663.33,603.63
00.444.086/0001-41,0,,712,"PERKSON-PECAS E EQUIPAMENTOS LTDA.",2,,1450,1322.24,725,661.12
00.444.086/0001-41,0,,713,"PERKSON-PECAS E EQUIPAMENTOS LTDA.",2,,1893.34,1724.66,946.67,862.33
00.444.086/0001-41,0,,714,"PERKSON-PECAS E EQUIPAMENTOS LTDA.",2,,2286.66,2081.5,1143.33,1040.75
00.444.086/0001-41,0,,715,"PERKSON-PECAS E EQUIPAMENTOS LTDA.",4,,184,166.52,46,41.63
00.444.086/0001-41,0,,716,"PERKSON-PECAS E EQUIPAMENTOS LTDA.",2,,439.34,398.46,219.67,199.23
00.444.086/0001-41,0,,717,"PERKSON-PECAS E EQUIPAMENTOS LTDA.",4,,780,709.68,195,177.42
00.444.086/0001-41,0,,718,"PERKSON-PECAS E EQUIPAMENTOS LTDA.",2,,1758.66,1601.76,879.33,800.88
00.444.086/0001-41,0,,719,"PERKSON-PECAS E EQUIPAMENTOS LTDA.",2,,110.66,97.14,55.33,48.57
00.444.086/0001-41,0,,720,"PERKSON-PECAS E EQUIPAMENTOS LTDA.",2,,108.66,97.14,54.33,48.57
00.444.086/0001-41,0,,721,"PERKSON-PECAS E EQUIPAMENTOS LTDA.",2,,168.66,152.64,84.33,76.32
00.444.086/0001-41,0,,722,"PERKSON-PECAS E EQUIPAMENTOS LTDA.",2,,112,101.1,56,50.55
00.444.086/0001-41,0,,723,"PERKSON-PECAS E EQUIPAMENTOS LTDA.",2,,7405.34,6750,3702.67,3375
00.444.086/0001-41,0,,724,"PERKSON-PECAS E EQUIPAMENTOS LTDA.",1,,3536.67,3224.34,3536.67,3224.34
00.444.086/0001-41,0,,725,"PERKSON-PECAS E EQUIPAMENTOS LTDA.",2,,198.66,180.4,99.33,90.2
00.444.086/0001-41,0,,726,"PERKSON-PECAS E EQUIPAMENTOS LTDA.",4,,502.68,455.96,125.67,113.99
00.444.086/0001-41,0,,727,"PERKSON-PECAS E EQUIPAMENTOS LTDA.",4,,898.68,816.76,224.67,204.19
00.444.086/0001-41,0,,728,"PERKSON-PECAS E EQUIPAMENTOS LTDA.",1,,1883.33,1716.74,1883.33,1716.74
00.444.086/0001-41,0,,729,"PERKSON-PECAS E EQUIPAMENTOS LTDA.",2,,546.66,497.58,273.33,248.79
00.444.086/0001-41,0,,730,"PERKSON-PECAS E EQUIPAMENTOS LTDA.",300,,34401,31221,114.67,104.07
00.444.086/0001-41,0,,1488,"PERKSON-PECAS E EQUIPAMENTOS LTDA.",2,,730.66,666.1,365.33,333.05
00.444.086/0001-41,0,,1489,"PERKSON-PECAS E EQUIPAMENTOS LTDA.",2,,428,389.72,214,194.86
00.444.086/0001-41,0,,1490,"PERKSON-PECAS E EQUIPAMENTOS LTDA.",4,,625.32,568.68,156.33,142.17
00.444.086/0001-41,0,,1491,"PERKSON-PECAS E EQUIPAMENTOS LTDA.",4,,14.68,11.92,3.67,2.98
00.444.086/0001-41,0,,1492,"PERKSON-PECAS E EQUIPAMENTOS LTDA.",2,,766.66,699.9,383.33,349.95
00.444.086/0001-41,0,,1493,"PERKSON-PECAS E EQUIPAMENTOS LTDA.",4,,492,445.4,123,111.35
00.444.086/0001-41,0,,1494,"PERKSON-PECAS E EQUIPAMENTOS LTDA.",6,,571.98,518.94,95.33,86.49
00.444.086/0001-41,0,,1495,"PERKSON-PECAS E EQUIPAMENTOS LTDA.",2,,1352,1234.78,676,617.39
00.444.086/0001-41,0,,1496,"PERKSON-PECAS E EQUIPAMENTOS LTDA.",4,,70.68,59.64,17.67,14.91
00.444.086/0001-41,0,,1497,"PERKSON-PECAS E EQUIPAMENTOS LTDA.",6,,15,11.94,2.5,1.99
00.444.086/0001-41,0,,1498,"PERKSON-PECAS E EQUIPAMENTOS LTDA.",2,,2506.66,2290.6,1253.33,1145.3
00.444.086/0001-41,0,,1499,"PERKSON-PECAS E EQUIPAMENTOS LTDA.",2,,940,858.98,470,429.49
00.444.086/0001-41,0,,1500,"PERKSON-PECAS E EQUIPAMENTOS LTDA.",4,,826.68,751.6,206.67,187.9
00.444.086/0001-41,0,,1501,"PERKSON-PECAS E EQUIPAMENTOS LTDA.",4,,826.68,751.6,206.67,187.9
00.444.086/0001-41,0,,1502,"PERKSON-PECAS E EQUIPAMENTOS LTDA.",8,,328,302.24,41,37.78
00.444.086/0001-41,0,,1503,"PERKSON-PECAS E EQUIPAMENTOS LTDA.",1,,1436.67,1380.93,1436.67,1380.93
00.444.086/0001-41,0,,1504,"PERKSON-PECAS E EQUIPAMENTOS LTDA.",2,,165.34,149.12,82.67,74.56
00.444.086/0001-41,0,,1505,"PERKSON-PECAS E EQUIPAMENTOS LTDA.",4,,424,365.88,106,91.47
00.444.086/0001-41,0,,1506,"PERKSON-PECAS E EQUIPAMENTOS LTDA.",4,,28,23.88,7,5.97
00.444.086/0001-41,0,,1507,"PERKSON-PECAS E EQUIPAMENTOS LTDA.",12,,80.04,71.64,6.67,5.97
00.444.086/0001-41,0,,1508,"PERKSON-PECAS E EQUIPAMENTOS LTDA.",8,,605.36,564.72,75.67,70.59
00.444.086/0001-41,0,,1509,"PERKSON-PECAS E EQUIPAMENTOS LTDA.",2,,427.34,387.74,213.67,193.87
00.444.086/0001-41,0,,1510,"PERKSON-PECAS E EQUIPAMENTOS LTDA.",12,,111.96,95.4,9.33,7.95
00.444.086/0001-41,0,,1511,"PERKSON-PECAS E EQUIPAMENTOS LTDA.",8,,53.36,47.76,6.67,5.97
00.444.086/0001-41,0,,1512,"PERKSON-PECAS E EQUIPAMENTOS LTDA.",2,,262.66,238.6,131.33,119.3
00.444.086/0001-41,0,,1513,"PERKSON-PECAS E EQUIPAMENTOS LTDA.",2,,189.34,174.98,94.67,87.49
00.444.086/0001-41,0,,1514,"PERKSON-PECAS E EQUIPAMENTOS LTDA.",1,,307,280.36,307,280.36
00.444.086/0001-41,0,,1515,"PERKSON-PECAS E EQUIPAMENTOS LTDA.",8,,82.64,63.6,10.33,7.95
00.444.086/0001-41,0,,1516,"PERKSON-PECAS E EQUIPAMENTOS LTDA.",1,,728.33,665.11,728.33,665.11
00.444.086/0001-41,0,,1517,"PERKSON-PECAS E EQUIPAMENTOS LTDA.",2,,234.66,212.76,117.33,106.38
00.444.086/0001-41,0,,1518,"PERKSON-PECAS E EQUIPAMENTOS LTDA.",1,,414.67,377.79,414.67,377.79
00.444.086/0001-41,0,,1519,"PERKSON-PECAS E EQUIPAMENTOS LTDA.",2,,14,11.94,7,5.97
00.444.086/0001-41,0,,1520,"PERKSON-PECAS E EQUIPAMENTOS LTDA.",2,,22,15.9,11,7.95
00.444.086/0001-41,0,,1521,"PERKSON-PECAS E EQUIPAMENTOS LTDA.",1,,159.67,145.15,159.67,145.15
00.444.086/0001-41,0,,1522,"PERKSON-PECAS E EQUIPAMENTOS LTDA.",2,,70,61.64,35,30.82
00.444.086/0001-41,0,,1523,"PERKSON-PECAS E EQUIPAMENTOS LTDA.",2,,70,61.64,35,30.82
00.444.086/0001-41,0,,1524,"PERKSON-PECAS E EQUIPAMENTOS LTDA.",4,,282.68,246.56,70.67,61.64
00.444.086/0001-41,0,,1525,"PERKSON-PECAS E EQUIPAMENTOS LTDA.",1,,300,274.4,300,274.4
00.444.086/0001-41,0,,1526,"PERKSON-PECAS E EQUIPAMENTOS LTDA.",1,,375.33,342.99,375.33,342.99
00.444.086/0001-41,0,,1527,"PERKSON-PECAS E EQUIPAMENTOS LTDA.",1,,3163.33,2892.09,3163.33,2892.09
00.444.086/0001-41,0,,1528,"PERKSON-PECAS E EQUIPAMENTOS LTDA.",1,,581.33,530.9,581.33,530.9
00.444.086/0001-41,0,,1529,"PERKSON-PECAS E EQUIPAMENTOS LTDA.",2,,639.34,566.68,319.67,283.34
00.444.086/0001-41,0,,1530,"PERKSON-PECAS E EQUIPAMENTOS LTDA.",2,,624.66,566.68,312.33,283.34
00.444.086/0001-41,0,,1531,"PERKSON-PECAS E EQUIPAMENTOS LTDA.",1,,112.33,107.37,112.33,107.37
00.444.086/0001-41,0,,1532,"PERKSON-PECAS E EQUIPAMENTOS LTDA.",1,,127,118.31,127,118.31
00.444.086/0001-41,0,,1533,"PERKSON-PECAS E EQUIPAMENTOS LTDA.",1,,6080.33,5569.44,6080.33,5569.44
00.444.086/0001-41,0,,1534,"PERKSON-PECAS E EQUIPAMENTOS LTDA.",6,,48,35.82,8,5.97
00.444.086/0001-41,0,,1535,"PERKSON-PECAS E EQUIPAMENTOS LTDA.",6,,30,23.88,5,3.98
00.444.086/0001-41,0,,1536,"PERKSON-PECAS E EQUIPAMENTOS LTDA.",2,,637.34,580.6,318.67,290.3
00.444.086/0001-41,0,,1537,"PERKSON-PECAS E EQUIPAMENTOS LTDA.",1,,2306.67,2108.67,2306.67,2108.67
00.444.086/0001-41,0,,1538,"PERKSON-PECAS E EQUIPAMENTOS LTDA.",2,,172.66,159.08,86.33,79.54
00.444.086/0001-41,0,,1539,"PERKSON-PECAS E EQUIPAMENTOS LTDA.",1,,1423.33,1301.39,1423.33,1301.39
00.444.086/0001-41,0,,1540,"PERKSON-PECAS E EQUIPAMENTOS LTDA.",6,,514.02,477.24,85.67,79.54
00.444.086/0001-41,0,,1541,"PERKSON-PECAS E EQUIPAMENTOS LTDA.",2,,338,308.2,169,154.1
00.444.086/0001-41,0,,1542,"PERKSON-PECAS E EQUIPAMENTOS LTDA.",1,,739,675.05,739,675.05
00.444.086/0001-41,0,,1543,"PERKSON-PECAS E EQUIPAMENTOS LTDA.",8,,141.36,119.28,17.67,14.91
00.444.086/0001-41,0,,1544,"PERKSON-PECAS E EQUIPAMENTOS LTDA.",1,,975.33,891.79,975.33,891.79
00.444.086/0001-41,0,,1545,"PERKSON-PECAS E EQUIPAMENTOS LTDA.",1,,3446.67,3151.58,3446.67,3151.58
00.444.086/0001-41,0,,1546,"PERKSON-PECAS E EQUIPAMENTOS LTDA.",1,,651,594.52,651,594.52
00.444.086/0001-41,0,,1547,"PERKSON-PECAS E EQUIPAMENTOS LTDA.",8,,261.36,222.72,32.67,27.84
00.444.086/0001-41,0,,1548,"PERKSON-PECAS E EQUIPAMENTOS LTDA.",1,,314,286.33,314,286.33
00.444.086/0001-41,0,,1549,"PERKSON-PECAS E EQUIPAMENTOS LTDA.",1,,62,56.67,62,56.67
00.444.086/0001-41,0,,1550,"PERKSON-PECAS E EQUIPAMENTOS LTDA.",4,,30.68,23.88,7.67,5.97
00.444.086/0001-41,0,,1551,"PERKSON-PECAS E EQUIPAMENTOS LTDA.",2,,576.66,524.94,288.33,262.47
00.444.086/0001-41,0,,1552,"PERKSON-PECAS E EQUIPAMENTOS LTDA.",1,,410.33,374.81,410.33,374.81
00.444.086/0001-41,0,,1553,"PERKSON-PECAS E EQUIPAMENTOS LTDA.",1,,1023.33,935.53,1023.33,935.53
00.444.086/0001-41,0,,1554,"PERKSON-PECAS E EQUIPAMENTOS LTDA.",28,,1110.76,946.4,39.67,33.8
00.444.086/0001-41,0,,1555,"PERKSON-PECAS E EQUIPAMENTOS LTDA.",24,,679.92,572.64,28.33,23.86
00.444.086/0001-41,0,,1556,"PERKSON-PECAS E EQUIPAMENTOS LTDA.",2,,558.66,509.02,279.33,254.51
00.444.086/0001-41,0,,1557,"PERKSON-PECAS E EQUIPAMENTOS LTDA.",1,,937.33,856.99,937.33,856.99
00.444.086/0001-41,0,,1558,"PERKSON-PECAS E EQUIPAMENTOS LTDA.",4,,192,167.04,48,41.76
00.444.086/0001-41,0,,1559,"PERKSON-PECAS E EQUIPAMENTOS LTDA.",1,,1296,1185.07,1296,1185.07
00.444.086/0001-41,0,,1560,"PERKSON-PECAS E EQUIPAMENTOS LTDA.",1,,278,253.52,278,253.52
00.444.086/0001-41,0,,1561,"PERKSON-PECAS E EQUIPAMENTOS LTDA.",1,,843,770.5,843,770.5
00.444.086/0001-41,0,,1562,"PERKSON-PECAS E EQUIPAMENTOS LTDA.",2,,41.34,35.8,20.67,17.9
00.444.086/0001-41,0,,1563,"PERKSON-PECAS E EQUIPAMENTOS LTDA.",2,,1237.34,1129.4,618.67,564.7
00.444.086/0001-41,0,,1564,"PERKSON-PECAS E EQUIPAMENTOS LTDA.",1,,558.67,510.02,558.67,510.02
00.444.086/0001-41,0,,1565,"PERKSON-PECAS E EQUIPAMENTOS LTDA.",2,,165.34,155.1,82.67,77.55
00.444.086/0001-41,0,,1566,"PERKSON-PECAS E EQUIPAMENTOS LTDA.",2,,184.66,165.04,92.33,82.52
00.444.086/0001-41,0,,1567,"PERKSON-PECAS E EQUIPAMENTOS LTDA.",2,,177.34,161.06,88.67,80.53
00.444.086/0001-41,0,,1568,"PERKSON-PECAS E EQUIPAMENTOS LTDA.",2,,142.66,129.24,71.33,64.62
00.444.086/0001-41,0,,1569,"PERKSON-PECAS E EQUIPAMENTOS LTDA.",2,,125.34,113.34,62.67,56.67
00.444.086/0001-41,0,,1570,"PERKSON-PECAS E EQUIPAMENTOS LTDA.",2,,182,169.02,91,84.51
00.444.086/0001-41,0,,1571,"PERKSON-PECAS E EQUIPAMENTOS LTDA.",2,,216,184.92,108,92.46
00.444.086/0001-41,0,,1572,"PERKSON-PECAS E EQUIPAMENTOS LTDA.",8,,37.36,31.84,4.67,3.98
00.444.086/0001-41,0,,1573,"PERKSON-PECAS E EQUIPAMENTOS LTDA.",8,,234.64,182.96,29.33,22.87
00.444.086/0001-41,0,,1574,"PERKSON-PECAS E EQUIPAMENTOS LTDA.",4,,78.68,59.64,19.67,14.91
00.444.086/0001-41,0,,1575,"PERKSON-PECAS E EQUIPAMENTOS LTDA.",4,,182.68,159.08,45.67,39.77
00.444.086/0001-41,0,,1576,"PERKSON-PECAS E EQUIPAMENTOS LTDA.",4,,301.32,274.4,75.33,68.6
00.444.086/0001-41,0,,1577,"PERKSON-PECAS E EQUIPAMENTOS LTDA.",4,,41.32,31.8,10.33,7.95
00.444.086/0001-41,0,,1578,"PERKSON-PECAS E EQUIPAMENTOS LTDA.",4,,1024,934.52,256,233.63
00.444.086/0001-41,0,,1579,"PERKSON-PECAS E EQUIPAMENTOS LTDA.",8,,725.36,652.16,90.67,81.52
00.444.086/0001-41,0,,1580,"PERKSON-PECAS E EQUIPAMENTOS LTDA.",4,,485.32,441.4,121.33,110.35
00.444.086/0001-41,0,,1581,"PERKSON-PECAS E EQUIPAMENTOS LTDA.",4,,578.68,524.92,144.67,131.23
00.444.086/0001-41,0,,1582,"PERKSON-PECAS E EQUIPAMENTOS LTDA.",4,,578.68,524.92,144.67,131.23
00.444.086/0001-41,0,,1583,"PERKSON-PECAS E EQUIPAMENTOS LTDA.",4,,465.32,417.56,116.33,104.39
00.444.086/0001-41,0,,1584,"PERKSON-PECAS E EQUIPAMENTOS LTDA.",4,,14.68,11.92,3.67,2.98
00.444.086/0001-41,0,,1585,"PERKSON-PECAS E EQUIPAMENTOS LTDA.",4,,598.68,548.8,149.67,137.2
00.444.086/0001-41,0,,1586,"PERKSON-PECAS E EQUIPAMENTOS LTDA.",32,,181.44,159.04,5.67,4.97
00.444.086/0001-41,0,,1587,"PERKSON-PECAS E EQUIPAMENTOS LTDA.",32,,101.44,95.36,3.17,2.98
00.444.086/0001-41,0,,1588,"PERKSON-PECAS E EQUIPAMENTOS LTDA.",4,,1413.32,1288.48,353.33,322.12
00.444.086/0001-41,0,,1589,"PERKSON-PECAS E EQUIPAMENTOS LTDA.",2,,348,318.14,174,159.07
00.444.086/0001-41,0,,1590,"PERKSON-PECAS E EQUIPAMENTOS LTDA.",4,,1021.32,930.56,255.33,232.64
00.444.086/0001-41,0,,1591,"PERKSON-PECAS E EQUIPAMENTOS LTDA.",4,,36,31.8,9,7.95
00.444.086/0001-41,0,,1592,"PERKSON-PECAS E EQUIPAMENTOS LTDA.",2,,5240,4791.98,2620,2395.99
00.444.086/0001-41,0,,1593,"PERKSON-PECAS E EQUIPAMENTOS LTDA.",2,,532,475.22,266,237.61
00.444.086/0001-41,0,,1594,"PERKSON-PECAS E EQUIPAMENTOS LTDA.",4,,510.68,457.32,127.67,114.33
00.444.086/0001-41,0,,1595,"PERKSON-PECAS E EQUIPAMENTOS LTDA.",2,,4226.66,3863.42,2113.33,1931.71
00.444.086/0001-41,0,,1596,"PERKSON-PECAS E EQUIPAMENTOS LTDA.",40,,360,318,9,7.95
00.444.086/0001-41,0,,1597,"PERKSON-PECAS E EQUIPAMENTOS LTDA.",9,,1874.97,1709.01,208.33,189.89
00.444.086/0001-41,0,,1598,"PERKSON-PECAS E EQUIPAMENTOS LTDA.",9,,713.97,644.22,79.33,71.58
00.444.086/0001-41,0,,1599,"PERKSON-PECAS E EQUIPAMENTOS LTDA.",6,,546,507.06,91,84.51
00.444.086/0001-41,0,,1600,"PERKSON-PECAS E EQUIPAMENTOS LTDA.",40,,386.8,358,9.67,8.95
00.444.086/0001-41,0,,1601,"PERKSON-PECAS E EQUIPAMENTOS LTDA.",4,,760,707.88,190,176.97
00.444.086/0001-41,0,,1602,"PERKSON-PECAS E EQUIPAMENTOS LTDA.",8,,1986.64,1813.36,248.33,226.67
00.444.086/0001-41,0,,1603,"PERKSON-PECAS E EQUIPAMENTOS LTDA.",4,,746.68,680.04,186.67,170.01
00.444.086/0001-41,0,,1604,"PERKSON-PECAS E EQUIPAMENTOS LTDA.",4,,358.68,326.08,89.67,81.52
00.444.086/0001-41,0,,1605,"PERKSON-PECAS E EQUIPAMENTOS LTDA.",4,,361.32,326.08,90.33,81.52
00.444.086/0001-41,0,,1606,"PERKSON-PECAS E EQUIPAMENTOS LTDA.",2,,1658.66,1515.14,829.33,757.57
00.444.086/0001-41,0,,1607,"PERKSON-PECAS E EQUIPAMENTOS LTDA.",2,,1230.66,1123.44,615.33,561.72
00.444.086/0001-41,0,,1608,"PERKSON-PECAS E EQUIPAMENTOS LTDA.",4,,314.68,286.32,78.67,71.58
00.444.086/0001-41,0,,1609,"PERKSON-PECAS E EQUIPAMENTOS LTDA.",4,,532,497.08,133,124.27
00.444.086/0001-41,0,,1610,"PERKSON-PECAS E EQUIPAMENTOS LTDA.",1,,822.67,751.61,822.67,751.61
00.444.086/0001-41,0,,1611,"PERKSON-PECAS E EQUIPAMENTOS LTDA.",1,,829.33,751.61,829.33,751.61
00.444.086/0001-41,0,,1612,"PERKSON-PECAS E EQUIPAMENTOS LTDA.",2,,19.34,15.9,9.67,7.95
00.444.086/0001-41,0,,1613,"PERKSON-PECAS E EQUIPAMENTOS LTDA.",1,,310.67,283.34,310.67,283.34
00.444.086/0001-41,0,,1614,"PERKSON-PECAS E EQUIPAMENTOS LTDA.",2,,141.34,123.28,70.67,61.64
00.444.086/0001-41,0,,1615,"PERKSON-PECAS E EQUIPAMENTOS LTDA.",4,,21.32,15.92,5.33,3.98
00.444.086/0001-41,0,,1616,"PERKSON-PECAS E EQUIPAMENTOS LTDA.",2,,110.66,95.44,55.33,47.72
00.444.086/0001-41,0,,1617,"PERKSON-PECAS E EQUIPAMENTOS LTDA.",2,,158.66,143.16,79.33,71.58
00.444.086/0001-41,0,,1618,"PERKSON-PECAS E EQUIPAMENTOS LTDA.",2,,225.34,202.82,112.67,101.41
00.444.086/0001-41,0,,1619,"PERKSON-PECAS E EQUIPAMENTOS LTDA.",1,,1293.33,1182.09,1293.33,1182.09
00.444.086/0001-41,0,,1620,"PERKSON-PECAS E EQUIPAMENTOS LTDA.",1,,1526.67,1394.85,1526.67,1394.85
00.444.086/0001-41,0,,1621,"PERKSON-PECAS E EQUIPAMENTOS LTDA.",1,,1266.67,1157.24,1266.67,1157.24
00.444.086/0001-41,0,,1622,"PERKSON-PECAS E EQUIPAMENTOS LTDA.",2,,2093.34,1912.82,1046.67,956.41
00.444.086/0001-41,0,,1623,"PERKSON-PECAS E EQUIPAMENTOS LTDA.",2,,3786.66,3461.76,1893.33,1730.88
00.444.086/0001-41,0,,1624,"PERKSON-PECAS E EQUIPAMENTOS LTDA.",1,,3593.33,3285.79,3593.33,3285.79
00.444.086/0001-41,0,,1625,"PERKSON-PECAS E EQUIPAMENTOS LTDA.",1,,1862.67,1703.04,1862.67,1703.04
00.444.086/0001-41,0,,1626,"PERKSON-PECAS E EQUIPAMENTOS LTDA.",4,,370.68,338.04,92.67,84.51
00.444.086/0001-41,0,,1627,"PERKSON-PECAS E EQUIPAMENTOS LTDA.",2,,1313.34,1199,656.67,599.5
00.444.086/0001-41,0,,1628,"PERKSON-PECAS E EQUIPAMENTOS LTDA.",8,,125.36,103.36,15.67,12.92
00.444.086/0001-41,0,,1629,"PERKSON-PECAS E EQUIPAMENTOS LTDA.",8,,114.64,95.44,14.33,11.93
00.444.086/0001-41,0,,1630,"PERKSON-PECAS E EQUIPAMENTOS LTDA.",8,,485.36,421.52,60.67,52.69
00.444.086/0001-41,0,,1631,"PERKSON-PECAS E EQUIPAMENTOS LTDA.",8,,114.64,95.44,14.33,11.93
00.444.086/0001-41,0,,1632,"PERKSON-PECAS E EQUIPAMENTOS LTDA.",4,,413.32,369.84,103.33,92.46
00.444.086/0001-41,0,,1633,"PERKSON-PECAS E EQUIPAMENTOS LTDA.",8,,242.64,214.72,30.33,26.84
00.444.086/0001-41,0,,1634,"PERKSON-PECAS E EQUIPAMENTOS LTDA.",4,,254.68,230.64,63.67,57.66
00.444.086/0001-41,0,,1635,"PERKSON-PECAS E EQUIPAMENTOS LTDA.",12,,56.04,47.76,4.67,3.98
00.444.086/0001-41,0,,1636,"PERKSON-PECAS E EQUIPAMENTOS LTDA.",2,,946.66,864.94,473.33,432.47
00.444.086/0001-41,0,,1637,"PERKSON-PECAS E EQUIPAMENTOS LTDA.",2,,382.66,347.96,191.33,173.98
00.444.086/0001-41,0,,1638,"PERKSON-PECAS E EQUIPAMENTOS LTDA.",8,,56,47.76,7,5.97
00.444.086/0001-41,0,,1639,"PERKSON-PECAS E EQUIPAMENTOS LTDA.",8,,53.36,47.76,6.67,5.97
00.444.086/0001-41,0,,1640,"PERKSON-PECAS E EQUIPAMENTOS LTDA.",4,,218.68,194.88,54.67,48.72
00.444.086/0001-41,0,,1641,"PERKSON-PECAS E EQUIPAMENTOS LTDA.",1,,630,575.63,630,575.63
00.444.086/0001-41,0,,1642,"PERKSON-PECAS E EQUIPAMENTOS LTDA.",2,,3133.34,2853.32,1566.67,1426.66
00.444.086/0001-41,0,,1643,"PERKSON-PECAS E EQUIPAMENTOS LTDA.",8,,184,151.12,23,18.89
00.444.086/0001-41,0,,1644,"PERKSON-PECAS E EQUIPAMENTOS LTDA.",4,,89.32,75.56,22.33,18.89
00.444.086/0001-41,0,,1645,"PERKSON-PECAS E EQUIPAMENTOS LTDA.",4,,102.68,83.52,25.67,20.88
00.444.086/0001-41,0,,1646,"PERKSON-PECAS E EQUIPAMENTOS LTDA.",2,,680.66,620.38,340.33,310.19
00.444.086/0001-41,0,,1647,"PERKSON-PECAS E EQUIPAMENTOS LTDA.",2,,530.66,487.16,265.33,243.58
00.444.086/0001-41,0,,1648,"PERKSON-PECAS E EQUIPAMENTOS LTDA.",12,,168,143.16,14,11.93
00.444.086/0001-41,0,,1649,"PERKSON-PECAS E EQUIPAMENTOS LTDA.",16,,80,63.68,5,3.98
00.444.086/0001-41,0,,1650,"PERKSON-PECAS E EQUIPAMENTOS LTDA.",4,,310.68,282.36,77.67,70.59
00.444.086/0001-41,0,,1651,"PERKSON-PECAS E EQUIPAMENTOS LTDA.",2,,250,218.72,125,109.36
00.444.086/0001-41,0,,1652,"PERKSON-PECAS E EQUIPAMENTOS LTDA.",2,,174.66,161.06,87.33,80.53
00.444.086/0001-41,0,,1653,"PERKSON-PECAS E EQUIPAMENTOS LTDA.",2,,289.34,262.46,144.67,131.23
00.444.086/0001-41,0,,1654,"PERKSON-PECAS E EQUIPAMENTOS LTDA.",8,,485.36,421.52,60.67,52.69
00.444.086/0001-41,0,,1655,"PERKSON-PECAS E EQUIPAMENTOS LTDA.",8,,61.36,47.76,7.67,5.97
00.444.086/0001-41,0,,1656,"PERKSON-PECAS E EQUIPAMENTOS LTDA.",2,,252,228.66,126,114.33
00.444.086/0001-41,0,,1657,"PERKSON-PECAS E EQUIPAMENTOS LTDA.",2,,222.66,202.82,111.33,101.41
00.444.086/0001-41,0,,1658,"PERKSON-PECAS E EQUIPAMENTOS LTDA.",8,,394.64,342,49.33,42.75
00.444.086/0001-41,0,,1659,"PERKSON-PECAS E EQUIPAMENTOS LTDA.",2,,431.34,391.72,215.67,195.86
00.444.086/0001-41,0,,1660,"PERKSON-PECAS E EQUIPAMENTOS LTDA.",4,,109.32,91.48,27.33,22.87
00.444.086/0001-41,0,,1661,"PERKSON-PECAS E EQUIPAMENTOS LTDA.",2,,372,340.02,186,170.01
00.444.086/0001-41,0,,1662,"PERKSON-PECAS E EQUIPAMENTOS LTDA.",4,,397.32,361.88,99.33,90.47
00.444.086/0001-41,0,,1663,"PERKSON-PECAS E EQUIPAMENTOS LTDA.",2,,180,163.04,90,81.52
00.444.086/0001-41,0,,1664,"PERKSON-PECAS E EQUIPAMENTOS LTDA.",2,,94,85.5,47,42.75
00.444.086/0001-41,0,,1665,"PERKSON-PECAS E EQUIPAMENTOS LTDA.",2,,382.66,347.96,191.33,173.98
00.444.086/0001-41,0,,1666,"PERKSON-PECAS E EQUIPAMENTOS LTDA.",2,,222.66,202.82,111.33,101.41
00.444.086/0001-41,0,,1667,"PERKSON-PECAS E EQUIPAMENTOS LTDA.",2,,104,95.44,52,47.72
00.444.086/0001-41,0,,1668,"PERKSON-PECAS E EQUIPAMENTOS LTDA.",2,,330.66,300.24,165.33,150.12
00.444.086/0001-41,0,,1669,"PERKSON-PECAS E EQUIPAMENTOS LTDA.",4,,133.32,111.36,33.33,27.84
00.444.086/0001-41,0,,1670,"PERKSON-PECAS E EQUIPAMENTOS LTDA.",4,,81.32,71.6,20.33,17.9
00.444.086/0001-41,0,,1671,"PERKSON-PECAS E EQUIPAMENTOS LTDA.",4,,264,238.6,66,59.65
00.444.086/0001-41,0,,1672,"PERKSON-PECAS E EQUIPAMENTOS LTDA.",8,,296,262.48,37,32.81
00.444.086/0001-41,0,,1673,"PERKSON-PECAS E EQUIPAMENTOS LTDA.",4,,172,151.12,43,37.78
00.444.086/0001-41,0,,1674,"PERKSON-PECAS E EQUIPAMENTOS LTDA.",2,,222.66,202.82,111.33,101.41
00.444.086/0001-41,0,,1675,"PERKSON-PECAS E EQUIPAMENTOS LTDA.",2,,310,284.34,155,142.17
00.444.086/0001-41,0,,1676,"PERKSON-PECAS E EQUIPAMENTOS LTDA.",2,,230.66,204.8,115.33,102.4
00.444.086/0001-41,0,,1677,"PERKSON-PECAS E EQUIPAMENTOS LTDA.",2,,704,642.24,352,321.12
00.444.086/0001-41,0,,1678,"PERKSON-PECAS E EQUIPAMENTOS LTDA.",2,,1282.66,1171.16,641.33,585.58
00.444.086/0001-41,0,,1679,"PERKSON-PECAS E EQUIPAMENTOS LTDA.",2,,166,151.12,83,75.56
00.444.086/0001-41,0,,1680,"PERKSON-PECAS E EQUIPAMENTOS LTDA.",2,,178.66,155.1,89.33,77.55
00.444.086/0001-41,0,,1681,"PERKSON-PECAS E EQUIPAMENTOS LTDA.",2,,407.34,369.84,203.67,184.92
00.444.086/0001-41,0,,1682,"PERKSON-PECAS E EQUIPAMENTOS LTDA.",1,,227,206.79,227,206.79
00.444.086/0001-41,0,,1683,"PERKSON-PECAS E EQUIPAMENTOS LTDA.",300,,33801,31317,112.67,104.39
00.444.086/0001-41,0,,2953,"PERKSON-PECAS E EQUIPAMENTOS LTDA.",1,,944.33,858.56,944.33,858.56
00.444.086/0001-41,0,,2954,"PERKSON-PECAS E EQUIPAMENTOS LTDA.",12,,4004.04,3632.04,333.67,302.67
00.444.086/0001-41,0,,2955,"PERKSON-PECAS E EQUIPAMENTOS LTDA.",2,,460.66,417.42,230.33,208.71
00.444.086/0001-41,0,,2956,"PERKSON-PECAS E EQUIPAMENTOS LTDA.",1,,1409.33,1274,1409.33,1274
00.444.086/0001-41,0,,2957,"PERKSON-PECAS E EQUIPAMENTOS LTDA.",2,,1002.66,910,501.33,455
00.444.086/0001-41,0,,2958,"PERKSON-PECAS E EQUIPAMENTOS LTDA.",1,,507,453.02,507,453.02
00.444.086/0001-41,0,,2959,"PERKSON-PECAS E EQUIPAMENTOS LTDA.",1,,517,459.94,517,459.94
00.444.086/0001-41,0,,2960,"PERKSON-PECAS E EQUIPAMENTOS LTDA.",1,,2686.67,2444.14,2686.67,2444.14
00.444.086/0001-41,0,,2961,"PERKSON-PECAS E EQUIPAMENTOS LTDA.",4,,1232,1119.68,308,279.92
00.444.086/0001-41,0,,2962,"PERKSON-PECAS E EQUIPAMENTOS LTDA.",1,,3468.33,2893.2,3468.33,2893.2
00.444.086/0001-41,0,,2963,"PERKSON-PECAS E EQUIPAMENTOS LTDA.",4,,685.32,621.16,171.33,155.29
00.444.086/0001-41,0,,2964,"PERKSON-PECAS E EQUIPAMENTOS LTDA.",4,,705.32,625.12,176.33,156.28
00.444.086/0001-41,0,,2965,"PERKSON-PECAS E EQUIPAMENTOS LTDA.",1,,633.67,575.67,633.67,575.67
00.444.086/0001-41,0,,2966,"PERKSON-PECAS E EQUIPAMENTOS LTDA.",1,,1401,1274,1401,1274
00.444.086/0001-41,0,,2967,"PERKSON-PECAS E EQUIPAMENTOS LTDA.",4,,894.68,811.08,223.67,202.77
00.444.086/0001-41,0,,2968,"PERKSON-PECAS E EQUIPAMENTOS LTDA.",2,,1075.34,977.26,537.67,488.63
00.444.086/0001-41,0,,2969,"PERKSON-PECAS E EQUIPAMENTOS LTDA.",2,,1362.66,1238.38,681.33,619.19
00.444.086/0001-41,0,,2970,"PERKSON-PECAS E EQUIPAMENTOS LTDA.",2,,1202,1092,601,546
00.444.086/0001-41,0,,2971,"PERKSON-PECAS E EQUIPAMENTOS LTDA.",4,,2412,2184,603,546
00.444.086/0001-41,0,,2972,"PERKSON-PECAS E EQUIPAMENTOS LTDA.",2,,543.34,492.58,271.67,246.29
00.444.086/0001-41,0,,2973,"PERKSON-PECAS E EQUIPAMENTOS LTDA.",2,,612.66,555.9,306.33,277.95
00.444.086/0001-41,0,,2974,"PERKSON-PECAS E EQUIPAMENTOS LTDA.",2,,1992,1812.08,996,906.04
00.444.086/0001-41,0,,2975,"PERKSON-PECAS E EQUIPAMENTOS LTDA.",8,,1112,1004.96,139,125.62
00.444.086/0001-41,0,,2976,"PERKSON-PECAS E EQUIPAMENTOS LTDA.",8,,1968,1788.32,246,223.54
00.444.086/0001-41,0,,2977,"PERKSON-PECAS E EQUIPAMENTOS LTDA.",1,,1315.33,1195.86,1315.33,1195.86
00.444.086/0001-41,0,,2978,"PERKSON-PECAS E EQUIPAMENTOS LTDA.",2,,822,747.78,411,373.89
00.444.086/0001-41,0,,2979,"PERKSON-PECAS E EQUIPAMENTOS LTDA.",2,,802,741.84,401,370.92
00.444.086/0001-41,0,,2980,"PERKSON-PECAS E EQUIPAMENTOS LTDA.",2,,2184,1978.26,1092,989.13
00.444.086/0001-41,0,,2981,"PERKSON-PECAS E EQUIPAMENTOS LTDA.",6,,792,718.08,132,119.68
00.444.086/0001-41,0,,2982,"PERKSON-PECAS E EQUIPAMENTOS LTDA.",1,,1439,1308.62,1439,1308.62
00.444.086/0001-41,0,,2983,"PERKSON-PECAS E EQUIPAMENTOS LTDA.",8,,1917.36,1732.96,239.67,216.62
00.444.086/0001-41,0,,2984,"PERKSON-PECAS E EQUIPAMENTOS LTDA.",1,,1787.67,1626.13,1787.67,1626.13
00.444.086/0001-41,0,,2985,"PERKSON-PECAS E EQUIPAMENTOS LTDA.",100,,11467,10386,114.67,103.86
01.780.703/0001-42,0,,2122,"TRATORMAX COMERCIO DE PECAS LTDA.",12,,372,327.24,31,27.27
01.780.703/0001-42,0,,2123,"TRATORMAX COMERCIO DE PECAS LTDA.",3,,611.01,546.3,203.67,182.1
01.780.703/0001-42,0,,2124,"TRATORMAX COMERCIO DE PECAS LTDA.",4,,41.32,36.24,10.33,9.06
01.780.703/0001-42,0,,2125,"TRATORMAX COMERCIO DE PECAS LTDA.",8,,77.36,72.48,9.67,9.06
01.780.703/0001-42,0,,2126,"TRATORMAX COMERCIO DE PECAS LTDA.",24,,264,217.44,11,9.06
01.780.703/0001-42,0,,2127,"TRATORMAX COMERCIO DE PECAS LTDA.",6,,54,43.56,9,7.26
01.780.703/0001-42,0,,2128,"TRATORMAX COMERCIO DE PECAS LTDA.",6,,37.98,32.82,6.33,5.47
01.780.703/0001-42,0,,2129,"TRATORMAX COMERCIO DE PECAS LTDA.",3,,477.99,411.96,159.33,137.32
01.780.703/0001-42,0,,2130,"TRATORMAX COMERCIO DE PECAS LTDA.",6,,28.02,23.88,4.67,3.98
01.780.703/0001-42,0,,2131,"TRATORMAX COMERCIO DE PECAS LTDA.",3,,636.99,546.3,212.33,182.1
01.780.703/0001-42,0,,2132,"TRATORMAX COMERCIO DE PECAS LTDA.",3,,165,137.31,55,45.77
01.780.703/0001-42,0,,2133,"TRATORMAX COMERCIO DE PECAS LTDA.",3,,168,137.31,56,45.77
01.780.703/0001-42,0,,2134,"TRATORMAX COMERCIO DE PECAS LTDA.",6,,54,50.76,9,8.46
01.780.703/0001-42,0,,2135,"TRATORMAX COMERCIO DE PECAS LTDA.",6,,22.02,17.94,3.67,2.99
01.780.703/0001-42,0,,2136,"TRATORMAX COMERCIO DE PECAS LTDA.",3,,677.01,600.93,225.67,200.31
01.780.703/0001-42,0,,2137,"TRATORMAX COMERCIO DE PECAS LTDA.",3,,42.99,40.89,14.33,13.63
01.780.703/0001-42,0,,2138,"TRATORMAX COMERCIO DE PECAS LTDA.",3,,227.01,191.07,75.67,63.69
01.780.703/0001-42,0,,2144,"TRATORMAX COMERCIO DE PECAS LTDA.",3,,569.01,519.45,189.67,173.15
01.780.703/0001-42,0,,2145,"TRATORMAX COMERCIO DE PECAS LTDA.",3,,221.01,191.07,73.67,63.69
01.780.703/0001-42,0,,2146,"TRATORMAX COMERCIO DE PECAS LTDA.",3,,221.01,191.07,73.67,63.69
01.780.703/0001-42,0,,2147,"TRATORMAX COMERCIO DE PECAS LTDA.",3,,221.01,191.07,73.67,63.69
01.780.703/0001-42,0,,2148,"TRATORMAX COMERCIO DE PECAS LTDA.",3,,221.01,191.07,73.67,63.69
01.780.703/0001-42,0,,2149,"TRATORMAX COMERCIO DE PECAS LTDA.",4,,941.32,911.52,235.33,227.88
01.780.703/0001-42,0,,2150,"TRATORMAX COMERCIO DE PECAS LTDA.",6,,37.98,32.82,6.33,5.47
01.780.703/0001-42,0,,2151,"TRATORMAX COMERCIO DE PECAS LTDA.",3,,15669.99,14478.63,5223.33,4826.21
01.780.703/0001-42,0,,2152,"TRATORMAX COMERCIO DE PECAS LTDA.",3,,2136.99,1913.58,712.33,637.86
01.780.703/0001-42,0,,2153,"TRATORMAX COMERCIO DE PECAS LTDA.",3,,297.99,273.15,99.33,91.05
01.780.703/0001-42,0,,2154,"TRATORMAX COMERCIO DE PECAS LTDA.",3,,6680.01,6012.36,2226.67,2004.12
01.780.703/0001-42,0,,2155,"TRATORMAX COMERCIO DE PECAS LTDA.",6,,54,51.96,9,8.66
01.780.703/0001-42,0,,2156,"TRATORMAX COMERCIO DE PECAS LTDA.",3,,1119,901.56,373,300.52
01.780.703/0001-42,0,,2157,"TRATORMAX COMERCIO DE PECAS LTDA.",3,,2639.01,2322.54,879.67,774.18
01.780.703/0001-42,0,,2158,"TRATORMAX COMERCIO DE PECAS LTDA.",12,,123.96,108.72,10.33,9.06
01.780.703/0001-42,0,,2159,"TRATORMAX COMERCIO DE PECAS LTDA.",12,,84,65.64,7,5.47
01.780.703/0001-42,0,,2160,"TRATORMAX COMERCIO DE PECAS LTDA.",3,,266.01,245.7,88.67,81.9
01.780.703/0001-42,0,,2161,"TRATORMAX COMERCIO DE PECAS LTDA.",3,,1908,1665.78,636,555.26
01.780.703/0001-42,0,,2162,"TRATORMAX COMERCIO DE PECAS LTDA.",3,,1533.99,1367.25,511.33,455.75
01.780.703/0001-42,0,,2163,"TRATORMAX COMERCIO DE PECAS LTDA.",12,,56.04,47.76,4.67,3.98
01.780.703/0001-42,0,,2164,"TRATORMAX COMERCIO DE PECAS LTDA.",6,,193.98,163.92,32.33,27.32
01.780.703/0001-42,0,,2165,"TRATORMAX COMERCIO DE PECAS LTDA.",6,,193.98,163.92,32.33,27.32
01.780.703/0001-42,0,,2166,"TRATORMAX COMERCIO DE PECAS LTDA.",3,,2684.01,2430.03,894.67,810.01
01.780.703/0001-42,0,,2167,"TRATORMAX COMERCIO DE PECAS LTDA.",3,,3324,3033.06,1108,1011.02
01.780.703/0001-42,0,,2168,"TRATORMAX COMERCIO DE PECAS LTDA.",3,,11070,9833.52,3690,3277.84
01.780.703/0001-42,0,,2169,"TRATORMAX COMERCIO DE PECAS LTDA.",6,,486,437.04,81,72.84
01.780.703/0001-42,0,,2170,"TRATORMAX COMERCIO DE PECAS LTDA.",6,,478.02,437.04,79.67,72.84
01.780.703/0001-42,0,,2171,"TRATORMAX COMERCIO DE PECAS LTDA.",3,,912.99,820.95,304.33,273.65
01.780.703/0001-42,0,,2172,"TRATORMAX COMERCIO DE PECAS LTDA.",3,,798.99,683.64,266.33,227.88
01.780.703/0001-42,0,,2173,"TRATORMAX COMERCIO DE PECAS LTDA.",6,,58.02,54.36,9.67,9.06
01.780.703/0001-42,0,,2174,"TRATORMAX COMERCIO DE PECAS LTDA.",6,,1735.98,1528.44,289.33,254.74
01.780.703/0001-42,0,,2175,"TRATORMAX COMERCIO DE PECAS LTDA.",3,,299.01,273.15,99.67,91.05
01.780.703/0001-42,0,,2176,"TRATORMAX COMERCIO DE PECAS LTDA.",6,,187.98,164.22,31.33,27.37
01.780.703/0001-42,0,,2177,"TRATORMAX COMERCIO DE PECAS LTDA.",3,,582.99,519.45,194.33,173.15
01.780.703/0001-42,0,,2178,"TRATORMAX COMERCIO DE PECAS LTDA.",3,,716.01,600.93,238.67,200.31
01.780.703/0001-42,0,,2179,"TRATORMAX COMERCIO DE PECAS LTDA.",6,,421.98,382.14,70.33,63.69
01.780.703/0001-42,0,,2180,"TRATORMAX COMERCIO DE PECAS LTDA.",3,,1458,1283.67,486,427.89
01.780.703/0001-42,0,,2181,"TRATORMAX COMERCIO DE PECAS LTDA.",4,,452,421.92,113,105.48
01.780.703/0001-42,0,,2182,"TRATORMAX COMERCIO DE PECAS LTDA.",3,,2568,2430.03,856,810.01
01.780.703/0001-42,0,,2183,"TRATORMAX COMERCIO DE PECAS LTDA.",3,,3645,3277.83,1215,1092.61
01.780.703/0001-42,0,,2184,"TRATORMAX COMERCIO DE PECAS LTDA.",30,,1239.9,1092.6,41.33,36.42
01.780.703/0001-42,0,,2185,"TRATORMAX COMERCIO DE PECAS LTDA.",30,,890.1,819.6,29.67,27.32
01.780.703/0001-42,0,,2186,"TRATORMAX COMERCIO DE PECAS LTDA.",4,,277.32,254.76,69.33,63.69
01.780.703/0001-42,0,,2187,"TRATORMAX COMERCIO DE PECAS LTDA.",3,,1146.99,1009.02,382.33,336.34
01.780.703/0001-42,0,,2188,"TRATORMAX COMERCIO DE PECAS LTDA.",3,,359.01,327.78,119.67,109.26
01.780.703/0001-42,0,,2189,"TRATORMAX COMERCIO DE PECAS LTDA.",3,,237.99,218.52,79.33,72.84
01.780.703/0001-42,0,,2190,"TRATORMAX COMERCIO DE PECAS LTDA.",3,,4119.99,3797.28,1373.33,1265.76
01.780.703/0001-42,0,,2191,"TRATORMAX COMERCIO DE PECAS LTDA.",3,,890.01,817.98,296.67,272.66
01.780.703/0001-42,0,,2192,"TRATORMAX COMERCIO DE PECAS LTDA.",8,,384,350.24,48,43.78
01.780.703/0001-42,0,,2193,"TRATORMAX COMERCIO DE PECAS LTDA.",12,,92.04,83.64,7.67,6.97
01.780.703/0001-42,0,,2194,"TRATORMAX COMERCIO DE PECAS LTDA.",12,,68.04,59.76,5.67,4.98
01.780.703/0001-42,0,,2195,"TRATORMAX COMERCIO DE PECAS LTDA.",8,,242.64,218.16,30.33,27.27
01.780.703/0001-42,0,,2196,"TRATORMAX COMERCIO DE PECAS LTDA.",3,,327.99,300.33,109.33,100.11
01.780.703/0001-42,0,,2197,"TRATORMAX COMERCIO DE PECAS LTDA.",3,,347.01,327.78,115.67,109.26
01.780.703/0001-42,0,,2198,"TRATORMAX COMERCIO DE PECAS LTDA.",6,,504,491.4,84,81.9
01.780.703/0001-42,0,,2199,"TRATORMAX COMERCIO DE PECAS LTDA.",3,,117.99,109.26,39.33,36.42
01.780.703/0001-42,0,,2200,"TRATORMAX COMERCIO DE PECAS LTDA.",12,,152.04,143.28,12.67,11.94
01.780.703/0001-42,0,,2201,"TRATORMAX COMERCIO DE PECAS LTDA.",12,,536.04,490.8,44.67,40.9
01.780.703/0001-42,0,,2202,"TRATORMAX COMERCIO DE PECAS LTDA.",12,,392.04,382.08,32.67,31.84
01.780.703/0001-42,0,,2203,"TRATORMAX COMERCIO DE PECAS LTDA.",8,,469.36,437.04,58.67,54.63
01.780.703/0001-42,0,,2204,"TRATORMAX COMERCIO DE PECAS LTDA.",12,,944.04,874.08,78.67,72.84
01.780.703/0001-42,0,,2205,"TRATORMAX COMERCIO DE PECAS LTDA.",12,,128.04,119.4,10.67,9.95
01.780.703/0001-42,0,,2206,"TRATORMAX COMERCIO DE PECAS LTDA.",6,,496.02,437.04,82.67,72.84
01.780.703/0001-42,0,,2207,"TRATORMAX COMERCIO DE PECAS LTDA.",3,,338.01,314.04,112.67,104.68
01.780.703/0001-42,0,,2208,"TRATORMAX COMERCIO DE PECAS LTDA.",6,,36,32.82,6,5.47
01.780.703/0001-42,0,,2209,"TRATORMAX COMERCIO DE PECAS LTDA.",3,,284.01,245.7,94.67,81.9
01.780.703/0001-42,0,,2210,"TRATORMAX COMERCIO DE PECAS LTDA.",6,,1699.98,1528.44,283.33,254.74
01.780.703/0001-42,0,,2211,"TRATORMAX COMERCIO DE PECAS LTDA.",10,,1113.3,1001.6,111.33,100.16
01.780.703/0001-42,0,,2212,"TRATORMAX COMERCIO DE PECAS LTDA.",10,,1146.7,1092.6,114.67,109.26
01.780.703/0001-42,0,,2213,"TRATORMAX COMERCIO DE PECAS LTDA.",3,,479.01,437.04,159.67,145.68
01.780.703/0001-42,0,,2214,"TRATORMAX COMERCIO DE PECAS LTDA.",3,,479.01,437.04,159.67,145.68
01.780.703/0001-42,0,,2215,"TRATORMAX COMERCIO DE PECAS LTDA.",6,,178.02,163.92,29.67,27.32
01.780.703/0001-42,0,,2216,"TRATORMAX COMERCIO DE PECAS LTDA.",10,,1190,1046.8,119,104.68
01.780.703/0001-42,0,,2217,"TRATORMAX COMERCIO DE PECAS LTDA.",3,,4650,4286.88,1550,1428.96
01.780.703/0001-42,0,,2218,"TRATORMAX COMERCIO DE PECAS LTDA.",6,,871.98,794.1,145.33,132.35
01.780.703/0001-42,0,,2219,"TRATORMAX COMERCIO DE PECAS LTDA.",3,,942.99,901.56,314.33,300.52
01.780.703/0001-42,0,,2220,"TRATORMAX COMERCIO DE PECAS LTDA.",3,,176.01,163.89,58.67,54.63
01.780.703/0001-42,0,,2221,"TRATORMAX COMERCIO DE PECAS LTDA.",3,,3920.01,3633.09,1306.67,1211.03
01.780.703/0001-42,0,,2222,"TRATORMAX COMERCIO DE PECAS LTDA.",3,,3600,3331.59,1200,1110.53
01.780.703/0001-42,0,,2223,"TRATORMAX COMERCIO DE PECAS LTDA.",6,,2680.02,2621.1,446.67,436.85
01.780.703/0001-42,0,,2224,"TRATORMAX COMERCIO DE PECAS LTDA.",6,,1360.02,1337.4,226.67,222.9
01.780.703/0001-42,0,,2225,"TRATORMAX COMERCIO DE PECAS LTDA.",10,,436.7,410,43.67,41
01.780.703/0001-42,0,,2226,"TRATORMAX COMERCIO DE PECAS LTDA.",3,,788.01,752.28,262.67,250.76
01.780.703/0001-42,0,,2227,"TRATORMAX COMERCIO DE PECAS LTDA.",10,,93.3,89.6,9.33,8.96
01.780.703/0001-42,0,,2228,"TRATORMAX COMERCIO DE PECAS LTDA.",10,,93.3,89.6,9.33,8.96
01.780.703/0001-42,0,,2229,"TRATORMAX COMERCIO DE PECAS LTDA.",10,,46.7,39.8,4.67,3.98
01.780.703/0001-42,0,,2230,"TRATORMAX COMERCIO DE PECAS LTDA.",6,,738,710.52,123,118.42
01.780.703/0001-42,0,,2231,"TRATORMAX COMERCIO DE PECAS LTDA.",12,,2108.04,1748.16,175.67,145.68
01.780.703/0001-42,0,,2232,"TRATORMAX COMERCIO DE PECAS LTDA.",3,,1092.99,955.89,364.33,318.63
01.780.703/0001-42,0,,2233,"TRATORMAX COMERCIO DE PECAS LTDA.",32,,202.56,191.04,6.33,5.97
01.780.703/0001-42,0,,2234,"TRATORMAX COMERCIO DE PECAS LTDA.",32,,106.56,95.68,3.33,2.99
01.780.703/0001-42,0,,2235,"TRATORMAX COMERCIO DE PECAS LTDA.",10,,46.7,29.9,4.67,2.99
01.780.703/0001-42,0,,2236,"TRATORMAX COMERCIO DE PECAS LTDA.",10,,40,29.9,4,2.99
01.780.703/0001-42,0,,2237,"TRATORMAX COMERCIO DE PECAS LTDA.",6,,1360.02,1146.96,226.67,191.16
01.780.703/0001-42,0,,2238,"TRATORMAX COMERCIO DE PECAS LTDA.",6,,2280,1966.68,380,327.78
01.780.703/0001-42,0,,2239,"TRATORMAX COMERCIO DE PECAS LTDA.",24,,487.92,437.04,20.33,18.21
01.780.703/0001-42,0,,2240,"TRATORMAX COMERCIO DE PECAS LTDA.",24,,127.92,119.52,5.33,4.98
01.780.703/0001-42,0,,2241,"TRATORMAX COMERCIO DE PECAS LTDA.",3,,1980,1886.7,660,628.9
01.780.703/0001-42,0,,2242,"TRATORMAX COMERCIO DE PECAS LTDA.",9,,681.03,573.21,75.67,63.69
01.780.703/0001-42,0,,2243,"TRATORMAX COMERCIO DE PECAS LTDA.",18,,1704.06,1638.9,94.67,91.05
01.780.703/0001-42,0,,2244,"TRATORMAX COMERCIO DE PECAS LTDA.",18,,131.94,125.46,7.33,6.97
01.780.703/0001-42,0,,2245,"TRATORMAX COMERCIO DE PECAS LTDA.",6,,106.02,81.78,17.67,13.63
01.780.703/0001-42,0,,2246,"TRATORMAX COMERCIO DE PECAS LTDA.",6,,595.98,546.3,99.33,91.05
01.780.703/0001-42,0,,2247,"TRATORMAX COMERCIO DE PECAS LTDA.",6,,534,491.4,89,81.9
01.780.703/0001-42,0,,2248,"TRATORMAX COMERCIO DE PECAS LTDA.",24,,168,143.28,7,5.97
01.780.703/0001-42,0,,2249,"TRATORMAX COMERCIO DE PECAS LTDA.",24,,1288.08,1201.2,53.67,50.05
01.780.703/0001-42,0,,2250,"TRATORMAX COMERCIO DE PECAS LTDA.",24,,1248,1074.72,52,44.78
01.780.703/0001-42,0,,2251,"TRATORMAX COMERCIO DE PECAS LTDA.",9,,353.97,327.78,39.33,36.42
01.780.703/0001-42,0,,2252,"TRATORMAX COMERCIO DE PECAS LTDA.",9,,72,62.73,8,6.97
01.780.703/0001-42,0,,2253,"TRATORMAX COMERCIO DE PECAS LTDA.",3,,2301,2047.89,767,682.63
01.780.703/0001-42,0,,2254,"TRATORMAX COMERCIO DE PECAS LTDA.",3,,878.01,791.1,292.67,263.7
01.780.703/0001-42,0,,2255,"TRATORMAX COMERCIO DE PECAS LTDA.",3,,386.01,355.26,128.67,118.42
01.780.703/0001-42,0,,2256,"TRATORMAX COMERCIO DE PECAS LTDA.",3,,477.99,437.04,159.33,145.68
01.780.703/0001-42,0,,2257,"TRATORMAX COMERCIO DE PECAS LTDA.",3,,783,737.37,261,245.79
01.780.703/0001-42,0,,2258,"TRATORMAX COMERCIO DE PECAS LTDA.",3,,7670.01,6830.34,2556.67,2276.78
01.780.703/0001-42,0,,2259,"TRATORMAX COMERCIO DE PECAS LTDA.",3,,390.99,355.26,130.33,118.42
01.780.703/0001-42,0,,2260,"TRATORMAX COMERCIO DE PECAS LTDA.",3,,119.01,109.26,39.67,36.42
01.780.703/0001-42,0,,2261,"TRATORMAX COMERCIO DE PECAS LTDA.",6,,322.02,313.44,53.67,52.24
01.780.703/0001-42,0,,2262,"TRATORMAX COMERCIO DE PECAS LTDA.",3,,765,683.64,255,227.88
01.780.703/0001-42,0,,2263,"TRATORMAX COMERCIO DE PECAS LTDA.",3,,240.99,218.52,80.33,72.84
01.780.703/0001-42,0,,2264,"TRATORMAX COMERCIO DE PECAS LTDA.",6,,1168.02,1038.9,194.67,173.15
01.780.703/0001-42,0,,2265,"TRATORMAX COMERCIO DE PECAS LTDA.",3,,581.01,519.45,193.67,173.15
01.780.703/0001-42,0,,2266,"TRATORMAX COMERCIO DE PECAS LTDA.",3,,477,435.84,159,145.28
01.780.703/0001-42,0,,2267,"TRATORMAX COMERCIO DE PECAS LTDA.",3,,966,901.56,322,300.52
01.780.703/0001-42,0,,2268,"TRATORMAX COMERCIO DE PECAS LTDA.",6,,118.02,109.26,19.67,18.21
01.780.703/0001-42,0,,2269,"TRATORMAX COMERCIO DE PECAS LTDA.",6,,546,491.4,91,81.9
01.780.703/0001-42,0,,2270,"TRATORMAX COMERCIO DE PECAS LTDA.",6,,352.02,322.44,58.67,53.74
01.780.703/0001-42,0,,2271,"TRATORMAX COMERCIO DE PECAS LTDA.",9,,78.03,71.64,8.67,7.96
01.780.703/0001-42,0,,2272,"TRATORMAX COMERCIO DE PECAS LTDA.",6,,415.98,382.14,69.33,63.69
01.780.703/0001-42,0,,2273,"TRATORMAX COMERCIO DE PECAS LTDA.",6,,258,244.8,43,40.8
01.780.703/0001-42,0,,2274,"TRATORMAX COMERCIO DE PECAS LTDA.",16,,18.72,16,1.17,1
01.780.703/0001-42,0,,2275,"TRATORMAX COMERCIO DE PECAS LTDA.",8,,312,291.36,39,36.42
01.780.703/0001-42,0,,2276,"TRATORMAX COMERCIO DE PECAS LTDA.",8,,61.36,58.08,7.67,7.26
01.780.703/0001-42,0,,2277,"TRATORMAX COMERCIO DE PECAS LTDA.",6,,211.98,197.04,35.33,32.84
01.780.703/0001-42,0,,2278,"TRATORMAX COMERCIO DE PECAS LTDA.",10,,476.7,455.3,47.67,45.53
01.780.703/0001-42,0,,2279,"TRATORMAX COMERCIO DE PECAS LTDA.",6,,457.98,437.04,76.33,72.84
01.780.703/0001-42,0,,2280,"TRATORMAX COMERCIO DE PECAS LTDA.",12,,44.04,35.88,3.67,2.99
01.780.703/0001-42,0,,2281,"TRATORMAX COMERCIO DE PECAS LTDA.",6,,28.02,23.88,4.67,3.98
01.780.703/0001-42,0,,2282,"TRATORMAX COMERCIO DE PECAS LTDA.",3,,539.01,491.67,179.67,163.89
01.780.703/0001-42,0,,2283,"TRATORMAX COMERCIO DE PECAS LTDA.",6,,295.98,272.88,49.33,45.48
01.780.703/0001-42,0,,2284,"TRATORMAX COMERCIO DE PECAS LTDA.",3,,480.99,437.04,160.33,145.68
01.780.703/0001-42,0,,2285,"TRATORMAX COMERCIO DE PECAS LTDA.",30,,99.9,53.7,3.33,1.79
01.780.703/0001-42,0,,2286,"TRATORMAX COMERCIO DE PECAS LTDA.",12,,27.96,21.48,2.33,1.79
01.780.703/0001-42,0,,2287,"TRATORMAX COMERCIO DE PECAS LTDA.",30,,50.1,38.7,1.67,1.29
01.780.703/0001-42,0,,2288,"TRATORMAX COMERCIO DE PECAS LTDA.",3,,738.99,683.64,246.33,227.88
01.780.703/0001-42,0,,2289,"TRATORMAX COMERCIO DE PECAS LTDA.",12,,27.96,22.68,2.33,1.89
01.780.703/0001-42,0,,2290,"TRATORMAX COMERCIO DE PECAS LTDA.",12,,27.96,22.68,2.33,1.89
01.780.703/0001-42,0,,2291,"TRATORMAX COMERCIO DE PECAS LTDA.",4,,358.68,327.6,89.67,81.9
01.780.703/0001-42,0,,2292,"TRATORMAX COMERCIO DE PECAS LTDA.",4,,477.32,437.04,119.33,109.26
01.780.703/0001-42,0,,2293,"TRATORMAX COMERCIO DE PECAS LTDA.",4,,772,692.6,193,173.15
01.780.703/0001-42,0,,2294,"TRATORMAX COMERCIO DE PECAS LTDA.",6,,352.02,322.44,58.67,53.74
01.780.703/0001-42,0,,2295,"TRATORMAX COMERCIO DE PECAS LTDA.",6,,85.98,81.78,14.33,13.63
01.780.703/0001-42,0,,2296,"TRATORMAX COMERCIO DE PECAS LTDA.",3,,8480.01,7373.64,2826.67,2457.88
01.780.703/0001-42,0,,2297,"TRATORMAX COMERCIO DE PECAS LTDA.",3,,297.99,273.15,99.33,91.05
01.780.703/0001-42,0,,2298,"TRATORMAX COMERCIO DE PECAS LTDA.",3,,2390.01,2185.23,796.67,728.41
01.780.703/0001-42,0,,2299,"TRATORMAX COMERCIO DE PECAS LTDA.",10,,296.7,272.7,29.67,27.27
01.780.703/0001-42,0,,2300,"TRATORMAX COMERCIO DE PECAS LTDA.",6,,294,274.62,49,45.77
01.780.703/0001-42,0,,2301,"TRATORMAX COMERCIO DE PECAS LTDA.",8,,352,291.36,44,36.42
01.780.703/0001-42,0,,2302,"TRATORMAX COMERCIO DE PECAS LTDA.",3,,1968.99,1638.93,656.33,546.31
01.780.703/0001-42,0,,2303,"TRATORMAX COMERCIO DE PECAS LTDA.",8,,184,145.68,23,18.21
01.780.703/0001-42,0,,2304,"TRATORMAX COMERCIO DE PECAS LTDA.",8,,178.64,145.68,22.33,18.21
01.780.703/0001-42,0,,2305,"TRATORMAX COMERCIO DE PECAS LTDA.",3,,834,710.19,278,236.73
01.780.703/0001-42,0,,2306,"TRATORMAX COMERCIO DE PECAS LTDA.",3,,729,626.91,243,208.97
01.780.703/0001-42,0,,2307,"TRATORMAX COMERCIO DE PECAS LTDA.",4,,321.32,291.36,80.33,72.84
01.780.703/0001-42,0,,2308,"TRATORMAX COMERCIO DE PECAS LTDA.",4,,296,273.04,74,68.26
01.780.703/0001-42,0,,2309,"TRATORMAX COMERCIO DE PECAS LTDA.",10,,83.3,72.6,8.33,7.26
01.780.703/0001-42,0,,2310,"TRATORMAX COMERCIO DE PECAS LTDA.",8,,634.64,582.72,79.33,72.84
01.780.703/0001-42,0,,2311,"TRATORMAX COMERCIO DE PECAS LTDA.",10,,76.7,69.7,7.67,6.97
01.780.703/0001-42,0,,2312,"TRATORMAX COMERCIO DE PECAS LTDA.",3,,581.01,519.45,193.67,173.15
01.780.703/0001-42,0,,2313,"TRATORMAX COMERCIO DE PECAS LTDA.",4,,594.68,546.12,148.67,136.53
01.780.703/0001-42,0,,2314,"TRATORMAX COMERCIO DE PECAS LTDA.",3,,473.01,437.04,157.67,145.68
01.780.703/0001-42,0,,2315,"TRATORMAX COMERCIO DE PECAS LTDA.",3,,432,382.41,144,127.47
01.780.703/0001-42,0,,2316,"TRATORMAX COMERCIO DE PECAS LTDA.",8,,90.64,87.6,11.33,10.95
01.780.703/0001-42,0,,2317,"TRATORMAX COMERCIO DE PECAS LTDA.",8,,488,437.04,61,54.63
01.780.703/0001-42,0,,2318,"TRATORMAX COMERCIO DE PECAS LTDA.",3,,707.01,626.91,235.67,208.97
01.780.703/0001-42,0,,2319,"TRATORMAX COMERCIO DE PECAS LTDA.",3,,11259,10379.82,3753,3459.94
01.780.703/0001-42,0,,2320,"TRATORMAX COMERCIO DE PECAS LTDA.",3,,5370,4916.76,1790,1638.92
01.780.703/0001-42,0,,2321,"TRATORMAX COMERCIO DE PECAS LTDA.",3,,1830,1638.93,610,546.31
01.780.703/0001-42,0,,2322,"TRATORMAX COMERCIO DE PECAS LTDA.",3,,2769.99,2459.88,923.33,819.96
01.780.703/0001-42,0,,2323,"TRATORMAX COMERCIO DE PECAS LTDA.",3,,1809.99,1638.93,603.33,546.31
01.780.703/0001-42,0,,2324,"TRATORMAX COMERCIO DE PECAS LTDA.",4,,248,218.52,62,54.63
01.780.703/0001-42,0,,2325,"TRATORMAX COMERCIO DE PECAS LTDA.",3,,5120.01,4370.46,1706.67,1456.82
01.780.703/0001-42,0,,2326,"TRATORMAX COMERCIO DE PECAS LTDA.",3,,2418.99,2185.23,806.33,728.41
01.780.703/0001-42,0,,2327,"TRATORMAX COMERCIO DE PECAS LTDA.",3,,459.99,408.99,153.33,136.33
01.780.703/0001-42,0,,2328,"TRATORMAX COMERCIO DE PECAS LTDA.",3,,330,273.15,110,91.05
01.780.703/0001-42,0,,2329,"TRATORMAX COMERCIO DE PECAS LTDA.",3,,6699.99,5737.71,2233.33,1912.57
01.780.703/0001-42,0,,2330,"TRATORMAX COMERCIO DE PECAS LTDA.",3,,2340,2048.49,780,682.83
01.780.703/0001-42,0,,2331,"TRATORMAX COMERCIO DE PECAS LTDA.",3,,5619.99,4916.76,1873.33,1638.92
01.780.703/0001-42,0,,2332,"TRATORMAX COMERCIO DE PECAS LTDA.",3,,7476.99,6284.01,2492.33,2094.67
01.780.703/0001-42,0,,2333,"TRATORMAX COMERCIO DE PECAS LTDA.",3,,3833.01,3277.83,1277.67,1092.61
01.780.703/0001-42,0,,2334,"TRATORMAX COMERCIO DE PECAS LTDA.",6,,546,491.4,91,81.9
01.780.703/0001-42,0,,2335,"TRATORMAX COMERCIO DE PECAS LTDA.",3,,2763,2212.11,921,737.37
01.780.703/0001-42,0,,2336,"TRATORMAX COMERCIO DE PECAS LTDA.",6,,690,600.66,115,100.11
01.780.703/0001-42,0,,2337,"TRATORMAX COMERCIO DE PECAS LTDA.",3,,912.99,820.95,304.33,273.65
01.780.703/0001-42,0,,2338,"TRATORMAX COMERCIO DE PECAS LTDA.",3,,198.99,163.89,66.33,54.63
01.780.703/0001-42,0,,2339,"TRATORMAX COMERCIO DE PECAS LTDA.",2,,1458.66,1275.72,729.33,637.86
01.780.703/0001-42,0,,2340,"TRATORMAX COMERCIO DE PECAS LTDA.",600,,67602,62274,112.67,103.79
01.780.703/0001-42,0,,2550,"TRATORMAX COMERCIO DE PECAS LTDA.",20,,133.4,93.6,6.67,4.68
01.780.703/0001-42,0,,2551,"TRATORMAX COMERCIO DE PECAS LTDA.",20,,120,93.6,6,4.68
01.780.703/0001-42,0,,2552,"TRATORMAX COMERCIO DE PECAS LTDA.",4,,112,93.56,28,23.39
01.780.703/0001-42,0,,2553,"TRATORMAX COMERCIO DE PECAS LTDA.",2,,172.66,149.66,86.33,74.83
01.780.703/0001-42,0,,2554,"TRATORMAX COMERCIO DE PECAS LTDA.",2,,100.66,93.54,50.33,46.77
01.780.703/0001-42,0,,2555,"TRATORMAX COMERCIO DE PECAS LTDA.",2,,96,84.18,48,42.09
01.780.703/0001-42,0,,2556,"TRATORMAX COMERCIO DE PECAS LTDA.",4,,150.68,130.96,37.67,32.74
01.780.703/0001-42,0,,2557,"TRATORMAX COMERCIO DE PECAS LTDA.",2,,162,149.66,81,74.83
01.780.703/0001-42,0,,2558,"TRATORMAX COMERCIO DE PECAS LTDA.",2,,2275.34,2057.94,1137.67,1028.97
01.780.703/0001-42,0,,2559,"TRATORMAX COMERCIO DE PECAS LTDA.",2,,101.34,93.54,50.67,46.77
01.780.703/0001-42,0,,2560,"TRATORMAX COMERCIO DE PECAS LTDA.",2,,296.66,243.22,148.33,121.61
01.780.703/0001-42,0,,2561,"TRATORMAX COMERCIO DE PECAS LTDA.",20,,53.4,37.4,2.67,1.87
01.780.703/0001-42,0,,2562,"TRATORMAX COMERCIO DE PECAS LTDA.",4,,18.68,16.2,4.67,4.05
01.780.703/0001-42,0,,2563,"TRATORMAX COMERCIO DE PECAS LTDA.",16,,24,22.4,1.5,1.4
01.780.703/0001-42,0,,2564,"TRATORMAX COMERCIO DE PECAS LTDA.",4,,157.32,149.68,39.33,37.42
01.780.703/0001-42,0,,2565,"TRATORMAX COMERCIO DE PECAS LTDA.",2,,64,62.56,32,31.28
01.780.703/0001-42,0,,2566,"TRATORMAX COMERCIO DE PECAS LTDA.",2,,174.66,168.38,87.33,84.19
01.780.703/0001-42,0,,2567,"TRATORMAX COMERCIO DE PECAS LTDA.",4,,118.68,112.24,29.67,28.06
01.780.703/0001-42,0,,2568,"TRATORMAX COMERCIO DE PECAS LTDA.",6,,58.02,56.1,9.67,9.35
01.780.703/0001-42,0,,2569,"TRATORMAX COMERCIO DE PECAS LTDA.",6,,522,448.98,87,74.83
01.780.703/0001-42,0,,2570,"TRATORMAX COMERCIO DE PECAS LTDA.",6,,258,224.52,43,37.42
01.780.703/0001-42,0,,2571,"TRATORMAX COMERCIO DE PECAS LTDA.",24,,151.92,112.32,6.33,4.68
01.780.703/0001-42,0,,2572,"TRATORMAX COMERCIO DE PECAS LTDA.",24,,88.08,68.64,3.67,2.86
01.780.703/0001-42,0,,2573,"TRATORMAX COMERCIO DE PECAS LTDA.",4,,3017.32,2694.04,754.33,673.51
01.780.703/0001-42,0,,2574,"TRATORMAX COMERCIO DE PECAS LTDA.",3,,314.01,280.62,104.67,93.54
01.780.703/0001-42,0,,2575,"TRATORMAX COMERCIO DE PECAS LTDA.",3,,192.99,168.39,64.33,56.13
01.780.703/0001-42,0,,2576,"TRATORMAX COMERCIO DE PECAS LTDA.",2,,2286.66,2057.94,1143.33,1028.97
01.780.703/0001-42,0,,2577,"TRATORMAX COMERCIO DE PECAS LTDA.",2,,2706.66,2432.12,1353.33,1216.06
01.780.703/0001-42,0,,2578,"TRATORMAX COMERCIO DE PECAS LTDA.",4,,257.32,224.52,64.33,56.13
01.780.703/0001-42,0,,2579,"TRATORMAX COMERCIO DE PECAS LTDA.",4,,176,149.68,44,37.42
01.780.703/0001-42,0,,2580,"TRATORMAX COMERCIO DE PECAS LTDA.",4,,354.68,318.04,88.67,79.51
01.780.703/0001-42,0,,2581,"TRATORMAX COMERCIO DE PECAS LTDA.",4,,109.32,93.56,27.33,23.39
01.780.703/0001-42,0,,2582,"TRATORMAX COMERCIO DE PECAS LTDA.",4,,3000,2768.88,750,692.22
01.780.703/0001-42,0,,2583,"TRATORMAX COMERCIO DE PECAS LTDA.",4,,3525.32,3180.48,881.33,795.12
01.780.703/0001-42,0,,2584,"TRATORMAX COMERCIO DE PECAS LTDA.",2,,148,140.32,74,70.16
01.780.703/0001-42,0,,2585,"TRATORMAX COMERCIO DE PECAS LTDA.",1,,1136.67,1028.97,1136.67,1028.97
01.780.703/0001-42,0,,2586,"TRATORMAX COMERCIO DE PECAS LTDA.",1,,1246.67,1122.52,1246.67,1122.52
01.780.703/0001-42,0,,2587,"TRATORMAX COMERCIO DE PECAS LTDA.",1,,203.67,187.09,203.67,187.09
01.780.703/0001-42,0,,2588,"TRATORMAX COMERCIO DE PECAS LTDA.",8,,61.36,59.84,7.67,7.48
01.780.703/0001-42,0,,2589,"TRATORMAX COMERCIO DE PECAS LTDA.",2,,179.34,168.38,89.67,84.19
01.780.703/0001-42,0,,2590,"TRATORMAX COMERCIO DE PECAS LTDA.",1,,472.33,411.59,472.33,411.59
01.780.703/0001-42,0,,2591,"TRATORMAX COMERCIO DE PECAS LTDA.",1,,1416.67,1216.06,1416.67,1216.06
01.780.703/0001-42,0,,2592,"TRATORMAX COMERCIO DE PECAS LTDA.",1,,3413.33,2993.38,3413.33,2993.38
01.780.703/0001-42,0,,2593,"TRATORMAX COMERCIO DE PECAS LTDA.",4,,84,74.84,21,18.71
01.780.703/0001-42,0,,2594,"TRATORMAX COMERCIO DE PECAS LTDA.",2,,157.34,140.32,78.67,70.16
01.780.703/0001-42,0,,2595,"TRATORMAX COMERCIO DE PECAS LTDA.",1,,1646,1449.92,1646,1449.92
01.780.703/0001-42,0,,2596,"TRATORMAX COMERCIO DE PECAS LTDA.",1,,1180,1122.52,1180,1122.52
01.780.703/0001-42,0,,2597,"TRATORMAX COMERCIO DE PECAS LTDA.",6,,492,448.98,82,74.83
01.780.703/0001-42,0,,2598,"TRATORMAX COMERCIO DE PECAS LTDA.",2,,155.34,128.28,77.67,64.14
01.780.703/0001-42,0,,2599,"TRATORMAX COMERCIO DE PECAS LTDA.",1,,449,392.88,449,392.88
01.780.703/0001-42,0,,2600,"TRATORMAX COMERCIO DE PECAS LTDA.",12,,116.04,112.2,9.67,9.35
01.780.703/0001-42,0,,2601,"TRATORMAX COMERCIO DE PECAS LTDA.",1,,7246.67,6360.94,7246.67,6360.94
01.780.703/0001-42,0,,2602,"TRATORMAX COMERCIO DE PECAS LTDA.",2,,511.34,467.72,255.67,233.86
01.780.703/0001-42,0,,2603,"TRATORMAX COMERCIO DE PECAS LTDA.",2,,137.34,121.6,68.67,60.8
01.780.703/0001-42,0,,2604,"TRATORMAX COMERCIO DE PECAS LTDA.",2,,137.34,121.6,68.67,60.8
01.780.703/0001-42,0,,2605,"TRATORMAX COMERCIO DE PECAS LTDA.",2,,137.34,121.6,68.67,60.8
01.780.703/0001-42,0,,2606,"TRATORMAX COMERCIO DE PECAS LTDA.",2,,137.34,121.6,68.67,60.8
01.780.703/0001-42,0,,2607,"TRATORMAX COMERCIO DE PECAS LTDA.",2,,137.34,121.6,68.67,60.8
01.780.703/0001-42,0,,2608,"TRATORMAX COMERCIO DE PECAS LTDA.",2,,137.34,121.6,68.67,60.8
01.780.703/0001-42,0,,2609,"TRATORMAX COMERCIO DE PECAS LTDA.",1,,769.33,673.51,769.33,673.51
01.780.703/0001-42,0,,2610,"TRATORMAX COMERCIO DE PECAS LTDA.",4,,46.68,44.92,11.67,11.23
01.780.703/0001-42,0,,2611,"TRATORMAX COMERCIO DE PECAS LTDA.",1,,634.33,570.61,634.33,570.61
01.780.703/0001-42,0,,2612,"TRATORMAX COMERCIO DE PECAS LTDA.",2,,189.34,168.38,94.67,84.19
01.780.703/0001-42,0,,2613,"TRATORMAX COMERCIO DE PECAS LTDA.",2,,664,579.96,332,289.98
01.780.703/0001-42,0,,2614,"TRATORMAX COMERCIO DE PECAS LTDA.",1,,210.33,187.09,210.33,187.09
01.780.703/0001-42,0,,2615,"TRATORMAX COMERCIO DE PECAS LTDA.",2,,1402.66,1216.06,701.33,608.03
01.780.703/0001-42,0,,2616,"TRATORMAX COMERCIO DE PECAS LTDA.",4,,344,299.32,86,74.83
01.780.703/0001-42,0,,2617,"TRATORMAX COMERCIO DE PECAS LTDA.",2,,174,149.66,87,74.83
01.780.703/0001-42,0,,2618,"TRATORMAX COMERCIO DE PECAS LTDA.",2,,291.34,261.92,145.67,130.96
01.780.703/0001-42,0,,2619,"TRATORMAX COMERCIO DE PECAS LTDA.",1,,284.67,252.57,284.67,252.57
01.780.703/0001-42,0,,2620,"TRATORMAX COMERCIO DE PECAS LTDA.",1,,1241,1122.52,1241,1122.52
01.780.703/0001-42,0,,2621,"TRATORMAX COMERCIO DE PECAS LTDA.",2,,19.34,18.7,9.67,9.35
01.780.703/0001-42,0,,2622,"TRATORMAX COMERCIO DE PECAS LTDA.",4,,157.32,149.68,39.33,37.42
01.780.703/0001-42,0,,2623,"TRATORMAX COMERCIO DE PECAS LTDA.",4,,118.68,112.24,29.67,28.06
01.780.703/0001-42,0,,2624,"TRATORMAX COMERCIO DE PECAS LTDA.",1,,689.67,617.38,689.67,617.38
01.780.703/0001-42,0,,2625,"TRATORMAX COMERCIO DE PECAS LTDA.",1,,468.33,411.59,468.33,411.59
01.780.703/0001-42,0,,2626,"TRATORMAX COMERCIO DE PECAS LTDA.",2,,240.66,224.5,120.33,112.25
01.780.703/0001-42,0,,2627,"TRATORMAX COMERCIO DE PECAS LTDA.",2,,154,140.32,77,70.16
01.780.703/0001-42,0,,2628,"TRATORMAX COMERCIO DE PECAS LTDA.",1,,2136.67,1861.51,2136.67,1861.51
01.780.703/0001-42,0,,2629,"TRATORMAX COMERCIO DE PECAS LTDA.",4,,642.68,561.24,160.67,140.31
01.780.703/0001-42,0,,2630,"TRATORMAX COMERCIO DE PECAS LTDA.",2,,847.34,767.06,423.67,383.53
01.780.703/0001-42,0,,2631,"TRATORMAX COMERCIO DE PECAS LTDA.",2,,179.34,168.38,89.67,84.19
01.780.703/0001-42,0,,2632,"TRATORMAX COMERCIO DE PECAS LTDA.",2,,94,84.18,47,42.09
01.780.703/0001-42,0,,2633,"TRATORMAX COMERCIO DE PECAS LTDA.",2,,1366,1216.06,683,608.03
01.780.703/0001-42,0,,2634,"TRATORMAX COMERCIO DE PECAS LTDA.",4,,292,261.92,73,65.48
01.780.703/0001-42,0,,2635,"TRATORMAX COMERCIO DE PECAS LTDA.",4,,281.32,261.92,70.33,65.48
01.780.703/0001-42,0,,2636,"TRATORMAX COMERCIO DE PECAS LTDA.",1,,801.33,720.28,801.33,720.28
01.780.703/0001-42,0,,2637,"TRATORMAX COMERCIO DE PECAS LTDA.",2,,70.66,56.12,35.33,28.06
01.780.703/0001-42,0,,2638,"TRATORMAX COMERCIO DE PECAS LTDA.",2,,130.66,112.26,65.33,56.13
01.780.703/0001-42,0,,2639,"TRATORMAX COMERCIO DE PECAS LTDA.",1,,328.67,289.98,328.67,289.98
01.780.703/0001-42,0,,2640,"TRATORMAX COMERCIO DE PECAS LTDA.",6,,58.02,56.1,9.67,9.35
01.780.703/0001-42,0,,2641,"TRATORMAX COMERCIO DE PECAS LTDA.",2,,229.34,205.8,114.67,102.9
01.780.703/0001-42,0,,2642,"TRATORMAX COMERCIO DE PECAS LTDA.",1,,1204,1028.97,1204,1028.97
01.780.703/0001-42,0,,2643,"TRATORMAX COMERCIO DE PECAS LTDA.",1,,949.33,869.95,949.33,869.95
01.780.703/0001-42,0,,2644,"TRATORMAX COMERCIO DE PECAS LTDA.",12,,207.96,168.36,17.33,14.03
01.780.703/0001-42,0,,2645,"TRATORMAX COMERCIO DE PECAS LTDA.",32,,1557.44,1346.88,48.67,42.09
01.780.703/0001-42,0,,2646,"TRATORMAX COMERCIO DE PECAS LTDA.",32,,1216,1047.68,38,32.74
01.780.703/0001-42,0,,2647,"TRATORMAX COMERCIO DE PECAS LTDA.",1,,624.67,570.61,624.67,570.61
01.780.703/0001-42,0,,2648,"TRATORMAX COMERCIO DE PECAS LTDA.",2,,698,617.38,349,308.69
01.780.703/0001-42,0,,2649,"TRATORMAX COMERCIO DE PECAS LTDA.",2,,425.34,392.88,212.67,196.44
01.780.703/0001-42,0,,2650,"TRATORMAX COMERCIO DE PECAS LTDA.",4,,92,74.84,23,18.71
01.780.703/0001-42,0,,2651,"TRATORMAX COMERCIO DE PECAS LTDA.",4,,3065.32,2768.88,766.33,692.22
01.780.703/0001-42,0,,2652,"TRATORMAX COMERCIO DE PECAS LTDA.",2,,2246.66,1889.58,1123.33,944.79
01.780.703/0001-42,0,,2653,"TRATORMAX COMERCIO DE PECAS LTDA.",2,,4413.34,3685.6,2206.67,1842.8
01.780.703/0001-42,0,,2654,"TRATORMAX COMERCIO DE PECAS LTDA.",1,,3232.67,2787.59,3232.67,2787.59
01.780.703/0001-42,0,,2655,"TRATORMAX COMERCIO DE PECAS LTDA.",4,,1516,1421.84,379,355.46
01.780.703/0001-42,0,,2656,"TRATORMAX COMERCIO DE PECAS LTDA.",2,,654,579.96,327,289.98
01.780.703/0001-42,0,,2657,"TRATORMAX COMERCIO DE PECAS LTDA.",4,,565.32,523.84,141.33,130.96
01.780.703/0001-42,0,,2658,"TRATORMAX COMERCIO DE PECAS LTDA.",2,,119.34,112.26,59.67,56.13
01.780.703/0001-42,0,,2659,"TRATORMAX COMERCIO DE PECAS LTDA.",2,,1647.34,1515.4,823.67,757.7
01.780.703/0001-42,0,,2660,"TRATORMAX COMERCIO DE PECAS LTDA.",2,,1386.66,1216.06,693.33,608.03
01.780.703/0001-42,0,,2661,"TRATORMAX COMERCIO DE PECAS LTDA.",2,,1236,1141.22,618,570.61
01.780.703/0001-42,0,,2662,"TRATORMAX COMERCIO DE PECAS LTDA.",4,,544,449,136,112.25
01.780.703/0001-42,0,,2663,"TRATORMAX COMERCIO DE PECAS LTDA.",4,,544,449,136,112.25
01.780.703/0001-42,0,,2664,"TRATORMAX COMERCIO DE PECAS LTDA.",8,,549.36,449.04,68.67,56.13
01.780.703/0001-42,0,,2665,"TRATORMAX COMERCIO DE PECAS LTDA.",2,,449.34,392.88,224.67,196.44
01.780.703/0001-42,0,,2666,"TRATORMAX COMERCIO DE PECAS LTDA.",8,,496,449.04,62,56.13
01.780.703/0001-42,0,,2667,"TRATORMAX COMERCIO DE PECAS LTDA.",100,,11333,10290,113.33,102.9
01.780.703/0001-42,0,,2797,"TRATORMAX COMERCIO DE PECAS LTDA.",8,,402.64,385.44,50.33,48.18
01.780.703/0001-42,0,,2798,"TRATORMAX COMERCIO DE PECAS LTDA.",8,,333.36,326.16,41.67,40.77
01.780.703/0001-42,0,,2799,"TRATORMAX COMERCIO DE PECAS LTDA.",4,,2657.32,2519.88,664.33,629.97
01.780.703/0001-42,0,,2800,"TRATORMAX COMERCIO DE PECAS LTDA.",4,,645.32,555.84,161.33,138.96
01.780.703/0001-42,0,,2801,"TRATORMAX COMERCIO DE PECAS LTDA.",6,,462,389.1,77,64.85
01.780.703/0001-42,0,,2802,"TRATORMAX COMERCIO DE PECAS LTDA.",12,,843.96,700.32,70.33,58.36
01.780.703/0001-42,0,,2803,"TRATORMAX COMERCIO DE PECAS LTDA.",1,,1573.33,1371.12,1573.33,1371.12
01.780.703/0001-42,0,,2804,"TRATORMAX COMERCIO DE PECAS LTDA.",4,,682.68,592.92,170.67,148.23
01.780.703/0001-42,0,,2805,"TRATORMAX COMERCIO DE PECAS LTDA.",1,,433.67,379.84,433.67,379.84
01.780.703/0001-42,0,,2806,"TRATORMAX COMERCIO DE PECAS LTDA.",1,,230.33,194.55,230.33,194.55
01.780.703/0001-42,0,,2807,"TRATORMAX COMERCIO DE PECAS LTDA.",1,,3346.67,2927.52,3346.67,2927.52
01.780.703/0001-42,0,,2808,"TRATORMAX COMERCIO DE PECAS LTDA.",2,,1282.66,1093.18,641.33,546.59
01.780.703/0001-42,0,,2809,"TRATORMAX COMERCIO DE PECAS LTDA.",2,,1946,1704.64,973,852.32
01.780.703/0001-42,0,,2810,"TRATORMAX COMERCIO DE PECAS LTDA.",1,,1520,1408.17,1520,1408.17
01.780.703/0001-42,0,,2811,"TRATORMAX COMERCIO DE PECAS LTDA.",2,,160.66,138.96,80.33,69.48
01.780.703/0001-42,0,,2812,"TRATORMAX COMERCIO DE PECAS LTDA.",2,,1039.34,962.14,519.67,481.07
01.780.703/0001-42,0,,2813,"TRATORMAX COMERCIO DE PECAS LTDA.",1,,3060,2871.94,3060,2871.94
01.780.703/0001-42,0,,2814,"TRATORMAX COMERCIO DE PECAS LTDA.",1,,3060,2871.94,3060,2871.94
01.780.703/0001-42,0,,2815,"TRATORMAX COMERCIO DE PECAS LTDA.",2,,599.34,574.38,299.67,287.19
01.780.703/0001-42,0,,2816,"TRATORMAX COMERCIO DE PECAS LTDA.",1,,2250,2186.38,2250,2186.38
01.780.703/0001-42,0,,2817,"TRATORMAX COMERCIO DE PECAS LTDA.",1,,2893.33,2686.65,2893.33,2686.65
01.780.703/0001-42,0,,2818,"TRATORMAX COMERCIO DE PECAS LTDA.",4,,338.68,333.52,84.67,83.38
01.780.703/0001-42,0,,2819,"TRATORMAX COMERCIO DE PECAS LTDA.",4,,378.68,370.56,94.67,92.64
01.780.703/0001-42,0,,2820,"TRATORMAX COMERCIO DE PECAS LTDA.",4,,212,185.28,53,46.32
01.780.703/0001-42,0,,2821,"TRATORMAX COMERCIO DE PECAS LTDA.",4,,278.68,259.4,69.67,64.85
01.780.703/0001-42,0,,2822,"TRATORMAX COMERCIO DE PECAS LTDA.",8,,848,815.28,106,101.91
01.780.703/0001-42,0,,2823,"TRATORMAX COMERCIO DE PECAS LTDA.",4,,1142.68,963.48,285.67,240.87
01.780.703/0001-42,0,,2824,"TRATORMAX COMERCIO DE PECAS LTDA.",1,,3993.33,3613.08,3993.33,3613.08
01.780.703/0001-42,0,,2825,"TRATORMAX COMERCIO DE PECAS LTDA.",1,,875.33,778.2,875.33,778.2
01.780.703/0001-42,0,,2826,"TRATORMAX COMERCIO DE PECAS LTDA.",1,,1096,889.37,1096,889.37
01.780.703/0001-42,0,,2827,"TRATORMAX COMERCIO DE PECAS LTDA.",1,,3203.33,2732.97,3203.33,2732.97
01.780.703/0001-42,0,,2828,"TRATORMAX COMERCIO DE PECAS LTDA.",1,,3233.33,2732.97,3233.33,2732.97
01.780.703/0001-42,0,,2829,"TRATORMAX COMERCIO DE PECAS LTDA.",4,,1548,1334.08,387,333.52
01.780.703/0001-42,0,,2830,"TRATORMAX COMERCIO DE PECAS LTDA.",4,,849.32,778.2,212.33,194.55
01.780.703/0001-42,0,,2831,"TRATORMAX COMERCIO DE PECAS LTDA.",4,,605.32,518.8,151.33,129.7
01.780.703/0001-42,0,,2832,"TRATORMAX COMERCIO DE PECAS LTDA.",2,,3920,3501.9,1960,1750.95
01.780.703/0001-42,0,,2833,"TRATORMAX COMERCIO DE PECAS LTDA.",4,,165.32,148.24,41.33,37.06
01.780.703/0001-42,0,,2834,"TRATORMAX COMERCIO DE PECAS LTDA.",4,,1277.32,1185.84,319.33,296.46
01.780.703/0001-42,0,,2835,"TRATORMAX COMERCIO DE PECAS LTDA.",2,,2994.66,2505.08,1497.33,1252.54
01.780.703/0001-42,0,,2836,"TRATORMAX COMERCIO DE PECAS LTDA.",2,,2353.34,2186.38,1176.67,1093.19
01.780.703/0001-42,0,,2837,"TRATORMAX COMERCIO DE PECAS LTDA.",6,,1530,1222.86,255,203.81
01.780.703/0001-42,0,,2838,"TRATORMAX COMERCIO DE PECAS LTDA.",6,,469.98,416.88,78.33,69.48
01.780.703/0001-42,0,,2839,"TRATORMAX COMERCIO DE PECAS LTDA.",6,,786,694.8,131,115.8
01.780.703/0001-42,0,,2840,"TRATORMAX COMERCIO DE PECAS LTDA.",100,,11467,10562,114.67,105.62
01.780.703/0001-42,0,,2882,"TRATORMAX COMERCIO DE PECAS LTDA.",2,,20.66,18.34,10.33,9.17
01.780.703/0001-42,0,,2883,"TRATORMAX COMERCIO DE PECAS LTDA.",4,,58.68,55,14.67,13.75
01.780.703/0001-42,0,,2884,"TRATORMAX COMERCIO DE PECAS LTDA.",2,,407.34,366.7,203.67,183.35
01.780.703/0001-42,0,,2885,"TRATORMAX COMERCIO DE PECAS LTDA.",2,,254.66,238.34,127.33,119.17
01.780.703/0001-42,0,,2886,"TRATORMAX COMERCIO DE PECAS LTDA.",1,,518.33,467.53,518.33,467.53
01.780.703/0001-42,0,,2887,"TRATORMAX COMERCIO DE PECAS LTDA.",2,,441.34,403.36,220.67,201.68
01.780.703/0001-42,0,,2888,"TRATORMAX COMERCIO DE PECAS LTDA.",2,,284.66,275.02,142.33,137.51
01.780.703/0001-42,0,,2889,"TRATORMAX COMERCIO DE PECAS LTDA.",1,,938.33,923.33,938.33,923.33
01.780.703/0001-42,0,,2890,"TRATORMAX COMERCIO DE PECAS LTDA.",10,,70,63.1,7,6.31
01.780.703/0001-42,0,,2891,"TRATORMAX COMERCIO DE PECAS LTDA.",1,,763.67,705.88,763.67,705.88
01.780.703/0001-42,0,,2892,"TRATORMAX COMERCIO DE PECAS LTDA.",1,,348.67,320.85,348.67,320.85
01.780.703/0001-42,0,,2893,"TRATORMAX COMERCIO DE PECAS LTDA.",1,,2310,2108.47,2310,2108.47
01.780.703/0001-42,0,,2894,"TRATORMAX COMERCIO DE PECAS LTDA.",1,,353,320.85,353,320.85
01.780.703/0001-42,0,,2895,"TRATORMAX COMERCIO DE PECAS LTDA.",1,,4344,3941.93,4344,3941.93
01.780.703/0001-42,0,,2896,"TRATORMAX COMERCIO DE PECAS LTDA.",2,,166,146.68,83,73.34
01.780.703/0001-42,0,,2897,"TRATORMAX COMERCIO DE PECAS LTDA.",1,,1143.33,1008.4,1143.33,1008.4
01.780.703/0001-42,0,,2898,"TRATORMAX COMERCIO DE PECAS LTDA.",1,,2610,2383.49,2610,2383.49
01.780.703/0001-42,0,,2899,"TRATORMAX COMERCIO DE PECAS LTDA.",1,,3543.33,3208.55,3543.33,3208.55
01.780.703/0001-42,0,,2900,"TRATORMAX COMERCIO DE PECAS LTDA.",1,,2760,2475.16,2760,2475.16
01.780.703/0001-42,0,,2901,"TRATORMAX COMERCIO DE PECAS LTDA.",2,,263.34,238.34,131.67,119.17
01.780.703/0001-42,0,,2902,"TRATORMAX COMERCIO DE PECAS LTDA.",2,,224.66,201.68,112.33,100.84
01.780.703/0001-42,0,,2903,"TRATORMAX COMERCIO DE PECAS LTDA.",2,,840,751.72,420,375.86
01.780.703/0001-42,0,,2904,"TRATORMAX COMERCIO DE PECAS LTDA.",4,,436,385.04,109,96.26
01.780.703/0001-42,0,,2905,"TRATORMAX COMERCIO DE PECAS LTDA.",8,,72,58.64,9,7.33
01.780.703/0001-42,0,,2906,"TRATORMAX COMERCIO DE PECAS LTDA.",6,,1266,1155.06,211,192.51
01.780.703/0001-42,0,,2907,"TRATORMAX COMERCIO DE PECAS LTDA.",2,,1011.34,898.4,505.67,449.2
01.780.703/0001-42,0,,2908,"TRATORMAX COMERCIO DE PECAS LTDA.",1,,4692.67,4216.95,4692.67,4216.95
01.780.703/0001-42,0,,2909,"TRATORMAX COMERCIO DE PECAS LTDA.",4,,1601.32,1393.44,400.33,348.36
01.780.703/0001-42,0,,2910,"TRATORMAX COMERCIO DE PECAS LTDA.",4,,970.68,806.72,242.67,201.68
01.780.703/0001-42,0,,2911,"TRATORMAX COMERCIO DE PECAS LTDA.",4,,4836,4033.6,1209,1008.4
01.780.703/0001-42,0,,2912,"TRATORMAX COMERCIO DE PECAS LTDA.",2,,6040,5317.02,3020,2658.51
01.780.703/0001-42,0,,2913,"TRATORMAX COMERCIO DE PECAS LTDA.",2,,7386.66,6600.44,3693.33,3300.22
01.780.703/0001-42,0,,2914,"TRATORMAX COMERCIO DE PECAS LTDA.",2,,2826.66,2566.84,1413.33,1283.42
01.780.703/0001-42,0,,2915,"TRATORMAX COMERCIO DE PECAS LTDA.",6,,1686,1540.08,281,256.68
01.780.703/0001-42,0,,2916,"TRATORMAX COMERCIO DE PECAS LTDA.",4,,694.68,623.36,173.67,155.84
01.780.703/0001-42,0,,2917,"TRATORMAX COMERCIO DE PECAS LTDA.",8,,1744,1540.08,218,192.51
01.780.703/0001-42,0,,2918,"TRATORMAX COMERCIO DE PECAS LTDA.",4,,612,550.04,153,137.51
01.780.703/0001-42,0,,2919,"TRATORMAX COMERCIO DE PECAS LTDA.",4,,5150.68,4400.28,1287.67,1100.07
01.780.703/0001-42,0,,2920,"TRATORMAX COMERCIO DE PECAS LTDA.",8,,242.64,220,30.33,27.5
01.780.703/0001-42,0,,2921,"TRATORMAX COMERCIO DE PECAS LTDA.",8,,8666.64,7260.48,1083.33,907.56
01.780.703/0001-42,0,,2922,"TRATORMAX COMERCIO DE PECAS LTDA.",4,,738.68,660.04,184.67,165.01
01.780.703/0001-42,0,,2923,"TRATORMAX COMERCIO DE PECAS LTDA.",100,,11467,10451,114.67,104.51
01.780.703/0001-42,0,,2924,"TRATORMAX COMERCIO DE PECAS LTDA.",1,,3526.67,3192.62,3526.67,3192.62
01.780.703/0001-42,0,,2925,"TRATORMAX COMERCIO DE PECAS LTDA.",8,,61.36,56.32,7.67,7.04
01.780.703/0001-42,0,,2926,"TRATORMAX COMERCIO DE PECAS LTDA.",2,,360.66,334.22,180.33,167.11
01.780.703/0001-42,0,,2927,"TRATORMAX COMERCIO DE PECAS LTDA.",1,,2940.67,2629.74,2940.67,2629.74
01.780.703/0001-42,0,,2928,"TRATORMAX COMERCIO DE PECAS LTDA.",4,,369.32,344.76,92.33,86.19
01.780.703/0001-42,0,,2929,"TRATORMAX COMERCIO DE PECAS LTDA.",1,,2245,2102.03,2245,2102.03
01.780.703/0001-42,0,,2930,"TRATORMAX COMERCIO DE PECAS LTDA.",1,,1190.33,1125.77,1190.33,1125.77
01.780.703/0001-42,0,,2931,"TRATORMAX COMERCIO DE PECAS LTDA.",2,,739.34,686.02,369.67,343.01
01.780.703/0001-42,0,,2932,"TRATORMAX COMERCIO DE PECAS LTDA.",1,,284.33,255.06,284.33,255.06
01.780.703/0001-42,0,,2933,"TRATORMAX COMERCIO DE PECAS LTDA.",4,,485.32,457.36,121.33,114.34
01.780.703/0001-42,0,,2934,"TRATORMAX COMERCIO DE PECAS LTDA.",10,,46.7,44,4.67,4.4
01.780.703/0001-42,0,,2935,"TRATORMAX COMERCIO DE PECAS LTDA.",4,,465.32,422.16,116.33,105.54
01.780.703/0001-42,0,,2936,"TRATORMAX COMERCIO DE PECAS LTDA.",2,,2924.66,2708.9,1462.33,1354.45
01.780.703/0001-42,0,,2937,"TRATORMAX COMERCIO DE PECAS LTDA.",32,,288,253.44,9,7.92
01.780.703/0001-42,0,,2938,"TRATORMAX COMERCIO DE PECAS LTDA.",352,,2453.44,2168.32,6.97,6.16
01.780.703/0001-42,0,,2939,"TRATORMAX COMERCIO DE PECAS LTDA.",352,,1221.44,1084.16,3.47,3.08
01.780.703/0001-42,0,,2940,"TRATORMAX COMERCIO DE PECAS LTDA.",88,,12642.96,11377.52,143.67,129.29
01.780.703/0001-42,0,,2941,"TRATORMAX COMERCIO DE PECAS LTDA.",2,,2938.66,2673.72,1469.33,1336.86
01.780.703/0001-42,0,,2942,"TRATORMAX COMERCIO DE PECAS LTDA.",12,,6128.04,5593.68,510.67,466.14
01.780.703/0001-42,0,,2943,"TRATORMAX COMERCIO DE PECAS LTDA.",2,,1526,1389.62,763,694.81
01.780.703/0001-42,0,,2944,"TRATORMAX COMERCIO DE PECAS LTDA.",4,,472,439.76,118,109.94
01.780.703/0001-42,0,,2945,"TRATORMAX COMERCIO DE PECAS LTDA.",4,,310.68,281.44,77.67,70.36
01.780.703/0001-42,0,,2946,"TRATORMAX COMERCIO DE PECAS LTDA.",4,,194.68,182.64,48.67,45.66
01.780.703/0001-42,0,,2947,"TRATORMAX COMERCIO DE PECAS LTDA.",1,,3694,3254.19,3694,3254.19
01.780.703/0001-42,0,,2948,"TRATORMAX COMERCIO DE PECAS LTDA.",1,,256,228.67,256,228.67
01.780.703/0001-42,0,,2949,"TRATORMAX COMERCIO DE PECAS LTDA.",2,,372,334.22,186,167.11
01.780.703/0001-42,0,,2950,"TRATORMAX COMERCIO DE PECAS LTDA.",4,,372,351.8,93,87.95
01.780.703/0001-42,0,,2951,"TRATORMAX COMERCIO DE PECAS LTDA.",8,,472,449.04,59,56.13
01.780.703/0001-42,0,,2952,"TRATORMAX COMERCIO DE PECAS LTDA.",300,,34401,30078,114.67,100.26
02.341.788/0001-25,0,,305,"GAMAPE COM. DE PECAS, FERRAMENTAS E SERVIÇOS LTDA",2,,536,427.32,268,213.66
02.341.788/0001-25,0,,306,"GAMAPE COM. DE PECAS, FERRAMENTAS E SERVIÇOS LTDA",1,,2541.67,2363,2541.67,2363
02.341.788/0001-25,0,,307,"GAMAPE COM. DE PECAS, FERRAMENTAS E SERVIÇOS LTDA",4,,89.32,78.4,22.33,19.6
02.341.788/0001-25,0,,308,"GAMAPE COM. DE PECAS, FERRAMENTAS E SERVIÇOS LTDA",1,,482.67,402.82,482.67,402.82
02.341.788/0001-25,0,,309,"GAMAPE COM. DE PECAS, FERRAMENTAS E SERVIÇOS LTDA",2,,60.66,54.88,30.33,27.44
02.341.788/0001-25,0,,310,"GAMAPE COM. DE PECAS, FERRAMENTAS E SERVIÇOS LTDA",6,,30,23.52,5,3.92
02.341.788/0001-25,0,,311,"GAMAPE COM. DE PECAS, FERRAMENTAS E SERVIÇOS LTDA",1,,1466,1284.9,1466,1284.9
02.341.788/0001-25,0,,312,"GAMAPE COM. DE PECAS, FERRAMENTAS E SERVIÇOS LTDA",2,,180.66,158.78,90.33,79.39
02.341.788/0001-25,0,,313,"GAMAPE COM. DE PECAS, FERRAMENTAS E SERVIÇOS LTDA",2,,565.34,433.2,282.67,216.6
02.341.788/0001-25,0,,314,"GAMAPE COM. DE PECAS, FERRAMENTAS E SERVIÇOS LTDA",6,,666,593.94,111,98.99
02.341.788/0001-25,0,,315,"GAMAPE COM. DE PECAS, FERRAMENTAS E SERVIÇOS LTDA",1,,1420.33,1293.72,1420.33,1293.72
02.341.788/0001-25,0,,316,"GAMAPE COM. DE PECAS, FERRAMENTAS E SERVIÇOS LTDA",1,,1420.33,1303.52,1420.33,1303.52
02.341.788/0001-25,0,,317,"GAMAPE COM. DE PECAS, FERRAMENTAS E SERVIÇOS LTDA",1,,626.33,500.83,626.33,500.83
02.341.788/0001-25,0,,318,"GAMAPE COM. DE PECAS, FERRAMENTAS E SERVIÇOS LTDA",1,,2300,2058.19,2300,2058.19
02.341.788/0001-25,0,,319,"GAMAPE COM. DE PECAS, FERRAMENTAS E SERVIÇOS LTDA",8,,688,627.28,86,78.41
02.341.788/0001-25,0,,320,"GAMAPE COM. DE PECAS, FERRAMENTAS E SERVIÇOS LTDA",8,,954.64,870.32,119.33,108.79
02.341.788/0001-25,0,,321,"GAMAPE COM. DE PECAS, FERRAMENTAS E SERVIÇOS LTDA",1,,3009,2795.22,3009,2795.22
02.341.788/0001-25,0,,322,"GAMAPE COM. DE PECAS, FERRAMENTAS E SERVIÇOS LTDA",12,,792,741,66,61.75
02.341.788/0001-25,0,,323,"GAMAPE COM. DE PECAS, FERRAMENTAS E SERVIÇOS LTDA",12,,728.04,658.68,60.67,54.89
02.341.788/0001-25,0,,324,"GAMAPE COM. DE PECAS, FERRAMENTAS E SERVIÇOS LTDA",8,,26.64,23.52,3.33,2.94
02.341.788/0001-25,0,,325,"GAMAPE COM. DE PECAS, FERRAMENTAS E SERVIÇOS LTDA",1,,215.33,197,215.33,197
02.341.788/0001-25,0,,326,"GAMAPE COM. DE PECAS, FERRAMENTAS E SERVIÇOS LTDA",2,,442,395.96,221,197.98
02.341.788/0001-25,0,,327,"GAMAPE COM. DE PECAS, FERRAMENTAS E SERVIÇOS LTDA",4,,81.32,70.56,20.33,17.64
02.341.788/0001-25,0,,328,"GAMAPE COM. DE PECAS, FERRAMENTAS E SERVIÇOS LTDA",4,,601.32,509.64,150.33,127.41
02.341.788/0001-25,0,,329,"GAMAPE COM. DE PECAS, FERRAMENTAS E SERVIÇOS LTDA",4,,241.32,215.64,60.33,53.91
02.341.788/0001-25,0,,330,"GAMAPE COM. DE PECAS, FERRAMENTAS E SERVIÇOS LTDA",1,,183,166.62,183,166.62
02.341.788/0001-25,0,,331,"GAMAPE COM. DE PECAS, FERRAMENTAS E SERVIÇOS LTDA",2,,935.34,864.44,467.67,432.22
02.341.788/0001-25,0,,332,"GAMAPE COM. DE PECAS, FERRAMENTAS E SERVIÇOS LTDA",2,,534.66,505.72,267.33,252.86
02.341.788/0001-25,0,,333,"GAMAPE COM. DE PECAS, FERRAMENTAS E SERVIÇOS LTDA",2,,597.34,558.66,298.67,279.33
02.341.788/0001-25,0,,334,"GAMAPE COM. DE PECAS, FERRAMENTAS E SERVIÇOS LTDA",4,,182.68,156.8,45.67,39.2
02.341.788/0001-25,0,,335,"GAMAPE COM. DE PECAS, FERRAMENTAS E SERVIÇOS LTDA",8,,61.36,54.88,7.67,6.86
02.341.788/0001-25,0,,336,"GAMAPE COM. DE PECAS, FERRAMENTAS E SERVIÇOS LTDA",16,,74.72,62.72,4.67,3.92
02.341.788/0001-25,0,,337,"GAMAPE COM. DE PECAS, FERRAMENTAS E SERVIÇOS LTDA",8,,141.36,117.6,17.67,14.7
02.341.788/0001-25,0,,338,"GAMAPE COM. DE PECAS, FERRAMENTAS E SERVIÇOS LTDA",1,,371,352.83,371,352.83
02.341.788/0001-25,0,,339,"GAMAPE COM. DE PECAS, FERRAMENTAS E SERVIÇOS LTDA",1,,2233,2058.19,2233,2058.19
02.341.788/0001-25,0,,340,"GAMAPE COM. DE PECAS, FERRAMENTAS E SERVIÇOS LTDA",8,,37.36,31.36,4.67,3.92
02.341.788/0001-25,0,,341,"GAMAPE COM. DE PECAS, FERRAMENTAS E SERVIÇOS LTDA",2,,357.34,329.32,178.67,164.66
02.341.788/0001-25,0,,342,"GAMAPE COM. DE PECAS, FERRAMENTAS E SERVIÇOS LTDA",2,,808.66,699.78,404.33,349.89
02.341.788/0001-25,0,,343,"GAMAPE COM. DE PECAS, FERRAMENTAS E SERVIÇOS LTDA",1,,1483,1298.62,1483,1298.62
02.341.788/0001-25,0,,344,"GAMAPE COM. DE PECAS, FERRAMENTAS E SERVIÇOS LTDA",4,,429.32,388.12,107.33,97.03
02.341.788/0001-25,0,,345,"GAMAPE COM. DE PECAS, FERRAMENTAS E SERVIÇOS LTDA",8,,1090.64,972.24,136.33,121.53
02.341.788/0001-25,0,,346,"GAMAPE COM. DE PECAS, FERRAMENTAS E SERVIÇOS LTDA",1,,1289,1091.82,1289,1091.82
02.341.788/0001-25,0,,347,"GAMAPE COM. DE PECAS, FERRAMENTAS E SERVIÇOS LTDA",2,,708.66,609.62,354.33,304.81
02.341.788/0001-25,0,,348,"GAMAPE COM. DE PECAS, FERRAMENTAS E SERVIÇOS LTDA",100,,11467,9899,114.67,98.99
02.341.788/0001-25,0,,481,"GAMAPE COM. DE PECAS, FERRAMENTAS E SERVIÇOS LTDA",2,,277.34,246.22,138.67,123.11
02.341.788/0001-25,0,,482,"GAMAPE COM. DE PECAS, FERRAMENTAS E SERVIÇOS LTDA",2,,1539.34,1376.1,769.67,688.05
02.341.788/0001-25,0,,483,"GAMAPE COM. DE PECAS, FERRAMENTAS E SERVIÇOS LTDA",2,,62,55.6,31,27.8
02.341.788/0001-25,0,,484,"GAMAPE COM. DE PECAS, FERRAMENTAS E SERVIÇOS LTDA",4,,14.68,13.12,3.67,3.28
02.341.788/0001-25,0,,485,"GAMAPE COM. DE PECAS, FERRAMENTAS E SERVIÇOS LTDA",4,,39.88,35.76,9.97,8.94
02.341.788/0001-25,0,,486,"GAMAPE COM. DE PECAS, FERRAMENTAS E SERVIÇOS LTDA",2,,3539.34,3163.24,1769.67,1581.62
02.341.788/0001-25,0,,487,"GAMAPE COM. DE PECAS, FERRAMENTAS E SERVIÇOS LTDA",2,,1665.34,1489.28,832.67,744.64
02.341.788/0001-25,0,,488,"GAMAPE COM. DE PECAS, FERRAMENTAS E SERVIÇOS LTDA",2,,2333.34,2083.02,1166.67,1041.51
02.341.788/0001-25,0,,489,"GAMAPE COM. DE PECAS, FERRAMENTAS E SERVIÇOS LTDA",8,,30.4,27.04,3.8,3.38
02.341.788/0001-25,0,,490,"GAMAPE COM. DE PECAS, FERRAMENTAS E SERVIÇOS LTDA",4,,200,178.72,50,44.68
02.341.788/0001-25,0,,491,"GAMAPE COM. DE PECAS, FERRAMENTAS E SERVIÇOS LTDA",16,,34.72,31.04,2.17,1.94
02.341.788/0001-25,0,,492,"GAMAPE COM. DE PECAS, FERRAMENTAS E SERVIÇOS LTDA",8,,40,35.76,5,4.47
02.341.788/0001-25,0,,493,"GAMAPE COM. DE PECAS, FERRAMENTAS E SERVIÇOS LTDA",2,,302.66,268.08,151.33,134.04
02.341.788/0001-25,0,,494,"GAMAPE COM. DE PECAS, FERRAMENTAS E SERVIÇOS LTDA",2,,362,321.68,181,160.84
02.341.788/0001-25,0,,495,"GAMAPE COM. DE PECAS, FERRAMENTAS E SERVIÇOS LTDA",2,,427.34,379.28,213.67,189.64
02.341.788/0001-25,0,,496,"GAMAPE COM. DE PECAS, FERRAMENTAS E SERVIÇOS LTDA",6,,424.02,375.3,70.67,62.55
02.341.788/0001-25,0,,497,"GAMAPE COM. DE PECAS, FERRAMENTAS E SERVIÇOS LTDA",2,,144,127.08,72,63.54
02.341.788/0001-25,0,,498,"GAMAPE COM. DE PECAS, FERRAMENTAS E SERVIÇOS LTDA",4,,398.68,357.44,99.67,89.36
02.341.788/0001-25,0,,499,"GAMAPE COM. DE PECAS, FERRAMENTAS E SERVIÇOS LTDA",2,,5780,5164.84,2890,2582.42
02.341.788/0001-25,0,,500,"GAMAPE COM. DE PECAS, FERRAMENTAS E SERVIÇOS LTDA",8,,48,42.88,6,5.36
02.341.788/0001-25,0,,501,"GAMAPE COM. DE PECAS, FERRAMENTAS E SERVIÇOS LTDA",8,,264,230.32,33,28.79
02.341.788/0001-25,0,,502,"GAMAPE COM. DE PECAS, FERRAMENTAS E SERVIÇOS LTDA",10,,80,69.5,8,6.95
02.341.788/0001-25,0,,503,"GAMAPE COM. DE PECAS, FERRAMENTAS E SERVIÇOS LTDA",2,,56,49.64,28,24.82
02.341.788/0001-25,0,,504,"GAMAPE COM. DE PECAS, FERRAMENTAS E SERVIÇOS LTDA",2,,125.34,109.22,62.67,54.61
02.341.788/0001-25,0,,505,"GAMAPE COM. DE PECAS, FERRAMENTAS E SERVIÇOS LTDA",2,,193.34,172.76,96.67,86.38
02.341.788/0001-25,0,,506,"GAMAPE COM. DE PECAS, FERRAMENTAS E SERVIÇOS LTDA",4,,62.68,55.6,15.67,13.9
02.341.788/0001-25,0,,507,"GAMAPE COM. DE PECAS, FERRAMENTAS E SERVIÇOS LTDA",4,,121.32,107.24,30.33,26.81
02.341.788/0001-25,0,,508,"GAMAPE COM. DE PECAS, FERRAMENTAS E SERVIÇOS LTDA",2,,135.34,119.14,67.67,59.57
02.341.788/0001-25,0,,509,"GAMAPE COM. DE PECAS, FERRAMENTAS E SERVIÇOS LTDA",2,,135.34,119.14,67.67,59.57
02.341.788/0001-25,0,,510,"GAMAPE COM. DE PECAS, FERRAMENTAS E SERVIÇOS LTDA",2,,135.34,119.14,67.67,59.57
02.341.788/0001-25,0,,511,"GAMAPE COM. DE PECAS, FERRAMENTAS E SERVIÇOS LTDA",2,,135.34,119.14,67.67,59.57
02.341.788/0001-25,0,,512,"GAMAPE COM. DE PECAS, FERRAMENTAS E SERVIÇOS LTDA",2,,135.34,119.14,67.67,59.57
02.341.788/0001-25,0,,513,"GAMAPE COM. DE PECAS, FERRAMENTAS E SERVIÇOS LTDA",2,,135.34,119.14,67.67,59.57
02.341.788/0001-25,0,,514,"GAMAPE COM. DE PECAS, FERRAMENTAS E SERVIÇOS LTDA",2,,388,345.52,194,172.76
02.341.788/0001-25,0,,515,"GAMAPE COM. DE PECAS, FERRAMENTAS E SERVIÇOS LTDA",2,,5160,4610.82,2580,2305.41
02.341.788/0001-25,0,,516,"GAMAPE COM. DE PECAS, FERRAMENTAS E SERVIÇOS LTDA",16,,135.52,120.8,8.47,7.55
02.341.788/0001-25,0,,517,"GAMAPE COM. DE PECAS, FERRAMENTAS E SERVIÇOS LTDA",4,,150.68,132.24,37.67,33.06
02.341.788/0001-25,0,,518,"GAMAPE COM. DE PECAS, FERRAMENTAS E SERVIÇOS LTDA",2,,438.66,391.18,219.33,195.59
02.341.788/0001-25,0,,519,"GAMAPE COM. DE PECAS, FERRAMENTAS E SERVIÇOS LTDA",2,,690.66,615.58,345.33,307.79
02.341.788/0001-25,0,,520,"GAMAPE COM. DE PECAS, FERRAMENTAS E SERVIÇOS LTDA",2,,448.66,399.12,224.33,199.56
02.341.788/0001-25,0,,521,"GAMAPE COM. DE PECAS, FERRAMENTAS E SERVIÇOS LTDA",4,,1448,1290.72,362,322.68
02.341.788/0001-25,0,,522,"GAMAPE COM. DE PECAS, FERRAMENTAS E SERVIÇOS LTDA",4,,1448,1290.72,362,322.68
02.341.788/0001-25,0,,523,"GAMAPE COM. DE PECAS, FERRAMENTAS E SERVIÇOS LTDA",12,,60.36,53.64,5.03,4.47
02.341.788/0001-25,0,,524,"GAMAPE COM. DE PECAS, FERRAMENTAS E SERVIÇOS LTDA",12,,62.04,53.64,5.17,4.47
02.341.788/0001-25,0,,525,"GAMAPE COM. DE PECAS, FERRAMENTAS E SERVIÇOS LTDA",12,,24,21.48,2,1.79
02.341.788/0001-25,0,,526,"GAMAPE COM. DE PECAS, FERRAMENTAS E SERVIÇOS LTDA",6,,121.98,107.22,20.33,17.87
02.341.788/0001-25,0,,527,"GAMAPE COM. DE PECAS, FERRAMENTAS E SERVIÇOS LTDA",12,,63.96,53.64,5.33,4.47
02.341.788/0001-25,0,,528,"GAMAPE COM. DE PECAS, FERRAMENTAS E SERVIÇOS LTDA",6,,876,780.36,146,130.06
02.341.788/0001-25,0,,529,"GAMAPE COM. DE PECAS, FERRAMENTAS E SERVIÇOS LTDA",2,,141.34,125.1,70.67,62.55
02.341.788/0001-25,0,,530,"GAMAPE COM. DE PECAS, FERRAMENTAS E SERVIÇOS LTDA",2,,826.66,736.7,413.33,368.35
02.341.788/0001-25,0,,531,"GAMAPE COM. DE PECAS, FERRAMENTAS E SERVIÇOS LTDA",2,,1428,1270.86,714,635.43
02.341.788/0001-25,0,,532,"GAMAPE COM. DE PECAS, FERRAMENTAS E SERVIÇOS LTDA",3,,930.99,831.03,310.33,277.01
02.341.788/0001-25,0,,533,"GAMAPE COM. DE PECAS, FERRAMENTAS E SERVIÇOS LTDA",4,,681.32,607.64,170.33,151.91
02.341.788/0001-25,0,,534,"GAMAPE COM. DE PECAS, FERRAMENTAS E SERVIÇOS LTDA",2,,2406,2148.54,1203,1074.27
02.341.788/0001-25,0,,535,"GAMAPE COM. DE PECAS, FERRAMENTAS E SERVIÇOS LTDA",4,,390.68,345.52,97.67,86.38
02.341.788/0001-25,0,,536,"GAMAPE COM. DE PECAS, FERRAMENTAS E SERVIÇOS LTDA",1,,5796.67,5178.74,5796.67,5178.74
02.341.788/0001-25,0,,537,"GAMAPE COM. DE PECAS, FERRAMENTAS E SERVIÇOS LTDA",2,,4240,3788.74,2120,1894.37
02.341.788/0001-25,0,,538,"GAMAPE COM. DE PECAS, FERRAMENTAS E SERVIÇOS LTDA",2,,1282.66,1143.78,641.33,571.89
02.341.788/0001-25,0,,539,"GAMAPE COM. DE PECAS, FERRAMENTAS E SERVIÇOS LTDA",4,,445.32,393.16,111.33,98.29
02.341.788/0001-25,0,,540,"GAMAPE COM. DE PECAS, FERRAMENTAS E SERVIÇOS LTDA",2,,1583.34,1411.84,791.67,705.92
02.341.788/0001-25,0,,541,"GAMAPE COM. DE PECAS, FERRAMENTAS E SERVIÇOS LTDA",2,,1480.66,1322.48,740.33,661.24
02.341.788/0001-25,0,,542,"GAMAPE COM. DE PECAS, FERRAMENTAS E SERVIÇOS LTDA",2,,1514,1352.28,757,676.14
02.341.788/0001-25,0,,543,"GAMAPE COM. DE PECAS, FERRAMENTAS E SERVIÇOS LTDA",2,,1054,941.22,527,470.61
02.341.788/0001-25,0,,544,"GAMAPE COM. DE PECAS, FERRAMENTAS E SERVIÇOS LTDA",4,,505.32,448.76,126.33,112.19
02.341.788/0001-25,0,,545,"GAMAPE COM. DE PECAS, FERRAMENTAS E SERVIÇOS LTDA",2,,592,528.2,296,264.1
02.341.788/0001-25,0,,546,"GAMAPE COM. DE PECAS, FERRAMENTAS E SERVIÇOS LTDA",4,,504,448.76,126,112.19
02.341.788/0001-25,0,,547,"GAMAPE COM. DE PECAS, FERRAMENTAS E SERVIÇOS LTDA",2,,1918.66,1713.68,959.33,856.84
02.341.788/0001-25,0,,548,"GAMAPE COM. DE PECAS, FERRAMENTAS E SERVIÇOS LTDA",2,,2053.34,1832.82,1026.67,916.41
02.341.788/0001-25,0,,549,"GAMAPE COM. DE PECAS, FERRAMENTAS E SERVIÇOS LTDA",2,,1719.34,1534.96,859.67,767.48
02.341.788/0001-25,0,,550,"GAMAPE COM. DE PECAS, FERRAMENTAS E SERVIÇOS LTDA",1,,2629.33,2349.1,2629.33,2349.1
02.341.788/0001-25,0,,551,"GAMAPE COM. DE PECAS, FERRAMENTAS E SERVIÇOS LTDA",4,,744,663.24,186,165.81
02.341.788/0001-25,0,,552,"GAMAPE COM. DE PECAS, FERRAMENTAS E SERVIÇOS LTDA",1,,1066.67,952.15,1066.67,952.15
02.341.788/0001-25,0,,553,"GAMAPE COM. DE PECAS, FERRAMENTAS E SERVIÇOS LTDA",1,,875.67,781.38,875.67,781.38
02.341.788/0001-25,0,,554,"GAMAPE COM. DE PECAS, FERRAMENTAS E SERVIÇOS LTDA",1,,715.67,638.41,715.67,638.41
02.341.788/0001-25,0,,555,"GAMAPE COM. DE PECAS, FERRAMENTAS E SERVIÇOS LTDA",4,,1886.68,1679.92,471.67,419.98
02.341.788/0001-25,0,,556,"GAMAPE COM. DE PECAS, FERRAMENTAS E SERVIÇOS LTDA",12,,2084.04,1846.68,173.67,153.89
02.341.788/0001-25,0,,557,"GAMAPE COM. DE PECAS, FERRAMENTAS E SERVIÇOS LTDA",12,,1083.96,965.04,90.33,80.42
02.341.788/0001-25,0,,558,"GAMAPE COM. DE PECAS, FERRAMENTAS E SERVIÇOS LTDA",2,,1710,1527.02,855,763.51
02.341.788/0001-25,0,,559,"GAMAPE COM. DE PECAS, FERRAMENTAS E SERVIÇOS LTDA",2,,6426.66,5742.68,3213.33,2871.34
02.341.788/0001-25,0,,560,"GAMAPE COM. DE PECAS, FERRAMENTAS E SERVIÇOS LTDA",2,,3016.66,2694.62,1508.33,1347.31
02.341.788/0001-25,0,,561,"GAMAPE COM. DE PECAS, FERRAMENTAS E SERVIÇOS LTDA",8,,114.64,95.28,14.33,11.91
02.341.788/0001-25,0,,562,"GAMAPE COM. DE PECAS, FERRAMENTAS E SERVIÇOS LTDA",8,,1250.64,1112,156.33,139
02.341.788/0001-25,0,,563,"GAMAPE COM. DE PECAS, FERRAMENTAS E SERVIÇOS LTDA",2,,805.34,716.84,402.67,358.42
02.341.788/0001-25,0,,564,"GAMAPE COM. DE PECAS, FERRAMENTAS E SERVIÇOS LTDA",8,,2669.36,2374.88,333.67,296.86
02.341.788/0001-25,0,,565,"GAMAPE COM. DE PECAS, FERRAMENTAS E SERVIÇOS LTDA",18,,32.94,26.82,1.83,1.49
02.341.788/0001-25,0,,566,"GAMAPE COM. DE PECAS, FERRAMENTAS E SERVIÇOS LTDA",2,,834,744.64,417,372.32
02.341.788/0001-25,0,,567,"GAMAPE COM. DE PECAS, FERRAMENTAS E SERVIÇOS LTDA",2,,627.34,557.98,313.67,278.99
02.341.788/0001-25,0,,568,"GAMAPE COM. DE PECAS, FERRAMENTAS E SERVIÇOS LTDA",1,,807.67,720.81,807.67,720.81
02.341.788/0001-25,0,,569,"GAMAPE COM. DE PECAS, FERRAMENTAS E SERVIÇOS LTDA",1,,856,765.49,856,765.49
02.341.788/0001-25,0,,570,"GAMAPE COM. DE PECAS, FERRAMENTAS E SERVIÇOS LTDA",1,,3546.67,3168.21,3546.67,3168.21
02.341.788/0001-25,0,,571,"GAMAPE COM. DE PECAS, FERRAMENTAS E SERVIÇOS LTDA",4,,201.32,178.72,50.33,44.68
02.341.788/0001-25,0,,572,"GAMAPE COM. DE PECAS, FERRAMENTAS E SERVIÇOS LTDA",50,,2016.5,1787,40.33,35.74
02.341.788/0001-25,0,,573,"GAMAPE COM. DE PECAS, FERRAMENTAS E SERVIÇOS LTDA",36,,828,714.96,23,19.86
02.341.788/0001-25,0,,574,"GAMAPE COM. DE PECAS, FERRAMENTAS E SERVIÇOS LTDA",6,,690,613.56,115,102.26
02.341.788/0001-25,0,,575,"GAMAPE COM. DE PECAS, FERRAMENTAS E SERVIÇOS LTDA",2,,2180,1947.98,1090,973.99
02.341.788/0001-25,0,,576,"GAMAPE COM. DE PECAS, FERRAMENTAS E SERVIÇOS LTDA",4,,605.32,540.12,151.33,135.03
02.341.788/0001-25,0,,577,"GAMAPE COM. DE PECAS, FERRAMENTAS E SERVIÇOS LTDA",16,,31.52,27.04,1.97,1.69
02.341.788/0001-25,0,,578,"GAMAPE COM. DE PECAS, FERRAMENTAS E SERVIÇOS LTDA",2,,2526.66,2255.78,1263.33,1127.89
02.341.788/0001-25,0,,579,"GAMAPE COM. DE PECAS, FERRAMENTAS E SERVIÇOS LTDA",4,,2477.32,2212.08,619.33,553.02
02.341.788/0001-25,0,,580,"GAMAPE COM. DE PECAS, FERRAMENTAS E SERVIÇOS LTDA",4,,1117.32,996.84,279.33,249.21
02.341.788/0001-25,0,,581,"GAMAPE COM. DE PECAS, FERRAMENTAS E SERVIÇOS LTDA",2,,3026.66,2704.54,1513.33,1352.27
02.341.788/0001-25,0,,582,"GAMAPE COM. DE PECAS, FERRAMENTAS E SERVIÇOS LTDA",4,,181.32,158.84,45.33,39.71
02.341.788/0001-25,0,,583,"GAMAPE COM. DE PECAS, FERRAMENTAS E SERVIÇOS LTDA",4,,544,484.52,136,121.13
02.341.788/0001-25,0,,584,"GAMAPE COM. DE PECAS, FERRAMENTAS E SERVIÇOS LTDA",4,,464,417,116,104.25
02.341.788/0001-25,0,,585,"GAMAPE COM. DE PECAS, FERRAMENTAS E SERVIÇOS LTDA",2,,534.66,476.58,267.33,238.29
02.341.788/0001-25,0,,586,"GAMAPE COM. DE PECAS, FERRAMENTAS E SERVIÇOS LTDA",16,,389.28,349.44,24.33,21.84
02.341.788/0001-25,0,,587,"GAMAPE COM. DE PECAS, FERRAMENTAS E SERVIÇOS LTDA",4,,865.32,770.44,216.33,192.61
02.341.788/0001-25,0,,588,"GAMAPE COM. DE PECAS, FERRAMENTAS E SERVIÇOS LTDA",8,,162.64,142.96,20.33,17.87
02.341.788/0001-25,0,,589,"GAMAPE COM. DE PECAS, FERRAMENTAS E SERVIÇOS LTDA",2,,414,369.34,207,184.67
02.341.788/0001-25,0,,590,"GAMAPE COM. DE PECAS, FERRAMENTAS E SERVIÇOS LTDA",2,,742.66,661.24,371.33,330.62
02.341.788/0001-25,0,,591,"GAMAPE COM. DE PECAS, FERRAMENTAS E SERVIÇOS LTDA",2,,1090,974.98,545,487.49
02.341.788/0001-25,0,,592,"GAMAPE COM. DE PECAS, FERRAMENTAS E SERVIÇOS LTDA",2,,719.34,643.38,359.67,321.69
02.341.788/0001-25,0,,593,"GAMAPE COM. DE PECAS, FERRAMENTAS E SERVIÇOS LTDA",4,,701.32,623.52,175.33,155.88
02.341.788/0001-25,0,,594,"GAMAPE COM. DE PECAS, FERRAMENTAS E SERVIÇOS LTDA",4,,397.32,361.4,99.33,90.35
02.341.788/0001-25,0,,595,"GAMAPE COM. DE PECAS, FERRAMENTAS E SERVIÇOS LTDA",2,,925.34,824.08,462.67,412.04
02.341.788/0001-25,0,,596,"GAMAPE COM. DE PECAS, FERRAMENTAS E SERVIÇOS LTDA",2,,1405.34,1252.98,702.67,626.49
02.341.788/0001-25,0,,597,"GAMAPE COM. DE PECAS, FERRAMENTAS E SERVIÇOS LTDA",6,,510,452.76,85,75.46
02.341.788/0001-25,0,,598,"GAMAPE COM. DE PECAS, FERRAMENTAS E SERVIÇOS LTDA",4,,634.68,563.96,158.67,140.99
02.341.788/0001-25,0,,599,"GAMAPE COM. DE PECAS, FERRAMENTAS E SERVIÇOS LTDA",4,,345.32,305.8,86.33,76.45
02.341.788/0001-25,0,,600,"GAMAPE COM. DE PECAS, FERRAMENTAS E SERVIÇOS LTDA",2,,3566.66,3185.08,1783.33,1592.54
02.341.788/0001-25,0,,601,"GAMAPE COM. DE PECAS, FERRAMENTAS E SERVIÇOS LTDA",2,,1345.34,1199.38,672.67,599.69
02.341.788/0001-25,0,,602,"GAMAPE COM. DE PECAS, FERRAMENTAS E SERVIÇOS LTDA",2,,352,313.74,176,156.87
02.341.788/0001-25,0,,603,"GAMAPE COM. DE PECAS, FERRAMENTAS E SERVIÇOS LTDA",1,,1212.33,1082.21,1212.33,1082.21
02.341.788/0001-25,0,,604,"GAMAPE COM. DE PECAS, FERRAMENTAS E SERVIÇOS LTDA",1,,1126.67,1005.76,1126.67,1005.76
02.341.788/0001-25,0,,605,"GAMAPE COM. DE PECAS, FERRAMENTAS E SERVIÇOS LTDA",2,,1393.34,1243.06,696.67,621.53
02.341.788/0001-25,0,,606,"GAMAPE COM. DE PECAS, FERRAMENTAS E SERVIÇOS LTDA",2,,322.66,285.94,161.33,142.97
02.341.788/0001-25,0,,607,"GAMAPE COM. DE PECAS, FERRAMENTAS E SERVIÇOS LTDA",2,,252,224.38,126,112.19
02.341.788/0001-25,0,,608,"GAMAPE COM. DE PECAS, FERRAMENTAS E SERVIÇOS LTDA",2,,4500,4021.08,2250,2010.54
02.341.788/0001-25,0,,609,"GAMAPE COM. DE PECAS, FERRAMENTAS E SERVIÇOS LTDA",4,,1140,1016.68,285,254.17
02.341.788/0001-25,0,,610,"GAMAPE COM. DE PECAS, FERRAMENTAS E SERVIÇOS LTDA",500,,57335,50635,114.67,101.27
02.341.788/0001-25,0,,1893,"GAMAPE COM. DE PECAS, FERRAMENTAS E SERVIÇOS LTDA",2,,192,170.16,96,85.08
02.341.788/0001-25,0,,1894,"GAMAPE COM. DE PECAS, FERRAMENTAS E SERVIÇOS LTDA",2,,1593.34,1416.62,796.67,708.31
02.341.788/0001-25,0,,1895,"GAMAPE COM. DE PECAS, FERRAMENTAS E SERVIÇOS LTDA",8,,237.36,213.68,29.67,26.71
02.341.788/0001-25,0,,1896,"GAMAPE COM. DE PECAS, FERRAMENTAS E SERVIÇOS LTDA",4,,196,174.12,49,43.53
02.341.788/0001-25,0,,1897,"GAMAPE COM. DE PECAS, FERRAMENTAS E SERVIÇOS LTDA",8,,325.36,284.88,40.67,35.61
02.341.788/0001-25,0,,1898,"GAMAPE COM. DE PECAS, FERRAMENTAS E SERVIÇOS LTDA",2,,1332.66,1185.12,666.33,592.56
02.341.788/0001-25,0,,1899,"GAMAPE COM. DE PECAS, FERRAMENTAS E SERVIÇOS LTDA",8,,197.36,178.08,24.67,22.26
02.341.788/0001-25,0,,1900,"GAMAPE COM. DE PECAS, FERRAMENTAS E SERVIÇOS LTDA",8,,192,174.08,24,21.76
02.341.788/0001-25,0,,1901,"GAMAPE COM. DE PECAS, FERRAMENTAS E SERVIÇOS LTDA",2,,549.34,486.72,274.67,243.36
02.341.788/0001-25,0,,1902,"GAMAPE COM. DE PECAS, FERRAMENTAS E SERVIÇOS LTDA",2,,499.34,443.18,249.67,221.59
02.341.788/0001-25,0,,1903,"GAMAPE COM. DE PECAS, FERRAMENTAS E SERVIÇOS LTDA",4,,321.32,284.92,80.33,71.23
02.341.788/0001-25,0,,1904,"GAMAPE COM. DE PECAS, FERRAMENTAS E SERVIÇOS LTDA",4,,302.68,265.12,75.67,66.28
02.341.788/0001-25,0,,1905,"GAMAPE COM. DE PECAS, FERRAMENTAS E SERVIÇOS LTDA",8,,248,221.6,31,27.7
02.341.788/0001-25,0,,1906,"GAMAPE COM. DE PECAS, FERRAMENTAS E SERVIÇOS LTDA",2,,420.66,373.94,210.33,186.97
02.341.788/0001-25,0,,1907,"GAMAPE COM. DE PECAS, FERRAMENTAS E SERVIÇOS LTDA",4,,41.32,35.6,10.33,8.9
02.341.788/0001-25,0,,1908,"GAMAPE COM. DE PECAS, FERRAMENTAS E SERVIÇOS LTDA",8,,77.36,63.28,9.67,7.91
02.341.788/0001-25,0,,1909,"GAMAPE COM. DE PECAS, FERRAMENTAS E SERVIÇOS LTDA",16,,202.72,158.24,12.67,9.89
02.341.788/0001-25,0,,1910,"GAMAPE COM. DE PECAS, FERRAMENTAS E SERVIÇOS LTDA",4,,36,31.64,9,7.91
02.341.788/0001-25,0,,1911,"GAMAPE COM. DE PECAS, FERRAMENTAS E SERVIÇOS LTDA",4,,30.68,23.76,7.67,5.94
02.341.788/0001-25,0,,1912,"GAMAPE COM. DE PECAS, FERRAMENTAS E SERVIÇOS LTDA",2,,332,294.8,166,147.4
02.341.788/0001-25,0,,1913,"GAMAPE COM. DE PECAS, FERRAMENTAS E SERVIÇOS LTDA",4,,17.32,15.84,4.33,3.96
02.341.788/0001-25,0,,1914,"GAMAPE COM. DE PECAS, FERRAMENTAS E SERVIÇOS LTDA",2,,424.66,375.92,212.33,187.96
02.341.788/0001-25,0,,1915,"GAMAPE COM. DE PECAS, FERRAMENTAS E SERVIÇOS LTDA",2,,110,98.92,55,49.46
02.341.788/0001-25,0,,1916,"GAMAPE COM. DE PECAS, FERRAMENTAS E SERVIÇOS LTDA",2,,112,98.92,56,49.46
02.341.788/0001-25,0,,1917,"GAMAPE COM. DE PECAS, FERRAMENTAS E SERVIÇOS LTDA",2,,16.66,13.84,8.33,6.92
02.341.788/0001-25,0,,1918,"GAMAPE COM. DE PECAS, FERRAMENTAS E SERVIÇOS LTDA",4,,14.68,13.84,3.67,3.46
02.341.788/0001-25,0,,1919,"GAMAPE COM. DE PECAS, FERRAMENTAS E SERVIÇOS LTDA",2,,451.34,399.66,225.67,199.83
02.341.788/0001-25,0,,1920,"GAMAPE COM. DE PECAS, FERRAMENTAS E SERVIÇOS LTDA",2,,26.66,21.76,13.33,10.88
02.341.788/0001-25,0,,1921,"GAMAPE COM. DE PECAS, FERRAMENTAS E SERVIÇOS LTDA",2,,154.66,138.5,77.33,69.25
02.341.788/0001-25,0,,1922,"GAMAPE COM. DE PECAS, FERRAMENTAS E SERVIÇOS LTDA",2,,189.34,168.18,94.67,84.09
02.341.788/0001-25,0,,1923,"GAMAPE COM. DE PECAS, FERRAMENTAS E SERVIÇOS LTDA",2,,447.34,397.68,223.67,198.84
02.341.788/0001-25,0,,1924,"GAMAPE COM. DE PECAS, FERRAMENTAS E SERVIÇOS LTDA",16,,74.72,66.4,4.67,4.15
02.341.788/0001-25,0,,1925,"GAMAPE COM. DE PECAS, FERRAMENTAS E SERVIÇOS LTDA",2,,312,277,156,138.5
02.341.788/0001-25,0,,1926,"GAMAPE COM. DE PECAS, FERRAMENTAS E SERVIÇOS LTDA",2,,255.34,225.56,127.67,112.78
02.341.788/0001-25,0,,1927,"GAMAPE COM. DE PECAS, FERRAMENTAS E SERVIÇOS LTDA",2,,352.66,312.6,176.33,156.3
02.341.788/0001-25,0,,1928,"GAMAPE COM. DE PECAS, FERRAMENTAS E SERVIÇOS LTDA",2,,157.34,138.5,78.67,69.25
02.341.788/0001-25,0,,1929,"GAMAPE COM. DE PECAS, FERRAMENTAS E SERVIÇOS LTDA",2,,157.34,138.5,78.67,69.25
02.341.788/0001-25,0,,1930,"GAMAPE COM. DE PECAS, FERRAMENTAS E SERVIÇOS LTDA",2,,157.34,138.5,78.67,69.25
02.341.788/0001-25,0,,1931,"GAMAPE COM. DE PECAS, FERRAMENTAS E SERVIÇOS LTDA",2,,157.34,138.5,78.67,69.25
02.341.788/0001-25,0,,1932,"GAMAPE COM. DE PECAS, FERRAMENTAS E SERVIÇOS LTDA",2,,444,397.68,222,198.84
02.341.788/0001-25,0,,1933,"GAMAPE COM. DE PECAS, FERRAMENTAS E SERVIÇOS LTDA",4,,24,19.8,6,4.95
02.341.788/0001-25,0,,1934,"GAMAPE COM. DE PECAS, FERRAMENTAS E SERVIÇOS LTDA",1,,5690,5065.98,5690,5065.98
02.341.788/0001-25,0,,1935,"GAMAPE COM. DE PECAS, FERRAMENTAS E SERVIÇOS LTDA",1,,715.67,636.09,715.67,636.09
02.341.788/0001-25,0,,1936,"GAMAPE COM. DE PECAS, FERRAMENTAS E SERVIÇOS LTDA",2,,192,170.16,96,85.08
02.341.788/0001-25,0,,1937,"GAMAPE COM. DE PECAS, FERRAMENTAS E SERVIÇOS LTDA",1,,1772.67,1576.87,1772.67,1576.87
02.341.788/0001-25,0,,1938,"GAMAPE COM. DE PECAS, FERRAMENTAS E SERVIÇOS LTDA",4,,36,31.64,9,7.91
02.341.788/0001-25,0,,1939,"GAMAPE COM. DE PECAS, FERRAMENTAS E SERVIÇOS LTDA",1,,376.33,334.37,376.33,334.37
02.341.788/0001-25,0,,1940,"GAMAPE COM. DE PECAS, FERRAMENTAS E SERVIÇOS LTDA",1,,866.33,770.63,866.33,770.63
02.341.788/0001-25,0,,1941,"GAMAPE COM. DE PECAS, FERRAMENTAS E SERVIÇOS LTDA",8,,82.64,71.2,10.33,8.9
02.341.788/0001-25,0,,1942,"GAMAPE COM. DE PECAS, FERRAMENTAS E SERVIÇOS LTDA",8,,42.64,35.6,5.33,4.45
02.341.788/0001-25,0,,1943,"GAMAPE COM. DE PECAS, FERRAMENTAS E SERVIÇOS LTDA",2,,167.34,146.4,83.67,73.2
02.341.788/0001-25,0,,1944,"GAMAPE COM. DE PECAS, FERRAMENTAS E SERVIÇOS LTDA",2,,1238.66,1102.04,619.33,551.02
02.341.788/0001-25,0,,1945,"GAMAPE COM. DE PECAS, FERRAMENTAS E SERVIÇOS LTDA",2,,1029.34,914.08,514.67,457.04
02.341.788/0001-25,0,,1946,"GAMAPE COM. DE PECAS, FERRAMENTAS E SERVIÇOS LTDA",8,,37.36,31.68,4.67,3.96
02.341.788/0001-25,0,,1947,"GAMAPE COM. DE PECAS, FERRAMENTAS E SERVIÇOS LTDA",2,,61.34,53.42,30.67,26.71
02.341.788/0001-25,0,,1948,"GAMAPE COM. DE PECAS, FERRAMENTAS E SERVIÇOS LTDA",2,,61.34,53.42,30.67,26.71
02.341.788/0001-25,0,,1949,"GAMAPE COM. DE PECAS, FERRAMENTAS E SERVIÇOS LTDA",1,,851.33,756.78,851.33,756.78
02.341.788/0001-25,0,,1950,"GAMAPE COM. DE PECAS, FERRAMENTAS E SERVIÇOS LTDA",1,,1098,977.39,1098,977.39
02.341.788/0001-25,0,,1951,"GAMAPE COM. DE PECAS, FERRAMENTAS E SERVIÇOS LTDA",1,,3846.67,3424.81,3846.67,3424.81
02.341.788/0001-25,0,,1952,"GAMAPE COM. DE PECAS, FERRAMENTAS E SERVIÇOS LTDA",4,,297.32,261.16,74.33,65.29
02.341.788/0001-25,0,,1953,"GAMAPE COM. DE PECAS, FERRAMENTAS E SERVIÇOS LTDA",4,,305.32,265.12,76.33,66.28
02.341.788/0001-25,0,,1954,"GAMAPE COM. DE PECAS, FERRAMENTAS E SERVIÇOS LTDA",2,,602,534.2,301,267.1
02.341.788/0001-25,0,,1955,"GAMAPE COM. DE PECAS, FERRAMENTAS E SERVIÇOS LTDA",2,,552.66,490.68,276.33,245.34
02.341.788/0001-25,0,,1956,"GAMAPE COM. DE PECAS, FERRAMENTAS E SERVIÇOS LTDA",4,,38.68,31.64,9.67,7.91
02.341.788/0001-25,0,,1957,"GAMAPE COM. DE PECAS, FERRAMENTAS E SERVIÇOS LTDA",4,,1077.32,957.6,269.33,239.4
02.341.788/0001-25,0,,1958,"GAMAPE COM. DE PECAS, FERRAMENTAS E SERVIÇOS LTDA",2,,192.66,170.16,96.33,85.08
02.341.788/0001-25,0,,1959,"GAMAPE COM. DE PECAS, FERRAMENTAS E SERVIÇOS LTDA",4,,138.68,118.72,34.67,29.68
02.341.788/0001-25,0,,1960,"GAMAPE COM. DE PECAS, FERRAMENTAS E SERVIÇOS LTDA",2,,375.34,332.4,187.67,166.2
02.341.788/0001-25,0,,1961,"GAMAPE COM. DE PECAS, FERRAMENTAS E SERVIÇOS LTDA",2,,497.34,441.2,248.67,220.6
02.341.788/0001-25,0,,1962,"GAMAPE COM. DE PECAS, FERRAMENTAS E SERVIÇOS LTDA",6,,421.98,373.92,70.33,62.32
02.341.788/0001-25,0,,1963,"GAMAPE COM. DE PECAS, FERRAMENTAS E SERVIÇOS LTDA",2,,925.34,821.08,462.67,410.54
02.341.788/0001-25,0,,1964,"GAMAPE COM. DE PECAS, FERRAMENTAS E SERVIÇOS LTDA",4,,445.32,395.72,111.33,98.93
02.341.788/0001-25,0,,1965,"GAMAPE COM. DE PECAS, FERRAMENTAS E SERVIÇOS LTDA",1,,856,761.73,856,761.73
02.341.788/0001-25,0,,1966,"GAMAPE COM. DE PECAS, FERRAMENTAS E SERVIÇOS LTDA",1,,1185,1055.54,1185,1055.54
02.341.788/0001-25,0,,1967,"GAMAPE COM. DE PECAS, FERRAMENTAS E SERVIÇOS LTDA",18,,743.94,640.98,41.33,35.61
02.341.788/0001-25,0,,1968,"GAMAPE COM. DE PECAS, FERRAMENTAS E SERVIÇOS LTDA",18,,516.06,462.96,28.67,25.72
02.341.788/0001-25,0,,1969,"GAMAPE COM. DE PECAS, FERRAMENTAS E SERVIÇOS LTDA",4,,270.68,237.44,67.67,59.36
02.341.788/0001-25,0,,1970,"GAMAPE COM. DE PECAS, FERRAMENTAS E SERVIÇOS LTDA",2,,734.66,652.9,367.33,326.45
02.341.788/0001-25,0,,1971,"GAMAPE COM. DE PECAS, FERRAMENTAS E SERVIÇOS LTDA",2,,239.34,213.68,119.67,106.84
02.341.788/0001-25,0,,1972,"GAMAPE COM. DE PECAS, FERRAMENTAS E SERVIÇOS LTDA",2,,155.34,138.5,77.67,69.25
02.341.788/0001-25,0,,1973,"GAMAPE COM. DE PECAS, FERRAMENTAS E SERVIÇOS LTDA",2,,2486.66,2211.98,1243.33,1105.99
02.341.788/0001-25,0,,1974,"GAMAPE COM. DE PECAS, FERRAMENTAS E SERVIÇOS LTDA",2,,540,480.78,270,240.39
02.341.788/0001-25,0,,1975,"GAMAPE COM. DE PECAS, FERRAMENTAS E SERVIÇOS LTDA",8,,362.64,316.56,45.33,39.57
02.341.788/0001-25,0,,1976,"GAMAPE COM. DE PECAS, FERRAMENTAS E SERVIÇOS LTDA",12,,87.96,71.28,7.33,5.94
02.341.788/0001-25,0,,1977,"GAMAPE COM. DE PECAS, FERRAMENTAS E SERVIÇOS LTDA",12,,60,53.4,5,4.45
02.341.788/0001-25,0,,1978,"GAMAPE COM. DE PECAS, FERRAMENTAS E SERVIÇOS LTDA",8,,242.64,213.68,30.33,26.71
02.341.788/0001-25,0,,1979,"GAMAPE COM. DE PECAS, FERRAMENTAS E SERVIÇOS LTDA",2,,218.66,195.88,109.33,97.94
02.341.788/0001-25,0,,1980,"GAMAPE COM. DE PECAS, FERRAMENTAS E SERVIÇOS LTDA",2,,224.66,199.82,112.33,99.91
02.341.788/0001-25,0,,1981,"GAMAPE COM. DE PECAS, FERRAMENTAS E SERVIÇOS LTDA",4,,322.68,284.92,80.67,71.23
02.341.788/0001-25,0,,1982,"GAMAPE COM. DE PECAS, FERRAMENTAS E SERVIÇOS LTDA",2,,75.34,67.26,37.67,33.63
02.341.788/0001-25,0,,1983,"GAMAPE COM. DE PECAS, FERRAMENTAS E SERVIÇOS LTDA",8,,101.36,87.04,12.67,10.88
02.341.788/0001-25,0,,1984,"GAMAPE COM. DE PECAS, FERRAMENTAS E SERVIÇOS LTDA",8,,330.64,292.8,41.33,36.6
02.341.788/0001-25,0,,1985,"GAMAPE COM. DE PECAS, FERRAMENTAS E SERVIÇOS LTDA",8,,248,221.6,31,27.7
02.341.788/0001-25,0,,1986,"GAMAPE COM. DE PECAS, FERRAMENTAS E SERVIÇOS LTDA",8,,442.64,395.68,55.33,49.46
02.341.788/0001-25,0,,1987,"GAMAPE COM. DE PECAS, FERRAMENTAS E SERVIÇOS LTDA",8,,602.64,538.16,75.33,67.27
02.341.788/0001-25,0,,1988,"GAMAPE COM. DE PECAS, FERRAMENTAS E SERVIÇOS LTDA",8,,85.36,71.2,10.67,8.9
02.341.788/0001-25,0,,1989,"GAMAPE COM. DE PECAS, FERRAMENTAS E SERVIÇOS LTDA",4,,304,277,76,69.25
02.341.788/0001-25,0,,1990,"GAMAPE COM. DE PECAS, FERRAMENTAS E SERVIÇOS LTDA",2,,235.34,207.74,117.67,103.87
02.341.788/0001-25,0,,1991,"GAMAPE COM. DE PECAS, FERRAMENTAS E SERVIÇOS LTDA",4,,28,23.76,7,5.94
02.341.788/0001-25,0,,1992,"GAMAPE COM. DE PECAS, FERRAMENTAS E SERVIÇOS LTDA",2,,196,178.06,98,89.03
02.341.788/0001-25,0,,1993,"GAMAPE COM. DE PECAS, FERRAMENTAS E SERVIÇOS LTDA",4,,1093.32,969.48,273.33,242.37
02.341.788/0001-25,0,,1994,"GAMAPE COM. DE PECAS, FERRAMENTAS E SERVIÇOS LTDA",8,,1010.64,894.32,126.33,111.79
02.341.788/0001-25,0,,1995,"GAMAPE COM. DE PECAS, FERRAMENTAS E SERVIÇOS LTDA",8,,917.36,807.2,114.67,100.9
02.341.788/0001-25,0,,1996,"GAMAPE COM. DE PECAS, FERRAMENTAS E SERVIÇOS LTDA",2,,312.66,277,156.33,138.5
02.341.788/0001-25,0,,1997,"GAMAPE COM. DE PECAS, FERRAMENTAS E SERVIÇOS LTDA",2,,312.66,277,156.33,138.5
02.341.788/0001-25,0,,1998,"GAMAPE COM. DE PECAS, FERRAMENTAS E SERVIÇOS LTDA",4,,118.68,106.84,29.67,26.71
02.341.788/0001-25,0,,1999,"GAMAPE COM. DE PECAS, FERRAMENTAS E SERVIÇOS LTDA",8,,232,213.68,29,26.71
02.341.788/0001-25,0,,2000,"GAMAPE COM. DE PECAS, FERRAMENTAS E SERVIÇOS LTDA",1,,1673.33,1488.83,1673.33,1488.83
02.341.788/0001-25,0,,2001,"GAMAPE COM. DE PECAS, FERRAMENTAS E SERVIÇOS LTDA",4,,561.32,498.6,140.33,124.65
02.341.788/0001-25,0,,2002,"GAMAPE COM. DE PECAS, FERRAMENTAS E SERVIÇOS LTDA",2,,608.66,540.14,304.33,270.07
02.341.788/0001-25,0,,2003,"GAMAPE COM. DE PECAS, FERRAMENTAS E SERVIÇOS LTDA",2,,104,91.02,52,45.51
02.341.788/0001-25,0,,2004,"GAMAPE COM. DE PECAS, FERRAMENTAS E SERVIÇOS LTDA",1,,1200,1068.4,1200,1068.4
02.341.788/0001-25,0,,2005,"GAMAPE COM. DE PECAS, FERRAMENTAS E SERVIÇOS LTDA",2,,2286.66,2033.92,1143.33,1016.96
02.341.788/0001-25,0,,2006,"GAMAPE COM. DE PECAS, FERRAMENTAS E SERVIÇOS LTDA",4,,1813.32,1610.52,453.33,402.63
02.341.788/0001-25,0,,2007,"GAMAPE COM. DE PECAS, FERRAMENTAS E SERVIÇOS LTDA",4,,926.68,819.12,231.67,204.78
02.341.788/0001-25,0,,2008,"GAMAPE COM. DE PECAS, FERRAMENTAS E SERVIÇOS LTDA",8,,322.64,284.88,40.33,35.61
02.341.788/0001-25,0,,2009,"GAMAPE COM. DE PECAS, FERRAMENTAS E SERVIÇOS LTDA",2,,525.34,464.96,262.67,232.48
02.341.788/0001-25,0,,2010,"GAMAPE COM. DE PECAS, FERRAMENTAS E SERVIÇOS LTDA",8,,72,63.28,9,7.91
02.341.788/0001-25,0,,2011,"GAMAPE COM. DE PECAS, FERRAMENTAS E SERVIÇOS LTDA",8,,72,63.28,9,7.91
02.341.788/0001-25,0,,2012,"GAMAPE COM. DE PECAS, FERRAMENTAS E SERVIÇOS LTDA",8,,37.36,32.48,4.67,4.06
02.341.788/0001-25,0,,2013,"GAMAPE COM. DE PECAS, FERRAMENTAS E SERVIÇOS LTDA",4,,478.68,427.36,119.67,106.84
02.341.788/0001-25,0,,2014,"GAMAPE COM. DE PECAS, FERRAMENTAS E SERVIÇOS LTDA",8,,1405.36,1242.48,175.67,155.31
02.341.788/0001-25,0,,2015,"GAMAPE COM. DE PECAS, FERRAMENTAS E SERVIÇOS LTDA",2,,708.66,629.16,354.33,314.58
02.341.788/0001-25,0,,2016,"GAMAPE COM. DE PECAS, FERRAMENTAS E SERVIÇOS LTDA",32,,192,158.4,6,4.95
02.341.788/0001-25,0,,2017,"GAMAPE COM. DE PECAS, FERRAMENTAS E SERVIÇOS LTDA",32,,117.44,101.44,3.67,3.17
02.341.788/0001-25,0,,2018,"GAMAPE COM. DE PECAS, FERRAMENTAS E SERVIÇOS LTDA",8,,37.36,31.68,4.67,3.96
02.341.788/0001-25,0,,2019,"GAMAPE COM. DE PECAS, FERRAMENTAS E SERVIÇOS LTDA",8,,34.64,31.68,4.33,3.96
02.341.788/0001-25,0,,2020,"GAMAPE COM. DE PECAS, FERRAMENTAS E SERVIÇOS LTDA",4,,906.68,807.24,226.67,201.81
02.341.788/0001-25,0,,2021,"GAMAPE COM. DE PECAS, FERRAMENTAS E SERVIÇOS LTDA",4,,1440,1282.08,360,320.52
02.341.788/0001-25,0,,2022,"GAMAPE COM. DE PECAS, FERRAMENTAS E SERVIÇOS LTDA",24,,487.92,427.44,20.33,17.81
02.341.788/0001-25,0,,2023,"GAMAPE COM. DE PECAS, FERRAMENTAS E SERVIÇOS LTDA",24,,120,106.8,5,4.45
02.341.788/0001-25,0,,2024,"GAMAPE COM. DE PECAS, FERRAMENTAS E SERVIÇOS LTDA",2,,1293.34,1151.5,646.67,575.75
02.341.788/0001-25,0,,2025,"GAMAPE COM. DE PECAS, FERRAMENTAS E SERVIÇOS LTDA",6,,444,391.74,74,65.29
02.341.788/0001-25,0,,2026,"GAMAPE COM. DE PECAS, FERRAMENTAS E SERVIÇOS LTDA",12,,1080,961.56,90,80.13
02.341.788/0001-25,0,,2027,"GAMAPE COM. DE PECAS, FERRAMENTAS E SERVIÇOS LTDA",12,,84,71.28,7,5.94
02.341.788/0001-25,0,,2028,"GAMAPE COM. DE PECAS, FERRAMENTAS E SERVIÇOS LTDA",4,,70.68,59.36,17.67,14.84
02.341.788/0001-25,0,,2029,"GAMAPE COM. DE PECAS, FERRAMENTAS E SERVIÇOS LTDA",4,,397.32,356.12,99.33,89.03
02.341.788/0001-25,0,,2030,"GAMAPE COM. DE PECAS, FERRAMENTAS E SERVIÇOS LTDA",4,,349.32,316.56,87.33,79.14
02.341.788/0001-25,0,,2031,"GAMAPE COM. DE PECAS, FERRAMENTAS E SERVIÇOS LTDA",24,,144,118.8,6,4.95
02.341.788/0001-25,0,,2032,"GAMAPE COM. DE PECAS, FERRAMENTAS E SERVIÇOS LTDA",16,,826.72,712.32,51.67,44.52
02.341.788/0001-25,0,,2033,"GAMAPE COM. DE PECAS, FERRAMENTAS E SERVIÇOS LTDA",16,,821.28,712.32,51.33,44.52
02.341.788/0001-25,0,,2034,"GAMAPE COM. DE PECAS, FERRAMENTAS E SERVIÇOS LTDA",8,,301.36,269.04,37.67,33.63
02.341.788/0001-25,0,,2035,"GAMAPE COM. DE PECAS, FERRAMENTAS E SERVIÇOS LTDA",8,,61.36,47.52,7.67,5.94
02.341.788/0001-25,0,,2036,"GAMAPE COM. DE PECAS, FERRAMENTAS E SERVIÇOS LTDA",2,,1514,1347.36,757,673.68
02.341.788/0001-25,0,,2037,"GAMAPE COM. DE PECAS, FERRAMENTAS E SERVIÇOS LTDA",2,,572,508.48,286,254.24
02.341.788/0001-25,0,,2038,"GAMAPE COM. DE PECAS, FERRAMENTAS E SERVIÇOS LTDA",2,,250.66,221.6,125.33,110.8
02.341.788/0001-25,0,,2039,"GAMAPE COM. DE PECAS, FERRAMENTAS E SERVIÇOS LTDA",2,,305.34,269.08,152.67,134.54
02.341.788/0001-25,0,,2040,"GAMAPE COM. DE PECAS, FERRAMENTAS E SERVIÇOS LTDA",2,,525.34,464.96,262.67,232.48
02.341.788/0001-25,0,,2041,"GAMAPE COM. DE PECAS, FERRAMENTAS E SERVIÇOS LTDA",1,,2723.33,2424.67,2723.33,2424.67
02.341.788/0001-25,0,,2042,"GAMAPE COM. DE PECAS, FERRAMENTAS E SERVIÇOS LTDA",2,,260.66,231.48,130.33,115.74
02.341.788/0001-25,0,,2043,"GAMAPE COM. DE PECAS, FERRAMENTAS E SERVIÇOS LTDA",2,,79.34,71.22,39.67,35.61
02.341.788/0001-25,0,,2044,"GAMAPE COM. DE PECAS, FERRAMENTAS E SERVIÇOS LTDA",4,,194.68,174.12,48.67,43.53
02.341.788/0001-25,0,,2045,"GAMAPE COM. DE PECAS, FERRAMENTAS E SERVIÇOS LTDA",2,,496.66,441.2,248.33,220.6
02.341.788/0001-25,0,,2046,"GAMAPE COM. DE PECAS, FERRAMENTAS E SERVIÇOS LTDA",2,,160.66,142.46,80.33,71.23
02.341.788/0001-25,0,,2047,"GAMAPE COM. DE PECAS, FERRAMENTAS E SERVIÇOS LTDA",4,,765.32,676.64,191.33,169.16
02.341.788/0001-25,0,,2048,"GAMAPE COM. DE PECAS, FERRAMENTAS E SERVIÇOS LTDA",2,,374,332.4,187,166.2
02.341.788/0001-25,0,,2049,"GAMAPE COM. DE PECAS, FERRAMENTAS E SERVIÇOS LTDA",2,,318,282.92,159,141.46
02.341.788/0001-25,0,,2050,"GAMAPE COM. DE PECAS, FERRAMENTAS E SERVIÇOS LTDA",2,,650.66,577.72,325.33,288.86
02.341.788/0001-25,0,,2051,"GAMAPE COM. DE PECAS, FERRAMENTAS E SERVIÇOS LTDA",6,,118.02,106.86,19.67,17.81
02.341.788/0001-25,0,,2052,"GAMAPE COM. DE PECAS, FERRAMENTAS E SERVIÇOS LTDA",4,,364,320.52,91,80.13
02.341.788/0001-25,0,,2053,"GAMAPE COM. DE PECAS, FERRAMENTAS E SERVIÇOS LTDA",4,,234.68,209.72,58.67,52.43
02.341.788/0001-25,0,,2054,"GAMAPE COM. DE PECAS, FERRAMENTAS E SERVIÇOS LTDA",8,,74.64,63.28,9.33,7.91
02.341.788/0001-25,0,,2055,"GAMAPE COM. DE PECAS, FERRAMENTAS E SERVIÇOS LTDA",4,,264,237.44,66,59.36
02.341.788/0001-25,0,,2056,"GAMAPE COM. DE PECAS, FERRAMENTAS E SERVIÇOS LTDA",4,,178.68,158.28,44.67,39.57
02.341.788/0001-25,0,,2057,"GAMAPE COM. DE PECAS, FERRAMENTAS E SERVIÇOS LTDA",16,,16,14.24,1,0.89
02.341.788/0001-25,0,,2058,"GAMAPE COM. DE PECAS, FERRAMENTAS E SERVIÇOS LTDA",8,,312,284.88,39,35.61
02.341.788/0001-25,0,,2059,"GAMAPE COM. DE PECAS, FERRAMENTAS E SERVIÇOS LTDA",8,,61.36,55.36,7.67,6.92
02.341.788/0001-25,0,,2060,"GAMAPE COM. DE PECAS, FERRAMENTAS E SERVIÇOS LTDA",4,,154.68,138.48,38.67,34.62
02.341.788/0001-25,0,,2061,"GAMAPE COM. DE PECAS, FERRAMENTAS E SERVIÇOS LTDA",8,,394.64,356.16,49.33,44.52
02.341.788/0001-25,0,,2062,"GAMAPE COM. DE PECAS, FERRAMENTAS E SERVIÇOS LTDA",4,,317.32,277,79.33,69.25
02.341.788/0001-25,0,,2063,"GAMAPE COM. DE PECAS, FERRAMENTAS E SERVIÇOS LTDA",8,,29.36,23.76,3.67,2.97
02.341.788/0001-25,0,,2064,"GAMAPE COM. DE PECAS, FERRAMENTAS E SERVIÇOS LTDA",4,,18.68,15.84,4.67,3.96
02.341.788/0001-25,0,,2065,"GAMAPE COM. DE PECAS, FERRAMENTAS E SERVIÇOS LTDA",2,,346,306.66,173,153.33
02.341.788/0001-25,0,,2066,"GAMAPE COM. DE PECAS, FERRAMENTAS E SERVIÇOS LTDA",4,,197.32,178.08,49.33,44.52
02.341.788/0001-25,0,,2067,"GAMAPE COM. DE PECAS, FERRAMENTAS E SERVIÇOS LTDA",2,,314,278.98,157,139.49
02.341.788/0001-25,0,,2068,"GAMAPE COM. DE PECAS, FERRAMENTAS E SERVIÇOS LTDA",30,,80.1,65.4,2.67,2.18
02.341.788/0001-25,0,,2069,"GAMAPE COM. DE PECAS, FERRAMENTAS E SERVIÇOS LTDA",12,,27.96,23.76,2.33,1.98
02.341.788/0001-25,0,,2070,"GAMAPE COM. DE PECAS, FERRAMENTAS E SERVIÇOS LTDA",20,,36.6,31.6,1.83,1.58
02.341.788/0001-25,0,,2071,"GAMAPE COM. DE PECAS, FERRAMENTAS E SERVIÇOS LTDA",2,,472.66,415.48,236.33,207.74
02.341.788/0001-25,0,,2072,"GAMAPE COM. DE PECAS, FERRAMENTAS E SERVIÇOS LTDA",6,,16.02,14.82,2.67,2.47
02.341.788/0001-25,0,,2073,"GAMAPE COM. DE PECAS, FERRAMENTAS E SERVIÇOS LTDA",6,,16.02,14.82,2.67,2.47
02.341.788/0001-25,0,,2074,"GAMAPE COM. DE PECAS, FERRAMENTAS E SERVIÇOS LTDA",4,,345.32,320.52,86.33,80.13
02.341.788/0001-25,0,,2075,"GAMAPE COM. DE PECAS, FERRAMENTAS E SERVIÇOS LTDA",4,,464,399.64,116,99.91
02.341.788/0001-25,0,,2076,"GAMAPE COM. DE PECAS, FERRAMENTAS E SERVIÇOS LTDA",4,,758.68,672.68,189.67,168.17
02.341.788/0001-25,0,,2077,"GAMAPE COM. DE PECAS, FERRAMENTAS E SERVIÇOS LTDA",4,,221.32,197.84,55.33,49.46
02.341.788/0001-25,0,,2078,"GAMAPE COM. DE PECAS, FERRAMENTAS E SERVIÇOS LTDA",4,,50.68,39.56,12.67,9.89
02.341.788/0001-25,0,,2079,"GAMAPE COM. DE PECAS, FERRAMENTAS E SERVIÇOS LTDA",2,,6226.66,5541.82,3113.33,2770.91
02.341.788/0001-25,0,,2080,"GAMAPE COM. DE PECAS, FERRAMENTAS E SERVIÇOS LTDA",2,,1506.66,1339.46,753.33,669.73
02.341.788/0001-25,0,,2081,"GAMAPE COM. DE PECAS, FERRAMENTAS E SERVIÇOS LTDA",1,,1813.33,1614.47,1813.33,1614.47
02.341.788/0001-25,0,,2082,"GAMAPE COM. DE PECAS, FERRAMENTAS E SERVIÇOS LTDA",2,,4993.34,4443.74,2496.67,2221.87
02.341.788/0001-25,0,,2083,"GAMAPE COM. DE PECAS, FERRAMENTAS E SERVIÇOS LTDA",2,,2526.66,2247.6,1263.33,1123.8
02.341.788/0001-25,0,,2084,"GAMAPE COM. DE PECAS, FERRAMENTAS E SERVIÇOS LTDA",4,,358.68,316.56,89.67,79.14
02.341.788/0001-25,0,,2085,"GAMAPE COM. DE PECAS, FERRAMENTAS E SERVIÇOS LTDA",1,,971,863.62,971,863.62
02.341.788/0001-25,0,,2086,"GAMAPE COM. DE PECAS, FERRAMENTAS E SERVIÇOS LTDA",4,,476,423.4,119,105.85
02.341.788/0001-25,0,,2087,"GAMAPE COM. DE PECAS, FERRAMENTAS E SERVIÇOS LTDA",2,,648.66,575.74,324.33,287.87
02.341.788/0001-25,0,,2088,"GAMAPE COM. DE PECAS, FERRAMENTAS E SERVIÇOS LTDA",2,,139.34,124.64,69.67,62.32
02.341.788/0001-25,0,,2089,"GAMAPE COM. DE PECAS, FERRAMENTAS E SERVIÇOS LTDA",2,,1451.34,1290,725.67,645
02.341.788/0001-25,0,,2090,"GAMAPE COM. DE PECAS, FERRAMENTAS E SERVIÇOS LTDA",8,,74.64,55.36,9.33,6.92
02.341.788/0001-25,0,,2091,"GAMAPE COM. DE PECAS, FERRAMENTAS E SERVIÇOS LTDA",8,,634.64,569.84,79.33,71.23
02.341.788/0001-25,0,,2092,"GAMAPE COM. DE PECAS, FERRAMENTAS E SERVIÇOS LTDA",8,,61.36,55.36,7.67,6.92
02.341.788/0001-25,0,,2093,"GAMAPE COM. DE PECAS, FERRAMENTAS E SERVIÇOS LTDA",2,,387.34,342.28,193.67,171.14
02.341.788/0001-25,0,,2094,"GAMAPE COM. DE PECAS, FERRAMENTAS E SERVIÇOS LTDA",4,,594.68,526.28,148.67,131.57
02.341.788/0001-25,0,,2095,"GAMAPE COM. DE PECAS, FERRAMENTAS E SERVIÇOS LTDA",2,,332,294.8,166,147.4
02.341.788/0001-25,0,,2096,"GAMAPE COM. DE PECAS, FERRAMENTAS E SERVIÇOS LTDA",2,,294.66,261.16,147.33,130.58
02.341.788/0001-25,0,,2097,"GAMAPE COM. DE PECAS, FERRAMENTAS E SERVIÇOS LTDA",8,,98.64,79.12,12.33,9.89
02.341.788/0001-25,0,,2098,"GAMAPE COM. DE PECAS, FERRAMENTAS E SERVIÇOS LTDA",8,,488,427.36,61,53.42
02.341.788/0001-25,0,,2099,"GAMAPE COM. DE PECAS, FERRAMENTAS E SERVIÇOS LTDA",2,,458,407.58,229,203.79
02.341.788/0001-25,0,,2100,"GAMAPE COM. DE PECAS, FERRAMENTAS E SERVIÇOS LTDA",1,,3686.33,3281.36,3686.33,3281.36
02.341.788/0001-25,0,,2101,"GAMAPE COM. DE PECAS, FERRAMENTAS E SERVIÇOS LTDA",1,,1790,1593.69,1790,1593.69
02.341.788/0001-25,0,,2102,"GAMAPE COM. DE PECAS, FERRAMENTAS E SERVIÇOS LTDA",2,,1253.34,1113.9,626.67,556.95
02.341.788/0001-25,0,,2103,"GAMAPE COM. DE PECAS, FERRAMENTAS E SERVIÇOS LTDA",2,,1846.66,1644.14,923.33,822.07
02.341.788/0001-25,0,,2104,"GAMAPE COM. DE PECAS, FERRAMENTAS E SERVIÇOS LTDA",2,,1200,1070.38,600,535.19
02.341.788/0001-25,0,,2105,"GAMAPE COM. DE PECAS, FERRAMENTAS E SERVIÇOS LTDA",4,,248,217.64,62,54.41
02.341.788/0001-25,0,,2106,"GAMAPE COM. DE PECAS, FERRAMENTAS E SERVIÇOS LTDA",1,,1563.33,1390.89,1563.33,1390.89
02.341.788/0001-25,0,,2107,"GAMAPE COM. DE PECAS, FERRAMENTAS E SERVIÇOS LTDA",2,,1493.34,1327.58,746.67,663.79
02.341.788/0001-25,0,,2108,"GAMAPE COM. DE PECAS, FERRAMENTAS E SERVIÇOS LTDA",2,,306.66,271.06,153.33,135.53
02.341.788/0001-25,0,,2109,"GAMAPE COM. DE PECAS, FERRAMENTAS E SERVIÇOS LTDA",2,,206.66,182.02,103.33,91.01
02.341.788/0001-25,0,,2110,"GAMAPE COM. DE PECAS, FERRAMENTAS E SERVIÇOS LTDA",1,,2040,1816.27,2040,1816.27
02.341.788/0001-25,0,,2111,"GAMAPE COM. DE PECAS, FERRAMENTAS E SERVIÇOS LTDA",2,,1500,1337.48,750,668.74
02.341.788/0001-25,0,,2112,"GAMAPE COM. DE PECAS, FERRAMENTAS E SERVIÇOS LTDA",1,,1813.33,1614.47,1813.33,1614.47
02.341.788/0001-25,0,,2113,"GAMAPE COM. DE PECAS, FERRAMENTAS E SERVIÇOS LTDA",2,,4660,4148.94,2330,2074.47
02.341.788/0001-25,0,,2114,"GAMAPE COM. DE PECAS, FERRAMENTAS E SERVIÇOS LTDA",2,,2393.34,2128.88,1196.67,1064.44
02.341.788/0001-25,0,,2115,"GAMAPE COM. DE PECAS, FERRAMENTAS E SERVIÇOS LTDA",4,,345.32,304.68,86.33,76.17
02.341.788/0001-25,0,,2116,"GAMAPE COM. DE PECAS, FERRAMENTAS E SERVIÇOS LTDA",1,,934.33,831.96,934.33,831.96
02.341.788/0001-25,0,,2117,"GAMAPE COM. DE PECAS, FERRAMENTAS E SERVIÇOS LTDA",4,,449.32,399.64,112.33,99.91
02.341.788/0001-25,0,,2118,"GAMAPE COM. DE PECAS, FERRAMENTAS E SERVIÇOS LTDA",2,,608.66,540.14,304.33,270.07
02.341.788/0001-25,0,,2119,"GAMAPE COM. DE PECAS, FERRAMENTAS E SERVIÇOS LTDA",2,,126,110.8,63,55.4
02.341.788/0001-25,0,,2120,"GAMAPE COM. DE PECAS, FERRAMENTAS E SERVIÇOS LTDA",2,,1351.34,1200.96,675.67,600.48
02.341.788/0001-25,0,,2121,"GAMAPE COM. DE PECAS, FERRAMENTAS E SERVIÇOS LTDA",400,,45068,37592,112.67,93.98
02.341.788/0001-25,0,,2139,"GAMAPE COM. DE PECAS, FERRAMENTAS E SERVIÇOS LTDA",3,,284.01,249.3,94.67,83.1
02.341.788/0001-25,0,,2140,"GAMAPE COM. DE PECAS, FERRAMENTAS E SERVIÇOS LTDA",3,,690.99,614.34,230.33,204.78
02.341.788/0001-25,0,,2141,"GAMAPE COM. DE PECAS, FERRAMENTAS E SERVIÇOS LTDA",24,,103.92,95.04,4.33,3.96
02.341.788/0001-25,0,,2142,"GAMAPE COM. DE PECAS, FERRAMENTAS E SERVIÇOS LTDA",3,,468,415.5,156,138.5
02.341.788/0001-25,0,,2143,"GAMAPE COM. DE PECAS, FERRAMENTAS E SERVIÇOS LTDA",3,,402.99,326.46,134.33,108.82
02.341.788/0001-25,0,,3043,"GAMAPE COM. DE PECAS, FERRAMENTAS E SERVIÇOS LTDA",80,,1992.8,1745.6,24.91,21.82
02.341.788/0001-25,0,,3044,"GAMAPE COM. DE PECAS, FERRAMENTAS E SERVIÇOS LTDA",80,,3587.2,3174.4,44.84,39.68
02.341.788/0001-25,0,,3045,"GAMAPE COM. DE PECAS, FERRAMENTAS E SERVIÇOS LTDA",80,,3986.4,3571.2,49.83,44.64
02.341.788/0001-25,0,,3046,"GAMAPE COM. DE PECAS, FERRAMENTAS E SERVIÇOS LTDA",80,,4384.8,3968,54.81,49.6
02.341.788/0001-25,0,,3047,"GAMAPE COM. DE PECAS, FERRAMENTAS E SERVIÇOS LTDA",80,,4942.4,4444,61.78,55.55
02.341.788/0001-25,0,,3048,"GAMAPE COM. DE PECAS, FERRAMENTAS E SERVIÇOS LTDA",80,,1435.2,1269.6,17.94,15.87
02.341.788/0001-25,0,,3049,"GAMAPE COM. DE PECAS, FERRAMENTAS E SERVIÇOS LTDA",80,,1753.6,1587.2,21.92,19.84
02.341.788/0001-25,0,,3050,"GAMAPE COM. DE PECAS, FERRAMENTAS E SERVIÇOS LTDA",80,,1992.8,1745.6,24.91,21.82
02.341.788/0001-25,0,,3051,"GAMAPE COM. DE PECAS, FERRAMENTAS E SERVIÇOS LTDA",80,,1594.4,1428.8,19.93,17.86
02.341.788/0001-25,0,,3052,"GAMAPE COM. DE PECAS, FERRAMENTAS E SERVIÇOS LTDA",80,,2551.2,2301.6,31.89,28.77
02.341.788/0001-25,0,,3053,"GAMAPE COM. DE PECAS, FERRAMENTAS E SERVIÇOS LTDA",80,,2869.6,2619.2,35.87,32.74
02.341.788/0001-25,0,,3054,"GAMAPE COM. DE PECAS, FERRAMENTAS E SERVIÇOS LTDA",80,,3348,2936,41.85,36.7
02.341.788/0001-25,0,,3055,"GAMAPE COM. DE PECAS, FERRAMENTAS E SERVIÇOS LTDA",80,,3986.4,3571.2,49.83,44.64
02.341.788/0001-25,0,,3056,"GAMAPE COM. DE PECAS, FERRAMENTAS E SERVIÇOS LTDA",80,,4703.2,4285.6,58.79,53.57
02.341.788/0001-25,0,,3057,"GAMAPE COM. DE PECAS, FERRAMENTAS E SERVIÇOS LTDA",80,,5181.6,4682.4,64.77,58.53
02.341.788/0001-25,0,,3058,"GAMAPE COM. DE PECAS, FERRAMENTAS E SERVIÇOS LTDA",80,,6218.4,5555.2,77.73,69.44
02.341.788/0001-25,0,,3059,"GAMAPE COM. DE PECAS, FERRAMENTAS E SERVIÇOS LTDA",50,,4982.5,4464,99.65,89.28
02.341.788/0001-25,0,,3060,"GAMAPE COM. DE PECAS, FERRAMENTAS E SERVIÇOS LTDA",50,,7474,6696,149.48,133.92
02.341.788/0001-25,0,,3061,"GAMAPE COM. DE PECAS, FERRAMENTAS E SERVIÇOS LTDA",50,,9716,8630.5,194.32,172.61
02.341.788/0001-25,0,,3062,"GAMAPE COM. DE PECAS, FERRAMENTAS E SERVIÇOS LTDA",50,,1893.5,1736,37.87,34.72
02.341.788/0001-25,0,,3063,"GAMAPE COM. DE PECAS, FERRAMENTAS E SERVIÇOS LTDA",50,,1993,1785.5,39.86,35.71
02.341.788/0001-25,0,,3064,"GAMAPE COM. DE PECAS, FERRAMENTAS E SERVIÇOS LTDA",50,,2192.5,1934.5,43.85,38.69
02.341.788/0001-25,0,,3065,"GAMAPE COM. DE PECAS, FERRAMENTAS E SERVIÇOS LTDA",50,,2391.5,2133,47.83,42.66
02.341.788/0001-25,0,,3066,"GAMAPE COM. DE PECAS, FERRAMENTAS E SERVIÇOS LTDA",50,,2491.5,2232,49.83,44.64
02.341.788/0001-25,0,,3067,"GAMAPE COM. DE PECAS, FERRAMENTAS E SERVIÇOS LTDA",50,,2740.5,2480,54.81,49.6
02.341.788/0001-25,0,,3068,"GAMAPE COM. DE PECAS, FERRAMENTAS E SERVIÇOS LTDA",50,,3238.5,2877,64.77,57.54
02.341.788/0001-25,0,,3069,"GAMAPE COM. DE PECAS, FERRAMENTAS E SERVIÇOS LTDA",50,,2391.5,2182.5,47.83,43.65
02.341.788/0001-25,0,,3070,"GAMAPE COM. DE PECAS, FERRAMENTAS E SERVIÇOS LTDA",50,,2591,2331,51.82,46.62
02.341.788/0001-25,0,,3071,"GAMAPE COM. DE PECAS, FERRAMENTAS E SERVIÇOS LTDA",50,,2740.5,2480,54.81,49.6
02.341.788/0001-25,0,,3072,"GAMAPE COM. DE PECAS, FERRAMENTAS E SERVIÇOS LTDA",50,,3238.5,2877,64.77,57.54
02.341.788/0001-25,0,,3073,"GAMAPE COM. DE PECAS, FERRAMENTAS E SERVIÇOS LTDA",50,,3986,3472,79.72,69.44
02.341.788/0001-25,0,,3074,"GAMAPE COM. DE PECAS, FERRAMENTAS E SERVIÇOS LTDA",50,,4584,4067,91.68,81.34
02.341.788/0001-25,0,,3075,"GAMAPE COM. DE PECAS, FERRAMENTAS E SERVIÇOS LTDA",50,,2491.5,2232,49.83,44.64
02.341.788/0001-25,0,,3076,"GAMAPE COM. DE PECAS, FERRAMENTAS E SERVIÇOS LTDA",50,,2989.5,2678.5,59.79,53.57
02.341.788/0001-25,0,,3077,"GAMAPE COM. DE PECAS, FERRAMENTAS E SERVIÇOS LTDA",50,,3488,3125,69.76,62.5
02.341.788/0001-25,0,,3078,"GAMAPE COM. DE PECAS, FERRAMENTAS E SERVIÇOS LTDA",50,,3986,3571,79.72,71.42
02.341.788/0001-25,0,,3079,"GAMAPE COM. DE PECAS, FERRAMENTAS E SERVIÇOS LTDA",50,,2491.5,2232,49.83,44.64
02.341.788/0001-25,0,,3080,"GAMAPE COM. DE PECAS, FERRAMENTAS E SERVIÇOS LTDA",50,,2740.5,2480,54.81,49.6
02.341.788/0001-25,0,,3081,"GAMAPE COM. DE PECAS, FERRAMENTAS E SERVIÇOS LTDA",50,,2989.5,2629,59.79,52.58
02.341.788/0001-25,0,,3082,"GAMAPE COM. DE PECAS, FERRAMENTAS E SERVIÇOS LTDA",50,,3189,2728,63.78,54.56
02.341.788/0001-25,0,,3083,"GAMAPE COM. DE PECAS, FERRAMENTAS E SERVIÇOS LTDA",50,,3288.5,2976,65.77,59.52
02.341.788/0001-25,0,,3084,"GAMAPE COM. DE PECAS, FERRAMENTAS E SERVIÇOS LTDA",50,,4534,4017.5,90.68,80.35
02.341.788/0001-25,0,,3085,"GAMAPE COM. DE PECAS, FERRAMENTAS E SERVIÇOS LTDA",50,,797,694.5,15.94,13.89
02.341.788/0001-25,0,,3086,"GAMAPE COM. DE PECAS, FERRAMENTAS E SERVIÇOS LTDA",50,,996.5,893,19.93,17.86
02.341.788/0001-25,0,,3087,"GAMAPE COM. DE PECAS, FERRAMENTAS E SERVIÇOS LTDA",50,,1495,1339,29.9,26.78
02.341.788/0001-25,0,,3088,"GAMAPE COM. DE PECAS, FERRAMENTAS E SERVIÇOS LTDA",50,,1893.5,1686.5,37.87,33.73
02.341.788/0001-25,0,,3089,"GAMAPE COM. DE PECAS, FERRAMENTAS E SERVIÇOS LTDA",50,,1993,1785.5,39.86,35.71
02.341.788/0001-25,0,,3090,"GAMAPE COM. DE PECAS, FERRAMENTAS E SERVIÇOS LTDA",50,,2740.5,2480,54.81,49.6
02.341.788/0001-25,0,,3091,"GAMAPE COM. DE PECAS, FERRAMENTAS E SERVIÇOS LTDA",50,,2989.5,2629,59.79,52.58
02.341.788/0001-25,0,,3092,"GAMAPE COM. DE PECAS, FERRAMENTAS E SERVIÇOS LTDA",50,,3488,3125,69.76,62.5
02.341.788/0001-25,0,,3093,"GAMAPE COM. DE PECAS, FERRAMENTAS E SERVIÇOS LTDA",50,,4982.5,4513.5,99.65,90.27
02.341.788/0001-25,0,,3094,"GAMAPE COM. DE PECAS, FERRAMENTAS E SERVIÇOS LTDA",50,,996.5,893,19.93,17.86
02.341.788/0001-25,0,,3095,"GAMAPE COM. DE PECAS, FERRAMENTAS E SERVIÇOS LTDA",50,,1245.5,992,24.91,19.84
02.341.788/0001-25,0,,3096,"GAMAPE COM. DE PECAS, FERRAMENTAS E SERVIÇOS LTDA",50,,1495,1339,29.9,26.78
02.341.788/0001-25,0,,3097,"GAMAPE COM. DE PECAS, FERRAMENTAS E SERVIÇOS LTDA",50,,1744,1537.5,34.88,30.75
02.341.788/0001-25,0,,3098,"GAMAPE COM. DE PECAS, FERRAMENTAS E SERVIÇOS LTDA",50,,1993,1785.5,39.86,35.71
02.341.788/0001-25,0,,3099,"GAMAPE COM. DE PECAS, FERRAMENTAS E SERVIÇOS LTDA",50,,2989.5,2629,59.79,52.58
02.341.788/0001-25,0,,3100,"GAMAPE COM. DE PECAS, FERRAMENTAS E SERVIÇOS LTDA",50,,4235,3868.5,84.7,77.37
02.341.788/0001-25,0,,3101,"GAMAPE COM. DE PECAS, FERRAMENTAS E SERVIÇOS LTDA",50,,5979,5356.5,119.58,107.13
02.341.788/0001-25,0,,3102,"GAMAPE COM. DE PECAS, FERRAMENTAS E SERVIÇOS LTDA",50,,6975.5,6249.5,139.51,124.99
02.341.788/0001-25,0,,3103,"GAMAPE COM. DE PECAS, FERRAMENTAS E SERVIÇOS LTDA",50,,897,793.5,17.94,15.87
02.341.788/0001-25,0,,3104,"GAMAPE COM. DE PECAS, FERRAMENTAS E SERVIÇOS LTDA",50,,1096,992,21.92,19.84
02.341.788/0001-25,0,,3105,"GAMAPE COM. DE PECAS, FERRAMENTAS E SERVIÇOS LTDA",50,,1395,1240,27.9,24.8
02.341.788/0001-25,0,,3106,"GAMAPE COM. DE PECAS, FERRAMENTAS E SERVIÇOS LTDA",50,,1594.5,1389,31.89,27.78
02.341.788/0001-25,0,,3107,"GAMAPE COM. DE PECAS, FERRAMENTAS E SERVIÇOS LTDA",50,,1694,1488,33.88,29.76
02.341.788/0001-25,0,,3108,"GAMAPE COM. DE PECAS, FERRAMENTAS E SERVIÇOS LTDA",50,,2491.5,2232,49.83,44.64
02.341.788/0001-25,0,,3109,"GAMAPE COM. DE PECAS, FERRAMENTAS E SERVIÇOS LTDA",50,,2740.5,2480,54.81,49.6
02.341.788/0001-25,0,,3110,"GAMAPE COM. DE PECAS, FERRAMENTAS E SERVIÇOS LTDA",50,,2989.5,2678.5,59.79,53.57
02.341.788/0001-25,0,,3111,"GAMAPE COM. DE PECAS, FERRAMENTAS E SERVIÇOS LTDA",50,,3886.5,3472,77.73,69.44
02.341.788/0001-25,0,,3112,"GAMAPE COM. DE PECAS, FERRAMENTAS E SERVIÇOS LTDA",50,,498.5,397,9.97,7.94
02.341.788/0001-25,0,,3113,"GAMAPE COM. DE PECAS, FERRAMENTAS E SERVIÇOS LTDA",50,,647.5,545.5,12.95,10.91
02.341.788/0001-25,0,,3114,"GAMAPE COM. DE PECAS, FERRAMENTAS E SERVIÇOS LTDA",50,,747.5,645,14.95,12.9
02.341.788/0001-25,0,,3115,"GAMAPE COM. DE PECAS, FERRAMENTAS E SERVIÇOS LTDA",50,,996.5,893,19.93,17.86
02.341.788/0001-25,0,,3116,"GAMAPE COM. DE PECAS, FERRAMENTAS E SERVIÇOS LTDA",50,,1445,1289.5,28.9,25.79
02.341.788/0001-25,0,,3117,"GAMAPE COM. DE PECAS, FERRAMENTAS E SERVIÇOS LTDA",50,,1893.5,1736,37.87,34.72
02.341.788/0001-25,0,,3118,"GAMAPE COM. DE PECAS, FERRAMENTAS E SERVIÇOS LTDA",50,,2441.5,2182.5,48.83,43.65
02.341.788/0001-25,0,,3119,"GAMAPE COM. DE PECAS, FERRAMENTAS E SERVIÇOS LTDA",50,,2740.5,2480,54.81,49.6
02.341.788/0001-25,0,,3120,"GAMAPE COM. DE PECAS, FERRAMENTAS E SERVIÇOS LTDA",50,,4982.5,4513.5,99.65,90.27
02.341.788/0001-25,0,,3121,"GAMAPE COM. DE PECAS, FERRAMENTAS E SERVIÇOS LTDA",50,,897,793.5,17.94,15.87
02.341.788/0001-25,0,,3122,"GAMAPE COM. DE PECAS, FERRAMENTAS E SERVIÇOS LTDA",50,,1245.5,1091,24.91,21.82
02.341.788/0001-25,0,,3123,"GAMAPE COM. DE PECAS, FERRAMENTAS E SERVIÇOS LTDA",50,,1345.5,1190.5,26.91,23.81
02.341.788/0001-25,0,,3124,"GAMAPE COM. DE PECAS, FERRAMENTAS E SERVIÇOS LTDA",50,,1594.5,1389,31.89,27.78
02.341.788/0001-25,0,,3125,"GAMAPE COM. DE PECAS, FERRAMENTAS E SERVIÇOS LTDA",50,,1694,1488,33.88,29.76
02.341.788/0001-25,0,,3126,"GAMAPE COM. DE PECAS, FERRAMENTAS E SERVIÇOS LTDA",50,,1893.5,1686.5,37.87,33.73
02.341.788/0001-25,0,,3127,"GAMAPE COM. DE PECAS, FERRAMENTAS E SERVIÇOS LTDA",50,,2242,1984,44.84,39.68
02.341.788/0001-25,0,,3128,"GAMAPE COM. DE PECAS, FERRAMENTAS E SERVIÇOS LTDA",50,,2491.5,2232,49.83,44.64
02.341.788/0001-25,0,,3129,"GAMAPE COM. DE PECAS, FERRAMENTAS E SERVIÇOS LTDA",50,,996.5,893,19.93,17.86
02.341.788/0001-25,0,,3130,"GAMAPE COM. DE PECAS, FERRAMENTAS E SERVIÇOS LTDA",50,,1196,992,23.92,19.84
02.341.788/0001-25,0,,3131,"GAMAPE COM. DE PECAS, FERRAMENTAS E SERVIÇOS LTDA",50,,1245.5,1091,24.91,21.82
02.341.788/0001-25,0,,3132,"GAMAPE COM. DE PECAS, FERRAMENTAS E SERVIÇOS LTDA",50,,1395,1240,27.9,24.8
02.341.788/0001-25,0,,3133,"GAMAPE COM. DE PECAS, FERRAMENTAS E SERVIÇOS LTDA",50,,1594.5,1389,31.89,27.78
02.341.788/0001-25,0,,3134,"GAMAPE COM. DE PECAS, FERRAMENTAS E SERVIÇOS LTDA",50,,2242,1984,44.84,39.68
02.341.788/0001-25,0,,3135,"GAMAPE COM. DE PECAS, FERRAMENTAS E SERVIÇOS LTDA",50,,2491.5,2232,49.83,44.64
02.341.788/0001-25,0,,3136,"GAMAPE COM. DE PECAS, FERRAMENTAS E SERVIÇOS LTDA",50,,2890,2529.5,57.8,50.59
02.341.788/0001-25,0,,3137,"GAMAPE COM. DE PECAS, FERRAMENTAS E SERVIÇOS LTDA",50,,398.5,347,7.97,6.94
02.341.788/0001-25,0,,3138,"GAMAPE COM. DE PECAS, FERRAMENTAS E SERVIÇOS LTDA",50,,598,496,11.96,9.92
02.341.788/0001-25,0,,3139,"GAMAPE COM. DE PECAS, FERRAMENTAS E SERVIÇOS LTDA",50,,897,793.5,17.94,15.87
02.341.788/0001-25,0,,3140,"GAMAPE COM. DE PECAS, FERRAMENTAS E SERVIÇOS LTDA",50,,1245.5,1091,24.91,21.82
02.341.788/0001-25,0,,3141,"GAMAPE COM. DE PECAS, FERRAMENTAS E SERVIÇOS LTDA",50,,1744,1537.5,34.88,30.75
02.341.788/0001-25,0,,3142,"GAMAPE COM. DE PECAS, FERRAMENTAS E SERVIÇOS LTDA",50,,2391.5,2133,47.83,42.66
02.341.788/0001-25,0,,3143,"GAMAPE COM. DE PECAS, FERRAMENTAS E SERVIÇOS LTDA",50,,2939.5,2629,58.79,52.58
02.341.788/0001-25,0,,3144,"GAMAPE COM. DE PECAS, FERRAMENTAS E SERVIÇOS LTDA",50,,3488,3125,69.76,62.5
02.341.788/0001-25,0,,3145,"GAMAPE COM. DE PECAS, FERRAMENTAS E SERVIÇOS LTDA",50,,7474,6646.5,149.48,132.93
02.341.788/0001-25,0,,3146,"GAMAPE COM. DE PECAS, FERRAMENTAS E SERVIÇOS LTDA",50,,747.5,595,14.95,11.9
02.341.788/0001-25,0,,3147,"GAMAPE COM. DE PECAS, FERRAMENTAS E SERVIÇOS LTDA",50,,897,744,17.94,14.88
02.341.788/0001-25,0,,3148,"GAMAPE COM. DE PECAS, FERRAMENTAS E SERVIÇOS LTDA",50,,1245.5,1041.5,24.91,20.83
02.341.788/0001-25,0,,3149,"GAMAPE COM. DE PECAS, FERRAMENTAS E SERVIÇOS LTDA",50,,1594.5,1389,31.89,27.78
02.341.788/0001-25,0,,3150,"GAMAPE COM. DE PECAS, FERRAMENTAS E SERVIÇOS LTDA",50,,2242,1984,44.84,39.68
02.341.788/0001-25,0,,3151,"GAMAPE COM. DE PECAS, FERRAMENTAS E SERVIÇOS LTDA",50,,2491.5,2182.5,49.83,43.65
02.341.788/0001-25,0,,3152,"GAMAPE COM. DE PECAS, FERRAMENTAS E SERVIÇOS LTDA",20,,4982.6,4444,249.13,222.2
02.341.788/0001-25,0,,3153,"GAMAPE COM. DE PECAS, FERRAMENTAS E SERVIÇOS LTDA",20,,5979,5317,298.95,265.85
02.341.788/0001-25,0,,3154,"GAMAPE COM. DE PECAS, FERRAMENTAS E SERVIÇOS LTDA",20,,9666,8610.4,483.3,430.52
02.341.788/0001-25,0,,3155,"GAMAPE COM. DE PECAS, FERRAMENTAS E SERVIÇOS LTDA",20,,1096.2,992,54.81,49.6
02.341.788/0001-25,0,,3156,"GAMAPE COM. DE PECAS, FERRAMENTAS E SERVIÇOS LTDA",20,,1156,1031.6,57.8,51.58
02.341.788/0001-25,0,,3157,"GAMAPE COM. DE PECAS, FERRAMENTAS E SERVIÇOS LTDA",20,,1993,1805.4,99.65,90.27
02.341.788/0001-25,0,,3158,"GAMAPE COM. DE PECAS, FERRAMENTAS E SERVIÇOS LTDA",20,,119.6,99.2,5.98,4.96
02.341.788/0001-25,0,,3159,"GAMAPE COM. DE PECAS, FERRAMENTAS E SERVIÇOS LTDA",20,,159.4,138.8,7.97,6.94
02.341.788/0001-25,0,,3160,"GAMAPE COM. DE PECAS, FERRAMENTAS E SERVIÇOS LTDA",20,,239.2,198.4,11.96,9.92
02.341.788/0001-25,0,,3161,"GAMAPE COM. DE PECAS, FERRAMENTAS E SERVIÇOS LTDA",20,,318.8,277.8,15.94,13.89
02.341.788/0001-25,0,,3162,"GAMAPE COM. DE PECAS, FERRAMENTAS E SERVIÇOS LTDA",20,,498.2,436.4,24.91,21.82
02.341.788/0001-25,0,,3163,"GAMAPE COM. DE PECAS, FERRAMENTAS E SERVIÇOS LTDA",20,,797.2,714.2,39.86,35.71
02.341.788/0001-25,0,,3164,"GAMAPE COM. DE PECAS, FERRAMENTAS E SERVIÇOS LTDA",20,,1096.2,992,54.81,49.6
02.341.788/0001-25,0,,3165,"GAMAPE COM. DE PECAS, FERRAMENTAS E SERVIÇOS LTDA",20,,99.6,79.4,4.98,3.97
02.341.788/0001-25,0,,3166,"GAMAPE COM. DE PECAS, FERRAMENTAS E SERVIÇOS LTDA",20,,159.4,138.8,7.97,6.94
02.341.788/0001-25,0,,3167,"GAMAPE COM. DE PECAS, FERRAMENTAS E SERVIÇOS LTDA",20,,219.2,178.6,10.96,8.93
02.341.788/0001-25,0,,3168,"GAMAPE COM. DE PECAS, FERRAMENTAS E SERVIÇOS LTDA",20,,318.8,277.8,15.94,13.89
02.341.788/0001-25,0,,3169,"GAMAPE COM. DE PECAS, FERRAMENTAS E SERVIÇOS LTDA",20,,498.2,436.4,24.91,21.82
02.341.788/0001-25,0,,3170,"GAMAPE COM. DE PECAS, FERRAMENTAS E SERVIÇOS LTDA",20,,777.2,694.4,38.86,34.72
02.341.788/0001-25,0,,3171,"GAMAPE COM. DE PECAS, FERRAMENTAS E SERVIÇOS LTDA",20,,896.8,813.4,44.84,40.67
02.341.788/0001-25,0,,3172,"GAMAPE COM. DE PECAS, FERRAMENTAS E SERVIÇOS LTDA",20,,1096.2,992,54.81,49.6
02.341.788/0001-25,0,,3173,"GAMAPE COM. DE PECAS, FERRAMENTAS E SERVIÇOS LTDA",20,,299,258,14.95,12.9
02.341.788/0001-25,0,,3174,"GAMAPE COM. DE PECAS, FERRAMENTAS E SERVIÇOS LTDA",20,,398.6,357.2,19.93,17.86
02.341.788/0001-25,0,,3175,"GAMAPE COM. DE PECAS, FERRAMENTAS E SERVIÇOS LTDA",20,,478.4,396.8,23.92,19.84
02.341.788/0001-25,0,,3176,"GAMAPE COM. DE PECAS, FERRAMENTAS E SERVIÇOS LTDA",20,,558,496,27.9,24.8
02.341.788/0001-25,0,,3177,"GAMAPE COM. DE PECAS, FERRAMENTAS E SERVIÇOS LTDA",20,,757.4,694.4,37.87,34.72
02.341.788/0001-25,0,,3178,"GAMAPE COM. DE PECAS, FERRAMENTAS E SERVIÇOS LTDA",20,,896.8,793.6,44.84,39.68
02.341.788/0001-25,0,,3179,"GAMAPE COM. DE PECAS, FERRAMENTAS E SERVIÇOS LTDA",20,,996.6,892.8,49.83,44.64
02.341.788/0001-25,0,,3180,"GAMAPE COM. DE PECAS, FERRAMENTAS E SERVIÇOS LTDA",20,,199.4,178.6,9.97,8.93
02.341.788/0001-25,0,,3181,"GAMAPE COM. DE PECAS, FERRAMENTAS E SERVIÇOS LTDA",20,,299,258,14.95,12.9
02.341.788/0001-25,0,,3182,"GAMAPE COM. DE PECAS, FERRAMENTAS E SERVIÇOS LTDA",20,,398.6,357.2,19.93,17.86
02.341.788/0001-25,0,,3183,"GAMAPE COM. DE PECAS, FERRAMENTAS E SERVIÇOS LTDA",20,,498.2,436.4,24.91,21.82
02.341.788/0001-25,0,,3184,"GAMAPE COM. DE PECAS, FERRAMENTAS E SERVIÇOS LTDA",20,,598,535.6,29.9,26.78
02.341.788/0001-25,0,,3185,"GAMAPE COM. DE PECAS, FERRAMENTAS E SERVIÇOS LTDA",20,,697.6,634.8,34.88,31.74
02.341.788/0001-25,0,,3186,"GAMAPE COM. DE PECAS, FERRAMENTAS E SERVIÇOS LTDA",20,,657.6,595.2,32.88,29.76
02.341.788/0001-25,0,,3187,"GAMAPE COM. DE PECAS, FERRAMENTAS E SERVIÇOS LTDA",20,,737.4,674.6,36.87,33.73
02.341.788/0001-25,0,,3188,"GAMAPE COM. DE PECAS, FERRAMENTAS E SERVIÇOS LTDA",20,,797.2,714.2,39.86,35.71
02.341.788/0001-25,0,,3189,"GAMAPE COM. DE PECAS, FERRAMENTAS E SERVIÇOS LTDA",20,,199.4,178.6,9.97,8.93
02.341.788/0001-25,0,,3190,"GAMAPE COM. DE PECAS, FERRAMENTAS E SERVIÇOS LTDA",20,,299,258,14.95,12.9
02.341.788/0001-25,0,,3191,"GAMAPE COM. DE PECAS, FERRAMENTAS E SERVIÇOS LTDA",20,,318.8,277.8,15.94,13.89
02.341.788/0001-25,0,,3192,"GAMAPE COM. DE PECAS, FERRAMENTAS E SERVIÇOS LTDA",20,,358.8,317.4,17.94,15.87
02.341.788/0001-25,0,,3193,"GAMAPE COM. DE PECAS, FERRAMENTAS E SERVIÇOS LTDA",20,,498.2,436.4,24.91,21.82
02.341.788/0001-25,0,,3194,"GAMAPE COM. DE PECAS, FERRAMENTAS E SERVIÇOS LTDA",20,,558,496,27.9,24.8
02.341.788/0001-25,0,,3195,"GAMAPE COM. DE PECAS, FERRAMENTAS E SERVIÇOS LTDA",20,,637.8,555.6,31.89,27.78
02.341.788/0001-25,0,,3196,"GAMAPE COM. DE PECAS, FERRAMENTAS E SERVIÇOS LTDA",20,,797.2,714.2,39.86,35.71
02.341.788/0001-25,0,,3197,"GAMAPE COM. DE PECAS, FERRAMENTAS E SERVIÇOS LTDA",20,,259,218.2,12.95,10.91
02.341.788/0001-25,0,,3198,"GAMAPE COM. DE PECAS, FERRAMENTAS E SERVIÇOS LTDA",20,,299,258,14.95,12.9
02.341.788/0001-25,0,,3199,"GAMAPE COM. DE PECAS, FERRAMENTAS E SERVIÇOS LTDA",20,,398.6,357.2,19.93,17.86
02.341.788/0001-25,0,,3200,"GAMAPE COM. DE PECAS, FERRAMENTAS E SERVIÇOS LTDA",20,,498.2,436.4,24.91,21.82
02.341.788/0001-25,0,,3201,"GAMAPE COM. DE PECAS, FERRAMENTAS E SERVIÇOS LTDA",20,,598,535.6,29.9,26.78
02.341.788/0001-25,0,,3202,"GAMAPE COM. DE PECAS, FERRAMENTAS E SERVIÇOS LTDA",20,,677.6,595.2,33.88,29.76
02.341.788/0001-25,0,,3203,"GAMAPE COM. DE PECAS, FERRAMENTAS E SERVIÇOS LTDA",20,,757.4,674.6,37.87,33.73
02.341.788/0001-25,0,,3204,"GAMAPE COM. DE PECAS, FERRAMENTAS E SERVIÇOS LTDA",20,,877,773.8,43.85,38.69
02.341.788/0001-25,0,,3205,"GAMAPE COM. DE PECAS, FERRAMENTAS E SERVIÇOS LTDA",20,,976.6,853.2,48.83,42.66
02.341.788/0001-25,0,,3206,"GAMAPE COM. DE PECAS, FERRAMENTAS E SERVIÇOS LTDA",20,,1156,1011.8,57.8,50.59
04.246.701/0001-66,0,,1,"AUTOPECAS E MECANICA DE BONA LTDA",2,,1338,1199.88,669,599.94
04.246.701/0001-66,0,,2,"AUTOPECAS E MECANICA DE BONA LTDA",17,,164.39,147.39,9.67,8.67
04.246.701/0001-66,0,,3,"AUTOPECAS E MECANICA DE BONA LTDA",4,,505.32,453.12,126.33,113.28
04.246.701/0001-66,0,,4,"AUTOPECAS E MECANICA DE BONA LTDA",4,,452,405.36,113,101.34
04.246.701/0001-66,0,,5,"AUTOPECAS E MECANICA DE BONA LTDA",4,,413.32,370.64,103.33,92.66
04.246.701/0001-66,0,,6,"AUTOPECAS E MECANICA DE BONA LTDA",4,,374.68,336,93.67,84
04.246.701/0001-66,0,,7,"AUTOPECAS E MECANICA DE BONA LTDA",8,,1130.64,1013.84,141.33,126.73
04.246.701/0001-66,0,,8,"AUTOPECAS E MECANICA DE BONA LTDA",5,,898.35,805.6,179.67,161.12
04.246.701/0001-66,0,,9,"AUTOPECAS E MECANICA DE BONA LTDA",2,,428,383.82,214,191.91
04.246.701/0001-66,0,,10,"AUTOPECAS E MECANICA DE BONA LTDA",1,,1833,1643.79,1833,1643.79
04.246.701/0001-66,0,,11,"AUTOPECAS E MECANICA DE BONA LTDA",2,,497.34,446,248.67,223
04.246.701/0001-66,0,,12,"AUTOPECAS E MECANICA DE BONA LTDA",2,,188.66,169.18,94.33,84.59
04.246.701/0001-66,0,,13,"AUTOPECAS E MECANICA DE BONA LTDA",1,,722.67,648.07,722.67,648.07
04.246.701/0001-66,0,,14,"AUTOPECAS E MECANICA DE BONA LTDA",4,,3608,3235.56,902,808.89
04.246.701/0001-66,0,,15,"AUTOPECAS E MECANICA DE BONA LTDA",4,,964,864.48,241,216.12
04.246.701/0001-66,0,,16,"AUTOPECAS E MECANICA DE BONA LTDA",4,,789.32,707.8,197.33,176.95
04.246.701/0001-66,0,,17,"AUTOPECAS E MECANICA DE BONA LTDA",1,,2444.67,2192.32,2444.67,2192.32
04.246.701/0001-66,0,,18,"AUTOPECAS E MECANICA DE BONA LTDA",1,,1854,1662.62,1854,1662.62
04.246.701/0001-66,0,,19,"AUTOPECAS E MECANICA DE BONA LTDA",1,,1177.67,1056.1,1177.67,1056.1
04.246.701/0001-66,0,,20,"AUTOPECAS E MECANICA DE BONA LTDA",12,,183.96,164.88,15.33,13.74
04.246.701/0001-66,0,,21,"AUTOPECAS E MECANICA DE BONA LTDA",1,,1668,1495.82,1668,1495.82
04.246.701/0001-66,0,,22,"AUTOPECAS E MECANICA DE BONA LTDA",1,,992,889.6,992,889.6
04.246.701/0001-66,0,,23,"AUTOPECAS E MECANICA DE BONA LTDA",1,,220,197.29,220,197.29
04.246.701/0001-66,0,,24,"AUTOPECAS E MECANICA DE BONA LTDA",1,,363,325.53,363,325.53
04.246.701/0001-66,0,,25,"AUTOPECAS E MECANICA DE BONA LTDA",1,,896,803.51,896,803.51
04.246.701/0001-66,0,,26,"AUTOPECAS E MECANICA DE BONA LTDA",1,,770.33,690.81,770.33,690.81
04.246.701/0001-66,0,,27,"AUTOPECAS E MECANICA DE BONA LTDA",4,,94.68,84.88,23.67,21.22
04.246.701/0001-66,0,,28,"AUTOPECAS E MECANICA DE BONA LTDA",2,,715.34,641.5,357.67,320.75
04.246.701/0001-66,0,,29,"AUTOPECAS E MECANICA DE BONA LTDA",1,,4712.67,4226.21,4712.67,4226.21
04.246.701/0001-66,0,,30,"AUTOPECAS E MECANICA DE BONA LTDA",4,,68,61,17,15.25
04.246.701/0001-66,0,,31,"AUTOPECAS E MECANICA DE BONA LTDA",2,,511.34,458.56,255.67,229.28
04.246.701/0001-66,0,,32,"AUTOPECAS E MECANICA DE BONA LTDA",1,,2473.67,2218.33,2473.67,2218.33
04.246.701/0001-66,0,,33,"AUTOPECAS E MECANICA DE BONA LTDA",1,,1498.33,1343.66,1498.33,1343.66
04.246.701/0001-66,0,,34,"AUTOPECAS E MECANICA DE BONA LTDA",1,,739,662.72,739,662.72
04.246.701/0001-66,0,,35,"AUTOPECAS E MECANICA DE BONA LTDA",2,,700.66,628.32,350.33,314.16
04.246.701/0001-66,0,,36,"AUTOPECAS E MECANICA DE BONA LTDA",6,,79.98,71.7,13.33,11.95
04.246.701/0001-66,0,,37,"AUTOPECAS E MECANICA DE BONA LTDA",2,,515.34,462.14,257.67,231.07
04.246.701/0001-66,0,,38,"AUTOPECAS E MECANICA DE BONA LTDA",1,,472,423.28,472,423.28
04.246.701/0001-66,0,,39,"AUTOPECAS E MECANICA DE BONA LTDA",1,,631.33,566.15,631.33,566.15
04.246.701/0001-66,0,,40,"AUTOPECAS E MECANICA DE BONA LTDA",4,,477.32,428.04,119.33,107.01
04.246.701/0001-66,0,,41,"AUTOPECAS E MECANICA DE BONA LTDA",1,,379,339.88,379,339.88
04.246.701/0001-66,0,,42,"AUTOPECAS E MECANICA DE BONA LTDA",1,,1850.33,1659.32,1850.33,1659.32
04.246.701/0001-66,0,,43,"AUTOPECAS E MECANICA DE BONA LTDA",2,,362,324.64,181,162.32
04.246.701/0001-66,0,,44,"AUTOPECAS E MECANICA DE BONA LTDA",2,,362,324.64,181,162.32
04.246.701/0001-66,0,,45,"AUTOPECAS E MECANICA DE BONA LTDA",2,,362,324.64,181,162.32
04.246.701/0001-66,0,,46,"AUTOPECAS E MECANICA DE BONA LTDA",2,,1502,1346.96,751,673.48
04.246.701/0001-66,0,,47,"AUTOPECAS E MECANICA DE BONA LTDA",1,,8405.33,7537.69,8405.33,7537.69
04.246.701/0001-66,0,,48,"AUTOPECAS E MECANICA DE BONA LTDA",1,,181.67,162.91,181.67,162.91
04.246.701/0001-66,0,,49,"AUTOPECAS E MECANICA DE BONA LTDA",1,,3615.67,3242.44,3615.67,3242.44
04.246.701/0001-66,0,,50,"AUTOPECAS E MECANICA DE BONA LTDA",1,,1808,1621.37,1808,1621.37
04.246.701/0001-66,0,,51,"AUTOPECAS E MECANICA DE BONA LTDA",1,,793,711.14,793,711.14
04.246.701/0001-66,0,,52,"AUTOPECAS E MECANICA DE BONA LTDA",2,,1103.34,989.44,551.67,494.72
04.246.701/0001-66,0,,53,"AUTOPECAS E MECANICA DE BONA LTDA",1,,324.67,291.15,324.67,291.15
04.246.701/0001-66,0,,54,"AUTOPECAS E MECANICA DE BONA LTDA",1,,755.33,677.35,755.33,677.35
04.246.701/0001-66,0,,55,"AUTOPECAS E MECANICA DE BONA LTDA",1,,1478.67,1326.03,1478.67,1326.03
04.246.701/0001-66,0,,56,"AUTOPECAS E MECANICA DE BONA LTDA",2,,3626.66,3252.28,1813.33,1626.14
04.246.701/0001-66,0,,57,"AUTOPECAS E MECANICA DE BONA LTDA",2,,3366.66,3019.12,1683.33,1509.56
04.246.701/0001-66,0,,58,"AUTOPECAS E MECANICA DE BONA LTDA",4,,5333.32,4782.76,1333.33,1195.69
04.246.701/0001-66,0,,59,"AUTOPECAS E MECANICA DE BONA LTDA",1,,18763.33,16826.5,18763.33,16826.5
04.246.701/0001-66,0,,60,"AUTOPECAS E MECANICA DE BONA LTDA",10,,143.3,128.4,14.33,12.84
04.246.701/0001-66,0,,61,"AUTOPECAS E MECANICA DE BONA LTDA",10,,110,98.6,11,9.86
04.246.701/0001-66,0,,62,"AUTOPECAS E MECANICA DE BONA LTDA",1,,4673.33,4190.92,4673.33,4190.92
04.246.701/0001-66,0,,63,"AUTOPECAS E MECANICA DE BONA LTDA",8,,77.36,69.36,9.67,8.67
04.246.701/0001-66,0,,64,"AUTOPECAS E MECANICA DE BONA LTDA",8,,138.64,124.24,17.33,15.53
04.246.701/0001-66,0,,65,"AUTOPECAS E MECANICA DE BONA LTDA",8,,162.64,145.76,20.33,18.22
04.246.701/0001-66,0,,66,"AUTOPECAS E MECANICA DE BONA LTDA",1,,1316.67,1180.76,1316.67,1180.76
04.246.701/0001-66,0,,67,"AUTOPECAS E MECANICA DE BONA LTDA",4,,1792,1607.04,448,401.76
04.246.701/0001-66,0,,68,"AUTOPECAS E MECANICA DE BONA LTDA",4,,1530.68,1372.68,382.67,343.17
04.246.701/0001-66,0,,69,"AUTOPECAS E MECANICA DE BONA LTDA",4,,2097.32,1880.8,524.33,470.2
04.246.701/0001-66,0,,70,"AUTOPECAS E MECANICA DE BONA LTDA",4,,1422.68,1275.8,355.67,318.95
04.246.701/0001-66,0,,71,"AUTOPECAS E MECANICA DE BONA LTDA",2,,8521.34,7641.72,4260.67,3820.86
04.246.701/0001-66,0,,72,"AUTOPECAS E MECANICA DE BONA LTDA",2,,1804.66,1618.36,902.33,809.18
04.246.701/0001-66,0,,73,"AUTOPECAS E MECANICA DE BONA LTDA",2,,1858.66,1666.78,929.33,833.39
04.246.701/0001-66,0,,74,"AUTOPECAS E MECANICA DE BONA LTDA",4,,1142.68,1024.72,285.67,256.18
04.246.701/0001-66,0,,75,"AUTOPECAS E MECANICA DE BONA LTDA",4,,1804,1617.8,451,404.45
04.246.701/0001-66,0,,76,"AUTOPECAS E MECANICA DE BONA LTDA",2,,2329.34,2088.9,1164.67,1044.45
04.246.701/0001-66,0,,77,"AUTOPECAS E MECANICA DE BONA LTDA",4,,3782.68,3392.2,945.67,848.05
04.246.701/0001-66,0,,78,"AUTOPECAS E MECANICA DE BONA LTDA",2,,1702.66,1526.9,851.33,763.45
04.246.701/0001-66,0,,79,"AUTOPECAS E MECANICA DE BONA LTDA",4,,1244,1115.6,311,278.9
04.246.701/0001-66,0,,80,"AUTOPECAS E MECANICA DE BONA LTDA",4,,2729.32,2447.56,682.33,611.89
04.246.701/0001-66,0,,81,"AUTOPECAS E MECANICA DE BONA LTDA",368,,2270.56,2035.04,6.17,5.53
04.246.701/0001-66,0,,82,"AUTOPECAS E MECANICA DE BONA LTDA",368,,1240.16,1111.36,3.37,3.02
04.246.701/0001-66,0,,83,"AUTOPECAS E MECANICA DE BONA LTDA",92,,19013.64,17050.36,206.67,185.33
04.246.701/0001-66,0,,84,"AUTOPECAS E MECANICA DE BONA LTDA",92,,4477.64,4014.88,48.67,43.64
04.246.701/0001-66,0,,85,"AUTOPECAS E MECANICA DE BONA LTDA",90,,3539.7,3173.4,39.33,35.26
04.246.701/0001-66,0,,86,"AUTOPECAS E MECANICA DE BONA LTDA",90,,5190.3,4653.9,57.67,51.71
04.246.701/0001-66,0,,87,"AUTOPECAS E MECANICA DE BONA LTDA",4,,3170.68,2843.36,792.67,710.84
04.246.701/0001-66,0,,88,"AUTOPECAS E MECANICA DE BONA LTDA",14,,6911.38,6197.94,493.67,442.71
04.246.701/0001-66,0,,89,"AUTOPECAS E MECANICA DE BONA LTDA",2,,3778,3388.02,1889,1694.01
04.246.701/0001-66,0,,90,"AUTOPECAS E MECANICA DE BONA LTDA",2,,3192.66,2863.08,1596.33,1431.54
04.246.701/0001-66,0,,91,"AUTOPECAS E MECANICA DE BONA LTDA",4,,1064,954.16,266,238.54
04.246.701/0001-66,0,,92,"AUTOPECAS E MECANICA DE BONA LTDA",4,,758.68,680.36,189.67,170.09
04.246.701/0001-66,0,,93,"AUTOPECAS E MECANICA DE BONA LTDA",2,,3756.66,3368.86,1878.33,1684.43
04.246.701/0001-66,0,,94,"AUTOPECAS E MECANICA DE BONA LTDA",36,,720,645.84,20,17.94
04.246.701/0001-66,0,,95,"AUTOPECAS E MECANICA DE BONA LTDA",1,,6713.33,6020.35,6713.33,6020.35
04.246.701/0001-66,0,,96,"AUTOPECAS E MECANICA DE BONA LTDA",14,,79.38,71.12,5.67,5.08
04.246.701/0001-66,0,,97,"AUTOPECAS E MECANICA DE BONA LTDA",1,,3656.67,3279.21,3656.67,3279.21
04.246.701/0001-66,0,,98,"AUTOPECAS E MECANICA DE BONA LTDA",2,,910.66,816.64,455.33,408.32
04.246.701/0001-66,0,,99,"AUTOPECAS E MECANICA DE BONA LTDA",1,,1171.67,1050.72,1171.67,1050.72
04.246.701/0001-66,0,,100,"AUTOPECAS E MECANICA DE BONA LTDA",1,,1363.33,1222.59,1363.33,1222.59
04.246.701/0001-66,0,,101,"AUTOPECAS E MECANICA DE BONA LTDA",1,,241.33,216.41,241.33,216.41
04.246.701/0001-66,0,,102,"AUTOPECAS E MECANICA DE BONA LTDA",1,,386.33,346.44,386.33,346.44
04.246.701/0001-66,0,,103,"AUTOPECAS E MECANICA DE BONA LTDA",1,,986,884.22,986,884.22
04.246.701/0001-66,0,,104,"AUTOPECAS E MECANICA DE BONA LTDA",1,,1680,1506.58,1680,1506.58
04.246.701/0001-66,0,,105,"AUTOPECAS E MECANICA DE BONA LTDA",2,,469.34,420.88,234.67,210.44
04.246.701/0001-66,0,,106,"AUTOPECAS E MECANICA DE BONA LTDA",2,,365.34,327.62,182.67,163.81
04.246.701/0001-66,0,,107,"AUTOPECAS E MECANICA DE BONA LTDA",4,,244,218.8,61,54.7
04.246.701/0001-66,0,,108,"AUTOPECAS E MECANICA DE BONA LTDA",2,,693.34,621.76,346.67,310.88
04.246.701/0001-66,0,,109,"AUTOPECAS E MECANICA DE BONA LTDA",4,,538.68,483.08,134.67,120.77
04.246.701/0001-66,0,,110,"AUTOPECAS E MECANICA DE BONA LTDA",1,,1903.33,1706.85,1903.33,1706.85
04.246.701/0001-66,0,,111,"AUTOPECAS E MECANICA DE BONA LTDA",1,,231.33,207.44,231.33,207.44
04.246.701/0001-66,0,,112,"AUTOPECAS E MECANICA DE BONA LTDA",4,,1008,903.96,252,225.99
04.246.701/0001-66,0,,113,"AUTOPECAS E MECANICA DE BONA LTDA",4,,1177.32,1055.76,294.33,263.94
04.246.701/0001-66,0,,114,"AUTOPECAS E MECANICA DE BONA LTDA",1,,318.67,285.77,318.67,285.77
04.246.701/0001-66,0,,115,"AUTOPECAS E MECANICA DE BONA LTDA",1,,492.67,441.81,492.67,441.81
04.246.701/0001-66,0,,116,"AUTOPECAS E MECANICA DE BONA LTDA",1,,2276.67,2041.66,2276.67,2041.66
04.246.701/0001-66,0,,117,"AUTOPECAS E MECANICA DE BONA LTDA",3,,2348.01,2105.64,782.67,701.88
04.246.701/0001-66,0,,118,"AUTOPECAS E MECANICA DE BONA LTDA",3,,2439.99,2188.11,813.33,729.37
04.246.701/0001-66,0,,119,"AUTOPECAS E MECANICA DE BONA LTDA",4,,3565.32,3197.28,891.33,799.32
04.246.701/0001-66,0,,120,"AUTOPECAS E MECANICA DE BONA LTDA",1,,2461.67,2207.56,2461.67,2207.56
04.246.701/0001-66,0,,121,"AUTOPECAS E MECANICA DE BONA LTDA",8,,42.64,39.6,5.33,4.95
04.246.701/0001-66,0,,122,"AUTOPECAS E MECANICA DE BONA LTDA",2,,240.66,215.8,120.33,107.9
04.246.701/0001-66,0,,123,"AUTOPECAS E MECANICA DE BONA LTDA",1,,1266.67,1135.92,1266.67,1135.92
04.246.701/0001-66,0,,124,"AUTOPECAS E MECANICA DE BONA LTDA",1,,460,412.52,460,412.52
04.246.701/0001-66,0,,125,"AUTOPECAS E MECANICA DE BONA LTDA",1,,383.33,343.75,383.33,343.75
04.246.701/0001-66,0,,126,"AUTOPECAS E MECANICA DE BONA LTDA",1,,3850,3452.59,3850,3452.59
04.246.701/0001-66,0,,127,"AUTOPECAS E MECANICA DE BONA LTDA",8,,1362.64,1221.92,170.33,152.74
04.246.701/0001-66,0,,128,"AUTOPECAS E MECANICA DE BONA LTDA",1,,455,408.03,455,408.03
04.246.701/0001-66,0,,129,"AUTOPECAS E MECANICA DE BONA LTDA",1,,541.67,485.75,541.67,485.75
04.246.701/0001-66,0,,130,"AUTOPECAS E MECANICA DE BONA LTDA",1,,5336.67,4785.8,5336.67,4785.8
04.246.701/0001-66,0,,131,"AUTOPECAS E MECANICA DE BONA LTDA",1,,4666,4184.36,4666,4184.36
04.246.701/0001-66,0,,132,"AUTOPECAS E MECANICA DE BONA LTDA",1,,2470,2215.04,2470,2215.04
04.246.701/0001-66,0,,133,"AUTOPECAS E MECANICA DE BONA LTDA",8,,120,107.6,15,13.45
04.246.701/0001-66,0,,134,"AUTOPECAS E MECANICA DE BONA LTDA",2,,543.34,487.24,271.67,243.62
04.246.701/0001-66,0,,135,"AUTOPECAS E MECANICA DE BONA LTDA",2,,894,801.72,447,400.86
04.246.701/0001-66,0,,136,"AUTOPECAS E MECANICA DE BONA LTDA",1,,1946.67,1745.72,1946.67,1745.72
04.246.701/0001-66,0,,137,"AUTOPECAS E MECANICA DE BONA LTDA",1,,1800,1614.2,1800,1614.2
04.246.701/0001-66,0,,138,"AUTOPECAS E MECANICA DE BONA LTDA",2,,1494,1339.78,747,669.89
04.246.701/0001-66,0,,139,"AUTOPECAS E MECANICA DE BONA LTDA",400,,45868,41132,114.67,102.83
04.246.701/0001-66,0,,2468,"AUTOPECAS E MECANICA DE BONA LTDA",1,,108,94.71,108,94.71
04.246.701/0001-66,0,,2469,"AUTOPECAS E MECANICA DE BONA LTDA",1,,329.33,288.8,329.33,288.8
04.246.701/0001-66,0,,2470,"AUTOPECAS E MECANICA DE BONA LTDA",1,,891,781.37,891,781.37
04.246.701/0001-66,0,,2471,"AUTOPECAS E MECANICA DE BONA LTDA",1,,114.67,100.56,114.67,100.56
04.246.701/0001-66,0,,2472,"AUTOPECAS E MECANICA DE BONA LTDA",4,,344,301.68,86,75.42
04.246.701/0001-66,0,,2473,"AUTOPECAS E MECANICA DE BONA LTDA",8,,349.36,306.32,43.67,38.29
04.246.701/0001-66,0,,2474,"AUTOPECAS E MECANICA DE BONA LTDA",1,,2290,2008.22,2290,2008.22
04.246.701/0001-66,0,,2475,"AUTOPECAS E MECANICA DE BONA LTDA",2,,144.66,126.84,72.33,63.42
04.246.701/0001-66,0,,2476,"AUTOPECAS E MECANICA DE BONA LTDA",6,,46.02,40.32,7.67,6.72
04.246.701/0001-66,0,,2477,"AUTOPECAS E MECANICA DE BONA LTDA",2,,246,215.74,123,107.87
04.246.701/0001-66,0,,2478,"AUTOPECAS E MECANICA DE BONA LTDA",8,,242.64,212.72,30.33,26.59
04.246.701/0001-66,0,,2479,"AUTOPECAS E MECANICA DE BONA LTDA",4,,128,112.56,32,28.14
04.246.701/0001-66,0,,2480,"AUTOPECAS E MECANICA DE BONA LTDA",8,,37.36,32.72,4.67,4.09
04.246.701/0001-66,0,,2481,"AUTOPECAS E MECANICA DE BONA LTDA",8,,32,28.08,4,3.51
04.246.701/0001-66,0,,2482,"AUTOPECAS E MECANICA DE BONA LTDA",1,,1876.67,1645.75,1876.67,1645.75
04.246.701/0001-66,0,,2483,"AUTOPECAS E MECANICA DE BONA LTDA",1,,2760,2420.39,2760,2420.39
04.246.701/0001-66,0,,2484,"AUTOPECAS E MECANICA DE BONA LTDA",1,,2373.33,2081.29,2373.33,2081.29
04.246.701/0001-66,0,,2485,"AUTOPECAS E MECANICA DE BONA LTDA",1,,1441.67,1264.27,1441.67,1264.27
04.246.701/0001-66,0,,2486,"AUTOPECAS E MECANICA DE BONA LTDA",2,,179.34,157.26,89.67,78.63
04.246.701/0001-66,0,,2487,"AUTOPECAS E MECANICA DE BONA LTDA",1,,316,277.12,316,277.12
04.246.701/0001-66,0,,2488,"AUTOPECAS E MECANICA DE BONA LTDA",6,,66,57.9,11,9.65
04.246.701/0001-66,0,,2489,"AUTOPECAS E MECANICA DE BONA LTDA",4,,465.32,408.04,116.33,102.01
04.246.701/0001-66,0,,2490,"AUTOPECAS E MECANICA DE BONA LTDA",4,,382.68,335.6,95.67,83.9
04.246.701/0001-66,0,,2491,"AUTOPECAS E MECANICA DE BONA LTDA",4,,158.68,139.16,39.67,34.79
04.246.701/0001-66,0,,2492,"AUTOPECAS E MECANICA DE BONA LTDA",2,,229.34,201.12,114.67,100.56
04.246.701/0001-66,0,,2493,"AUTOPECAS E MECANICA DE BONA LTDA",4,,18.68,16.36,4.67,4.09
04.246.701/0001-66,0,,2494,"AUTOPECAS E MECANICA DE BONA LTDA",2,,296,259.58,148,129.79
04.246.701/0001-66,0,,2495,"AUTOPECAS E MECANICA DE BONA LTDA",2,,266,233.26,133,116.63
04.246.701/0001-66,0,,2496,"AUTOPECAS E MECANICA DE BONA LTDA",1,,1196.67,1049.42,1196.67,1049.42
04.246.701/0001-66,0,,2497,"AUTOPECAS E MECANICA DE BONA LTDA",4,,30.68,26.88,7.67,6.72
04.246.701/0001-66,0,,2498,"AUTOPECAS E MECANICA DE BONA LTDA",4,,702.68,616.2,175.67,154.05
04.246.701/0001-66,0,,2499,"AUTOPECAS E MECANICA DE BONA LTDA",24,,175.92,154.08,7.33,6.42
04.246.701/0001-66,0,,2500,"AUTOPECAS E MECANICA DE BONA LTDA",4,,254.68,223.32,63.67,55.83
04.246.701/0001-66,0,,2501,"AUTOPECAS E MECANICA DE BONA LTDA",2,,432,378.92,216,189.46
04.246.701/0001-66,0,,2502,"AUTOPECAS E MECANICA DE BONA LTDA",8,,157.36,138,19.67,17.25
04.246.701/0001-66,0,,2503,"AUTOPECAS E MECANICA DE BONA LTDA",2,,151.34,132.72,75.67,66.36
04.246.701/0001-66,0,,2504,"AUTOPECAS E MECANICA DE BONA LTDA",6,,276,242.28,46,40.38
04.246.701/0001-66,0,,2505,"AUTOPECAS E MECANICA DE BONA LTDA",12,,188.04,164.88,15.67,13.74
04.246.701/0001-66,0,,2506,"AUTOPECAS E MECANICA DE BONA LTDA",6,,756,663,126,110.5
04.246.701/0001-66,0,,2507,"AUTOPECAS E MECANICA DE BONA LTDA",2,,3246.66,2847.16,1623.33,1423.58
04.246.701/0001-66,0,,2508,"AUTOPECAS E MECANICA DE BONA LTDA",2,,431.34,378.26,215.67,189.13
04.246.701/0001-66,0,,2509,"AUTOPECAS E MECANICA DE BONA LTDA",6,,103.98,91.14,17.33,15.19
04.246.701/0001-66,0,,2510,"AUTOPECAS E MECANICA DE BONA LTDA",8,,82.64,72.4,10.33,9.05
04.246.701/0001-66,0,,2511,"AUTOPECAS E MECANICA DE BONA LTDA",4,,189.32,166,47.33,41.5
04.246.701/0001-66,0,,2512,"AUTOPECAS E MECANICA DE BONA LTDA",4,,161.32,141.44,40.33,35.36
04.246.701/0001-66,0,,2513,"AUTOPECAS E MECANICA DE BONA LTDA",4,,124,108.76,31,27.19
04.246.701/0001-66,0,,2514,"AUTOPECAS E MECANICA DE BONA LTDA",4,,18.68,16.36,4.67,4.09
04.246.701/0001-66,0,,2515,"AUTOPECAS E MECANICA DE BONA LTDA",16,,53.28,46.56,3.33,2.91
04.246.701/0001-66,0,,2516,"AUTOPECAS E MECANICA DE BONA LTDA",16,,18.72,16.32,1.17,1.02
04.246.701/0001-66,0,,2517,"AUTOPECAS E MECANICA DE BONA LTDA",2,,724,634.92,362,317.46
04.246.701/0001-66,0,,2518,"AUTOPECAS E MECANICA DE BONA LTDA",1,,2723.33,2396.99,2723.33,2396.99
04.246.701/0001-66,0,,2519,"AUTOPECAS E MECANICA DE BONA LTDA",4,,109.32,95.84,27.33,23.96
04.246.701/0001-66,0,,2520,"AUTOPECAS E MECANICA DE BONA LTDA",2,,682,598.08,341,299.04
04.246.701/0001-66,0,,2521,"AUTOPECAS E MECANICA DE BONA LTDA",4,,88,77.16,22,19.29
04.246.701/0001-66,0,,2522,"AUTOPECAS E MECANICA DE BONA LTDA",2,,362,317.46,181,158.73
04.246.701/0001-66,0,,2523,"AUTOPECAS E MECANICA DE BONA LTDA",4,,868,761.2,217,190.3
04.246.701/0001-66,0,,2524,"AUTOPECAS E MECANICA DE BONA LTDA",4,,492,431.48,123,107.87
04.246.701/0001-66,0,,2525,"AUTOPECAS E MECANICA DE BONA LTDA",2,,544.66,477.62,272.33,238.81
04.246.701/0001-66,0,,2526,"AUTOPECAS E MECANICA DE BONA LTDA",2,,390.66,342.58,195.33,171.29
04.246.701/0001-66,0,,2527,"AUTOPECAS E MECANICA DE BONA LTDA",1,,2246.67,1970.22,2246.67,1970.22
04.246.701/0001-66,0,,2528,"AUTOPECAS E MECANICA DE BONA LTDA",1,,1270,1113.73,1270,1113.73
04.246.701/0001-66,0,,2529,"AUTOPECAS E MECANICA DE BONA LTDA",4,,252,221,63,55.25
04.246.701/0001-66,0,,2530,"AUTOPECAS E MECANICA DE BONA LTDA",4,,197.32,173,49.33,43.25
04.246.701/0001-66,0,,2531,"AUTOPECAS E MECANICA DE BONA LTDA",2,,155.34,136.22,77.67,68.11
04.246.701/0001-66,0,,2532,"AUTOPECAS E MECANICA DE BONA LTDA",1,,529.33,464.19,529.33,464.19
04.246.701/0001-66,0,,2533,"AUTOPECAS E MECANICA DE BONA LTDA",2,,333.34,292.32,166.67,146.16
04.246.701/0001-66,0,,2534,"AUTOPECAS E MECANICA DE BONA LTDA",2,,228,199.94,114,99.97
04.246.701/0001-66,0,,2535,"AUTOPECAS E MECANICA DE BONA LTDA",2,,147.34,129.2,73.67,64.6
04.246.701/0001-66,0,,2536,"AUTOPECAS E MECANICA DE BONA LTDA",2,,170,149.08,85,74.54
04.246.701/0001-66,0,,2537,"AUTOPECAS E MECANICA DE BONA LTDA",4,,302.68,265.44,75.67,66.36
04.246.701/0001-66,0,,2538,"AUTOPECAS E MECANICA DE BONA LTDA",4,,78.68,69,19.67,17.25
04.246.701/0001-66,0,,2539,"AUTOPECAS E MECANICA DE BONA LTDA",2,,56,49.1,28,24.55
04.246.701/0001-66,0,,2540,"AUTOPECAS E MECANICA DE BONA LTDA",8,,138.64,121.52,17.33,15.19
04.246.701/0001-66,0,,2541,"AUTOPECAS E MECANICA DE BONA LTDA",2,,597.34,523.84,298.67,261.92
04.246.701/0001-66,0,,2542,"AUTOPECAS E MECANICA DE BONA LTDA",6,,283.98,249,47.33,41.5
04.246.701/0001-66,0,,2543,"AUTOPECAS E MECANICA DE BONA LTDA",2,,666.66,584.62,333.33,292.31
04.246.701/0001-66,0,,2544,"AUTOPECAS E MECANICA DE BONA LTDA",1,,139.67,122.48,139.67,122.48
04.246.701/0001-66,0,,2545,"AUTOPECAS E MECANICA DE BONA LTDA",2,,789.34,692.2,394.67,346.1
04.246.701/0001-66,0,,2546,"AUTOPECAS E MECANICA DE BONA LTDA",2,,355.34,311.62,177.67,155.81
04.246.701/0001-66,0,,2547,"AUTOPECAS E MECANICA DE BONA LTDA",24,,128.88,113.04,5.37,4.71
04.246.701/0001-66,0,,2548,"AUTOPECAS E MECANICA DE BONA LTDA",24,,43.92,38.4,1.83,1.6
04.246.701/0001-66,0,,2549,"AUTOPECAS E MECANICA DE BONA LTDA",100,,11467,10056,114.67,100.56
04.246.701/0001-66,0,,2668,"AUTOPECAS E MECANICA DE BONA LTDA",2,,144.66,127.16,72.33,63.58
04.246.701/0001-66,0,,2669,"AUTOPECAS E MECANICA DE BONA LTDA",2,,177.34,155.88,88.67,77.94
04.246.701/0001-66,0,,2670,"AUTOPECAS E MECANICA DE BONA LTDA",4,,516,453.6,129,113.4
04.246.701/0001-66,0,,2671,"AUTOPECAS E MECANICA DE BONA LTDA",16,,485.28,426.56,30.33,26.66
04.246.701/0001-66,0,,2672,"AUTOPECAS E MECANICA DE BONA LTDA",16,,74.72,65.6,4.67,4.1
04.246.701/0001-66,0,,2673,"AUTOPECAS E MECANICA DE BONA LTDA",32,,202.56,177.92,6.33,5.56
04.246.701/0001-66,0,,2674,"AUTOPECAS E MECANICA DE BONA LTDA",2,,407.34,358.08,203.67,179.04
04.246.701/0001-66,0,,2675,"AUTOPECAS E MECANICA DE BONA LTDA",2,,1446.66,1271.72,723.33,635.86
04.246.701/0001-66,0,,2676,"AUTOPECAS E MECANICA DE BONA LTDA",16,,138.72,121.92,8.67,7.62
04.246.701/0001-66,0,,2677,"AUTOPECAS E MECANICA DE BONA LTDA",6,,85.98,75.54,14.33,12.59
04.246.701/0001-66,0,,2678,"AUTOPECAS E MECANICA DE BONA LTDA",20,,2886.6,2537.4,144.33,126.87
04.246.701/0001-66,0,,2679,"AUTOPECAS E MECANICA DE BONA LTDA",6,,576,506.34,96,84.39
04.246.701/0001-66,0,,2680,"AUTOPECAS E MECANICA DE BONA LTDA",1,,2476.67,2177.18,2476.67,2177.18
04.246.701/0001-66,0,,2681,"AUTOPECAS E MECANICA DE BONA LTDA",1,,2730,2399.88,2730,2399.88
04.246.701/0001-66,0,,2682,"AUTOPECAS E MECANICA DE BONA LTDA",1,,519.67,456.83,519.67,456.83
04.246.701/0001-66,0,,2683,"AUTOPECAS E MECANICA DE BONA LTDA",1,,639.67,562.32,639.67,562.32
04.246.701/0001-66,0,,2684,"AUTOPECAS E MECANICA DE BONA LTDA",8,,981.36,862.64,122.67,107.83
04.246.701/0001-66,0,,2685,"AUTOPECAS E MECANICA DE BONA LTDA",1,,2723.33,2394.01,2723.33,2394.01
04.246.701/0001-66,0,,2686,"AUTOPECAS E MECANICA DE BONA LTDA",8,,389.36,342.24,48.67,42.78
04.246.701/0001-66,0,,2687,"AUTOPECAS E MECANICA DE BONA LTDA",1,,377.67,332,377.67,332
04.246.701/0001-66,0,,2688,"AUTOPECAS E MECANICA DE BONA LTDA",2,,140.66,123.64,70.33,61.82
04.246.701/0001-66,0,,2689,"AUTOPECAS E MECANICA DE BONA LTDA",2,,231.34,203.36,115.67,101.68
04.246.701/0001-66,0,,2690,"AUTOPECAS E MECANICA DE BONA LTDA",2,,202,177.58,101,88.79
04.246.701/0001-66,0,,2691,"AUTOPECAS E MECANICA DE BONA LTDA",12,,56.04,49.2,4.67,4.1
04.246.701/0001-66,0,,2692,"AUTOPECAS E MECANICA DE BONA LTDA",2,,296,260.2,148,130.1
04.246.701/0001-66,0,,2693,"AUTOPECAS E MECANICA DE BONA LTDA",2,,654,574.92,327,287.46
04.246.701/0001-66,0,,2694,"AUTOPECAS E MECANICA DE BONA LTDA",1,,3626.67,3188.12,3626.67,3188.12
04.246.701/0001-66,0,,2695,"AUTOPECAS E MECANICA DE BONA LTDA",2,,422.66,371.54,211.33,185.77
04.246.701/0001-66,0,,2696,"AUTOPECAS E MECANICA DE BONA LTDA",2,,352,309.44,176,154.72
04.246.701/0001-66,0,,2697,"AUTOPECAS E MECANICA DE BONA LTDA",2,,628,552.06,314,276.03
04.246.701/0001-66,0,,2698,"AUTOPECAS E MECANICA DE BONA LTDA",4,,857.32,753.64,214.33,188.41
04.246.701/0001-66,0,,2699,"AUTOPECAS E MECANICA DE BONA LTDA",8,,218.64,192.16,27.33,24.02
04.246.701/0001-66,0,,2700,"AUTOPECAS E MECANICA DE BONA LTDA",2,,354,311.2,177,155.6
04.246.701/0001-66,0,,2701,"AUTOPECAS E MECANICA DE BONA LTDA",8,,152,133.6,19,16.7
04.246.701/0001-66,0,,2702,"AUTOPECAS E MECANICA DE BONA LTDA",8,,128,112.56,16,14.07
04.246.701/0001-66,0,,2703,"AUTOPECAS E MECANICA DE BONA LTDA",16,,165.28,145.12,10.33,9.07
04.246.701/0001-66,0,,2704,"AUTOPECAS E MECANICA DE BONA LTDA",2,,4546.66,3996.86,2273.33,1998.43
04.246.701/0001-66,0,,2705,"AUTOPECAS E MECANICA DE BONA LTDA",4,,634.68,557.92,158.67,139.48
04.246.701/0001-66,0,,2706,"AUTOPECAS E MECANICA DE BONA LTDA",4,,856,752.48,214,188.12
04.246.701/0001-66,0,,2707,"AUTOPECAS E MECANICA DE BONA LTDA",40,,493.2,433.2,12.33,10.83
04.246.701/0001-66,0,,2708,"AUTOPECAS E MECANICA DE BONA LTDA",40,,293.2,257.6,7.33,6.44
04.246.701/0001-66,0,,2709,"AUTOPECAS E MECANICA DE BONA LTDA",2,,1965.34,1727.68,982.67,863.84
04.246.701/0001-66,0,,2710,"AUTOPECAS E MECANICA DE BONA LTDA",12,,111.96,98.28,9.33,8.19
04.246.701/0001-66,0,,2711,"AUTOPECAS E MECANICA DE BONA LTDA",8,,1301.36,1144,162.67,143
04.246.701/0001-66,0,,2712,"AUTOPECAS E MECANICA DE BONA LTDA",2,,1286,1130.5,643,565.25
04.246.701/0001-66,0,,2713,"AUTOPECAS E MECANICA DE BONA LTDA",2,,1542,1355.54,771,677.77
04.246.701/0001-66,0,,2714,"AUTOPECAS E MECANICA DE BONA LTDA",4,,321.32,282.44,80.33,70.61
04.246.701/0001-66,0,,2715,"AUTOPECAS E MECANICA DE BONA LTDA",1,,1306.67,1148.66,1306.67,1148.66
04.246.701/0001-66,0,,2716,"AUTOPECAS E MECANICA DE BONA LTDA",1,,2710,2382.3,2710,2382.3
04.246.701/0001-66,0,,2717,"AUTOPECAS E MECANICA DE BONA LTDA",4,,264,232.08,66,58.02
04.246.701/0001-66,0,,2718,"AUTOPECAS E MECANICA DE BONA LTDA",2,,752,661.06,376,330.53
04.246.701/0001-66,0,,2719,"AUTOPECAS E MECANICA DE BONA LTDA",2,,291.34,256.7,145.67,128.35
04.246.701/0001-66,0,,2720,"AUTOPECAS E MECANICA DE BONA LTDA",4,,89.32,78.48,22.33,19.62
04.246.701/0001-66,0,,2721,"AUTOPECAS E MECANICA DE BONA LTDA",10,,120,105.5,12,10.55
04.246.701/0001-66,0,,2722,"AUTOPECAS E MECANICA DE BONA LTDA",8,,184,161.76,23,20.22
04.246.701/0001-66,0,,2723,"AUTOPECAS E MECANICA DE BONA LTDA",1,,627.67,551.77,627.67,551.77
04.246.701/0001-66,0,,2724,"AUTOPECAS E MECANICA DE BONA LTDA",1,,179.33,157.64,179.33,157.64
04.246.701/0001-66,0,,2725,"AUTOPECAS E MECANICA DE BONA LTDA",2,,148.66,130.66,74.33,65.33
04.246.701/0001-66,0,,2726,"AUTOPECAS E MECANICA DE BONA LTDA",20,,193.4,170,9.67,8.5
04.246.701/0001-66,0,,2727,"AUTOPECAS E MECANICA DE BONA LTDA",8,,602.64,529.68,75.33,66.21
04.246.701/0001-66,0,,2728,"AUTOPECAS E MECANICA DE BONA LTDA",2,,228.66,201,114.33,100.5
04.246.701/0001-66,0,,2729,"AUTOPECAS E MECANICA DE BONA LTDA",8,,74.64,65.52,9.33,8.19
04.246.701/0001-66,0,,2730,"AUTOPECAS E MECANICA DE BONA LTDA",8,,74.64,65.52,9.33,8.19
04.246.701/0001-66,0,,2731,"AUTOPECAS E MECANICA DE BONA LTDA",2,,137.34,120.72,68.67,60.36
04.246.701/0001-66,0,,2732,"AUTOPECAS E MECANICA DE BONA LTDA",1,,1766,1552.45,1766,1552.45
04.246.701/0001-66,0,,2733,"AUTOPECAS E MECANICA DE BONA LTDA",9,,2331,2049.12,259,227.68
04.246.701/0001-66,0,,2734,"AUTOPECAS E MECANICA DE BONA LTDA",2,,730.66,642.3,365.33,321.15
04.246.701/0001-66,0,,2735,"AUTOPECAS E MECANICA DE BONA LTDA",2,,1172.66,1030.84,586.33,515.42
04.246.701/0001-66,0,,2736,"AUTOPECAS E MECANICA DE BONA LTDA",1,,1300.67,1143.39,1300.67,1143.39
04.246.701/0001-66,0,,2737,"AUTOPECAS E MECANICA DE BONA LTDA",2,,1334,1172.68,667,586.34
04.246.701/0001-66,0,,2738,"AUTOPECAS E MECANICA DE BONA LTDA",2,,1175.34,1033.2,587.67,516.6
04.246.701/0001-66,0,,2739,"AUTOPECAS E MECANICA DE BONA LTDA",2,,1242.66,1092.38,621.33,546.19
04.246.701/0001-66,0,,2740,"AUTOPECAS E MECANICA DE BONA LTDA",2,,1575.34,1384.84,787.67,692.42
04.246.701/0001-66,0,,2741,"AUTOPECAS E MECANICA DE BONA LTDA",100,,11467,10080,114.67,100.8
06.274.936/0001-97,0,,349,"MARCIA ELIANE DA SILVA",4,,924,842.88,231,210.72
06.274.936/0001-97,0,,350,"MARCIA ELIANE DA SILVA",2,,228.66,208.58,114.33,104.29
06.274.936/0001-97,0,,351,"MARCIA ELIANE DA SILVA",8,,82.64,75.36,10.33,9.42
06.274.936/0001-97,0,,352,"MARCIA ELIANE DA SILVA",1,,237,216.2,237,216.2
06.274.936/0001-97,0,,353,"MARCIA ELIANE DA SILVA",1,,179.33,163.58,179.33,163.58
06.274.936/0001-97,0,,354,"MARCIA ELIANE DA SILVA",1,,204.33,186.39,204.33,186.39
06.274.936/0001-97,0,,355,"MARCIA ELIANE DA SILVA",4,,397.32,362.44,99.33,90.61
06.274.936/0001-97,0,,356,"MARCIA ELIANE DA SILVA",2,,964.66,879.98,482.33,439.99
06.274.936/0001-97,0,,357,"MARCIA ELIANE DA SILVA",2,,1218.66,1111.68,609.33,555.84
06.274.936/0001-97,0,,358,"MARCIA ELIANE DA SILVA",2,,628,572.88,314,286.44
06.274.936/0001-97,0,,359,"MARCIA ELIANE DA SILVA",4,,50.68,46.2,12.67,11.55
06.274.936/0001-97,0,,360,"MARCIA ELIANE DA SILVA",10,,64.3,58.6,6.43,5.86
06.274.936/0001-97,0,,361,"MARCIA ELIANE DA SILVA",1,,77,70.24,77,70.24
06.274.936/0001-97,0,,362,"MARCIA ELIANE DA SILVA",2,,148.66,135.6,74.33,67.8
06.274.936/0001-97,0,,363,"MARCIA ELIANE DA SILVA",1,,3673.33,3350.88,3673.33,3350.88
06.274.936/0001-97,0,,364,"MARCIA ELIANE DA SILVA",20,,93.4,85,4.67,4.25
06.274.936/0001-97,0,,365,"MARCIA ELIANE DA SILVA",2,,1310.66,1195.6,655.33,597.8
06.274.936/0001-97,0,,366,"MARCIA ELIANE DA SILVA",1,,2343.33,2137.63,2343.33,2137.63
06.274.936/0001-97,0,,367,"MARCIA ELIANE DA SILVA",16,,26.72,24.32,1.67,1.52
06.274.936/0001-97,0,,368,"MARCIA ELIANE DA SILVA",8,,63.2,57.6,7.9,7.2
06.274.936/0001-97,0,,369,"MARCIA ELIANE DA SILVA",1,,807.67,736.77,807.67,736.77
06.274.936/0001-97,0,,370,"MARCIA ELIANE DA SILVA",8,,42.64,38.88,5.33,4.86
06.274.936/0001-97,0,,371,"MARCIA ELIANE DA SILVA",2,,220.66,201.28,110.33,100.64
06.274.936/0001-97,0,,372,"MARCIA ELIANE DA SILVA",4,,50.68,46.2,12.67,11.55
06.274.936/0001-97,0,,373,"MARCIA ELIANE DA SILVA",2,,432,394.08,216,197.04
06.274.936/0001-97,0,,374,"MARCIA ELIANE DA SILVA",2,,172.66,157.5,86.33,78.75
06.274.936/0001-97,0,,375,"MARCIA ELIANE DA SILVA",2,,234,213.46,117,106.73
06.274.936/0001-97,0,,376,"MARCIA ELIANE DA SILVA",1,,1856.67,1693.68,1856.67,1693.68
06.274.936/0001-97,0,,377,"MARCIA ELIANE DA SILVA",1,,1179.67,1076.11,1179.67,1076.11
06.274.936/0001-97,0,,378,"MARCIA ELIANE DA SILVA",2,,148,135,74,67.5
06.274.936/0001-97,0,,379,"MARCIA ELIANE DA SILVA",6,,481.98,439.62,80.33,73.27
06.274.936/0001-97,0,,380,"MARCIA ELIANE DA SILVA",30,,30.9,27.9,1.03,0.93
06.274.936/0001-97,0,,381,"MARCIA ELIANE DA SILVA",1,,289.67,264.24,289.67,264.24
06.274.936/0001-97,0,,382,"MARCIA ELIANE DA SILVA",1,,284.33,259.37,284.33,259.37
06.274.936/0001-97,0,,383,"MARCIA ELIANE DA SILVA",6,,168,153.24,28,25.54
06.274.936/0001-97,0,,384,"MARCIA ELIANE DA SILVA",1,,4390,4004.64,4390,4004.64
06.274.936/0001-97,0,,385,"MARCIA ELIANE DA SILVA",2,,365.34,333.26,182.67,166.63
06.274.936/0001-97,0,,386,"MARCIA ELIANE DA SILVA",2,,365.34,333.26,182.67,166.63
06.274.936/0001-97,0,,387,"MARCIA ELIANE DA SILVA",4,,432,394.08,108,98.52
06.274.936/0001-97,0,,388,"MARCIA ELIANE DA SILVA",1,,836,762.61,836,762.61
06.274.936/0001-97,0,,389,"MARCIA ELIANE DA SILVA",18,,930.06,848.34,51.67,47.13
06.274.936/0001-97,0,,390,"MARCIA ELIANE DA SILVA",18,,1193.94,1089,66.33,60.5
06.274.936/0001-97,0,,391,"MARCIA ELIANE DA SILVA",8,,122.64,111.84,15.33,13.98
06.274.936/0001-97,0,,392,"MARCIA ELIANE DA SILVA",6,,397.98,363,66.33,60.5
06.274.936/0001-97,0,,393,"MARCIA ELIANE DA SILVA",6,,706.02,643.98,117.67,107.33
06.274.936/0001-97,0,,394,"MARCIA ELIANE DA SILVA",16,,33.12,30.08,2.07,1.88
06.274.936/0001-97,0,,395,"MARCIA ELIANE DA SILVA",12,,116.04,105.72,9.67,8.81
06.274.936/0001-97,0,,396,"MARCIA ELIANE DA SILVA",2,,1312,1196.84,656,598.42
06.274.936/0001-97,0,,397,"MARCIA ELIANE DA SILVA",2,,2052,1871.88,1026,935.94
06.274.936/0001-97,0,,398,"MARCIA ELIANE DA SILVA",2,,3172,2893.56,1586,1446.78
06.274.936/0001-97,0,,399,"MARCIA ELIANE DA SILVA",4,,2457.32,2241.6,614.33,560.4
06.274.936/0001-97,0,,400,"MARCIA ELIANE DA SILVA",2,,172,156.9,86,78.45
06.274.936/0001-97,0,,401,"MARCIA ELIANE DA SILVA",2,,251.34,229.26,125.67,114.63
06.274.936/0001-97,0,,402,"MARCIA ELIANE DA SILVA",4,,65.32,59.56,16.33,14.89
06.274.936/0001-97,0,,403,"MARCIA ELIANE DA SILVA",8,,584,532.72,73,66.59
06.274.936/0001-97,0,,404,"MARCIA ELIANE DA SILVA",6,,972,886.68,162,147.78
06.274.936/0001-97,0,,405,"MARCIA ELIANE DA SILVA",6,,1716,1565.34,286,260.89
06.274.936/0001-97,0,,406,"MARCIA ELIANE DA SILVA",32,,330.56,301.44,10.33,9.42
06.274.936/0001-97,0,,407,"MARCIA ELIANE DA SILVA",16,,576,525.44,36,32.84
06.274.936/0001-97,0,,408,"MARCIA ELIANE DA SILVA",2,,820.66,748.62,410.33,374.31
06.274.936/0001-97,0,,409,"MARCIA ELIANE DA SILVA",4,,336,306.52,84,76.63
06.274.936/0001-97,0,,410,"MARCIA ELIANE DA SILVA",8,,248,226.24,31,28.28
06.274.936/0001-97,0,,411,"MARCIA ELIANE DA SILVA",2,,602,549.16,301,274.58
06.274.936/0001-97,0,,412,"MARCIA ELIANE DA SILVA",4,,314.68,287.04,78.67,71.76
06.274.936/0001-97,0,,413,"MARCIA ELIANE DA SILVA",2,,558.66,509.62,279.33,254.81
06.274.936/0001-97,0,,414,"MARCIA ELIANE DA SILVA",6,,1573.98,1435.8,262.33,239.3
06.274.936/0001-97,0,,415,"MARCIA ELIANE DA SILVA",6,,1573.98,1435.8,262.33,239.3
06.274.936/0001-97,0,,416,"MARCIA ELIANE DA SILVA",24,,1560,1422.96,65,59.29
06.274.936/0001-97,0,,417,"MARCIA ELIANE DA SILVA",8,,752,686,94,85.75
06.274.936/0001-97,0,,418,"MARCIA ELIANE DA SILVA",40,,70.8,64.4,1.77,1.61
06.274.936/0001-97,0,,419,"MARCIA ELIANE DA SILVA",30,,429.9,392.1,14.33,13.07
06.274.936/0001-97,0,,420,"MARCIA ELIANE DA SILVA",2,,946,862.64,473,431.32
06.274.936/0001-97,0,,421,"MARCIA ELIANE DA SILVA",4,,182.68,166.6,45.67,41.65
06.274.936/0001-97,0,,422,"MARCIA ELIANE DA SILVA",8,,101.36,92.4,12.67,11.55
06.274.936/0001-97,0,,423,"MARCIA ELIANE DA SILVA",1,,2831,2582.49,2831,2582.49
06.274.936/0001-97,0,,424,"MARCIA ELIANE DA SILVA",1,,1540,1404.82,1540,1404.82
06.274.936/0001-97,0,,425,"MARCIA ELIANE DA SILVA",6,,678,618.48,113,103.08
06.274.936/0001-97,0,,426,"MARCIA ELIANE DA SILVA",6,,736.02,671.4,122.67,111.9
06.274.936/0001-97,0,,427,"MARCIA ELIANE DA SILVA",1,,5796.33,5287.52,5796.33,5287.52
06.274.936/0001-97,0,,428,"MARCIA ELIANE DA SILVA",4,,3664,3342.36,916,835.59
06.274.936/0001-97,0,,429,"MARCIA ELIANE DA SILVA",2,,5061.34,4617.04,2530.67,2308.52
06.274.936/0001-97,0,,430,"MARCIA ELIANE DA SILVA",4,,3901.32,3558.84,975.33,889.71
06.274.936/0001-97,0,,431,"MARCIA ELIANE DA SILVA",32,,61.76,56.32,1.93,1.76
06.274.936/0001-97,0,,432,"MARCIA ELIANE DA SILVA",4,,4.12,3.72,1.03,0.93
06.274.936/0001-97,0,,433,"MARCIA ELIANE DA SILVA",1,,952.33,868.73,952.33,868.73
06.274.936/0001-97,0,,434,"MARCIA ELIANE DA SILVA",2,,114.66,104.58,57.33,52.29
06.274.936/0001-97,0,,435,"MARCIA ELIANE DA SILVA",10,,75.7,69,7.57,6.9
06.274.936/0001-97,0,,436,"MARCIA ELIANE DA SILVA",4,,157.32,143.48,39.33,35.87
06.274.936/0001-97,0,,437,"MARCIA ELIANE DA SILVA",8,,122.64,111.84,15.33,13.98
06.274.936/0001-97,0,,438,"MARCIA ELIANE DA SILVA",4,,28,25.56,7,6.39
06.274.936/0001-97,0,,439,"MARCIA ELIANE DA SILVA",4,,77.32,70.52,19.33,17.63
06.274.936/0001-97,0,,440,"MARCIA ELIANE DA SILVA",4,,617.32,563.12,154.33,140.78
06.274.936/0001-97,0,,441,"MARCIA ELIANE DA SILVA",8,,77.36,70.48,9.67,8.81
06.274.936/0001-97,0,,442,"MARCIA ELIANE DA SILVA",8,,632,576.56,79,72.07
06.274.936/0001-97,0,,443,"MARCIA ELIANE DA SILVA",1,,3760,3429.94,3760,3429.94
06.274.936/0001-97,0,,444,"MARCIA ELIANE DA SILVA",8,,298.64,272.4,37.33,34.05
06.274.936/0001-97,0,,445,"MARCIA ELIANE DA SILVA",16,,23.52,21.44,1.47,1.34
06.274.936/0001-97,0,,446,"MARCIA ELIANE DA SILVA",8,,197.36,180,24.67,22.5
06.274.936/0001-97,0,,447,"MARCIA ELIANE DA SILVA",4,,516,470.72,129,117.68
06.274.936/0001-97,0,,448,"MARCIA ELIANE DA SILVA",4,,841.32,767.44,210.33,191.86
06.274.936/0001-97,0,,449,"MARCIA ELIANE DA SILVA",4,,43.2,39.4,10.8,9.85
06.274.936/0001-97,0,,450,"MARCIA ELIANE DA SILVA",8,,296,270,37,33.75
06.274.936/0001-97,0,,451,"MARCIA ELIANE DA SILVA",1,,1493.33,1362.24,1493.33,1362.24
06.274.936/0001-97,0,,452,"MARCIA ELIANE DA SILVA",2,,1282,1169.46,641,584.73
06.274.936/0001-97,0,,453,"MARCIA ELIANE DA SILVA",4,,1633.32,1489.92,408.33,372.48
06.274.936/0001-97,0,,454,"MARCIA ELIANE DA SILVA",2,,1918.66,1750.22,959.33,875.11
06.274.936/0001-97,0,,455,"MARCIA ELIANE DA SILVA",1,,766.67,699.36,766.67,699.36
06.274.936/0001-97,0,,456,"MARCIA ELIANE DA SILVA",2,,311.34,284,155.67,142
06.274.936/0001-97,0,,457,"MARCIA ELIANE DA SILVA",1,,652.67,595.37,652.67,595.37
06.274.936/0001-97,0,,458,"MARCIA ELIANE DA SILVA",2,,282.66,257.84,141.33,128.92
06.274.936/0001-97,0,,459,"MARCIA ELIANE DA SILVA",8,,82.64,75.36,10.33,9.42
06.274.936/0001-97,0,,460,"MARCIA ELIANE DA SILVA",1,,1136.67,1036.88,1136.67,1036.88
06.274.936/0001-97,0,,461,"MARCIA ELIANE DA SILVA",1,,1200,1130.36,1200,1130.36
06.274.936/0001-97,0,,462,"MARCIA ELIANE DA SILVA",2,,1800.66,1642.58,900.33,821.29
06.274.936/0001-97,0,,463,"MARCIA ELIANE DA SILVA",8,,290.64,265.12,36.33,33.14
06.274.936/0001-97,0,,464,"MARCIA ELIANE DA SILVA",32,,244.16,222.4,7.63,6.95
06.274.936/0001-97,0,,465,"MARCIA ELIANE DA SILVA",4,,130.68,119.2,32.67,29.8
06.274.936/0001-97,0,,466,"MARCIA ELIANE DA SILVA",4,,3460,3156.28,865,789.07
06.274.936/0001-97,0,,467,"MARCIA ELIANE DA SILVA",2,,5913.34,5394.24,2956.67,2697.12
06.274.936/0001-97,0,,468,"MARCIA ELIANE DA SILVA",1,,651,593.83,651,593.83
06.274.936/0001-97,0,,469,"MARCIA ELIANE DA SILVA",4,,365.32,333.24,91.33,83.31
06.274.936/0001-97,0,,470,"MARCIA ELIANE DA SILVA",4,,512,467.04,128,116.76
06.274.936/0001-97,0,,471,"MARCIA ELIANE DA SILVA",4,,482.68,440.28,120.67,110.07
06.274.936/0001-97,0,,472,"MARCIA ELIANE DA SILVA",4,,184,167.84,46,41.96
06.274.936/0001-97,0,,473,"MARCIA ELIANE DA SILVA",4,,369.32,336.88,92.33,84.22
06.274.936/0001-97,0,,474,"MARCIA ELIANE DA SILVA",10,,663.3,605,66.33,60.5
06.274.936/0001-97,0,,475,"MARCIA ELIANE DA SILVA",6,,816,744.36,136,124.06
06.274.936/0001-97,0,,476,"MARCIA ELIANE DA SILVA",2,,1078.66,983.96,539.33,491.98
06.274.936/0001-97,0,,477,"MARCIA ELIANE DA SILVA",2,,3589.34,3274.08,1794.67,1637.04
06.274.936/0001-97,0,,478,"MARCIA ELIANE DA SILVA",8,,221.36,201.84,27.67,25.23
06.274.936/0001-97,0,,479,"MARCIA ELIANE DA SILVA",8,,698.64,637.28,87.33,79.66
06.274.936/0001-97,0,,480,"MARCIA ELIANE DA SILVA",300,,34401,31380,114.67,104.6
06.274.936/0001-97,0,,1312,"MARCIA ELIANE DA SILVA",8,,618.64,563.6,77.33,70.45
06.274.936/0001-97,0,,1313,"MARCIA ELIANE DA SILVA",2,,414,377.2,207,188.6
06.274.936/0001-97,0,,1314,"MARCIA ELIANE DA SILVA",12,,111.96,102.12,9.33,8.51
06.274.936/0001-97,0,,1315,"MARCIA ELIANE DA SILVA",8,,58.64,53.44,7.33,6.68
06.274.936/0001-97,0,,1316,"MARCIA ELIANE DA SILVA",2,,266,242.36,133,121.18
06.274.936/0001-97,0,,1317,"MARCIA ELIANE DA SILVA",2,,188.66,171.88,94.33,85.94
06.274.936/0001-97,0,,1318,"MARCIA ELIANE DA SILVA",1,,313.67,285.79,313.67,285.79
06.274.936/0001-97,0,,1319,"MARCIA ELIANE DA SILVA",8,,96,87.12,12,10.89
06.274.936/0001-97,0,,1320,"MARCIA ELIANE DA SILVA",1,,715,651.46,715,651.46
06.274.936/0001-97,0,,1321,"MARCIA ELIANE DA SILVA",2,,234.66,213.8,117.33,106.9
06.274.936/0001-97,0,,1322,"MARCIA ELIANE DA SILVA",1,,414.67,377.81,414.67,377.81
06.274.936/0001-97,0,,1323,"MARCIA ELIANE DA SILVA",2,,11.34,10.32,5.67,5.16
06.274.936/0001-97,0,,1324,"MARCIA ELIANE DA SILVA",2,,20.66,18.82,10.33,9.41
06.274.936/0001-97,0,,1325,"MARCIA ELIANE DA SILVA",1,,163,148.51,163,148.51
06.274.936/0001-97,0,,1326,"MARCIA ELIANE DA SILVA",2,,71.34,64.98,35.67,32.49
06.274.936/0001-97,0,,1327,"MARCIA ELIANE DA SILVA",2,,71.34,64.98,35.67,32.49
06.274.936/0001-97,0,,1328,"MARCIA ELIANE DA SILVA",4,,282.68,257.52,70.67,64.38
06.274.936/0001-97,0,,1329,"MARCIA ELIANE DA SILVA",1,,300,273.34,300,273.34
06.274.936/0001-97,0,,1330,"MARCIA ELIANE DA SILVA",1,,375.33,341.97,375.33,341.97
06.274.936/0001-97,0,,1331,"MARCIA ELIANE DA SILVA",1,,3280,2988.52,3280,2988.52
06.274.936/0001-97,0,,1332,"MARCIA ELIANE DA SILVA",1,,584.67,532.71,584.67,532.71
06.274.936/0001-97,0,,1333,"MARCIA ELIANE DA SILVA",2,,666,606.82,333,303.41
06.274.936/0001-97,0,,1334,"MARCIA ELIANE DA SILVA",2,,638,581.3,319,290.65
06.274.936/0001-97,0,,1335,"MARCIA ELIANE DA SILVA",1,,112.33,102.34,112.33,102.34
06.274.936/0001-97,0,,1336,"MARCIA ELIANE DA SILVA",1,,127,115.71,127,115.71
06.274.936/0001-97,0,,1337,"MARCIA ELIANE DA SILVA",1,,6113.67,5570.37,6113.67,5570.37
06.274.936/0001-97,0,,1338,"MARCIA ELIANE DA SILVA",6,,40.02,36.42,6.67,6.07
06.274.936/0001-97,0,,1339,"MARCIA ELIANE DA SILVA",6,,25.98,23.64,4.33,3.94
06.274.936/0001-97,0,,1340,"MARCIA ELIANE DA SILVA",2,,604,550.32,302,275.16
06.274.936/0001-97,0,,1341,"MARCIA ELIANE DA SILVA",1,,2176.67,1983.23,2176.67,1983.23
06.274.936/0001-97,0,,1342,"MARCIA ELIANE DA SILVA",2,,169.34,154.28,84.67,77.14
06.274.936/0001-97,0,,1343,"MARCIA ELIANE DA SILVA",1,,1380,1257.37,1380,1257.37
06.274.936/0001-97,0,,1344,"MARCIA ELIANE DA SILVA",6,,499.98,455.52,83.33,75.92
06.274.936/0001-97,0,,1345,"MARCIA ELIANE DA SILVA",2,,331.34,301.88,165.67,150.94
06.274.936/0001-97,0,,1346,"MARCIA ELIANE DA SILVA",1,,719,655.11,719,655.11
06.274.936/0001-97,0,,1347,"MARCIA ELIANE DA SILVA",8,,128,116.64,16,14.58
06.274.936/0001-97,0,,1348,"MARCIA ELIANE DA SILVA",1,,941.67,857.98,941.67,857.98
06.274.936/0001-97,0,,1349,"MARCIA ELIANE DA SILVA",1,,3390,3088.75,3390,3088.75
06.274.936/0001-97,0,,1350,"MARCIA ELIANE DA SILVA",1,,627.67,571.89,627.67,571.89
06.274.936/0001-97,0,,1351,"MARCIA ELIANE DA SILVA",8,,248,226,31,28.25
06.274.936/0001-97,0,,1352,"MARCIA ELIANE DA SILVA",1,,310.67,283.06,310.67,283.06
06.274.936/0001-97,0,,1353,"MARCIA ELIANE DA SILVA",1,,62,56.49,62,56.49
06.274.936/0001-97,0,,1354,"MARCIA ELIANE DA SILVA",4,,29.32,26.72,7.33,6.68
06.274.936/0001-97,0,,1355,"MARCIA ELIANE DA SILVA",2,,543.34,495.04,271.67,247.52
06.274.936/0001-97,0,,1356,"MARCIA ELIANE DA SILVA",1,,400.33,364.75,400.33,364.75
06.274.936/0001-97,0,,1357,"MARCIA ELIANE DA SILVA",1,,1063.33,968.83,1063.33,968.83
06.274.936/0001-97,0,,1358,"MARCIA ELIANE DA SILVA",28,,1129.24,1028.72,40.33,36.74
06.274.936/0001-97,0,,1359,"MARCIA ELIANE DA SILVA",24,,703.92,641.28,29.33,26.72
06.274.936/0001-97,0,,1360,"MARCIA ELIANE DA SILVA",2,,552,502.94,276,251.47
06.274.936/0001-97,0,,1361,"MARCIA ELIANE DA SILVA",1,,937.33,854.04,937.33,854.04
06.274.936/0001-97,0,,1362,"MARCIA ELIANE DA SILVA",4,,185.32,168.84,46.33,42.21
06.274.936/0001-97,0,,1363,"MARCIA ELIANE DA SILVA",1,,1299.33,1183.86,1299.33,1183.86
06.274.936/0001-97,0,,1364,"MARCIA ELIANE DA SILVA",1,,284.67,259.37,284.67,259.37
06.274.936/0001-97,0,,1365,"MARCIA ELIANE DA SILVA",1,,836.33,762.01,836.33,762.01
06.274.936/0001-97,0,,1366,"MARCIA ELIANE DA SILVA",2,,41.34,37.66,20.67,18.83
06.274.936/0001-97,0,,1367,"MARCIA ELIANE DA SILVA",2,,1244,1133.46,622,566.73
06.274.936/0001-97,0,,1368,"MARCIA ELIANE DA SILVA",1,,552,502.95,552,502.95
06.274.936/0001-97,0,,1369,"MARCIA ELIANE DA SILVA",2,,172,156.72,86,78.36
06.274.936/0001-97,0,,1370,"MARCIA ELIANE DA SILVA",2,,184.66,168.24,92.33,84.12
06.274.936/0001-97,0,,1371,"MARCIA ELIANE DA SILVA",2,,174,158.54,87,79.27
06.274.936/0001-97,0,,1372,"MARCIA ELIANE DA SILVA",2,,142.66,129.98,71.33,64.99
06.274.936/0001-97,0,,1373,"MARCIA ELIANE DA SILVA",2,,125.34,114.18,62.67,57.09
06.274.936/0001-97,0,,1374,"MARCIA ELIANE DA SILVA",2,,182,165.8,91,82.9
06.274.936/0001-97,0,,1375,"MARCIA ELIANE DA SILVA",2,,216,196.8,108,98.4
06.274.936/0001-97,0,,1376,"MARCIA ELIANE DA SILVA",8,,34.64,31.52,4.33,3.94
06.274.936/0001-97,0,,1377,"MARCIA ELIANE DA SILVA",8,,208,189.52,26,23.69
06.274.936/0001-97,0,,1378,"MARCIA ELIANE DA SILVA",4,,72,65.6,18,16.4
06.274.936/0001-97,0,,1379,"MARCIA ELIANE DA SILVA",4,,189.32,172.48,47.33,43.12
06.274.936/0001-97,0,,1380,"MARCIA ELIANE DA SILVA",4,,288,262.4,72,65.6
06.274.936/0001-97,0,,1381,"MARCIA ELIANE DA SILVA",4,,41.32,37.64,10.33,9.41
06.274.936/0001-97,0,,1382,"MARCIA ELIANE DA SILVA",4,,1025.32,934.2,256.33,233.55
06.274.936/0001-97,0,,1383,"MARCIA ELIANE DA SILVA",8,,725.36,660.88,90.67,82.61
06.274.936/0001-97,0,,1384,"MARCIA ELIANE DA SILVA",4,,472,430.04,118,107.51
06.274.936/0001-97,0,,1385,"MARCIA ELIANE DA SILVA",4,,552,502.96,138,125.74
06.274.936/0001-97,0,,1386,"MARCIA ELIANE DA SILVA",4,,552,502.96,138,125.74
06.274.936/0001-97,0,,1387,"MARCIA ELIANE DA SILVA",4,,333.32,303.68,83.33,75.92
06.274.936/0001-97,0,,1388,"MARCIA ELIANE DA SILVA",4,,14,12.68,3.5,3.17
06.274.936/0001-97,0,,1389,"MARCIA ELIANE DA SILVA",4,,598.68,545.44,149.67,136.36
06.274.936/0001-97,0,,1390,"MARCIA ELIANE DA SILVA",32,,170.56,155.2,5.33,4.85
06.274.936/0001-97,0,,1391,"MARCIA ELIANE DA SILVA",32,,117.44,104.64,3.67,3.27
06.274.936/0001-97,0,,1392,"MARCIA ELIANE DA SILVA",4,,1386.68,1263.44,346.67,315.86
06.274.936/0001-97,0,,1393,"MARCIA ELIANE DA SILVA",2,,331.34,301.88,165.67,150.94
06.274.936/0001-97,0,,1394,"MARCIA ELIANE DA SILVA",4,,1008,918.44,252,229.61
06.274.936/0001-97,0,,1395,"MARCIA ELIANE DA SILVA",4,,38.68,34.88,9.67,8.72
06.274.936/0001-97,0,,1396,"MARCIA ELIANE DA SILVA",2,,5173.34,4712.16,2586.67,2356.08
06.274.936/0001-97,0,,1397,"MARCIA ELIANE DA SILVA",2,,542,493.84,271,246.92
06.274.936/0001-97,0,,1398,"MARCIA ELIANE DA SILVA",4,,510.68,465.28,127.67,116.32
06.274.936/0001-97,0,,1399,"MARCIA ELIANE DA SILVA",2,,4246.66,3869.16,2123.33,1934.58
06.274.936/0001-97,0,,1400,"MARCIA ELIANE DA SILVA",40,,360,328,9,8.2
06.274.936/0001-97,0,,1401,"MARCIA ELIANE DA SILVA",9,,1838.97,1675.53,204.33,186.17
06.274.936/0001-97,0,,1402,"MARCIA ELIANE DA SILVA",9,,722.97,658.71,80.33,73.19
06.274.936/0001-97,0,,1403,"MARCIA ELIANE DA SILVA",6,,547.98,499.26,91.33,83.21
06.274.936/0001-97,0,,1404,"MARCIA ELIANE DA SILVA",40,,386.8,352,9.67,8.8
06.274.936/0001-97,0,,1405,"MARCIA ELIANE DA SILVA",4,,760,692.48,190,173.12
06.274.936/0001-97,0,,1406,"MARCIA ELIANE DA SILVA",8,,1960,1785.84,245,223.23
06.274.936/0001-97,0,,1407,"MARCIA ELIANE DA SILVA",4,,720,656,180,164
06.274.936/0001-97,0,,1408,"MARCIA ELIANE DA SILVA",4,,365.32,332.76,91.33,83.19
06.274.936/0001-97,0,,1409,"MARCIA ELIANE DA SILVA",4,,368,335.2,92,83.8
06.274.936/0001-97,0,,1410,"MARCIA ELIANE DA SILVA",2,,1712,1559.86,856,779.93
06.274.936/0001-97,0,,1411,"MARCIA ELIANE DA SILVA",2,,1230.66,1121.3,615.33,560.65
06.274.936/0001-97,0,,1412,"MARCIA ELIANE DA SILVA",4,,314.68,286.68,78.67,71.67
06.274.936/0001-97,0,,1413,"MARCIA ELIANE DA SILVA",4,,532,484.72,133,121.18
06.274.936/0001-97,0,,1414,"MARCIA ELIANE DA SILVA",1,,906,825.49,906,825.49
06.274.936/0001-97,0,,1415,"MARCIA ELIANE DA SILVA",1,,906,825.49,906,825.49
06.274.936/0001-97,0,,1416,"MARCIA ELIANE DA SILVA",2,,19.34,17.6,9.67,8.8
06.274.936/0001-97,0,,1417,"MARCIA ELIANE DA SILVA",1,,324,295.21,324,295.21
06.274.936/0001-97,0,,1418,"MARCIA ELIANE DA SILVA",2,,141.34,128.76,70.67,64.38
06.274.936/0001-97,0,,1419,"MARCIA ELIANE DA SILVA",4,,21.32,19.4,5.33,4.85
06.274.936/0001-97,0,,1420,"MARCIA ELIANE DA SILVA",2,,110.66,100.82,55.33,50.41
06.274.936/0001-97,0,,1421,"MARCIA ELIANE DA SILVA",2,,148.66,135.44,74.33,67.72
06.274.936/0001-97,0,,1422,"MARCIA ELIANE DA SILVA",2,,232,211.38,116,105.69
06.274.936/0001-97,0,,1423,"MARCIA ELIANE DA SILVA",1,,1363.33,1242.17,1363.33,1242.17
06.274.936/0001-97,0,,1424,"MARCIA ELIANE DA SILVA",1,,1643.33,1496.94,1643.33,1496.94
06.274.936/0001-97,0,,1425,"MARCIA ELIANE DA SILVA",1,,1303.33,1187.51,1303.33,1187.51
06.274.936/0001-97,0,,1426,"MARCIA ELIANE DA SILVA",2,,2186.66,1992.34,1093.33,996.17
06.274.936/0001-97,0,,1427,"MARCIA ELIANE DA SILVA",2,,3986.66,3632.38,1993.33,1816.19
06.274.936/0001-97,0,,1428,"MARCIA ELIANE DA SILVA",1,,3626.67,3304.38,3626.67,3304.38
06.274.936/0001-97,0,,1429,"MARCIA ELIANE DA SILVA",1,,1889.33,1721.43,1889.33,1721.43
06.274.936/0001-97,0,,1430,"MARCIA ELIANE DA SILVA",4,,384,349.88,96,87.47
06.274.936/0001-97,0,,1431,"MARCIA ELIANE DA SILVA",2,,1346.66,1226.98,673.33,613.49
06.274.936/0001-97,0,,1432,"MARCIA ELIANE DA SILVA",8,,125.36,114.16,15.67,14.27
06.274.936/0001-97,0,,1433,"MARCIA ELIANE DA SILVA",8,,114.64,104.4,14.33,13.05
06.274.936/0001-97,0,,1434,"MARCIA ELIANE DA SILVA",8,,485.36,442.16,60.67,55.27
06.274.936/0001-97,0,,1435,"MARCIA ELIANE DA SILVA",8,,114.64,104.4,14.33,13.05
06.274.936/0001-97,0,,1436,"MARCIA ELIANE DA SILVA",4,,426.68,388.72,106.67,97.18
06.274.936/0001-97,0,,1437,"MARCIA ELIANE DA SILVA",8,,256,233.28,32,29.16
06.274.936/0001-97,0,,1438,"MARCIA ELIANE DA SILVA",4,,241.32,219.88,60.33,54.97
06.274.936/0001-97,0,,1439,"MARCIA ELIANE DA SILVA",12,,56.04,51,4.67,4.25
06.274.936/0001-97,0,,1440,"MARCIA ELIANE DA SILVA",2,,913.34,832.16,456.67,416.08
06.274.936/0001-97,0,,1441,"MARCIA ELIANE DA SILVA",2,,382.66,348.64,191.33,174.32
06.274.936/0001-97,0,,1442,"MARCIA ELIANE DA SILVA",8,,58.64,53.44,7.33,6.68
06.274.936/0001-97,0,,1443,"MARCIA ELIANE DA SILVA",8,,56,51.04,7,6.38
06.274.936/0001-97,0,,1444,"MARCIA ELIANE DA SILVA",4,,205.32,187.04,51.33,46.76
06.274.936/0001-97,0,,1445,"MARCIA ELIANE DA SILVA",1,,610,555.79,610,555.79
06.274.936/0001-97,0,,1446,"MARCIA ELIANE DA SILVA",2,,2953.34,2690.88,1476.67,1345.44
06.274.936/0001-97,0,,1447,"MARCIA ELIANE DA SILVA",8,,170.64,155.28,21.33,19.41
06.274.936/0001-97,0,,1448,"MARCIA ELIANE DA SILVA",4,,82.68,75.28,20.67,18.82
06.274.936/0001-97,0,,1449,"MARCIA ELIANE DA SILVA",4,,109.32,99.6,27.33,24.9
06.274.936/0001-97,0,,1450,"MARCIA ELIANE DA SILVA",2,,634,577.66,317,288.83
06.274.936/0001-97,0,,1451,"MARCIA ELIANE DA SILVA",2,,510.66,465.28,255.33,232.64
06.274.936/0001-97,0,,1452,"MARCIA ELIANE DA SILVA",12,,135.96,123.84,11.33,10.32
06.274.936/0001-97,0,,1453,"MARCIA ELIANE DA SILVA",16,,90.72,82.56,5.67,5.16
06.274.936/0001-97,0,,1454,"MARCIA ELIANE DA SILVA",4,,317.32,289,79.33,72.25
06.274.936/0001-97,0,,1455,"MARCIA ELIANE DA SILVA",2,,230,209.56,115,104.78
06.274.936/0001-97,0,,1456,"MARCIA ELIANE DA SILVA",2,,178,162.18,89,81.09
06.274.936/0001-97,0,,1457,"MARCIA ELIANE DA SILVA",2,,296,269.7,148,134.85
06.274.936/0001-97,0,,1458,"MARCIA ELIANE DA SILVA",8,,485.36,442.16,60.67,55.27
06.274.936/0001-97,0,,1459,"MARCIA ELIANE DA SILVA",8,,61.36,55.84,7.67,6.98
06.274.936/0001-97,0,,1460,"MARCIA ELIANE DA SILVA",2,,245.34,223.52,122.67,111.76
06.274.936/0001-97,0,,1461,"MARCIA ELIANE DA SILVA",2,,226,205.92,113,102.96
06.274.936/0001-97,0,,1462,"MARCIA ELIANE DA SILVA",8,,394.64,359.52,49.33,44.94
06.274.936/0001-97,0,,1463,"MARCIA ELIANE DA SILVA",2,,431.34,393,215.67,196.5
06.274.936/0001-97,0,,1464,"MARCIA ELIANE DA SILVA",4,,109.32,99.6,27.33,24.9
06.274.936/0001-97,0,,1465,"MARCIA ELIANE DA SILVA",2,,372,338.94,186,169.47
06.274.936/0001-97,0,,1466,"MARCIA ELIANE DA SILVA",4,,410.68,374.16,102.67,93.54
06.274.936/0001-97,0,,1467,"MARCIA ELIANE DA SILVA",2,,186.66,170.06,93.33,85.03
06.274.936/0001-97,0,,1468,"MARCIA ELIANE DA SILVA",2,,90.66,82.6,45.33,41.3
06.274.936/0001-97,0,,1469,"MARCIA ELIANE DA SILVA",2,,389.34,354.72,194.67,177.36
06.274.936/0001-97,0,,1470,"MARCIA ELIANE DA SILVA",2,,229.34,208.94,114.67,104.47
06.274.936/0001-97,0,,1471,"MARCIA ELIANE DA SILVA",2,,110.66,100.82,55.33,50.41
06.274.936/0001-97,0,,1472,"MARCIA ELIANE DA SILVA",2,,324,295.12,162,147.56
06.274.936/0001-97,0,,1473,"MARCIA ELIANE DA SILVA",4,,126.68,115.4,31.67,28.85
06.274.936/0001-97,0,,1474,"MARCIA ELIANE DA SILVA",4,,88,80.16,22,20.04
06.274.936/0001-97,0,,1475,"MARCIA ELIANE DA SILVA",4,,250.68,228.36,62.67,57.09
06.274.936/0001-97,0,,1476,"MARCIA ELIANE DA SILVA",8,,314.64,286.64,39.33,35.83
06.274.936/0001-97,0,,1477,"MARCIA ELIANE DA SILVA",4,,165.32,150.52,41.33,37.63
06.274.936/0001-97,0,,1478,"MARCIA ELIANE DA SILVA",2,,229.34,208.94,114.67,104.47
06.274.936/0001-97,0,,1479,"MARCIA ELIANE DA SILVA",2,,310,282.46,155,141.23
06.274.936/0001-97,0,,1480,"MARCIA ELIANE DA SILVA",2,,234,213.2,117,106.6
06.274.936/0001-97,0,,1481,"MARCIA ELIANE DA SILVA",2,,721.34,657.22,360.67,328.61
06.274.936/0001-97,0,,1482,"MARCIA ELIANE DA SILVA",2,,1272,1158.96,636,579.48
06.274.936/0001-97,0,,1483,"MARCIA ELIANE DA SILVA",2,,178.66,162.78,89.33,81.39
06.274.936/0001-97,0,,1484,"MARCIA ELIANE DA SILVA",2,,190.66,173.7,95.33,86.85
06.274.936/0001-97,0,,1485,"MARCIA ELIANE DA SILVA",2,,421.34,383.88,210.67,191.94
06.274.936/0001-97,0,,1486,"MARCIA ELIANE DA SILVA",1,,234,213.21,234,213.21
06.274.936/0001-97,0,,1487,"MARCIA ELIANE DA SILVA",300,,33801,30795,112.67,102.65
06.274.936/0001-97,0,,1684,"MARCIA ELIANE DA SILVA",12,,372,335.4,31,27.95
06.274.936/0001-97,0,,1685,"MARCIA ELIANE DA SILVA",3,,611.01,550.92,203.67,183.64
06.274.936/0001-97,0,,1686,"MARCIA ELIANE DA SILVA",8,,82.64,74.48,10.33,9.31
06.274.936/0001-97,0,,1687,"MARCIA ELIANE DA SILVA",12,,116.04,104.64,9.67,8.72
06.274.936/0001-97,0,,1688,"MARCIA ELIANE DA SILVA",20,,286.6,258.4,14.33,12.92
06.274.936/0001-97,0,,1689,"MARCIA ELIANE DA SILVA",6,,58.02,52.32,9.67,8.72
06.274.936/0001-97,0,,1690,"MARCIA ELIANE DA SILVA",6,,49.98,45.06,8.33,7.51
06.274.936/0001-97,0,,1691,"MARCIA ELIANE DA SILVA",2,,325.34,293.32,162.67,146.66
06.274.936/0001-97,0,,1692,"MARCIA ELIANE DA SILVA",10,,46.7,42,4.67,4.2
06.274.936/0001-97,0,,1693,"MARCIA ELIANE DA SILVA",2,,438,394.92,219,197.46
06.274.936/0001-97,0,,1694,"MARCIA ELIANE DA SILVA",3,,165,148.77,55,49.59
06.274.936/0001-97,0,,1695,"MARCIA ELIANE DA SILVA",4,,224,201.96,56,50.49
06.274.936/0001-97,0,,1696,"MARCIA ELIANE DA SILVA",10,,86.7,78.1,8.67,7.81
06.274.936/0001-97,0,,1697,"MARCIA ELIANE DA SILVA",10,,40,36.1,4,3.61
06.274.936/0001-97,0,,1698,"MARCIA ELIANE DA SILVA",3,,666.99,601.38,222.33,200.46
06.274.936/0001-97,0,,1699,"MARCIA ELIANE DA SILVA",4,,57.32,51.68,14.33,12.92
06.274.936/0001-97,0,,1700,"MARCIA ELIANE DA SILVA",4,,309.32,278.88,77.33,69.72
06.274.936/0001-97,0,,1701,"MARCIA ELIANE DA SILVA",4,,378.68,341.4,94.67,85.35
06.274.936/0001-97,0,,1702,"MARCIA ELIANE DA SILVA",3,,701.01,631.74,233.67,210.58
06.274.936/0001-97,0,,1703,"MARCIA ELIANE DA SILVA",20,,93.4,84,4.67,4.2
06.274.936/0001-97,0,,1704,"MARCIA ELIANE DA SILVA",2,,312,281.3,156,140.65
06.274.936/0001-97,0,,1705,"MARCIA ELIANE DA SILVA",3,,413.01,372.36,137.67,124.12
06.274.936/0001-97,0,,1706,"MARCIA ELIANE DA SILVA",2,,372.66,336,186.33,168
06.274.936/0001-97,0,,1707,"MARCIA ELIANE DA SILVA",2,,952,858.34,476,429.17
06.274.936/0001-97,0,,1708,"MARCIA ELIANE DA SILVA",6,,667.98,602.22,111.33,100.37
06.274.936/0001-97,0,,1709,"MARCIA ELIANE DA SILVA",1,,856,771.79,856,771.79
06.274.936/0001-97,0,,1710,"MARCIA ELIANE DA SILVA",1,,1215,1094.69,1215,1094.69
06.274.936/0001-97,0,,1711,"MARCIA ELIANE DA SILVA",20,,926.6,835.4,46.33,41.77
06.274.936/0001-97,0,,1712,"MARCIA ELIANE DA SILVA",20,,593.4,529.2,29.67,26.46
06.274.936/0001-97,0,,1713,"MARCIA ELIANE DA SILVA",4,,257.32,232.08,64.33,58.02
06.274.936/0001-97,0,,1714,"MARCIA ELIANE DA SILVA",2,,718,647.36,359,323.68
06.274.936/0001-97,0,,1715,"MARCIA ELIANE DA SILVA",2,,232.66,209.72,116.33,104.86
06.274.936/0001-97,0,,1716,"MARCIA ELIANE DA SILVA",3,,233.01,210.06,77.67,70.02
06.274.936/0001-97,0,,1717,"MARCIA ELIANE DA SILVA",6,,54,48.66,9,8.11
06.274.936/0001-97,0,,1718,"MARCIA ELIANE DA SILVA",1,,386.33,348.32,386.33,348.32
06.274.936/0001-97,0,,1719,"MARCIA ELIANE DA SILVA",1,,883,796.14,883,796.14
06.274.936/0001-97,0,,1720,"MARCIA ELIANE DA SILVA",12,,132,119.04,11,9.92
06.274.936/0001-97,0,,1721,"MARCIA ELIANE DA SILVA",20,,120,108.2,6,5.41
06.274.936/0001-97,0,,1722,"MARCIA ELIANE DA SILVA",2,,170.66,153.86,85.33,76.93
06.274.936/0001-97,0,,1723,"MARCIA ELIANE DA SILVA",2,,1272,1146.86,636,573.43
06.274.936/0001-97,0,,1724,"MARCIA ELIANE DA SILVA",2,,1062.66,958.12,531.33,479.06
06.274.936/0001-97,0,,1725,"MARCIA ELIANE DA SILVA",12,,51.96,46.8,4.33,3.9
06.274.936/0001-97,0,,1726,"MARCIA ELIANE DA SILVA",3,,102,91.98,34,30.66
06.274.936/0001-97,0,,1727,"MARCIA ELIANE DA SILVA",3,,102,91.98,34,30.66
06.274.936/0001-97,0,,1728,"MARCIA ELIANE DA SILVA",1,,891.33,803.64,891.33,803.64
06.274.936/0001-97,0,,1729,"MARCIA ELIANE DA SILVA",1,,1118,1007.96,1118,1007.96
06.274.936/0001-97,0,,1730,"MARCIA ELIANE DA SILVA",1,,3946.67,3557.64,3946.67,3557.64
06.274.936/0001-97,0,,1731,"MARCIA ELIANE DA SILVA",4,,324,292.12,81,73.03
06.274.936/0001-97,0,,1732,"MARCIA ELIANE DA SILVA",4,,292,263.28,73,65.82
06.274.936/0001-97,0,,1733,"MARCIA ELIANE DA SILVA",2,,608.66,548.78,304.33,274.39
06.274.936/0001-97,0,,1734,"MARCIA ELIANE DA SILVA",2,,532.66,480.26,266.33,240.13
06.274.936/0001-97,0,,1735,"MARCIA ELIANE DA SILVA",8,,77.36,69.68,9.67,8.71
06.274.936/0001-97,0,,1736,"MARCIA ELIANE DA SILVA",4,,1104,995.4,276,248.85
06.274.936/0001-97,0,,1737,"MARCIA ELIANE DA SILVA",4,,398.68,359.44,99.67,89.86
06.274.936/0001-97,0,,1738,"MARCIA ELIANE DA SILVA",8,,277.36,250,34.67,31.25
06.274.936/0001-97,0,,1739,"MARCIA ELIANE DA SILVA",2,,382,344.42,191,172.21
06.274.936/0001-97,0,,1740,"MARCIA ELIANE DA SILVA",2,,470.66,424.36,235.33,212.18
06.274.936/0001-97,0,,1741,"MARCIA ELIANE DA SILVA",8,,562.64,507.28,70.33,63.41
06.274.936/0001-97,0,,1742,"MARCIA ELIANE DA SILVA",8,,469.36,421.84,58.67,52.73
06.274.936/0001-97,0,,1743,"MARCIA ELIANE DA SILVA",8,,576,519.36,72,64.92
06.274.936/0001-97,0,,1744,"MARCIA ELIANE DA SILVA",10,,96.7,87.1,9.67,8.71
06.274.936/0001-97,0,,1745,"MARCIA ELIANE DA SILVA",10,,760,685.2,76,68.52
06.274.936/0001-97,0,,1746,"MARCIA ELIANE DA SILVA",4,,470.68,424.36,117.67,106.09
06.274.936/0001-97,0,,1747,"MARCIA ELIANE DA SILVA",10,,66.7,60.1,6.67,6.01
06.274.936/0001-97,0,,1748,"MARCIA ELIANE DA SILVA",2,,196,176.72,98,88.36
06.274.936/0001-97,0,,1749,"MARCIA ELIANE DA SILVA",4,,1066.68,961.72,266.67,240.43
06.274.936/0001-97,0,,1750,"MARCIA ELIANE DA SILVA",8,,1024,923.28,128,115.41
06.274.936/0001-97,0,,1751,"MARCIA ELIANE DA SILVA",8,,944,851.12,118,106.39
06.274.936/0001-97,0,,1752,"MARCIA ELIANE DA SILVA",2,,2613.34,2356.18,1306.67,1178.09
06.274.936/0001-97,0,,1753,"MARCIA ELIANE DA SILVA",2,,566.66,510.9,283.33,255.45
06.274.936/0001-97,0,,1754,"MARCIA ELIANE DA SILVA",8,,373.36,336.56,46.67,42.07
06.274.936/0001-97,0,,1755,"MARCIA ELIANE DA SILVA",12,,99.96,90.12,8.33,7.51
06.274.936/0001-97,0,,1756,"MARCIA ELIANE DA SILVA",12,,75.96,59.04,6.33,4.92
06.274.936/0001-97,0,,1757,"MARCIA ELIANE DA SILVA",10,,303.3,273.4,30.33,27.34
06.274.936/0001-97,0,,1758,"MARCIA ELIANE DA SILVA",3,,308.01,277.68,102.67,92.56
06.274.936/0001-97,0,,1759,"MARCIA ELIANE DA SILVA",2,,231.34,208.56,115.67,104.28
06.274.936/0001-97,0,,1760,"MARCIA ELIANE DA SILVA",4,,336,302.96,84,75.74
06.274.936/0001-97,0,,1761,"MARCIA ELIANE DA SILVA",2,,78.66,70.92,39.33,35.46
06.274.936/0001-97,0,,1762,"MARCIA ELIANE DA SILVA",10,,143.3,129.2,14.33,12.92
06.274.936/0001-97,0,,1763,"MARCIA ELIANE DA SILVA",10,,430,387.7,43,38.77
06.274.936/0001-97,0,,1764,"MARCIA ELIANE DA SILVA",10,,326.7,294.5,32.67,29.45
06.274.936/0001-97,0,,1765,"MARCIA ELIANE DA SILVA",2,,2613.34,2356.24,1306.67,1178.12
06.274.936/0001-97,0,,1766,"MARCIA ELIANE DA SILVA",2,,2420,2181.94,1210,1090.97
06.274.936/0001-97,0,,1767,"MARCIA ELIANE DA SILVA",4,,1813.32,1634.92,453.33,408.73
06.274.936/0001-97,0,,1768,"MARCIA ELIANE DA SILVA",4,,926.68,768.64,231.67,192.16
06.274.936/0001-97,0,,1769,"MARCIA ELIANE DA SILVA",10,,403.3,363.6,40.33,36.36
06.274.936/0001-97,0,,1770,"MARCIA ELIANE DA SILVA",2,,508.66,458.62,254.33,229.31
06.274.936/0001-97,0,,1771,"MARCIA ELIANE DA SILVA",10,,90,81.1,9,8.11
06.274.936/0001-97,0,,1772,"MARCIA ELIANE DA SILVA",10,,90,81.1,9,8.11
06.274.936/0001-97,0,,1773,"MARCIA ELIANE DA SILVA",20,,93.4,84,4.67,4.2
06.274.936/0001-97,0,,1774,"MARCIA ELIANE DA SILVA",4,,485.32,437.56,121.33,109.39
06.274.936/0001-97,0,,1775,"MARCIA ELIANE DA SILVA",3,,489,440.91,163,146.97
06.274.936/0001-97,0,,1776,"MARCIA ELIANE DA SILVA",3,,489,440.91,163,146.97
06.274.936/0001-97,0,,1777,"MARCIA ELIANE DA SILVA",4,,118.68,107,29.67,26.75
06.274.936/0001-97,0,,1778,"MARCIA ELIANE DA SILVA",8,,232,209.2,29,26.15
06.274.936/0001-97,0,,1779,"MARCIA ELIANE DA SILVA",1,,1690,1523.75,1690,1523.75
06.274.936/0001-97,0,,1780,"MARCIA ELIANE DA SILVA",4,,548,493.92,137,123.48
06.274.936/0001-97,0,,1781,"MARCIA ELIANE DA SILVA",2,,648.66,584.84,324.33,292.42
06.274.936/0001-97,0,,1782,"MARCIA ELIANE DA SILVA",2,,104,93.76,52,46.88
06.274.936/0001-97,0,,1783,"MARCIA ELIANE DA SILVA",4,,64,57.72,16,14.43
06.274.936/0001-97,0,,1784,"MARCIA ELIANE DA SILVA",6,,556.02,501.3,92.67,83.55
06.274.936/0001-97,0,,1785,"MARCIA ELIANE DA SILVA",6,,493.98,445.38,82.33,74.23
06.274.936/0001-97,0,,1786,"MARCIA ELIANE DA SILVA",24,,144,129.84,6,5.41
06.274.936/0001-97,0,,1787,"MARCIA ELIANE DA SILVA",20,,1006.6,907.6,50.33,45.38
06.274.936/0001-97,0,,1788,"MARCIA ELIANE DA SILVA",20,,1040,937.6,52,46.88
06.274.936/0001-97,0,,1789,"MARCIA ELIANE DA SILVA",8,,314.64,283.68,39.33,35.46
06.274.936/0001-97,0,,1790,"MARCIA ELIANE DA SILVA",8,,66.64,60.08,8.33,7.51
06.274.936/0001-97,0,,1791,"MARCIA ELIANE DA SILVA",2,,1480.66,1335,740.33,667.5
06.274.936/0001-97,0,,1792,"MARCIA ELIANE DA SILVA",4,,1144,1031.48,286,257.87
06.274.936/0001-97,0,,1793,"MARCIA ELIANE DA SILVA",8,,1378.64,1242.96,172.33,155.37
06.274.936/0001-97,0,,1794,"MARCIA ELIANE DA SILVA",2,,728.66,656.82,364.33,328.41
06.274.936/0001-97,0,,1795,"MARCIA ELIANE DA SILVA",50,,300,270.5,6,5.41
06.274.936/0001-97,0,,1796,"MARCIA ELIANE DA SILVA",50,,200,176.5,4,3.53
06.274.936/0001-97,0,,1797,"MARCIA ELIANE DA SILVA",10,,46.7,42,4.67,4.2
06.274.936/0001-97,0,,1798,"MARCIA ELIANE DA SILVA",20,,86.6,78,4.33,3.9
06.274.936/0001-97,0,,1799,"MARCIA ELIANE DA SILVA",4,,946.68,853.52,236.67,213.38
06.274.936/0001-97,0,,1800,"MARCIA ELIANE DA SILVA",4,,1493.32,1346.4,373.33,336.6
06.274.936/0001-97,0,,1801,"MARCIA ELIANE DA SILVA",24,,504,453.84,21,18.91
06.274.936/0001-97,0,,1802,"MARCIA ELIANE DA SILVA",24,,127.92,115.2,5.33,4.8
06.274.936/0001-97,0,,1803,"MARCIA ELIANE DA SILVA",2,,1246.66,1124.02,623.33,562.01
06.274.936/0001-97,0,,1804,"MARCIA ELIANE DA SILVA",8,,578.64,521.68,72.33,65.21
06.274.936/0001-97,0,,1805,"MARCIA ELIANE DA SILVA",12,,1080,973.8,90,81.15
06.274.936/0001-97,0,,1806,"MARCIA ELIANE DA SILVA",12,,84,75.72,7,6.31
06.274.936/0001-97,0,,1807,"MARCIA ELIANE DA SILVA",4,,501.32,452,125.33,113
06.274.936/0001-97,0,,1808,"MARCIA ELIANE DA SILVA",4,,624,562.6,156,140.65
06.274.936/0001-97,0,,1809,"MARCIA ELIANE DA SILVA",4,,1004,905.24,251,226.31
06.274.936/0001-97,0,,1810,"MARCIA ELIANE DA SILVA",1,,2623.33,2365.2,2623.33,2365.2
06.274.936/0001-97,0,,1811,"MARCIA ELIANE DA SILVA",2,,254,229.02,127,114.51
06.274.936/0001-97,0,,1812,"MARCIA ELIANE DA SILVA",2,,76,68.52,38,34.26
06.274.936/0001-97,0,,1813,"MARCIA ELIANE DA SILVA",8,,389.36,351.04,48.67,43.88
06.274.936/0001-97,0,,1814,"MARCIA ELIANE DA SILVA",2,,516.66,465.82,258.33,232.91
06.274.936/0001-97,0,,1815,"MARCIA ELIANE DA SILVA",2,,157.34,141.84,78.67,70.92
06.274.936/0001-97,0,,1816,"MARCIA ELIANE DA SILVA",4,,752,677.8,188,169.45
06.274.936/0001-97,0,,1817,"MARCIA ELIANE DA SILVA",4,,734.68,662.4,183.67,165.6
06.274.936/0001-97,0,,1818,"MARCIA ELIANE DA SILVA",2,,318,286.72,159,143.36
06.274.936/0001-97,0,,1819,"MARCIA ELIANE DA SILVA",2,,630.66,568.62,315.33,284.31
06.274.936/0001-97,0,,1820,"MARCIA ELIANE DA SILVA",8,,157.36,141.12,19.67,17.64
06.274.936/0001-97,0,,1821,"MARCIA ELIANE DA SILVA",4,,377.32,340.2,94.33,85.05
06.274.936/0001-97,0,,1822,"MARCIA ELIANE DA SILVA",4,,234.68,211.56,58.67,52.89
06.274.936/0001-97,0,,1823,"MARCIA ELIANE DA SILVA",8,,74.64,43.76,9.33,5.47
06.274.936/0001-97,0,,1824,"MARCIA ELIANE DA SILVA",4,,264,238.04,66,59.51
06.274.936/0001-97,0,,1825,"MARCIA ELIANE DA SILVA",4,,178.68,161.08,44.67,40.27
06.274.936/0001-97,0,,1826,"MARCIA ELIANE DA SILVA",16,,16,14.4,1,0.9
06.274.936/0001-97,0,,1827,"MARCIA ELIANE DA SILVA",8,,312,281.28,39,35.16
06.274.936/0001-97,0,,1828,"MARCIA ELIANE DA SILVA",8,,61.36,55.28,7.67,6.91
06.274.936/0001-97,0,,1829,"MARCIA ELIANE DA SILVA",4,,148,133.44,37,33.36
06.274.936/0001-97,0,,1830,"MARCIA ELIANE DA SILVA",8,,394.64,355.76,49.33,44.47
06.274.936/0001-97,0,,1831,"MARCIA ELIANE DA SILVA",4,,317.32,286.08,79.33,71.52
06.274.936/0001-97,0,,1832,"MARCIA ELIANE DA SILVA",8,,29.36,26.4,3.67,3.3
06.274.936/0001-97,0,,1833,"MARCIA ELIANE DA SILVA",4,,18.68,16.8,4.67,4.2
06.274.936/0001-97,0,,1834,"MARCIA ELIANE DA SILVA",2,,362.66,326.98,181.33,163.49
06.274.936/0001-97,0,,1835,"MARCIA ELIANE DA SILVA",4,,197.32,177.88,49.33,44.47
06.274.936/0001-97,0,,1836,"MARCIA ELIANE DA SILVA",2,,330.66,298.12,165.33,149.06
06.274.936/0001-97,0,,1837,"MARCIA ELIANE DA SILVA",30,,80.1,72,2.67,2.4
06.274.936/0001-97,0,,1838,"MARCIA ELIANE DA SILVA",12,,32.04,28.8,2.67,2.4
06.274.936/0001-97,0,,1839,"MARCIA ELIANE DA SILVA",20,,26.6,23.6,1.33,1.18
06.274.936/0001-97,0,,1840,"MARCIA ELIANE DA SILVA",2,,462.66,417.14,231.33,208.57
06.274.936/0001-97,0,,1841,"MARCIA ELIANE DA SILVA",6,,15,13.5,2.5,2.25
06.274.936/0001-97,0,,1842,"MARCIA ELIANE DA SILVA",6,,15,13.5,2.5,2.25
06.274.936/0001-97,0,,1843,"MARCIA ELIANE DA SILVA",4,,368,331.8,92,82.95
06.274.936/0001-97,0,,1844,"MARCIA ELIANE DA SILVA",4,,477.32,430.36,119.33,107.59
06.274.936/0001-97,0,,1845,"MARCIA ELIANE DA SILVA",4,,772,696.04,193,174.01
06.274.936/0001-97,0,,1846,"MARCIA ELIANE DA SILVA",4,,234.68,211.56,58.67,52.89
06.274.936/0001-97,0,,1847,"MARCIA ELIANE DA SILVA",4,,57.32,51.68,14.33,12.92
06.274.936/0001-97,0,,1848,"MARCIA ELIANE DA SILVA",2,,6146.66,5541.98,3073.33,2770.99
06.274.936/0001-97,0,,1849,"MARCIA ELIANE DA SILVA",2,,192,173.12,96,86.56
06.274.936/0001-97,0,,1850,"MARCIA ELIANE DA SILVA",2,,1560,1406.54,780,703.27
06.274.936/0001-97,0,,1851,"MARCIA ELIANE DA SILVA",8,,224,202,28,25.25
06.274.936/0001-97,0,,1852,"MARCIA ELIANE DA SILVA",4,,189.32,170.68,47.33,42.67
06.274.936/0001-97,0,,1853,"MARCIA ELIANE DA SILVA",8,,325.36,293.28,40.67,36.66
06.274.936/0001-97,0,,1854,"MARCIA ELIANE DA SILVA",2,,1259.34,1135.44,629.67,567.72
06.274.936/0001-97,0,,1855,"MARCIA ELIANE DA SILVA",8,,170.64,153.84,21.33,19.23
06.274.936/0001-97,0,,1856,"MARCIA ELIANE DA SILVA",8,,165.36,141.12,20.67,17.64
06.274.936/0001-97,0,,1857,"MARCIA ELIANE DA SILVA",2,,509.34,459.24,254.67,229.62
06.274.936/0001-97,0,,1858,"MARCIA ELIANE DA SILVA",2,,492.66,444.18,246.33,222.09
06.274.936/0001-97,0,,1859,"MARCIA ELIANE DA SILVA",4,,321.32,289.68,80.33,72.42
06.274.936/0001-97,0,,1860,"MARCIA ELIANE DA SILVA",4,,289.32,260.84,72.33,65.21
06.274.936/0001-97,0,,1861,"MARCIA ELIANE DA SILVA",8,,69.36,62.48,8.67,7.81
06.274.936/0001-97,0,,1862,"MARCIA ELIANE DA SILVA",8,,621.36,560.16,77.67,70.02
06.274.936/0001-97,0,,1863,"MARCIA ELIANE DA SILVA",8,,61.36,55.36,7.67,6.92
06.274.936/0001-97,0,,1864,"MARCIA ELIANE DA SILVA",2,,380.66,343.2,190.33,171.6
06.274.936/0001-97,0,,1865,"MARCIA ELIANE DA SILVA",4,,594.68,536.16,148.67,134.04
06.274.936/0001-97,0,,1866,"MARCIA ELIANE DA SILVA",2,,308.66,278.28,154.33,139.14
06.274.936/0001-97,0,,1867,"MARCIA ELIANE DA SILVA",2,,288,259.66,144,129.83
06.274.936/0001-97,0,,1868,"MARCIA ELIANE DA SILVA",8,,93.36,84.16,11.67,10.52
06.274.936/0001-97,0,,1869,"MARCIA ELIANE DA SILVA",8,,501.36,452,62.67,56.5
06.274.936/0001-97,0,,1870,"MARCIA ELIANE DA SILVA",4,,889.32,801.84,222.33,200.46
06.274.936/0001-97,0,,1871,"MARCIA ELIANE DA SILVA",1,,3719.67,3353.66,3719.67,3353.66
06.274.936/0001-97,0,,1872,"MARCIA ELIANE DA SILVA",1,,1740,1568.05,1740,1568.05
06.274.936/0001-97,0,,1873,"MARCIA ELIANE DA SILVA",2,,1213.34,1093.72,606.67,546.86
06.274.936/0001-97,0,,1874,"MARCIA ELIANE DA SILVA",2,,1880,1695.06,940,847.53
06.274.936/0001-97,0,,1875,"MARCIA ELIANE DA SILVA",2,,1206.66,1087.96,603.33,543.98
06.274.936/0001-97,0,,1876,"MARCIA ELIANE DA SILVA",4,,248,223.44,62,55.86
06.274.936/0001-97,0,,1877,"MARCIA ELIANE DA SILVA",2,,3253.34,2932.24,1626.67,1466.12
06.274.936/0001-97,0,,1878,"MARCIA ELIANE DA SILVA",2,,1526.66,1376.48,763.33,688.24
06.274.936/0001-97,0,,1879,"MARCIA ELIANE DA SILVA",2,,306.66,276.48,153.33,138.24
06.274.936/0001-97,0,,1880,"MARCIA ELIANE DA SILVA",2,,206.66,186.32,103.33,93.16
06.274.936/0001-97,0,,1881,"MARCIA ELIANE DA SILVA",1,,2003.33,1806.19,2003.33,1806.19
06.274.936/0001-97,0,,1882,"MARCIA ELIANE DA SILVA",4,,314.68,283.68,78.67,70.92
06.274.936/0001-97,0,,1883,"MARCIA ELIANE DA SILVA",4,,314.68,283.68,78.67,70.92
06.274.936/0001-97,0,,1884,"MARCIA ELIANE DA SILVA",4,,314.68,283.68,78.67,70.92
06.274.936/0001-97,0,,1885,"MARCIA ELIANE DA SILVA",4,,314.68,283.68,78.67,70.92
06.274.936/0001-97,0,,1886,"MARCIA ELIANE DA SILVA",3,,656.01,591.45,218.67,197.15
06.274.936/0001-97,0,,1887,"MARCIA ELIANE DA SILVA",8,,53.36,48.08,6.67,6.01
06.274.936/0001-97,0,,1888,"MARCIA ELIANE DA SILVA",1,,5753.33,5187.3,5753.33,5187.3
06.274.936/0001-97,0,,1889,"MARCIA ELIANE DA SILVA",1,,722.33,651.27,722.33,651.27
06.274.936/0001-97,0,,1890,"MARCIA ELIANE DA SILVA",3,,282.99,255.15,94.33,85.05
06.274.936/0001-97,0,,1891,"MARCIA ELIANE DA SILVA",2,,5180,4670.62,2590,2335.31
06.274.936/0001-97,0,,1892,"MARCIA ELIANE DA SILVA",400,,44532,40148,111.33,100.37
06.274.936/0001-97,0,,2341,"MARCIA ELIANE DA SILVA",2,,2648,2411.92,1324,1205.96
06.274.936/0001-97,0,,2342,"MARCIA ELIANE DA SILVA",6,,547.98,499.02,91.33,83.17
06.274.936/0001-97,0,,2343,"MARCIA ELIANE DA SILVA",1,,3796.67,3458.39,3796.67,3458.39
06.274.936/0001-97,0,,2344,"MARCIA ELIANE DA SILVA",4,,681.32,620.6,170.33,155.15
06.274.936/0001-97,0,,2345,"MARCIA ELIANE DA SILVA",4,,608,553.84,152,138.46
06.274.936/0001-97,0,,2346,"MARCIA ELIANE DA SILVA",10,,220,200.4,22,20.04
06.274.936/0001-97,0,,2347,"MARCIA ELIANE DA SILVA",2,,217.34,197.96,108.67,98.98
06.274.936/0001-97,0,,2348,"MARCIA ELIANE DA SILVA",10,,163.3,148.7,16.33,14.87
06.274.936/0001-97,0,,2349,"MARCIA ELIANE DA SILVA",2,,930.66,847.74,465.33,423.87
06.274.936/0001-97,0,,2350,"MARCIA ELIANE DA SILVA",2,,177.34,161.52,88.67,80.76
06.274.936/0001-97,0,,2351,"MARCIA ELIANE DA SILVA",2,,678,617.6,339,308.8
06.274.936/0001-97,0,,2352,"MARCIA ELIANE DA SILVA",2,,2860,2605.18,1430,1302.59
06.274.936/0001-97,0,,2353,"MARCIA ELIANE DA SILVA",2,,736,670.42,368,335.21
06.274.936/0001-97,0,,2354,"MARCIA ELIANE DA SILVA",2,,66,60.12,33,30.06
06.274.936/0001-97,0,,2355,"MARCIA ELIANE DA SILVA",2,,287.34,261.72,143.67,130.86
06.274.936/0001-97,0,,2356,"MARCIA ELIANE DA SILVA",2,,1692.66,1541.84,846.33,770.92
06.274.936/0001-97,0,,2357,"MARCIA ELIANE DA SILVA",8,,245.36,223.44,30.67,27.93
06.274.936/0001-97,0,,2358,"MARCIA ELIANE DA SILVA",2,,608.66,554.42,304.33,277.21
06.274.936/0001-97,0,,2359,"MARCIA ELIANE DA SILVA",8,,250.64,228.32,31.33,28.54
06.274.936/0001-97,0,,2360,"MARCIA ELIANE DA SILVA",10,,103.3,94.1,10.33,9.41
06.274.936/0001-97,0,,2361,"MARCIA ELIANE DA SILVA",4,,1264,1151.4,316,287.85
06.274.936/0001-97,0,,2362,"MARCIA ELIANE DA SILVA",2,,725.34,660.7,362.67,330.35
06.274.936/0001-97,0,,2363,"MARCIA ELIANE DA SILVA",2,,254,231.36,127,115.68
06.274.936/0001-97,0,,2364,"MARCIA ELIANE DA SILVA",4,,616,561.12,154,140.28
06.274.936/0001-97,0,,2365,"MARCIA ELIANE DA SILVA",4,,522.68,476.04,130.67,119.01
06.274.936/0001-97,0,,2366,"MARCIA ELIANE DA SILVA",1,,2860,2604.98,2860,2604.98
06.274.936/0001-97,0,,2367,"MARCIA ELIANE DA SILVA",16,,165.28,150.56,10.33,9.41
06.274.936/0001-97,0,,2368,"MARCIA ELIANE DA SILVA",4,,314.68,291.76,78.67,72.94
06.274.936/0001-97,0,,2369,"MARCIA ELIANE DA SILVA",2,,925.34,842.88,462.67,421.44
06.274.936/0001-97,0,,2370,"MARCIA ELIANE DA SILVA",2,,409.34,372.88,204.67,186.44
06.274.936/0001-97,0,,2371,"MARCIA ELIANE DA SILVA",8,,122.64,111.68,15.33,13.96
06.274.936/0001-97,0,,2372,"MARCIA ELIANE DA SILVA",1,,3343.33,3045.48,3343.33,3045.48
06.274.936/0001-97,0,,2373,"MARCIA ELIANE DA SILVA",10,,46.7,42.5,4.67,4.25
06.274.936/0001-97,0,,2374,"MARCIA ELIANE DA SILVA",10,,66.7,60.7,6.67,6.07
06.274.936/0001-97,0,,2375,"MARCIA ELIANE DA SILVA",8,,114.64,104.4,14.33,13.05
06.274.936/0001-97,0,,2376,"MARCIA ELIANE DA SILVA",2,,335.34,305.44,167.67,152.72
06.274.936/0001-97,0,,2377,"MARCIA ELIANE DA SILVA",1,,8853.33,8064.46,8853.33,8064.46
06.274.936/0001-97,0,,2378,"MARCIA ELIANE DA SILVA",2,,4640,4226.58,2320,2113.29
06.274.936/0001-97,0,,2379,"MARCIA ELIANE DA SILVA",2,,2360,2149.74,1180,1074.87
06.274.936/0001-97,0,,2380,"MARCIA ELIANE DA SILVA",2,,1850.66,1685.76,925.33,842.88
06.274.936/0001-97,0,,2381,"MARCIA ELIANE DA SILVA",10,,1080,983.8,108,98.38
06.274.936/0001-97,0,,2382,"MARCIA ELIANE DA SILVA",2,,409.34,372.88,204.67,186.44
06.274.936/0001-97,0,,2383,"MARCIA ELIANE DA SILVA",8,,6904,6288.88,863,786.11
06.274.936/0001-97,0,,2384,"MARCIA ELIANE DA SILVA",12,,6180,5629.32,515,469.11
06.274.936/0001-97,0,,2385,"MARCIA ELIANE DA SILVA",52,,832,757.64,16,14.57
06.274.936/0001-97,0,,2386,"MARCIA ELIANE DA SILVA",4,,5713.32,5204.04,1428.33,1301.01
06.274.936/0001-97,0,,2387,"MARCIA ELIANE DA SILVA",4,,7013.32,6388.2,1753.33,1597.05
06.274.936/0001-97,0,,2388,"MARCIA ELIANE DA SILVA",8,,730.64,665.52,91.33,83.19
06.274.936/0001-97,0,,2389,"MARCIA ELIANE DA SILVA",8,,66.64,60.64,8.33,7.58
06.274.936/0001-97,0,,2390,"MARCIA ELIANE DA SILVA",4,,849.32,773.64,212.33,193.41
06.274.936/0001-97,0,,2391,"MARCIA ELIANE DA SILVA",16,,1301.28,1185.28,81.33,74.08
06.274.936/0001-97,0,,2392,"MARCIA ELIANE DA SILVA",2,,809.34,737.22,404.67,368.61
06.274.936/0001-97,0,,2393,"MARCIA ELIANE DA SILVA",2,,809.34,737.22,404.67,368.61
06.274.936/0001-97,0,,2394,"MARCIA ELIANE DA SILVA",4,,468,426.32,117,106.58
06.274.936/0001-97,0,,2395,"MARCIA ELIANE DA SILVA",4,,521.32,474.84,130.33,118.71
06.274.936/0001-97,0,,2396,"MARCIA ELIANE DA SILVA",4,,220,200.4,55,50.1
06.274.936/0001-97,0,,2397,"MARCIA ELIANE DA SILVA",16,,976,889.12,61,55.57
06.274.936/0001-97,0,,2398,"MARCIA ELIANE DA SILVA",49,,14014,12765.48,286,260.52
06.274.936/0001-97,0,,2399,"MARCIA ELIANE DA SILVA",49,,3789.17,3451.56,77.33,70.44
06.274.936/0001-97,0,,2400,"MARCIA ELIANE DA SILVA",49,,3789.17,3451.56,77.33,70.44
06.274.936/0001-97,0,,2401,"MARCIA ELIANE DA SILVA",312,,1831.44,1669.2,5.87,5.35
06.274.936/0001-97,0,,2402,"MARCIA ELIANE DA SILVA",312,,957.84,870.48,3.07,2.79
06.274.936/0001-97,0,,2403,"MARCIA ELIANE DA SILVA",4,,450.68,410.52,112.67,102.63
06.274.936/0001-97,0,,2404,"MARCIA ELIANE DA SILVA",2,,342.66,312.12,171.33,156.06
06.274.936/0001-97,0,,2405,"MARCIA ELIANE DA SILVA",8,,629.36,573.2,78.67,71.65
06.274.936/0001-97,0,,2406,"MARCIA ELIANE DA SILVA",16,,165.28,150.56,10.33,9.41
06.274.936/0001-97,0,,2407,"MARCIA ELIANE DA SILVA",16,,154.72,140.8,9.67,8.8
06.274.936/0001-97,0,,2408,"MARCIA ELIANE DA SILVA",8,,528,480.96,66,60.12
06.274.936/0001-97,0,,2409,"MARCIA ELIANE DA SILVA",8,,730.64,665.52,91.33,83.19
06.274.936/0001-97,0,,2410,"MARCIA ELIANE DA SILVA",8,,88,80.16,11,10.02
06.274.936/0001-97,0,,2411,"MARCIA ELIANE DA SILVA",2,,177.34,161.52,88.67,80.76
06.274.936/0001-97,0,,2412,"MARCIA ELIANE DA SILVA",1,,3406.67,3103.01,3406.67,3103.01
06.274.936/0001-97,0,,2413,"MARCIA ELIANE DA SILVA",4,,369.32,336.4,92.33,84.1
06.274.936/0001-97,0,,2414,"MARCIA ELIANE DA SILVA",12,,432,393.48,36,32.79
06.274.936/0001-97,0,,2415,"MARCIA ELIANE DA SILVA",4,,268,244.12,67,61.03
06.274.936/0001-97,0,,2416,"MARCIA ELIANE DA SILVA",2,,1458,1328.1,729,664.05
06.274.936/0001-97,0,,2417,"MARCIA ELIANE DA SILVA",2,,365.34,332.78,182.67,166.39
06.274.936/0001-97,0,,2418,"MARCIA ELIANE DA SILVA",4,,728,663.12,182,165.78
06.274.936/0001-97,0,,2419,"MARCIA ELIANE DA SILVA",4,,662.68,603.6,165.67,150.9
06.274.936/0001-97,0,,2420,"MARCIA ELIANE DA SILVA",2,,1165.34,1061.4,582.67,530.7
06.274.936/0001-97,0,,2421,"MARCIA ELIANE DA SILVA",10,,60,54.7,6,5.47
06.274.936/0001-97,0,,2422,"MARCIA ELIANE DA SILVA",4,,148,134.8,37,33.7
06.274.936/0001-97,0,,2423,"MARCIA ELIANE DA SILVA",4,,609.32,555,152.33,138.75
06.274.936/0001-97,0,,2424,"MARCIA ELIANE DA SILVA",2,,282.66,257.42,141.33,128.71
06.274.936/0001-97,0,,2425,"MARCIA ELIANE DA SILVA",2,,221.34,201.58,110.67,100.79
06.274.936/0001-97,0,,2426,"MARCIA ELIANE DA SILVA",4,,345.32,314.52,86.33,78.63
06.274.936/0001-97,0,,2427,"MARCIA ELIANE DA SILVA",2,,712.66,649.12,356.33,324.56
06.274.936/0001-97,0,,2428,"MARCIA ELIANE DA SILVA",4,,969.32,882.96,242.33,220.74
06.274.936/0001-97,0,,2429,"MARCIA ELIANE DA SILVA",4,,1758.68,1601.96,439.67,400.49
06.274.936/0001-97,0,,2430,"MARCIA ELIANE DA SILVA",4,,361.32,329.12,90.33,82.28
06.274.936/0001-97,0,,2431,"MARCIA ELIANE DA SILVA",4,,330.68,301.08,82.67,75.27
06.274.936/0001-97,0,,2432,"MARCIA ELIANE DA SILVA",4,,244,222.28,61,55.57
06.274.936/0001-97,0,,2433,"MARCIA ELIANE DA SILVA",4,,612,557.48,153,139.37
06.274.936/0001-97,0,,2434,"MARCIA ELIANE DA SILVA",4,,1382.68,1259.44,345.67,314.86
06.274.936/0001-97,0,,2435,"MARCIA ELIANE DA SILVA",4,,1382.68,1259.44,345.67,314.86
06.274.936/0001-97,0,,2436,"MARCIA ELIANE DA SILVA",4,,450.68,410.52,112.67,102.63
06.274.936/0001-97,0,,2437,"MARCIA ELIANE DA SILVA",1,,1165,1060.41,1165,1060.41
06.274.936/0001-97,0,,2438,"MARCIA ELIANE DA SILVA",1,,1411.33,1285.56,1411.33,1285.56
06.274.936/0001-97,0,,2439,"MARCIA ELIANE DA SILVA",1,,1544.33,1406.73,1544.33,1406.73
06.274.936/0001-97,0,,2440,"MARCIA ELIANE DA SILVA",2,,3625.34,3302.32,1812.67,1651.16
06.274.936/0001-97,0,,2441,"MARCIA ELIANE DA SILVA",1,,1399.67,1274.96,1399.67,1274.96
06.274.936/0001-97,0,,2442,"MARCIA ELIANE DA SILVA",1,,1617.33,1473.23,1617.33,1473.23
06.274.936/0001-97,0,,2443,"MARCIA ELIANE DA SILVA",2,,222,202.22,111,101.11
06.274.936/0001-97,0,,2444,"MARCIA ELIANE DA SILVA",2,,310.66,282.98,155.33,141.49
06.274.936/0001-97,0,,2445,"MARCIA ELIANE DA SILVA",2,,564,513.74,282,256.87
06.274.936/0001-97,0,,2446,"MARCIA ELIANE DA SILVA",4,,384,349.8,96,87.45
06.274.936/0001-97,0,,2447,"MARCIA ELIANE DA SILVA",4,,429.32,391.04,107.33,97.76
06.274.936/0001-97,0,,2448,"MARCIA ELIANE DA SILVA",30,,69.9,62.4,2.33,2.08
06.274.936/0001-97,0,,2449,"MARCIA ELIANE DA SILVA",20,,153.4,138.6,7.67,6.93
06.274.936/0001-97,0,,2450,"MARCIA ELIANE DA SILVA",4,,324,295.04,81,73.76
06.274.936/0001-97,0,,2451,"MARCIA ELIANE DA SILVA",18,,365.94,333.36,20.33,18.52
06.274.936/0001-97,0,,2452,"MARCIA ELIANE DA SILVA",12,,188.04,171.24,15.67,14.27
06.274.936/0001-97,0,,2453,"MARCIA ELIANE DA SILVA",12,,32.04,29.16,2.67,2.43
06.274.936/0001-97,0,,2454,"MARCIA ELIANE DA SILVA",4,,121.32,110.48,30.33,27.62
06.274.936/0001-97,0,,2455,"MARCIA ELIANE DA SILVA",2,,74,67.32,37,33.66
06.274.936/0001-97,0,,2456,"MARCIA ELIANE DA SILVA",4,,188,171.24,47,42.81
06.274.936/0001-97,0,,2457,"MARCIA ELIANE DA SILVA",6,,222,202.2,37,33.7
06.274.936/0001-97,0,,2458,"MARCIA ELIANE DA SILVA",2,,270.66,246.54,135.33,123.27
06.274.936/0001-97,0,,2459,"MARCIA ELIANE DA SILVA",6,,511.98,466.32,85.33,77.72
06.274.936/0001-97,0,,2460,"MARCIA ELIANE DA SILVA",10,,63.3,57.6,6.33,5.76
06.274.936/0001-97,0,,2461,"MARCIA ELIANE DA SILVA",2,,182.66,166.34,91.33,83.17
06.274.936/0001-97,0,,2462,"MARCIA ELIANE DA SILVA",6,,211.98,193.08,35.33,32.18
06.274.936/0001-97,0,,2463,"MARCIA ELIANE DA SILVA",20,,246.6,224.6,12.33,11.23
06.274.936/0001-97,0,,2464,"MARCIA ELIANE DA SILVA",2,,306,278.74,153,139.37
06.274.936/0001-97,0,,2465,"MARCIA ELIANE DA SILVA",6,,222,201.96,37,33.66
06.274.936/0001-97,0,,2466,"MARCIA ELIANE DA SILVA",4,,181.32,165.16,45.33,41.29
06.274.936/0001-97,0,,2467,"MARCIA ELIANE DA SILVA",400,,44532,40564,111.33,101.41
15.608.150/0001-50,0,,731,"JULIO SILVESTRI FILHO ME",6,,541.98,485.4,90.33,80.9
15.608.150/0001-50,0,,732,"JULIO SILVESTRI FILHO ME",1,,1456,1303.89,1456,1303.89
15.608.150/0001-50,0,,733,"JULIO SILVESTRI FILHO ME",3,,933,835.53,311,278.51
15.608.150/0001-50,0,,734,"JULIO SILVESTRI FILHO ME",6,,28.02,25.08,4.67,4.18
15.608.150/0001-50,0,,735,"JULIO SILVESTRI FILHO ME",3,,17.01,15.21,5.67,5.07
15.608.150/0001-50,0,,736,"JULIO SILVESTRI FILHO ME",3,,2070.99,1854.63,690.33,618.21
15.608.150/0001-50,0,,737,"JULIO SILVESTRI FILHO ME",3,,147.99,132.54,49.33,44.18
15.608.150/0001-50,0,,738,"JULIO SILVESTRI FILHO ME",3,,215.01,192.54,71.67,64.18
15.608.150/0001-50,0,,739,"JULIO SILVESTRI FILHO ME",6,,181.98,162.96,30.33,27.16
15.608.150/0001-50,0,,740,"JULIO SILVESTRI FILHO ME",3,,356.01,318.81,118.67,106.27
15.608.150/0001-50,0,,741,"JULIO SILVESTRI FILHO ME",3,,90,80.61,30,26.87
15.608.150/0001-50,0,,742,"JULIO SILVESTRI FILHO ME",12,,1824,1633.44,152,136.12
15.608.150/0001-50,0,,743,"JULIO SILVESTRI FILHO ME",12,,1407.96,1260.96,117.33,105.08
15.608.150/0001-50,0,,744,"JULIO SILVESTRI FILHO ME",3,,1050.99,941.19,350.33,313.73
15.608.150/0001-50,0,,745,"JULIO SILVESTRI FILHO ME",6,,34.02,30.42,5.67,5.07
15.608.150/0001-50,0,,746,"JULIO SILVESTRI FILHO ME",6,,37.98,34.02,6.33,5.67
15.608.150/0001-50,0,,747,"JULIO SILVESTRI FILHO ME",3,,2484,2224.5,828,741.5
15.608.150/0001-50,0,,748,"JULIO SILVESTRI FILHO ME",3,,335.01,300,111.67,100
15.608.150/0001-50,0,,749,"JULIO SILVESTRI FILHO ME",3,,927.99,831.06,309.33,277.02
15.608.150/0001-50,0,,750,"JULIO SILVESTRI FILHO ME",3,,198,177.3,66,59.1
15.608.150/0001-50,0,,751,"JULIO SILVESTRI FILHO ME",3,,1001.01,896.43,333.67,298.81
15.608.150/0001-50,0,,752,"JULIO SILVESTRI FILHO ME",6,,37.98,34.02,6.33,5.67
15.608.150/0001-50,0,,753,"JULIO SILVESTRI FILHO ME",3,,3489.99,3125.37,1163.33,1041.79
15.608.150/0001-50,0,,754,"JULIO SILVESTRI FILHO ME",80,,773.6,692.8,9.67,8.66
15.608.150/0001-50,0,,755,"JULIO SILVESTRI FILHO ME",80,,400,358.4,5,4.48
15.608.150/0001-50,0,,756,"JULIO SILVESTRI FILHO ME",3,,2348.01,2102.7,782.67,700.9
15.608.150/0001-50,0,,757,"JULIO SILVESTRI FILHO ME",3,,786,703.89,262,234.63
15.608.150/0001-50,0,,758,"JULIO SILVESTRI FILHO ME",3,,339.99,304.47,113.33,101.49
15.608.150/0001-50,0,,759,"JULIO SILVESTRI FILHO ME",3,,879.99,788.07,293.33,262.69
15.608.150/0001-50,0,,760,"JULIO SILVESTRI FILHO ME",6,,270,241.8,45,40.3
15.608.150/0001-50,0,,761,"JULIO SILVESTRI FILHO ME",3,,806.01,721.8,268.67,240.6
15.608.150/0001-50,0,,762,"JULIO SILVESTRI FILHO ME",9,,51.03,45.63,5.67,5.07
15.608.150/0001-50,0,,763,"JULIO SILVESTRI FILHO ME",3,,335.01,300,111.67,100
15.608.150/0001-50,0,,764,"JULIO SILVESTRI FILHO ME",1,,7570,6779.13,7570,6779.13
15.608.150/0001-50,0,,765,"JULIO SILVESTRI FILHO ME",3,,1310.01,1173.15,436.67,391.05
15.608.150/0001-50,0,,766,"JULIO SILVESTRI FILHO ME",3,,273,244.47,91,81.49
15.608.150/0001-50,0,,767,"JULIO SILVESTRI FILHO ME",3,,273,244.47,91,81.49
15.608.150/0001-50,0,,768,"JULIO SILVESTRI FILHO ME",3,,273,244.47,91,81.49
15.608.150/0001-50,0,,769,"JULIO SILVESTRI FILHO ME",3,,273,244.47,91,81.49
15.608.150/0001-50,0,,770,"JULIO SILVESTRI FILHO ME",3,,273,244.47,91,81.49
15.608.150/0001-50,0,,771,"JULIO SILVESTRI FILHO ME",3,,273,244.47,91,81.49
15.608.150/0001-50,0,,772,"JULIO SILVESTRI FILHO ME",3,,540,483.57,180,161.19
15.608.150/0001-50,0,,773,"JULIO SILVESTRI FILHO ME",12,,624,558.84,52,46.57
15.608.150/0001-50,0,,774,"JULIO SILVESTRI FILHO ME",12,,639.96,573.12,53.33,47.76
15.608.150/0001-50,0,,775,"JULIO SILVESTRI FILHO ME",3,,455.01,407.46,151.67,135.82
15.608.150/0001-50,0,,776,"JULIO SILVESTRI FILHO ME",3,,309,276.72,103,92.24
15.608.150/0001-50,0,,777,"JULIO SILVESTRI FILHO ME",3,,644.01,576.72,214.67,192.24
15.608.150/0001-50,0,,778,"JULIO SILVESTRI FILHO ME",3,,3278.01,2935.53,1092.67,978.51
15.608.150/0001-50,0,,779,"JULIO SILVESTRI FILHO ME",3,,2130,1907.46,710,635.82
15.608.150/0001-50,0,,780,"JULIO SILVESTRI FILHO ME",3,,990,886.56,330,295.52
15.608.150/0001-50,0,,781,"JULIO SILVESTRI FILHO ME",1,,756,677.02,756,677.02
15.608.150/0001-50,0,,782,"JULIO SILVESTRI FILHO ME",3,,201,180,67,60
15.608.150/0001-50,0,,783,"JULIO SILVESTRI FILHO ME",3,,1220.01,1092.54,406.67,364.18
15.608.150/0001-50,0,,784,"JULIO SILVESTRI FILHO ME",2,,4446.66,3982.1,2223.33,1991.05
15.608.150/0001-50,0,,785,"JULIO SILVESTRI FILHO ME",2,,1993.34,1785.08,996.67,892.54
15.608.150/0001-50,0,,786,"JULIO SILVESTRI FILHO ME",1,,456.67,408.96,456.67,408.96
15.608.150/0001-50,0,,787,"JULIO SILVESTRI FILHO ME",12,,39.96,35.88,3.33,2.99
15.608.150/0001-50,0,,788,"JULIO SILVESTRI FILHO ME",6,,570,510.42,95,85.07
15.608.150/0001-50,0,,789,"JULIO SILVESTRI FILHO ME",24,,199.92,179.04,8.33,7.46
15.608.150/0001-50,0,,790,"JULIO SILVESTRI FILHO ME",24,,112.08,100.32,4.67,4.18
15.608.150/0001-50,0,,791,"JULIO SILVESTRI FILHO ME",3,,200.01,179.1,66.67,59.7
15.608.150/0001-50,0,,792,"JULIO SILVESTRI FILHO ME",3,,174.99,156.72,58.33,52.24
15.608.150/0001-50,0,,793,"JULIO SILVESTRI FILHO ME",1,,1850,1656.72,1850,1656.72
15.608.150/0001-50,0,,794,"JULIO SILVESTRI FILHO ME",6,,420,376.14,70,62.69
15.608.150/0001-50,0,,795,"JULIO SILVESTRI FILHO ME",6,,58.02,51.96,9.67,8.66
15.608.150/0001-50,0,,796,"JULIO SILVESTRI FILHO ME",6,,421.98,377.94,70.33,62.99
15.608.150/0001-50,0,,797,"JULIO SILVESTRI FILHO ME",9,,51.03,45.63,5.67,5.07
15.608.150/0001-50,0,,798,"JULIO SILVESTRI FILHO ME",18,,18,16.2,1,0.9
15.608.150/0001-50,0,,799,"JULIO SILVESTRI FILHO ME",3,,240,214.92,80,71.64
15.608.150/0001-50,0,,800,"JULIO SILVESTRI FILHO ME",6,,619.98,555.24,103.33,92.54
15.608.150/0001-50,0,,801,"JULIO SILVESTRI FILHO ME",3,,1977.99,1771.35,659.33,590.45
15.608.150/0001-50,0,,802,"JULIO SILVESTRI FILHO ME",1,,1930,1728.36,1930,1728.36
15.608.150/0001-50,0,,803,"JULIO SILVESTRI FILHO ME",1,,5253.33,4704.49,5253.33,4704.49
15.608.150/0001-50,0,,804,"JULIO SILVESTRI FILHO ME",3,,3219.99,2883.6,1073.33,961.2
15.608.150/0001-50,0,,805,"JULIO SILVESTRI FILHO ME",3,,339.99,304.47,113.33,101.49
15.608.150/0001-50,0,,806,"JULIO SILVESTRI FILHO ME",6,,3121.98,2795.82,520.33,465.97
15.608.150/0001-50,0,,807,"JULIO SILVESTRI FILHO ME",3,,1409.01,1261.8,469.67,420.6
15.608.150/0001-50,0,,808,"JULIO SILVESTRI FILHO ME",6,,574.02,514.02,95.67,85.67
15.608.150/0001-50,0,,809,"JULIO SILVESTRI FILHO ME",3,,6213.99,5564.79,2071.33,1854.93
15.608.150/0001-50,0,,810,"JULIO SILVESTRI FILHO ME",3,,1856.01,1662.09,618.67,554.03
15.608.150/0001-50,0,,811,"JULIO SILVESTRI FILHO ME",3,,3050.01,2731.35,1016.67,910.45
15.608.150/0001-50,0,,812,"JULIO SILVESTRI FILHO ME",3,,2135.01,1911.96,711.67,637.32
15.608.150/0001-50,0,,813,"JULIO SILVESTRI FILHO ME",2,,7313.34,6549.28,3656.67,3274.64
15.608.150/0001-50,0,,814,"JULIO SILVESTRI FILHO ME",2,,2880,2579.12,1440,1289.56
15.608.150/0001-50,0,,815,"JULIO SILVESTRI FILHO ME",3,,5139.99,4602.99,1713.33,1534.33
15.608.150/0001-50,0,,816,"JULIO SILVESTRI FILHO ME",9,,236.97,212.22,26.33,23.58
15.608.150/0001-50,0,,817,"JULIO SILVESTRI FILHO ME",6,,481.98,431.64,80.33,71.94
15.608.150/0001-50,0,,818,"JULIO SILVESTRI FILHO ME",90,,4619.7,4137.3,51.33,45.97
15.608.150/0001-50,0,,819,"JULIO SILVESTRI FILHO ME",90,,3660.3,3277.8,40.67,36.42
15.608.150/0001-50,0,,820,"JULIO SILVESTRI FILHO ME",30,,1560,1397.1,52,46.57
15.608.150/0001-50,0,,821,"JULIO SILVESTRI FILHO ME",4,,6454.68,5780.32,1613.67,1445.08
15.608.150/0001-50,0,,822,"JULIO SILVESTRI FILHO ME",6,,666,596.4,111,99.4
15.608.150/0001-50,0,,823,"JULIO SILVESTRI FILHO ME",2,,2213.34,1982.1,1106.67,991.05
15.608.150/0001-50,0,,824,"JULIO SILVESTRI FILHO ME",2,,5093.34,4561.22,2546.67,2280.61
15.608.150/0001-50,0,,825,"JULIO SILVESTRI FILHO ME",8,,4909.36,4396.4,613.67,549.55
15.608.150/0001-50,0,,826,"JULIO SILVESTRI FILHO ME",3,,9390,8409,3130,2803
15.608.150/0001-50,0,,827,"JULIO SILVESTRI FILHO ME",4,,5386.68,4823.88,1346.67,1205.97
15.608.150/0001-50,0,,828,"JULIO SILVESTRI FILHO ME",6,,2470.02,2211.96,411.67,368.66
15.608.150/0001-50,0,,829,"JULIO SILVESTRI FILHO ME",3,,3590.01,3214.95,1196.67,1071.65
15.608.150/0001-50,0,,830,"JULIO SILVESTRI FILHO ME",3,,6339.99,5677.62,2113.33,1892.54
15.608.150/0001-50,0,,831,"JULIO SILVESTRI FILHO ME",3,,981,878.52,327,292.84
15.608.150/0001-50,0,,832,"JULIO SILVESTRI FILHO ME",3,,2168.01,1941.51,722.67,647.17
15.608.150/0001-50,0,,833,"JULIO SILVESTRI FILHO ME",3,,683.01,611.64,227.67,203.88
15.608.150/0001-50,0,,834,"JULIO SILVESTRI FILHO ME",3,,2379,2130.45,793,710.15
15.608.150/0001-50,0,,835,"JULIO SILVESTRI FILHO ME",3,,1919.01,1718.52,639.67,572.84
15.608.150/0001-50,0,,836,"JULIO SILVESTRI FILHO ME",6,,2593.98,2323.02,432.33,387.17
15.608.150/0001-50,0,,837,"JULIO SILVESTRI FILHO ME",18,,2082.06,1864.44,115.67,103.58
15.608.150/0001-50,0,,838,"JULIO SILVESTRI FILHO ME",6,,1255.98,1124.76,209.33,187.46
15.608.150/0001-50,0,,839,"JULIO SILVESTRI FILHO ME",18,,126,112.86,7,6.27
15.608.150/0001-50,0,,840,"JULIO SILVESTRI FILHO ME",36,,47.88,42.84,1.33,1.19
15.608.150/0001-50,0,,841,"JULIO SILVESTRI FILHO ME",3,,3669,3285.69,1223,1095.23
15.608.150/0001-50,0,,842,"JULIO SILVESTRI FILHO ME",16,,949.28,850.08,59.33,53.13
15.608.150/0001-50,0,,843,"JULIO SILVESTRI FILHO ME",16,,1018.72,912.32,63.67,57.02
15.608.150/0001-50,0,,844,"JULIO SILVESTRI FILHO ME",160,,960,859.2,6,5.37
15.608.150/0001-50,0,,845,"JULIO SILVESTRI FILHO ME",16,,474.72,425.12,29.67,26.57
15.608.150/0001-50,0,,846,"JULIO SILVESTRI FILHO ME",16,,490.72,439.36,30.67,27.46
15.608.150/0001-50,0,,847,"JULIO SILVESTRI FILHO ME",6,,3612,3234.66,602,539.11
15.608.150/0001-50,0,,848,"JULIO SILVESTRI FILHO ME",16,,1738.72,1556.96,108.67,97.31
15.608.150/0001-50,0,,849,"JULIO SILVESTRI FILHO ME",64,,426.88,382.08,6.67,5.97
15.608.150/0001-50,0,,850,"JULIO SILVESTRI FILHO ME",3,,4908,4395.24,1636,1465.08
15.608.150/0001-50,0,,851,"JULIO SILVESTRI FILHO ME",3,,2898.99,2596.14,966.33,865.38
15.608.150/0001-50,0,,852,"JULIO SILVESTRI FILHO ME",18,,858.06,768.42,47.67,42.69
15.608.150/0001-50,0,,853,"JULIO SILVESTRI FILHO ME",40,,140,125.2,3.5,3.13
15.608.150/0001-50,0,,854,"JULIO SILVESTRI FILHO ME",20,,553.4,495.6,27.67,24.78
15.608.150/0001-50,0,,855,"JULIO SILVESTRI FILHO ME",12,,1424.04,1275.24,118.67,106.27
15.608.150/0001-50,0,,856,"JULIO SILVESTRI FILHO ME",18,,1031.94,924.12,57.33,51.34
15.608.150/0001-50,0,,857,"JULIO SILVESTRI FILHO ME",6,,1096.02,981.48,182.67,163.58
15.608.150/0001-50,0,,858,"JULIO SILVESTRI FILHO ME",3,,486.99,436.11,162.33,145.37
15.608.150/0001-50,0,,859,"JULIO SILVESTRI FILHO ME",2,,1390.66,1245.38,695.33,622.69
15.608.150/0001-50,0,,860,"JULIO SILVESTRI FILHO ME",2,,1107.34,991.64,553.67,495.82
15.608.150/0001-50,0,,861,"JULIO SILVESTRI FILHO ME",6,,1162.02,1040.58,193.67,173.43
15.608.150/0001-50,0,,862,"JULIO SILVESTRI FILHO ME",6,,1182,1058.52,197,176.42
15.608.150/0001-50,0,,863,"JULIO SILVESTRI FILHO ME",3,,867.99,777.33,289.33,259.11
15.608.150/0001-50,0,,864,"JULIO SILVESTRI FILHO ME",6,,996,891.96,166,148.66
15.608.150/0001-50,0,,865,"JULIO SILVESTRI FILHO ME",2,,1294,1158.82,647,579.41
15.608.150/0001-50,0,,866,"JULIO SILVESTRI FILHO ME",12,,6195.96,5548.68,516.33,462.39
15.608.150/0001-50,0,,867,"JULIO SILVESTRI FILHO ME",6,,42,37.62,7,6.27
15.608.150/0001-50,0,,868,"JULIO SILVESTRI FILHO ME",3,,2655.99,2378.52,885.33,792.84
15.608.150/0001-50,0,,869,"JULIO SILVESTRI FILHO ME",3,,729,652.83,243,217.61
15.608.150/0001-50,0,,870,"JULIO SILVESTRI FILHO ME",6,,246,220.32,41,36.72
15.608.150/0001-50,0,,871,"JULIO SILVESTRI FILHO ME",3,,663,593.73,221,197.91
15.608.150/0001-50,0,,872,"JULIO SILVESTRI FILHO ME",3,,2414.01,2161.8,804.67,720.6
15.608.150/0001-50,0,,873,"JULIO SILVESTRI FILHO ME",6,,396,354.6,66,59.1
15.608.150/0001-50,0,,874,"JULIO SILVESTRI FILHO ME",8,,282.64,253.12,35.33,31.64
15.608.150/0001-50,0,,875,"JULIO SILVESTRI FILHO ME",3,,537,480.9,179,160.3
15.608.150/0001-50,0,,876,"JULIO SILVESTRI FILHO ME",6,,538.02,481.8,89.67,80.3
15.608.150/0001-50,0,,877,"JULIO SILVESTRI FILHO ME",6,,481.98,431.64,80.33,71.94
15.608.150/0001-50,0,,878,"JULIO SILVESTRI FILHO ME",2,,1875.34,1679.4,937.67,839.7
15.608.150/0001-50,0,,879,"JULIO SILVESTRI FILHO ME",3,,1154.01,1033.44,384.67,344.48
15.608.150/0001-50,0,,880,"JULIO SILVESTRI FILHO ME",2,,2719.34,2435.24,1359.67,1217.62
15.608.150/0001-50,0,,881,"JULIO SILVESTRI FILHO ME",2,,1318.66,1180.9,659.33,590.45
15.608.150/0001-50,0,,882,"JULIO SILVESTRI FILHO ME",8,,1149.36,1029.28,143.67,128.66
15.608.150/0001-50,0,,883,"JULIO SILVESTRI FILHO ME",2,,1280.66,1146.86,640.33,573.43
15.608.150/0001-50,0,,884,"JULIO SILVESTRI FILHO ME",3,,648,580.29,216,193.43
15.608.150/0001-50,0,,885,"JULIO SILVESTRI FILHO ME",3,,1107.99,992.25,369.33,330.75
15.608.150/0001-50,0,,886,"JULIO SILVESTRI FILHO ME",3,,1908,1708.65,636,569.55
15.608.150/0001-50,0,,887,"JULIO SILVESTRI FILHO ME",6,,2419.98,2167.2,403.33,361.2
15.608.150/0001-50,0,,888,"JULIO SILVESTRI FILHO ME",6,,1261.98,1130.16,210.33,188.36
15.608.150/0001-50,0,,889,"JULIO SILVESTRI FILHO ME",9,,666,596.43,74,66.27
15.608.150/0001-50,0,,890,"JULIO SILVESTRI FILHO ME",1,,3463.33,3101.5,3463.33,3101.5
15.608.150/0001-50,0,,891,"JULIO SILVESTRI FILHO ME",24,,223.92,200.64,9.33,8.36
15.608.150/0001-50,0,,892,"JULIO SILVESTRI FILHO ME",18,,234,209.52,13,11.64
15.608.150/0001-50,0,,893,"JULIO SILVESTRI FILHO ME",18,,23.94,21.42,1.33,1.19
15.608.150/0001-50,0,,894,"JULIO SILVESTRI FILHO ME",6,,966,865.08,161,144.18
15.608.150/0001-50,0,,895,"JULIO SILVESTRI FILHO ME",8,,1277.36,1143.92,159.67,142.99
15.608.150/0001-50,0,,896,"JULIO SILVESTRI FILHO ME",6,,241.98,216.72,40.33,36.12
15.608.150/0001-50,0,,897,"JULIO SILVESTRI FILHO ME",6,,1192.02,1067.46,198.67,177.91
15.608.150/0001-50,0,,898,"JULIO SILVESTRI FILHO ME",18,,32.94,29.52,1.83,1.64
15.608.150/0001-50,0,,899,"JULIO SILVESTRI FILHO ME",6,,1416,1268.04,236,211.34
15.608.150/0001-50,0,,900,"JULIO SILVESTRI FILHO ME",2,,3294,2949.86,1647,1474.93
15.608.150/0001-50,0,,901,"JULIO SILVESTRI FILHO ME",3,,1347.99,1207.17,449.33,402.39
15.608.150/0001-50,0,,902,"JULIO SILVESTRI FILHO ME",12,,80.04,71.64,6.67,5.97
15.608.150/0001-50,0,,903,"JULIO SILVESTRI FILHO ME",6,,1162.02,1040.58,193.67,173.43
15.608.150/0001-50,0,,904,"JULIO SILVESTRI FILHO ME",24,,29.52,26.4,1.23,1.1
15.608.150/0001-50,0,,905,"JULIO SILVESTRI FILHO ME",24,,123.12,110.4,5.13,4.6
15.608.150/0001-50,0,,906,"JULIO SILVESTRI FILHO ME",6,,198,177.3,33,29.55
15.608.150/0001-50,0,,907,"JULIO SILVESTRI FILHO ME",6,,552,494.34,92,82.39
15.608.150/0001-50,0,,908,"JULIO SILVESTRI FILHO ME",1,,3065.33,2745.08,3065.33,2745.08
15.608.150/0001-50,0,,909,"JULIO SILVESTRI FILHO ME",1,,562.67,503.88,562.67,503.88
15.608.150/0001-50,0,,910,"JULIO SILVESTRI FILHO ME",3,,629.01,563.28,209.67,187.76
15.608.150/0001-50,0,,911,"JULIO SILVESTRI FILHO ME",6,,454.02,406.56,75.67,67.76
15.608.150/0001-50,0,,912,"JULIO SILVESTRI FILHO ME",6,,388.02,347.46,64.67,57.91
15.608.150/0001-50,0,,913,"JULIO SILVESTRI FILHO ME",3,,2178,1950.45,726,650.15
15.608.150/0001-50,0,,914,"JULIO SILVESTRI FILHO ME",600,,68802,61614,114.67,102.69
15.608.150/0001-50,0,,2986,"JULIO SILVESTRI FILHO ME",160,,13600,12171.2,85,76.07
15.608.150/0001-50,0,,2987,"JULIO SILVESTRI FILHO ME",160,,4960,4438.4,31,27.74
15.608.150/0001-50,0,,2988,"JULIO SILVESTRI FILHO ME",60,,4380,3919.8,73,65.33
15.608.150/0001-50,0,,2989,"JULIO SILVESTRI FILHO ME",60,,1219.8,1092,20.33,18.2
15.608.150/0001-50,0,,2990,"JULIO SILVESTRI FILHO ME",60,,640.2,573,10.67,9.55
15.608.150/0001-50,0,,2991,"JULIO SILVESTRI FILHO ME",16,,12160,10881.92,760,680.12
15.608.150/0001-50,0,,2992,"JULIO SILVESTRI FILHO ME",16,,17813.28,15941.12,1113.33,996.32
15.608.150/0001-50,0,,2993,"JULIO SILVESTRI FILHO ME",8,,11813.36,10571.76,1476.67,1321.47
15.608.150/0001-50,0,,2994,"JULIO SILVESTRI FILHO ME",200,,1166,1044,5.83,5.22
15.608.150/0001-50,0,,2995,"JULIO SILVESTRI FILHO ME",200,,1114,996,5.57,4.98
15.608.150/0001-50,0,,2996,"JULIO SILVESTRI FILHO ME",400,,1092,980,2.73,2.45
15.608.150/0001-50,0,,2997,"JULIO SILVESTRI FILHO ME",6,,16560,14819.58,2760,2469.93
15.608.150/0001-50,0,,2998,"JULIO SILVESTRI FILHO ME",60,,13440,12027.6,224,200.46
15.608.150/0001-50,0,,2999,"JULIO SILVESTRI FILHO ME",200,,1400,1252,7,6.26
15.608.150/0001-50,0,,3000,"JULIO SILVESTRI FILHO ME",200,,686,614,3.43,3.07
15.608.150/0001-50,0,,3001,"JULIO SILVESTRI FILHO ME",8,,11440,10237.68,1430,1279.71
15.608.150/0001-50,0,,3002,"JULIO SILVESTRI FILHO ME",200,,1014,906,5.07,4.53
15.608.150/0001-50,0,,3003,"JULIO SILVESTRI FILHO ME",200,,514,460,2.57,2.3
15.608.150/0001-50,0,,3004,"JULIO SILVESTRI FILHO ME",8,,4906.64,4390.96,613.33,548.87
15.608.150/0001-50,0,,3005,"JULIO SILVESTRI FILHO ME",60,,2899.8,2595,48.33,43.25
15.608.150/0001-50,0,,3006,"JULIO SILVESTRI FILHO ME",20,,946.6,847.2,47.33,42.36
15.608.150/0001-50,0,,3007,"JULIO SILVESTRI FILHO ME",20,,946.6,847.2,47.33,42.36
15.608.150/0001-50,0,,3008,"JULIO SILVESTRI FILHO ME",60,,36960,33075.6,616,551.26
15.608.150/0001-50,0,,3009,"JULIO SILVESTRI FILHO ME",60,,37579.8,33630.6,626.33,560.51
15.608.150/0001-50,0,,3010,"JULIO SILVESTRI FILHO ME",1000,,4930,4410,4.93,4.41
15.608.150/0001-50,0,,3011,"JULIO SILVESTRI FILHO ME",1000,,2730,2450,2.73,2.45
15.608.150/0001-50,0,,3012,"JULIO SILVESTRI FILHO ME",16,,3136,2806.4,196,175.4
15.608.150/0001-50,0,,3013,"JULIO SILVESTRI FILHO ME",100,,3433,3072,34.33,30.72
15.608.150/0001-50,0,,3014,"JULIO SILVESTRI FILHO ME",50,,7633.5,6831,152.67,136.62
15.608.150/0001-50,0,,3015,"JULIO SILVESTRI FILHO ME",16,,4325.28,3870.72,270.33,241.92
15.608.150/0001-50,0,,3016,"JULIO SILVESTRI FILHO ME",100,,3433,3072,34.33,30.72
15.608.150/0001-50,0,,3017,"JULIO SILVESTRI FILHO ME",50,,7183.5,6428.5,143.67,128.57
15.608.150/0001-50,0,,3018,"JULIO SILVESTRI FILHO ME",8,,5320,4760.88,665,595.11
15.608.150/0001-50,0,,3019,"JULIO SILVESTRI FILHO ME",40,,1906.8,1706.4,47.67,42.66
15.608.150/0001-50,0,,3020,"JULIO SILVESTRI FILHO ME",100,,3467,3102,34.67,31.02
15.608.150/0001-50,0,,3021,"JULIO SILVESTRI FILHO ME",100,,1133,1014,11.33,10.14
15.608.150/0001-50,0,,3022,"JULIO SILVESTRI FILHO ME",100,,1333,1193,13.33,11.93
15.608.150/0001-50,0,,3023,"JULIO SILVESTRI FILHO ME",12,,18000,16108.2,1500,1342.35
15.608.150/0001-50,0,,3024,"JULIO SILVESTRI FILHO ME",100,,5267,4713,52.67,47.13
15.608.150/0001-50,0,,3025,"JULIO SILVESTRI FILHO ME",400,,2132,1908,5.33,4.77
15.608.150/0001-50,0,,3026,"JULIO SILVESTRI FILHO ME",400,,1028,920,2.57,2.3
15.608.150/0001-50,0,,3027,"JULIO SILVESTRI FILHO ME",8,,12213.36,10929.68,1526.67,1366.21
15.608.150/0001-50,0,,3028,"JULIO SILVESTRI FILHO ME",30,,1479.9,1324.5,49.33,44.15
15.608.150/0001-50,0,,3029,"JULIO SILVESTRI FILHO ME",10,,793.3,710,79.33,71
15.608.150/0001-50,0,,3030,"JULIO SILVESTRI FILHO ME",10,,793.3,710,79.33,71
15.608.150/0001-50,0,,3031,"JULIO SILVESTRI FILHO ME",40,,16106.8,14414,402.67,360.35
15.608.150/0001-50,0,,3032,"JULIO SILVESTRI FILHO ME",40,,16586.8,14843.6,414.67,371.09
15.608.150/0001-50,0,,3033,"JULIO SILVESTRI FILHO ME",60,,11460,10255.8,191,170.93
15.608.150/0001-50,0,,3034,"JULIO SILVESTRI FILHO ME",16,,15189.28,13592.96,949.33,849.56
15.608.150/0001-50,0,,3035,"JULIO SILVESTRI FILHO ME",8,,2613.36,2338.64,326.67,292.33
15.608.150/0001-50,0,,3036,"JULIO SILVESTRI FILHO ME",8,,2613.36,2338.64,326.67,292.33
15.608.150/0001-50,0,,3037,"JULIO SILVESTRI FILHO ME",200,,1080,966,5.4,4.83
15.608.150/0001-50,0,,3038,"JULIO SILVESTRI FILHO ME",400,,1000,896,2.5,2.24
15.608.150/0001-50,0,,3039,"JULIO SILVESTRI FILHO ME",100,,5833,5220,58.33,52.2
15.608.150/0001-50,0,,3040,"JULIO SILVESTRI FILHO ME",60,,11460,10255.8,191,170.93
15.608.150/0001-50,0,,3041,"JULIO SILVESTRI FILHO ME",100,,4200,3759,42,37.59
15.608.150/0001-50,0,,3042,"JULIO SILVESTRI FILHO ME",200,,1080,966,5.4,4.83
79.864.567/0001-66,0,,915,"PLINIO JOSE LOPES GUIMARAES RAMOS EIRELI - ME",6,,283.98,256.68,47.33,42.78
79.864.567/0001-66,0,,916,"PLINIO JOSE LOPES GUIMARAES RAMOS EIRELI - ME",2,,286,262.64,143,131.32
79.864.567/0001-66,0,,917,"PLINIO JOSE LOPES GUIMARAES RAMOS EIRELI - ME",1,,427,389.99,427,389.99
79.864.567/0001-66,0,,918,"PLINIO JOSE LOPES GUIMARAES RAMOS EIRELI - ME",2,,188,173.1,94,86.55
79.864.567/0001-66,0,,919,"PLINIO JOSE LOPES GUIMARAES RAMOS EIRELI - ME",1,,326.33,298.46,326.33,298.46
79.864.567/0001-66,0,,920,"PLINIO JOSE LOPES GUIMARAES RAMOS EIRELI - ME",2,,148.66,137.3,74.33,68.65
79.864.567/0001-66,0,,921,"PLINIO JOSE LOPES GUIMARAES RAMOS EIRELI - ME",2,,224.66,204.94,112.33,102.47
79.864.567/0001-66,0,,922,"PLINIO JOSE LOPES GUIMARAES RAMOS EIRELI - ME",2,,140.66,127.34,70.33,63.67
79.864.567/0001-66,0,,923,"PLINIO JOSE LOPES GUIMARAES RAMOS EIRELI - ME",2,,932.66,853.6,466.33,426.8
79.864.567/0001-66,0,,924,"PLINIO JOSE LOPES GUIMARAES RAMOS EIRELI - ME",4,,609.32,557.12,152.33,139.28
79.864.567/0001-66,0,,925,"PLINIO JOSE LOPES GUIMARAES RAMOS EIRELI - ME",1,,1173.67,1074.47,1173.67,1074.47
79.864.567/0001-66,0,,926,"PLINIO JOSE LOPES GUIMARAES RAMOS EIRELI - ME",2,,310.66,284.54,155.33,142.27
79.864.567/0001-66,0,,927,"PLINIO JOSE LOPES GUIMARAES RAMOS EIRELI - ME",2,,276,250.72,138,125.36
79.864.567/0001-66,0,,928,"PLINIO JOSE LOPES GUIMARAES RAMOS EIRELI - ME",1,,3467.67,3173.67,3467.67,3173.67
79.864.567/0001-66,0,,929,"PLINIO JOSE LOPES GUIMARAES RAMOS EIRELI - ME",1,,6446.67,5899.64,6446.67,5899.64
79.864.567/0001-66,0,,930,"PLINIO JOSE LOPES GUIMARAES RAMOS EIRELI - ME",1,,2696.67,2467.31,2696.67,2467.31
79.864.567/0001-66,0,,931,"PLINIO JOSE LOPES GUIMARAES RAMOS EIRELI - ME",8,,1149.36,1050.56,143.67,131.32
79.864.567/0001-66,0,,932,"PLINIO JOSE LOPES GUIMARAES RAMOS EIRELI - ME",1,,762.67,697.41,762.67,697.41
79.864.567/0001-66,0,,933,"PLINIO JOSE LOPES GUIMARAES RAMOS EIRELI - ME",2,,221.34,200.96,110.67,100.48
79.864.567/0001-66,0,,934,"PLINIO JOSE LOPES GUIMARAES RAMOS EIRELI - ME",2,,188.66,173.1,94.33,86.55
79.864.567/0001-66,0,,935,"PLINIO JOSE LOPES GUIMARAES RAMOS EIRELI - ME",1,,3763.33,3444.28,3763.33,3444.28
79.864.567/0001-66,0,,936,"PLINIO JOSE LOPES GUIMARAES RAMOS EIRELI - ME",1,,1826.67,1671.4,1826.67,1671.4
79.864.567/0001-66,0,,937,"PLINIO JOSE LOPES GUIMARAES RAMOS EIRELI - ME",1,,826.67,756.11,826.67,756.11
79.864.567/0001-66,0,,938,"PLINIO JOSE LOPES GUIMARAES RAMOS EIRELI - ME",2,,415.34,380.04,207.67,190.02
79.864.567/0001-66,0,,939,"PLINIO JOSE LOPES GUIMARAES RAMOS EIRELI - ME",2,,2576.66,2357.86,1288.33,1178.93
79.864.567/0001-66,0,,940,"PLINIO JOSE LOPES GUIMARAES RAMOS EIRELI - ME",1,,167,152.22,167,152.22
79.864.567/0001-66,0,,941,"PLINIO JOSE LOPES GUIMARAES RAMOS EIRELI - ME",2,,262.66,238.78,131.33,119.39
79.864.567/0001-66,0,,942,"PLINIO JOSE LOPES GUIMARAES RAMOS EIRELI - ME",2,,282.66,258.66,141.33,129.33
79.864.567/0001-66,0,,943,"PLINIO JOSE LOPES GUIMARAES RAMOS EIRELI - ME",1,,704.67,644.68,704.67,644.68
79.864.567/0001-66,0,,944,"PLINIO JOSE LOPES GUIMARAES RAMOS EIRELI - ME",1,,504.67,461.62,504.67,461.62
79.864.567/0001-66,0,,945,"PLINIO JOSE LOPES GUIMARAES RAMOS EIRELI - ME",1,,853,780.98,853,780.98
79.864.567/0001-66,0,,946,"PLINIO JOSE LOPES GUIMARAES RAMOS EIRELI - ME",1,,1186.67,1086.41,1186.67,1086.41
79.864.567/0001-66,0,,947,"PLINIO JOSE LOPES GUIMARAES RAMOS EIRELI - ME",1,,446.67,408.9,446.67,408.9
79.864.567/0001-66,0,,948,"PLINIO JOSE LOPES GUIMARAES RAMOS EIRELI - ME",1,,658.67,602.9,658.67,602.9
79.864.567/0001-66,0,,949,"PLINIO JOSE LOPES GUIMARAES RAMOS EIRELI - ME",1,,356.67,326.32,356.67,326.32
79.864.567/0001-66,0,,950,"PLINIO JOSE LOPES GUIMARAES RAMOS EIRELI - ME",1,,1123.33,1028.71,1123.33,1028.71
79.864.567/0001-66,0,,951,"PLINIO JOSE LOPES GUIMARAES RAMOS EIRELI - ME",16,,165.28,143.2,10.33,8.95
79.864.567/0001-66,0,,952,"PLINIO JOSE LOPES GUIMARAES RAMOS EIRELI - ME",2,,347.34,318.36,173.67,159.18
79.864.567/0001-66,0,,953,"PLINIO JOSE LOPES GUIMARAES RAMOS EIRELI - ME",2,,1920,1756.96,960,878.48
79.864.567/0001-66,0,,954,"PLINIO JOSE LOPES GUIMARAES RAMOS EIRELI - ME",90,,1440,1342.8,16,14.92
79.864.567/0001-66,0,,955,"PLINIO JOSE LOPES GUIMARAES RAMOS EIRELI - ME",4,,818.68,752.12,204.67,188.03
79.864.567/0001-66,0,,956,"PLINIO JOSE LOPES GUIMARAES RAMOS EIRELI - ME",4,,397.32,366.12,99.33,91.53
79.864.567/0001-66,0,,957,"PLINIO JOSE LOPES GUIMARAES RAMOS EIRELI - ME",2,,634,581.02,317,290.51
79.864.567/0001-66,0,,958,"PLINIO JOSE LOPES GUIMARAES RAMOS EIRELI - ME",8,,69.36,55.68,8.67,6.96
79.864.567/0001-66,0,,959,"PLINIO JOSE LOPES GUIMARAES RAMOS EIRELI - ME",4,,1490.68,1361,372.67,340.25
79.864.567/0001-66,0,,960,"PLINIO JOSE LOPES GUIMARAES RAMOS EIRELI - ME",2,,3446.66,3153.78,1723.33,1576.89
79.864.567/0001-66,0,,961,"PLINIO JOSE LOPES GUIMARAES RAMOS EIRELI - ME",4,,3698.68,3382.6,924.67,845.65
79.864.567/0001-66,0,,962,"PLINIO JOSE LOPES GUIMARAES RAMOS EIRELI - ME",18,,13559.94,12410.1,753.33,689.45
79.864.567/0001-66,0,,963,"PLINIO JOSE LOPES GUIMARAES RAMOS EIRELI - ME",16,,704,636.8,44,39.8
79.864.567/0001-66,0,,964,"PLINIO JOSE LOPES GUIMARAES RAMOS EIRELI - ME",16,,757.28,692.48,47.33,43.28
79.864.567/0001-66,0,,965,"PLINIO JOSE LOPES GUIMARAES RAMOS EIRELI - ME",2,,676.66,618.82,338.33,309.41
79.864.567/0001-66,0,,966,"PLINIO JOSE LOPES GUIMARAES RAMOS EIRELI - ME",1,,828.33,758.1,828.33,758.1
79.864.567/0001-66,0,,967,"PLINIO JOSE LOPES GUIMARAES RAMOS EIRELI - ME",2,,1939.34,1774.86,969.67,887.43
79.864.567/0001-66,0,,968,"PLINIO JOSE LOPES GUIMARAES RAMOS EIRELI - ME",2,,2326.66,2129.04,1163.33,1064.52
79.864.567/0001-66,0,,969,"PLINIO JOSE LOPES GUIMARAES RAMOS EIRELI - ME",4,,1306.68,1193.84,326.67,298.46
79.864.567/0001-66,0,,970,"PLINIO JOSE LOPES GUIMARAES RAMOS EIRELI - ME",2,,609.34,557.14,304.67,278.57
79.864.567/0001-66,0,,971,"PLINIO JOSE LOPES GUIMARAES RAMOS EIRELI - ME",8,,1322.64,1209.76,165.33,151.22
79.864.567/0001-66,0,,972,"PLINIO JOSE LOPES GUIMARAES RAMOS EIRELI - ME",34,,408,371.96,12,10.94
79.864.567/0001-66,0,,973,"PLINIO JOSE LOPES GUIMARAES RAMOS EIRELI - ME",14,,308,278.6,22,19.9
79.864.567/0001-66,0,,974,"PLINIO JOSE LOPES GUIMARAES RAMOS EIRELI - ME",2,,952,869.52,476,434.76
79.864.567/0001-66,0,,975,"PLINIO JOSE LOPES GUIMARAES RAMOS EIRELI - ME",2,,723.34,662.6,361.67,331.3
79.864.567/0001-66,0,,976,"PLINIO JOSE LOPES GUIMARAES RAMOS EIRELI - ME",2,,1924.66,1760.94,962.33,880.47
79.864.567/0001-66,0,,977,"PLINIO JOSE LOPES GUIMARAES RAMOS EIRELI - ME",2,,1292,1181.92,646,590.96
79.864.567/0001-66,0,,978,"PLINIO JOSE LOPES GUIMARAES RAMOS EIRELI - ME",2,,1413.34,1293.34,706.67,646.67
79.864.567/0001-66,0,,979,"PLINIO JOSE LOPES GUIMARAES RAMOS EIRELI - ME",8,,848,780,106,97.5
79.864.567/0001-66,0,,980,"PLINIO JOSE LOPES GUIMARAES RAMOS EIRELI - ME",4,,504,461.64,126,115.41
79.864.567/0001-66,0,,981,"PLINIO JOSE LOPES GUIMARAES RAMOS EIRELI - ME",4,,780,712.32,195,178.08
79.864.567/0001-66,0,,982,"PLINIO JOSE LOPES GUIMARAES RAMOS EIRELI - ME",4,,716,656.64,179,164.16
79.864.567/0001-66,0,,983,"PLINIO JOSE LOPES GUIMARAES RAMOS EIRELI - ME",4,,578.68,529.28,144.67,132.32
79.864.567/0001-66,0,,984,"PLINIO JOSE LOPES GUIMARAES RAMOS EIRELI - ME",1,,969.33,886.44,969.33,886.44
79.864.567/0001-66,0,,985,"PLINIO JOSE LOPES GUIMARAES RAMOS EIRELI - ME",3,,930,850.62,310,283.54
79.864.567/0001-66,0,,986,"PLINIO JOSE LOPES GUIMARAES RAMOS EIRELI - ME",2,,772,706.36,386,353.18
79.864.567/0001-66,0,,987,"PLINIO JOSE LOPES GUIMARAES RAMOS EIRELI - ME",4,,2386.68,2184.76,596.67,546.19
79.864.567/0001-66,0,,988,"PLINIO JOSE LOPES GUIMARAES RAMOS EIRELI - ME",2,,867.34,791.92,433.67,395.96
79.864.567/0001-66,0,,989,"PLINIO JOSE LOPES GUIMARAES RAMOS EIRELI - ME",2,,1208,1106.3,604,553.15
79.864.567/0001-66,0,,990,"PLINIO JOSE LOPES GUIMARAES RAMOS EIRELI - ME",4,,72,63.68,18,15.92
79.864.567/0001-66,0,,991,"PLINIO JOSE LOPES GUIMARAES RAMOS EIRELI - ME",16,,597.28,541.28,37.33,33.83
79.864.567/0001-66,0,,992,"PLINIO JOSE LOPES GUIMARAES RAMOS EIRELI - ME",1,,1556.67,1424.67,1556.67,1424.67
79.864.567/0001-66,0,,993,"PLINIO JOSE LOPES GUIMARAES RAMOS EIRELI - ME",1,,1533.33,1412.73,1533.33,1412.73
79.864.567/0001-66,0,,994,"PLINIO JOSE LOPES GUIMARAES RAMOS EIRELI - ME",1,,1850,1693.29,1850,1693.29
79.864.567/0001-66,0,,995,"PLINIO JOSE LOPES GUIMARAES RAMOS EIRELI - ME",2,,1306,1193.86,653,596.93
79.864.567/0001-66,0,,996,"PLINIO JOSE LOPES GUIMARAES RAMOS EIRELI - ME",2,,773.34,706.36,386.67,353.18
79.864.567/0001-66,0,,997,"PLINIO JOSE LOPES GUIMARAES RAMOS EIRELI - ME",49,,9261,8482.39,189,173.11
79.864.567/0001-66,0,,998,"PLINIO JOSE LOPES GUIMARAES RAMOS EIRELI - ME",8,,888,811.84,111,101.48
79.864.567/0001-66,0,,999,"PLINIO JOSE LOPES GUIMARAES RAMOS EIRELI - ME",2,,434.66,397.96,217.33,198.98
79.864.567/0001-66,0,,1000,"PLINIO JOSE LOPES GUIMARAES RAMOS EIRELI - ME",6,,4000.02,3665.16,666.67,610.86
79.864.567/0001-66,0,,1001,"PLINIO JOSE LOPES GUIMARAES RAMOS EIRELI - ME",6,,822,752.16,137,125.36
79.864.567/0001-66,0,,1002,"PLINIO JOSE LOPES GUIMARAES RAMOS EIRELI - ME",2,,1062.66,973,531.33,486.5
79.864.567/0001-66,0,,1003,"PLINIO JOSE LOPES GUIMARAES RAMOS EIRELI - ME",1,,2536.67,2322.05,2536.67,2322.05
79.864.567/0001-66,0,,1004,"PLINIO JOSE LOPES GUIMARAES RAMOS EIRELI - ME",2,,992,907.34,496,453.67
79.864.567/0001-66,0,,1005,"PLINIO JOSE LOPES GUIMARAES RAMOS EIRELI - ME",8,,5074.64,4640.16,634.33,580.02
79.864.567/0001-66,0,,1006,"PLINIO JOSE LOPES GUIMARAES RAMOS EIRELI - ME",4,,1760,1611.72,440,402.93
79.864.567/0001-66,0,,1007,"PLINIO JOSE LOPES GUIMARAES RAMOS EIRELI - ME",2,,3320,3038.36,1660,1519.18
79.864.567/0001-66,0,,1008,"PLINIO JOSE LOPES GUIMARAES RAMOS EIRELI - ME",4,,2924,2678.2,731,669.55
79.864.567/0001-66,0,,1009,"PLINIO JOSE LOPES GUIMARAES RAMOS EIRELI - ME",6,,958.02,877.5,159.67,146.25
79.864.567/0001-66,0,,1010,"PLINIO JOSE LOPES GUIMARAES RAMOS EIRELI - ME",1,,2990,2735.92,2990,2735.92
79.864.567/0001-66,0,,1011,"PLINIO JOSE LOPES GUIMARAES RAMOS EIRELI - ME",2,,1493.34,1370.94,746.67,685.47
79.864.567/0001-66,0,,1012,"PLINIO JOSE LOPES GUIMARAES RAMOS EIRELI - ME",1,,1483.33,1358.01,1483.33,1358.01
79.864.567/0001-66,0,,1013,"PLINIO JOSE LOPES GUIMARAES RAMOS EIRELI - ME",2,,1006.66,921.26,503.33,460.63
79.864.567/0001-66,0,,1014,"PLINIO JOSE LOPES GUIMARAES RAMOS EIRELI - ME",1,,936.67,856.59,936.67,856.59
79.864.567/0001-66,0,,1015,"PLINIO JOSE LOPES GUIMARAES RAMOS EIRELI - ME",12,,327.96,298.44,27.33,24.87
79.864.567/0001-66,0,,1016,"PLINIO JOSE LOPES GUIMARAES RAMOS EIRELI - ME",12,,207.96,179.04,17.33,14.92
79.864.567/0001-66,0,,1017,"PLINIO JOSE LOPES GUIMARAES RAMOS EIRELI - ME",12,,192,167.16,16,13.93
79.864.567/0001-66,0,,1018,"PLINIO JOSE LOPES GUIMARAES RAMOS EIRELI - ME",2,,227.34,208.92,113.67,104.46
79.864.567/0001-66,0,,1019,"PLINIO JOSE LOPES GUIMARAES RAMOS EIRELI - ME",1,,374.67,342.24,374.67,342.24
79.864.567/0001-66,0,,1020,"PLINIO JOSE LOPES GUIMARAES RAMOS EIRELI - ME",2,,4856,4445.12,2428,2222.56
79.864.567/0001-66,0,,1021,"PLINIO JOSE LOPES GUIMARAES RAMOS EIRELI - ME",4,,414.68,378.04,103.67,94.51
79.864.567/0001-66,0,,1022,"PLINIO JOSE LOPES GUIMARAES RAMOS EIRELI - ME",300,,34401,32832,114.67,109.44
79.864.567/0001-66,0,,1023,"PLINIO JOSE LOPES GUIMARAES RAMOS EIRELI - ME",2,,130.66,119.06,65.33,59.53
79.864.567/0001-66,0,,1024,"PLINIO JOSE LOPES GUIMARAES RAMOS EIRELI - ME",2,,180.66,162.72,90.33,81.36
79.864.567/0001-66,0,,1025,"PLINIO JOSE LOPES GUIMARAES RAMOS EIRELI - ME",4,,345.32,311.56,86.33,77.89
79.864.567/0001-66,0,,1026,"PLINIO JOSE LOPES GUIMARAES RAMOS EIRELI - ME",4,,374.68,339.32,93.67,84.83
79.864.567/0001-66,0,,1027,"PLINIO JOSE LOPES GUIMARAES RAMOS EIRELI - ME",16,,154.72,134.88,9.67,8.43
79.864.567/0001-66,0,,1028,"PLINIO JOSE LOPES GUIMARAES RAMOS EIRELI - ME",12,,42,35.76,3.5,2.98
79.864.567/0001-66,0,,1029,"PLINIO JOSE LOPES GUIMARAES RAMOS EIRELI - ME",12,,42,35.76,3.5,2.98
79.864.567/0001-66,0,,1030,"PLINIO JOSE LOPES GUIMARAES RAMOS EIRELI - ME",16,,314.72,285.76,19.67,17.86
79.864.567/0001-66,0,,1031,"PLINIO JOSE LOPES GUIMARAES RAMOS EIRELI - ME",4,,717.32,646.92,179.33,161.73
79.864.567/0001-66,0,,1032,"PLINIO JOSE LOPES GUIMARAES RAMOS EIRELI - ME",10,,480,426.7,48,42.67
79.864.567/0001-66,0,,1033,"PLINIO JOSE LOPES GUIMARAES RAMOS EIRELI - ME",4,,181.32,162.72,45.33,40.68
79.864.567/0001-66,0,,1034,"PLINIO JOSE LOPES GUIMARAES RAMOS EIRELI - ME",4,,297.32,269.88,74.33,67.47
79.864.567/0001-66,0,,1035,"PLINIO JOSE LOPES GUIMARAES RAMOS EIRELI - ME",4,,204,182.56,51,45.64
79.864.567/0001-66,0,,1036,"PLINIO JOSE LOPES GUIMARAES RAMOS EIRELI - ME",4,,112,101.2,28,25.3
79.864.567/0001-66,0,,1037,"PLINIO JOSE LOPES GUIMARAES RAMOS EIRELI - ME",4,,172,154.8,43,38.7
79.864.567/0001-66,0,,1038,"PLINIO JOSE LOPES GUIMARAES RAMOS EIRELI - ME",2,,420.66,380.02,210.33,190.01
79.864.567/0001-66,0,,1039,"PLINIO JOSE LOPES GUIMARAES RAMOS EIRELI - ME",2,,359.34,324.46,179.67,162.23
79.864.567/0001-66,0,,1040,"PLINIO JOSE LOPES GUIMARAES RAMOS EIRELI - ME",4,,824,744.16,206,186.04
79.864.567/0001-66,0,,1041,"PLINIO JOSE LOPES GUIMARAES RAMOS EIRELI - ME",4,,425.32,383,106.33,95.75
79.864.567/0001-66,0,,1042,"PLINIO JOSE LOPES GUIMARAES RAMOS EIRELI - ME",2,,552.66,499.08,276.33,249.54
79.864.567/0001-66,0,,1043,"PLINIO JOSE LOPES GUIMARAES RAMOS EIRELI - ME",2,,428.66,386.96,214.33,193.48
79.864.567/0001-66,0,,1044,"PLINIO JOSE LOPES GUIMARAES RAMOS EIRELI - ME",2,,296,265.92,148,132.96
79.864.567/0001-66,0,,1045,"PLINIO JOSE LOPES GUIMARAES RAMOS EIRELI - ME",4,,202.68,182.56,50.67,45.64
79.864.567/0001-66,0,,1046,"PLINIO JOSE LOPES GUIMARAES RAMOS EIRELI - ME",4,,124,111.12,31,27.78
79.864.567/0001-66,0,,1047,"PLINIO JOSE LOPES GUIMARAES RAMOS EIRELI - ME",4,,174.68,156.76,43.67,39.19
79.864.567/0001-66,0,,1048,"PLINIO JOSE LOPES GUIMARAES RAMOS EIRELI - ME",2,,286,257.98,143,128.99
79.864.567/0001-66,0,,1049,"PLINIO JOSE LOPES GUIMARAES RAMOS EIRELI - ME",2,,223.34,201.42,111.67,100.71
79.864.567/0001-66,0,,1050,"PLINIO JOSE LOPES GUIMARAES RAMOS EIRELI - ME",8,,432,392.88,54,49.11
79.864.567/0001-66,0,,1051,"PLINIO JOSE LOPES GUIMARAES RAMOS EIRELI - ME",8,,341.36,305.6,42.67,38.2
79.864.567/0001-66,0,,1052,"PLINIO JOSE LOPES GUIMARAES RAMOS EIRELI - ME",4,,345.32,311.56,86.33,77.89
79.864.567/0001-66,0,,1053,"PLINIO JOSE LOPES GUIMARAES RAMOS EIRELI - ME",4,,385.32,347.28,96.33,86.82
79.864.567/0001-66,0,,1054,"PLINIO JOSE LOPES GUIMARAES RAMOS EIRELI - ME",8,,749.36,678.64,93.67,84.83
79.864.567/0001-66,0,,1055,"PLINIO JOSE LOPES GUIMARAES RAMOS EIRELI - ME",4,,622.68,561.6,155.67,140.4
79.864.567/0001-66,0,,1056,"PLINIO JOSE LOPES GUIMARAES RAMOS EIRELI - ME",8,,445.36,400.88,55.67,50.11
79.864.567/0001-66,0,,1057,"PLINIO JOSE LOPES GUIMARAES RAMOS EIRELI - ME",4,,329.32,297.68,82.33,74.42
79.864.567/0001-66,0,,1058,"PLINIO JOSE LOPES GUIMARAES RAMOS EIRELI - ME",2,,458.66,412.76,229.33,206.38
79.864.567/0001-66,0,,1059,"PLINIO JOSE LOPES GUIMARAES RAMOS EIRELI - ME",4,,432,392.92,108,98.23
79.864.567/0001-66,0,,1060,"PLINIO JOSE LOPES GUIMARAES RAMOS EIRELI - ME",2,,1738.66,1569.68,869.33,784.84
79.864.567/0001-66,0,,1061,"PLINIO JOSE LOPES GUIMARAES RAMOS EIRELI - ME",4,,898.68,809.64,224.67,202.41
79.864.567/0001-66,0,,1062,"PLINIO JOSE LOPES GUIMARAES RAMOS EIRELI - ME",4,,484,436.56,121,109.14
79.864.567/0001-66,0,,1063,"PLINIO JOSE LOPES GUIMARAES RAMOS EIRELI - ME",2,,352,318.5,176,159.25
79.864.567/0001-66,0,,1064,"PLINIO JOSE LOPES GUIMARAES RAMOS EIRELI - ME",2,,918,828.5,459,414.25
79.864.567/0001-66,0,,1065,"PLINIO JOSE LOPES GUIMARAES RAMOS EIRELI - ME",16,,394.72,357.12,24.67,22.32
79.864.567/0001-66,0,,1066,"PLINIO JOSE LOPES GUIMARAES RAMOS EIRELI - ME",4,,344,311.56,86,77.89
79.864.567/0001-66,0,,1067,"PLINIO JOSE LOPES GUIMARAES RAMOS EIRELI - ME",4,,284,256,71,64
79.864.567/0001-66,0,,1068,"PLINIO JOSE LOPES GUIMARAES RAMOS EIRELI - ME",2,,414.66,373.08,207.33,186.54
79.864.567/0001-66,0,,1069,"PLINIO JOSE LOPES GUIMARAES RAMOS EIRELI - ME",16,,485.28,436.64,30.33,27.29
79.864.567/0001-66,0,,1070,"PLINIO JOSE LOPES GUIMARAES RAMOS EIRELI - ME",2,,1091.34,984.28,545.67,492.14
79.864.567/0001-66,0,,1071,"PLINIO JOSE LOPES GUIMARAES RAMOS EIRELI - ME",4,,1090.68,984.28,272.67,246.07
79.864.567/0001-66,0,,1072,"PLINIO JOSE LOPES GUIMARAES RAMOS EIRELI - ME",2,,8513.34,7687.7,4256.67,3843.85
79.864.567/0001-66,0,,1073,"PLINIO JOSE LOPES GUIMARAES RAMOS EIRELI - ME",8,,3282.64,2964.72,410.33,370.59
79.864.567/0001-66,0,,1074,"PLINIO JOSE LOPES GUIMARAES RAMOS EIRELI - ME",4,,1350.68,1218.44,337.67,304.61
79.864.567/0001-66,0,,1075,"PLINIO JOSE LOPES GUIMARAES RAMOS EIRELI - ME",4,,426.68,385,106.67,96.25
79.864.567/0001-66,0,,1076,"PLINIO JOSE LOPES GUIMARAES RAMOS EIRELI - ME",2,,522.66,470.32,261.33,235.16
79.864.567/0001-66,0,,1077,"PLINIO JOSE LOPES GUIMARAES RAMOS EIRELI - ME",2,,932,841.4,466,420.7
79.864.567/0001-66,0,,1078,"PLINIO JOSE LOPES GUIMARAES RAMOS EIRELI - ME",2,,792,714.4,396,357.2
79.864.567/0001-66,0,,1079,"PLINIO JOSE LOPES GUIMARAES RAMOS EIRELI - ME",1,,2735.33,2469.63,2735.33,2469.63
79.864.567/0001-66,0,,1080,"PLINIO JOSE LOPES GUIMARAES RAMOS EIRELI - ME",2,,2616.66,2361.48,1308.33,1180.74
79.864.567/0001-66,0,,1081,"PLINIO JOSE LOPES GUIMARAES RAMOS EIRELI - ME",2,,3600,3250.5,1800,1625.25
79.864.567/0001-66,0,,1082,"PLINIO JOSE LOPES GUIMARAES RAMOS EIRELI - ME",2,,1880,1696.7,940,848.35
79.864.567/0001-66,0,,1083,"PLINIO JOSE LOPES GUIMARAES RAMOS EIRELI - ME",4,,254.68,230.2,63.67,57.55
79.864.567/0001-66,0,,1084,"PLINIO JOSE LOPES GUIMARAES RAMOS EIRELI - ME",2,,165.34,148.84,82.67,74.42
79.864.567/0001-66,0,,1085,"PLINIO JOSE LOPES GUIMARAES RAMOS EIRELI - ME",4,,214.68,194.48,53.67,48.62
79.864.567/0001-66,0,,1086,"PLINIO JOSE LOPES GUIMARAES RAMOS EIRELI - ME",28,,709.24,638.96,25.33,22.82
79.864.567/0001-66,0,,1087,"PLINIO JOSE LOPES GUIMARAES RAMOS EIRELI - ME",24,,736.08,666.72,30.67,27.78
79.864.567/0001-66,0,,1088,"PLINIO JOSE LOPES GUIMARAES RAMOS EIRELI - ME",2,,566,510,283,255
79.864.567/0001-66,0,,1089,"PLINIO JOSE LOPES GUIMARAES RAMOS EIRELI - ME",4,,158.68,142.88,39.67,35.72
79.864.567/0001-66,0,,1090,"PLINIO JOSE LOPES GUIMARAES RAMOS EIRELI - ME",4,,358.68,323.48,89.67,80.87
79.864.567/0001-66,0,,1091,"PLINIO JOSE LOPES GUIMARAES RAMOS EIRELI - ME",4,,425.32,383,106.33,95.75
79.864.567/0001-66,0,,1092,"PLINIO JOSE LOPES GUIMARAES RAMOS EIRELI - ME",2,,407.34,369.1,203.67,184.55
79.864.567/0001-66,0,,1093,"PLINIO JOSE LOPES GUIMARAES RAMOS EIRELI - ME",2,,1299.34,1172.8,649.67,586.4
79.864.567/0001-66,0,,1094,"PLINIO JOSE LOPES GUIMARAES RAMOS EIRELI - ME",2,,1050,948.56,525,474.28
79.864.567/0001-66,0,,1095,"PLINIO JOSE LOPES GUIMARAES RAMOS EIRELI - ME",2,,268,242.1,134,121.05
79.864.567/0001-66,0,,1096,"PLINIO JOSE LOPES GUIMARAES RAMOS EIRELI - ME",2,,497.34,450.46,248.67,225.23
79.864.567/0001-66,0,,1097,"PLINIO JOSE LOPES GUIMARAES RAMOS EIRELI - ME",2,,5623.34,5076.18,2811.67,2538.09
79.864.567/0001-66,0,,1098,"PLINIO JOSE LOPES GUIMARAES RAMOS EIRELI - ME",2,,152,137.92,76,68.96
79.864.567/0001-66,0,,1099,"PLINIO JOSE LOPES GUIMARAES RAMOS EIRELI - ME",2,,1834,1656.02,917,828.01
79.864.567/0001-66,0,,1100,"PLINIO JOSE LOPES GUIMARAES RAMOS EIRELI - ME",2,,2220,2004.28,1110,1002.14
79.864.567/0001-66,0,,1101,"PLINIO JOSE LOPES GUIMARAES RAMOS EIRELI - ME",2,,4360,3935.14,2180,1967.57
79.864.567/0001-66,0,,1102,"PLINIO JOSE LOPES GUIMARAES RAMOS EIRELI - ME",2,,2313.34,2087.62,1156.67,1043.81
79.864.567/0001-66,0,,1103,"PLINIO JOSE LOPES GUIMARAES RAMOS EIRELI - ME",4,,352,317.52,88,79.38
79.864.567/0001-66,0,,1104,"PLINIO JOSE LOPES GUIMARAES RAMOS EIRELI - ME",16,,2458.72,2213.12,153.67,138.32
79.864.567/0001-66,0,,1105,"PLINIO JOSE LOPES GUIMARAES RAMOS EIRELI - ME",8,,1016,916.8,127,114.6
79.864.567/0001-66,0,,1106,"PLINIO JOSE LOPES GUIMARAES RAMOS EIRELI - ME",8,,981.36,885.04,122.67,110.63
79.864.567/0001-66,0,,1107,"PLINIO JOSE LOPES GUIMARAES RAMOS EIRELI - ME",4,,2957.32,2670.24,739.33,667.56
79.864.567/0001-66,0,,1108,"PLINIO JOSE LOPES GUIMARAES RAMOS EIRELI - ME",8,,162.64,146.88,20.33,18.36
79.864.567/0001-66,0,,1109,"PLINIO JOSE LOPES GUIMARAES RAMOS EIRELI - ME",8,,125.36,111.12,15.67,13.89
79.864.567/0001-66,0,,1110,"PLINIO JOSE LOPES GUIMARAES RAMOS EIRELI - ME",6,,678,613.2,113,102.2
79.864.567/0001-66,0,,1111,"PLINIO JOSE LOPES GUIMARAES RAMOS EIRELI - ME",6,,678,613.2,113,102.2
79.864.567/0001-66,0,,1112,"PLINIO JOSE LOPES GUIMARAES RAMOS EIRELI - ME",4,,3184,2873.48,796,718.37
79.864.567/0001-66,0,,1113,"PLINIO JOSE LOPES GUIMARAES RAMOS EIRELI - ME",8,,1904,1714.56,238,214.32
79.864.567/0001-66,0,,1114,"PLINIO JOSE LOPES GUIMARAES RAMOS EIRELI - ME",8,,1690.64,1524.08,211.33,190.51
79.864.567/0001-66,0,,1115,"PLINIO JOSE LOPES GUIMARAES RAMOS EIRELI - ME",2,,1250.66,1131.12,625.33,565.56
79.864.567/0001-66,0,,1116,"PLINIO JOSE LOPES GUIMARAES RAMOS EIRELI - ME",4,,1320,1190.68,330,297.67
79.864.567/0001-66,0,,1117,"PLINIO JOSE LOPES GUIMARAES RAMOS EIRELI - ME",4,,1810.68,1635.16,452.67,408.79
79.864.567/0001-66,0,,1118,"PLINIO JOSE LOPES GUIMARAES RAMOS EIRELI - ME",40,,360,317.6,9,7.94
79.864.567/0001-66,0,,1119,"PLINIO JOSE LOPES GUIMARAES RAMOS EIRELI - ME",32,,256,222.4,8,6.95
79.864.567/0001-66,0,,1120,"PLINIO JOSE LOPES GUIMARAES RAMOS EIRELI - ME",18,,3623.94,3268.44,201.33,181.58
79.864.567/0001-66,0,,1121,"PLINIO JOSE LOPES GUIMARAES RAMOS EIRELI - ME",4,,1138.68,1027.92,284.67,256.98
79.864.567/0001-66,0,,1122,"PLINIO JOSE LOPES GUIMARAES RAMOS EIRELI - ME",4,,208,190.52,52,47.63
79.864.567/0001-66,0,,1123,"PLINIO JOSE LOPES GUIMARAES RAMOS EIRELI - ME",4,,177.32,158.76,44.33,39.69
79.864.567/0001-66,0,,1124,"PLINIO JOSE LOPES GUIMARAES RAMOS EIRELI - ME",8,,61.36,47.6,7.67,5.95
79.864.567/0001-66,0,,1125,"PLINIO JOSE LOPES GUIMARAES RAMOS EIRELI - ME",16,,250.72,222.24,15.67,13.89
79.864.567/0001-66,0,,1126,"PLINIO JOSE LOPES GUIMARAES RAMOS EIRELI - ME",8,,325.36,301.6,40.67,37.7
79.864.567/0001-66,0,,1127,"PLINIO JOSE LOPES GUIMARAES RAMOS EIRELI - ME",8,,242.64,222.24,30.33,27.78
79.864.567/0001-66,0,,1128,"PLINIO JOSE LOPES GUIMARAES RAMOS EIRELI - ME",8,,56,47.6,7,5.95
79.864.567/0001-66,0,,1129,"PLINIO JOSE LOPES GUIMARAES RAMOS EIRELI - ME",8,,565.36,508,70.67,63.5
79.864.567/0001-66,0,,1130,"PLINIO JOSE LOPES GUIMARAES RAMOS EIRELI - ME",16,,154.72,127.04,9.67,7.94
79.864.567/0001-66,0,,1131,"PLINIO JOSE LOPES GUIMARAES RAMOS EIRELI - ME",4,,598.68,539.76,149.67,134.94
79.864.567/0001-66,0,,1132,"PLINIO JOSE LOPES GUIMARAES RAMOS EIRELI - ME",4,,598.68,539.76,149.67,134.94
79.864.567/0001-66,0,,1133,"PLINIO JOSE LOPES GUIMARAES RAMOS EIRELI - ME",4,,1237.32,1119.24,309.33,279.81
79.864.567/0001-66,0,,1134,"PLINIO JOSE LOPES GUIMARAES RAMOS EIRELI - ME",8,,736,658.8,92,82.35
79.864.567/0001-66,0,,1135,"PLINIO JOSE LOPES GUIMARAES RAMOS EIRELI - ME",8,,925.36,833.44,115.67,104.18
79.864.567/0001-66,0,,1136,"PLINIO JOSE LOPES GUIMARAES RAMOS EIRELI - ME",8,,330.64,301.6,41.33,37.7
79.864.567/0001-66,0,,1137,"PLINIO JOSE LOPES GUIMARAES RAMOS EIRELI - ME",8,,141.36,127.04,17.67,15.88
79.864.567/0001-66,0,,1138,"PLINIO JOSE LOPES GUIMARAES RAMOS EIRELI - ME",4,,188,166.68,47,41.67
79.864.567/0001-66,0,,1139,"PLINIO JOSE LOPES GUIMARAES RAMOS EIRELI - ME",2,,4310,3893.46,2155,1946.73
79.864.567/0001-66,0,,1140,"PLINIO JOSE LOPES GUIMARAES RAMOS EIRELI - ME",2,,100.66,89.3,50.33,44.65
79.864.567/0001-66,0,,1141,"PLINIO JOSE LOPES GUIMARAES RAMOS EIRELI - ME",4,,292,261.96,73,65.49
79.864.567/0001-66,0,,1142,"PLINIO JOSE LOPES GUIMARAES RAMOS EIRELI - ME",2,,2360,2133.26,1180,1066.63
79.864.567/0001-66,0,,1143,"PLINIO JOSE LOPES GUIMARAES RAMOS EIRELI - ME",4,,364,325.44,91,81.36
79.864.567/0001-66,0,,1144,"PLINIO JOSE LOPES GUIMARAES RAMOS EIRELI - ME",2,,2326.66,2099.54,1163.33,1049.77
79.864.567/0001-66,0,,1145,"PLINIO JOSE LOPES GUIMARAES RAMOS EIRELI - ME",2,,893.34,807.66,446.67,403.83
79.864.567/0001-66,0,,1146,"PLINIO JOSE LOPES GUIMARAES RAMOS EIRELI - ME",2,,427.34,386.96,213.67,193.48
79.864.567/0001-66,0,,1147,"PLINIO JOSE LOPES GUIMARAES RAMOS EIRELI - ME",8,,328,301.6,41,37.7
79.864.567/0001-66,0,,1148,"PLINIO JOSE LOPES GUIMARAES RAMOS EIRELI - ME",4,,826.68,746.16,206.67,186.54
79.864.567/0001-66,0,,1149,"PLINIO JOSE LOPES GUIMARAES RAMOS EIRELI - ME",6,,58.02,47.64,9.67,7.94
79.864.567/0001-66,0,,1150,"PLINIO JOSE LOPES GUIMARAES RAMOS EIRELI - ME",6,,58.02,47.64,9.67,7.94
79.864.567/0001-66,0,,1151,"PLINIO JOSE LOPES GUIMARAES RAMOS EIRELI - ME",12,,56.04,47.64,4.67,3.97
79.864.567/0001-66,0,,1152,"PLINIO JOSE LOPES GUIMARAES RAMOS EIRELI - ME",8,,1034.64,936.64,129.33,117.08
79.864.567/0001-66,0,,1153,"PLINIO JOSE LOPES GUIMARAES RAMOS EIRELI - ME",8,,1242.64,1119.2,155.33,139.9
79.864.567/0001-66,0,,1154,"PLINIO JOSE LOPES GUIMARAES RAMOS EIRELI - ME",32,,213.44,190.4,6.67,5.95
79.864.567/0001-66,0,,1155,"PLINIO JOSE LOPES GUIMARAES RAMOS EIRELI - ME",4,,1421.32,1281.96,355.33,320.49
79.864.567/0001-66,0,,1156,"PLINIO JOSE LOPES GUIMARAES RAMOS EIRELI - ME",24,,424.08,381.12,17.67,15.88
79.864.567/0001-66,0,,1157,"PLINIO JOSE LOPES GUIMARAES RAMOS EIRELI - ME",4,,24,19.84,6,4.96
79.864.567/0001-66,0,,1158,"PLINIO JOSE LOPES GUIMARAES RAMOS EIRELI - ME",4,,840,758.04,210,189.51
79.864.567/0001-66,0,,1159,"PLINIO JOSE LOPES GUIMARAES RAMOS EIRELI - ME",4,,1450.68,1309.72,362.67,327.43
79.864.567/0001-66,0,,1160,"PLINIO JOSE LOPES GUIMARAES RAMOS EIRELI - ME",12,,24,17.88,2,1.49
79.864.567/0001-66,0,,1161,"PLINIO JOSE LOPES GUIMARAES RAMOS EIRELI - ME",12,,1160.04,1047.84,96.67,87.32
79.864.567/0001-66,0,,1162,"PLINIO JOSE LOPES GUIMARAES RAMOS EIRELI - ME",4,,2532,2286.08,633,571.52
79.864.567/0001-66,0,,1163,"PLINIO JOSE LOPES GUIMARAES RAMOS EIRELI - ME",2,,1003.34,904.9,501.67,452.45
79.864.567/0001-66,0,,1164,"PLINIO JOSE LOPES GUIMARAES RAMOS EIRELI - ME",2,,3480,3141.36,1740,1570.68
79.864.567/0001-66,0,,1165,"PLINIO JOSE LOPES GUIMARAES RAMOS EIRELI - ME",16,,112,95.2,7,5.95
79.864.567/0001-66,0,,1166,"PLINIO JOSE LOPES GUIMARAES RAMOS EIRELI - ME",2,,1560,1408.94,780,704.47
79.864.567/0001-66,0,,1167,"PLINIO JOSE LOPES GUIMARAES RAMOS EIRELI - ME",4,,358.68,325.44,89.67,81.36
79.864.567/0001-66,0,,1168,"PLINIO JOSE LOPES GUIMARAES RAMOS EIRELI - ME",2,,2840,2619.46,1420,1309.73
79.864.567/0001-66,0,,1169,"PLINIO JOSE LOPES GUIMARAES RAMOS EIRELI - ME",2,,920,829.5,460,414.75
79.864.567/0001-66,0,,1170,"PLINIO JOSE LOPES GUIMARAES RAMOS EIRELI - ME",4,,481.32,436.56,120.33,109.14
79.864.567/0001-66,0,,1171,"PLINIO JOSE LOPES GUIMARAES RAMOS EIRELI - ME",2,,307.34,277.82,153.67,138.91
79.864.567/0001-66,0,,1172,"PLINIO JOSE LOPES GUIMARAES RAMOS EIRELI - ME",8,,661.36,595.36,82.67,74.42
79.864.567/0001-66,0,,1173,"PLINIO JOSE LOPES GUIMARAES RAMOS EIRELI - ME",2,,3560,3212.8,1780,1606.4
79.864.567/0001-66,0,,1174,"PLINIO JOSE LOPES GUIMARAES RAMOS EIRELI - ME",2,,1106.66,998.18,553.33,499.09
79.864.567/0001-66,0,,1175,"PLINIO JOSE LOPES GUIMARAES RAMOS EIRELI - ME",8,,656,595.36,82,74.42
79.864.567/0001-66,0,,1176,"PLINIO JOSE LOPES GUIMARAES RAMOS EIRELI - ME",2,,1700,1535.96,850,767.98
79.864.567/0001-66,0,,1177,"PLINIO JOSE LOPES GUIMARAES RAMOS EIRELI - ME",2,,1480,1335.52,740,667.76
79.864.567/0001-66,0,,1178,"PLINIO JOSE LOPES GUIMARAES RAMOS EIRELI - ME",4,,364,325.44,91,81.36
79.864.567/0001-66,0,,1179,"PLINIO JOSE LOPES GUIMARAES RAMOS EIRELI - ME",2,,1113.34,1004.12,556.67,502.06
79.864.567/0001-66,0,,1180,"PLINIO JOSE LOPES GUIMARAES RAMOS EIRELI - ME",1,,1266.33,1143.03,1266.33,1143.03
79.864.567/0001-66,0,,1181,"PLINIO JOSE LOPES GUIMARAES RAMOS EIRELI - ME",2,,222.66,200.42,111.33,100.21
79.864.567/0001-66,0,,1182,"PLINIO JOSE LOPES GUIMARAES RAMOS EIRELI - ME",2,,284.66,256,142.33,128
79.864.567/0001-66,0,,1183,"PLINIO JOSE LOPES GUIMARAES RAMOS EIRELI - ME",2,,3806.66,3437.04,1903.33,1718.52
79.864.567/0001-66,0,,1184,"PLINIO JOSE LOPES GUIMARAES RAMOS EIRELI - ME",2,,2893.34,2611.52,1446.67,1305.76
79.864.567/0001-66,0,,1185,"PLINIO JOSE LOPES GUIMARAES RAMOS EIRELI - ME",4,,2068,1865.36,517,466.34
79.864.567/0001-66,0,,1186,"PLINIO JOSE LOPES GUIMARAES RAMOS EIRELI - ME",2,,1633.34,1474.44,816.67,737.22
79.864.567/0001-66,0,,1187,"PLINIO JOSE LOPES GUIMARAES RAMOS EIRELI - ME",2,,880,795.76,440,397.88
79.864.567/0001-66,0,,1188,"PLINIO JOSE LOPES GUIMARAES RAMOS EIRELI - ME",4,,298.68,269.88,74.67,67.47
79.864.567/0001-66,0,,1189,"PLINIO JOSE LOPES GUIMARAES RAMOS EIRELI - ME",1,,2163.33,1952.68,2163.33,1952.68
79.864.567/0001-66,0,,1190,"PLINIO JOSE LOPES GUIMARAES RAMOS EIRELI - ME",1,,885.67,799.73,885.67,799.73
79.864.567/0001-66,0,,1191,"PLINIO JOSE LOPES GUIMARAES RAMOS EIRELI - ME",2,,474,426.66,237,213.33
79.864.567/0001-66,0,,1192,"PLINIO JOSE LOPES GUIMARAES RAMOS EIRELI - ME",1,,4108.33,3708.91,4108.33,3708.91
79.864.567/0001-66,0,,1193,"PLINIO JOSE LOPES GUIMARAES RAMOS EIRELI - ME",1,,2490,2244.39,2490,2244.39
79.864.567/0001-66,0,,1194,"PLINIO JOSE LOPES GUIMARAES RAMOS EIRELI - ME",8,,698.64,635.04,87.33,79.38
79.864.567/0001-66,0,,1195,"PLINIO JOSE LOPES GUIMARAES RAMOS EIRELI - ME",8,,397.36,357.2,49.67,44.65
79.864.567/0001-66,0,,1196,"PLINIO JOSE LOPES GUIMARAES RAMOS EIRELI - ME",2,,252,228.2,126,114.1
79.864.567/0001-66,0,,1197,"PLINIO JOSE LOPES GUIMARAES RAMOS EIRELI - ME",2,,427.34,384.98,213.67,192.49
79.864.567/0001-66,0,,1198,"PLINIO JOSE LOPES GUIMARAES RAMOS EIRELI - ME",2,,265.34,238.14,132.67,119.07
79.864.567/0001-66,0,,1199,"PLINIO JOSE LOPES GUIMARAES RAMOS EIRELI - ME",4,,473.32,428.64,118.33,107.16
79.864.567/0001-66,0,,1200,"PLINIO JOSE LOPES GUIMARAES RAMOS EIRELI - ME",4,,564,508,141,127
79.864.567/0001-66,0,,1201,"PLINIO JOSE LOPES GUIMARAES RAMOS EIRELI - ME",200,,22934,20242,114.67,101.21
79.864.567/0001-66,0,,1202,"PLINIO JOSE LOPES GUIMARAES RAMOS EIRELI - ME",8,,936,859.04,117,107.38
79.864.567/0001-66,0,,1203,"PLINIO JOSE LOPES GUIMARAES RAMOS EIRELI - ME",4,,468,429.52,117,107.38
79.864.567/0001-66,0,,1204,"PLINIO JOSE LOPES GUIMARAES RAMOS EIRELI - ME",1,,953,870.95,953,870.95
79.864.567/0001-66,0,,1205,"PLINIO JOSE LOPES GUIMARAES RAMOS EIRELI - ME",1,,772,705.91,772,705.91
79.864.567/0001-66,0,,1206,"PLINIO JOSE LOPES GUIMARAES RAMOS EIRELI - ME",1,,3860,3531.52,3860,3531.52
79.864.567/0001-66,0,,1207,"PLINIO JOSE LOPES GUIMARAES RAMOS EIRELI - ME",1,,845,772.52,845,772.52
79.864.567/0001-66,0,,1208,"PLINIO JOSE LOPES GUIMARAES RAMOS EIRELI - ME",1,,204.67,187.91,204.67,187.91
79.864.567/0001-66,0,,1209,"PLINIO JOSE LOPES GUIMARAES RAMOS EIRELI - ME",1,,331.33,303.24,331.33,303.24
79.864.567/0001-66,0,,1210,"PLINIO JOSE LOPES GUIMARAES RAMOS EIRELI - ME",3,,219.99,202.83,73.33,67.61
79.864.567/0001-66,0,,1211,"PLINIO JOSE LOPES GUIMARAES RAMOS EIRELI - ME",4,,622.68,568.72,155.67,142.18
79.864.567/0001-66,0,,1212,"PLINIO JOSE LOPES GUIMARAES RAMOS EIRELI - ME",4,,662.68,608.48,165.67,152.12
79.864.567/0001-66,0,,1213,"PLINIO JOSE LOPES GUIMARAES RAMOS EIRELI - ME",1,,3178.67,2907.14,3178.67,2907.14
79.864.567/0001-66,0,,1214,"PLINIO JOSE LOPES GUIMARAES RAMOS EIRELI - ME",1,,2883.33,2636.71,2883.33,2636.71
79.864.567/0001-66,0,,1215,"PLINIO JOSE LOPES GUIMARAES RAMOS EIRELI - ME",1,,1594,1458.54,1594,1458.54
79.864.567/0001-66,0,,1216,"PLINIO JOSE LOPES GUIMARAES RAMOS EIRELI - ME",2,,1225.34,1121.5,612.67,560.75
79.864.567/0001-66,0,,1217,"PLINIO JOSE LOPES GUIMARAES RAMOS EIRELI - ME",4,,218.68,198.84,54.67,49.71
79.864.567/0001-66,0,,1218,"PLINIO JOSE LOPES GUIMARAES RAMOS EIRELI - ME",4,,345.32,318.16,86.33,79.54
79.864.567/0001-66,0,,1219,"PLINIO JOSE LOPES GUIMARAES RAMOS EIRELI - ME",4,,265.32,242.6,66.33,60.65
79.864.567/0001-66,0,,1220,"PLINIO JOSE LOPES GUIMARAES RAMOS EIRELI - ME",2,,3253.34,2974.74,1626.67,1487.37
79.864.567/0001-66,0,,1221,"PLINIO JOSE LOPES GUIMARAES RAMOS EIRELI - ME",4,,2426.68,2219.12,606.67,554.78
79.864.567/0001-66,0,,1222,"PLINIO JOSE LOPES GUIMARAES RAMOS EIRELI - ME",2,,244,222.7,122,111.35
79.864.567/0001-66,0,,1223,"PLINIO JOSE LOPES GUIMARAES RAMOS EIRELI - ME",4,,354.68,326.12,88.67,81.53
79.864.567/0001-66,0,,1224,"PLINIO JOSE LOPES GUIMARAES RAMOS EIRELI - ME",2,,552,503.08,276,251.54
79.864.567/0001-66,0,,1225,"PLINIO JOSE LOPES GUIMARAES RAMOS EIRELI - ME",2,,2206.66,2018.3,1103.33,1009.15
79.864.567/0001-66,0,,1226,"PLINIO JOSE LOPES GUIMARAES RAMOS EIRELI - ME",1,,248,226.69,248,226.69
79.864.567/0001-66,0,,1227,"PLINIO JOSE LOPES GUIMARAES RAMOS EIRELI - ME",2,,544,497.12,272,248.56
79.864.567/0001-66,0,,1228,"PLINIO JOSE LOPES GUIMARAES RAMOS EIRELI - ME",4,,285.32,258.52,71.33,64.63
79.864.567/0001-66,0,,1229,"PLINIO JOSE LOPES GUIMARAES RAMOS EIRELI - ME",18,,354.06,322.2,19.67,17.9
79.864.567/0001-66,0,,1230,"PLINIO JOSE LOPES GUIMARAES RAMOS EIRELI - ME",8,,2954.64,2704.32,369.33,338.04
79.864.567/0001-66,0,,1231,"PLINIO JOSE LOPES GUIMARAES RAMOS EIRELI - ME",2,,694,634.32,347,317.16
79.864.567/0001-66,0,,1232,"PLINIO JOSE LOPES GUIMARAES RAMOS EIRELI - ME",2,,222,202.82,111,101.41
79.864.567/0001-66,0,,1233,"PLINIO JOSE LOPES GUIMARAES RAMOS EIRELI - ME",16,,362.72,334.08,22.67,20.88
79.864.567/0001-66,0,,1234,"PLINIO JOSE LOPES GUIMARAES RAMOS EIRELI - ME",2,,194,176.98,97,88.49
79.864.567/0001-66,0,,1235,"PLINIO JOSE LOPES GUIMARAES RAMOS EIRELI - ME",1,,766.67,700.93,766.67,700.93
79.864.567/0001-66,0,,1236,"PLINIO JOSE LOPES GUIMARAES RAMOS EIRELI - ME",1,,852.33,779.48,852.33,779.48
79.864.567/0001-66,0,,1237,"PLINIO JOSE LOPES GUIMARAES RAMOS EIRELI - ME",1,,852.33,779.48,852.33,779.48
79.864.567/0001-66,0,,1238,"PLINIO JOSE LOPES GUIMARAES RAMOS EIRELI - ME",1,,940,860.01,940,860.01
79.864.567/0001-66,0,,1239,"PLINIO JOSE LOPES GUIMARAES RAMOS EIRELI - ME",1,,371,339.03,371,339.03
79.864.567/0001-66,0,,1240,"PLINIO JOSE LOPES GUIMARAES RAMOS EIRELI - ME",1,,371,339.03,371,339.03
79.864.567/0001-66,0,,1241,"PLINIO JOSE LOPES GUIMARAES RAMOS EIRELI - ME",2,,5440,4975.14,2720,2487.57
79.864.567/0001-66,0,,1242,"PLINIO JOSE LOPES GUIMARAES RAMOS EIRELI - ME",2,,384,349.98,192,174.99
79.864.567/0001-66,0,,1243,"PLINIO JOSE LOPES GUIMARAES RAMOS EIRELI - ME",6,,937.98,853.08,156.33,142.18
79.864.567/0001-66,0,,1244,"PLINIO JOSE LOPES GUIMARAES RAMOS EIRELI - ME",2,,919.34,841.12,459.67,420.56
79.864.567/0001-66,0,,1245,"PLINIO JOSE LOPES GUIMARAES RAMOS EIRELI - ME",4,,732,668.12,183,167.03
79.864.567/0001-66,0,,1246,"PLINIO JOSE LOPES GUIMARAES RAMOS EIRELI - ME",28,,2557.24,2338.56,91.33,83.52
79.864.567/0001-66,0,,1247,"PLINIO JOSE LOPES GUIMARAES RAMOS EIRELI - ME",32,,3552,3245.12,111,101.41
79.864.567/0001-66,0,,1248,"PLINIO JOSE LOPES GUIMARAES RAMOS EIRELI - ME",2,,420.66,383.78,210.33,191.89
79.864.567/0001-66,0,,1249,"PLINIO JOSE LOPES GUIMARAES RAMOS EIRELI - ME",1,,2413.67,2207.2,2413.67,2207.2
79.864.567/0001-66,0,,1250,"PLINIO JOSE LOPES GUIMARAES RAMOS EIRELI - ME",2,,312.66,286.34,156.33,143.17
79.864.567/0001-66,0,,1251,"PLINIO JOSE LOPES GUIMARAES RAMOS EIRELI - ME",2,,744.66,680.06,372.33,340.03
79.864.567/0001-66,0,,1252,"PLINIO JOSE LOPES GUIMARAES RAMOS EIRELI - ME",4,,244,222.72,61,55.68
79.864.567/0001-66,0,,1253,"PLINIO JOSE LOPES GUIMARAES RAMOS EIRELI - ME",1,,4015,3671.7,4015,3671.7
79.864.567/0001-66,0,,1254,"PLINIO JOSE LOPES GUIMARAES RAMOS EIRELI - ME",4,,314.68,286.32,78.67,71.58
79.864.567/0001-66,0,,1255,"PLINIO JOSE LOPES GUIMARAES RAMOS EIRELI - ME",4,,285.32,262.48,71.33,65.62
79.864.567/0001-66,0,,1256,"PLINIO JOSE LOPES GUIMARAES RAMOS EIRELI - ME",1,,3150,2881.29,3150,2881.29
79.864.567/0001-66,0,,1257,"PLINIO JOSE LOPES GUIMARAES RAMOS EIRELI - ME",10,,1580,1441.6,158,144.16
79.864.567/0001-66,0,,1258,"PLINIO JOSE LOPES GUIMARAES RAMOS EIRELI - ME",8,,1384,1264.64,173,158.08
79.864.567/0001-66,0,,1259,"PLINIO JOSE LOPES GUIMARAES RAMOS EIRELI - ME",2,,602,550.8,301,275.4
79.864.567/0001-66,0,,1260,"PLINIO JOSE LOPES GUIMARAES RAMOS EIRELI - ME",4,,1129.32,1030.04,282.33,257.51
79.864.567/0001-66,0,,1261,"PLINIO JOSE LOPES GUIMARAES RAMOS EIRELI - ME",2,,331.34,302.24,165.67,151.12
79.864.567/0001-66,0,,1262,"PLINIO JOSE LOPES GUIMARAES RAMOS EIRELI - ME",4,,929.32,847.08,232.33,211.77
79.864.567/0001-66,0,,1263,"PLINIO JOSE LOPES GUIMARAES RAMOS EIRELI - ME",4,,641.32,586.6,160.33,146.65
79.864.567/0001-66,0,,1264,"PLINIO JOSE LOPES GUIMARAES RAMOS EIRELI - ME",8,,144,127.28,18,15.91
79.864.567/0001-66,0,,1265,"PLINIO JOSE LOPES GUIMARAES RAMOS EIRELI - ME",6,,2034,1861.2,339,310.2
79.864.567/0001-66,0,,1266,"PLINIO JOSE LOPES GUIMARAES RAMOS EIRELI - ME",6,,846,769.56,141,128.26
79.864.567/0001-66,0,,1267,"PLINIO JOSE LOPES GUIMARAES RAMOS EIRELI - ME",2,,1952,1785.64,976,892.82
79.864.567/0001-66,0,,1268,"PLINIO JOSE LOPES GUIMARAES RAMOS EIRELI - ME",10,,1130,1034,113,103.4
79.864.567/0001-66,0,,1269,"PLINIO JOSE LOPES GUIMARAES RAMOS EIRELI - ME",10,,1046.7,954.5,104.67,95.45
79.864.567/0001-66,0,,1270,"PLINIO JOSE LOPES GUIMARAES RAMOS EIRELI - ME",6,,865.98,787.44,144.33,131.24
79.864.567/0001-66,0,,1271,"PLINIO JOSE LOPES GUIMARAES RAMOS EIRELI - ME",6,,241.98,220.74,40.33,36.79
79.864.567/0001-66,0,,1272,"PLINIO JOSE LOPES GUIMARAES RAMOS EIRELI - ME",6,,274.02,250.56,45.67,41.76
79.864.567/0001-66,0,,1273,"PLINIO JOSE LOPES GUIMARAES RAMOS EIRELI - ME",28,,485.24,445.48,17.33,15.91
79.864.567/0001-66,0,,1274,"PLINIO JOSE LOPES GUIMARAES RAMOS EIRELI - ME",4,,381.32,349.96,95.33,87.49
79.864.567/0001-66,0,,1275,"PLINIO JOSE LOPES GUIMARAES RAMOS EIRELI - ME",2,,531.34,487.18,265.67,243.59
79.864.567/0001-66,0,,1276,"PLINIO JOSE LOPES GUIMARAES RAMOS EIRELI - ME",2,,510.66,467.28,255.33,233.64
79.864.567/0001-66,0,,1277,"PLINIO JOSE LOPES GUIMARAES RAMOS EIRELI - ME",2,,385.34,351.96,192.67,175.98
79.864.567/0001-66,0,,1278,"PLINIO JOSE LOPES GUIMARAES RAMOS EIRELI - ME",2,,497.34,453.38,248.67,226.69
79.864.567/0001-66,0,,1279,"PLINIO JOSE LOPES GUIMARAES RAMOS EIRELI - ME",2,,414,377.8,207,188.9
79.864.567/0001-66,0,,1280,"PLINIO JOSE LOPES GUIMARAES RAMOS EIRELI - ME",4,,1202.68,1097.64,300.67,274.41
79.864.567/0001-66,0,,1281,"PLINIO JOSE LOPES GUIMARAES RAMOS EIRELI - ME",4,,784,715.84,196,178.96
79.864.567/0001-66,0,,1282,"PLINIO JOSE LOPES GUIMARAES RAMOS EIRELI - ME",4,,1073.32,982.32,268.33,245.58
79.864.567/0001-66,0,,1283,"PLINIO JOSE LOPES GUIMARAES RAMOS EIRELI - ME",4,,605.32,552.8,151.33,138.2
79.864.567/0001-66,0,,1284,"PLINIO JOSE LOPES GUIMARAES RAMOS EIRELI - ME",4,,588,536.88,147,134.22
79.864.567/0001-66,0,,1285,"PLINIO JOSE LOPES GUIMARAES RAMOS EIRELI - ME",4,,582.68,536.88,145.67,134.22
79.864.567/0001-66,0,,1286,"PLINIO JOSE LOPES GUIMARAES RAMOS EIRELI - ME",16,,202.72,175.04,12.67,10.94
79.864.567/0001-66,0,,1287,"PLINIO JOSE LOPES GUIMARAES RAMOS EIRELI - ME",2,,702,640.28,351,320.14
79.864.567/0001-66,0,,1288,"PLINIO JOSE LOPES GUIMARAES RAMOS EIRELI - ME",2,,295.34,270.44,147.67,135.22
79.864.567/0001-66,0,,1289,"PLINIO JOSE LOPES GUIMARAES RAMOS EIRELI - ME",1,,1421.33,1299.46,1421.33,1299.46
79.864.567/0001-66,0,,1290,"PLINIO JOSE LOPES GUIMARAES RAMOS EIRELI - ME",1,,248,226.69,248,226.69
79.864.567/0001-66,0,,1291,"PLINIO JOSE LOPES GUIMARAES RAMOS EIRELI - ME",1,,397,362.9,397,362.9
79.864.567/0001-66,0,,1292,"PLINIO JOSE LOPES GUIMARAES RAMOS EIRELI - ME",1,,4733.67,4328.89,4733.67,4328.89
79.864.567/0001-66,0,,1293,"PLINIO JOSE LOPES GUIMARAES RAMOS EIRELI - ME",2,,834.66,761.58,417.33,380.79
79.864.567/0001-66,0,,1294,"PLINIO JOSE LOPES GUIMARAES RAMOS EIRELI - ME",2,,176,161.06,88,80.53
79.864.567/0001-66,0,,1295,"PLINIO JOSE LOPES GUIMARAES RAMOS EIRELI - ME",8,,82.64,71.6,10.33,8.95
79.864.567/0001-66,0,,1296,"PLINIO JOSE LOPES GUIMARAES RAMOS EIRELI - ME",2,,69.34,63.64,34.67,31.82
79.864.567/0001-66,0,,1297,"PLINIO JOSE LOPES GUIMARAES RAMOS EIRELI - ME",2,,69.34,63.64,34.67,31.82
79.864.567/0001-66,0,,1298,"PLINIO JOSE LOPES GUIMARAES RAMOS EIRELI - ME",1,,632,578.64,632,578.64
79.864.567/0001-66,0,,1299,"PLINIO JOSE LOPES GUIMARAES RAMOS EIRELI - ME",1,,3685,3371.45,3685,3371.45
79.864.567/0001-66,0,,1300,"PLINIO JOSE LOPES GUIMARAES RAMOS EIRELI - ME",2,,175.34,161.06,87.67,80.53
79.864.567/0001-66,0,,1301,"PLINIO JOSE LOPES GUIMARAES RAMOS EIRELI - ME",1,,2353.33,2152.52,2353.33,2152.52
79.864.567/0001-66,0,,1302,"PLINIO JOSE LOPES GUIMARAES RAMOS EIRELI - ME",1,,1160.67,1061.84,1160.67,1061.84
79.864.567/0001-66,0,,1303,"PLINIO JOSE LOPES GUIMARAES RAMOS EIRELI - ME",12,,243.96,214.8,20.33,17.9
79.864.567/0001-66,0,,1304,"PLINIO JOSE LOPES GUIMARAES RAMOS EIRELI - ME",2,,162.66,148.14,81.33,74.07
79.864.567/0001-66,0,,1305,"PLINIO JOSE LOPES GUIMARAES RAMOS EIRELI - ME",2,,1337.34,1222.9,668.67,611.45
79.864.567/0001-66,0,,1306,"PLINIO JOSE LOPES GUIMARAES RAMOS EIRELI - ME",4,,344,318.16,86,79.54
79.864.567/0001-66,0,,1307,"PLINIO JOSE LOPES GUIMARAES RAMOS EIRELI - ME",2,,651.34,596.54,325.67,298.27
79.864.567/0001-66,0,,1308,"PLINIO JOSE LOPES GUIMARAES RAMOS EIRELI - ME",4,,234.68,214.76,58.67,53.69
79.864.567/0001-66,0,,1309,"PLINIO JOSE LOPES GUIMARAES RAMOS EIRELI - ME",1,,382,348.98,382,348.98
79.864.567/0001-66,0,,1310,"PLINIO JOSE LOPES GUIMARAES RAMOS EIRELI - ME",1,,1041.33,952.48,1041.33,952.48
79.864.567/0001-66,0,,1311,"PLINIO JOSE LOPES GUIMARAES RAMOS EIRELI - ME",300,,34401,31467,114.67,104.89
79.864.567/0001-66,0,,2742,"PLINIO JOSE LOPES GUIMARAES RAMOS EIRELI - ME",4,,152,138.36,38,34.59
79.864.567/0001-66,0,,2743,"PLINIO JOSE LOPES GUIMARAES RAMOS EIRELI - ME",4,,232,209.52,58,52.38
79.864.567/0001-66,0,,2744,"PLINIO JOSE LOPES GUIMARAES RAMOS EIRELI - ME",4,,148,134.4,37,33.6
79.864.567/0001-66,0,,2745,"PLINIO JOSE LOPES GUIMARAES RAMOS EIRELI - ME",2,,347.34,314.26,173.67,157.13
79.864.567/0001-66,0,,2746,"PLINIO JOSE LOPES GUIMARAES RAMOS EIRELI - ME",2,,192,173.92,96,86.96
79.864.567/0001-66,0,,2747,"PLINIO JOSE LOPES GUIMARAES RAMOS EIRELI - ME",2,,991.34,901.26,495.67,450.63
79.864.567/0001-66,0,,2748,"PLINIO JOSE LOPES GUIMARAES RAMOS EIRELI - ME",2,,572,519.82,286,259.91
79.864.567/0001-66,0,,2749,"PLINIO JOSE LOPES GUIMARAES RAMOS EIRELI - ME",2,,1178,1070.26,589,535.13
79.864.567/0001-66,0,,2750,"PLINIO JOSE LOPES GUIMARAES RAMOS EIRELI - ME",3,,378,342.42,126,114.14
79.864.567/0001-66,0,,2751,"PLINIO JOSE LOPES GUIMARAES RAMOS EIRELI - ME",3,,306.99,278.67,102.33,92.89
79.864.567/0001-66,0,,2752,"PLINIO JOSE LOPES GUIMARAES RAMOS EIRELI - ME",2,,432.66,394.3,216.33,197.15
79.864.567/0001-66,0,,2753,"PLINIO JOSE LOPES GUIMARAES RAMOS EIRELI - ME",1,,2853.33,2594.61,2853.33,2594.61
79.864.567/0001-66,0,,2754,"PLINIO JOSE LOPES GUIMARAES RAMOS EIRELI - ME",2,,1588.66,1443.82,794.33,721.91
79.864.567/0001-66,0,,2755,"PLINIO JOSE LOPES GUIMARAES RAMOS EIRELI - ME",2,,372,337.98,186,168.99
79.864.567/0001-66,0,,2756,"PLINIO JOSE LOPES GUIMARAES RAMOS EIRELI - ME",1,,595.33,539.08,595.33,539.08
79.864.567/0001-66,0,,2757,"PLINIO JOSE LOPES GUIMARAES RAMOS EIRELI - ME",2,,717.34,651.24,358.67,325.62
79.864.567/0001-66,0,,2758,"PLINIO JOSE LOPES GUIMARAES RAMOS EIRELI - ME",1,,3543.33,3221.15,3543.33,3221.15
79.864.567/0001-66,0,,2759,"PLINIO JOSE LOPES GUIMARAES RAMOS EIRELI - ME",2,,440.66,400.24,220.33,200.12
79.864.567/0001-66,0,,2760,"PLINIO JOSE LOPES GUIMARAES RAMOS EIRELI - ME",2,,636,578.12,318,289.06
79.864.567/0001-66,0,,2761,"PLINIO JOSE LOPES GUIMARAES RAMOS EIRELI - ME",2,,660.66,599.86,330.33,299.93
79.864.567/0001-66,0,,2762,"PLINIO JOSE LOPES GUIMARAES RAMOS EIRELI - ME",1,,2743.33,2493.81,2743.33,2493.81
79.864.567/0001-66,0,,2763,"PLINIO JOSE LOPES GUIMARAES RAMOS EIRELI - ME",1,,2812.67,2557.06,2812.67,2557.06
79.864.567/0001-66,0,,2764,"PLINIO JOSE LOPES GUIMARAES RAMOS EIRELI - ME",1,,1856.67,1687.9,1856.67,1687.9
79.864.567/0001-66,0,,2765,"PLINIO JOSE LOPES GUIMARAES RAMOS EIRELI - ME",2,,6060,5509.4,3030,2754.7
79.864.567/0001-66,0,,2766,"PLINIO JOSE LOPES GUIMARAES RAMOS EIRELI - ME",1,,2580,2345.57,2580,2345.57
79.864.567/0001-66,0,,2767,"PLINIO JOSE LOPES GUIMARAES RAMOS EIRELI - ME",2,,557.34,505.98,278.67,252.99
79.864.567/0001-66,0,,2768,"PLINIO JOSE LOPES GUIMARAES RAMOS EIRELI - ME",2,,195.34,176.9,97.67,88.45
79.864.567/0001-66,0,,2769,"PLINIO JOSE LOPES GUIMARAES RAMOS EIRELI - ME",2,,86,78.08,43,39.04
79.864.567/0001-66,0,,2770,"PLINIO JOSE LOPES GUIMARAES RAMOS EIRELI - ME",2,,103.34,93.88,51.67,46.94
79.864.567/0001-66,0,,2771,"PLINIO JOSE LOPES GUIMARAES RAMOS EIRELI - ME",1,,2163.33,1966.59,2163.33,1966.59
79.864.567/0001-66,0,,2772,"PLINIO JOSE LOPES GUIMARAES RAMOS EIRELI - ME",2,,310.66,281.64,155.33,140.82
79.864.567/0001-66,0,,2773,"PLINIO JOSE LOPES GUIMARAES RAMOS EIRELI - ME",2,,296,269.12,148,134.56
79.864.567/0001-66,0,,2774,"PLINIO JOSE LOPES GUIMARAES RAMOS EIRELI - ME",1,,1130,1027.76,1130,1027.76
79.864.567/0001-66,0,,2775,"PLINIO JOSE LOPES GUIMARAES RAMOS EIRELI - ME",1,,1273,1157.72,1273,1157.72
79.864.567/0001-66,0,,2776,"PLINIO JOSE LOPES GUIMARAES RAMOS EIRELI - ME",2,,338,307.34,169,153.67
79.864.567/0001-66,0,,2777,"PLINIO JOSE LOPES GUIMARAES RAMOS EIRELI - ME",1,,2123.33,1930.02,2123.33,1930.02
79.864.567/0001-66,0,,2778,"PLINIO JOSE LOPES GUIMARAES RAMOS EIRELI - ME",1,,2030,1845.03,2030,1845.03
79.864.567/0001-66,0,,2779,"PLINIO JOSE LOPES GUIMARAES RAMOS EIRELI - ME",2,,518,470.4,259,235.2
79.864.567/0001-66,0,,2780,"PLINIO JOSE LOPES GUIMARAES RAMOS EIRELI - ME",1,,1342,1219.48,1342,1219.48
79.864.567/0001-66,0,,2781,"PLINIO JOSE LOPES GUIMARAES RAMOS EIRELI - ME",1,,1308.67,1188.85,1308.67,1188.85
79.864.567/0001-66,0,,2782,"PLINIO JOSE LOPES GUIMARAES RAMOS EIRELI - ME",1,,1746.67,1587.1,1746.67,1587.1
79.864.567/0001-66,0,,2783,"PLINIO JOSE LOPES GUIMARAES RAMOS EIRELI - ME",2,,569.34,516.84,284.67,258.42
79.864.567/0001-66,0,,2784,"PLINIO JOSE LOPES GUIMARAES RAMOS EIRELI - ME",1,,1265.67,1150.72,1265.67,1150.72
79.864.567/0001-66,0,,2785,"PLINIO JOSE LOPES GUIMARAES RAMOS EIRELI - ME",1,,2296.67,2087.64,2296.67,2087.64
79.864.567/0001-66,0,,2786,"PLINIO JOSE LOPES GUIMARAES RAMOS EIRELI - ME",1,,2038,1851.95,2038,1851.95
79.864.567/0001-66,0,,2787,"PLINIO JOSE LOPES GUIMARAES RAMOS EIRELI - ME",1,,1823.33,1657.27,1823.33,1657.27
79.864.567/0001-66,0,,2788,"PLINIO JOSE LOPES GUIMARAES RAMOS EIRELI - ME",1,,2633.33,2394,2633.33,2394
79.864.567/0001-66,0,,2789,"PLINIO JOSE LOPES GUIMARAES RAMOS EIRELI - ME",6,,1278,1159.2,213,193.2
79.864.567/0001-66,0,,2790,"PLINIO JOSE LOPES GUIMARAES RAMOS EIRELI - ME",2,,2173.34,1975.48,1086.67,987.74
79.864.567/0001-66,0,,2791,"PLINIO JOSE LOPES GUIMARAES RAMOS EIRELI - ME",6,,576,524.76,96,87.46
79.864.567/0001-66,0,,2792,"PLINIO JOSE LOPES GUIMARAES RAMOS EIRELI - ME",1,,3136.67,2851.06,3136.67,2851.06
79.864.567/0001-66,0,,2793,"PLINIO JOSE LOPES GUIMARAES RAMOS EIRELI - ME",2,,510.66,463.48,255.33,231.74
79.864.567/0001-66,0,,2794,"PLINIO JOSE LOPES GUIMARAES RAMOS EIRELI - ME",2,,657.34,597.88,328.67,298.94
79.864.567/0001-66,0,,2795,"PLINIO JOSE LOPES GUIMARAES RAMOS EIRELI - ME",2,,429.34,390.36,214.67,195.18
79.864.567/0001-66,0,,2796,"PLINIO JOSE LOPES GUIMARAES RAMOS EIRELI - ME",100,,10467,9536,104.67,95.36
79.864.567/0001-66,0,,2841,"PLINIO JOSE LOPES GUIMARAES RAMOS EIRELI - ME",1,,185.33,167.37,185.33,167.37
79.864.567/0001-66,0,,2842,"PLINIO JOSE LOPES GUIMARAES RAMOS EIRELI - ME",2,,402.66,364.2,201.33,182.1
79.864.567/0001-66,0,,2843,"PLINIO JOSE LOPES GUIMARAES RAMOS EIRELI - ME",1,,302.33,273.39,302.33,273.39
79.864.567/0001-66,0,,2844,"PLINIO JOSE LOPES GUIMARAES RAMOS EIRELI - ME",1,,669.67,604.7,669.67,604.7
79.864.567/0001-66,0,,2845,"PLINIO JOSE LOPES GUIMARAES RAMOS EIRELI - ME",4,,672,606.68,168,151.67
79.864.567/0001-66,0,,2846,"PLINIO JOSE LOPES GUIMARAES RAMOS EIRELI - ME",4,,346.68,312.16,86.67,78.04
79.864.567/0001-66,0,,2847,"PLINIO JOSE LOPES GUIMARAES RAMOS EIRELI - ME",1,,1049.33,947.3,1049.33,947.3
79.864.567/0001-66,0,,2848,"PLINIO JOSE LOPES GUIMARAES RAMOS EIRELI - ME",6,,1468.02,1325.22,244.67,220.87
79.864.567/0001-66,0,,2849,"PLINIO JOSE LOPES GUIMARAES RAMOS EIRELI - ME",6,,799.98,721.5,133.33,120.25
79.864.567/0001-66,0,,2850,"PLINIO JOSE LOPES GUIMARAES RAMOS EIRELI - ME",2,,908.66,819.68,454.33,409.84
79.864.567/0001-66,0,,2851,"PLINIO JOSE LOPES GUIMARAES RAMOS EIRELI - ME",2,,1261.34,1139.7,630.67,569.85
79.864.567/0001-66,0,,2852,"PLINIO JOSE LOPES GUIMARAES RAMOS EIRELI - ME",4,,358.68,323.96,89.67,80.99
79.864.567/0001-66,0,,2853,"PLINIO JOSE LOPES GUIMARAES RAMOS EIRELI - ME",1,,771,695.99,771,695.99
79.864.567/0001-66,0,,2854,"PLINIO JOSE LOPES GUIMARAES RAMOS EIRELI - ME",1,,1223.33,1104.36,1223.33,1104.36
79.864.567/0001-66,0,,2855,"PLINIO JOSE LOPES GUIMARAES RAMOS EIRELI - ME",2,,507.34,457.46,253.67,228.73
79.864.567/0001-66,0,,2856,"PLINIO JOSE LOPES GUIMARAES RAMOS EIRELI - ME",2,,818.66,739.18,409.33,369.59
79.864.567/0001-66,0,,2857,"PLINIO JOSE LOPES GUIMARAES RAMOS EIRELI - ME",1,,946.33,854.04,946.33,854.04
79.864.567/0001-66,0,,2858,"PLINIO JOSE LOPES GUIMARAES RAMOS EIRELI - ME",2,,414,374.02,207,187.01
79.864.567/0001-66,0,,2859,"PLINIO JOSE LOPES GUIMARAES RAMOS EIRELI - ME",1,,2257,2037.91,2257,2037.91
79.864.567/0001-66,0,,2860,"PLINIO JOSE LOPES GUIMARAES RAMOS EIRELI - ME",2,,848.66,766.68,424.33,383.34
79.864.567/0001-66,0,,2861,"PLINIO JOSE LOPES GUIMARAES RAMOS EIRELI - ME",2,,922,832.44,461,416.22
79.864.567/0001-66,0,,2862,"PLINIO JOSE LOPES GUIMARAES RAMOS EIRELI - ME",2,,3170,2862.5,1585,1431.25
79.864.567/0001-66,0,,2863,"PLINIO JOSE LOPES GUIMARAES RAMOS EIRELI - ME",1,,1340,1209.4,1340,1209.4
79.864.567/0001-66,0,,2864,"PLINIO JOSE LOPES GUIMARAES RAMOS EIRELI - ME",1,,1482.67,1338.98,1482.67,1338.98
79.864.567/0001-66,0,,2865,"PLINIO JOSE LOPES GUIMARAES RAMOS EIRELI - ME",1,,1292.67,1167.19,1292.67,1167.19
79.864.567/0001-66,0,,2866,"PLINIO JOSE LOPES GUIMARAES RAMOS EIRELI - ME",2,,659.34,594.88,329.67,297.44
79.864.567/0001-66,0,,2867,"PLINIO JOSE LOPES GUIMARAES RAMOS EIRELI - ME",4,,321.32,288.6,80.33,72.15
79.864.567/0001-66,0,,2868,"PLINIO JOSE LOPES GUIMARAES RAMOS EIRELI - ME",2,,605.34,545.8,302.67,272.9
79.864.567/0001-66,0,,2869,"PLINIO JOSE LOPES GUIMARAES RAMOS EIRELI - ME",2,,1078.66,973.8,539.33,486.9
79.864.567/0001-66,0,,2870,"PLINIO JOSE LOPES GUIMARAES RAMOS EIRELI - ME",1,,2223.33,2007.48,2223.33,2007.48
79.864.567/0001-66,0,,2871,"PLINIO JOSE LOPES GUIMARAES RAMOS EIRELI - ME",1,,2223.33,2007.48,2223.33,2007.48
79.864.567/0001-66,0,,2872,"PLINIO JOSE LOPES GUIMARAES RAMOS EIRELI - ME",1,,857,774.53,857,774.53
79.864.567/0001-66,0,,2873,"PLINIO JOSE LOPES GUIMARAES RAMOS EIRELI - ME",1,,884.67,798.08,884.67,798.08
79.864.567/0001-66,0,,2874,"PLINIO JOSE LOPES GUIMARAES RAMOS EIRELI - ME",1,,2356.67,2128.72,2356.67,2128.72
79.864.567/0001-66,0,,2875,"PLINIO JOSE LOPES GUIMARAES RAMOS EIRELI - ME",1,,2356.67,2128.72,2356.67,2128.72
79.864.567/0001-66,0,,2876,"PLINIO JOSE LOPES GUIMARAES RAMOS EIRELI - ME",1,,562.67,508.01,562.67,508.01
79.864.567/0001-66,0,,2877,"PLINIO JOSE LOPES GUIMARAES RAMOS EIRELI - ME",1,,1446.67,1305.6,1446.67,1305.6
79.864.567/0001-66,0,,2878,"PLINIO JOSE LOPES GUIMARAES RAMOS EIRELI - ME",1,,723.33,652.8,723.33,652.8
79.864.567/0001-66,0,,2879,"PLINIO JOSE LOPES GUIMARAES RAMOS EIRELI - ME",1,,558,504.08,558,504.08
79.864.567/0001-66,0,,2880,"PLINIO JOSE LOPES GUIMARAES RAMOS EIRELI - ME",2,,722.66,688.14,361.33,344.07
79.864.567/0001-66,0,,2881,"PLINIO JOSE LOPES GUIMARAES RAMOS EIRELI - ME",100,,11467,10847,114.67,108.47
