descricao,id,quantidade,situacao,unidadeMedida,valorTotal,valorUnitario
"JUNTA CABEÇOTE VA32E0102100",0,2,PERDEU," ",1211.88,605.94
"PARAFUSO VA32E0102100",0,17,PERDEU," ",152.49,8.97
"GUIA DE VALVULA ADMISSÃO VA3430102200",0,4,PERDEU," ",458.72,114.68
"GUIA DE VALVULA ESCAPE VA3430102300",0,4,PERDEU," ",407.72,101.93
"VALVULA ESCAPE  VA3430101600",0,4,PERDEU," ",375.64,93.91
"VALVULA ADMISSÃO VA32G0102100",0,4,PERDEU," ",339.76,84.94
"TUCHO DE VALVULA VA3430511100",0,8,PERDEU," ",1019.36,127.42
"JG DE BRONZINA VA3430909051",0,5,PERDEU," ",811.7,162.34
"RETENTOR VA34311200080",0,2,PERDEU," ",386.98,193.49
"CARCAÇA VA32G1200100",0,1,PERDEU," ",1661.14,1661.14
"INDICADOR PRESSÃO ÓLEO VA32G1311200",0,2,PERDEU," ",451.16,225.58
"JUNTA DO CARTER VA3421304100",0,2,PERDEU," ",171.78,85.89
"CARTER DO MOTOR VA32G1302010",0,1,PERDEU," ",655.02,655.02
"PISTÃO DO MOTOR VA32F1720100",0,4,PERDEU," ",3265.64,816.41
"JG DE ANEIS ,025MM VA3431707020",0,4,PERDEU," ",872.08,218.02
"JG DE BRONZINA VA32F1902200",0,4,PERDEU," ",717.32,179.33
"VIRABREQUIM VA32G2000010",0,1,PERDEU," ",2214.23,2214.23
"VOLANTE MOTOR VA32G2100010",0,1,PERDEU," ",1680.02,1680.02
"CREMALHEIRA VA3432101201",0,1,PERDEU," ",1066.53,1066.53
"PARAFUSO VA9223321600",0,12,PERDEU," ",164.28,13.69
"ENGRENAGEM INTERMEDIARIA VA32G2302010",0,1,PERDEU," ",1511.07,1511.07
"ENGRENAGEM GUIA VA32G300300",0,1,PERDEU," ",898.53,898.53
"ROLAMENTO VA32G2304300",0,1,PERDEU," ",199.15,199.15
"EIXO GUIA VA32G304100",0,1,PERDEU," ",328.92,328.92
"COLETOR ADMISSAO VA32G010100",0,1,PERDEU," ",811.69,811.69
"COLETOR ESCAPE VA3423221600",0,1,PERDEU," ",698.43,698.43
"JUNTA COLETOR VA32E3201700",0,4,PERDEU," ",84.96,21.24
"TUBO ESCAPE VA3423203502",0,2,PERDEU," ",648.42,324.21
"TURBINA VA4918902750",0,1,PERDEU," ",4294.43,4294.43
"ABRAÇADEIRA VA4918314000",0,4,PERDEU," ",62.28,15.57
"VALVULA DE SEGURANÇA VA32A3610010",0,2,PERDEU," ",463.42,231.71
"RADIADOR DE ÓLEO VA3423902101",0,1,PERDEU," ",2241.13,2241.13
"SUPORTE BOMBA HIDRAULICA YY30P01006P1",0,1,PERDEU," ",1357.7,1357.7
"CABEÇOTE DO FILTRO VA3434021070",0,1,PERDEU," ",669.65,669.65
"RESPIRO DO MOTOR VA3444302500",0,2,PERDEU," ",635.2,317.6
"ABRAÇADEIRA VAF430003201",0,6,PERDEU," ",70.8,11.8
"TUBO VA32G4301100",0,2,PERDEU," ",467.2,233.6
"POLIA BOMBA DAGUA VA32G450100",0,1,PERDEU," ",428.03,428.03
"SENSOR VA3434611500",0,1,PERDEU," ",572.43,572.43
"CORREIA BOMBA DAGUA VA3434904400",0,4,PERDEU," ",432.28,108.07
"ESPAÇADOR VA3434801900",0,1,PERDEU," ",343.08,343.08
"HÉLICE VA32G4800200",0,1,PERDEU," ",1676.24,1676.24
"TUBO INJETOR VA32G103400",0,2,PERDEU," ",327.5,163.75
"TUBO INJETOR VA32G103500",0,2,PERDEU," ",327.5,163.75
"TUBO INJETOR VA32G103600",0,2,PERDEU," ",327.5,163.75
"TUBO INJETOR VA32G6103700",0,2,PERDEU," ",1360.06,680.03
"BOMBA INJETORA VA32G6100300",0,1,PERDEU," ",7616.71,7616.71
"ANEL ORING VA0556370258",0,1,PERDEU," ",164.7,164.7
"MOTOR DE ARRANQUE VA32G6600100",0,1,PERDEU," ",3276.04,3276.04
"ALTERNADOR VA32G6800100",0,1,PERDEU," ",1638.02,1638.02
"SENSOR PRESSAO VA32G9000400",0,1,PERDEU," ",718.73,718.73
"SENSOR VA32G9000600",0,2,PERDEU," ",999.52,499.76
"SENSOR VA32G9000700",0,1,PERDEU," ",294.48,294.48
"SENSOR TEMPERATURA DAGUA VA32G9000200",0,1,PERDEU," ",684.75,684.75
"VALVULA SOLENOIDE YN35V00050F1",0,1,PERDEU," ",1340.24,1340.24
"JG REPARO CILINDRO CAÇAMBA YY01V00055R500",0,2,PERDEU," ",3285.48,1642.74
"JG REPARO CILINDRO PROFUNDIDADE YY01V00054R500",0,2,PERDEU," ",3050.46,1525.23
"JG REPARO CILINDRO LEVANTE YY01V00053R500",0,4,PERDEU," ",4832.4,1208.1
"BOMBA HIDRAULICA YY10V00009F1",0,1,PERDEU," ",17036.14,17036.14
"ABRAÇADEIRA YN42H02349P1",0,10,PERDEU," ",127.4,12.74
"ABRAÇADEIRA YY42H01477P1",0,10,PERDEU," ",99.1,9.91
"CILINDRO DA CONCHA YY01V00055F1",0,1,PERDEU," ",4234.02,4234.02
"ANEL 2418T23986D1",0,8,PERDEU," ",71.76,8.97
"PINO TRAVA 2419T6002D7",0,8,PERDEU," ",124.56,15.57
"ANEL ORING 2445Z869",0,8,PERDEU," ",147.2,18.4
"PINO YY12B01436P1",0,1,PERDEU," ",1193,1193
"BUCHA YY12B01448P1",0,4,PERDEU," ",1625.28,406.32
"BUCHA YY12B01449P1",0,4,PERDEU," ",1387.44,346.86
"BUCHA YY12B01446P1",0,4,PERDEU," ",1900.88,475.22
"BUCHA YY12B01447P1",0,4,PERDEU," ",1289.28,322.32
"CILINDRO LEVANTE YY01V00053F1",0,2,PERDEU," ",7720.54,3860.27
"PINO YY12B01428P1",0,2,PERDEU," ",1630.94,815.47
"PINO YY12B01429P1",0,2,PERDEU," ",1717.78,858.89
"BUCHA YM12B01120P1",0,4,PERDEU," ",1038.2,259.55
"BUCHA YB12B01101P1",0,4,PERDEU," ",1630.92,407.73
"PINO YY12B01432P1",0,2,PERDEU," ",2110.4,1055.2
"PINO YY12B01427P1",0,4,PERDEU," ",3424.2,856.05
"PINO YY12B01435P1",0,2,PERDEU," ",1542.22,771.11
"FAROL CONJUNTO YM80S00001F1",0,4,PERDEU," ",1125.04,281.26
"PINO YY02B01174P1",0,4,PERDEU," ",2472.84,618.21
"PARAFUSO YY60D01004P1",0,368,PERDEU," ",1909.92,5.19
"PORCA LP60D01002P1",0,368,PERDEU," ",1041.44,2.83
"SAPATA 2424J113C1",0,92,PERDEU," ",17236.2,187.35
"ELO YY62D01027P1",0,92,PERDEU," ",4037.88,43.89
"BUCHA YY62D01029P1",0,90,PERDEU," ",3185.1,35.39
"PINO YY62D01031P1",0,90,PERDEU," ",4714.2,52.38
"ROLETE SUPERIOR YY64D01002F1",0,4,PERDEU," ",2869.24,717.31
"ROLETE INFERIOR YY64D00027F1",0,14,PERDEU," ",6256.6,446.9
"MOLA TENSORA YY54D01004P1",0,2,PERDEU," ",3422.32,1711.16
"RODA GUIA YY52D00006P1",0,2,PERDEU," ",2891.9,1445.95
"MANCAL RODA GUIA LP52D01009P1",0,4,PERDEU," ",964.6,241.15
"DUOCONE 2445R441F1",0,4,PERDEU," ",687.12,171.78
"RODA MOTRIZ YY51D01006P1",0,2,PERDEU," ",3403.46,1701.73
"PARAFUSO LP53D01001P1",0,36,PERDEU," ",645.48,17.93
"VALVULA DE CONTROLE  YY30V00058P1",0,1,PERDEU," ",6082.99,6082.99
"PARAFUSO ZS18C16045",0,14,PERDEU," ",71.4,5.1
"CONDENSADOR YN20M01675P1",0,1,PERDEU," ",3312.84,3312.84
"AMORTECEDOR YW21C01302P1",0,2,PERDEU," ",824.9,412.45
"VIDRO YB02C01066F1",0,1,PERDEU," ",1060.87,1060.87
"VIDRO YB51C01001P1",0,1,PERDEU," ",1235,1235
"TAMPA CILINDRO CONCHA YY01V00055S005",0,1,PERDEU," ",218.5,218.5
"EMBOLO CILINDRO CONCHA YY01V00055S016",0,1,PERDEU," ",349.69,349.69
"VIDRO YN50C01173P1",0,1,PERDEU," ",893.34,893.34
"MOTOR ELÉTRICO YN53C01003F1",0,1,PERDEU," ",1521.45,1521.45
"ANEL VEDAÇÃO YN40F01019DD",0,2,PERDEU," ",424.72,212.36
"PALHETA LIMPADOR YN53C01003S002",0,2,PERDEU," ",330.34,165.17
"VALVULA ESTEIRA 2444P803",0,4,PERDEU," ",220.84,55.21
"EIXO RODA GUIA LP52D01003P1",0,2,PERDEU," ",627.64,313.82
"BUCHA RODA GUIA LP52D01004P1",0,4,PERDEU," ",487,121.75
"VIDRO YN02C01787P1",0,1,PERDEU," ",1724.38,1724.38
"RESERVATORIO 2427U900",0,1,PERDEU," ",209.53,209.53
"COXIM MOTOR YN03M01695P1",0,4,PERDEU," ",911.76,227.94
"COXIM MOTOR ZM22C10035",0,4,PERDEU," ",1064.64,266.16
"EMBOLO CILINDRO PROFUNDIDADE YY01V00054S016",0,1,PERDEU," ",288.34,288.34
"TAMPA CILINDRO PROFUNDIDADE YY01V00054S005",0,1,PERDEU," ",424.72,424.72
"EIXO MOTOR DE GIRO YX22V00007F1",0,1,PERDEU," ",2062.27,2062.27
"ENGRENAGEM YX32W0002S210",0,3,PERDEU," ",2126.46,708.82
"PLACA FRICÇÃO YX15V00004S742",0,3,PERDEU," ",2209.98,736.66
"PLACA FRICÇÃO YX15V00004S743",0,4,PERDEU," ",3229.8,807.45
"ACOPLAMENTO YM30P01007F1",0,1,PERDEU," ",2230.27,2230.27
"ANEL ORING 45Z91D104",0,8,PERDEU," ",38.48,4.81
"TAMPA TANQUE DIESEL YN20P01034P2",0,2,PERDEU," ",218.02,109.01
"SILENCIOSO YY12P00012P1",0,1,PERDEU," ",1147.7,1147.7
"TUBO YB12P01013P1",0,1,PERDEU," ",416.7,416.7
"MANGUEIRA FILTRO DE AR YY11P01028P1",0,1,PERDEU," ",347.33,347.33
"RADIADOR DAGUA YY05P00031S001",0,1,PERDEU," ",3488.4,3488.4
"COXIM YN02P01095P1",0,8,PERDEU," ",1234.56,154.32
"SUPORTE DE FERRO YY02P01027P1",0,1,PERDEU," ",411.98,411.98
"SUPORTE DE FERRO YY02P01028P1",0,1,PERDEU," ",490.79,490.79
"CILINDRO DE PROFUNDIDADE YY01V00054F1",0,1,PERDEU," ",4835.24,4835.24
"DISTRIBUIDOR YF30V00013F1",0,1,PERDEU," ",4228.36,4228.36
"VALVULA PILOTO YN30V00105F1",0,1,PERDEU," ",2237.82,2237.82
"ARRUELA DE AJUSTE YN12B01602D1",0,8,PERDEU," ",109.52,13.69
"EMBOLO CILINDRO LEVANTE YY01V00053S016",0,2,PERDEU," ",492.3,246.15
"TAMPA DO CILINDRO LEVANTE YY01V00053S005",0,2,PERDEU," ",809.8,404.9
"POTENCIONADOR YN52S00032P1",0,1,PERDEU," ",1763.08,1763.08
"TUBO FLEXÍVEL YY05P01238P1",0,1,PERDEU," ",1630.94,1630.94
"BRAÇO LIMPADOR YN53C01003S001",0,2,PERDEU," ",1353.46,676.73
"MAO DE OBRA MECANICA",0,400,PERDEU," ",39264,98.16
"CARRIER 71469389",0,2,PERDEU," ",2063.98,1031.99
"RADIADOR DAGUA YN05P00058S003",0,1,PERDEU," ",3482.04,3482.04
"JOGO REPARO CILINDRO PROFUNDIDADE YM01V00017R300",0,2,PERDEU," ",2099.76,1049.88
"COXIM RADIADOR YN05P0058S013",0,8,PERDEU," ",625.2,78.15
"PARAFUSO 2452U202S5",0,8,PERDEU," ",70.8,8.85
"SILENCIOSO YM12P00010P1",0,2,PERDEU," ",1235.38,617.69
"TUBO ESCAPE YM12P01009P1",0,2,PERDEU," ",421.84,210.92
"SENSOR NIVEL COMBUSTIVEL YN52S00045F1",0,2,PERDEU," ",649.7,324.85
"ACOPLAMENTO BOMBA HIDRAULICA YM30P01007F1",0,2,PERDEU," ",3231.58,1615.79
"VALVULA PILOTO YN30V00105F1",0,1,PERDEU," ",2358.71,2358.71
"SENSOR PRESSAO DO COMANDO LC52S00019P1",0,2,PERDEU," ",1781.5,890.75
"COXIM MOTOR YN03M01573P1",0,8,PERDEU," ",357.84,44.73
"COXIM MOTOR YN03M01695P1",0,8,PERDEU," ",399.2,49.9
"CILINDRO PROFUNDIDADE YM01V00017F1",0,1,PERDEU," ",4101.14,4101.14
"VIDRO LATERAL YN02C02136P1",0,2,PERDEU," ",1393.56,696.78
"VIDRO YN02C01787P1",0,2,PERDEU," ",2881.3,1440.65
"VIDRO YN02C03160P1",0,2,PERDEU," ",2256.08,1128.04
"VIDRO FRONTAL YN50C01173P1",0,2,PERDEU," ",3197.68,1598.84
"FECHADURA YN50C01189P1",0,2,PERDEU," ",736.34,368.17
"EVAPORADOR YN20M00107S020",0,1,PERDEU," ",3466.5,3466.5
"RODA MOTRIZ YM51D01001P1",0,4,PERDEU," ",4960.36,1240.09
"PARAFUSO ZS13C16045",0,120,PERDEU," ",452.4,3.77
"ANEL VEDAÇÃO YN40F01019D7",0,4,PERDEU," ",13.2,3.3
"ANEL VEDAÇÃO YN40F01019D8",0,4,PERDEU," ",21.84,5.46
"RODA GUIA YN52D01006P1",0,4,PERDEU," ",4274.88,1068.72
"MANCAL RODA GUIA YN52D01011P1",0,4,PERDEU," ",1367.2,341.8
"DUOCONE 2445R442F1",0,8,PERDEU," ",1107.36,138.42
"BUCHA 2405P482",0,4,PERDEU," ",331.44,82.86
"PINO TRAVA YN52D01008P1",0,4,PERDEU," ",47.08,11.77
"EIXO RODA GUIA YN52D01001P1",0,2,PERDEU," ",448.2,224.1
"ANEL ZD11G07000",0,8,PERDEU," ",31.6,3.95
"PISTÃO ESTICADOR 2439P177",0,2,PERDEU," ",818.26,409.13
"MOLA ESTEIRA YM54D01003P2",0,2,PERDEU," ",2580.92,1290.46
"ROLETE INFERIOR YF64D00001F1",0,14,PERDEU," ",5872.72,419.48
"PARAFUSO 2420P1580D4",0,56,PERDEU," ",321.44,5.74
"DUOCONE 2445R451F1",0,8,PERDEU," ",749.52,93.69
"ROLETE SUPERIOR YN64D01068F1",0,4,PERDEU," ",2736.28,684.07
"DUOCONE 2445R361F1",0,4,PERDEU," ",301.32,75.33
"EIXO ROLETE YN64D01069P1",0,4,PERDEU," ",772.12,193.03
"ANEL ORING ZD12P02900",0,10,PERDEU," ",51.8,5.18
"CILINDRO LEVANTE YM01V00019F1",0,2,PERDEU," ",6112.86,3056.43
"BUCHA 2438U1109S14",0,2,PERDEU," ",259.88,129.94
"BUCHA YM02B01036P1",0,4,PERDEU," ",421.84,105.46
"JOGO REPARO CILINDRO LEVANTE YM01V00019R300",0,4,PERDEU," ",3152.48,788.12
"PINO  YM02B01069P1",0,2,PERDEU," ",2045.16,1022.58
"VALVULA VALVULA",0,1,PERDEU," ",2224.06,2224.06
"ANEL VEDAÇÃO 2445R220D4",0,8,PERDEU," ",101.68,12.71
"ELO YM12B01039P1",0,1,PERDEU," ",407.24,407.24
"ELO YM12B01040P1",0,1,PERDEU," ",407.24,407.24
"BUCHA YB12B01072P1",0,4,PERDEU," ",885.12,221.28
"BUCHA YB12B01838P1",0,4,PERDEU," ",956.68,239.17
"PINO YM12B01066P1",0,2,PERDEU," ",1728.78,864.39
"PINO YM12B01052P1",0,2,PERDEU," ",1495.26,747.63
"RETENTOR 2445R138D8",0,8,PERDEU," ",146.88,18.36
"PINO YM12B01070P1",0,2,PERDEU," ",1178.88,589.44
"BUCHA YN12B01596P1",0,4,PERDEU," ",751.4,187.85
"BUCHA YM12B01092P1",0,4,PERDEU," ",551.76,137.94
"ROLAMENTO YM10V00006S123",0,2,PERDEU," ",323.92,161.96
"ROLAMENTO YM10V00006S124",0,2,PERDEU," ",305.08,152.54
"BUCHA  YM12B01135P1",0,4,PERDEU," ",568.72,142.18
"BUCHA YM12B01136P1",0,4,PERDEU," ",472.48,118.12
"TUBO HIDRAULICO YM43H01013P1",0,2,PERDEU," ",472.68,236.34
"SAPATA YM60D00004P1",0,90,PERDEU," ",15423.3,171.37
"PARAFUSO 2420T6976",0,360,PERDEU," ",1526.4,4.24
"PORCA 2420P1552",0,360,PERDEU," ",846,2.35
"VEDAÇÃO 2445Z1449",0,176,PERDEU," ",315.04,1.79
"BUCHA 2405P416",0,88,PERDEU," ",2859.12,32.49
"PINO 2419P210",0,88,PERDEU," ",3687.2,41.9
"ELO L.D. 2424J376",0,90,PERDEU," ",5635.8,62.62
"ELO L.E. 2424J377",0,90,PERDEU," ",5381.1,59.79
"PINO MESTRE 2419P4211",0,8,PERDEU," ",583.76,72.97
"BUCHA MESTRE 2405P415",0,8,PERDEU," ",282.48,35.31
"CILINDRO DA CONCHA YM01V00018F1",0,2,PERDEU," ",5564.86,2782.43
"ARRUELA YN02B01417D1",0,16,PERDEU," ",188.32,11.77
"JOGO REPARO CILINDRO CONCHA YM01V00018R300",0,4,PERDEU," ",3517.8,879.45
"PARAFUSO ZM73C12030",0,16,PERDEU," ",233.44,14.59
"VALVULA DE FREIO 24100P1006F1",0,1,PERDEU," ",2609.17,2609.17
"RETENTOR YM30V00008S339",0,24,PERDEU," ",440.64,18.36
"ANEL ORING ZD12P02000",0,36,PERDEU," ",304.92,8.47
"VALVULA SOLENOIDE YN35V00050F1",0,2,PERDEU," ",2854.94,1427.47
"EIXO PILOTO YM32W01002P1",0,1,PERDEU," ",1961.35,1961.35
"ENGRENAGEM YN32W01053P1",0,3,PERDEU," ",2720.28,906.76
"ANEL ORING YN32W01056P1",0,12,PERDEU," ",62.16,5.18
"PINO GUIA YN32W01066P1",0,3,PERDEU," ",52.26,17.42
"ROLAMENTO YN32W01030P1",0,2,PERDEU," ",182.68,91.34
"ROLAMENTO YN32W01029P1",0,2,PERDEU," ",218.46,109.23
"ROLAMENTO YN32W01073P1",0,3,PERDEU," ",556.5,185.5
"ROLAMENTO YN32W01072P1",0,4,PERDEU," ",291.88,72.97
"ANEL ORING ZR16X04000",0,9,PERDEU," ",55.08,6.12
"MOLA  2437U213S157",0,24,PERDEU," ",271.2,11.3
"RETENTOR YM10V00006S535",0,8,PERDEU," ",124.32,15.54
"ANEL ORING YM10V00003S702",0,16,PERDEU," ",60.32,3.77
"VEDADOR YB10V00004S019",0,2,PERDEU," ",46.14,23.07
"VALVULA REGULADORA YM10V01002F1",0,1,PERDEU," ",2339.88,2339.88
"ANEL ORING YX10V00003S015",0,15,PERDEU," ",134.25,8.95
"EIXO DA PLANETARIA YN10V00033R100",0,1,PERDEU," ",856.86,856.86
"RADIADOR DE ÓLEO YM05P00019S006",0,1,PERDEU," ",2148.73,2148.73
"JOGO REPARO JOY STICK YN30V00105R150",0,2,PERDEU," ",1111.08,555.54
"VEDADOR YN55V01057P1",0,10,PERDEU," ",381.3,38.13
"ANEL ORING 2445R152D1",0,8,PERDEU," ",56.48,7.06
"FAROL CONJUNTO 2456R442F1",0,6,PERDEU," ",488.7,81.45
"CARTER 2852205",0,1,PERDEU," ",514.11,514.11
"JUNTA CARTER 4897877",0,2,PERDEU," ",144.06,72.03
"PARAFUSO 4899091",0,24,PERDEU," ",248.64,10.36
"RETENTOR 4890832",0,2,PERDEU," ",232.58,116.29
"SENSOR ROTAÇÃO 4890189",0,2,PERDEU," ",708.08,354.04
"PARAFUSO 4891353",0,10,PERDEU," ",141.2,14.12
"RETENTOR 4890833",0,2,PERDEU," ",162.9,81.45
"RESPIRO 2852684",0,2,PERDEU," ",217.5,108.75
"VALVULA ADMISSÃO 4899632",0,4,PERDEU," ",316.36,79.09
"VALVULA ESCAPE 4895187",0,4,PERDEU," ",323.92,80.98
"RETENTOR 4895347",0,8,PERDEU," ",365.36,45.67
"BUCHA 4895183",0,16,PERDEU," ",286.24,17.89
"VEDADOR 4897178",0,8,PERDEU," ",218.48,27.31
"VEDADOR 4897179",0,8,PERDEU," ",207.12,25.89
"JUNTA CABEÇOTE 2830920",0,2,PERDEU," ",838.02,419.01
"ISOLADOR 4895360",0,16,PERDEU," ",248.64,15.54
"JUNTA DA TAMPA 2852033",0,16,PERDEU," ",293.76,18.36
"HASTE 4895361",0,8,PERDEU," ",832.4,104.05
"PARAFUSO 4899039",0,12,PERDEU," ",101.64,8.47
"COLETOR ESCAPE 2853095",0,1,PERDEU," ",1410.52,1410.52
"JUNTA 2830445",0,8,PERDEU," ",286.24,35.78
"ESPAÇADOR 4895336",0,16,PERDEU," ",369.12,23.07
"PISTAO 2855531",0,4,PERDEU," ",2892.6,723.15
"JOGO DE ANEIS 2852037",0,4,PERDEU," ",708.08,177.02
"VOLANTE DO MOTOR 2853375",0,1,PERDEU," ",1187.36,1187.36
"CREMALHEIRA 2852221",0,4,PERDEU," ",1231.6,307.9
"PARAFUSO 2852364",0,16,PERDEU," ",67.84,4.24
"POLIA VIRABREQUIM 2853176",0,1,PERDEU," ",319.2,319.2
"ENGRENAGEM DO COMANDO 4896622",0,1,PERDEU," ",649.7,649.7
"TURBINA 2856090",0,1,PERDEU," ",3031.95,3031.95
"ALTERNADOR 4892318",0,1,PERDEU," ",1581.89,1581.89
"MOTOR DE PARTIDA 2852405",0,1,PERDEU," ",2355.88,2355.88
"BOMBA ALIMENTADORA 2830266",0,4,PERDEU," ",1431.24,357.81
"ENGRENAGEM BOMBA INJETORA 4896616",0,1,PERDEU," ",687.84,687.84
"JUNTA 2852885",0,4,PERDEU," ",50.84,12.71
"BICO INJETOR 2855399",0,4,PERDEU," ",1770.2,442.55
"BOMBA INJETORA 2856014",0,1,PERDEU," ",7551.63,7551.63
"SOLENOIDE 99498110",0,1,PERDEU," ",1528.22,1528.22
"ROLAMENTO 4892732",0,4,PERDEU," ",440.68,110.17
"PARAFUSO 2854424",0,8,PERDEU," ",109.2,13.65
"SUPORTE 2855881",0,2,PERDEU," ",676.06,338.03
"CUBO 4892426",0,2,PERDEU," ",1216.54,608.27
"POLIA 2853288",0,2,PERDEU," ",661,330.5
"POLIA 2853447",0,2,PERDEU," ",438.78,219.39
"ESPAÇADOR 2856176",0,2,PERDEU," ",119.58,59.79
"POLIA 2852245",0,2,PERDEU," ",397.36,198.68
"TENSOR 2852398",0,2,PERDEU," ",947.24,473.62
"GUIA 2852397",0,2,PERDEU," ",531.06,265.53
"CORREIA 2853208",0,4,PERDEU," ",653.48,163.37
"VALVULA TERMOSTATICA 2854355",0,2,PERDEU," ",301.32,150.66
"ANEL RETENTOR 2854072",0,4,PERDEU," ",30.12,7.53
"ANEL ORING 4895393",0,8,PERDEU," ",37.68,4.71
"BOMBA DAGUA 2853443",0,4,PERDEU," ",1506.56,376.64
"JUNTA 4899052",0,4,PERDEU," ",48.96,12.24
"PARAFUSO 4899079",0,8,PERDEU," ",56.48,7.06
"JUNTA 2830559",0,2,PERDEU," ",65.92,32.96
"JUNTA 4896409",0,2,PERDEU," ",71.56,35.78
"TUBO ENCHIMENTO 2853120",0,2,PERDEU," ",828.6,414.3
"TUBO DE RETORNO 2853124",0,2,PERDEU," ",564.96,282.48
"CABEÇOTE FILTRO 2853439",0,1,PERDEU," ",537.65,537.65
"BOMBA DE ÓLEO 4897480",0,2,PERDEU," ",1461.36,730.68
"VARETA NIVEL DE ÓLEO 2853427",0,2,PERDEU," ",218.46,109.23
"ARRUELA 2852533",0,2,PERDEU," ",22.6,11.3
"MAO DE OBRA MECANICA",0,500,PERDEU," ",52730,105.46
"AMORTECEDOR 2583562",0,2,PERDEU," ",482.72,241.36
"RADIADOR OLEO 2583457",0,1,PERDEU," ",2299.53,2299.53
"TERMINAL 2086176",0,4,PERDEU," ",79.8,19.95
"SENSOR 2298757",0,1,PERDEU," ",435.2,435.2
"BUJAO 7M7410",0,2,PERDEU," ",54.16,27.08
"ABRAÇADEIRA 4K8864",0,6,PERDEU," ",25.68,4.28
"PARABRISA 2584071",0,1,PERDEU," ",1322.7,1322.7
"TAMPA 1707666",0,2,PERDEU," ",162.48,81.24
"CREMALHEIRA 328139",0,2,PERDEU," ",509.32,254.66
"JG REPARO 1429193",0,6,PERDEU," ",601.5,100.25
"CILINDRO LEVANTE LD 2582514",0,1,PERDEU," ",1282.79,1282.79
"CILINDRO LEVANTE LD 2582515",0,1,PERDEU," ",1282.79,1282.79
"SILENCIOSO 1922613",0,1,PERDEU," ",565.38,565.38
"ALTERNADOR 2035492",0,1,PERDEU," ",2076.23,2076.23
"ROLAMENTO 1559433",0,8,PERDEU," ",619.52,77.44
"ROLAMENTO 1559432",0,8,PERDEU," ",862.8,107.85
"CHICOTE ELETRICO 2584126",0,1,PERDEU," ",2715.72,2715.72
"CERDAS 1659069",0,12,PERDEU," ",712.68,59.39
"CERDAS 1659070",0,12,PERDEU," ",655.68,54.64
"PORCA 8T4133",0,8,PERDEU," ",22.8,2.85
"VISOR DE ÓLEO 2076154",0,1,PERDEU," ",194.32,194.32
"AMORTECEDOR 2583555",0,2,PERDEU," ",398.14,199.07
"ESPAÇADOR 1227052",0,4,PERDEU," ",72.2,18.05
"RETENTOR 1526739",0,4,PERDEU," ",541.64,135.41
"JUNTA 2020920",0,4,PERDEU," ",216.64,54.16
"VARETA 1707612",0,1,PERDEU," ",164.86,164.86
"HELICE 1428865",0,2,PERDEU," ",817.18,408.59
"AMORTECEDOR 2583761",0,2,PERDEU," ",480.82,240.41
"AMORTECEDOR 1532682",0,2,PERDEU," ",537.82,268.91
"CONEXÃO 694080",0,4,PERDEU," ",165.32,41.33
"ABRAÇADEIRA 2324901",0,8,PERDEU," ",53.2,6.65
"PARAFUSO 8T4136",0,16,PERDEU," ",60.8,3.8
"PARAFUSO 8T4121",0,8,PERDEU," ",125.44,15.68
"ACOPLAMENTO 2634996",0,1,PERDEU," ",334.48,334.48
"CHICOTE ELETRICO 2258014",0,1,PERDEU," ",2015.41,2015.41
"ANEL O 3K0360",0,8,PERDEU," ",34.24,4.28
"TUBO 2582781",0,2,PERDEU," ",323.08,161.54
"SENSOR 1591752",0,2,PERDEU," ",729.76,364.88
"MUNHÃO 1429024",0,1,PERDEU," ",1337.91,1337.91
"ESPAÇADOR 2644320",0,4,PERDEU," ",387.68,96.92
"RETENTOR 1555652",0,8,PERDEU," ",980.64,122.58
"FLANGE 1177756",0,1,PERDEU," ",1163.07,1163.07
"PLACA 1428719",0,2,PERDEU," ",638.54,319.27
"MAO DE OBRA MECANICA",0,100,PERDEU," ",10357,103.57
"rolamento 8d9909",0,4,PERDEU," ",845.08,211.27
"JUNTA CABEÇOTE 7N8022",0,2,PERDEU," ",209.38,104.69
"JUNTA TAMPA VALVULA 8S1606",0,8,PERDEU," ",75.44,9.43
"POLIA 7N0619",0,1,PERDEU," ",216.93,216.93
"POLIA ALTERNADOR 9S6129",0,1,PERDEU," ",164.11,164.11
"POLIA DIRECIONAL 3P0165",0,1,PERDEU," ",186.75,186.75
"JG CORREIA 3P0071",0,4,PERDEU," ",362.16,90.54
"ENGRENAGEM 7N4716",0,2,PERDEU," ",880.92,440.46
"ENGRENAGEM 7W0508",0,2,PERDEU," ",1116.72,558.36
"CREMALHEIRA 7N9145",0,2,PERDEU," ",575.34,287.67
"JUNTA 5S6045",0,4,PERDEU," ",45.28,11.32
"PARAFUSO 2P3213",0,10,PERDEU," ",56.6,5.66
"VARETA OLEO MOTOR 5S8115",0,1,PERDEU," ",70.74,70.74
"TAMPA OLEO MOTOR 6N2985",0,2,PERDEU," ",135.82,67.91
"COLMEIA RADIADOR 7N7330",0,1,PERDEU," ",3360.53,3360.53
"PARAFUSO 5S7379",0,20,PERDEU," ",84.8,4.24
"BOMBA DAGUA 2W8003",0,2,PERDEU," ",1197.82,598.91
"TURBINA 7N4650",0,1,PERDEU," ",2144.78,2144.78
"PORCA 2N2766",0,16,PERDEU," ",22.56,1.41
"PARAFUSO 9L2295",0,8,PERDEU," ",56.56,7.07
"COLETOR ESCAPE 1P1216",0,1,PERDEU," ",738.5,738.5
"junta 8s8258",0,8,PERDEU," ",37.76,4.72
"TUBO ESCAPE 2Y8458",0,2,PERDEU," ",203.72,101.86
"ABRAÇADEIRA 7S8735",0,4,PERDEU," ",45.28,11.32
"SILENCIOSO 4N7870",0,2,PERDEU," ",394.24,197.12
"CABO GOVERNOR 9D1611",0,2,PERDEU," ",158.46,79.23
"BOMBA ALIMENTADORA 8N6201",0,2,PERDEU," ",213.16,106.58
"MOTOR DE PARTIDA 8N2145",0,1,PERDEU," ",1697.71,1697.71
"ALTERNADOR 6T7223",0,1,PERDEU," ",1079.93,1079.93
"CHAVE IGNIÇÃO 7N0718",0,2,PERDEU," ",133.94,66.97
"FAROL 1M6052",0,6,PERDEU," ",441.42,73.57
"PARAFUSO 0S1594",0,30,PERDEU," ",14.1,0.47
"TUBO 3P0848",0,1,PERDEU," ",265.03,265.03
"TUBO 8P1256",0,1,PERDEU," ",259.37,259.37
"JUNTA 3P0884",0,6,PERDEU," ",152.82,25.47
"BOMBA TRANSMISSÃO 3P0891",0,1,PERDEU," ",4016.03,4016.03
"CABO TRANSMISSÃO L.D. 9D4634",0,2,PERDEU," ",335.76,167.88
"CABO TRANSMISSÃO L.E.9D4635",0,2,PERDEU," ",335.76,167.88
"ROLAMENTO 2P9858",0,4,PERDEU," ",396.12,99.03
"VALVULA SOLENOIDE 9W0706",0,1,PERDEU," ",763.97,763.97
"PLACA 3P0337",0,18,PERDEU," ",848.88,47.16
"DISCO 3P0340",0,18,PERDEU," ",1103.58,61.31
"RETENTOR 2M3934",0,8,PERDEU," ",109.44,13.68
"CAPA ROLAMENTO 1P2636",0,6,PERDEU," ",364.98,60.83
"CONE ROLAMENTO 1P2662",0,6,PERDEU," ",645.12,107.52
"PARAFUSO 4F8965",0,16,PERDEU," ",30.24,1.89
"MOLA 1S8478",0,12,PERDEU," ",107.52,8.96
"PISTÃO 3P5359",0,2,PERDEU," ",1201.6,600.8
"ENGRENAGEM 8D6491",0,2,PERDEU," ",1876.92,938.46
"PINHÃO 2G8872",0,2,PERDEU," ",2901.2,1450.6
"CORRENTE 5T0735",0,4,PERDEU," ",2248.52,562.13
"ELO 5T0731",0,2,PERDEU," ",157.5,78.75
"RETENTOR 6V8082",0,2,PERDEU," ",230.14,115.07
"RETENTOR 5P2545",0,4,PERDEU," ",58.48,14.62
"ANEL 5T7132",0,8,PERDEU," ",531.92,66.49
"CAPA ROLAMENTO 300060",0,6,PERDEU," ",888.48,148.08
"CONE ROLAMENTO 300061",0,6,PERDEU," ",1573.2,262.2
"ARRUELA 9D4623",0,32,PERDEU," ",301.76,9.43
"ROLAMENTO 2M5685",0,16,PERDEU," ",520.64,32.54
"pino 6g0607",0,2,PERDEU," ",750.76,375.38
"ROLAMENTO 5K0984",0,4,PERDEU," ",309.36,77.34
"RASPADOR 6K4186",0,8,PERDEU," ",230.16,28.77
"pino 2g6157",0,2,PERDEU," ",550.82,275.41
"ESPAÇADOR 6K4185",0,4,PERDEU," ",286.72,71.68
"CAPA  6K4191",0,2,PERDEU," ",511.2,255.6
"TERMINAL L.D. 9D6524",0,6,PERDEU," ",1443.06,240.51
"TERMINAL L.E. 9D6523",0,6,PERDEU," ",1443.06,240.51
"TIRA BRONZE 5T8366",0,24,PERDEU," ",1426.08,59.42
"TIRA BRONZE 5T8367",0,8,PERDEU," ",694.16,86.77
"CALÇO REGULAGEM 2G3221",0,40,PERDEU," ",56.4,1.41
"PLACA 8W1479",0,30,PERDEU," ",396,13.2
"EIXO SEM FIM 9D1142",0,2,PERDEU," ",863.94,431.97
"PINO DIREÇÃO 8D2429",0,4,PERDEU," ",167.88,41.97
"ESPAÇADOR 8D2638",0,8,PERDEU," ",94.32,11.79
"ORBITROL 4T6817",0,1,PERDEU," ",2590.9,2590.9
"EIXO CARDÃ 7D9600",0,1,PERDEU," ",1409.1,1409.1
"JG REPARO DESLOCADOR LAMINA 8T6390",0,6,PERDEU," ",622.5,103.75
"JG REPARO CIL. ESCARIFICADOR 8T6892",0,6,PERDEU," ",673.44,112.24
"BOMBA INJETORA 7W6248",0,1,PERDEU," ",5328.93,5328.93
"PONTA DE EIXO 8D8619",0,4,PERDEU," ",3353.92,838.48
"ENGRENAGEM 8D8639",0,2,PERDEU," ",4629.1,2314.55
"ENGRENAGEM  MOTRIZ 2G6377",0,4,PERDEU," ",3584.04,896.01
"PARAFUSO 2B0947",0,32,PERDEU," ",45.12,1.41
"RETENTOR 1H9696",0,4,PERDEU," ",1.88,0.47
"VALVULA DE FREIO 6G8425",0,1,PERDEU," ",871.49,871.49
"PINO 2G8616",0,2,PERDEU," ",104.7,52.35
"RASPADOR 5P8842",0,10,PERDEU," ",66,6.6
"ROLAMENTO DE ENCOSTO 2G8624",0,4,PERDEU," ",143.36,35.84
"ARRUELA 8D2811",0,8,PERDEU," ",105.6,13.2
"PARAFUSO 5S7379",0,4,PERDEU," ",24.52,6.13
"ARRUELA 2G5675",0,4,PERDEU," ",71.68,17.92
"CRUZETA 5Y0767",0,4,PERDEU," ",564,141
"PARAFUSO 8C3425",0,8,PERDEU," ",67.92,8.49
"PLACA 5R4787",0,8,PERDEU," ",573.44,71.68
"5T7124 5T7124",0,1,PERDEU," ",3439.75,3439.75
"CALÇO 8W6590",0,8,PERDEU," ",271.6,33.95
"ANEL ORING 5P3863",0,16,PERDEU," ",15.04,0.94
"ARRUELA 5M2894",0,8,PERDEU," ",181.12,22.64
"CAPA ROLAMENTO 7T8273",0,4,PERDEU," ",471.6,117.9
"CONE ROLAMENTO 7T8272",0,4,PERDEU," ",769.64,192.41
"JUNTA 9T1630",0,4,PERDEU," ",39.6,9.9
"ESPAÇADOR 9T1711",0,8,PERDEU," ",271.6,33.95
"EIXO CARDÃ 5Y0769",0,1,PERDEU," ",1366.66,1366.66
"PINHAO DO GIRO 8W5092",0,2,PERDEU," ",1171.42,585.71
"mancal 9d0733",0,4,PERDEU," ",1497.76,374.44
"ENGRENAGEM 8D5377",0,2,PERDEU," ",1756.18,878.09
"HASTE  9T2525",0,1,PERDEU," ",702.66,702.66
"EMBOLO 9T2524",0,2,PERDEU," ",284.84,142.42
"HASTE CILINDRO LAMINA  9T2456",0,1,PERDEU," ",597.97,597.97
"EMBOLO 9T2369",0,2,PERDEU," ",260.32,130.16
"RASPADOR 4J5309",0,8,PERDEU," ",75.44,9.43
"CILINDRO DIRECIONAL L.D. 9T2393",0,1,PERDEU," ",1039.38,1039.38
"CILINDRO DIRECIONAL L.E. 9T2395",0,1,PERDEU," ",1097.85,1097.85
"ENGRENAGEM 8D5344",0,2,PERDEU," ",1648.66,824.33
"BUJÃO 9S8009",0,8,PERDEU," ",264.08,33.01
"ARRUELA 9M1974",0,32,PERDEU," ",211.2,6.6
"PORCA TRAVANTE 8D9784",0,4,PERDEU," ",118.84,29.71
"ENGRENAGEM TANDEM 8D8787",0,4,PERDEU," ",3169.08,792.27
"CARCAÇA PONTA DE EIXO 2G1085",0,2,PERDEU," ",5410.04,2705.02
"ADAPTADOR 6G1664",0,1,PERDEU," ",595.14,595.14
"BUCHA 9D0178",0,4,PERDEU," ",335.76,83.94
"BUCHA 2G4011",0,4,PERDEU," ",467.8,116.95
"bucha 7k0984",0,4,PERDEU," ",445.16,111.29
"BUCHA 4K8659",0,4,PERDEU," ",169.76,42.44
"RÓTULA 8D9296",0,4,PERDEU," ",339.56,84.89
"CALÇO BRONZE 6G4524",0,10,PERDEU," ",603.6,60.36
"CALÇO BRONZE 5T2925",0,6,PERDEU," ",747,124.5
"PINHÃO DO EIXO 9D1177",0,2,PERDEU," ",988.44,494.22
"VALVULA BOMBA INJETORA 1W1695",0,2,PERDEU," ",3282.24,1641.12
"retentor 4k7463",0,8,PERDEU," ",196.16,24.52
"RETENTOR 3S0303",0,8,PERDEU," ",641.36,80.17
"MAO DE OBRA MECANICA",0,300,PERDEU," ",31407,104.69
"RESERVATÓRIO DAGUA 103846A1",0,2,PERDEU," ",249.1,124.55
"EIXO 8603298",0,2,PERDEU," ",1371.88,685.94
"JUNTA 8603184",0,2,PERDEU," ",55.76,27.88
"JUNTA 8603180",0,4,PERDEU," ",13,3.25
"JUNTA 8603181",0,4,PERDEU," ",35.32,8.83
"BOMBA TRANSMISSÃO 8603387",0,2,PERDEU," ",3158.3,1579.15
"DEFLETOR 87460814",0,2,PERDEU," ",1487.12,743.56
"EIXO CARDÃ 149587A1",0,2,PERDEU," ",2081.98,1040.99
"ABRAÇADEIRA L116943",0,8,PERDEU," ",26,3.25
"CRUZETA 233094A1",0,4,PERDEU," ",178.44,44.61
"PARAFUSO L116940",0,16,PERDEU," ",29.76,1.86
"PARAFUSO 148223A1",0,8,PERDEU," ",33.44,4.18
"TUBO 8603320",0,2,PERDEU," ",269.54,134.77
"TUBO 8605281",0,2,PERDEU," ",323.46,161.73
"POLIA J971876",0,2,PERDEU," ",381.08,190.54
"COXIM 361187A1",0,6,PERDEU," ",379.2,63.2
"RETENTOR 8604229",0,2,PERDEU," ",128.26,64.13
"ROLAMENTO 8603301",0,4,PERDEU," ",356.92,89.23
"ACOPLAMENTO 355829A2",0,2,PERDEU," ",5156.62,2578.31
"PARAFUSO D137626",0,8,PERDEU," ",40.88,5.11
"COXIM MOTOR 117846A1",0,8,PERDEU," ",237.92,29.74
"ANEL ORING 75208192",0,10,PERDEU," ",69.7,6.97
"JUNTA  75287946",0,2,PERDEU," ",50.2,25.1
"JUNTA 75312697",0,2,PERDEU," ",111.54,55.77
"TAMPA TANQUE 405112A1",0,2,PERDEU," ",172.88,86.44
"JUNTA ESFÉRICA 225619A1",0,4,PERDEU," ",55.76,13.94
"COIFA DE BORRACHA 336467A1",0,4,PERDEU," ",107.8,26.95
"TUBO INJETOR 71102606",0,2,PERDEU," ",120.82,60.41
"TUBO INJETOR 75312937",0,2,PERDEU," ",120.82,60.41
"TUBO INJETOR 75312721",0,2,PERDEU," ",120.82,60.41
"TUBO INJETOR 75312939",0,2,PERDEU," ",120.82,60.41
"TUBO INJETOR 75312940",0,2,PERDEU," ",120.82,60.41
"TUBO INJETOR 75312941",0,2,PERDEU," ",120.82,60.41
"CHICOTE 75312724",0,2,PERDEU," ",345.76,172.88
"TURBINA 75312734",0,2,PERDEU," ",4604.52,2302.26
"PRISIONEIRO 75286637",0,16,PERDEU," ",119.04,7.44
"JUNTA 75287942",0,4,PERDEU," ",137.56,34.39
"TUBO 408195A1",0,2,PERDEU," ",392.24,196.12
"CARCAÇA 71102615",0,2,PERDEU," ",617.16,308.58
"CREMALHEIRA 75208365",0,2,PERDEU," ",399.66,199.83
"PLACA FREIO 87457085",0,4,PERDEU," ",1290.08,322.52
"PLACA FREIO 87457087",0,4,PERDEU," ",1290.08,322.52
"ANEL ORING 148964A1",0,12,PERDEU," ",50.16,4.18
"ANEL ORING 148965A1",0,12,PERDEU," ",50.16,4.18
"ANEL ORING 148960A1",0,12,PERDEU," ",11.16,0.93
"JUNTA J930906",0,6,PERDEU," ",111.54,18.59
"ANEL  71100640",0,12,PERDEU," ",55.8,4.65
"CORREIA J935010",0,6,PERDEU," ",780.72,130.12
"VALVULA A184939",0,2,PERDEU," ",126.4,63.2
"VALVULA TERMOSTATICA L126191",0,2,PERDEU," ",737.98,368.99
"SILENCIOSO 388283A1",0,2,PERDEU," ",1273.36,636.68
"BOMBA DAGUA J286278",0,3,PERDEU," ",830.94,276.98
"COXIM 76082156",0,4,PERDEU," ",609.72,152.43
SOLENÓIDE87453558,0,2,PERDEU," ",2145.18,1072.59
"RETENTOR 76084380",0,4,PERDEU," ",349.48,87.37
"CAIXA DE DIREÇÃO 87405609",0,1,PERDEU," ",5172.42,5172.42
"MOTOR DO VENTILADOR 87426773",0,2,PERDEU," ",3784.74,1892.37
"TENSOR DA CORREIA 87326910",0,2,PERDEU," ",1143.24,571.62
"CRUZETA 233094A1",0,4,PERDEU," ",397.8,99.45
"SENSOR 75243579",0,2,PERDEU," ",1412.78,706.39
"SENSOR 87457220",0,2,PERDEU," ",1319.82,659.91
"BOMBA DE FREIO 75266621",0,2,PERDEU," ",1349.58,674.79
"FLANGE 356192A1",0,2,PERDEU," ",940.6,470.3
"BATENTE 364193A1",0,4,PERDEU," ",449.84,112.46
"PINO 87401084",0,2,PERDEU," ",527.94,263.97
"ROLAMENTO 391276A1",0,4,PERDEU," ",449.84,112.46
"VALVULA 379139A1",0,2,PERDEU," ",1710.2,855.1
"SOLENÓIDE 8604535",0,2,PERDEU," ",1831.02,915.51
"COIFA DE BORRACHA 410565A1",0,2,PERDEU," ",1533.6,766.8
"CHICOTE ELÉTRICO 87459613",0,1,PERDEU," ",2345.95,2345.95
"FAROL 75249994",0,4,PERDEU," ",665.48,166.37
"VIDRO 367889A1",0,1,PERDEU," ",951.76,951.76
"VIDRO 198053A1",0,1,PERDEU," ",780.74,780.74
"VIDRO 198052C1",0,1,PERDEU," ",638.54,638.54
"CRUZETA 87457065",0,4,PERDEU," ",1684.16,421.04
"DISCO  148962A1",0,12,PERDEU," ",1862.64,155.22
"DISCO 148963A1",0,12,PERDEU," ",970.32,80.86
"SENSOR FREIO 75243579",0,2,PERDEU," ",1526.16,763.08
"COROA E PINHÃO 70457000",0,2,PERDEU," ",5732.88,2866.44
"VALVULA 8605073",0,2,PERDEU," ",2691.7,1345.85
"ANEL ORING 8603386",0,8,PERDEU," ",104.08,13.01
"RETENTOR 8603391",0,8,PERDEU," ",1115.36,139.42
"DISCO 8603328",0,2,PERDEU," ",719.4,359.7
"ROLAMENTO 148941A1",0,8,PERDEU," ",2379.44,297.43
"PARAFUSO 75287967",0,18,PERDEU," ",25.02,1.39
"BOMBA DE ÓLEO 75312745",0,2,PERDEU," ",743.56,371.78
"JUNTA CABEÇOTE J283570",0,2,PERDEU," ",559.54,279.77
"VOLANTE MOTOR J917039",0,1,PERDEU," ",721.26,721.26
"COLETOR ESCAPE 75287973",0,1,PERDEU," ",763.08,763.08
"RADIADOR DAGUA 347611A3",0,1,PERDEU," ",3163.87,3163.87
"ROLAMENTO 8604678",0,4,PERDEU," ",178.44,44.61
"DISCO SINTERIZADO 75311477",0,50,PERDEU," ",1789,35.78
"DISCO DE AÇO 75311476",0,36,PERDEU," ",736.2,20.45
"PLACA DE ENCOSTO 75311475",0,6,PERDEU," ",613.44,102.24
"EIXO TOMADA DE FORÇA 8603655",0,2,PERDEU," ",1944.42,972.21
"ROLAMENTO 8603390",0,4,PERDEU," ",539.08,134.77
"PARAFUSO 627-10030",0,16,PERDEU," ",22.24,1.39
"EIXO CARDÃ 874450960",0,2,PERDEU," ",2253,1126.5
"ENGRENAGEM 87457084",0,4,PERDEU," ",2212.12,553.03
"RETENTOR 87457081",0,4,PERDEU," ",996.36,249.09
"CUBO DE RODA 148945A1",0,2,PERDEU," ",2701,1350.5
"BUCHA 141005A1",0,4,PERDEU," ",163.6,40.9
"JG REPARO 1542874C1",0,4,PERDEU," ",487.04,121.76
"ANEL 349519A1",0,4,PERDEU," ",412.68,103.17
"PINO 356201A1",0,2,PERDEU," ",475.88,237.94
"CALÇO 356191A1",0,16,PERDEU," ",342.08,21.38
"BUCHA 7102781",0,4,PERDEU," ",773.32,193.33
"PARAFUSO 827-12060",0,8,PERDEU," ",148.72,18.59
"TUBO 86983366",0,2,PERDEU," ",369.92,184.96
"PINO 86993022",0,2,PERDEU," ",663.64,331.82
"PINO 86993024",0,2,PERDEU," ",972.22,486.11
"PINO 86993027",0,2,PERDEU," ",641.32,320.66
"BUCHA 87613430",0,4,PERDEU," ",624.6,156.15
"BUCHA 379091A2",0,4,PERDEU," ",356.92,89.23
"SOLENÓIDE 8604542",0,2,PERDEU," ",825.36,412.68
"INTERRUPTOR 1546497C1",0,2,PERDEU," ",1252.9,626.45
"JG REPARO 360982A1",0,6,PERDEU," ",457.32,76.22
"JG REPARO 87434293",0,4,PERDEU," ",565.12,141.28
"JG REPARO 381101A1",0,4,PERDEU," ",304.88,76.22
"CILINDRO DIREÇÃO 87405377",0,2,PERDEU," ",3182.46,1591.23
"HASTE CILINDRO CAÇAMBA 339520A1",0,2,PERDEU," ",1199,599.5
"EMBOLO CILINDRO CAÇAMBA 339508A1",0,2,PERDEU," ",314.16,157.08
"TUBO CILINDRO CAÇAMBA 339525A1",0,1,PERDEU," ",1080.96,1080.96
"TUBO CILINDRO LEVANTE 394357A1",0,1,PERDEU," ",1005.67,1005.67
"HASTE CILINDRO LEVANTE 340921A1",0,2,PERDEU," ",1243.62,621.81
"EMBOLO CILINDRO LEVANTE 341968A1",0,2,PERDEU," ",288.14,144.07
"TAMPA DO CILINDRO 336378A1",0,2,PERDEU," ",224.92,112.46
"ARO 87460448",0,2,PERDEU," ",4015.26,2007.63
"BUCHA 87457102",0,4,PERDEU," ",1018.68,254.67
"MAO DE OBRA MECANICA",0,500,PERDEU," ",51120,102.24
"LUVA CARDÃ 3319841",0,2,PERDEU," ",370.1,185.05
"TAMPA DA RODA 2107709",0,2,PERDEU," ",4008.08,2004.04
"ANEL 107348",0,4,PERDEU," ",36.24,9.06
"ENGRENAGEM SOLAR 121804",0,4,PERDEU," ",404.44,101.11
"PORCA 121013",0,2,PERDEU," ",165.96,82.98
"DISCO 125435",0,4,PERDEU," ",1297.24,324.31
"RETENTOR 128117",0,6,PERDEU," ",343.38,57.23
"CONE 672005",0,2,PERDEU," ",652.44,326.22
"CAPA 672004",0,2,PERDEU," ",352.92,176.46
"ENGRENAGEM SATELITE 124573",0,6,PERDEU," ",1759.86,293.31
"EIXO 2107714",0,6,PERDEU," ",303.3,50.55
"PARAFUSO 2106352",0,24,PERDEU," ",320.4,13.35
"PONTA DE EIXO 129267",0,2,PERDEU," ",1686.4,843.2
"COROA E PINHÃO EIXO DIANTEIRO 815202",0,1,PERDEU," ",1278.16,1278.16
"ENGRENAGEM 2107047",0,8,PERDEU," ",1213.28,151.66
"ENGRENAGEM 2107045",0,4,PERDEU," ",1102.64,275.66
"CONE 675248",0,4,PERDEU," ",549.4,137.35
"CAPA 675249",0,4,PERDEU," ",400.6,100.15
"CONE 667277",0,4,PERDEU," ",492.2,123.05
"CAPA 667278",0,4,PERDEU," ",442.6,110.65
"CONE 710288",0,2,PERDEU," ",190.78,95.39
"CAPA 675257",0,2,PERDEU," ",118.28,59.14
"ROLAMENTO PINHÃO 675536",0,2,PERDEU," ",356.74,178.37
"RETENTOR 111720",0,4,PERDEU," ",57.24,14.31
"COROA E PINHÃO EIXO TRASEIRO 815204",0,1,PERDEU," ",2207.21,2207.21
"JG REPARO 840476",0,8,PERDEU," ",259.44,32.43
"PISTÃO 947935",0,16,PERDEU," ",686.72,42.92
"PASTILHA DE FREIO 947932",0,16,PERDEU," ",1083.52,67.72
"PINÇA FREIO 128853",0,2,PERDEU," ",3357.56,1678.78
"PINÇA FREIO 128852",0,2,PERDEU," ",3357.56,1678.78
"PINO 947931",0,16,PERDEU," ",419.68,26.23
"FLANGE 3339207",0,2,PERDEU," ",381.54,190.77
"MANCAL 3302807",0,2,PERDEU," ",238.46,119.23
"cruzeta 3319843",0,8,PERDEU," ",816.48,102.06
"CARDÃ EIXO DIANTEIRO 3304102",0,1,PERDEU," ",801.23,801.23
"RÓTULA 1573309",0,3,PERDEU," ",586.62,195.54
"PINO SUPERIOR 2529846",0,2,PERDEU," ",265.18,132.59
"PINO INFERIOR 2533549",0,2,PERDEU," ",593.3,296.65
"VEDADOR 3303777",0,8,PERDEU," ",38.16,4.77
"PINO DIREÇÃO 2512050",0,8,PERDEU," ",312.88,39.11
"PINO 1509147",0,2,PERDEU," ",45.78,22.89
"TAMPA 1558644",0,2,PERDEU," ",162.16,81.08
"RASPADOR 3303820",0,12,PERDEU," ",91.56,7.63
"BUCHA 2540853",0,8,PERDEU," ",602.8,75.35
"RASPADOR 3303821",0,12,PERDEU," ",91.56,7.63
"BUCHA 2540854",0,8,PERDEU," ",686.8,85.85
"PINO 2555866",0,4,PERDEU," ",461.68,115.42
"PINO 2555867",0,4,PERDEU," ",576.12,144.03
"PINO 513372",0,4,PERDEU," ",213.68,53.42
"PINO 2555865",0,4,PERDEU," ",641,160.25
"ESPAÇADOR 2512037",0,8,PERDEU," ",34.32,4.29
"AMORTECEDOR 554686",0,8,PERDEU," ",122.08,15.26
"SILENCIOSO 12705698",0,2,PERDEU," ",209.84,104.92
"HELICE 900509",0,2,PERDEU," ",562.78,281.39
"CAPA PEDAL 3301326",0,4,PERDEU," ",49.6,12.4
"MANGUEIRA FILTRO AR 3304160",0,2,PERDEU," ",234.64,117.32
"MANGUEIRA RADIADOR SUPERIOR 3301270",0,4,PERDEU," ",125.92,31.48
"MANGUEIRA RADIADOR INFERIOR 3300946",0,4,PERDEU," ",175.52,43.88
"COXIM 554760",0,8,PERDEU," ",53.44,6.68
"TAMPA RADIADOR 525318",0,4,PERDEU," ",34.32,8.58
"JUNTA 234166",0,2,PERDEU," ",80.12,40.06
"JUNTA 234279",0,2,PERDEU," ",82.04,41.02
"BOMBA TRANSMISSÃO 237454",0,2,PERDEU," ",2102.28,1051.14
"ENGRENAGEM INTERMEDIARIA 236583",0,1,PERDEU," ",287.11,287.11
"ENGRENAGEM 236585",0,1,PERDEU," ",343.39,343.39
"SUPORTE 241038",0,1,PERDEU," ",698.22,698.22
"ROLAMENTO 710047",0,4,PERDEU," ",572.32,143.08
"IMPULSOR 235214",0,1,PERDEU," ",567.54,567.54
"ROLAMENTO 238885",0,6,PERDEU," ",240.36,40.06
"ESTATOR 239774",0,1,PERDEU," ",315.72,315.72
"ANEL RETENTOR 1300688",0,8,PERDEU," ",106.8,13.35
"TURBINA 239775",0,1,PERDEU," ",484.56,484.56
"TAMPA 239576",0,1,PERDEU," ",431.14,431.14
"DEFLETOR 234362",0,1,PERDEU," ",163.11,163.11
"ENGRENAGEM 236582",0,1,PERDEU," ",306.19,306.19
"LUVA 241037",0,2,PERDEU," ",343.38,171.69
"ROLAMENTO 230885",0,4,PERDEU," ",564.68,141.17
"ANEL VEDAÇÃO 215183",0,8,PERDEU," ",61.04,7.63
"RETENTOR 231798",0,2,PERDEU," ",43.88,21.94
"FLANGE 214985",0,2,PERDEU," ",314.78,157.39
"DISCO 237016",0,48,PERDEU," ",1922.88,40.06
"DISCO 234109",0,48,PERDEU," ",961.44,20.03
"JG REPARO CONVERSOR 3320352",0,1,PERDEU," ",443.54,443.54
"JG REPARO TRANSMISSÃO 3320358",0,1,PERDEU," ",1027.3,1027.3
"VEDADOR 234113",0,8,PERDEU," ",83.92,10.49
"VEDADOR 237032",0,8,PERDEU," ",122.08,15.26
"HASTE 234169",0,2,PERDEU," ",221.3,110.65
"HASTE 234167",0,2,PERDEU," ",349.1,174.55
"VEDADOR 234650",0,8,PERDEU," ",91.6,11.45
"JUNTA ESFÉRICA 2520346",0,6,PERDEU," ",108.72,18.12
"LONA FREIO 3312331",0,4,PERDEU," ",62.96,15.74
"CABO DE FREIO 3302811",0,2,PERDEU," ",139.26,69.63
"CARDÃ TRANSMISSÃO 3302925",0,1,PERDEU," ",709.66,709.66
"CARDÃ EIXO TRASEIRO 3304103",0,1,PERDEU," ",802.19,802.19
"BOMBA HIDRAULICA PRINCIPAL 2515558",0,1,PERDEU," ",2473.33,2473.33
"ORBITROL 3303080",0,1,PERDEU," ",3246.91,3246.91
"PUNHO GIRATÓRIO 3303775",0,4,PERDEU," ",198.4,49.6
"JG REPARO 2530106",0,4,PERDEU," ",110.64,27.66
"JG REPARO 2530107",0,4,PERDEU," ",167.88,41.97
"JG REPARO 2530108",0,4,PERDEU," ",186.96,46.74
"HASTE CILINDRO 2526656",0,2,PERDEU," ",1201.86,600.93
"HASTE CILINDRO 2523869",0,2,PERDEU," ",1314.4,657.2
"CAMISA CILINDRO 2526861",0,2,PERDEU," ",1716.94,858.47
"HASTE CILINDRO 2526860",0,2,PERDEU," ",2073.66,1036.83
"RÓTULA 1574465",0,4,PERDEU," ",164.08,41.02
"VALVULA REGULADORA 3304065",0,2,PERDEU," ",398.7,199.35
"JG REPARO CILINDRO MESTRE 94504",0,4,PERDEU," ",705.84,176.46
"cilindro mestre 945039",0,2,PERDEU," ",1592.92,796.46
"MANOMETRO MOTOR 3300470",0,2,PERDEU," ",99.2,49.6
"MANOMETRO AR 3300601",0,2,PERDEU," ",97.3,48.65
"HORIMETRO 3327450",0,2,PERDEU," ",152.62,76.31
"TERMOMETRO MOTOR 3300600",0,2,PERDEU," ",101.1,50.55
"ARO 3304079",0,2,PERDEU," ",6709.38,3354.69
"RADIADOR  DAGUA 3303802",0,1,PERDEU," ",3203.98,3203.98
"TUBO 12705705",0,2,PERDEU," ",181.24,90.62
"CABO COMANDO 3305192",0,4,PERDEU," ",457.84,114.46
"LUVA 3319764",0,4,PERDEU," ",812.68,203.17
"VALVULA CONTROLE 234419",0,1,PERDEU," ",1706.44,1706.44
"TAMPA 124041",0,2,PERDEU," ",496,248
"MAO DE OBRA MECANICA",0,300,PERDEU," ",31191,103.97
"ROLAMENTO 75312842",0,6,PERDEU," ",487.08,81.18
"VALVULA DE ALIVIO 75325021",0,1,PERDEU," ",1302.61,1302.61
"CREMALHEIRA 75208365",0,3,PERDEU," ",835.8,278.6
"ANEL 75287720",0,6,PERDEU," ",22.14,3.69
"ANEL 75287711",0,3,PERDEU," ",15.21,5.07
"EIXO 75289383",0,3,PERDEU," ",1854.27,618.09
"RETENTOR 75287702",0,3,PERDEU," ",132.84,44.28
"ROLAMENTO 75288479",0,3,PERDEU," ",190.95,63.65
"RETENTOR 75326525",0,6,PERDEU," ",160.5,26.75
"BUCHA 75246450",0,3,PERDEU," ",318.27,106.09
"RETENTOR 79102659",0,3,PERDEU," ",80.25,26.75
"DISCO 87625345",0,12,PERDEU," ",1627.32,135.61
"PLACA 87625346",0,12,PERDEU," ",1251,104.25
"EIXO 75208355",0,3,PERDEU," ",938.22,312.74
"ANEL 75288494",0,6,PERDEU," ",30.42,5.07
"ANEL 75288493",0,6,PERDEU," ",33.24,5.54
"ENGRENAGEM 75289382",0,3,PERDEU," ",2222.37,740.79
"ROLAMENTO 75288480",0,3,PERDEU," ",298.89,99.63
"VALVULA 75289443",0,3,PERDEU," ",830.28,276.76
"RETENTOR 75288502",0,3,PERDEU," ",177.12,59.04
"FLANGE 75289465",0,3,PERDEU," ",896.7,298.9
"ANEL 75287719",0,6,PERDEU," ",33.24,5.54
"CILINDRO DIREÇÃO 87632371",0,3,PERDEU," ",3121.83,1040.61
"PARAFUSO 87625354",0,80,PERDEU," ",664,8.3
"PORCA 75250656",0,80,PERDEU," ",295.2,3.69
"EIXO CARDÃ 87633266",0,3,PERDEU," ",2075.7,691.9
"SUPORTE FERRO 73163980",0,3,PERDEU," ",702.96,234.32
"ROLAMENTO 75208354",0,3,PERDEU," ",304.44,101.48
"JUNTA CABEÇOTE 75286658",0,3,PERDEU," ",786,262
"JUNTA TAMPA DE VALVULAS 75208126",0,6,PERDEU," ",243.54,40.59
"SUPORTE FERRO 73163981",0,3,PERDEU," ",722.34,240.78
"JUNTA 75206879",0,9,PERDEU," ",41.49,4.61
"CINTA PRESILHA 75254964",0,3,PERDEU," ",298.89,99.63
"BOMBA INJETORA 75289706",0,1,PERDEU," ",6774.13,6774.13
"BOMBA ALIMENTADORA 75208731",0,3,PERDEU," ",1170.69,390.23
"TUBO INJETOR 75289682",0,3,PERDEU," ",243.54,81.18
"TUBO INJETOR 75289684",0,3,PERDEU," ",243.54,81.18
"TUBO INJETOR 75289683",0,3,PERDEU," ",243.54,81.18
"TUBO INJETOR 75289687",0,3,PERDEU," ",243.54,81.18
"TUBO INJETOR 75289688",0,3,PERDEU," ",243.54,81.18
"TUBO INJETOR 75289689",0,3,PERDEU," ",243.54,81.18
"CHICOTE 75286118",0,3,PERDEU," ",481.56,160.52
"COXIM 73163867",0,12,PERDEU," ",553.56,46.13
"COXIM 73163866",0,12,PERDEU," ",564.6,47.05
"TUBO  75324846",0,3,PERDEU," ",406.83,135.61
"TUBO 75324849",0,3,PERDEU," ",273.99,91.33
"FLANGE 87354991",0,3,PERDEU," ",575.67,191.89
"MOTOR HIDRAULICO 73162805",0,3,PERDEU," ",2933.64,977.88
"VALVULA SOLENÓIDE 73159101",0,3,PERDEU," ",1906.86,635.62
"COTOVELO 75260330",0,3,PERDEU," ",885.63,295.21
"CÁRTER 75206837",0,1,PERDEU," ",677.14,677.14
"JUNTA 75289675",0,3,PERDEU," ",179.88,59.96
"AMORTECEDOR 75206819",0,3,PERDEU," ",1090.44,363.48
"MOTOR DE ARRANQUE 75264240",0,2,PERDEU," ",3977.94,1988.97
"MOTOR LIMPADOR 75289094",0,2,PERDEU," ",1784.18,892.09
"TAMPA DE VALVULA 75208113",0,1,PERDEU," ",408.68,408.68
"ANEL J935449",0,12,PERDEU," ",33.24,2.77
"CORREIA 76195604",0,6,PERDEU," ",509.22,84.87
"ANEL 519381",0,24,PERDEU," ",177.12,7.38
"ANEL 86977781",0,24,PERDEU," ",88.56,3.69
"VARETA 75313634",0,3,PERDEU," ",179.88,59.96
"CONEXAO 75252238",0,3,PERDEU," ",154.98,51.66
"TROCADOR DE CALOR  73164400",0,1,PERDEU," ",1655.02,1655.02
"TERMINAL 70686384",0,6,PERDEU," ",376.38,62.73
"LUVA 73160779",0,6,PERDEU," ",49.8,8.3
"ROLAMENTO 73125852",0,6,PERDEU," ",376.38,62.73
"ARRUELA 73121925",0,9,PERDEU," ",41.49,4.61
"PORCA 70911040",0,18,PERDEU," ",8.28,0.46
"TIRANTE 73157027",0,3,PERDEU," ",213.09,71.03
"ROLAMENTO 73125849",0,6,PERDEU," ",553.5,92.25
"SOLENÓIDE J928161",0,3,PERDEU," ",1768.5,589.5
"CILINDRO INCLINAÇÃO CILINDRO INCLINAÇÃO",0,1,PERDEU," ",1726.97,1726.97
"RADIADOR DE ÓLEO 75257700",0,1,PERDEU," ",4700.28,4700.28
"HÉLICE MOTOR 73164370",0,3,PERDEU," ",2883.81,961.27
"TERMOSTATO 75208341",0,3,PERDEU," ",301.68,100.56
"BOMBA DAGUA J800976",0,6,PERDEU," ",2789.7,464.95
"TENSOR DA CORREIA 75286312",0,3,PERDEU," ",1259.25,419.75
"ROLAMENTO 75288512",0,6,PERDEU," ",514.8,85.8
"VALVULA 75289439",0,3,PERDEU," ",5562.84,1854.28
"EIXO 75249866",0,3,PERDEU," ",1660.56,553.52
"HASTE 75221734",0,3,PERDEU," ",2728.83,909.61
"SENSOR 75259844",0,3,PERDEU," ",1909.62,636.54
"COROA E PINHÃO 71103549",0,2,PERDEU," ",6544.42,3272.21
"ALTERNADOR 75241505",0,2,PERDEU," ",2575.7,1287.85
"ENGRENAGEM 75289409",0,3,PERDEU," ",4599.72,1533.24
"RETENTOR 75288896",0,9,PERDEU," ",207.54,23.06
"ROLAMENTO 75288885",0,6,PERDEU," ",431.76,71.96
"DISCO SINTERIZADO 75287708",0,90,PERDEU," ",4151.7,46.13
"DISCO DE AÇO 75312847",0,90,PERDEU," ",3238.2,35.98
"DISCO SINTERIZADO 75312848",0,30,PERDEU," ",1383.9,46.13
"CUBO DE RODA DIANTEIRA 87671572",0,4,PERDEU," ",5775.04,1443.76
"ROLAMENTO 76035007",0,6,PERDEU," ",597.78,99.63
"VOLANTE MOTOR 75289647",0,2,PERDEU," ",1979.74,989.87
"TURBINA 75289655",0,2,PERDEU," ",4557.3,2278.65
"CORRENTE 87667592",0,8,PERDEU," ",4391.2,548.9
"TAMBOR TRANSMISSÃO 75289408",0,3,PERDEU," ",8402.4,2800.8
"PONTA DE EIXO DIANTEIRA 87647437",0,4,PERDEU," ",4819.28,1204.82
"ENGRENAGEM 87625339",0,6,PERDEU," ",2214.06,369.01
"ENGRENAGEM ANELAR 71103527",0,3,PERDEU," ",3213.18,1071.06
"BOMBA HIDRAULICA 75324054",0,3,PERDEU," ",5673.54,1891.18
"TUBO 75289697",0,3,PERDEU," ",877.32,292.44
"VALVULA SOLENÓIDE 75289699",0,3,PERDEU," ",1937.31,645.77
"CHICOTE FREIO 75249889",0,3,PERDEU," ",608.88,202.96
"ENGRENAGEM 75289673",0,3,PERDEU," ",2128.26,709.42
"ENGRENAGEM 75286636",0,3,PERDEU," ",1715.91,571.97
"PISTÃO 75287712",0,6,PERDEU," ",2324.76,387.46
"MOLA PRATO 75387753",0,18,PERDEU," ",1876.5,104.25
"CRUZETA 75288824",0,6,PERDEU," ",1123.62,187.27
"PARAFUSO 70927236",0,18,PERDEU," ",99.72,5.54
"ARRUELA 70912441",0,36,PERDEU," ",33.12,0.92
"INDICADOR DE PRESSÃO 75254572",0,3,PERDEU," ",3285.12,1095.04
"PLACA 73125481",0,16,PERDEU," ",841.28,52.58
"PLACA 73125480",0,16,PERDEU," ",915.2,57.2
"PARAFUSO 73126330",0,160,PERDEU," ",737.6,4.61
"CHAPA 87616831",0,16,PERDEU," ",413.28,25.83
"CHAPA 87616832",0,16,PERDEU," ",428,26.75
"SAPATA 75248931",0,6,PERDEU," ",3226.98,537.83
"CALÇO DESGASTE 73125482",0,16,PERDEU," ",1549.92,96.87
"CALÇO DE AJUSTE 73125483",0,64,PERDEU," ",354.56,5.54
"BARRA 75266819",0,3,PERDEU," ",4389.39,1463.13
"BARRA 75266792",0,3,PERDEU," ",2593.23,864.41
"CHAPA 75248811",0,18,PERDEU," ",763.92,42.44
"CALÇO 75248809",0,40,PERDEU," ",110.8,2.77
"PLACA 75248810",0,20,PERDEU," ",498.2,24.91
"SUPORTE  75243732",0,12,PERDEU," ",1273.08,106.09
"PLACA 75248807",0,18,PERDEU," ",913.32,50.74
"JG REPARO 75220700",0,6,PERDEU," ",985.26,164.21
"JG REPARO 75220797",0,3,PERDEU," ",434.52,144.84
"INTERRUPTOR 73125891",0,2,PERDEU," ",1243.56,621.78
"SENSOR VELOCIDADE 75252215",0,2,PERDEU," ",990.8,495.4
"FAROL L.D. 75249995",0,6,PERDEU," ",1035.06,172.51
"FAROL L.E. 75249994",0,6,PERDEU," ",1057.2,176.2
"ALARME DE RÉ 73131968",0,3,PERDEU," ",774.93,258.31
"PALHETA 75313348",0,6,PERDEU," ",891.18,148.53
"RESERVATÓRIO 75286906",0,2,PERDEU," ",1156.86,578.43
"BICO INJETOR 75207848",0,12,PERDEU," ",5535.12,461.26
"JUNTA 75206879",0,6,PERDEU," ",33.24,5.54
"SILENCIOSO 73164453",0,3,PERDEU," ",2374.59,791.53
"TUBO SAÍDA 75323452",0,3,PERDEU," ",650.37,216.79
"ABRAÇADEIRA A162896",0,6,PERDEU," ",221.4,36.9
"PROTETOR 75324192",0,3,PERDEU," ",592.26,197.42
"VALVULA 73124881",0,3,PERDEU," ",2158.71,719.57
"BUCHA 73125404",0,6,PERDEU," ",354.24,59.04
"PINO 73125400",0,8,PERDEU," ",250.96,31.37
"PINO 75252844",0,3,PERDEU," ",478.8,159.6
"JG REPARO 75288868",0,6,PERDEU," ",481.56,80.26
"JG REPARO 75288901",0,6,PERDEU," ",431.76,71.96
"CHICOTE ELÉTRICO 75249884",0,2,PERDEU," ",1677.16,838.58
"CHAVE 73117176",0,3,PERDEU," ",1032.3,344.1
"VIDRO 75254363",0,2,PERDEU," ",2431.78,1215.89
"VIDRO 75311329",0,2,PERDEU," ",1180.84,590.42
"BORRACHA 75310347",0,8,PERDEU," ",1033.2,129.15
"COLETOR ESCAPE 75206828",0,2,PERDEU," ",1145.78,572.89
"CHICOTE ELÉTRICO MOTOR 75327635",0,3,PERDEU," ",578.43,192.81
"CHICOTE ELÉTRICO TRANSMISSÃO 87682623",0,3,PERDEU," ",990.81,330.27
"EIXO 75289394",0,3,PERDEU," ",1704.84,568.28
"ENGRENAGEM 75289381",0,6,PERDEU," ",2164.26,360.71
"PLACA DE ENCOSTO 75287707",0,6,PERDEU," ",1129.2,188.2
"ROLAMENTO 73124679",0,9,PERDEU," ",597.78,66.42
"RADIADOR DAGUA 73164343",0,1,PERDEU," ",3099.7,3099.7
"RASPADOR 73124672",0,24,PERDEU," ",199.2,8.3
"PARAFUSO 73125712",0,18,PERDEU," ",199.26,11.07
"PORCA 70913830",0,18,PERDEU," ",16.56,0.92
"TERMINAL 75221276",0,6,PERDEU," ",863.46,143.91
"PONTEIRA 75219488",0,8,PERDEU," ",1143.92,142.99
"COIFA 75221272",0,6,PERDEU," ",221.4,36.9
"ROLAMENTO DE RODA 70684817",0,6,PERDEU," ",1068.3,178.05
"CONTRAPINO 70901348",0,18,PERDEU," ",24.84,1.38
"ROLAMENTO DE RODA 73124684",0,6,PERDEU," ",1262.04,210.34
"VALVULA DE ALIVIO 75289439",0,2,PERDEU," ",2948.4,1474.2
"RETENTOR DE ÓLEO 75288881",0,3,PERDEU," ",1203.9,401.3
"ABRAÇADEIRA 79084753",0,12,PERDEU," ",66.48,5.54
"BUCHA 75284007",0,6,PERDEU," ",1035.06,172.51
"PORCA 10902221",0,24,PERDEU," ",22.08,0.92
"PARAFUSO 11227721",0,24,PERDEU," ",99.6,4.15
"CONEXÃO 70923174",0,6,PERDEU," ",177.12,29.52
"ANEL VEDAÇÃO 75287752",0,6,PERDEU," ",492.66,82.11
"VALVULA REGULADORA 75312824",0,1,PERDEU," ",2742.68,2742.68
"HASTE NIVELADORA 75261090",0,1,PERDEU," ",502.78,502.78
"CABO 87357574",0,3,PERDEU," ",561.81,187.27
"JUNTA ESFÉRICA 73125851",0,6,PERDEU," ",404.04,67.34
"MANOPLA 75241795",0,6,PERDEU," ",348.72,58.12
"JG REPARO ORBITROL 71100242",0,3,PERDEU," ",1948.38,649.46
"MAO DE OBRA MECANICA",0,600,PERDEU," ",62550,104.25
"JUNTA LATERAL 65019010020",0,6,VENCEU," ",256.68,42.78
"RETENTOR 65015100101",0,2,VENCEU," ",262.64,131.32
"CREMALHEIRA MOTOR 65023100006",0,1,VENCEU," ",389.99,389.99
"JUNTA TAMPA VALVULA 65039050002",0,2,VENCEU," ",173.1,86.55
"JUNTA CABEÇOTE 65039010066",0,1,VENCEU," ",298.46,298.46
"TAMPA OLEO MOTOR 65018105011",0,2,VENCEU," ",137.3,68.65
"VARETA NIVEL OLEO 65058055222A",0,2,VENCEU," ",204.94,102.47
"VALVULA TERMOSTATICA 65064025015",0,2,VENCEU," ",127.34,63.67
"BOMBA DAGUA 65065006144A",0,2,VENCEU," ",853.6,426.8
"CORREIA 65968010124A",0,4,VENCEU," ",557.12,139.28
"HÉLICE 65066015070",0,1,VENCEU," ",1074.47,1074.47
"JUNTA ADMISSÃO 65089010028",0,2,VENCEU," ",284.54,142.27
"JUNTA ESCAPE 6508902A0034",0,2,VENCEU," ",250.72,125.36
"TURBINA 65091007080A",0,1,VENCEU," ",3173.67,3173.67
"BOMBA INJETORA 65111017420A",0,1,VENCEU," ",5899.64,5899.64
"MOTOR PARTIDA 65262017076B",0,1,VENCEU," ",2467.31,2467.31
"COXIM 16100548",0,8,VENCEU," ",1050.56,131.32
"JG DE JUNTAS 69996068020",0,1,VENCEU," ",697.41,697.41
"MANGUEIRA RADIADOR INFERIOR K1006781",0,2,VENCEU," ",200.96,100.48
"MANGUEIRA RADIADOR SUPERIOR K1006780",0,2,VENCEU," ",173.1,86.55
"RADIADOR DAGUA K1008126",0,1,VENCEU," ",3444.28,3444.28
"RADIADOR DE ÓLEOK1008128",0,1,VENCEU," ",1671.4,1671.4
"SILENCIOSO K1012192B",0,1,VENCEU," ",756.11,756.11
"TUBO ENTRADA K1045900",0,2,VENCEU," ",380.04,190.02
"ACOPLAMENTO DE BORRACHA 24747009",0,2,VENCEU," ",2357.86,1178.93
"BÓIA TANQUE 54700026",0,1,VENCEU," ",152.22,152.22
"COXIM FRONTAL 16100010",0,2,VENCEU," ",238.78,119.39
"COXIM TRASEIRO 16100011",0,2,VENCEU," ",258.66,129.33
"VIDRO L.D. 90300072A",0,1,VENCEU," ",644.68,644.68
"VIDRO L.E. TRASEIRO 90300073A",0,1,VENCEU," ",461.62,461.62
"VIDRO TRASEIRO 90300075",0,1,VENCEU," ",780.98,780.98
"VIDRO FRONTAL SUPERIOR K1033880",0,1,VENCEU," ",1086.41,1086.41
"VIDRO FRONTAL INFERIOR 90300074A",0,1,VENCEU," ",408.9,408.9
"VIDRO LATERAL SUPERIOR 90300071B",0,1,VENCEU," ",602.9,602.9
"VIDRO LATERAL INFERIOR 90300069A",0,1,VENCEU," ",326.32,326.32
"ALTERNADOR K1010702",0,1,VENCEU," ",1028.71,1028.71
"ABRAÇADEIRA 21241509D1",0,16,VENCEU," ",143.2,8.95
"CORREIA AR CONDICIONADO 21061019D10",0,2,VENCEU," ",318.36,159.18
"RODA MOTRIZ K1000682",0,2,VENCEU," ",1756.96,878.48
"PARAFUSO RODA MOTRIZ 12000050B",0,90,VENCEU," ",1342.8,14.92
"DUOCONE 21809020",0,4,VENCEU," ",752.12,188.03
"BUCHA K1036466",0,4,VENCEU," ",366.12,91.53
"EIXO 22201013",0,2,VENCEU," ",581.02,290.51
"ANEL ORING S8010700",0,8,VENCEU," ",55.68,6.96
"SUPORTE 27100026",0,4,VENCEU," ",1361,340.25
"MOLA DA ESTEIRA 21291236",0,2,VENCEU," ",3153.78,1576.89
"ROLETE SUPERIOR K1037728",0,4,VENCEU," ",3382.6,845.65
"ROLETE INFERIOR K1037713A",0,18,VENCEU," ",12410.1,689.45
"DUOCONE 21809005B",0,16,VENCEU," ",636.8,39.8
"DUOCONE 21809098",0,16,VENCEU," ",692.48,43.28
"KIT DE VEDAÇÃO K1038790KT",0,2,VENCEU," ",618.82,309.41
"PINO DA LANÇA 21232185G",0,1,VENCEU," ",758.1,758.1
"PINO  K1007253B",0,2,VENCEU," ",1774.86,887.43
"PINO 21232180G",0,2,VENCEU," ",2129.04,1064.52
"PINO 12300409A",0,4,VENCEU," ",1193.84,298.46
"PINO 21232187E",0,2,VENCEU," ",557.14,278.57
"BUCHA K1037847A",0,8,VENCEU," ",1209.76,151.22
"RETENTOR 21801106BD24",0,34,VENCEU," ",371.96,10.94
"ARRUELA S5102903",0,14,VENCEU," ",278.6,19.9
"PINO K1046927",0,2,VENCEU," ",869.52,434.76
"PINO K1002130A",0,2,VENCEU," ",662.6,331.3
"PINO 21232192E",0,2,VENCEU," ",1760.94,880.47
"PINO K1007255A",0,2,VENCEU," ",1181.92,590.96
"PINO K1007256A",0,2,VENCEU," ",1293.34,646.67
"BUCHA K1037848A",0,8,VENCEU," ",780,97.5
"BUCHA K1037850A",0,4,VENCEU," ",461.64,115.41
"BUCHA K1037849A",0,4,VENCEU," ",712.32,178.08
"BUCHA K1037852A",0,4,VENCEU," ",656.64,164.16
"BUCHA K1037851A",0,4,VENCEU," ",529.28,132.32
"KIT DE VEDAÇÃO MOTOR DE GIRO K9001903",0,1,VENCEU," ",886.44,886.44
"ENGRENAGEM 10400049A",0,3,VENCEU," ",850.62,283.54
"ENGRENAGEM 10400047A",0,2,VENCEU," ",706.36,353.18
"ENGRENAGEM 10400050",0,4,VENCEU," ",2184.76,546.19
"ENGRENAGEM 10400048",0,2,VENCEU," ",791.92,395.96
"ROLAMENTO 10900174",0,2,VENCEU," ",1106.3,553.15
"RETENTOR 21801254",0,4,VENCEU," ",63.68,15.92
"ARRUELA K9007394",0,16,VENCEU," ",541.28,33.83
"ROLAMENTO 21099033",0,1,VENCEU," ",1424.67,1424.67
"PINHÃO 21121248E",0,1,VENCEU," ",1412.73,1412.73
"JG PISTÕES K9007406",0,1,VENCEU," ",1693.29,1693.29
"PLACA K9004447",0,2,VENCEU," ",1193.86,596.93
"DISCO 41200013",0,2,VENCEU," ",706.36,353.18
"SAPATA K1045478",0,49,VENCEU," ",8482.39,173.11
"PINO K9007388",0,8,VENCEU," ",811.84,101.48
"PLACA 35200014",0,2,VENCEU," ",397.96,198.98
"ENGRENAGEM K9007387",0,6,VENCEU," ",3665.16,610.86
"ROLAMENTO 121600017",0,6,VENCEU," ",752.16,125.36
"ENGRENAGEM K9007390",0,2,VENCEU," ",973,486.5
"ROLAMENTO K9007403",0,1,VENCEU," ",2322.05,2322.05
"ENGRENAGEM K9007391",0,2,VENCEU," ",907.34,453.67
"ENGRENAGEM K9007393",0,8,VENCEU," ",4640.16,580.02
"PINO K9007392",0,4,VENCEU," ",1611.72,402.93
"HASTE CILINDRO LEVANTE K9007362",0,2,VENCEU," ",3038.36,1519.18
"JG REPARO CILINDRO LEVANTE K9001878",0,4,VENCEU," ",2678.2,669.55
"BUCHA K1037853",0,6,VENCEU," ",877.5,146.25
"HASTE CILINDRO PROFUNDIDADE K9001880",0,1,VENCEU," ",2735.92,2735.92
"JG REPARO CILINDRO PROFUNDIDADE K9001901",0,2,VENCEU," ",1370.94,685.47
"HASTE CILINDRO DA CONCHA K9001869A",0,1,VENCEU," ",1358.01,1358.01
"JG REPARO CILINDRO DA CONCHA K9001892",0,2,VENCEU," ",921.26,460.63
"BOMBA PILOTO K1000410",0,1,VENCEU," ",856.59,856.59
"ARRUELA k9007389",0,12,VENCEU," ",298.44,24.87
"ARRUELA DS7752026",0,12,VENCEU," ",179.04,14.92
"ARRUELA DS7752018",0,12,VENCEU," ",167.16,13.93
"CORREIA 21061019D18",0,2,VENCEU," ",208.92,104.46
"POLIA BOMBA DAGUA 1070005",0,1,VENCEU," ",342.24,342.24
"RODA GUIA 27000063B",0,2,VENCEU," ",4445.12,2222.56
"JG REPARO ESTICADOR K9006882",0,4,VENCEU," ",378.04,94.51
"MAO DE OBRA MECANICA",0,300,VENCEU," ",32832,109.44
"BUCHA INFERIOR 370060001",0,2,VENCEU," ",119.06,59.53
"BUCHA SUPERIOR 370060011",0,2,VENCEU," ",162.72,81.36
"BUCHA 370060002",0,4,VENCEU," ",311.56,77.89
"BUCHA 370060041",0,4,VENCEU," ",339.32,84.83
"PARAFUSO 210003900",0,16,VENCEU," ",134.88,8.43
"CALÇO 219000156",0,12,VENCEU," ",35.76,2.98
"CALÇO 219000155",0,12,VENCEU," ",35.76,2.98
"COXIM 218002035",0,16,VENCEU," ",285.76,17.86
"PINO SUPERIOR 370060180",0,4,VENCEU," ",646.92,161.73
"BUCHA 370060543",0,10,VENCEU," ",426.7,42.67
"BUCHA 370060544",0,4,VENCEU," ",162.72,40.68
"BUCHA 370060546",0,4,VENCEU," ",269.88,67.47
"BUCHA 370060547",0,4,VENCEU," ",182.56,45.64
"BUCHA 370060570",0,4,VENCEU," ",101.2,25.3
"BUCHA 370060571",0,4,VENCEU," ",154.8,38.7
"PINO SUPERIOR 370060009",0,2,VENCEU," ",380.02,190.01
"PINO INFERIOR 370060010",0,2,VENCEU," ",324.46,162.23
"PINO DA LANÇA 370060032",0,4,VENCEU," ",744.16,186.04
"PINO 370060037",0,4,VENCEU," ",383,95.75
"PINO 370060045",0,2,VENCEU," ",499.08,249.54
"PINO 370060495",0,2,VENCEU," ",386.96,193.48
"PINO CENTRAL 370060047",0,2,VENCEU," ",265.92,132.96
"BUCHA 370060548",0,4,VENCEU," ",182.56,45.64
"BUCHA 370060122",0,4,VENCEU," ",111.12,27.78
"BUCHA 370060123",0,4,VENCEU," ",156.76,39.19
"PINO DA CONCHA 370060052",0,2,VENCEU," ",257.98,128.99
"PINO DA CONCHA 370060127",0,2,VENCEU," ",201.42,100.71
"BUCHA 370060038",0,8,VENCEU," ",392.88,49.11
"BUCHA 370060014",0,8,VENCEU," ",305.6,38.2
"PINO SAPATA 370060057",0,4,VENCEU," ",311.56,77.89
"PINO SAPATA 370060473",0,4,VENCEU," ",347.28,86.82
"BUCHA SAPATA 370060093",0,8,VENCEU," ",678.64,84.83
"PINO CONCHA DIANTEIRA 370060003",0,4,VENCEU," ",561.6,140.4
"BUCHA 370060120",0,8,VENCEU," ",400.88,50.11
"BUCHA 370060121",0,4,VENCEU," ",297.68,74.42
"BRAÇO LIMPADOR 219001907",0,2,VENCEU," ",412.76,206.38
"PALHETA LIMPADOR 219001906",0,4,VENCEU," ",392.92,98.23
"MOTOR LIMPADOR 219001086",0,2,VENCEU," ",1569.68,784.84
"AMORTECEDOR CAPÔ 219000446",0,4,VENCEU," ",809.64,202.41
"CABO ACELERADOR 210200290",0,4,VENCEU," ",436.56,109.14
"CABO FREIO 370060231",0,2,VENCEU," ",318.5,159.25
"RESERVATÓRIO DAGUA 219000436",0,2,VENCEU," ",828.5,414.25
"COXIM 208003894",0,16,VENCEU," ",357.12,22.32
"RETENTOR VIRABREQUIM 219001258",0,4,VENCEU," ",311.56,77.89
"RETENTOR VIRABREQUIM 219001441",0,4,VENCEU," ",256,64
"CREMALHEIRA 9.225.0.375.002.4",0,2,VENCEU," ",373.08,186.54
"JUNTA TAMPA DE VALVULAS 219001445",0,16,VENCEU," ",436.64,27.29
"BOMBA DE ÓLEO 9.610.8.730.001.6",0,2,VENCEU," ",984.28,492.14
"BOMBA ALIMENTADORA 219001451",0,4,VENCEU," ",984.28,246.07
"BOMBA INJETORA 219001460",0,2,VENCEU," ",7687.7,3843.85
"BICO INJETOR 219001457",0,8,VENCEU," ",2964.72,370.59
"BOMBA DAGUA 219001453",0,4,VENCEU," ",1218.44,304.61
"VALVULA TERMOSTATICA 219001425",0,4,VENCEU," ",385,96.25
"HELICE MOTOR 219001096",0,2,VENCEU," ",470.32,235.16
"POLIA LISA 219001256",0,2,VENCEU," ",841.4,420.7
"POLIA DENTADA 219001576",0,2,VENCEU," ",714.4,357.2
"TURBINA 219001943",0,1,VENCEU," ",2469.63,2469.63
"ALTERNADOR 219001796",0,2,VENCEU," ",2361.48,1180.74
"MOTOR DE PARTIDA 219001424",0,2,VENCEU," ",3250.5,1625.25
"BOMBA DA TRANSMISSÃO 219000645",0,2,VENCEU," ",1696.7,848.35
"RETENTOR DA BOMBA 219000511",0,4,VENCEU," ",230.2,57.55
"ROLAMENTO 219000565",0,2,VENCEU," ",148.84,74.42
"ROLAMENTO DE AGULHAS 219000569",0,4,VENCEU," ",194.48,48.62
"PLACA 219000634",0,28,VENCEU," ",638.96,22.82
"DISCO 219000635",0,24,VENCEU," ",666.72,27.78
"FLANGE 219000647",0,2,VENCEU," ",510,255
"RETENTOR 219000490",0,4,VENCEU," ",142.88,35.72
"PLACA CONVERSOR 219001904",0,4,VENCEU," ",323.48,80.87
"ROLAMENTO 219000563",0,4,VENCEU," ",383,95.75
"FLANGE 219000949",0,2,VENCEU," ",369.1,184.55
"VALVULA TRANSMISSÃO 219001902",0,2,VENCEU," ",1172.8,586.4
"SILENCIOSO 370360089",0,2,VENCEU," ",948.56,474.28
"TUBO 370260040",0,2,VENCEU," ",242.1,121.05
"TUBO SAÍDA 370260050",0,2,VENCEU," ",450.46,225.23
"RADIADOR 219000857",0,2,VENCEU," ",5076.18,2538.09
"PINO EIXO 370060008",0,2,VENCEU," ",137.92,68.96
"CARDÃ TRASEIRO 219000056",0,2,VENCEU," ",1656.02,828.01
"CARDÃ DIANTEIRO 219000057",0,2,VENCEU," ",2004.28,1002.14
"COROA E PINHÃO TRASEIRO 219000670",0,2,VENCEU," ",3935.14,1967.57
"KIT DIFERENCIAL TRASEIRO 219001879",0,2,VENCEU," ",2087.62,1043.81
"ROLAMENTO 219000660",0,4,VENCEU," ",317.52,79.38
"DISCO 219000480",0,16,VENCEU," ",2213.12,138.32
"PLACA 219000479",0,8,VENCEU," ",916.8,114.6
"PLACA 219000721",0,8,VENCEU," ",885.04,110.63
"PISTÃO DE FREIO 219000744",0,4,VENCEU," ",2670.24,667.56
"ANEL 219000500",0,8,VENCEU," ",146.88,18.36
"ANEL 219000510",0,8,VENCEU," ",111.12,13.89
"KIT AJUSTE L.D. 219000671",0,6,VENCEU," ",613.2,102.2
"KIT AJUSTE L.E. 219000672",0,6,VENCEU," ",613.2,102.2
"SEMI EIXO 219000728",0,4,VENCEU," ",2873.48,718.37
"RETENTOR 219001342",0,8,VENCEU," ",1714.56,214.32
"ROLAMENTO EIXO TRASEIRO 219000677",0,8,VENCEU," ",1524.08,190.51
"CUBO RODA TRASEIRO 219000668",0,2,VENCEU," ",1131.12,565.56
"ENGRENAGEM ANELAR 219000737",0,4,VENCEU," ",1190.68,297.67
"COROA ANELAR 219000681",0,4,VENCEU," ",1635.16,408.79
"PRISIONEIRO RODA TRASEIRA 219000481",0,40,VENCEU," ",317.6,7.94
"BUCHA 219000682",0,32,VENCEU," ",222.4,6.95
"ENGRENAGEM RODA TRASEIRA 219000692",0,18,VENCEU," ",3268.44,181.58
"EIXO 219000730",0,4,VENCEU," ",1027.92,256.98
"BUCHA 219000042",0,4,VENCEU," ",190.52,47.63
"BUCHA 219000043",0,4,VENCEU," ",158.76,39.69
"RETENTOR 219000472",0,8,VENCEU," ",47.6,5.95
"MOLA PRATO 219000040",0,16,VENCEU," ",222.24,13.89
"BUCHA 219000784",0,8,VENCEU," ",301.6,37.7
"BUCHA DE BRONZE 219000034",0,8,VENCEU," ",222.24,27.78
"RETENTOR 219000497",0,8,VENCEU," ",47.6,5.95
"BUCHA 211100388",0,8,VENCEU," ",508,63.5
"MOLA PRATO 219000044",0,16,VENCEU," ",127.04,7.94
"PINO SUPERIOR 219000795",0,4,VENCEU," ",539.76,134.94
"PINO INFERIOR 219000045",0,4,VENCEU," ",539.76,134.94
"BRAÇO DIREÇÃO COMPLETO 219000970",0,4,VENCEU," ",1119.24,279.81
"PONTEIRA 219000971",0,8,VENCEU," ",658.8,82.35
"TIRANTE 219000471",0,8,VENCEU," ",833.44,104.18
"BUCHA DE BRONZE 219000038",0,8,VENCEU," ",301.6,37.7
"RETENTOR 219000498",0,8,VENCEU," ",127.04,15.88
"JG REPARO DIREÇÃO 219000031",0,4,VENCEU," ",166.68,41.67
"COROA E PINHÃO DIANTEIRA 219000980",0,2,VENCEU," ",3893.46,1946.73
"PORCA 210007076",0,2,VENCEU," ",89.3,44.65
"ROLAMENTO 219000659",0,4,VENCEU," ",261.96,65.49
"KIT DIFERENCIAL DIANTEIRO 219001001",0,2,VENCEU," ",2133.26,1066.63
"ROLAMENTO 219001007",0,4,VENCEU," ",325.44,81.36
"JUNTA UNIVERSAL 210200467",0,2,VENCEU," ",2099.54,1049.77
"SEMI EIXO LONGO 219001011",0,2,VENCEU," ",807.66,403.83
"ARTICULAÇÃO 219001012",0,2,VENCEU," ",386.96,193.48
"CRUZETA 219000488",0,8,VENCEU," ",301.6,37.7
"SEMI EIXO CURTO 219001013",0,4,VENCEU," ",746.16,186.54
"ARRUELA 210007071",0,6,VENCEU," ",47.64,7.94
"ARRUELA 210007072",0,6,VENCEU," ",47.64,7.94
"ANEL TRAVA 210000960",0,12,VENCEU," ",47.64,3.97
"RETENTOR RODA DIANTEIRA 219000495",0,8,VENCEU," ",936.64,117.08
"ROLAMENTO 219000785",0,8,VENCEU," ",1119.2,139.9
"PRISIONEIRO RODA DIANTEIRA 219000482",0,32,VENCEU," ",190.4,5.95
"CUBO DE RODA 219001015",0,4,VENCEU," ",1281.96,320.49
"BUCHA GUIA 219001016",0,24,VENCEU," ",381.12,15.88
"ANEL ORING 219000499",0,4,VENCEU," ",19.84,4.96
"ENGRENAGEM ANELAR 219001020",0,4,VENCEU," ",758.04,189.51
"COROA ANELAR 219001021",0,4,VENCEU," ",1309.72,327.43
"ANEL TRAVA 219001022",0,12,VENCEU," ",17.88,1.49
"ENGRENAGEM PLANETÁRIA 219001024",0,12,VENCEU," ",1047.84,87.32
"PORTA ENGRENAGENS 219001027",0,4,VENCEU," ",2286.08,571.52
"RODA DIANTEIRA 219000014",0,2,VENCEU," ",904.9,452.45
"RODA TRASEIRA 219000016",0,2,VENCEU," ",3141.36,1570.68
"PRESILHA 219000285",0,16,VENCEU," ",95.2,5.95
"HASTE DO CILINDRO CONCHA TRASEIRA 219001362",0,2,VENCEU," ",1408.94,704.47
"JG REPARO CILINDRO CONCHA TRASEIRA  219000080",0,4,VENCEU," ",325.44,81.36
"CAMISA CILINDRO DE GIRO 219001364",0,2,VENCEU," ",2619.46,1309.73
"HASTE CILINDRO DE GIRO 219001365",0,2,VENCEU," ",829.5,414.75
"EMBOLO 219001366",0,4,VENCEU," ",436.56,109.14
"TAMPA 219001077",0,2,VENCEU," ",277.82,138.91
"JG REPARO CILINDRO DO GIRO 219000085",0,8,VENCEU," ",595.36,74.42
"CILINDRO DA SAPATA COMPLETO 219001515",0,2,VENCEU," ",3212.8,1606.4
"HASTE CILINDRO DA SAPATA 219001369",0,2,VENCEU," ",998.18,499.09
"JG REPARO CILINDRO DA SAPATA 219000082",0,8,VENCEU," ",595.36,74.42
"VALVULA DE RETENÇÃO 219001476",0,2,VENCEU," ",1535.96,767.98
"HASTE CILINDRO DA LANÇA 219001374",0,2,VENCEU," ",1335.52,667.76
"JG REPARO CILINDRO LANÇA/PROFUNDIDADE 219000081",0,4,VENCEU," ",325.44,81.36
"HASTE CILINDRO PROFUNDIDADE 219001351",0,2,VENCEU," ",1004.12,502.06
"TROCADOR DE CALOR 219000858",0,1,VENCEU," ",1143.03,1143.03
"RESPIRO TANQUE HIDRÁULICO 219000069",0,2,VENCEU," ",200.42,100.21
"TAMPA TANQUE HIDRÁULICO 370060624",0,2,VENCEU," ",256,128
"BOMBA HIDRÁULICA 219000064",0,2,VENCEU," ",3437.04,1718.52
"CILINDRO DA CONCHA DIANTEIRA 219000011",0,2,VENCEU," ",2611.52,1305.76
"JG REPARO CILINDRO DA CONCHA 219000083",0,4,VENCEU," ",1865.36,466.34
"CAMISA CILINDRO DE LEVANTE 219001381",0,2,VENCEU," ",1474.44,737.22
"HASTE CILINDRO LEVANTE 219001380",0,2,VENCEU," ",795.76,397.88
"JG REPARO CILINDRO LEVANTE 219000079",0,4,VENCEU," ",269.88,67.47
"ORBITROL 2190000027",0,1,VENCEU," ",1952.68,1952.68
"ALAVANCA DE CONTROLE 219000860",0,1,VENCEU," ",799.73,799.73
"RESERVATÓRIO DE FREIO 219000134",0,2,VENCEU," ",426.66,213.33
"COMANDO TRASEIRO 219001407",0,1,VENCEU," ",3708.91,3708.91
"COMANDO DIANTEIRO 219001406",0,1,VENCEU," ",2244.39,2244.39
"FAROL 219001141",0,8,VENCEU," ",635.04,79.38
"SINALEIRA LATERAL 219000335",0,8,VENCEU," ",357.2,44.65
"CHAVE IGNIÇÃO 219000096",0,2,VENCEU," ",228.2,114.1
"SENSOR DA TRANSMISSÃO 219000086",0,2,VENCEU," ",384.98,192.49
"SENSOR PRESSÃO ÓLEO MOTOR 219001134",0,2,VENCEU," ",238.14,119.07
"SENSOR TEMPERATURA DAGUA 219001168",0,4,VENCEU," ",428.64,107.16
"SENSOR DE FREIO 219000476",0,4,VENCEU," ",508,127
"MAO DE OBRA MECANICA",0,200,VENCEU," ",20242,101.21
"COXIM MOTOR 11N610450",0,8,VENCEU," ",859.04,107.38
"COXIM MOTOR 11N608255",0,4,VENCEU," ",429.52,107.38
"HELICE 11LD30281",0,1,VENCEU," ",870.95,870.95
"BOMBA DA HELICE 11LG30010",0,1,VENCEU," ",705.91,705.91
"RADIADOR DAGUA 11LF30521",0,1,VENCEU," ",3531.52,3531.52
"SILENCIOSO 11LF50541",0,1,VENCEU," ",772.52,772.52
"TUBO SAIDA 11LB50090",0,1,VENCEU," ",187.91,187.91
"TUBO  11LF50520",0,1,VENCEU," ",303.24,303.24
"CORREIA 11N492130",0,3,VENCEU," ",202.83,67.61
"PINO 31LF30310",0,4,VENCEU," ",568.72,142.18
"PINO 31LF30320",0,4,VENCEU," ",608.48,152.12
"BOMBA HIDRAULICA 31LF00400",0,1,VENCEU," ",2907.14,2907.14
"ORBITROL 31LF30010",0,1,VENCEU," ",2636.71,2636.71
"VALVULA DE FREIO 31LH40041",0,1,VENCEU," ",1458.54,1458.54
"HASTE CILINDRO DIREÇÃO 31Y204011",0,2,VENCEU," ",1121.5,560.75
"BUCHA 31YC13150",0,4,VENCEU," ",198.84,49.71
"JG REPARO CILINDRO DIREÇÃO 31Y204062",0,4,VENCEU," ",318.16,79.54
"BUCHA Y820040001",0,4,VENCEU," ",242.6,60.65
"HASTE CILINDRO LEVANTE 31Y209130",0,2,VENCEU," ",2974.74,1487.37
"JG REPARO CILINDRO LEVANTE 31Y203751",0,4,VENCEU," ",2219.12,554.78
"BUCHA 31YC13160",0,2,VENCEU," ",222.7,111.35
"BUCHA 31YC13050",0,4,VENCEU," ",326.12,81.53
"JG REPARO CILINDRO CAÇAMBA 31Y208080",0,2,VENCEU," ",503.08,251.54
"HASTE CILINDRO CAÇAMBA 31Y208000",0,2,VENCEU," ",2018.3,1009.15
"PLACA 41L710060",0,1,VENCEU," ",226.69,226.69
"PINO 41LF10111",0,2,VENCEU," ",497.12,248.56
"BUCHA 41LF10160",0,4,VENCEU," ",258.52,64.63
"RASPADOR S700065306",0,18,VENCEU," ",322.2,17.9
"ROLAMENTO 41L710010",0,8,VENCEU," ",2704.32,338.04
"PINO 41L710020",0,2,VENCEU," ",634.32,317.16
"BUCHA 41L710050",0,2,VENCEU," ",202.82,101.41
"RASPADOR S700075307",0,16,VENCEU," ",334.08,20.88
"BUCHA 41L710040",0,2,VENCEU," ",176.98,88.49
"VIDRO FRONTAL 71LF01191",0,1,VENCEU," ",700.93,700.93
"VIDRO FRONTAL L.E 71LF02101",0,1,VENCEU," ",779.48,779.48
"VIDRO FRONTAL L.D. 71LF01211",0,1,VENCEU," ",779.48,779.48
"VIDRO TRASEIRO 71LF01531",0,1,VENCEU," ",860.01,860.01
"VIDRO TRASEIRO L.D. 71LF01541",0,1,VENCEU," ",339.03,339.03
"VIDRO TRASEIRO L.E. 71LF01551",0,1,VENCEU," ",339.03,339.03
"ARO CONJUNTO 81LF40110",0,2,VENCEU," ",4975.14,2487.57
"BUCHA 81L720090",0,2,VENCEU," ",349.98,174.99
"CRUZETA 1006C1",0,6,VENCEU," ",853.08,142.18
"FLANGE ZGAQ01389",0,2,VENCEU," ",841.12,420.56
"ROLAMENTO ZGAQ00769",0,4,VENCEU," ",668.12,167.03
"DISCO ZGAQ01945",0,28,VENCEU," ",2338.56,83.52
"DISCO ZGAQ01946",0,32,VENCEU," ",3245.12,101.41
"PISTAO ZGAQ01938",0,2,VENCEU," ",383.78,191.89
"TAMBOR ZGAQ01937",0,1,VENCEU," ",2207.2,2207.2
"MOLA ZGAQ01942",0,2,VENCEU," ",286.34,143.17
"FLANGE ZGAQ01445",0,2,VENCEU," ",680.06,340.03
"RETENTOR ZGAQ01440",0,4,VENCEU," ",222.72,55.68
"BOMBA TRANSMISSÃO ZGAQ01977",0,1,VENCEU," ",3671.7,3671.7
"ANEL ZTAM00068",0,4,VENCEU," ",286.32,71.58
"ANEL ZTAM00132",0,4,VENCEU," ",262.48,65.62
"COROA E PINHAO EIXO DIANTEIRO ZTAM00144",0,1,VENCEU," ",2881.29,2881.29
"DISCO ZTAM00145",0,10,VENCEU," ",1441.6,144.16
"DISCO ZTAM00143",0,8,VENCEU," ",1264.64,158.08
"ENGRENAGEM ZTAM00147",0,2,VENCEU," ",550.8,275.4
"ENGRENAGEM ZTAM00148",0,4,VENCEU," ",1030.04,257.51
"ROLAMENTO ZTAM00137",0,2,VENCEU," ",302.24,151.12
"RETENTOR ZTAM00191",0,4,VENCEU," ",847.08,211.77
"ROLAMENTO ZTAM00189",0,4,VENCEU," ",586.6,146.65
"ANEL ZTAM00177",0,8,VENCEU," ",127.28,15.91
"ENGRENAGEM ZTAM00180",0,6,VENCEU," ",1861.2,310.2
"ENGRENAGEM ZTAM00181",0,6,VENCEU," ",769.56,128.26
"EIXO ZTAM00195",0,2,VENCEU," ",1785.64,892.82
"DISCO FREIO ZTAM00090",0,10,VENCEU," ",1034,103.4
"DISCO FREIO ZTAM00219",0,10,VENCEU," ",954.5,95.45
"PISTÃO ZTAM00223",0,6,VENCEU," ",787.44,131.24
"ANEL ZTAM00221",0,6,VENCEU," ",220.74,36.79
"ANEL ZTAM00222",0,6,VENCEU," ",250.56,41.76
"PARAFUSO ZTAM00127",0,28,VENCEU," ",445.48,15.91
"BUCHA X112702063",0,4,VENCEU," ",349.96,87.49
"PINO 61LB15210",0,2,VENCEU," ",487.18,243.59
"PINO 61LB15030",0,2,VENCEU," ",467.28,233.64
"PINO 61LF15230",0,2,VENCEU," ",351.96,175.98
"PINO 61LB15040",0,2,VENCEU," ",453.38,226.69
"PINO 61LB15050",0,2,VENCEU," ",377.8,188.9
"PINO 61LB15200",0,4,VENCEU," ",1097.64,274.41
"PINO 61LB15060",0,4,VENCEU," ",715.84,178.96
"PINO 61LB15070",0,4,VENCEU," ",982.32,245.58
"BUCHA 61LF10090",0,4,VENCEU," ",552.8,138.2
"BUCHA 61LF10100",0,4,VENCEU," ",536.88,134.22
"BUCHA 61LF10110",0,4,VENCEU," ",536.88,134.22
"RASPADOR S700070206",0,16,VENCEU," ",175.04,10.94
"JUNTA CABEÇOTE 4932210",0,2,VENCEU," ",640.28,320.14
"VALVULA TERMOSTATICA 4929641",0,2,VENCEU," ",270.44,135.22
"ALTERNADOR 3972735",0,1,VENCEU," ",1299.46,1299.46
"POLIA ALTERNADOR 3925852",0,1,VENCEU," ",226.69,226.69
"POLIA DA HELICE 3914461",0,1,VENCEU," ",362.9,362.9
"BOMBA DE INJEÇÃO 3974765",0,1,VENCEU," ",4328.89,4328.89
"CREMALHEIRA 3905427",0,2,VENCEU," ",761.58,380.79
"RETENTOR 4890832",0,2,VENCEU," ",161.06,80.53
"ISOLADOR 3008468",0,8,VENCEU," ",71.6,8.95
"JUNTA  2830559",0,2,VENCEU," ",63.64,31.82
"JUNTA  3974127",0,2,VENCEU," ",63.64,31.82
"BOMBA DE ÓLEO 3976089",0,1,VENCEU," ",578.64,578.64
"TURBINA 4037469",0,1,VENCEU," ",3371.45,3371.45
"JUNTA TAMPA VALVULA 4899226",0,2,VENCEU," ",161.06,80.53
"MOTOR DE PARTIDA 3957593",0,1,VENCEU," ",2152.52,2152.52
"COLETOR ESCAPE 3976789",0,1,VENCEU," ",1061.84,1061.84
"JUNTA COLETOR 3955339",0,12,VENCEU," ",214.8,17.9
"TAMPA DO MOTOR 4895460",0,2,VENCEU," ",148.14,74.07
"BOMBA DAGUA 3800984",0,2,VENCEU," ",1222.9,611.45
"CORREIA BOMBA DAGUA 3290051",0,4,VENCEU," ",318.16,79.54
"TENSIONADOR 3976834",0,2,VENCEU," ",596.54,298.27
"ABRAÇADEIRA DA TURBINA 3903652",0,4,VENCEU," ",214.76,53.69
"TUBO ENCHIMENTO 3978945",0,1,VENCEU," ",348.98,348.98
"DEFLETOR 11LF30291",0,1,VENCEU," ",952.48,952.48
"MAO DE OBRA MECANICA",0,300,VENCEU," ",31467,104.89
"COXIM 87488318",0,8,PERDEU," ",565.2,70.65
"JUNTA CABEÇOTE 2830920",0,2,PERDEU," ",378.66,189.33
"JUNTA TAMPA VALVULA 2856809",0,12,PERDEU," ",101.76,8.48
"ISOLADOR 4895360",0,8,PERDEU," ",52.72,6.59
"VEDADOR 4890833",0,2,PERDEU," ",243.02,121.51
"VEDADOR 4890832",0,2,PERDEU," ",172.38,86.19
"CREMALHEIRA 2852051",0,1,PERDEU," ",286.35,286.35
"JUNTA COLETOR 2830445",0,8,PERDEU," ",82.88,10.36
"SILENCIOSO 87474195",0,1,PERDEU," ",652.76,652.76
"TUBO SAIDA 87309656",0,2,PERDEU," ",214.76,107.38
"TUBO 2852102",0,1,PERDEU," ",378.66,378.66
"JUNTA 4899467",0,2,PERDEU," ",9.42,4.71
"ABRAÇADEIRA 8650689",0,2,PERDEU," ",18.84,9.42
"RESPIRO 2852027",0,1,PERDEU," ",148.83,148.83
"JUNTA 2830559",0,2,PERDEU," ",65.94,32.97
"JUNTA 4896409",0,2,PERDEU," ",65.94,32.97
"CORREIA 85826230",0,4,PERDEU," ",256.2,64.05
"TENSOR DA CORREIA 2852161",0,1,PERDEU," ",274.1,274.1
"HELICE 185377A1",0,1,PERDEU," ",342.87,342.87
"RADIADOR DAGUA 87670083",0,1,PERDEU," ",2996.31,2996.31
"RESERVATORIO DAGUA RADIADOR 87673346",0,1,PERDEU," ",534.08,534.08
"BOMBA DAGUA 2856893",0,2,PERDEU," ",608.5,304.25
"TESMOSTATO 2858050",0,2,PERDEU," ",584,292
"SENSOR TEMPERATURA 2852157",0,1,PERDEU," ",102.67,102.67
"INTERRUPTOR PRESSAO 2852889",0,1,PERDEU," ",115.86,115.86
"BOMBA INJETORA 84402249",0,1,PERDEU," ",5585.7,5585.7
"PRISIONEIRO 2852294",0,6,PERDEU," ",33.9,5.65
"PORCA 4899003",0,6,PERDEU," ",22.62,3.77
"BOMBA ALIMENTADORA 84268475",0,2,PERDEU," ",551.98,275.99
"MOTOR DE PARTIDA 86992395",0,1,PERDEU," ",1988.43,1988.43
"CHAVE 85804675",0,2,PERDEU," ",154.48,77.24
"ALTERNADOR 87422777",0,1,PERDEU," ",1260.31,1260.31
"FAROL 85819200",0,6,PERDEU," ",452.16,75.36
"PALHETA LIMPADOR 85819827",0,2,PERDEU," ",303.3,151.65
"MOTOR LIMPADOR 84271749",0,1,PERDEU," ",656.53,656.53
"ISOLADOR 85802478",0,8,PERDEU," ",113.04,14.13
"ALAVANCA DE CONTROLE 85801938",0,1,PERDEU," ",859.99,859.99
"ORBITROL DIREÇÃO 87360424",0,1,PERDEU," ",3097.1,3097.1
"JG VEDACAO 85808390",0,1,PERDEU," ",573.64,573.64
"COXIM 87488319",0,8,PERDEU," ",226.08,28.26
"VARETA NIVEL DE ÓLEO 87601345",0,1,PERDEU," ",283.52,283.52
"COIFA DO COMANDO 85802847",0,1,PERDEU," ",56.52,56.52
"ANEL O 87701310",0,4,PERDEU," ",26.36,6.59
"CABO ACELERADOR 84221399",0,2,PERDEU," ",495.46,247.73
"SENSOR TRANSMISSÃO 87701313",0,1,PERDEU," ",365.47,365.47
"SOLENOIDE 87701329",0,1,PERDEU," ",972.08,972.08
"DISCO 181159A1",0,28,PERDEU," ",1028.72,36.74
"DISCO 181158A1",0,24,PERDEU," ",632.88,26.37
"ROLAMENTO 181128A1",0,2,PERDEU," ",504.88,252.44
"KIT DE REPARO 87525849",0,1,PERDEU," ",856.22,856.22
"ROLAMENTO ST205A",0,4,PERDEU," ",169.56,42.39
"SINCRONIZADOR 190427A1",0,1,PERDEU," ",1186.84,1186.84
"FLANGE 233284A1",0,1,PERDEU," ",259.98,259.98
"ENGRENAGEM 358283A1",0,1,PERDEU," ",763.91,763.91
"RETENTOR 181123A1",0,2,PERDEU," ",37.68,18.84
"VALVULA SOLENOIDE 349295A1",0,2,PERDEU," ",1135.98,567.99
"BOMBA TRANSMISSÃO 87429970",0,1,PERDEU," ",503.94,503.94
"RETENTOR 87429971",0,2,PERDEU," ",156.36,78.18
"BUCHA 9967992",0,2,PERDEU," ",167.66,83.83
"BUCHA 9967993",0,2,PERDEU," ",158.24,79.12
"ANEL  9967994",0,2,PERDEU," ",129.98,64.99
"ANEL 9968006",0,2,PERDEU," ",113.04,56.52
"BUCHA 9968010",0,2,PERDEU," ",165.78,82.89
"BUCHA 9968007",0,2,PERDEU," ",195.92,97.96
"ANEL 9968008",0,8,PERDEU," ",30.16,3.77
"BUCHA 9967990",0,8,PERDEU," ",188.4,23.55
"ARRUELA 9967673",0,4,PERDEU," ",64.04,16.01
"BUCHA 85824469",0,4,PERDEU," ",169.56,42.39
"BUCHA 9967678",0,4,PERDEU," ",261.84,65.46
"BUCHA 9967679",0,4,PERDEU," ",33.92,8.48
"BARRA DIREÇÃO 85805974",0,4,PERDEU," ",934.4,233.6
"TERMINAL 85805975",0,8,PERDEU," ",663.12,82.89
"TIRANTE 85805977",0,4,PERDEU," ",429.52,107.38
"PINO 85805980",0,4,PERDEU," ",504.88,126.22
"PINO 85805983",0,4,PERDEU," ",504.88,126.22
"RETENTOR 85827067",0,4,PERDEU," ",301.44,75.36
"ANEL 85805711",0,4,PERDEU," ",11.32,2.83
"ROLAMENTO 9967687",0,4,PERDEU," ",546.32,136.58
"PRISIONEIRO 9968070",0,32,PERDEU," ",150.72,4.71
"PORCA 9968071",0,32,PERDEU," ",90.56,2.83
"CUBO DE RODA 85806003",0,4,PERDEU," ",1265.96,316.49
"PORCA 87708454",0,2,PERDEU," ",301.42,150.71
"ROLAMENTO K395101",0,4,PERDEU," ",919.32,229.83
"ANEL 87711038",0,4,PERDEU," ",33.92,8.48
"CUBO DE RODA TRASEIRO 87708466",0,2,PERDEU," ",4726.66,2363.33
"ESPAÇADOR 87708447",0,2,PERDEU," ",493.58,246.79
"RETENTOR 87415728",0,4,PERDEU," ",463.44,115.86
"PONTA DE EIXO RODA TRASEIRA 87708445",0,2,PERDEU," ",3880.78,1940.39
"PRISIONEIRO 85808260",0,40,PERDEU," ",301.6,7.54
"ENGRENAGEM 87708967",0,9,PERDEU," ",1678.5,186.5
"ROLAMENTO 87708444",0,9,PERDEU," ",661.23,73.47
"KIT DE AJUSTE FREIO 87708441",0,6,PERDEU," ",497.34,82.89
"PRISIONEIRO RODA TRASEIRA 85808260",0,40,PERDEU," ",339.2,8.48
"PLACA DE FREIO 87708433",0,4,PERDEU," ",693.28,173.32
"DISCO DE FREIO 87708434",0,8,PERDEU," ",1785.92,223.24
"PLACA DE FREIO 87708435",0,4,PERDEU," ",655.6,163.9
"ANEL 87708438",0,4,PERDEU," ",331.56,82.89
"ANEL 371144A1",0,4,PERDEU," ",335.32,83.83
"PISTAO 87708440",0,2,PERDEU," ",1563.62,781.81
"CILINDRO DE FREIO 87708436",0,2,PERDEU," ",1122.8,561.4
"ANEL 371145A1",0,4,PERDEU," ",286.36,71.59
"ROLAMENTO E135785",0,4,PERDEU," ",486.04,121.51
"SEMI EIXO L.E. 84203714",0,1,PERDEU," ",827.96,827.96
"SEMI EIXO L.D. 84203715",0,1,PERDEU," ",827.96,827.96
"ANEL 87580391",0,2,PERDEU," ",16.96,8.48
"FLANGE 84197604",0,1,PERDEU," ",295.77,295.77
"RETENTOR 84197602",0,2,PERDEU," ",128.1,64.05
"ANEL 84197601",0,4,PERDEU," ",18.84,4.71
"PORCA PINHAO K261014",0,2,PERDEU," ",99.84,49.92
"ROLAMENTO K395090",0,2,PERDEU," ",135.64,67.82
"ROLAMENTO P1139855X",0,2,PERDEU," ",211.94,105.97
"COROA  E PINHÃO TRASEIRO 84203713",0,1,PERDEU," ",1245.24,1245.24
"CONJUNTO DIFERENCIAL 87708394",0,1,PERDEU," ",1501.45,1501.45
"EIXO CARDÃ TRANSMISSÃO 84120458",0,1,PERDEU," ",1190.61,1190.61
"RODA 75260236",0,2,PERDEU," ",1996.92,998.46
"CILINDRO DE FREIO 84369307",0,2,PERDEU," ",3641.54,1820.77
"BOMBA HIDRAULICA 84123670",0,1,PERDEU," ",3312.8,3312.8
"CILINDRO DA SAPATA 84209918",0,1,PERDEU," ",1725.63,1725.63
"JG REPARO SAPATA 84209920",0,4,PERDEU," ",350.4,87.6
"HASTE DA SAPATA 85800603",0,2,PERDEU," ",1230.18,615.09
"SUPORTE DA MANGUEIRA 87631462",0,8,PERDEU," ",113.04,14.13
"SUPORTE DA MANGUEIRA 84170548",0,8,PERDEU," ",98,12.25
"BUCHA 83910645",0,8,PERDEU," ",437.04,54.63
"CALÇO 85801153",0,8,PERDEU," ",98,12.25
"JG REPARO GIRO 87428631",0,4,PERDEU," ",388.08,97.02
"BUCHA 83912378",0,8,PERDEU," ",233.6,29.2
"BUCHA 85800303",0,4,PERDEU," ",218.52,54.63
"RASPADOR 83910601",0,12,PERDEU," ",45.24,3.77
"HASTE DO CILINDRO GIRO 87433032",0,2,PERDEU," ",832.68,416.34
"PARAFUSO CONJUNTO 87424935",0,2,PERDEU," ",348.52,174.26
"ABRAÇADEIRA 85802744",0,8,PERDEU," ",52.72,6.59
"ABRAÇADEIRA 85803008",0,8,PERDEU," ",45.2,5.65
"JG REPARO CLINDRO LEVANTE 1542879C1",0,4,PERDEU," ",188.4,47.1
"HASTE 87487859",0,1,PERDEU," ",556.69,556.69
"CILINDRO CAÇAMBA CONJUNTO 87315521",0,2,PERDEU," ",2697.72,1348.86
"BUCHA 81901809",0,8,PERDEU," ",150.72,18.84
"BUCHA 81901896",0,4,PERDEU," ",75.36,18.84
"TERMINAL 85804375",0,4,PERDEU," ",97.96,24.49
"PINO 87496051",0,2,PERDEU," ",578.36,289.18
"PINO 85815607",0,2,PERDEU," ",465.32,232.66
"ARRUELA 85805296",0,12,PERDEU," ",113.04,9.42
"RASPADOR 83931281",0,16,PERDEU," ",75.36,4.71
"BUCHA 83910546",0,4,PERDEU," ",286.36,71.59
"PINO 84330306",0,2,PERDEU," ",209.12,104.56
"PINO 87577359",0,2,PERDEU," ",162.02,81.01
"PINO 85803005",0,2,PERDEU," ",269.4,134.7
"BUCHA 83910548",0,8,PERDEU," ",444.56,55.57
"RASPADOR 83931289",0,8,PERDEU," ",52.72,6.59
"PINO 85815517",0,2,PERDEU," ",224.18,112.09
"PINO 85813469",0,2,PERDEU," ",205.34,102.67
"PINO 83910634",0,8,PERDEU," ",354.16,44.27
"CABO 84166301",0,2,PERDEU," ",393.74,196.87
"TERMINAL 85804375",0,4,PERDEU," ",97.96,24.49
"CABO TRAVA 87302967",0,2,PERDEU," ",339.1,169.55
"PINO SAPATA 85803141",0,4,PERDEU," ",373,93.25
"BUCHA 85700728",0,2,PERDEU," ",169.54,84.77
"BUCHA 85801110",0,2,PERDEU," ",82.9,41.45
"PINO 83911000",0,2,PERDEU," ",354.16,177.08
"PINO 85801262",0,2,PERDEU," ",209.12,104.56
"PINO 83999466",0,2,PERDEU," ",99.84,49.92
"PINO DA TORRE 87372563",0,2,PERDEU," ",295.76,147.88
"BUCHA 85803196",0,4,PERDEU," ",113.04,28.26
"BUCHA 85801029",0,4,PERDEU," ",79.12,19.78
"PINO GIRO 85803192",0,4,PERDEU," ",226.08,56.52
"BUCHA GIRO 85803193",0,8,PERDEU," ",286.32,35.79
"BUCHA 85803197",0,4,PERDEU," ",150.72,37.68
"ESPELHO RETROVISOR  87665407",0,2,PERDEU," ",209.12,104.56
"TAMPA RESERVATORIO 87403241",0,2,PERDEU," ",282.58,141.29
"PLACA DO TORQUE 87406934",0,2,PERDEU," ",212.88,106.44
"TUBO FILTRO AR 87639183",0,2,PERDEU," ",659.36,329.68
"BOMBA DE ÓLEO 4897480",0,2,PERDEU," ",1162.36,581.18
"MANGUEIRA RADIADOR 87413237",0,2,PERDEU," ",163.9,81.95
"MANGUEIRA RADIADOR 87407272",0,2,PERDEU," ",173.32,86.66
"POLIA 4896773",0,2,PERDEU," ",386.2,193.1
"RESERVATORIO DAGUA PARABRISA 87564072",0,1,PERDEU," ",213.82,213.82
"MAO DE OBRA MECANICA",0,300,PERDEU," ",31083,103.61
"COROA LATERAL DIANTEIRA 87710173",0,2,PERDEU," ",669.06,334.53
"ENGRENAGEM LATERAL 87710172",0,2,PERDEU," ",390.76,195.38
"ROLAMENTO 9967687",0,4,PERDEU," ",571.84,142.96
"ANEL 85805711",0,4,PERDEU," ",11.44,2.86
"CUBO DE RODA 84090373",0,2,PERDEU," ",701.46,350.73
"RETENTOR 85827067",0,4,PERDEU," ",449.84,112.46
"ENGRENAGEM  85806014",0,6,PERDEU," ",526.08,87.68
"CUBO PLANETARIA 85806011",0,2,PERDEU," ",1235.18,617.59
"CHAPA 85806016",0,4,PERDEU," ",61,15.25
"ANEL TRAVA 9968083",0,6,PERDEU," ",11.46,1.91
"SEMI EIXO COMPLETO 85827741",0,2,PERDEU," ",2293.08,1146.54
"SEMI EIXO LONGO 87306930",0,2,PERDEU," ",859.66,429.83
"SEMI EIXO CURTO 87306929",0,4,PERDEU," ",758.64,189.66
"ARTICULAÇÃO 85827070",0,4,PERDEU," ",758.64,189.66
"CRUZETA 85805996",0,8,PERDEU," ",304.96,38.12
"COROA E PINHÃO DIANTEIRA 84190375",0,1,PERDEU," ",1314.28,1314.28
"PORCA DO PINHÃO 9968032",0,2,PERDEU," ",150.58,75.29
"ROLAMENTO 9968047",0,4,PERDEU," ",385.04,96.26
"ANEL O 9968052",0,4,PERDEU," ",22.88,5.72
"CALÇO 9968037",0,12,PERDEU," ",68.64,5.72
"COXIM 87488318",0,8,PERDEU," ",548.96,68.62
"JUNTA CABEÇOTE 2830920",0,2,PERDEU," ",390.76,195.38
"JUNTA TAMPA VALVULA 2856809",0,12,PERDEU," ",91.44,7.62
"ISOLADOR 4895360",0,8,PERDEU," ",45.76,5.72
"VEDADOR 4890833",0,2,PERDEU," ",240.18,120.09
"VEDADOR 4890832",0,2,PERDEU," ",171.56,85.78
"CREMALHEIRA 2852051",0,1,PERDEU," ",280.2,280.2
"JUNTA COLETOR 2830445",0,8,PERDEU," ",68.64,8.58
"SILENCIOSO 87474195",0,1,PERDEU," ",667.15,667.15
"TUBO SAIDA 87309656",0,2,PERDEU," ",213.48,106.74
"TUBO 2852102",0,1,PERDEU," ",379.32,379.32
"JUNTA 4899467",0,2,PERDEU," ",11.44,5.72
"ABRAÇADEIRA 8650689",0,2,PERDEU," ",19.06,9.53
"RESPIRO 2852027",0,1,PERDEU," ",145.82,145.82
"JUNTA 2830559",0,2,PERDEU," ",62.9,31.45
"JUNTA 4896409",0,2,PERDEU," ",62.9,31.45
"CORREIA 85826230",0,4,PERDEU," ",255.44,63.86
"TENSOR DA CORREIA 2852161",0,1,PERDEU," ",274.48,274.48
"HELICE 185377A1",0,1,PERDEU," ",343.1,343.1
"RADIADOR DAGUA 87670083",0,1,PERDEU," ",2893.51,2893.51
"RESERVATORIO DAGUA RADIADOR 87673346",0,1,PERDEU," ",531.81,531.81
"BOMBA DAGUA 2856893",0,2,PERDEU," ",583.28,291.64
"TESMOSTATO 2858050",0,2,PERDEU," ",571.84,285.92
"SENSOR TEMPERATURA 2852157",0,1,PERDEU," ",102.93,102.93
"INTERRUPTOR PRESSAO 2852889",0,1,PERDEU," ",115.32,115.32
"BOMBA INJETORA 84402249",0,1,PERDEU," ",5563.04,5563.04
"PRISIONEIRO 2852294",0,6,PERDEU," ",40.02,6.67
"PORCA 4899003",0,6,PERDEU," ",22.86,3.81
"BOMBA ALIMENTADORA 84268475",0,2,PERDEU," ",583.28,291.64
"MOTOR DE PARTIDA 86992395",0,1,PERDEU," ",2110.09,2110.09
"CHAVE 85804675",0,2,PERDEU," ",158.2,79.1
"ALTERNADOR 87422777",0,1,PERDEU," ",1302.84,1302.84
"FAROL 85819200",0,6,PERDEU," ",468.9,78.15
"PALHETA LIMPADOR 85819827",0,2,PERDEU," ",308.8,154.4
"MOTOR LIMPADOR 84271749",0,1,PERDEU," ",675.72,675.72
"ISOLADOR 85802478",0,8,PERDEU," ",122,15.25
"ALAVANCA DE CONTROLE 85801938",0,1,PERDEU," ",892.07,892.07
"ORBITROL DIREÇÃO 87360424",0,1,PERDEU," ",3152.74,3152.74
"JG VEDACAO 85808390",0,1,PERDEU," ",594.71,594.71
"COXIM 87488319",0,8,PERDEU," ",236.4,29.55
"VARETA NIVEL DE ÓLEO 87601345",0,1,PERDEU," ",286.87,286.87
"COIFA DO COMANDO 85802847",0,1,PERDEU," ",56.23,56.23
"ANEL O 87701310",0,4,PERDEU," ",26.68,6.67
"CABO ACELERADOR 84221399",0,2,PERDEU," ",526.1,263.05
"SENSOR TRANSMISSÃO 87701313",0,1,PERDEU," ",374.55,374.55
"SOLENOIDE 87701329",0,1,PERDEU," ",935.91,935.91
"DISCO 181159A1",0,28,PERDEU," ",1014.16,36.22
"DISCO 181158A1",0,24,PERDEU," ",617.52,25.73
"ROLAMENTO 181128A1",0,2,PERDEU," ",510.84,255.42
"KIT DE REPARO 87525849",0,1,PERDEU," ",856.81,856.81
"ROLAMENTO ST205A",0,4,PERDEU," ",175.36,43.84
"SINCRONIZADOR 190427A1",0,1,PERDEU," ",1185.61,1185.61
"FLANGE 233284A1",0,1,PERDEU," ",253.52,253.52
"ENGRENAGEM 358283A1",0,1,PERDEU," ",771.03,771.03
"RETENTOR 181123A1",0,2,PERDEU," ",36.22,18.11
"VALVULA SOLENOIDE 349295A1",0,2,PERDEU," ",1130.34,565.17
"BOMBA TRANSMISSÃO 87429970",0,1,PERDEU," ",510.84,510.84
"RETENTOR 87429971",0,2,PERDEU," ",150.58,75.29
"BUCHA 9967992",0,2,PERDEU," ",167.74,83.87
"BUCHA 9967993",0,2,PERDEU," ",162.02,81.01
"ANEL  9967994",0,2,PERDEU," ",129.62,64.81
"ANEL 9968006",0,2,PERDEU," ",114.36,57.18
"BUCHA 9968010",0,2,PERDEU," ",165.84,82.92
"BUCHA 9968007",0,2,PERDEU," ",198.24,99.12
"ANEL 9968008",0,8,PERDEU," ",30.48,3.81
"BUCHA 9967990",0,8,PERDEU," ",213.52,26.69
"ARRUELA 9967673",0,4,PERDEU," ",68.64,17.16
"BUCHA 85824469",0,4,PERDEU," ",163.92,40.98
"BUCHA 9967678",0,4,PERDEU," ",274.48,68.62
"BUCHA 9967679",0,4,PERDEU," ",34.32,8.58
"BARRA DIREÇÃO 85805974",0,4,PERDEU," ",937.8,234.45
"TERMINAL 85805975",0,8,PERDEU," ",663.36,82.92
"TIRANTE 85805977",0,4,PERDEU," ",442.24,110.56
"PINO 85805980",0,4,PERDEU," ",529.92,132.48
"PINO 85805983",0,4,PERDEU," ",526.08,131.52
"RETENTOR 85827067",0,4,PERDEU," ",426.96,106.74
"ANEL 85805711",0,4,PERDEU," ",11.44,2.86
"ROLAMENTO 9967687",0,4,PERDEU," ",545.16,136.29
"PRISIONEIRO 9968070",0,32,PERDEU," ",152.64,4.77
"PORCA 9968071",0,32,PERDEU," ",91.52,2.86
"CUBO DE RODA 85806003",0,4,PERDEU," ",1292.36,323.09
"PORCA 87708454",0,2,PERDEU," ",318.32,159.16
"ROLAMENTO K395101",0,4,PERDEU," ",934,233.5
"ANEL 87711038",0,4,PERDEU," ",30.48,7.62
"CUBO DE RODA TRASEIRO 87708466",0,2,PERDEU," ",4793.92,2396.96
"ESPAÇADOR 87708447",0,2,PERDEU," ",486.06,243.03
"RETENTOR 87415728",0,4,PERDEU," ",465.08,116.27
"PONTA DE EIXO RODA TRASEIRA 87708445",0,2,PERDEU," ",3865.64,1932.82
"PRISIONEIRO 85808260",0,40,PERDEU," ",304.8,7.62
"ENGRENAGEM 87708967",0,9,PERDEU," ",1715.49,190.61
"ROLAMENTO 87708444",0,9,PERDEU," ",651.87,72.43
"KIT DE AJUSTE FREIO 87708441",0,6,PERDEU," ",497.52,82.92
"PRISIONEIRO RODA TRASEIRA 85808260",0,40,PERDEU," ",343.2,8.58
"PLACA DE FREIO 87708433",0,4,PERDEU," ",693.84,173.46
"DISCO DE FREIO 87708434",0,8,PERDEU," ",1814.64,226.83
"PLACA DE FREIO 87708435",0,4,PERDEU," ",682.4,170.6
"ANEL 87708438",0,4,PERDEU," ",327.84,81.96
"ANEL 371144A1",0,4,PERDEU," ",327.84,81.96
"PISTAO 87708440",0,2,PERDEU," ",1517.28,758.64
"CILINDRO DE FREIO 87708436",0,2,PERDEU," ",1124.62,562.31
"ANEL 371145A1",0,4,PERDEU," ",285.92,71.48
"ROLAMENTO E135785",0,4,PERDEU," ",484.16,121.04
"SEMI EIXO L.E. 84203714",0,1,PERDEU," ",751.97,751.97
"SEMI EIXO L.D. 84203715",0,1,PERDEU," ",758.64,758.64
"ANEL 87580391",0,2,PERDEU," ",17.16,8.58
"FLANGE 84197604",0,1,PERDEU," ",284.01,284.01
"RETENTOR 84197602",0,2,PERDEU," ",127.72,63.86
"ANEL 84197601",0,4,PERDEU," ",19.08,4.77
"PORCA PINHAO K261014",0,2,PERDEU," ",101.02,50.51
"ROLAMENTO K395090",0,2,PERDEU," ",144.86,72.43
"ROLAMENTO P1139855X",0,2,PERDEU," ",205.86,102.93
"COROA  E PINHÃO TRASEIRO 84203713",0,1,PERDEU," ",1182.75,1182.75
"CONJUNTO DIFERENCIAL 87708394",0,1,PERDEU," ",1396.24,1396.24
"EIXO CARDÃ TRANSMISSÃO 84120458",0,1,PERDEU," ",1158.93,1158.93
"RODA 75260236",0,2,PERDEU," ",1915.66,957.83
"CILINDRO DE FREIO 84369307",0,2,PERDEU," ",3463.44,1731.72
"BOMBA HIDRAULICA 84123670",0,1,PERDEU," ",3287.12,3287.12
"CILINDRO DA SAPATA 84209918",0,1,PERDEU," ",1704.08,1704.08
"JG REPARO SAPATA 84209920",0,4,PERDEU," ",339.28,84.82
"HASTE DA SAPATA 85800603",0,2,PERDEU," ",1200.86,600.43
"SUPORTE DA MANGUEIRA 87631462",0,8,PERDEU," ",114.4,14.3
"SUPORTE DA MANGUEIRA 84170548",0,8,PERDEU," ",99.12,12.39
"BUCHA 83910645",0,8,PERDEU," ",442.24,55.28
"CALÇO 85801153",0,8,PERDEU," ",99.12,12.39
"JG REPARO GIRO 87428631",0,4,PERDEU," ",377.4,94.35
"BUCHA 83912378",0,8,PERDEU," ",221.12,27.64
"BUCHA 85800303",0,4,PERDEU," ",232.56,58.14
"RASPADOR 83910601",0,12,PERDEU," ",45.72,3.81
"HASTE DO CILINDRO GIRO 87433032",0,2,PERDEU," ",865.38,432.69
"PARAFUSO CONJUNTO 87424935",0,2,PERDEU," ",348.82,174.41
"ABRAÇADEIRA 85802744",0,8,PERDEU," ",45.76,5.72
"ABRAÇADEIRA 85803008",0,8,PERDEU," ",45.76,5.72
"JG REPARO CLINDRO LEVANTE 1542879C1",0,4,PERDEU," ",198.24,49.56
"HASTE 87487859",0,1,PERDEU," ",576.6,576.6
"CILINDRO CAÇAMBA CONJUNTO 87315521",0,2,PERDEU," ",2866.82,1433.41
"BUCHA 81901809",0,8,PERDEU," ",167.76,20.97
"BUCHA 81901896",0,4,PERDEU," ",80.04,20.01
"TERMINAL 85804375",0,4,PERDEU," ",95.32,23.83
"PINO 87496051",0,2,PERDEU," ",621.4,310.7
"PINO 85815607",0,2,PERDEU," ",484.16,242.08
"ARRUELA 85805296",0,12,PERDEU," ",148.68,12.39
"RASPADOR 83931281",0,16,PERDEU," ",60.96,3.81
"BUCHA 83910546",0,4,PERDEU," ",282.12,70.53
"PINO 84330306",0,2,PERDEU," ",228.74,114.37
"PINO 87577359",0,2,PERDEU," ",158.2,79.1
"PINO 85803005",0,2,PERDEU," ",264.96,132.48
"BUCHA 83910548",0,8,PERDEU," ",442.24,55.28
"RASPADOR 83931289",0,8,PERDEU," ",53.36,6.67
"PINO 85815517",0,2,PERDEU," ",230.64,115.32
"PINO 85813469",0,2,PERDEU," ",203.96,101.98
"PINO 83910634",0,8,PERDEU," ",358.32,44.79
"CABO 84166301",0,2,PERDEU," ",394.56,197.28
"TERMINAL 85804375",0,4,PERDEU," ",99.12,24.78
"CABO TRAVA 87302967",0,2,PERDEU," ",339.3,169.65
"PINO SAPATA 85803141",0,4,PERDEU," ",362.16,90.54
"BUCHA 85700728",0,2,PERDEU," ",165.84,82.92
"BUCHA 85801110",0,2,PERDEU," ",85.78,42.89
"PINO 83911000",0,2,PERDEU," ",348.82,174.41
"PINO 85801262",0,2,PERDEU," ",202.04,101.02
"PINO 83999466",0,2,PERDEU," ",95.3,47.65
"PINO DA TORRE 87372563",0,2,PERDEU," ",301.16,150.58
"BUCHA 85803196",0,4,PERDEU," ",122,30.5
"BUCHA 85801029",0,4,PERDEU," ",72.44,18.11
"PINO GIRO 85803192",0,4,PERDEU," ",240.16,60.04
"BUCHA GIRO 85803193",0,8,PERDEU," ",266.88,33.36
"BUCHA 85803197",0,4,PERDEU," ",156.32,39.08
"ESPELHO RETROVISOR 87665407",0,2,PERDEU," ",203.96,101.98
"TAMPA RESERVATORIO 87403241",0,2,PERDEU," ",282.1,141.05
"PLACA DO TORQUE 87406934",0,2,PERDEU," ",209.68,104.84
"TUBO FILTRO AR 87639183",0,2,PERDEU," ",644.28,322.14
"BOMBA DE ÓLEO 4897480",0,2,PERDEU," ",1172.28,586.14
"MANGUEIRA RADIADOR 87413237",0,2,PERDEU," ",150.58,75.29
"MANGUEIRA RADIADOR 87407272",0,2,PERDEU," ",162.02,81.01
"POLIA 4896773",0,2,PERDEU," ",371.7,185.85
"RESERVATORIO DAGUA PARABRISA 87564072",0,1,PERDEU," ",207.77,207.77
"MAO DE OBRA MECANICA",0,300,PERDEU," ",31452,104.84
"COXIM 117846A1",0,12,PERDEU," ",336.12,28.01
"JUNTA CABEÇOTE J283569",0,3,PERDEU," ",554.49,184.83
"PARAFUSO 75287967",0,8,PERDEU," ",74.72,9.34
"ANEL 71100640",0,12,PERDEU," ",100.8,8.4
"JUNTA DA TAMPA 75287966",0,20,PERDEU," ",242.8,12.14
"JUNTA DA TAMPA LATERAL J283767",0,6,PERDEU," ",50.4,8.4
"JUNTA DA TAMPA COLETOR J938153",0,6,PERDEU," ",44.82,7.47
"VARETA NIVEL OLEO MOTOR J357056",0,2,PERDEU," ",294.98,147.49
"ANEL O 75287869",0,10,PERDEU," ",37.3,3.73
"TAMPA 75208372",0,2,PERDEU," ",395.8,197.9
"JUNTA CARTER J938162",0,3,PERDEU," ",148.44,49.48
"RETENTOR 71100956",0,4,PERDEU," ",201.64,50.41
"ANEL O 75208192",0,10,PERDEU," ",74.7,7.47
"ANEL O 75206842",0,10,PERDEU," ",28,2.8
"RETENTOR 75285215",0,3,PERDEU," ",602.1,200.7
"JUNTA 71100941",0,4,PERDEU," ",48.56,12.14
"RETENTOR 75208188",0,4,PERDEU," ",280.04,70.01
"RETENTOR 75286656",0,4,PERDEU," ",339.8,84.95
"CREMALHEIRA 75208365",0,3,PERDEU," ",632.91,210.97
"PARAFUSO 75208362",0,20,PERDEU," ",74.6,3.73
"POLIA J914494",0,2,PERDEU," ",281.92,140.96
"CABO ACELERADOR 85826303",0,3,PERDEU," ",372.48,124.16
"MANGUEIRA FILTRO DE AR 75263269",0,2,PERDEU," ",336.06,168.03
"BOMBA TRANSMISSÃO 9968311",0,2,PERDEU," ",860.7,430.35
"ROLAMENTO 9968268",0,6,PERDEU," ",604.92,100.82
"ENGRENAGEM  9968281",0,1,PERDEU," ",774.81,774.81
"EIXO 9968347",0,1,PERDEU," ",1099.67,1099.67
"DISCO 9968290",0,20,PERDEU," ",840.2,42.01
"DISCO 9968289",0,20,PERDEU," ",522.8,26.14
"ROLAMENTO 9968304",0,4,PERDEU," ",231.52,57.88
"EMBOLO 9968294",0,2,PERDEU," ",649.72,324.86
"HASTE NIVEL OLEO TRANSMISSÃO 87408557",0,2,PERDEU," ",210.98,105.49
"COIFA 85805847",0,3,PERDEU," ",210.03,70.01
"JUNTA 75287863",0,6,PERDEU," ",44.82,7.47
"TUBO DE LUBRIFICAÇÃO 71101615",0,1,PERDEU," ",349.13,349.13
"COLETOR ESCAPE J901919",0,1,PERDEU," ",799.08,799.08
"JUNTA COLETOR 75287974",0,12,PERDEU," ",112.08,9.34
"PARAFUSO 75287975",0,20,PERDEU," ",93.4,4.67
"TUBO DE SAÍDA 392301A1",0,2,PERDEU," ",153.1,76.55
"SILENCIOSO 87348962",0,2,PERDEU," ",1150.08,575.04
"BOMBA DE ÓLEO J937027",0,2,PERDEU," ",961.5,480.75
"PARAFUSO 75208384",0,12,PERDEU," ",44.76,3.73
"JUNTA TROCADOR 75287942",0,3,PERDEU," ",89.61,29.87
"JUNTA TROCADOR 75287945",0,3,PERDEU," ",89.61,29.87
"TROCADOR DE CALOR 71101711",0,1,PERDEU," ",806.55,806.55
"DEFLETOR 75264113",0,1,PERDEU," ",1011.92,1011.92
"RADIADOR DAGUA 75264112",0,1,PERDEU," ",3573.45,3573.45
"MANGUEIRA RADIADOR SUPERIOR 75262868",0,4,PERDEU," ",291.24,72.81
"MANGUEIRA RADIADOR INFERIOR 75262869",0,4,PERDEU," ",261.4,65.35
"RESERVATORIO DAGUA 131084A2",0,2,PERDEU," ",550.76,275.38
"HÉLICE 75264466",0,2,PERDEU," ",481.68,240.84
"ANEL O 75287880",0,8,PERDEU," ",67.2,8.4
"BOMBA DAGUA 71100619",0,4,PERDEU," ",1000.72,250.18
"TERMOSTATO 71101603",0,4,PERDEU," ",358.48,89.62
"RETENTOR 75287885",0,8,PERDEU," ",246.48,30.81
"POLIA 75310005",0,2,PERDEU," ",345.4,172.7
"TENSOR 75286363",0,2,PERDEU," ",425.68,212.84
"CORREIA 75206859",0,8,PERDEU," ",507.84,63.48
"RETENTOR 85824343",0,8,PERDEU," ",418.24,52.28
"BUCHA 9967678",0,8,PERDEU," ",522.8,65.35
"ARRUELA 9967679",0,10,PERDEU," ",84,8.4
"ARRUELA 9968006",0,10,PERDEU," ",681.5,68.15
"ESPAÇADOR 9968010",0,4,PERDEU," ",425.68,106.42
"ANEL 9968008",0,10,PERDEU," ",56,5.6
"LUVA 9968007",0,2,PERDEU," ",177.36,88.68
"BARRA DIREÇAO CONJUNTO 85805974",0,4,PERDEU," ",963.36,240.84
"TIRANTE 85805975",0,8,PERDEU," ",926,115.75
"TERMINAL 85805977",0,8,PERDEU," ",858.8,107.35
"EIXO CARDÃ TRANSMISSÃO 85820155",0,2,PERDEU," ",2365.5,1182.75
"FLANGE 85820157",0,2,PERDEU," ",513.42,256.71
"CRUZETA 9968410",0,8,PERDEU," ",336.08,42.01
"ABRAÇADEIRA 85801574",0,12,PERDEU," ",89.64,7.47
"PARAFUSO 85801575",0,12,PERDEU," ",67.2,5.6
"ARRUELA 9967990",0,10,PERDEU," ",270.7,27.07
"LUVA 9967992",0,3,PERDEU," ",277.26,92.42
"ESPAÇADOR 9967993",0,2,PERDEU," ",210.04,105.02
"ARRUELA 9967994",0,4,PERDEU," ",304.32,76.08
"RESPIRO 9967672",0,2,PERDEU," ",70.94,35.47
"ARRUELA 9967673",0,10,PERDEU," ",126,12.6
"BUCHA 85824469",0,10,PERDEU," ",382.7,38.27
"BUCHA 85805969",0,10,PERDEU," ",294.1,29.41
"KIT ENGRENAGENS 85806004",0,2,PERDEU," ",2365.5,1182.75
"SEMI EIXO COMPLETO 85805993",0,2,PERDEU," ",2190,1095
"SEMI EIXO LONGO 85827069",0,4,PERDEU," ",1642.96,410.74
"SEMI EIXO CURTO 85805977",0,4,PERDEU," ",840.16,210.04
"CRUZETA 85805996",0,10,PERDEU," ",364.1,36.41
"FORQUILHA 85827070",0,2,PERDEU," ",459.28,229.64
"ARRUELA 85817697",0,10,PERDEU," ",74.7,7.47
"ARRUELA 85805999",0,10,PERDEU," ",74.7,7.47
"ANEL TRAVA 85806000",0,20,PERDEU," ",74.6,3.73
"RETENTOR 85827067",0,4,PERDEU," ",440.6,110.15
"PIVO SUPERIOR 85805980",0,3,PERDEU," ",442.47,147.49
"PIVO INFERIOR 85805983",0,3,PERDEU," ",442.47,147.49
"BUCHA 85805988",0,4,PERDEU," ",104.56,26.14
"RETENTOR 85824345",0,8,PERDEU," ",209.12,26.14
"COROA E PINHÃO 85813060",0,1,PERDEU," ",1530.01,1530.01
"ROLAMENTO 9968047",0,4,PERDEU," ",496.64,124.16
"FLANGE 9968049",0,2,PERDEU," ",588.1,294.05
"RETENTOR 85824346",0,2,PERDEU," ",95.22,47.61
"CHAPA 85806016",0,4,PERDEU," ",56,14
"RETENTOR RODA TRASEIRA 81866390",0,6,PERDEU," ",504.12,84.02
"ROLAMENTO 81818397",0,6,PERDEU," ",448.08,74.68
"PARAFUSO 86539458",0,24,PERDEU," ",112.08,4.67
"DISCO 47123297",0,20,PERDEU," ",896.2,44.81
"DISCO 81874478",0,20,PERDEU," ",933.6,46.68
"ANEL 81875252",0,8,PERDEU," ",283.76,35.47
"ANEL 81875253",0,8,PERDEU," ",59.76,7.47
"EIXO 81803334",0,2,PERDEU," ",1340.52,670.26
"CONE 81803413",0,4,PERDEU," ",1034.32,258.58
"ROLAMENTO 85806002",0,8,PERDEU," ",1254.64,156.83
"CUBO DE RODA 85806003",0,2,PERDEU," ",659.06,329.53
"PRISIONEIRO 9968070",0,50,PERDEU," ",233.5,4.67
"PORCA 9968071",0,50,PERDEU," ",140,2.8
"ANEL O 85805711",0,10,PERDEU," ",37.3,3.73
"ANEL TRAVA 85806006",0,20,PERDEU," ",74.6,3.73
"ENGRENAGEM 85817698",0,4,PERDEU," ",858.84,214.71
"ENGRENAGEM 85806008",0,4,PERDEU," ",1351.72,337.93
"BUCHA 85806009",0,24,PERDEU," ",448.08,18.67
"PARAFUSO 85806010",0,24,PERDEU," ",112.08,4.67
"PORTA SATELITE 85806011",0,2,PERDEU," ",1127.68,563.84
"PINO 9968074",0,8,PERDEU," ",522.8,65.35
"ENGRENAGEM 85806014",0,12,PERDEU," ",974.52,81.21
"ARRUELA 9968084",0,12,PERDEU," ",67.2,5.6
"CAPA 81803420",0,4,PERDEU," ",451.8,112.95
"CAPA 80510892",0,4,PERDEU," ",563.84,140.96
"CONE 80510884",0,4,PERDEU," ",907.36,226.84
"COROA E PINHÃO 83958890",0,1,PERDEU," ",2374.83,2374.83
"ROLAMENTO 81824478",0,2,PERDEU," ",229.64,114.82
"FLANGE 83949810",0,2,PERDEU," ",69.08,34.54
"RETENTOR 81834073",0,8,PERDEU," ",350.96,43.87
"RESERVATORIO DE FREIO 82003369",0,2,PERDEU," ",466.76,233.38
"TAMPA DO RESERVATORIO 85806176",0,2,PERDEU," ",141.9,70.95
"CILINDRO MESTRE 85805257",0,4,PERDEU," ",679.6,169.9
"CABO DE FREIO MAO 85804646",0,4,PERDEU," ",664.64,166.16
"COIFA 85813132",0,2,PERDEU," ",287.52,143.76
"CABO TRAVA 85819629",0,2,PERDEU," ",570.38,285.19
"TERMINAL 85819477",0,8,PERDEU," ",141.92,17.74
"BUCHA 85700728",0,4,PERDEU," ",339.8,84.95
"BUCHA 85801110",0,4,PERDEU," ",212.84,53.21
"RETENTOR 81875248",0,8,PERDEU," ",67.2,8.4
"BUCHA 83910645",0,4,PERDEU," ",238.96,59.74
"BUCHA 85803196",0,4,PERDEU," ",160.56,40.14
"ARRUELA 70930370",0,16,PERDEU," ",7.52,0.47
"BUCHA 85801029",0,8,PERDEU," ",276.32,34.54
"RETENTOR 85801025",0,8,PERDEU," ",52.24,6.53
"BUCHA 85803197",0,4,PERDEU," ",134.44,33.61
"BUCHA 85803193",0,8,PERDEU," ",358.48,44.81
"PINO 85803192",0,4,PERDEU," ",285.64,71.41
"ANEL 11066276",0,8,PERDEU," ",22.4,2.8
"ARRUELA 70928844",0,4,PERDEU," ",14.92,3.73
"PINO 85801076",0,2,PERDEU," ",328.6,164.3
"PINO 85803194",0,4,PERDEU," ",179.24,44.81
"PINO 85801026",0,2,PERDEU," ",298.72,149.36
"ARRUELA 49581226",0,30,PERDEU," ",56.1,1.87
"ANE L TRAVA 81911019",0,12,PERDEU," ",22.44,1.87
"GRAXEIRA 70914465",0,20,PERDEU," ",18.6,0.93
"PINO 85801079",0,2,PERDEU," ",418.2,209.1
"ANEL TRAVA 85803198",0,6,PERDEU," ",11.22,1.87
"ANEL TRAVA 85803195",0,6,PERDEU," ",11.22,1.87
"PINO 85802872",0,4,PERDEU," ",332.32,83.08
"PINO 85801262",0,4,PERDEU," ",429.4,107.35
"PINO 83911000",0,4,PERDEU," ",698.28,174.57
"PINO 83999466",0,4,PERDEU," ",212.84,53.21
"PINO 85802993",0,4,PERDEU," ",48.56,12.14
"DIREÇÃO HIDRAULICA 85805624",0,2,PERDEU," ",5565.56,2782.78
"COIFA 85801976",0,2,PERDEU," ",173.64,86.82
"ARO 75260236",0,2,PERDEU," ",851.36,425.68
"BUCHA 81901809",0,8,PERDEU," ",201.6,25.2
"PINO 85801056",0,4,PERDEU," ",169.88,42.47
"BUCHA 81901896",0,8,PERDEU," ",291.28,36.41
"PINO 85801087",0,2,PERDEU," ",1138.88,569.44
"BUCHA 83902710",0,8,PERDEU," ",149.36,18.67
"BUCHA 75248202",0,8,PERDEU," ",149.36,18.67
"PINO 85815607",0,2,PERDEU," ",461.16,230.58
"PINO 85815698",0,2,PERDEU," ",446.22,223.11
"BUCHA 83910557",0,4,PERDEU," ",291.24,72.81
"BUCHA 83910546",0,4,PERDEU," ",261.4,65.35
"RASPADOR 83931281",0,8,PERDEU," ",59.76,7.47
"BUCHA 83910548",0,8,PERDEU," ",560.08,70.01
"RETENTOR 83931289",0,8,PERDEU," ",52.24,6.53
"PINO 85803005",0,2,PERDEU," ",343.52,171.76
"PINO 85803002",0,4,PERDEU," ",537.68,134.42
"PINO 85815517",0,2,PERDEU," ",278.18,139.09
"PINO 85813469",0,2,PERDEU," ",259.52,129.76
"BUCHA 83910977",0,8,PERDEU," ",82.16,10.27
"BUCHA 83910634",0,8,PERDEU," ",448.08,56.01
"CABO SAPATA 85813104",0,4,PERDEU," ",802.8,200.7
"BOMBA HIDRAULICA 85818997",0,1,PERDEU," ",3368.08,3368.08
"CILNDRO CAÇAMBA DIANTEIRA 87315521",0,1,PERDEU," ",1574.82,1574.82
"HASTE CILINDRO CAÇAMBA 83962811",0,2,PERDEU," ",1099.66,549.83
"CAMISA CILINDRO LEVANTE 85800105",0,2,PERDEU," ",1702.72,851.36
"HASTE CILINDRO LEVANTE 85800103",0,2,PERDEU," ",1092.2,546.1
"JG REPARO CILINDRO LEVANTE 87428628",0,4,PERDEU," ",224.04,56.01
"CILINDRO DA SAPATA 87315528",0,2,PERDEU," ",2946.14,1473.07
"HASTE DA SAPATA 85800603",0,2,PERDEU," ",1381.58,690.79
"EMBOLO 87404259",0,2,PERDEU," ",278.18,139.09
"PORCA 87414507",0,2,PERDEU," ",186.7,93.35
"CILINDRO DE PENETRAÇÃO 87315531",0,1,PERDEU," ",1813.8,1813.8
"TUBO J903523",0,4,PERDEU," ",283.8,70.95
"TUBO J903522",0,4,PERDEU," ",283.8,70.95
"TUBO J903525",0,4,PERDEU," ",283.8,70.95
"TUBO J903524",0,4,PERDEU," ",283.8,70.95
"BOMBA ALIMENTADORA 71100951",0,3,PERDEU," ",593.7,197.9
"JUNTA 75285747",0,8,PERDEU," ",44.8,5.6
"BOMBA INJETORA 71101716",0,1,PERDEU," ",5208.95,5208.95
"ENGRENAGEM BOMBA INJETORA 71100949",0,1,PERDEU," ",654.39,654.39
"VALVULA SOLENOIDE E158792",0,3,PERDEU," ",256.26,85.42
"TURBINA 71101613",0,2,PERDEU," ",4690.86,2345.43
"MAO DE OBRA MECANICA",0,400,PERDEU," ",41076,102.69
"COIFA 85801976",0,2,PERDEU," ",170.16,85.08
"ARO 75260236",0,2,PERDEU," ",1405.98,702.99
"BUCHA 81901809",0,8,PERDEU," ",208.32,26.04
"PINO 85801056",0,4,PERDEU," ",171.08,42.77
"BUCHA 81901896",0,8,PERDEU," ",290.16,36.27
"PINO 85801087",0,2,PERDEU," ",1177.22,588.61
"BUCHA 83902710",0,8,PERDEU," ",171.12,21.39
"BUCHA 75248202",0,8,PERDEU," ",167.36,20.92
"PINO 85815607",0,2,PERDEU," ",485.4,242.7
"PINO 85815698",0,2,PERDEU," ",440.76,220.38
"BUCHA 83910557",0,4,PERDEU," ",282.68,70.67
"BUCHA 83910546",0,4,PERDEU," ",267.8,66.95
"COXIM 117846A1",0,8,PERDEU," ",215.76,26.97
"JUNTA CABEÇOTE J283569",0,2,PERDEU," ",371.96,185.98
"PARAFUSO 75287967",0,4,PERDEU," ",33.48,8.37
"ANEL 71100640",0,8,PERDEU," ",66.96,8.37
"JUNTA DA TAMPA 75287966",0,16,PERDEU," ",178.56,11.16
"JUNTA DA TAMPA LATERAL J283767",0,4,PERDEU," ",29.76,7.44
"JUNTA DA TAMPA COLETOR J938153",0,4,PERDEU," ",26.04,6.51
"VARETA NIVEL OLEO MOTOR J357056",0,2,PERDEU," ",291.98,145.99
"ANEL O 75287869",0,4,PERDEU," ",14.88,3.72
"TAMPA 75208372",0,2,PERDEU," ",373.82,186.91
"JUNTA CARTER J938162",0,2,PERDEU," ",96.7,48.35
"RETENTOR 71100956",0,2,PERDEU," ",98.56,49.28
"ANEL O 75208192",0,2,PERDEU," ",13.02,6.51
"ANEL O 75206842",0,4,PERDEU," ",11.16,2.79
"RETENTOR 75285215",0,2,PERDEU," ",397.98,198.99
"JUNTA 71100941",0,2,PERDEU," ",22.32,11.16
"RETENTOR 75208188",0,2,PERDEU," ",135.76,67.88
"RETENTOR 75286656",0,2,PERDEU," ",167.38,83.69
"CREMALHEIRA 75208365",0,2,PERDEU," ",394.26,197.13
"PARAFUSO 75208362",0,16,PERDEU," ",59.52,3.72
"POLIA J914494",0,2,PERDEU," ",275.24,137.62
"CABO ACELERADOR 85826303",0,2,PERDEU," ",225.04,112.52
"MANGUEIRA FILTRO DE AR 75263269",0,2,PERDEU," ",311.5,155.75
"TUBO J903523",0,2,PERDEU," ",138.56,69.28
"TUBO J903522",0,2,PERDEU," ",138.56,69.28
"TUBO J903525",0,2,PERDEU," ",138.56,69.28
"TUBO J903524",0,2,PERDEU," ",138.56,69.28
"BOMBA ALIMENTADORA 71100951",0,2,PERDEU," ",391.48,195.74
"JUNTA 75285747",0,4,PERDEU," ",18.6,4.65
"BOMBA INJETORA 71101716",0,1,PERDEU," ",5025.99,5025.99
"ENGRENAGEM BOMBA INJETORA 71100949",0,1,PERDEU," ",632.32,632.32
"VALVULA SOLENOIDE E158792",0,2,PERDEU," ",169.24,84.62
"TURBINA 71101613",0,1,PERDEU," ",1565.91,1565.91
"JUNTA 75287863",0,4,PERDEU," ",29.76,7.44
"TUBO DE LUBRIFICAÇÃO 71101615",0,1,PERDEU," ",331.97,331.97
"COLETOR ESCAPE J901919",0,1,PERDEU," ",765.29,765.29
"JUNTA COLETOR 75287974",0,8,PERDEU," ",66.96,8.37
"PARAFUSO 75287975",0,8,PERDEU," ",37.2,4.65
"TUBO DE SAÍDA 392301A1",0,2,PERDEU," ",146.92,73.46
"SILENCIOSO 87348962",0,2,PERDEU," ",1095.4,547.7
"BOMBA DE ÓLEO J937027",0,2,PERDEU," ",909.42,454.71
"PARAFUSO 75208384",0,8,PERDEU," ",29.76,3.72
"JUNTA TROCADOR 75287942",0,2,PERDEU," ",53.94,26.97
"JUNTA TROCADOR 75287945",0,2,PERDEU," ",53.94,26.97
"TROCADOR DE CALOR 71101711",0,1,PERDEU," ",751.81,751.81
"DEFLETOR 75264113",0,1,PERDEU," ",969.86,969.86
"RADIADOR DAGUA 75264112",0,1,PERDEU," ",3398.24,3398.24
"MANGUEIRA RADIADOR SUPERIOR 75262868",0,4,PERDEU," ",262.24,65.56
"MANGUEIRA RADIADOR INFERIOR 75262869",0,4,PERDEU," ",269.68,67.42
"RESERVATORIO DAGUA 131084A2",0,2,PERDEU," ",530.96,265.48
"HÉLICE 75264466",0,2,PERDEU," ",487.26,243.63
"ANEL O 75287880",0,4,PERDEU," ",33.48,8.37
"BOMBA DAGUA 71100619",0,4,PERDEU," ",948.48,237.12
"TERMOSTATO 71101603",0,2,PERDEU," ",169.24,84.62
"RETENTOR 75287885",0,4,PERDEU," ",122.76,30.69
"POLIA 75310005",0,2,PERDEU," ",331.96,165.98
"TENSOR 75286363",0,2,PERDEU," ",438.9,219.45
"CORREIA 75206859",0,6,PERDEU," ",368.22,61.37
"BOMBA TRANSMISSÃO 9968311",0,2,PERDEU," ",816.44,408.22
"ROLAMENTO 9968268",0,4,PERDEU," ",394.28,98.57
"ENGRENAGEM  9968281",0,1,PERDEU," ",755.99,755.99
"EIXO 9968347",0,1,PERDEU," ",1046.11,1046.11
"DISCO 9968290",0,18,PERDEU," ",652.86,36.27
"DISCO 9968289",0,18,PERDEU," ",451.98,25.11
"ROLAMENTO 9968304",0,4,PERDEU," ",239.92,59.98
"EMBOLO 9968294",0,2,PERDEU," ",648.12,324.06
"HASTE NIVEL OLEO TRANSMISSÃO 87408557",0,2,PERDEU," ",211.08,105.54
"COIFA 85805847",0,2,PERDEU," ",136.7,68.35
"EIXO CARDÃ TRANSMISSÃO 85820155",0,2,PERDEU," ",2196.38,1098.19
"FLANGE 85820157",0,2,PERDEU," ",476.1,238.05
"CRUZETA 9968410",0,8,PERDEU," ",319.84,39.98
"ABRAÇADEIRA 85801574",0,12,PERDEU," ",66.96,5.58
"PARAFUSO 85801575",0,12,PERDEU," ",44.64,3.72
"ARRUELA 9967990",0,8,PERDEU," ",208.32,26.04
"LUVA 9967992",0,2,PERDEU," ",191.56,95.78
"ESPAÇADOR 9967993",0,2,PERDEU," ",198.06,99.03
"ARRUELA 9967994",0,4,PERDEU," ",284.56,71.14
"RESPIRO 9967672",0,2,PERDEU," ",66.02,33.01
"ARRUELA 9967673",0,8,PERDEU," ",89.28,11.16
"BUCHA 85824469",0,8,PERDEU," ",290.16,36.27
"BUCHA 85805969",0,8,PERDEU," ",215.76,26.97
"RETENTOR 85824343",0,8,PERDEU," ",390.56,48.82
"BUCHA 9967678",0,8,PERDEU," ",531.92,66.49
"ARRUELA 9967679",0,8,PERDEU," ",74.4,9.3
"ARRUELA 9968006",0,4,PERDEU," ",267.8,66.95
"ESPAÇADOR 9968010",0,2,PERDEU," ",206.44,103.22
"ANEL 9968008",0,4,PERDEU," ",22.32,5.58
"LUVA 9968007",0,2,PERDEU," ",173.88,86.94
"BARRA DIREÇAO CONJUNTO 85805974",0,4,PERDEU," ",963.36,240.84
"TIRANTE 85805975",0,8,PERDEU," ",892.72,111.59
"TERMINAL 85805977",0,8,PERDEU," ",807.12,100.89
"PIVO SUPERIOR 85805980",0,2,PERDEU," ",276.18,138.09
"PIVO INFERIOR 85805983",0,2,PERDEU," ",276.18,138.09
"BUCHA 85805988",0,4,PERDEU," ",104.16,26.04
"RETENTOR 85824345",0,8,PERDEU," ",200.88,25.11
"COROA E PINHÃO 85813060",0,1,PERDEU," ",1478.51,1478.51
"ROLAMENTO 9968047",0,4,PERDEU," ",494.68,123.67
"FLANGE 9968049",0,2,PERDEU," ",537.46,268.73
"RETENTOR 85824346",0,2,PERDEU," ",92.06,46.03
"KIT ENGRENAGENS 85806004",0,1,PERDEU," ",1060.06,1060.06
"SEMI EIXO COMPLETO 85805993",0,2,PERDEU," ",2019.7,1009.85
"SEMI EIXO LONGO 85827069",0,4,PERDEU," ",1601.24,400.31
"SEMI EIXO CURTO 85805977",0,4,PERDEU," ",818.28,204.57
"CRUZETA 85805996",0,8,PERDEU," ",286.4,35.8
"FORQUILHA 85827070",0,2,PERDEU," ",463.08,231.54
"ARRUELA 85817697",0,8,PERDEU," ",59.52,7.44
"ARRUELA 85805999",0,8,PERDEU," ",59.52,7.44
"ANEL TRAVA 85806000",0,8,PERDEU," ",29.76,3.72
"RETENTOR 85827067",0,4,PERDEU," ",422.16,105.54
"ROLAMENTO 85806002",0,8,PERDEU," ",1238.56,154.82
"CUBO DE RODA 85806003",0,2,PERDEU," ",625.8,312.9
"PRISIONEIRO 9968070",0,32,PERDEU," ",148.8,4.65
"PORCA 9968071",0,32,PERDEU," ",89.28,2.79
"ANEL O 85805711",0,8,PERDEU," ",29.76,3.72
"ANEL TRAVA 85806006",0,8,PERDEU," ",29.76,3.72
"ENGRENAGEM 85817698",0,4,PERDEU," ",799.68,199.92
"ENGRENAGEM 85806008",0,4,PERDEU," ",1272.08,318.02
"BUCHA 85806009",0,24,PERDEU," ",424.08,17.67
"PARAFUSO 85806010",0,24,PERDEU," ",89.28,3.72
"PORTA SATELITE 85806011",0,2,PERDEU," ",1141.88,570.94
"PINO 9968074",0,6,PERDEU," ",390.54,65.09
"ENGRENAGEM 85806014",0,12,PERDEU," ",954,79.5
"ARRUELA 9968084",0,12,PERDEU," ",66.96,5.58
"CHAPA 85806016",0,4,PERDEU," ",59.52,14.88
"RETENTOR RODA TRASEIRA 81866390",0,4,PERDEU," ",351.48,87.87
"ROLAMENTO 81818397",0,4,PERDEU," ",306.84,76.71
"PARAFUSO 86539458",0,24,PERDEU," ",111.6,4.65
"DISCO 47123297",0,16,PERDEU," ",728.96,45.56
"DISCO 81874478",0,16,PERDEU," ",714.08,44.63
"ANEL 81875252",0,8,PERDEU," ",260.4,32.55
"ANEL 81875253",0,8,PERDEU," ",52.08,6.51
"EIXO 81803334",0,2,PERDEU," ",1337.16,668.58
"CONE 81803413",0,2,PERDEU," ",504,252
"CAPA 81803420",0,2,PERDEU," ",221.32,110.66
"CAPA 80510892",0,2,PERDEU," ",269.66,134.83
"CONE 80510884",0,2,PERDEU," ",464.94,232.47
"COROA E PINHÃO 83958890",0,1,PERDEU," ",2405.59,2405.59
"ROLAMENTO 81824478",0,2,PERDEU," ",229.68,114.84
"FLANGE 83949810",0,2,PERDEU," ",71.6,35.8
"RETENTOR 81834073",0,4,PERDEU," ",172.96,43.24
"RESERVATORIO DE FREIO 82003369",0,2,PERDEU," ",437.98,218.99
"TAMPA DO RESERVATORIO 85806176",0,2,PERDEU," ",141.34,70.67
"CILINDRO MESTRE 85805257",0,4,PERDEU," ",675.08,168.77
"CABO DE FREIO MAO 85804646",0,2,PERDEU," ",330.1,165.05
"COIFA 85813132",0,2,PERDEU," ",280.82,140.41
"CABO TRAVA 85819629",0,2,PERDEU," ",574.66,287.33
"TERMINAL 85819477",0,6,PERDEU," ",100.44,16.74
"BUCHA 85700728",0,4,PERDEU," ",321.72,80.43
"BUCHA 85801110",0,4,PERDEU," ",206.44,51.61
"RETENTOR 81875248",0,8,PERDEU," ",59.52,7.44
"BUCHA 83910645",0,4,PERDEU," ",232.48,58.12
"BUCHA 85803196",0,4,PERDEU," ",158.08,39.52
"ARRUELA 70930370",0,16,PERDEU," ",7.36,0.46
"BUCHA 85801029",0,8,PERDEU," ",275.28,34.41
"RETENTOR 85801025",0,8,PERDEU," ",52.08,6.51
"BUCHA 85803197",0,4,PERDEU," ",133.92,33.48
"BUCHA 85803193",0,8,PERDEU," ",345.92,43.24
"PINO 85803192",0,4,PERDEU," ",278.96,69.74
"ANEL 11066276",0,8,PERDEU," ",22.32,2.79
"ARRUELA 70928844",0,4,PERDEU," ",14.88,3.72
"PINO 85801076",0,2,PERDEU," ",305,152.5
"PINO 85803194",0,4,PERDEU," ",172.96,43.24
"PINO 85801026",0,2,PERDEU," ",277.1,138.55
"ARRUELA 49581226",0,30,PERDEU," ",55.8,1.86
"ANE L TRAVA 81911019",0,12,PERDEU," ",22.32,1.86
"GRAXEIRA 70914465",0,20,PERDEU," ",18.6,0.93
"PINO 85801079",0,2,PERDEU," ",416.58,208.29
"ANEL TRAVA 85803198",0,6,PERDEU," ",11.16,1.86
"ANEL TRAVA 85803195",0,6,PERDEU," ",11.16,1.86
"PINO 85802872",0,4,PERDEU," ",305,76.25
"PINO 85801262",0,4,PERDEU," ",409.16,102.29
"PINO 83911000",0,4,PERDEU," ",669.52,167.38
"PINO 83999466",0,4,PERDEU," ",195.28,48.82
"PINO 85802993",0,4,PERDEU," ",44.64,11.16
"DIREÇÃO HIDRAULICA 85805624",0,2,PERDEU," ",5499.3,2749.65
"HASTE 87425131",0,2,PERDEU," ",1330.66,665.33
"CILINDRO DA LANÇA 87315535",0,1,PERDEU," ",1601.25,1601.25
"MOTOR ARRANQUE 86982709",0,2,PERDEU," ",4409.48,2204.74
"ALTERNADOR 87408388",0,2,PERDEU," ",2231.7,1115.85
"FAROL 85819200",0,4,PERDEU," ",318,79.5
"MOTOR LIMPADOR 85806097",0,1,PERDEU," ",857.81,857.81
"PALHETA LIMPADOR 85819827",0,4,PERDEU," ",420.32,105.08
"RESERVATORIO 71100548",0,2,PERDEU," ",573.74,286.87
"TAMPA 71102878",0,2,PERDEU," ",123.68,61.84
"ALAVANCA 85801938",0,2,PERDEU," ",1282.3,641.15
"RASPADOR 83931281",0,8,PERDEU," ",59.52,7.44
"BUCHA 83910548",0,8,PERDEU," ",557.92,69.74
"RETENTOR 83931289",0,8,PERDEU," ",52.08,6.51
"PINO 85803005",0,2,PERDEU," ",341.26,170.63
"PINO 85803002",0,4,PERDEU," ",526.32,131.58
"PINO 85815517",0,2,PERDEU," ",292.92,146.46
"PINO 85813469",0,2,PERDEU," ",259.44,129.72
"BUCHA 83910977",0,8,PERDEU," ",85.52,10.69
"BUCHA 83910634",0,8,PERDEU," ",427.76,53.47
"CABO SAPATA 85813104",0,2,PERDEU," ",404.5,202.25
"BOMBA HIDRAULICA 85818997",0,1,PERDEU," ",3256.43,3256.43
"CILNDRO CAÇAMBA DIANTEIRA 87315521",0,1,PERDEU," ",1581.26,1581.26
"HASTE CILINDRO CAÇAMBA 83962811",0,2,PERDEU," ",1107.48,553.74
"CAMISA CILINDRO LEVANTE 85800105",0,2,PERDEU," ",1631.94,815.97
"HASTE CILINDRO LEVANTE 85800103",0,2,PERDEU," ",1060.06,530.03
"JG REPARO CILINDRO LEVANTE 87428628",0,4,PERDEU," ",217.6,54.4
"CILINDRO DA SAPATA 87315528",0,1,PERDEU," ",1380.87,1380.87
"HASTE DA SAPATA 85800603",0,2,PERDEU," ",1318.56,659.28
"EMBOLO 87404259",0,2,PERDEU," ",270.6,135.3
"PORCA 87414507",0,2,PERDEU," ",182.26,91.13
"CILINDRO DE PENETRAÇÃO 87315531",0,1,PERDEU," ",1802.1,1802.1
"HASTE 87425131",0,2,PERDEU," ",1325.08,662.54
"CILINDRO DA LANÇA 87315535",0,1,PERDEU," ",1601.71,1601.71
"MOTOR ARRANQUE 86982709",0,2,PERDEU," ",4116.56,2058.28
"ALTERNADOR 87408388",0,2,PERDEU," ",2113.62,1056.81
"FAROL 85819200",0,4,PERDEU," ",305,76.25
"MOTOR LIMPADOR 85806097",0,1,PERDEU," ",825.27,825.27
"PALHETA LIMPADOR 85819827",0,4,PERDEU," ",396.12,99.03
"RESERVATORIO 71100548",0,2,PERDEU," ",538.4,269.2
"TAMPA 71102878",0,2,PERDEU," ",110.66,55.33
"ALAVANCA 85801938",0,2,PERDEU," ",1193.04,596.52
"MAO DE OBRA MECANICA",0,400,PERDEU," ",39428,98.57
"RETENTOR 75286656",0,3,PERDEU," ",253.86,84.62
"CREMALHEIRA 75208365",0,3,PERDEU," ",616.5,205.5
"PARAFUSO 75208362",0,24,PERDEU," ",89.28,3.72
"POLIA J914494",0,3,PERDEU," ",415.65,138.55
"CABO ACELERADOR 85826303",0,3,PERDEU," ",359.85,119.95
"COXIM 117846A1",0,12,PERDEU," ",325.92,27.16
"JUNTA CABEÇOTE J283569",0,3,PERDEU," ",547.95,182.65
"PARAFUSO 75287967",0,4,PERDEU," ",33.72,8.43
"ANEL 71100640",0,8,PERDEU," ",67.44,8.43
"JUNTA DA TAMPA 75287966",0,24,PERDEU," ",224.88,9.37
"JUNTA DA TAMPA LATERAL J283767",0,6,PERDEU," ",44.94,7.49
"JUNTA DA TAMPA COLETOR J938153",0,6,PERDEU," ",33.72,5.62
"VARETA NIVEL OLEO MOTOR J357056",0,3,PERDEU," ",428.55,142.85
"ANEL O 75287869",0,6,PERDEU," ",22.5,3.75
"TAMPA 75208372",0,3,PERDEU," ",570.45,190.15
"JUNTA CARTER J938162",0,3,PERDEU," ",147.54,49.18
"RETENTOR 71100956",0,3,PERDEU," ",150.33,50.11
"ANEL O 75208192",0,6,PERDEU," ",44.94,7.49
"ANEL O 75206842",0,6,PERDEU," ",16.86,2.81
"RETENTOR 75285215",0,3,PERDEU," ",606.99,202.33
"JUNTA 71100941",0,3,PERDEU," ",37.95,12.65
"RETENTOR 75208188",0,3,PERDEU," ",203.73,67.91
"MANGUEIRA FILTRO DE AR 75263269",0,3,PERDEU," ",465.06,155.02
"TUBO J903523",0,3,PERDEU," ",198.12,66.04
"TUBO J903522",0,3,PERDEU," ",198.12,66.04
"TUBO J903525",0,3,PERDEU," ",198.12,66.04
"TUBO J903524",0,3,PERDEU," ",198.12,66.04
"BOMBA ALIMENTADORA 71100951",0,4,PERDEU," ",846.76,211.69
"JUNTA 75285747",0,6,PERDEU," ",33.72,5.62
"BOMBA INJETORA 71101716",0,3,PERDEU," ",14092.53,4697.51
"ENGRENAGEM BOMBA INJETORA 71100949",0,3,PERDEU," ",1919.28,639.76
"VALVULA SOLENOIDE E158792",0,3,PERDEU," ",268.35,89.45
"TURBINA 71101613",0,3,PERDEU," ",6006.54,2002.18
"JUNTA 75287863",0,6,PERDEU," ",44.94,7.49
"TUBO DE LUBRIFICAÇÃO 71101615",0,3,PERDEU," ",1006.02,335.34
"COLETOR ESCAPE J901919",0,3,PERDEU," ",2374.5,791.5
"JUNTA COLETOR 75287974",0,12,PERDEU," ",101.16,8.43
"PARAFUSO 75287975",0,12,PERDEU," ",67.44,5.62
"TUBO DE SAÍDA 392301A1",0,3,PERDEU," ",238.86,79.62
"SILENCIOSO 87348962",0,3,PERDEU," ",1715.55,571.85
"BOMBA DE ÓLEO J937027",0,3,PERDEU," ",1378.35,459.45
"PARAFUSO 75208384",0,12,PERDEU," ",45,3.75
"JUNTA TROCADOR 75287942",0,6,PERDEU," ",174.24,29.04
"JUNTA TROCADOR 75287945",0,6,PERDEU," ",174.24,29.04
"TROCADOR DE CALOR 71101711",0,3,PERDEU," ",2411.04,803.68
"DEFLETOR 75264113",0,3,PERDEU," ",2987.1,995.7
"RADIADOR DAGUA 75264112",0,3,PERDEU," ",9954.69,3318.23
"MANGUEIRA RADIADOR SUPERIOR 75262868",0,6,PERDEU," ",438.36,73.06
"MANGUEIRA RADIADOR INFERIOR 75262869",0,6,PERDEU," ",432.78,72.13
"RESERVATORIO DAGUA 131084A2",0,3,PERDEU," ",820.53,273.51
"HÉLICE 75264466",0,3,PERDEU," ",716.58,238.86
"ANEL O 75287880",0,6,PERDEU," ",50.58,8.43
"BOMBA DAGUA 71100619",0,6,PERDEU," ",1562.4,260.4
"TERMOSTATO 71101603",0,3,PERDEU," ",269.76,89.92
"RETENTOR 75287885",0,6,PERDEU," ",168.6,28.1
"POLIA 75310005",0,3,PERDEU," ",522.66,174.22
"TENSOR 75286363",0,3,PERDEU," ",643.5,214.5
"CORREIA 75206859",0,6,PERDEU," ",382.2,63.7
"BOMBA TRANSMISSÃO 9968311",0,3,PERDEU," ",1312.32,437.44
"ROLAMENTO 9968268",0,4,PERDEU," ",408.4,102.1
"ENGRENAGEM  9968281",0,3,PERDEU," ",2307.06,769.02
"EIXO 9968347",0,3,PERDEU," ",3279.36,1093.12
"DISCO 9968290",0,30,PERDEU," ",1124.1,37.47
"DISCO 9968289",0,30,PERDEU," ",814.8,27.16
"ROLAMENTO 9968304",0,4,PERDEU," ",247.28,61.82
"EMBOLO 9968294",0,3,PERDEU," ",1031.31,343.77
"HASTE NIVEL OLEO TRANSMISSÃO 87408557",0,3,PERDEU," ",323.16,107.72
"COIFA 85805847",0,3,PERDEU," ",216.39,72.13
"EIXO CARDÃ TRANSMISSÃO 85820155",0,3,PERDEU," ",3703.68,1234.56
"FLANGE 85820157",0,3,PERDEU," ",798.06,266.02
"CRUZETA 9968410",0,8,PERDEU," ",344.72,43.09
"ABRAÇADEIRA 85801574",0,12,PERDEU," ",78.72,6.56
"PARAFUSO 85801575",0,12,PERDEU," ",56.16,4.68
"ARRUELA 9967990",0,8,PERDEU," ",217.28,27.16
"LUVA 9967992",0,3,PERDEU," ",295.05,98.35
"ESPAÇADOR 9967993",0,3,PERDEU," ",313.32,104.44
"ARRUELA 9967994",0,6,PERDEU," ",452.4,75.4
"RESPIRO 9967672",0,3,PERDEU," ",105.39,35.13
"ARRUELA 9967673",0,12,PERDEU," ",134.88,11.24
"BUCHA 85824469",0,12,PERDEU," ",472.08,39.34
"BUCHA 85805969",0,12,PERDEU," ",348.48,29.04
"RETENTOR 85824343",0,8,PERDEU," ",423.36,52.92
"BUCHA 9967678",0,12,PERDEU," ",848.64,70.72
"ARRUELA 9967679",0,12,PERDEU," ",112.44,9.37
"ARRUELA 9968006",0,6,PERDEU," ",444,74
"ESPAÇADOR 9968010",0,3,PERDEU," ",303.48,101.16
"ANEL 9968008",0,6,PERDEU," ",28.08,4.68
"LUVA 9968007",0,3,PERDEU," ",255.72,85.24
"BARRA DIREÇAO CONJUNTO 85805974",0,6,PERDEU," ",1528.68,254.78
"TIRANTE 85805975",0,10,PERDEU," ",1002.3,100.23
"TERMINAL 85805977",0,10,PERDEU," ",1030.4,103.04
"PIVO SUPERIOR 85805980",0,3,PERDEU," ",429.93,143.31
"PIVO INFERIOR 85805983",0,3,PERDEU," ",429.93,143.31
"BUCHA 85805988",0,6,PERDEU," ",160.2,26.7
"RETENTOR 85824345",0,10,PERDEU," ",1067.8,106.78
"COROA E PINHÃO 85813060",0,3,PERDEU," ",4181.4,1393.8
"ROLAMENTO 9968047",0,6,PERDEU," ",784.02,130.67
"FLANGE 9968049",0,3,PERDEU," ",847.23,282.41
"RETENTOR 85824346",0,3,PERDEU," ",157.35,52.45
"KIT ENGRENAGENS 85806004",0,3,PERDEU," ",3525.24,1175.08
"SEMI EIXO COMPLETO 85805993",0,3,PERDEU," ",3237.21,1079.07
"SEMI EIXO LONGO 85827069",0,6,PERDEU," ",2408.22,401.37
"SEMI EIXO CURTO 85805977",0,6,PERDEU," ",1225.2,204.2
"CRUZETA 85805996",0,10,PERDEU," ",388.7,38.87
"FORQUILHA 85827070",0,3,PERDEU," ",709.53,236.51
"ARRUELA 85817697",0,10,PERDEU," ",74.9,7.49
"ARRUELA 85805999",0,10,PERDEU," ",74.9,7.49
"ANEL TRAVA 85806000",0,10,PERDEU," ",37.5,3.75
"RETENTOR 85827067",0,6,PERDEU," ",663.18,110.53
"ROLAMENTO 85806002",0,12,PERDEU," ",1888.32,157.36
"CUBO DE RODA 85806003",0,3,PERDEU," ",983.52,327.84
"PRISIONEIRO 9968070",0,32,PERDEU," ",179.84,5.62
"PORCA 9968071",0,32,PERDEU," ",89.92,2.81
"ANEL O 85805711",0,10,PERDEU," ",37.5,3.75
"ANEL TRAVA 85806006",0,10,PERDEU," ",28.1,2.81
"ENGRENAGEM 85817698",0,6,PERDEU," ",1228.02,204.67
"ENGRENAGEM 85806008",0,6,PERDEU," ",2048.52,341.42
"BUCHA 85806009",0,24,PERDEU," ",438.48,18.27
"PARAFUSO 85806010",0,24,PERDEU," ",112.32,4.68
"PORTA SATELITE 85806011",0,3,PERDEU," ",1780.17,593.39
"PINO 9968074",0,9,PERDEU," ",611.19,67.91
"ENGRENAGEM 85806014",0,18,PERDEU," ",1525.86,84.77
"ARRUELA 9968084",0,18,PERDEU," ",118.08,6.56
"CHAPA 85806016",0,6,PERDEU," ",92.76,15.46
"RETENTOR RODA TRASEIRA 81866390",0,6,PERDEU," ",536.7,89.45
"ROLAMENTO 81818397",0,6,PERDEU," ",480.54,80.09
"PARAFUSO 86539458",0,24,PERDEU," ",134.88,5.62
"DISCO 47123297",0,24,PERDEU," ",1157.76,48.24
"DISCO 81874478",0,24,PERDEU," ",1123.92,46.83
"ANEL 81875252",0,9,PERDEU," ",316.17,35.13
"ANEL 81875253",0,9,PERDEU," ",59.04,6.56
"EIXO 81803334",0,3,PERDEU," ",2068.23,689.41
"CONE 81803413",0,3,PERDEU," ",788.22,262.74
"CAPA 81803420",0,3,PERDEU," ",347.04,115.68
"CAPA 80510892",0,3,PERDEU," ",428.55,142.85
"CONE 80510884",0,3,PERDEU," ",703.92,234.64
"COROA E PINHÃO 83958890",0,3,PERDEU," ",6897.33,2299.11
"ROLAMENTO 81824478",0,3,PERDEU," ",351.27,117.09
"FLANGE 83949810",0,3,PERDEU," ",106.77,35.59
"RETENTOR 81834073",0,6,PERDEU," ",289.44,48.24
"RESERVATORIO DE FREIO 82003369",0,3,PERDEU," ",687.06,229.02
"TAMPA DO RESERVATORIO 85806176",0,3,PERDEU," ",216.39,72.13
"CILINDRO MESTRE 85805257",0,6,PERDEU," ",1048.14,174.69
"CABO DE FREIO MAO 85804646",0,3,PERDEU," ",521.28,173.76
"COIFA 85813132",0,3,PERDEU," ",427.14,142.38
"CABO TRAVA 85819629",0,3,PERDEU," ",869.73,289.91
"TERMINAL 85819477",0,6,PERDEU," ",101.16,16.86
"BUCHA 85700728",0,6,PERDEU," ",488.94,81.49
"BUCHA 85801110",0,6,PERDEU," ",316.5,52.75
"RETENTOR 81875248",0,9,PERDEU," ",67.41,7.49
"BUCHA 83910645",0,6,PERDEU," ",373.74,62.29
"BUCHA 85803196",0,6,PERDEU," ",230.4,38.4
"ARRUELA 70930370",0,16,PERDEU," ",15.04,0.94
"BUCHA 85801029",0,8,PERDEU," ",284.72,35.59
"RETENTOR 85801025",0,8,PERDEU," ",52.48,6.56
"BUCHA 85803197",0,6,PERDEU," ",188.28,31.38
"BUCHA 85803193",0,10,PERDEU," ",426.2,42.62
"PINO 85803192",0,6,PERDEU," ",410.28,68.38
"ANEL 11066276",0,12,PERDEU," ",33.72,2.81
"ARRUELA 70928844",0,6,PERDEU," ",22.5,3.75
"PINO 85801076",0,3,PERDEU," ",483.33,161.11
"PINO 85803194",0,6,PERDEU," ",266.94,44.49
"PINO 85801026",0,3,PERDEU," ",431.34,143.78
"ARRUELA 49581226",0,30,PERDEU," ",84.3,2.81
"ANE L TRAVA 81911019",0,12,PERDEU," ",22.44,1.87
"GRAXEIRA 70914465",0,30,PERDEU," ",28.2,0.94
"PINO 85801079",0,3,PERDEU," ",663.18,221.06
"ANEL TRAVA 85803198",0,12,PERDEU," ",22.44,1.87
"ANEL TRAVA 85803195",0,12,PERDEU," ",22.44,1.87
"PINO 85802872",0,4,PERDEU," ",322.24,80.56
"PINO 85801262",0,4,PERDEU," ",429,107.25
"PINO 83911000",0,4,PERDEU," ",695.04,173.76
"PINO 83999466",0,6,PERDEU," ",317.52,52.92
"PINO 85802993",0,6,PERDEU," ",75.9,12.65
"DIREÇÃO HIDRAULICA 85805624",0,3,PERDEU," ",7625.13,2541.71
"COIFA 85801976",0,3,PERDEU," ",268.35,89.45
"ARO 75260236",0,3,PERDEU," ",2148.3,716.1
"BUCHA 81901809",0,10,PERDEU," ",262.3,26.23
"PINO 85801056",0,6,PERDEU," ",264.12,44.02
"BUCHA 81901896",0,8,PERDEU," ",318.48,39.81
"PINO 85801087",0,3,PERDEU," ",1770.36,590.12
"BUCHA 83902710",0,8,PERDEU," ",164.88,20.61
"BUCHA 75248202",0,8,PERDEU," ",157.36,19.67
"PINO 85815607",0,3,PERDEU," ",748.89,249.63
"PINO 85815698",0,3,PERDEU," ",656.16,218.72
"BUCHA 83910557",0,4,PERDEU," ",290.36,72.59
"BUCHA 83910546",0,4,PERDEU," ",266.04,66.51
"RASPADOR 83931281",0,10,PERDEU," ",74.9,7.49
"BUCHA 83910548",0,8,PERDEU," ",569.52,71.19
"RETENTOR 83931289",0,10,PERDEU," ",65.6,6.56
"PINO 85803005",0,3,PERDEU," ",521.28,173.76
"PINO 85803002",0,4,PERDEU," ",533.92,133.48
"PINO 85815517",0,3,PERDEU," ",425.73,141.91
"PINO 85813469",0,3,PERDEU," ",389.19,129.73
"BUCHA 83910977",0,8,PERDEU," ",74.96,9.37
"BUCHA 83910634",0,8,PERDEU," ",434.64,54.33
"CABO SAPATA 85813104",0,3,PERDEU," ",636.48,212.16
"BOMBA HIDRAULICA 85818997",0,3,PERDEU," ",10121.88,3373.96
"CILNDRO CAÇAMBA DIANTEIRA 87315521",0,3,PERDEU," ",4827.72,1609.24
"HASTE CILINDRO CAÇAMBA 83962811",0,3,PERDEU," ",1645.29,548.43
"CAMISA CILINDRO LEVANTE 85800105",0,3,PERDEU," ",2491.14,830.38
"HASTE CILINDRO LEVANTE 85800103",0,3,PERDEU," ",1628.43,542.81
"JG REPARO CILINDRO LEVANTE 87428628",0,4,PERDEU," ",221.04,55.26
"CILINDRO DA SAPATA 87315528",0,3,PERDEU," ",4602.9,1534.3
"HASTE DA SAPATA 85800603",0,3,PERDEU," ",2176.41,725.47
"EMBOLO 87404259",0,3,PERDEU," ",413.07,137.69
"PORCA 87414507",0,3,PERDEU," ",295.05,98.35
"CILINDRO DE PENETRAÇÃO 87315531",0,3,PERDEU," ",6024.81,2008.27
"HASTE 87425131",0,3,PERDEU," ",2101.95,700.65
"CILINDRO DA LANÇA 87315535",0,3,PERDEU," ",5052.51,1684.17
"MOTOR ARRANQUE 86982709",0,3,PERDEU," ",6723.12,2241.04
"ALTERNADOR 87408388",0,3,PERDEU," ",3446.55,1148.85
"FAROL 85819200",0,6,PERDEU," ",488.94,81.49
"MOTOR LIMPADOR 85806097",0,3,PERDEU," ",2484.12,828.04
"PALHETA LIMPADOR 85819827",0,6,PERDEU," ",618.24,103.04
"RESERVATORIO 71100548",0,3,PERDEU," ",820.53,273.51
"TAMPA 71102878",0,3,PERDEU," ",178.44,59.48
"ALAVANCA 85801938",0,2,PERDEU," ",1311.36,655.68
"MAO DE OBRA MECANICA",0,600,PERDEU," ",62382,103.97
"HELICE 87714752",0,2,PERDEU," ",2414.8,1207.4
"CORREIA 87452843",0,6,PERDEU," ",501.78,83.63
"RADIADOR CONJUNTO 87660637",0,1,PERDEU," ",3460.13,3460.13
"MANGUEIRA SUPERIOR RADIADOR 87571277",0,4,PERDEU," ",620.16,155.04
"MANGUEIRA INFERIOR RADIADOR 87398813",0,4,PERDEU," ",554.36,138.59
"ABRAÇADEIRA L115548",0,10,PERDEU," ",197.3,19.73
"SENSOR 4890189",0,2,PERDEU," ",198.26,99.13
"ABRAÇADEIRA 214-3140",0,10,PERDEU," ",145.6,14.56
"RESERVATORIO DAGUA RADIADOR L127093",0,2,PERDEU," ",848.48,424.24
"TAMPA RESERVATORIO A184079",0,2,PERDEU," ",161.62,80.81
"MANGUEIRA FILTRO AR 87543756",0,2,PERDEU," ",616.38,308.19
"SILENCIOSO 87722095",0,2,PERDEU," ",2607.44,1303.72
"TUBO SAIDA 87438478",0,2,PERDEU," ",669.94,334.97
"TAMPA OLEO MOTOR L115504",0,2,PERDEU," ",60.14,30.07
"VARETA NIVEL OLEO MOTOR 87324777",0,2,PERDEU," ",262.16,131.08
"BOMBA DE OLEO 4897481",0,2,PERDEU," ",1541.9,770.95
"JUNTA 4896409",0,8,PERDEU," ",221.76,27.72
"SENSOR 4890193",0,2,PERDEU," ",549.68,274.84
"JUNTA 2830559",0,8,PERDEU," ",225.52,28.19
"ANEL O 4899052",0,10,PERDEU," ",94,9.4
"BOMBA DAGUA 2853443",0,4,PERDEU," ",1150.08,287.52
"TENSOR DA CORREIA 2855554",0,2,PERDEU," ",660.54,330.27
"VALVULA TERMOSTATICA 2852471",0,2,PERDEU," ",232.08,116.04
"RETENTOR 4890833",0,4,PERDEU," ",561.88,140.47
"RETENTOR 4890832",0,4,PERDEU," ",475.44,118.86
"BOMBA DO PTO 2854884",0,1,PERDEU," ",2607.43,2607.43
"JUNTA COLETOR 2830444",0,16,PERDEU," ",150.4,9.4
"SENSOR 4897224",0,4,PERDEU," ",285.64,71.41
"CREMALHEIRA 2852221",0,2,PERDEU," ",841.9,420.95
"POLIA HELICE 2853010",0,2,PERDEU," ",372.08,186.04
"JUNTA 4895132",0,8,PERDEU," ",105.2,13.15
"TURBINA 2854575",0,1,PERDEU," ",3047.17,3047.17
"ANEL O 4899107",0,10,PERDEU," ",37.6,3.76
"ANEL O 4899108",0,10,PERDEU," ",56.4,5.64
"JUNTA 4891288",0,8,PERDEU," ",97.68,12.21
"TAMPA RESERVATORIO R57981",0,2,PERDEU," ",305.38,152.69
"BOMBA INJETORA 4898921",0,1,PERDEU," ",8221.63,8221.63
"MOTOR PARTIDA 8605784",0,2,PERDEU," ",4228.26,2114.13
"ALTERNADOR 1964860C1",0,2,PERDEU," ",2151.72,1075.86
"SENSOR 2852821",0,2,PERDEU," ",1685.66,842.83
"FAROL 87555142",0,10,PERDEU," ",981.9,98.19
"BRAÇO LIMPADOR 87397403",0,2,PERDEU," ",372.08,186.04
"ROLETE 87582766",0,8,PERDEU," ",6291.68,786.46
"ROLETE 87582768",0,12,PERDEU," ",5632.08,469.34
"PARAFUSO RODA MOTRIZ 79074169",0,52,PERDEU," ",732.68,14.09
"SEGMENTO RODA MOTRIZ 87649376",0,4,PERDEU," ",5205.48,1301.37
"RODA GUIA 87589400",0,4,PERDEU," ",6391.24,1597.81
"BUCHA BRONZE 87582782",0,8,PERDEU," ",665.28,83.16
"ANEL O 87421147",0,8,PERDEU," ",60.16,7.52
"EIXO 87582781",0,4,PERDEU," ",774.24,193.56
"DUOCONE 87582778",0,16,PERDEU," ",1187.68,74.23
"MANCAL L.D. 87609263",0,2,PERDEU," ",736.66,368.33
"MANCAL L..E. 87609262",0,2,PERDEU," ",736.66,368.33
"PALHETA 87397404",0,4,PERDEU," ",426.6,106.65
"REPARO ESTICADOR ESTEIRA R57781",0,4,PERDEU," ",475.44,118.86
"VALVULA ESTEIRA D35287",0,4,PERDEU," ",199.2,49.8
"DUOCONE 87582777",0,16,PERDEU," ",887.04,55.44
"SAPATA 87582729",0,49,PERDEU," ",12753.23,260.27
"ELO L.D. 87582720",0,49,PERDEU," ",3453.03,70.47
"ELO L.E. 87582719",0,49,PERDEU," ",3453.03,70.47
"PARAFUSO ESTEIRA 87582726",0,312,PERDEU," ",1466.4,4.7
"PORCA ESTEIRA 87582723",0,312,PERDEU," ",586.56,1.88
"PINO LATERAL BALANÇA 87542287",0,4,PERDEU," ",409.68,102.42
"PINO CENTRAL BALANÇA 87627809",0,2,PERDEU," ",311.96,155.98
"BUCHA  87381270",0,8,PERDEU," ",571.28,71.41
"RASPADOR 76043711",0,16,PERDEU," ",150.4,9.4
"RASPADOR R39286",0,16,PERDEU," ",135.36,8.46
"BUCHA D51545",0,8,PERDEU," ",481.12,60.14
"COXIM A59514",0,8,PERDEU," ",661.52,82.69
"ANEL G100440",0,8,PERDEU," ",75.2,9.4
"RESPIRO TANQUE R42675",0,2,PERDEU," ",161.62,80.81
"BOMBA HIDRAULICA 87604362",0,1,PERDEU," ",3104.96,3104.96
"PINO CILINDRO INCLINAÇÃO 76041090",0,4,PERDEU," ",340.16,85.04
"COXIM 296684A1",0,12,PERDEU," ",389.04,32.42
"BUCHA 76066296",0,4,PERDEU," ",240.56,60.14
"HASTE CILINDRO LEVANTE 76066294",0,2,PERDEU," ",1328.62,664.31
"EMBOLO 76066307",0,2,PERDEU," ",332.62,166.31
"REPARO ELEVAÇÃO 76066272",0,4,PERDEU," ",661.48,165.37
"REPARO ELEVAÇÃO 76066282",0,4,PERDEU," ",601.36,150.34
"HASTE CILINDRO INCLINAÇÃO 76066252",0,2,PERDEU," ",1062.7,531.35
"ANEL TRAVA 76066253",0,10,PERDEU," ",47,4.7
"BUCHA 76066254",0,4,PERDEU," ",133.44,33.36
"REPARO INCLINAÇÃO 76066270",0,4,PERDEU," ",554.36,138.59
"EMBOLO 76066261",0,2,PERDEU," ",259.34,129.67
"PORCA  76066255",0,2,PERDEU," ",201.08,100.54
"BUCHA 76093727",0,4,PERDEU," ",313.84,78.46
"PINO DE EMENDA DO U 76093729",0,2,PERDEU," ",649.28,324.64
"PINO LATERAL DO U 87666201",0,4,PERDEU," ",885.12,221.28
"PINO BOLA 87677312",0,4,PERDEU," ",1603,400.75
"PINO 76028737",0,4,PERDEU," ",328.88,82.22
"PINO 76043886",0,4,PERDEU," ",300.68,75.17
"PINO 76028741",0,4,PERDEU," ",221.76,55.44
"PINO GIRO LAMINA 76043887",0,4,PERDEU," ",558.12,139.53
"MANCAL SUPERIOR 87645603",0,4,PERDEU," ",1260.96,315.24
"MANCAL INFERIOR 87645604",0,4,PERDEU," ",1260.96,315.24
"PINO 437227A1",0,4,PERDEU," ",409.68,102.42
"VIDRO 87372039",0,1,PERDEU," ",1061.76,1061.76
"VIDRO 87372047",0,1,PERDEU," ",1285.86,1285.86
"VIDRO 87372048",0,1,PERDEU," ",1407.54,1407.54
"VIDRO 87372049",0,2,PERDEU," ",3303.68,1651.84
"VIDRO 87371774",0,1,PERDEU," ",1276,1276
"VIDRO 87371775",0,1,PERDEU," ",1473.32,1473.32
"TRINCO 87397399",0,2,PERDEU," ",201.08,100.54
"ESPELHO RETROVISOR 76067706",0,2,PERDEU," ",282.82,141.41
"RESERVATORIO DAGUA PARABRISA 236781A1",0,2,PERDEU," ",513.96,256.98
"CORREIA AR CONDICIONADO 379461A1",0,4,PERDEU," ",349.52,87.38
"BUCHA DA CABINE 79060730",0,4,PERDEU," ",390.88,97.72
"PARAFUSO 514-1211",0,30,PERDEU," ",56.4,1.88
"ARRUELA 7908544",0,20,PERDEU," ",131.6,6.58
"PINO 87383799",0,4,PERDEU," ",293.16,73.29
"PARAFUSO 87354794",0,18,PERDEU," ",321.3,17.85
"PARAFUSO 11122137",0,12,PERDEU," ",169.08,14.09
"ARRUELA 87016606",0,12,PERDEU," ",22.56,1.88
"PLACA 76033228",0,4,PERDEU," ",110.88,27.72
"PORCA 70913467",0,2,PERDEU," ",66.72,33.36
"ESPAÇADOR 76093730",0,4,PERDEU," ",171,42.75
"BUCHA D33047",0,6,PERDEU," ",200.16,33.36
"EMBOLO G100438",0,2,PERDEU," ",247.12,123.56
"RÓTULA 76066287",0,6,PERDEU," ",465.12,77.52
"ANEL TRAVA 76066288",0,10,PERDEU," ",56.4,5.64
"PORCA DA HASTE 76066264",0,2,PERDEU," ",166.32,83.16
"JUNTA 2853784",0,6,PERDEU," ",183.24,30.54
"ANEL 4899239",0,20,PERDEU," ",206.8,10.34
"TUBO FLEXIVEL 87390465",0,2,PERDEU," ",279.06,139.53
"TAMPA 440729A1",0,6,PERDEU," ",200.16,33.36
"TAMPA RADIADOR 75264114",0,4,PERDEU," ",163.48,40.87
"MAO DE OBRA MECANICA",0,400,PERDEU," ",41344,103.36
"TUBO SAIDA 40847111-00",0,1,PERDEU," ",95.47,95.47
"SILENCIOSO 40835819-08",0,1,PERDEU," ",290.09,290.09
"ALTERNADOR 68201127-91",0,1,PERDEU," ",784.89,784.89
"REGULADOR 68202003-38",0,1,PERDEU," ",100.98,100.98
"CORREIA 62000129-98",0,4,PERDEU," ",301.12,75.28
"COXIM 65200901-16",0,8,PERDEU," ",308.48,38.56
"RADIADOR 40000103-66",0,1,PERDEU," ",2017.77,2017.77
"MANGUEIRA SUPERIOR RADIADOR 65504171-86",0,2,PERDEU," ",128.52,64.26
"ABRAÇADEIRA 61701121-38",0,6,PERDEU," ",38.58,6.43
"MANGUEIRA INFERIOR RADIADOR 65504170-94",0,2,PERDEU," ",216.64,108.32
"COXIM RADIADOR 99981071-52",0,8,PERDEU," ",212.96,26.62
"TERMINAL 59000100-71",0,4,PERDEU," ",110.16,27.54
"ANEL O 69406144-68",0,8,PERDEU," ",29.36,3.67
"ANEL O 69406215-75",0,8,PERDEU," ",22,2.75
"BOMBA HIDROSTATICA 66201156-82",0,1,PERDEU," ",1653.33,1653.33
"MOTOR HIDROSTATICO 66201001-63",0,1,PERDEU," ",2432.71,2432.71
"COMANDO HIDRAULICO 67501014-21",0,1,PERDEU," ",2091.21,2091.21
"RADIADOR DE OLEO 40000312-55",0,1,PERDEU," ",1270.98,1270.98
"ROLAMENTO 69504327-53",0,2,PERDEU," ",157.9,78.95
"ESPAÇADOR 30001200-80",0,1,PERDEU," ",278.16,278.16
"PARAFUSO 60410312-37",0,6,PERDEU," ",55.08,9.18
"FLANGE 66302103-33",0,4,PERDEU," ",407.6,101.9
"CRUZETA 66300126-05",0,4,PERDEU," ",334.16,83.54
"RETENTOR 69400225-98",0,4,PERDEU," ",139.52,34.88
"ROLAMENTO 69225606-44",0,2,PERDEU," ",201.96,100.98
"ANEL TRAVA 61404118-83",0,4,PERDEU," ",14.68,3.67
"CABO VIBRAÇÃO 39201509-66",0,2,PERDEU," ",260.72,130.36
"CABO TRAÇÃO 39201510-31",0,2,PERDEU," ",233.18,116.59
"MOTOR HIDRAULICO 66700176-58",0,1,PERDEU," ",1054.33,1054.33
"ANEL O 69406165-46",0,4,PERDEU," ",25.72,6.43
"ROLAMENTO 69500106-07",0,4,PERDEU," ",618.72,154.68
"PARAFUSO 60121517-85",0,24,PERDEU," ",154.32,6.43
"RETENTOR 69403307-75",0,4,PERDEU," ",225.84,56.46
"ROLAMENTO 69503518-45",0,2,PERDEU," ",380.98,190.49
"PRISIONEIRO 60603557-40",0,8,PERDEU," ",135.84,16.98
"RESPIRO 69302304-07",0,2,PERDEU," ",133.12,66.56
"PINO 20000402-58",0,6,PERDEU," ",245.1,40.85
"ARRUELA 60913100-42",0,12,PERDEU," ",165.24,13.77
"ENGRENAGEM 10000300-81",0,6,PERDEU," ",663.72,110.62
"COROA ANELAR 10009101-40",0,2,PERDEU," ",2860.5,1430.25
"ENGRENAGEM 10000501-61",0,2,PERDEU," ",380.06,190.03
"ARRUELA 60908154-54",0,6,PERDEU," ",88.14,14.69
"TRAVA 59500344-84",0,8,PERDEU," ",66.08,8.26
"RETENTOR 69400707-66",0,4,PERDEU," ",165.24,41.31
"RETENTOR 69400519-55",0,4,PERDEU," ",139.52,34.88
"BUCHA 11006500-37",0,4,PERDEU," ",106.48,26.62
"ANEL O 69406289-94",0,4,PERDEU," ",14.68,3.67
"CALÇO REGULAGEM 65000501-46",0,16,PERDEU," ",44,2.75
"GRAXEIRA 69209507-39",0,16,PERDEU," ",14.72,0.92
"ROLAMENTO CONJUNTO 69504329-37",0,2,PERDEU," ",638.02,319.01
"COROA E PINHÃO 99983688-43",0,1,PERDEU," ",2400.12,2400.12
"ARRUELA 99980244-42",0,4,PERDEU," ",97.32,24.33
"ENGRENAGEM 99983686-59",0,2,PERDEU," ",601.3,300.65
"ARRUELA 99980246-26",0,4,PERDEU," ",77.12,19.28
"CRUZETA 66300105-27",0,2,PERDEU," ",318.54,159.27
"ENGRENAGEM 99980401-82",0,4,PERDEU," ",765.6,191.4
"ROLAMENTO CONJUNTO 69504355-48",0,4,PERDEU," ",433.28,108.32
"ROLAMENTO PINHÃO 69503001-38",0,2,PERDEU," ",479.2,239.6
"ROLAMENTO CONJUNTO 69504330-02",0,2,PERDEU," ",344.26,172.13
"COMANDO DIRECIONAL 67560000-41",0,1,PERDEU," ",1979.68,1979.68
"BOMBA HIDRAULICA DIREÇÃO 66712000-47",0,1,PERDEU," ",1119.51,1119.51
"PINO 20414202-34",0,4,PERDEU," ",220.32,55.08
"RÓTULA 69507203-90",0,4,PERDEU," ",172.6,43.15
"REPARO CILINDRO DIREÇÃO 40290042-10",0,2,PERDEU," ",135.86,67.93
"HASTE CILINDRO DIREÇÃO 40290044-94",0,1,PERDEU," ",466.35,466.35
"REPARO COMANDO DIRECIONAL 69410339-49",0,2,PERDEU," ",293.76,146.88
"HORIMETRO 64703209-66",0,2,PERDEU," ",200.12,100.06
"MARCADOR TEMPERATURA DAGUA 64703901-88",0,2,PERDEU," ",128.52,64.26
"CHAVE IGNIÇÃO 64700202-37",0,2,PERDEU," ",148.72,74.36
"PASTILHA DE FREIO 65900703-91",0,4,PERDEU," ",266.24,66.56
"TERMINAL ESFERICO 59000102-55",0,4,PERDEU," ",67.92,16.98
"TAMPA 99981355-16",0,2,PERDEU," ",48.66,24.33
"CALÇO 99981071-52",0,8,PERDEU," ",121.2,15.15
"ROLAMENTO 69524304-82",0,2,PERDEU," ",526.02,263.01
"ARRUELA 60905302-06",0,6,PERDEU," ",247.86,41.31
"ROLAMENTO CONJUNTO 69524354-48",0,2,PERDEU," ",587.52,293.76
"FLANGE 99983691-92",0,1,PERDEU," ",123.01,123.01
"ANEL 63705204-98",0,2,PERDEU," ",694.02,347.01
"TRAVA 63705105-96",0,2,PERDEU," ",313.04,156.52
"ESTOJO 60603549-31",0,24,PERDEU," ",110.16,4.59
"PORCA 60800015-23",0,24,PERDEU," ",22.08,0.92
"MAO DE OBRA MECANICA",0,100,PERDEU," ",10282,102.82
"CALÇO A5182",0,20,PERDEU," ",110,5.5
"CALÇO A5183",0,20,PERDEU," ",91.8,4.59
"RETENTOR B5188",0,4,PERDEU," ",99.04,24.76
"CONE P840012",0,2,PERDEU," ",153.18,76.59
"CAPA P830011",0,2,PERDEU," ",88.06,44.03
"CAPA P830012",0,2,PERDEU," ",85.3,42.65
"RETENTOR B5187",0,4,PERDEU," ",133.92,33.48
"CONE P840013",0,2,PERDEU," ",144,72
"PINO DE GIRO C5086",0,2,PERDEU," ",2023.36,1011.68
"BUCHA A5185",0,2,PERDEU," ",91.72,45.86
"PINO   A5176",0,2,PERDEU," ",263.24,131.62
"GRAXEIRA P300001",0,20,PERDEU," ",36.6,1.83
"PARAFUSO P432405",0,4,PERDEU," ",14.68,3.67
"ARRUELA P114005",0,16,PERDEU," ",14.72,0.92
"BUCHA P128001",0,4,PERDEU," ",141.24,35.31
"PINO A5173",0,2,PERDEU," ",56.86,28.43
"PINO A5163",0,2,PERDEU," ",155,77.5
"BUCHA A5167",0,4,PERDEU," ",104.56,26.14
"RETENTOR P817058",0,6,PERDEU," ",49.5,8.25
"CONE P840034",0,6,PERDEU," ",465,77.5
"CAPA P830029",0,6,PERDEU," ",229.56,38.26
"PARAFUSO P590007",0,24,PERDEU," ",135.12,5.63
"PORCA P790016",0,24,PERDEU," ",77.04,3.21
"CUBO C12743",0,4,PERDEU," ",2683.76,670.94
"CAPA P830007",0,3,PERDEU," ",277.92,92.64
"CONE P840006",0,3,PERDEU," ",171.99,57.33
"ENGRENAGEM B8840",0,2,PERDEU," ",2034.36,1017.18
"EIXO D8842",0,2,PERDEU," ",2406.74,1203.37
"RETENTOR P817060",0,4,PERDEU," ",229.32,57.33
"CAPA P830009",0,4,PERDEU," ",155.92,38.98
"CONE P840009",0,4,PERDEU," ",315.52,78.88
"RETENTOR P817050",0,4,PERDEU," ",95.4,23.85
"CUBO C12740",0,4,PERDEU," ",2669.08,667.27
"TAMBOR C12739",0,4,PERDEU," ",3135,783.75
"JG LONA P341002",0,2,PERDEU," ",131.16,65.58
"EIXO CARDÃ C30009137",0,1,PERDEU," ",1010.76,1010.76
"EIXO CARDÃ C30008970",0,1,PERDEU," ",1108.9,1108.9
"PLACA DO CONVERSOR Z53101011",0,1,PERDEU," ",181.61,181.61
"ABRAÇADEIRA Z91250013",0,8,PERDEU," ",51.36,6.42
"MANGUEIRA RADIADOR INF. C10008743",0,2,PERDEU," ",158.68,79.34
"SILENCIOSO C30007244",0,1,PERDEU," ",420.54,420.54
"RADIADOR OLEO C30011383",0,1,PERDEU," ",1260.7,1260.7
"RADIADOR DAGUA C20011050",0,1,PERDEU," ",3036.41,3036.41
"TAMPA RADIADOR Z98720003",0,4,PERDEU," ",73.36,18.34
"MANGUEIRA RADIADOR SUP. C10008742",0,2,PERDEU," ",140.34,70.17
"MOTOR PARTIDA Z94210003",0,1,PERDEU," ",1463.86,1463.86
"ALTERNADOR Z91102001",0,1,PERDEU," ",1050.66,1050.66
"CRUZETA Z91642001",0,6,PERDEU," ",434.76,72.46
"CABO ESTRANGULADOR Z92290001",0,2,PERDEU," ",138.5,69.25
"CREMALHEIRA Z91711005",0,1,PERDEU," ",398.98,398.98
"PARAFUSO Z96261046",0,12,PERDEU," ",99,8.25
"BOMBA INJETORA P124207",0,1,PERDEU," ",6447.04,6447.04
"BOMBA ALIMENTADORA P124104",0,2,PERDEU," ",454.94,227.47
"TUBO P887140",0,2,PERDEU," ",121.98,60.99
"TUBO P887141",0,2,PERDEU," ",121.98,60.99
"TUBO 98871096",0,2,PERDEU," ",121.98,60.99
"TUBO 98871097",0,2,PERDEU," ",121.98,60.99
"TUBO 98871098",0,2,PERDEU," ",121.98,60.99
"TUBO 98871099",0,2,PERDEU," ",121.98,60.99
"COLETOR ESCAPE P140105",0,1,PERDEU," ",684.69,684.69
"JUNTA P320077",0,4,PERDEU," ",40.36,10.09
"BOMBA DE OLEO P123522",0,1,PERDEU," ",564.08,564.08
"INTERRRUPTOR PRESSAO OLEO P310021",0,2,PERDEU," ",167.84,83.92
"BOMBA DAGUA Z91235021",0,2,PERDEU," ",590.68,295.34
"POLIA Z96898012",0,1,PERDEU," ",187.11,187.11
"HELICE Z93040004",0,2,PERDEU," ",1247.4,623.7
"CORREIA Z91713011",0,4,PERDEU," ",306.36,76.59
"TERMOSTATO Z98910006",0,2,PERDEU," ",155,77.5
"INTERRRUPTOR TEMP. DAGUA P311101",0,2,PERDEU," ",259.56,129.78
"RESERVATORIO C40005217",0,1,PERDEU," ",253.61,253.61
"BOMBA HIDRAULICA Z91235017",0,1,PERDEU," ",1103.4,1103.4
"JUNTA C10006220",0,2,PERDEU," ",17.42,8.71
"PINO C10005173",0,4,PERDEU," ",139.4,34.85
"BUCHA Z91280001",0,4,PERDEU," ",104.56,26.14
"ENGRENAGEM Z50840297",0,1,PERDEU," ",612.69,612.69
"HASTE P302022",0,1,PERDEU," ",416.87,416.87
"EMBOLO P213016",0,2,PERDEU," ",213.7,106.85
"REPARO HIDRAULICO A15137",0,2,PERDEU," ",136.66,68.33
"VALVULA DIRECIONAL Z98900006",0,1,PERDEU," ",1900.45,1900.45
"ROLAMENTO ACIONADOR C10014659",0,4,PERDEU," ",570.52,142.63
"ENGRENAGEM ACIONADOR C20009713",0,2,PERDEU," ",753.02,376.51
"ROLAMENTO  Z98500090",0,2,PERDEU," ",158.68,79.34
"RETENTOR Z98170028",0,2,PERDEU," ",83.46,41.73
"ENGRENAGEM Z50440298",0,2,PERDEU," ",1214.38,607.19
"ROLAMENTO Z50050627",0,4,PERDEU," ",256.8,64.2
"EIXO Z60170059",0,4,PERDEU," ",249.48,62.37
"ENGRENAGEM TRANSMISSÃO Z92110065",0,1,PERDEU," ",713.13,713.13
"CAPA Z98300070",0,2,PERDEU," ",63.28,31.64
"CONE Z98400083",0,2,PERDEU," ",116.48,58.24
"EIXO Z92120051",0,1,PERDEU," ",292.13,292.13
"ARRUELA Z91135005",0,6,PERDEU," ",49.5,8.25
"ROLAMENTO Z98620013",0,2,PERDEU," ",204.54,102.27
"ENGRENAGEM Z50440244",0,1,PERDEU," ",1070.38,1070.38
"EIXO PILOTO Z60170064",0,1,PERDEU," ",844.29,844.29
"ANEL Z91150020",0,12,PERDEU," ",181.56,15.13
"PLACA  Z92030014",0,32,PERDEU," ",1394.24,43.57
"PLACA Z92030013",0,32,PERDEU," ",1071.36,33.48
"CUBO Z50280096",0,1,PERDEU," ",555.37,555.37
"PISTAO Z50280097",0,2,PERDEU," ",620.94,310.47
"SAPATA DE FREIO Z98654006",0,2,PERDEU," ",378.8,189.4
"RETENTOR Z98171080",0,4,PERDEU," ",82.56,20.64
"CORRENTE Z91732002",0,4,PERDEU," ",2727.76,681.94
"ENGRENAGEM C30004729",0,2,PERDEU," ",1997.68,998.84
"SEMI EIXO DIFERENCIAL C8968",0,2,PERDEU," ",3925.64,1962.82
"COROA E PINHÃO P170803",0,1,PERDEU," ",2879.11,2879.11
"ENGRENAGEM P211009",0,4,PERDEU," ",1346.44,336.61
"ENGRENAGEM P211010",0,2,PERDEU," ",582.42,291.21
"ROLAMENTO P830007",0,4,PERDEU," ",504.48,126.12
"RETENTOR P817013",0,2,PERDEU," ",105.48,52.74
"CILINDRO MESTRE Z91390003",0,2,PERDEU," ",1463.86,731.93
"REFORÇADOR DE FREIO Z91380002",0,2,PERDEU," ",1232.72,616.36
"VALVULA PEDAL DE FREIO P642004",0,2,PERDEU," ",1098.82,549.41
"CILINDRO DE RODA L.E. Z91391009",0,4,PERDEU," ",482.44,120.61
"CILINDRO DE RODA L.D. Z91391010",0,4,PERDEU," ",482.44,120.61
"JG DE LONA Z93410006",0,8,PERDEU," ",487.92,60.99
"VALVULA REGULADORA PRESSAO Z98930059",0,2,PERDEU," ",398.98,199.49
"HASTE DE FREIO Z93021004",0,8,PERDEU," ",443.92,55.49
"MAO DE OBRA MECANICA",0,100,PERDEU," ",10181,101.81
"JUNTA TAMPA DE VALVULA 4700945760",0,2,PERDEU," ",130.72,65.36
"PINO 4700347119",0,2,PERDEU," ",158.74,79.37
"ROLAMENTO 4700100040",0,4,PERDEU," ",461.28,115.32
"RASPADOR 4700167032",0,16,PERDEU," ",433.28,27.08
"GRAXEIRA 4700926214",0,16,PERDEU," ",59.84,3.74
"PARAFUSO 4700500037",0,32,PERDEU," ",179.2,5.6
"AMORTECEDOR DO CAPÔ 4700382384",0,2,PERDEU," ",365.1,182.55
"ROLAMENTO 4700388089",0,2,PERDEU," ",1296.06,648.03
"ANEL O 4700791927",0,16,PERDEU," ",119.52,7.47
"ANEL TRAVA 4700167023",0,6,PERDEU," ",75.66,12.61
"COXIM 4700801187",0,20,PERDEU," ",2586.6,129.33
"CORREIA 4700945731",0,6,PERDEU," ",518.22,86.37
"ALTERNADOR 4700945140",0,1,PERDEU," ",2219.55,2219.55
"MOTOR PARTIDA 4700945730",0,1,PERDEU," ",2446.92,2446.92
"CUBO DA HELICE 4700382393",0,1,PERDEU," ",465.48,465.48
"HELICE 4700379164",0,1,PERDEU," ",573.33,573.33
"COXIM MOTOR 4700387129",0,8,PERDEU," ",877.76,109.72
"RADIADOR 4700392220",0,1,PERDEU," ",2441.32,2441.32
"COXIM RADIADOR 4700904551",0,8,PERDEU," ",347.36,43.42
"RESERVATORIO DAGUA 4700392313",0,1,PERDEU," ",338.49,338.49
"TAMPA DO RESERVATORIO 4700903714",0,2,PERDEU," ",126.06,63.03
"MANGUEIRA RADIADOR SUP. 4700392297",0,2,PERDEU," ",207.3,103.65
"MANGUEIRA RADIADOR INF. 4700393081",0,2,PERDEU," ",180.22,90.11
"ABRAÇADEIRA 4700313010",0,12,PERDEU," ",44.88,3.74
"TUBO SAIDA 4812110507",0,2,PERDEU," ",265.18,132.59
"SILENCIOSO 4700392295",0,2,PERDEU," ",585.46,292.73
"COROA E PINHAO 4700212553",0,1,PERDEU," ",3250.89,3250.89
"ROLAMENTO 4700909574",0,2,PERDEU," ",378.18,189.09
"ROLAMENTO 4700909581",0,2,PERDEU," ",314.68,157.34
"ENGRENAGEM 4700909558",0,2,PERDEU," ",563.06,281.53
"ENGRENAGEM 4700939262",0,4,PERDEU," ",767.56,191.89
"ARRUELA 4700909559",0,8,PERDEU," ",194.24,24.28
"ROLAMENTO 4700923342",0,2,PERDEU," ",317.48,158.74
"ANEL O 4700909609",0,8,PERDEU," ",138.16,17.27
"ANEL O 4700909618",0,8,PERDEU," ",115.76,14.47
"ANEL O 4700909619",0,16,PERDEU," ",134.4,8.4
"KIT DISCO DE FREIO 4700939284",0,2,PERDEU," ",4074.94,2037.47
"RETENTOR 4700939265",0,4,PERDEU," ",569.6,142.4
"ROLAMENTO 4700939266",0,4,PERDEU," ",767.56,191.89
"PARAFUSO 4700926781",0,40,PERDEU," ",410.8,10.27
"PORCA 4700901987",0,40,PERDEU," ",261.6,6.54
"COROA ANELAR 4700939268",0,2,PERDEU," ",1762,881
"ANEL TRAVA 4700939271",0,12,PERDEU," ",89.64,7.47
"ENGRENAGEM 4700939272",0,8,PERDEU," ",1165.36,145.67
"ENGRENAGEM DA COROA 4700939269",0,2,PERDEU," ",1153.2,576.6
"VALVULA SOLENOIDE 4700940505",0,2,PERDEU," ",1382.9,691.45
"ROTULA 4700379630",0,4,PERDEU," ",289.48,72.37
"BOMBA DIREÇÃO 4700394905",0,1,PERDEU," ",1170.94,1170.94
"ORBITROL 4700376000",0,1,PERDEU," ",2431.51,2431.51
"PINO 4700392103",0,4,PERDEU," ",235.32,58.83
"HASTE DIREÇÃO 4700392105",0,2,PERDEU," ",672.3,336.15
"CABO REVERSÃO 4700377024",0,2,PERDEU," ",259.58,129.79
"TERMINAL 4700416034",0,4,PERDEU," ",78.44,19.61
"CALÇO 4700337042",0,10,PERDEU," ",102.7,10.27
"ANEL 4700904737",0,8,PERDEU," ",164.32,20.54
"VOLANTE 4700372772",0,1,PERDEU," ",562.12,562.12
"FLANGE 4700909583",0,1,PERDEU," ",160.61,160.61
"LUVA 4700901834",0,2,PERDEU," ",132.6,66.3
"PRISIONEIRO 4700939017",0,20,PERDEU," ",168,8.4
"ROLAMENTO 4700939273",0,8,PERDEU," ",537.84,67.23
"JG REPARO 4700392100",0,2,PERDEU," ",203.56,101.78
"ANEL 4700909568",0,8,PERDEU," ",59.76,7.47
"ANEL 4700939259",0,8,PERDEU," ",59.76,7.47
"ESPAÇADOR 4700929631",0,2,PERDEU," ",122.32,61.16
"TAMBOR 4700937170",0,1,PERDEU," ",1583.19,1583.19
"PISTAO 4700937171",0,9,PERDEU," ",2084.13,231.57
"PLACA 4700937180",0,2,PERDEU," ",654.56,327.28
"PLACA 4700940308",0,2,PERDEU," ",1050.48,525.24
"EIXO 4700908367",0,1,PERDEU," ",1165.8,1165.8
"ROLAMENTO 4700937185",0,2,PERDEU," ",1196.14,598.07
"EIXO 4700938040",0,2,PERDEU," ",1054.22,527.11
"PLACA 4700903571",0,2,PERDEU," ",1113.98,556.99
"EIXO 4700901466",0,2,PERDEU," ",1412.78,706.39
"MAO DE OBRA MECANICA",0,100,PERDEU," ",10458,104.58
"RETENTOR 84482108",0,4,VENCEU," ",138.36,34.59
"RETENTOR 5133799",0,4,VENCEU," ",209.52,52.38
"RETENTOR 5177709",0,4,VENCEU," ",134.4,33.6
"CABO ACELERADOR 84203537",0,2,VENCEU," ",314.26,157.13
"ALAVANCA 5167202",0,2,VENCEU," ",173.92,86.96
"CILINDRO MESTRE 82018664",0,2,VENCEU," ",901.26,450.63
"DISCO FREIO 5184313",0,2,VENCEU," ",519.82,259.91
"PISTAO FREIO 5191350",0,2,VENCEU," ",1070.26,535.13
"DISCO FREIO 5118101",0,3,VENCEU," ",342.42,114.14
"PLACA SEPARADORA 5130785",0,3,VENCEU," ",278.67,92.89
"CABO FREIO ESTACIONARIO 5183158",0,2,VENCEU," ",394.3,197.15
"KIT EMBREAGEM 5189875",0,1,VENCEU," ",2594.61,2594.61
"SUPORTE DO ROLAMENTO 5167167",0,2,VENCEU," ",1443.82,721.91
"ROLAMENTO EMBREAGEM 87345759",0,2,VENCEU," ",337.98,168.99
"GUIA 5167184",0,1,VENCEU," ",539.08,539.08
"CABO EMBREAGEM 87373914",0,2,VENCEU," ",651.24,325.62
"COROA E PINHÃO 5153715",0,1,VENCEU," ",3221.15,3221.15
"ROLAMENTO DO PINHÃO 5130990",0,2,VENCEU," ",400.24,200.12
"Rolamento Diferencial 24903460",0,2,VENCEU," ",578.12,289.06
"Rolamento Diferencial 24903480",0,2,VENCEU," ",599.86,299.93
"EIXO DIANTEIRO L.D. 5166549",0,1,VENCEU," ",2493.81,2493.81
"EIXO DIANTEIRO L.E. 5166562",0,1,VENCEU," ",2557.06,2557.06
"DISCO EMBREAGEM 5189825",0,1,VENCEU," ",1687.9,1687.9
"SINCRONIZADOR 5188093",0,2,VENCEU," ",5509.4,2754.7
"EIXO ENTALHADO 5131167",0,1,VENCEU," ",2345.57,2345.57
"ROLAMENTO 5126458",0,2,VENCEU," ",505.98,252.99
"ROLAMENTO AGULHAS 5117539",0,2,VENCEU," ",176.9,88.45
"RETENTOR 5105534",0,2,VENCEU," ",78.08,39.04
"RETENTOR 5105536",0,2,VENCEU," ",93.88,46.94
"EIXO 5167151",0,1,VENCEU," ",1966.59,1966.59
"ROLAMENTO ESFERICO 26794660",0,2,VENCEU," ",281.64,140.82
"ROLAMENTO ESFERICO 24905130",0,2,VENCEU," ",269.12,134.56
"DISCO TDF 5167937",0,1,VENCEU," ",1027.76,1027.76
"PEDAL 87520950",0,1,VENCEU," ",1157.72,1157.72
"VARÃO 87536431",0,2,VENCEU," ",307.34,153.67
"SINCRONIZADOR 5186629",0,1,VENCEU," ",1930.02,1930.02
"EIXO 5161817",0,1,VENCEU," ",1845.03,1845.03
"ROLAMENTO ACIONADOR 5138660",0,2,VENCEU," ",470.4,235.2
"SEMI EIXO L.D. 5125062",0,1,VENCEU," ",1219.48,1219.48
"SEMI EIXO L.E. 5125063",0,1,VENCEU," ",1188.85,1188.85
"EIXO ACIONADOR 5125349",0,1,VENCEU," ",1587.1,1587.1
"LUVA ESTRIADA 5123466",0,2,VENCEU," ",516.84,258.42
"ENGRENAGEM MOTORA 5123982",0,1,VENCEU," ",1150.72,1150.72
"ENGRENAGEM INTERMEDIARIA 5160495",0,1,VENCEU," ",2087.64,2087.64
"GARFO 5174202",0,1,VENCEU," ",1851.95,1851.95
"GARFO 5127387",0,1,VENCEU," ",1657.27,1657.27
"KIT DIFERENCIAL 73401126",0,1,VENCEU," ",2394,2394
"ENGRENAGEM 5125065",0,6,VENCEU," ",1159.2,193.2
"COROA DENTADA 5125064",0,2,VENCEU," ",1975.48,987.74
"PINO 4997203",0,6,VENCEU," ",524.76,87.46
"PONTA EIXO 5173735",0,1,VENCEU," ",2851.06,2851.06
"ROLAMENTO 20645490",0,2,VENCEU," ",463.48,231.74
"ROLAMENTO 20141040",0,2,VENCEU," ",597.88,298.94
"RETENTOR 5123205",0,2,VENCEU," ",390.36,195.18
"MAO DE OBRA MECANICA",0,100,VENCEU," ",9536,95.36
"ARRUELA 4987975",0,8,PERDEU," ",388,48.5
"ARRUELA 5148936",0,8,PERDEU," ",320,40
"BRAÇO 83402316",0,4,PERDEU," ",2550,637.5
"ENGRENAGEM 5179672",0,4,PERDEU," ",618,154.5
"ROLAMENTO 24905130",0,6,PERDEU," ",441,73.5
"ROLAMENTO 26794660",0,12,PERDEU," ",810,67.5
"MOTOR PARTIDA 87470949",0,1,PERDEU," ",1510.5,1510.5
"TERMINAL DIREÇÃO 82991340",0,4,PERDEU," ",654,163.5
"SILENCIOSO 47423113",0,1,PERDEU," ",416.5,416.5
"BÓIA 87354358",0,1,PERDEU," ",221,221
"COROA E PINHÃO 82824504",0,1,PERDEU," ",3212.5,3212.5
"ENGRENAGEM 593249",0,2,PERDEU," ",1230,615
"SEMI EIXO 5120412",0,2,PERDEU," ",1868,934
"BOMBA HIDRAULICA 82827045",0,1,PERDEU," ",1459.5,1459.5
"REPARO CILINDRO DIREÇÃO 73402994",0,2,PERDEU," ",154,77
"GARFO 562073",0,2,PERDEU," ",996,498
"SUPORTE EIXO L.E. 5144276",0,1,PERDEU," ",2937.5,2937.5
"SUPORTE EIXO L.D. 5144277",0,1,PERDEU," ",2937.5,2937.5
"REPARO BOMBA DAGUA 1940144",0,2,PERDEU," ",575,287.5
"KIT ENGRENAGEM DIFERENCIAL 87695942",0,1,PERDEU," ",2160,2160
"TAMPA 87568653",0,1,PERDEU," ",2777,2777
"BUCHA 5133436",0,4,PERDEU," ",326,81.5
"BUCHA 5125280",0,4,PERDEU," ",362,90.5
"BUCHA 5144284",0,4,PERDEU," ",200,50
"PLACA SEPARADORA 5119327",0,4,PERDEU," ",266,66.5
"DISCO FREIO 87313939",0,8,PERDEU," ",812,101.5
"PLACA FREIO 5086161",0,4,PERDEU," ",1098,274.5
"EMBREAGEM CONJUNTO 47577952",0,1,PERDEU," ",3833.5,3833.5
"EIXO TOMADA DE FORÇA 84575114",0,1,PERDEU," ",840,840
"ENGRENAGEM TOMADA DE FORÇA 4950932",0,1,PERDEU," ",1052,1052
"EIXO DIANTEIRO  L.E. 5186662",0,1,PERDEU," ",3075,3075
"EIXO DIANTEIRO  L.D. 5186663",0,1,PERDEU," ",3104,3104
"PIVO EIXO DIANTEIRO 5165271",0,4,PERDEU," ",1486,371.5
"ROLAMENTO 5136951",0,4,PERDEU," ",814,203.5
"RETENTOR DIANTEIRO 87309584",0,4,PERDEU," ",582,145.5
"EIXO TRASEIRO 87671559",0,2,PERDEU," ",3762,1881
"JUNTA EIXO TRASEIRO 5163622",0,4,PERDEU," ",156,39
"ROLAMENTO EIXO TRASEIRO 26794760",0,4,PERDEU," ",1224,306
"COROA DENTADA 84339420",0,2,PERDEU," ",2874,1437
"COROA DENTADA 5165273",0,2,PERDEU," ",2258,1129
"ENGRENAGEM 5169137",0,6,PERDEU," ",1470,245
"ROLAMENTO 87565312",0,6,PERDEU," ",450,75
"EIXO DA PLANETARIA 5181050",0,6,PERDEU," ",750,125
"MAO DE OBRA MECANICA",0,100,PERDEU," ",11100,111
"SILENCIOSO 81000800",0,1,VENCEU," ",167.37,167.37
"CILNDRO MESTRE 80249700",0,2,VENCEU," ",364.2,182.1
"HELICE 82655300",0,1,VENCEU," ",273.39,273.39
"SINCRONIZADOR REDUZIDA 245790",0,1,VENCEU," ",604.7,604.7
"ENGRENAGEM PLANETARIA 581450",0,4,VENCEU," ",606.68,151.67
"ANEL SINCRONIZADO 64119",0,4,VENCEU," ",312.16,78.04
"EIXO CARDÃ 83385100",0,1,VENCEU," ",947.3,947.3
"ENGRENAGEM  80623100",0,6,VENCEU," ",1325.22,220.87
"ROLAMENTO 80173100",0,6,VENCEU," ",721.5,120.25
"EIXO 83438710",0,2,VENCEU," ",819.68,409.84
"CUBO DIANTEIRO 84104200",0,2,VENCEU," ",1139.7,569.85
"BUCHA 83436310",0,4,VENCEU," ",323.96,80.99
"CAIXA 83436010",0,1,VENCEU," ",695.99,695.99
"TAMPA EMBREAGEM 83070100",0,1,VENCEU," ",1104.36,1104.36
"EIXO EMBREAGEM 83062310",0,2,VENCEU," ",457.46,228.73
"BRAÇO DIRECIONAL 81948200",0,2,VENCEU," ",739.18,369.59
"ENGRENAGEM 81232300",0,1,VENCEU," ",854.04,854.04
"EIXO 83062210",0,2,VENCEU," ",374.02,187.01
"KIT EMBREAGEM 83063610",0,1,VENCEU," ",2037.91,2037.91
"DISCO 218080",0,2,VENCEU," ",766.68,383.34
"DISCO 218090",0,2,VENCEU," ",832.44,416.22
"PORTA PLANETARIA 81945000",0,2,VENCEU," ",2862.5,1431.25
"BOMBA HIDRAULICA 83410200",0,1,VENCEU," ",1209.4,1209.4
"RADIADOR OLEO 83287010",0,1,VENCEU," ",1338.98,1338.98
"EIXO LATERAL 651210",0,1,VENCEU," ",1167.19,1167.19
"CILINDRO MESTRE 80249700",0,2,VENCEU," ",594.88,297.44
"ROLAMENTO DO EIXO 651102",0,4,VENCEU," ",288.6,72.15
"ENGRENAGEM REDUZIDA 651301",0,2,VENCEU," ",545.8,272.9
"ENGRENAGEM SIMPLES 641340",0,2,VENCEU," ",973.8,486.9
"CARCAÇA EIXO TRASEIRO L.D. 83325800",0,1,VENCEU," ",2007.48,2007.48
"CARCAÇA EIXO TRASEIRO L.E. 83325900",0,1,VENCEU," ",2007.48,2007.48
"EIXO ENTALHADO 8330530",0,1,VENCEU," ",774.53,774.53
"SINCRONIZADOR 2/3 214010",0,1,VENCEU," ",798.08,798.08
"CARCAÇA TRANSMISSÃO L.E. 83336100",0,1,VENCEU," ",2128.72,2128.72
"CARCAÇA TRANSMISSÃO L.D. 83336200",0,1,VENCEU," ",2128.72,2128.72
"EIXO PINHÃO 8331520",0,1,VENCEU," ",508.01,508.01
"EIXO 83315300",0,1,VENCEU," ",1305.6,1305.6
"ENGRENAGEM 641250",0,1,VENCEU," ",652.8,652.8
"ENGRENAGEM 641110",0,1,VENCEU," ",504.08,504.08
"ROLAMENTO LATERAL 212226",0,2,VENCEU," ",688.14,344.07
"MAO DE OBRA MECANICA",0,100,VENCEU," ",10847,108.47
"ANEL TRAVA 423342",0,2,PERDEU," ",18.34,9.17
"ANEL TRAVA 423344",0,4,PERDEU," ",51.32,12.83
"CONE 423330",0,2,PERDEU," ",362.1,181.05
"CAPA 423334",0,2,PERDEU," ",226.42,113.21
"RETENTOR 423471",0,1,PERDEU," ",460.64,460.64
"CAPA 423331",0,2,PERDEU," ",393.26,196.63
"CONE 423332",0,2,PERDEU," ",253,126.5
"ENGRENAGEM 423322",0,1,PERDEU," ",834.65,834.65
"ARRUELA 423335",0,10,PERDEU," ",64.2,6.42
"EIXO 423314",0,1,PERDEU," ",699.9,699.9
"HELICE 265175",0,1,PERDEU," ",319.47,319.47
"RADIADOR DAGUA 267433",0,1,PERDEU," ",2053.86,2053.86
"SILENCIOSO 255796",0,1,PERDEU," ",313.97,313.97
"MOTOR HIDRAULICO 335557",0,1,PERDEU," ",3862.49,3862.49
"LUVA 813652",0,2,PERDEU," ",147.58,73.79
"CARDÃ DIFERENCIAL 255799",0,1,PERDEU," ",1016.61,1016.61
"COROA E PINHÃO 923634",0,1,PERDEU," ",2320.61,2320.61
"BOMBA VIBRAÇÃO 345580",0,1,PERDEU," ",3151.14,3151.14
"ORBITROL 927642",0,1,PERDEU," ",2453.99,2453.99
"CABO FREIO 456023",0,2,PERDEU," ",233.76,116.88
"CABO ACELERADOR 455109",0,2,PERDEU," ",198.92,99.46
"HASTE CILINDRO DIREÇÃO 347111",0,2,PERDEU," ",747.1,373.55
"ANEL VEDAÇÃO 423111",0,4,PERDEU," ",386.84,96.71
"ANEL VEDAÇÃO 160202",0,8,PERDEU," ",58.64,7.33
"arruela 423106",0,6,PERDEU," ",1122.06,187.01
"BUCHA DE BRONZE 423128",0,2,PERDEU," ",899.28,449.64
"CARRIER DO REDUTOR 423109",0,1,PERDEU," ",4172.34,4172.34
"EIXO PLANETARIA 190988",0,4,PERDEU," ",1426.36,356.59
"EIXO CARRIER 423105",0,4,PERDEU," ",861.68,215.42
"ENGRENAGEM 423112",0,4,PERDEU," ",4299.28,1074.82
"ENGRENAGEM 423115",0,2,PERDEU," ",5370.92,2685.46
"ENGRENAGEM 423113",0,2,PERDEU," ",6572.7,3286.35
"ENGRENAGEM 892474",0,2,PERDEU," ",2511.74,1255.87
"ENGRENAGEM 190998",0,6,PERDEU," ",1498.8,249.8
"JG REPARO CILINDRO DIREÇÃO 927036",0,4,PERDEU," ",617.84,154.46
"RETENTOR 190989",0,8,PERDEU," ",1547.36,193.42
"RETENTOR 190990",0,4,PERDEU," ",542.68,135.67
"ROLAMENTO 190992",0,4,PERDEU," ",4579.8,1144.95
"rolamento 923165",0,8,PERDEU," ",212.64,26.58
"ROLAMENTO 190997",0,8,PERDEU," ",7700.24,962.53
"VEDADOR 423123",0,4,PERDEU," ",660.04,165.01
"MAO DE OBRA MECANICA",0,100,PERDEU," ",10175,101.75
"RADIADOR DAGUA 20959",0,1,PERDEU," ",3198.82,3198.82
"ABRAÇADEIRA 12422",0,8,PERDEU," ",51.84,6.48
"CABO ACELERADOR 5254",0,2,PERDEU," ",325.8,162.9
"BOMBA 20449",0,1,PERDEU," ",2666.61,2666.61
"COXIM RADIADOR 22518",0,4,PERDEU," ",335.08,83.77
"MOTOR PARTIDA 3976",0,1,PERDEU," ",2036.29,2036.29
"ALTERNADOR 22293",0,1,PERDEU," ",1077.38,1077.38
"SOLENOIDE 17714",0,2,PERDEU," ",671.04,335.52
"SILENCIOSO 98518",0,1,PERDEU," ",257.31,257.31
"CORREIA ALTERNADOR 21788",0,4,PERDEU," ",438.72,109.68
"PARAFUSO 10301",0,10,PERDEU," ",37,3.7
"FAROL 5583",0,4,PERDEU," ",422.08,105.52
"RODA MOTRIZ 2773",0,2,PERDEU," ",2654.58,1327.29
"PARAFUSO 10225",0,32,PERDEU," ",251.84,7.87
"PARAFUSO 11181",0,352,PERDEU," ",1953.6,5.55
"PORCA 10490",0,352,PERDEU," ",978.56,2.78
"SAPATA 11873",0,88,PERDEU," ",11403.04,129.58
"RODA GUIA 11857",0,2,PERDEU," ",2663.84,1331.92
"ROLETE 16606",0,12,PERDEU," ",5553.48,462.79
"ROLETE 11854",0,2,PERDEU," ",1382.82,691.41
"ENGRENAGEM 98162",0,4,PERDEU," ",425.76,106.44
"PINO 98163",0,4,PERDEU," ",281.36,70.34
"BUCHA 98419",0,4,PERDEU," ",174,43.5
"MOTOR HIDRAULICO 69993",0,1,PERDEU," ",3350.62,3350.62
"ENGRENAGEM 98144",0,1,PERDEU," ",231.4,231.4
"ENGRENAGEM 98145",0,2,PERDEU," ",336.92,168.46
"ROLAMENTO 11156",0,4,PERDEU," ",336.92,84.23
"COXIM  16601",0,8,PERDEU," ",425.76,53.22
"MAO DE OBRA MECANICA",0,300,PERDEU," ",31377,104.59
"SILENCIOSO 71A151520",0,1,PERDEU," ",916,916
"COXIM 66Z771456",0,12,PERDEU," ",3876,323
"TUBO SAIDA 71H303014",0,2,PERDEU," ",446,223
"EIXO CARDÃ 99X254971",0,1,PERDEU," ",1367,1367
"ROLAMENTO 45G147258",0,2,PERDEU," ",972,486
"SUPORTE MOTOR L.E. 11V255215",0,1,PERDEU," ",491,491
"SUPORTE MOTOR L.D. 11V255214",0,1,PERDEU," ",502,502
"BOMBA HIDRAULICA 25O693147",0,1,PERDEU," ",2606,2606
"RETENTOR 45P475869",0,4,PERDEU," ",1192,298
"RADIADOR DAGUA 58N679146",0,1,PERDEU," ",3364.5,3364.5
"ROLAMENTO 45F551789",0,4,PERDEU," ",664,166
"ROLAMENTO 59A31468",0,4,PERDEU," ",684,171
"TAMPA 47J128569",0,1,PERDEU," ",614.5,614.5
"COLETOR ADMISSÃO 14A786514",0,1,PERDEU," ",1358.5,1358.5
"RETENTOR 11B28146",0,4,PERDEU," ",866,216.5
"SUPORTE DO CUBO 45L554678",0,2,PERDEU," ",1043,521.5
"SENSOR TEMPERATURA 81U392817",0,2,PERDEU," ",1321,660.5
"TUBO  45W582541",0,2,PERDEU," ",1165,582.5
"CORRENTE ARRASTO 45M913746",0,4,PERDEU," ",2338,584.5
"CHAPEU CHUVA 12U259478",0,2,PERDEU," ",527,263.5
"ROLAMENTO 77Y289173",0,2,PERDEU," ",595,297.5
"BOMBA DAGUA 93Q314697",0,2,PERDEU," ",1932,966
"SUPORTE 91M962541",0,8,PERDEU," ",1076,134.5
"BICO 91M257139",0,8,PERDEU," ",1904,238
"HELICE 99F987256",0,1,PERDEU," ",1275,1275
"PINO GUIA INFERIOR 65A364197",0,2,PERDEU," ",796,398
"PINO GUIA SUPERIOR 65A364198",0,2,PERDEU," ",777,388.5
"SOLENOIDE 19N316497",0,2,PERDEU," ",2120,1060
"CRUZETA 45J255264",0,6,PERDEU," ",768,128
"BARRA DIREÇÃO 77K631547",0,1,PERDEU," ",1395.5,1395.5
"BUCHA GUIA 59D297346",0,8,PERDEU," ",1860,232.5
"MOTOR ARRANQUE 81L838690",0,1,PERDEU," ",1734,1734
"MAO DE OBRA MECANICA",0,100,PERDEU," ",11100,111
"UNHA ESCAVADEIRA E135/E175B 72205063",0,160,PERDEU," ",12188.8,76.18
"TRAVA DENTE E135/E175B 11417145",0,160,PERDEU," ",4467.2,27.92
"UNHA ESCAVADEIRA DX225 71300057C",0,60,PERDEU," ",3946.2,65.77
"PINO DX225 27051022",0,60,PERDEU," ",1078.8,17.98
"TRAVA  DX225 21141859",0,60,PERDEU," ",567.6,9.46
"CANTO LAMINA W130 86992656",0,16,PERDEU," ",10931.84,683.24
"LAMINA W130 86992655",0,16,PERDEU," ",15988.96,999.31
"LAMINA W130 86992654",0,8,PERDEU," ",10613.84,1326.73
"PARAFUSO 42021236",0,200,PERDEU," ",1040,5.2
"PARAFUSO 42021244",0,200,PERDEU," ",984,4.92
"PORCA 42511612",0,400,PERDEU," ",948,2.37
"LAMINA FRONTAL 55C 551765",0,6,PERDEU," ",14887.38,2481.23
"DENTE 55C 3302877",0,60,PERDEU," ",12065.4,201.09
"PARAFUSO 13801870",0,200,PERDEU," ",1230,6.15
"PORCA 13806998",0,200,PERDEU," ",606,3.03
"LAMINA DIANTEIRA RD406 370160077",0,8,PERDEU," ",10280.72,1285.09
"PARAFUSO 219000337",0,200,PERDEU," ",852,4.26
"PORCA 219000075",0,200,PERDEU," ",378,1.89
"LAMINA TRASEIRA RD406 370160025",0,8,PERDEU," ",4428.72,553.59
"DENTE CENTRAL RD406 219000309",0,60,PERDEU," ",2554.8,42.58
"DENTE LATERAL  RD406 219000311",0,20,PERDEU," ",851.6,42.58
"DENTE LATERAL RD406 219000310",0,20,PERDEU," ",851.6,42.58
"LAMINA 13 FUROS CAT120G 5D9558",0,60,PERDEU," ",33244.2,554.07
"LAMINA 15 FUROS CAT120G 5D9559",0,60,PERDEU," ",33783.6,563.06
"PARAFUSO 3F5108",0,1000,PERDEU," ",4260,4.26
"PORCA 4K0637",0,1000,PERDEU," ",2370,2.37
"CANTO DE LAMINA CAT120B 3B4757",0,16,PERDEU," ",2816.16,176.01
"UNHA ESCARIFICADOR CAT120B 2D5572",0,100,PERDEU," ",3076,30.76
"SUPORTE ESCARIFICADOR CAT120B 1G2131",0,50,PERDEU," ",6861,137.22
"CANTO DE LAMINA CAT120G 8E5531",0,16,PERDEU," ",3883.68,242.73
"UNHA ESCARIFICADOR CAT120G 6Y5230",0,100,PERDEU," ",3076,30.76
"SUPORTE ESCARIFICADOR CAT120G 9F5124",0,50,PERDEU," ",6458.5,129.17
"LAMINA TRASEIRA LB110 75235262",0,8,PERDEU," ",4780.8,597.6
"SUPORTE DENTE LB110 75261224",0,40,PERDEU," ",1703.2,42.58
"DENTE LB110 85801096",0,100,PERDEU," ",3076,30.76
"PINO TRAVA LB110 85801097",0,100,PERDEU," ",946,9.46
"TRAVA LB110 85801098",0,100,PERDEU," ",1183,11.83
"LAMINA DIANTEIRA LB110 75238130",0,12,PERDEU," ",16181.88,1348.49
"DENTE LB110 75238350",0,100,PERDEU," ",4732,47.32
"PARAFUSO 75238351",0,400,PERDEU," ",1892,4.73
"PORCA 12164121",0,400,PERDEU," ",756,1.89
"SOBRE LAMINA B90B 75246669",0,8,PERDEU," ",10977.2,1372.15
"DENTE CENTRAL B90B 85811440",0,30,PERDEU," ",1320,44
"DENTE LATERAL B90B 85801376",0,10,PERDEU," ",714.5,71.45
"DENTE LATERAL B90B 85801377",0,10,PERDEU," ",714.5,71.45
"LAMINA 8 FUROS 5/8 5B5564",0,40,PERDEU," ",14459.6,361.49
"LAMINA 9 FUROS 5/8 5B5561",0,40,PERDEU," ",14894.8,372.37
"UNHA ESCARIFICADOR TRATOR D150 258726A1",0,60,PERDEU," ",10305.6,171.76
"LAMINA TRATOR D150 76089286",0,16,PERDEU," ",13642.08,852.63
"CANTO DE LAMINA TRATOR D150 76089288",0,8,PERDEU," ",2346.88,293.36
"CANTO DE LAMINA TRATOR D150 76089287",0,8,PERDEU," ",2346.88,293.36
"PARAFUSO DE LAMINA TRATOR D150 8273211",0,200,PERDEU," ",946,4.73
"PORCA DE LAMINA TRATOR D150 12164321",0,400,PERDEU," ",756,1.89
"UNHA RG170 75268187",0,100,PERDEU," ",5252,52.52
"SUPORTE DA UNHA RG170 75267178",0,60,PERDEU," ",10276.8,171.28
"TRAVA DA UNHA RG170 75267187",0,100,PERDEU," ",3785,37.85
"PARAFUSO DE LAMINA RG170 73132919",0,200,PERDEU," ",946,4.73
"MANGUEIRA BAIXA PRESSAO 01 TRAMA ACO E LONA R1-10",0,80,PERDEU," ",1754.4,21.93
"MANGUEIRA BAIXA PRESSAO 01 TRAMA ACO E LONA R1-12",0,80,PERDEU," ",3209.6,40.12
"MANGUEIRA BAIXA PRESSAO 01 TRAMA ACO E LONA R1-16",0,80,PERDEU," ",3545.6,44.32
"MANGUEIRA BAIXA PRESSAO 01 TRAMA ACO E LONA R1-20",0,80,PERDEU," ",3919.2,48.99
"MANGUEIRA BAIXA PRESSAO 01 TRAMA ACO E LONA R1-24",0,80,PERDEU," ",4441.6,55.52
"MANGUEIRA BAIXA PRESSAO 01 TRAMA ACO E LONA R1-4",0,80,PERDEU," ",1306.4,16.33
"MANGUEIRA BAIXA PRESSAO 01 TRAMA ACO E LONA R1-6",0,80,PERDEU," ",1567.2,19.59
"MANGUEIRA BAIXA PRESSAO 01 TRAMA ACO E LONA R1-8",0,80,PERDEU," ",1754.4,21.93
"MANGUEIRA BAIXA PRESSAO 02 TRAMAS ACO E LONA R2-04",0,80,PERDEU," ",1418.4,17.73
"MANGUEIRA BAIXA PRESSAO 02 TRAMAS ACO E LONA R2-06",0,80,PERDEU," ",2276.8,28.46
"MANGUEIRA BAIXA PRESSAO 02 TRAMAS ACO E LONA R2-08",0,80,PERDEU," ",2575.2,32.19
"MANGUEIRA BAIXA PRESSAO 02 TRAMAS ACO E LONA R2-10",0,80,PERDEU," ",2985.6,37.32
"MANGUEIRA BAIXA PRESSAO 02 TRAMAS ACO E LONA R2-12",0,80,PERDEU," ",3545.6,44.32
"MANGUEIRA BAIXA PRESSAO 02 TRAMAS ACO E LONA R2-16",0,80,PERDEU," ",4217.6,52.72
"MANGUEIRA BAIXA PRESSAO 02 TRAMAS ACO E LONA R2-20",0,80,PERDEU," ",4628,57.85
"MANGUEIRA BAIXA PRESSAO 02 TRAMAS ACO E LONA R2-24",0,80,PERDEU," ",5560.8,69.51
"MANGUEIRA ALTA PRESSAO 04 TRAMAS ACO  -12 4SH 12",0,50,PERDEU," ",4455.5,89.11
"MANGUEIRA ALTA PRESSAO 04 TRAMAS ACO  -16 4SH 16",0,50,PERDEU," ",6694.5,133.89
"MANGUEIRA ALTA PRESSAO 04 TRAMAS ACO -20 4SH 20",0,50,PERDEU," ",8701,174.02
"TERMINAL P/MANGUEIRA HIDR. C/CAPA COD  FL-10-10",0,50,PERDEU," ",1703,34.06
"TERMINAL P/MANGUEIRA HIDR. C/CAPA COD  FL-12-10",0,50,PERDEU," ",1796,35.92
"TERMINAL P/MANGUEIRA HIDR. C/CAPA COD  FL-12-12",0,50,PERDEU," ",1959.5,39.19
"TERMINAL P/MANGUEIRA HIDR. C/CAPA COD  FL-1616",0,50,PERDEU," ",2122.5,42.45
"TERMINAL P/MANGUEIRA HIDR. C/CAPA COD  FL-20-16",0,50,PERDEU," ",2216,44.32
"TERMINAL P/MANGUEIRA HIDR. C/CAPA COD FL20-20",0,50,PERDEU," ",2449.5,48.99
"TERMINAL P/MANGUEIRA HIDR. C/CAPA COD  FL-24-24",0,50,PERDEU," ",2916,58.32
"TERMINAL P/MANGUEIRA HIDR. C/CAPA COD FL-62-12-12",0,50,PERDEU," ",2122.5,42.45
"TERMINAL P/MANGUEIRA HIDR. C/CAPA COD  FL62-16-12",0,50,PERDEU," ",2309.5,46.19
"TERMINAL P/MANGUEIRA HIDR. C/CAPA COD  FL62-16-12",0,50,PERDEU," ",2449.5,48.99
"TERMINAL P/MANGUEIRA HIDR. C/CAPA COD  FL62-1616",0,50,PERDEU," ",2892.5,57.85
"TERMINAL P/MANGUEIRA HIDR. C/CAPA COD  FL62-20-20",0,50,PERDEU," ",3569,71.38
"TERMINAL P/MANGUEIRA HIDR. C/CAPA COD  FL62-24-24",0,50,PERDEU," ",4105.5,82.11
"TERMINAL P/MANGUEIRA HIDR. C/CAPA COD  FLCAT-12-12",0,50,PERDEU," ",2216,44.32
"TERMINAL P/MANGUEIRA HIDR. C/CAPA COD  FLCAT-1616",0,50,PERDEU," ",2682.5,53.65
"TERMINAL P/MANGUEIRA HIDR. C/CAPA COD  FLCAT-2020",0,50,PERDEU," ",3102.5,62.05
"TERMINAL P/MANGUEIRA HIDR. C/CAPA COD  FLCAT-2424",0,50,PERDEU," ",3569,71.38
"TERMINAL P/MANGUEIRA HIDR. C/CAPA COD  FL90-12-12",0,50,PERDEU," ",2216,44.32
"TERMINAL P/MANGUEIRA HIDR. C/CAPA COD  FL90-1612",0,50,PERDEU," ",2449.5,48.99
"TERMINAL P/MANGUEIRA HIDR. C/CAPA COD  FL90-1616",0,50,PERDEU," ",2682.5,53.65
"TERMINAL P/MANGUEIRA HIDR. C/CAPA COD  FL90-2016",0,50,PERDEU," ",2846,56.92
"TERMINAL P/MANGUEIRA HIDR. C/CAPA COD  FL90-20-20",0,50,PERDEU," ",2939,58.78
"TERMINAL P/MANGUEIRA HIDR. C/CAPA COD  FL90-24-24",0,50,PERDEU," ",4059,81.18
"TERMINAL P/MANGUEIRA HIDR. C/CAPA COD  FJ-0404",0,50,PERDEU," ",700,14
"TERMINAL P/MANGUEIRA HIDR. C/CAPA COD  FJ-0606",0,50,PERDEU," ",886.5,17.73
"TERMINAL P/MANGUEIRA HIDR. C/CAPA COD  FJ-0808",0,50,PERDEU," ",1329.5,26.59
"TERMINAL P/MANGUEIRA HIDR. C/CAPA COD  FJ-1010",0,50,PERDEU," ",1703,34.06
"TERMINAL P/MANGUEIRA HIDR. C/CAPA COD  FJ-1212",0,50,PERDEU," ",1796,35.92
"TERMINAL P/MANGUEIRA HIDR. C/CAPA COD FJ-1616",0,50,PERDEU," ",2449.5,48.99
"TERMINAL P/MANGUEIRA HIDR. C/CAPA COD  FJ-2020",0,50,PERDEU," ",2682.5,53.65
"TERMINAL P/MANGUEIRA HIDR. C/CAPA COD FJ-2424",0,50,PERDEU," ",3102.5,62.05
"TERMINAL P/MANGUEIRA HIDR. C/CAPA COD FJ-3232",0,50,PERDEU," ",4455.5,89.11
"TERMINAL P/MANGUEIRA HIDR. C/CAPA COD  FJ90-0404",0,50,PERDEU," ",886.5,17.73
"TERMINAL P/MANGUEIRA HIDR. C/CAPA COD  FJ90-0606",0,50,PERDEU," ",1073,21.46
"TERMINAL P/MANGUEIRA HIDR. C/CAPA COD FJ90-0808",0,50,PERDEU," ",1329.5,26.59
"TERMINAL P/MANGUEIRA HIDR. C/CAPA COD  FJ90-1010",0,50,PERDEU," ",1563,31.26
"TERMINAL P/MANGUEIRA HIDR. C/CAPA COD  FJ90-1212",0,50,PERDEU," ",1796,35.92
"TERMINAL P/MANGUEIRA HIDR. C/CAPA COD FJ90-1616",0,50,PERDEU," ",2682.5,53.65
"TERMINAL P/MANGUEIRA HIDR. C/CAPA COD  FJ90-2020",0,50,PERDEU," ",3779,75.58
"TERMINAL P/MANGUEIRA HIDR. C/CAPA COD  FJ90-2424",0,50,PERDEU," ",5342,106.84
"TERMINAL P/MANGUEIRA HIDR. C/CAPA COD  FJ90-3232",0,50,PERDEU," ",6228,124.56
"TERMINAL P/MANGUEIRA HIDR. C/CAPA COD  MJ-0404",0,50,PERDEU," ",793,15.86
"TERMINAL P/MANGUEIRA HIDR. C/CAPA COD MJ-0606",0,50,PERDEU," ",979.5,19.59
"TERMINAL P/MANGUEIRA HIDR. C/CAPA COD  MJ-0808",0,50,PERDEU," ",1236.5,24.73
"TERMINAL P/MANGUEIRA HIDR. C/CAPA COD  MJ-1010",0,50,PERDEU," ",1423,28.46
"TERMINAL P/MANGUEIRA HIDR. C/CAPA COD  MJ-1212",0,50,PERDEU," ",1516,30.32
"TERMINAL P/MANGUEIRA HIDR. C/CAPA COD  MJ-1616]",0,50,PERDEU," ",2216,44.32
"TERMINAL P/MANGUEIRA HIDR. C/CAPA COD  MJ-2020",0,50,PERDEU," ",2449.5,48.99
"TERMINAL P/MANGUEIRA HIDR. C/CAPA COD  MJ-2424",0,50,PERDEU," ",2682.5,53.65
"TERMINAL P/MANGUEIRA HIDR. C/CAPA COD  MJ-3232",0,50,PERDEU," ",3475.5,69.51
"TERMINAL P/MANGUEIRA HIDR. C/CAPA COD  MN-0204",0,50,PERDEU," ",443,8.86
"TERMINAL P/MANGUEIRA HIDR. C/CAPA COD  MN-0404",0,50,PERDEU," ",583,11.66
"TERMINAL P/MANGUEIRA HIDR. C/CAPA COD  MN-0606",0,50,PERDEU," ",653,13.06
"TERMINAL P/MANGUEIRA HIDR. C/CAPA COD MN-0808",0,50,PERDEU," ",886.5,17.73
"TERMINAL P/MANGUEIRA HIDR. C/CAPA COD  MN-1212",0,50,PERDEU," ",1283,25.66
"TERMINAL P/MANGUEIRA HIDR. C/CAPA COD  MN-1616",0,50,PERDEU," ",1703,34.06
"TERMINAL P/MANGUEIRA HIDR. C/CAPA COD  MN-2020",0,50,PERDEU," ",2169.5,43.39
"TERMINAL P/MANGUEIRA HIDR. C/CAPA COD  MN-2424",0,50,PERDEU," ",2449.5,48.99
"TERMINAL P/MANGUEIRA HIDR. C/CAPA COD  MN-3232",0,50,PERDEU," ",4455.5,89.11
"TERMINAL P/MANGUEIRA HIDR. C/CAPA COD  FAO-12",0,50,PERDEU," ",793,15.86
"TERMINAL P/MANGUEIRA HIDR. C/CAPA COD  FAO-16",0,50,PERDEU," ",1096.5,21.93
"TERMINAL P/MANGUEIRA HIDR. C/CAPA COD  FAO-20",0,50,PERDEU," ",1189.5,23.79
"TERMINAL P/MANGUEIRA HIDR. C/CAPA COD  FAO-24",0,50,PERDEU," ",1423,28.46
"TERMINAL P/MANGUEIRA HIDR. C/CAPA COD  FAO-26",0,50,PERDEU," ",1516,30.32
"TERMINAL P/MANGUEIRA HIDR. C/CAPA COD FAO-34",0,50,PERDEU," ",1703,34.06
"TERMINAL P/MANGUEIRA HIDR. C/CAPA COD  FAO36",0,50,PERDEU," ",2006,40.12
"TERMINAL P/MANGUEIRA HIDR. C/CAPA COD  FAO-42",0,50,PERDEU," ",2216,44.32
"TERMINAL P/MANGUEIRA HIDR. C/CAPA COD FAO90-12",0,50,PERDEU," ",886.5,17.73
"TERMINAL P/MANGUEIRA HIDR. C/CAPA COD  FAO90-16",0,50,PERDEU," ",1049.5,20.99
"TERMINAL P/MANGUEIRA HIDR. C/CAPA COD FAO90-20",0,50,PERDEU," ",1096.5,21.93
"TERMINAL P/MANGUEIRA HIDR. C/CAPA COD  FAO90-24",0,50,PERDEU," ",1236.5,24.73
"TERMINAL P/MANGUEIRA HIDR. C/CAPA COD  FAO90-26",0,50,PERDEU," ",1423,28.46
"TERMINAL P/MANGUEIRA HIDR. C/CAPA COD  FAO90-34",0,50,PERDEU," ",2006,40.12
"TERMINAL P/MANGUEIRA HIDR. C/CAPA COD  FAO90-36",0,50,PERDEU," ",2216,44.32
"TERMINAL P/MANGUEIRA HIDR. C/CAPA COD  FAO90-42",0,50,PERDEU," ",2589.5,51.79
"TERMINAL P/MANGUEIRA HIDR. C/CAPA COD  FB-0404",0,50,PERDEU," ",350,7
"TERMINAL P/MANGUEIRA HIDR. C/CAPA COD  FB-0606",0,50,PERDEU," ",536.5,10.73
"TERMINAL P/MANGUEIRA HIDR. C/CAPA COD  FB-0808",0,50,PERDEU," ",816.5,16.33
"TERMINAL P/MANGUEIRA HIDR. C/CAPA COD FB-1010",0,50,PERDEU," ",1096.5,21.93
"TERMINAL P/MANGUEIRA HIDR. C/CAPA COD  FB-1212",0,50,PERDEU," ",1563,31.26
"TERMINAL P/MANGUEIRA HIDR. C/CAPA COD FB-1616",0,50,PERDEU," ",2122.5,42.45
"TERMINAL P/MANGUEIRA HIDR. C/CAPA COD  FB-2020",0,50,PERDEU," ",2636,52.72
"TERMINAL P/MANGUEIRA HIDR. C/CAPA COD FB-2424",0,50,PERDEU," ",3102.5,62.05
"TERMINAL P/MANGUEIRA HIDR. C/CAPA COD  FB-3232",0,50,PERDEU," ",6694.5,133.89
"TERMINAL P/MANGUEIRA HIDR. C/CAPA COD  FB90-0404",0,50,PERDEU," ",653,13.06
"TERMINAL P/MANGUEIRA HIDR. C/CAPA COD  FB90-0606",0,50,PERDEU," ",793,15.86
"TERMINAL P/MANGUEIRA HIDR. C/CAPA COD  FB90-0808",0,50,PERDEU," ",1096.5,21.93
"TERMINAL P/MANGUEIRA HIDR. C/CAPA COD  FB90-1010",0,50,PERDEU," ",1423,28.46
"TERMINAL P/MANGUEIRA HIDR. C/CAPA COD  FB90-1212",0,50,PERDEU," ",2006,40.12
"TERMINAL P/MANGUEIRA HIDR. C/CAPA COD  FB90-1616",0,50,PERDEU," ",2216,44.32
"MANGUEIRA ALTA PRESSAO B 6 TRAMAS DE ACO 3/4 R15",0,20,PERDEU," ",4478.8,223.94
"MANGUEIRA ALTA PRESSAO 06 TRAMAS ACO 1 R15",0,20,PERDEU," ",5346.4,267.32
"MANGUEIRA ALTA PRESSAO 06 TRAMAS ACO 1.1/4 R15",0,20,PERDEU," ",8649.6,432.48
"TERMINAL P/MANGUEIRA HIDR. C/CAPA COD  FB90-2020",0,20,PERDEU," ",979.8,48.99
"TERMINAL P/MANGUEIRA HIDR. C/CAPA COD  FB90-2424",0,20,PERDEU," ",1035.8,51.79
"TERMINAL P/MANGUEIRA HIDR. C/CAPA COD  FB90-3232",0,20,PERDEU," ",1782.2,89.11
"TERMINAL P/MANGUEIRA HIDR. C/CAPA COD  TMJ-4",0,20,PERDEU," ",102.6,5.13
"TERMINAL P/MANGUEIRA HIDR. C/CAPA COD  TMJ-6",0,20,PERDEU," ",140,7
"TERMINAL P/MANGUEIRA HIDR. C/CAPA COD  TMJ-8",0,20,PERDEU," ",214.6,10.73
"TERMINAL P/MANGUEIRA HIDR. C/CAPA COD  TMJ-10",0,20,PERDEU," ",280,14
"TERMINAL P/MANGUEIRA HIDR. C/CAPA COD  TMJ-12",0,20,PERDEU," ",438.6,21.93
"TERMINAL P/MANGUEIRA HIDR. C/CAPA COD  TMJ-16",0,20,PERDEU," ",709.2,35.46
"TERMINAL P/MANGUEIRA HIDR. C/CAPA COD  TMJ-20",0,20,PERDEU," ",979.8,48.99
"TERMINAL P/MANGUEIRA HIDR. C/CAPA COD  TMN-4",0,20,PERDEU," ",84,4.2
"TERMINAL P/MANGUEIRA HIDR. C/CAPA COD  TMN-6",0,20,PERDEU," ",140,7
"TERMINAL P/MANGUEIRA HIDR. C/CAPA COD  TMN-8",0,20,PERDEU," ",186.6,9.33
"TERMINAL P/MANGUEIRA HIDR. C/CAPA COD  TMN-10",0,20,PERDEU," ",280,14
"TERMINAL P/MANGUEIRA HIDR. C/CAPA COD  TMN-12",0,20,PERDEU," ",438.6,21.93
"TERMINAL P/MANGUEIRA HIDR. C/CAPA COD  TMN-16",0,20,PERDEU," ",690.4,34.52
"TERMINAL P/MANGUEIRA HIDR. C/CAPA COD  MM-12",0,20,PERDEU," ",802.4,40.12
"TERMINAL P/MANGUEIRA HIDR. C/CAPA COD  MM-16",0,20,PERDEU," ",979.8,48.99
"TERMINAL P/MANGUEIRA HIDR. C/CAPA COD  MM-18",0,20,PERDEU," ",261.2,13.06
"TERMINAL P/MANGUEIRA HIDR. C/CAPA COD  MM-20",0,20,PERDEU," ",354.6,17.73
"TERMINAL P/MANGUEIRA HIDR. C/CAPA COD  MM-22",0,20,PERDEU," ",419.8,20.99
"TERMINAL P/MANGUEIRA HIDR. C/CAPA COD  MM-24",0,20,PERDEU," ",494.6,24.73
"TERMINAL P/MANGUEIRA HIDR. C/CAPA COD  MM26",0,20,PERDEU," ",681.2,34.06
"TERMINAL P/MANGUEIRA HIDR. C/CAPA COD  MM-28",0,20,PERDEU," ",802.4,40.12
"TERMINAL P/MANGUEIRA HIDR. C/CAPA COD  MM-30",0,20,PERDEU," ",886.4,44.32
"TERMINAL P/MANGUEIRA HIDR. C/CAPA COD  OLHAL 12",0,20,PERDEU," ",177.2,8.86
"TERMINAL P/MANGUEIRA HIDR. C/CAPA COD  OLHAL-16",0,20,PERDEU," ",261.2,13.06
"TERMINAL P/MANGUEIRA HIDR. C/CAPA COD  OLHAL-18",0,20,PERDEU," ",354.6,17.73
"TERMINAL P/MANGUEIRA HIDR. C/CAPA COD  OLHAL -20",0,20,PERDEU," ",438.6,21.93
"TERMINAL P/MANGUEIRA HIDR. C/CAPA COD  OLHAL-22",0,20,PERDEU," ",531.8,26.59
"TERMINAL P/MANGUEIRA HIDR. C/CAPA COD  OLHAL-24",0,20,PERDEU," ",625.2,31.26
"TERMINAL P/MANGUEIRA HIDR. C/CAPA COD  OLHAL-26",0,20,PERDEU," ",587.8,29.39
"TERMINAL P/MANGUEIRA HIDR. C/CAPA COD  OLHAL 28",0,20,PERDEU," ",662.4,33.12
"TERMINAL P/MANGUEIRA HIDR. C/CAPA COD  OLHAL 30",0,20,PERDEU," ",718.4,35.92
"TERMINAL P/MANGUEIRA HIDR. C/CAPA COD  FMB-12",0,20,PERDEU," ",177.2,8.86
"TERMINAL P/MANGUEIRA HIDR. C/CAPA COD  FMB-16",0,20,PERDEU," ",261.2,13.06
"TERMINAL P/MANGUEIRA HIDR. C/CAPA COD  FMB-20",0,20,PERDEU," ",280,14
"TERMINAL P/MANGUEIRA HIDR. C/CAPA COD  FMB-22",0,20,PERDEU," ",317.2,15.86
"TERMINAL P/MANGUEIRA HIDR. C/CAPA COD  FMB-24",0,20,PERDEU," ",438.6,21.93
"TERMINAL P/MANGUEIRA HIDR. C/CAPA COD  FMB-26",0,20,PERDEU," ",494.6,24.73
"TERMINAL P/MANGUEIRA HIDR. C/CAPA COD  FMB-28",0,20,PERDEU," ",569.2,28.46
"TERMINAL P/MANGUEIRA HIDR. C/CAPA COD  FMB-30",0,20,PERDEU," ",709.2,35.46
"TERMINAL P/MANGUEIRA HIDR. C/CAPA COD  FMB90-12",0,20,PERDEU," ",233.2,11.66
"TERMINAL P/MANGUEIRA HIDR. C/CAPA COD  FMB90-14",0,20,PERDEU," ",261.2,13.06
"TERMINAL P/MANGUEIRA HIDR. C/CAPA COD  FMB90-16",0,20,PERDEU," ",354.6,17.73
"TERMINAL P/MANGUEIRA HIDR. C/CAPA COD  FMB90-18",0,20,PERDEU," ",438.6,21.93
"TERMINAL P/MANGUEIRA HIDR. C/CAPA COD  FMB90-20",0,20,PERDEU," ",531.8,26.59
"TERMINAL P/MANGUEIRA HIDR. C/CAPA COD  FMB90-22",0,20,PERDEU," ",606.4,30.32
"TERMINAL P/MANGUEIRA HIDR. C/CAPA COD FMB90-24",0,20,PERDEU," ",681.2,34.06
"TERMINAL P/MANGUEIRA HIDR. C/CAPA COD  FMB90-26",0,20,PERDEU," ",783.8,39.19
"TERMINAL P/MANGUEIRA HIDR. C/CAPA COD  FMB90-28",0,20,PERDEU," ",867.8,43.39
"TERMINAL P/MANGUEIRA HIDR. C/CAPA COD   FMB90-30",0,20,PERDEU," ",1035.8,51.79
