nomeEntidade,numeroProcesso,anoProcesso,numeroLicitacao,anoLicitacao,dataPublicacao,objeto,modalidade,tipoObjeto,formaJulgamento,dataHomologacao,situacao,adesao,atasRegistroPrecos,cidadeCertame,contratos,dataAberturaEnvelopes,dataAnulacao,dataCriacao,dataJulgamento,dataRevogacao,despesas,documentosRelacionados,emailContato,empenhos,enderecoCertame,enderecoEntrega,estadoCertame,formaContratacao,"inicioRecebimentoEnvelopes",itensVencedores,meioDivulgacao,motivoAnulacao,motivoRevogacao,nomeContato,participantes,registroPrecos,telefoneContato,"terminoRecebimentoEnvelopes",fundamentoLegal,valorEstimado,valorHomologado
"FUNDAÇÃO MUNICIPAL DE ESPORTES DE CRICIÚMA",6,2018,6,2018,2018-05-03,"Locação do imóvel, locação de um imóvel localizado na Rua Alvaro Catão, n° 913 no bairro Operária Nova, em Criciúma - SC, devidamente registrado sob a matricula 126.321, para ser utilizado para a Ginástica Artística e Ginástica Rítmica.","Dispensa de licitação","Compras e Serviços","MENOR PRECO",2018-05-02,Homologado," "," ",Criciúma,"contratos_08dad0f2-2e2b-4393-b972-765eee8c1a59.csv",2018-05-02T08:00:00Z," ",2018-05-02," "," ","despesas_43342a2e-e640-46ab-9c22-aeefb6fdaaca.csv","documentosRelacionados_7e97c058-9baa-432a-b97e-e58e0c8d1a27.csv"," "," "," "," ",SC,Licitação,2018-05-02T08:00:00Z,"itensVencedores_cb172abf-def4-4de7-abb5-4ee03d4389eb.csv",Internet," "," ","NELI SEHNEM DOS SANTOS","participantes_d12d36f6-2f8a-4816-911d-870e3812aa59.csv",NÃO," ",2018-05-02T08:00:00Z," "," "," "
"FUNDAÇÃO MUNICIPAL DE ESPORTES DE CRICIÚMA",7,2018,7,2018,2018-05-15,"Contratação de empresa especializada no manejo de pombos e instalação de telas no ginásio municipal de esportes de Criciúma/SC.","Pregão presencial","Compras e Serviços","MENOR PRECO GLOBAL",2018-07-03,Homologado," "," ",Criciúma,"contratos_944540e9-90f2-4d2b-beeb-65799408a201.csv",2018-06-04T09:00:00Z," ",2018-05-15,2018-07-02," ","despesas_4e8fd639-b7a8-4981-9f9b-a45e6fc5d287.csv","documentosRelacionados_d55eaaaf-9c1c-4dea-b4a7-a2958f5dade8.csv"," "," "," "," ",SC,Licitação,2018-06-04T08:00:00Z,"itensVencedores_6d3f9e50-2ddf-4eff-bc39-fecf7c0bc9ab.csv","Mural Público"," "," ","NELI SEHNEM DOS SANTOS","participantes_caf342ea-dbd2-4de7-b9cf-9ddc713c201f.csv",NÃO," ",2018-06-04T09:00:00Z," "," "," "
"FUNDAÇÃO MUNICIPAL DE ESPORTES DE CRICIÚMA",8,2018,8,2018,2018-10-15,"Contratação de empresa em sanitização para limpeza da fachada na Fundação Municipal de Esportes.","Dispensa de licitação","Compras e Serviços","MENOR PRECO",2018-10-11,Homologado," "," ",Criciúma,"contratos_8d15e911-a719-4b84-b506-d2482dd4a76d.csv",2018-10-10T08:00:00Z," ",2018-10-10," "," ","despesas_649cf0f9-8951-475f-8443-daff9a7e47ad.csv","documentosRelacionados_edd5ad14-2318-44e6-aa28-1895326c6410.csv"," "," "," "," ",SC,Licitação,2018-10-10T08:00:00Z,"itensVencedores_3e433613-feb0-43ae-9a0e-c43d433240b6.csv",Internet," "," ","NELI SEHNEM DOS SANTOS","participantes_a8d03081-21d4-48fe-9770-fc5c224a4a43.csv",NÃO," ",2018-10-10T08:00:00Z," "," "," "
"FUNDAÇÃO MUNICIPAL DE ESPORTES DE CRICIÚMA",3,2018,3,2018,2018-04-18,"Contratação de empresa especializada para execução dos serviços de transporte de atletas da Fundação Municipal de Esportes, em viagens, quando da participação em campeonatos oficiais no Estado de Santa Catarina e campeonatos interestaduais.","Pregão presencial","Compras e Serviços","MENOR PRECO POR ITEM",2018-06-06,Homologado," "," ",Criciúma,"contratos_7e9b8fd4-f21d-480c-8ab6-8a86b05a76cd.csv",2018-05-02T15:00:00Z," ",2018-04-18,2018-06-04," ","despesas_d7452c0d-5562-41e3-b761-49779de3083e.csv","documentosRelacionados_a0264705-61f3-43b8-9157-fc2bccbe5ef4.csv"," "," "," "," ",SC,Licitação,2018-05-02T08:00:00Z,"itensVencedores_868a1f35-88ab-4ec5-b740-20c4dad638f8.csv","Mural Público"," "," ","NELI SEHNEM DOS SANTOS","participantes_92b6ea2f-2409-422c-844b-8474232671c8.csv",NÃO," ",2018-05-02T15:00:00Z," "," "," "
"FUNDAÇÃO MUNICIPAL DE ESPORTES DE CRICIÚMA",4,2018,4,2018,2018-04-19,"Contratação de empresa para fornecimento de refeições (café, almoço, lanche e janta), a serem servidas diariamente para os atletas da Fundação Municipal de Criciúma, durante competições oficiais no Estado de Santa Catarina e interestaduais.","Pregão presencial","Compras e Serviços","MENOR PRECO GLOBAL",2018-05-28,Homologado," "," ",Criciúma,"contratos_0e588665-18bf-4fa1-8d56-41b32636c252.csv",2018-04-25T09:00:00Z," ",2018-04-19,2018-05-24," ","despesas_d3379704-7fff-4115-8e62-cb2ed075317c.csv","documentosRelacionados_6dd3bd2f-7713-4f87-90cd-9e1ccb9ae6a3.csv"," "," "," "," ",SC,Licitação,2018-04-25T09:00:00Z,"itensVencedores_32829e4b-0eba-4a9b-baed-ffae6ba023d5.csv","Mural Público"," "," ","NELI SEHNEM DOS SANTOS","participantes_530a196f-e146-4aa4-951e-f170e4a0a4bc.csv",NÃO," ",2018-04-25T09:00:00Z," "," "," "
"FUNDAÇÃO MUNICIPAL DE ESPORTES DE CRICIÚMA",5,2018,5,2018,2018-04-24,"O presente Edital  tem  por  objetivo a aquisição de traves, baliza para vôlei e tabelas de basquete para uso da Fundação Municipal de Esportes de Criciúma - SC.",Convite,"Compras e Serviços","MENOR PRECO GLOBAL",2018-05-11,Homologado," "," ",Criciúma,"contratos_d8f695e6-06f4-4dc1-badd-2e1f6b67ae0a.csv",2018-05-07T15:00:00Z," ",2018-04-24,2018-05-07," ","despesas_aeb57a57-0fc7-48da-800e-5edee4f0a195.csv","documentosRelacionados_bdd35518-6c9c-4057-b64e-fd562b886790.csv"," "," "," "," ",SC,Licitação,2018-05-07T08:00:00Z,"itensVencedores_9b4c250a-21a9-42e1-9de9-b11847d13bec.csv","Mural Público"," "," ","NELI SEHNEM DOS SANTOS","participantes_aa7b9449-b4c9-4446-805a-bd0123bbd5b1.csv",NÃO," ",2018-05-07T14:45:00Z," "," "," "
"FUNDAÇÃO MUNICIPAL DE ESPORTES DE CRICIÚMA",1,2018,1,2018,2018-03-16,"Contratação de empresa especializada em recarga de créditos eletrônicos no sistema de bilhetagem eletrônica do sistema integrado de transporte coletivo de Criciúma (Cartão Criciumacard), os mesmos serão distribuídos aos atletas de diversas modalidades espostivas dentro do municipio de Criciúma.","Inexigibilidade de licitação","Compras e Serviços","MENOR PRECO",2018-03-15,Homologado," "," ",Criciúma,"contratos_5361dd09-2194-4f34-a803-961bdcd8351f.csv",2018-03-15T08:00:00Z," ",2018-03-15," "," ","despesas_ba3926c6-8fae-40be-8c39-87bfcb5b778f.csv","documentosRelacionados_6f3cc826-ecf3-470a-a60c-9a2d07bb6761.csv"," "," "," "," ",SC,Licitação,2018-03-15T08:00:00Z,"itensVencedores_0b13c4ad-a4f1-464e-b534-e2f3a989830f.csv","Diário Oficial da União"," "," ","NELI SEHNEM DOS SANTOS","participantes_dd51f2fa-5b27-4b3a-b7f8-368964d40b46.csv",NÃO," ",2018-03-15T08:00:00Z," "," "," "
"FUNDAÇÃO MUNICIPAL DE ESPORTES DE CRICIÚMA",2,2018,2,2018,2018-04-10,"Operacionalização da gestão e execução, pela contratada, das atividades e serviços para fomentar e executar práticas desportivas no Município de Criciúma, para atendimento de até 8.000 (oito mil) pessoas, de diversas faixas etárias e em diversos horários.","Dispensa de licitação","Compras e Serviços","MENOR PRECO",2018-04-05,Homologado," "," ",Criciúma,"contratos_9cc5e644-34ee-4a46-b881-9dc5dd83d802.csv",2018-04-05T08:00:00Z," ",2018-04-05," "," ","despesas_7198cf4b-bf60-4052-932a-d7cd73ad3013.csv","documentosRelacionados_16ec3c40-d4c1-4f2b-b9e0-26fed21ca0d3.csv"," "," "," "," ",SC,Licitação,2018-04-05T08:00:00Z,"itensVencedores_e4d20cce-29c0-4b0e-9fd8-7ad6a61d4594.csv",Internet," "," ","NELI SEHNEM DOS SANTOS","participantes_f78e9c88-6ebc-4807-a18b-ae0c0e37c58c.csv",NÃO," ",2018-04-05T08:00:00Z," "," "," "
"PREFEITURA MUNICIPAL DE CRICIUMA",73,2018,73,2018,2018-03-06,"Registro de preços para fornecimento e plantio de grama em leiva dos tipos sempre verde e esmeralda em praças, parques, rótulas, passeios e demais áreas públicas do Município de Criciúma.","Pregão presencial","Compras e Serviços","MENOR PRECO GLOBAL",2018-03-20,HOMOLOGADO," ","atasRegistroPrecos_58d56f0f-8e12-4a01-a549-2fb3ad36d4cb.csv"," "," ",2018-03-16T10:01:00Z," ",2018-03-02,2018-03-16," ","despesas_c3d80ae7-2522-4aed-9e2a-bb7d412d66f0.csv"," ","tributos@criciuma.sc.gov.br"," ","Rua Domênico Sônego","Rua Domênico Sônego",SC,"Pregão presencial",2018-03-16T08:00:00Z,"itensVencedores_31ccad77-92c1-4841-8012-caf03657090c.csv",INTERNET,,," ","participantes_3d2902a0-d1f7-4c92-bce1-ddc8d243f50b.csv",SIM," ",2018-03-16T10:00:00Z,," "," "
"PREFEITURA MUNICIPAL DE CRICIUMA",74,2018,74,2018,2018-03-05,"O presente Edital tem por objetivo a aquisição de placas para obras tipo lona front light, adesivos e banner, com entrega parcelada durante o período de 2018.",Convite,"Compras e Serviços","MENOR PRECO GLOBAL",2018-04-09,HOMOLOGADO," "," "," ","contratos_26c0f1ed-06e2-4651-908f-7c242b5244da.csv",2018-03-16T11:00:00Z," ",2018-03-05,2018-03-16," ","despesas_81c4d13c-5476-45ef-851f-bd57ad09f049.csv"," ","tributos@criciuma.sc.gov.br"," ","Rua Domênico Sônego","Rua Domênico Sônego",SC,Convite,2018-03-16T08:00:00Z,"itensVencedores_327ef322-5aa1-4730-a38a-94846e24394b.csv",MURAL_PUBLICO,,," ","participantes_a334054d-8357-4658-bdee-747e2909c7f3.csv",NÃO," ",2018-03-16T10:45:00Z,"Lei 8666/1993, Art. 22, III"," "," "
"PREFEITURA MUNICIPAL DE CRICIUMA",78,2018,78,2018,2018-03-05,"A presente licitação tem por objetivo a contratação de empresa para instalação de um guincho hidráulico na plataforma de máquinas pesadas e equipamentos pertencente a Secretaria de Infraestrutura, Planejamento e Mobilidade Urbana do município de Criciúma/SC",Convite,"Compras e Serviços","MENOR PRECO GLOBAL",2018-03-28,HOMOLOGADO," "," "," ","contratos_8991a6cd-96a6-483c-b9a4-f61bf5e5cf80.csv",2018-03-21T14:00:00Z," ",2018-03-05,2018-03-21," "," "," ","tributos@criciuma.sc.gov.br"," ","Rua Domênico Sônego","Rua Domênico Sônego",SC,Convite,2018-03-21T08:00:00Z,"itensVencedores_7ca3377c-bc25-4a4f-a2ba-ad279b11f1c0.csv",MURAL_PUBLICO,,," ","participantes_3efc1d6e-7e81-45b4-9b19-b7f9310d5afd.csv",NÃO," ",2018-03-21T13:45:00Z,"Lei 8666/1993, Art. 22, III"," "," "
"PREFEITURA MUNICIPAL DE CRICIUMA",55,2018,55,2018,2018-02-23,"Contratação de empresa especializada na execução de serviços de análise e validação das faturas emitidas pelos fornecedores dos serviços de telemática, relativas aos serviços de telefonia fixa, telefonia móvel e link de dados, incluindo a elaboração do processo de contestação e o acompanhamento da correção dos valores das faturas da Administração Municipal de Criciúma",Convite,"Compras e Serviços","MENOR PRECO",2018-03-12,HOMOLOGADO," "," "," ","contratos_6e7dd1a0-2e17-4218-8c33-9320f81ed452.csv",2018-03-08T09:00:00Z," ",2018-02-23,2018-03-08," ","despesas_f4c14694-1fb4-447d-94ff-77dde716fd1b.csv"," ","tributos@criciuma.sc.gov.br"," ","Rua Domênico Sônego","Rua Domênico Sônego",SC,Convite,2018-03-08T08:00:00Z,"itensVencedores_d4c27394-7229-49cc-9d74-65395c34cb15.csv",MURAL_PUBLICO,,," ","participantes_764437c6-fb66-484f-96da-43daf30acfdd.csv",NÃO," ",2018-03-08T08:45:00Z,"Lei 8666/1993, Art. 22, III"," "," "
"PREFEITURA MUNICIPAL DE CRICIUMA",56,2018,56,2018,2018-02-28,"A presente licitação tem por objetivo a contratação de empresa especializada para prestação de serviço de disponibilização, instalação, operação e manutenção de equipamentos eletrônicos de controle de tráfego para o monitoramento foto-eletrônico do trânsito do município de Criciúma/SC.","Pregão presencial","Compras e Serviços","MENOR PRECO GLOBAL",2018-04-25,HOMOLOGADO," "," "," ","contratos_cc039c67-58cc-459c-86e2-ed06f5c25704.csv",2018-04-09T09:01:00Z," ",2018-02-26,2018-04-09," ","despesas_b3c68655-d866-429a-8a6c-d17ece5e7a80.csv"," ","tributos@criciuma.sc.gov.br"," ","Rua Domênico Sônego","Rua Domênico Sônego",SC,"Pregão presencial",2018-04-09T08:00:00Z,"itensVencedores_31fc4964-9656-4b93-b894-121a5646954d.csv",INTERNET,,," ","participantes_dc82edbf-dfbf-4277-bdaa-3c21a5dcdf3c.csv",NÃO," ",2018-04-09T09:00:00Z,," "," "
"PREFEITURA MUNICIPAL DE CRICIUMA",57,2018,57,2018,2018-03-01,"O presente Edital tem por objetivo a aquisição de sementes certificadas de pastagens de outono e inverno, para fornecimento subsidiado a agricultores e pecuaristas do município de Criciúma/SC.","Pregão presencial","Compras e Serviços","MENOR PRECO POR ITEM",2018-03-14,HOMOLOGADO," "," "," ","contratos_08b6d634-ccb2-4756-a796-74e2c17e11d4.csv",2018-03-13T11:01:00Z," ",2018-02-26,2018-03-13," ","despesas_c7e1c411-68bf-4788-b0e0-3861087e550a.csv"," ","tributos@criciuma.sc.gov.br"," ","Rua Domênico Sônego","Rua Domênico Sônego",SC,"Pregão presencial",2018-03-13T08:00:00Z,"itensVencedores_a4d0f429-6631-4dc4-8190-5e520886aaf8.csv",INTERNET,,," ","participantes_6623ead3-c8f1-44a9-8f05-7f2a54e1d107.csv",NÃO," ",2018-03-13T11:00:00Z,," "," "
"PREFEITURA MUNICIPAL DE CRICIUMA",59,2018,59,2018,2018-02-27,"Aquisição de equipamentos de informática para atendimento a Secretaria Municipal da Fazenda e Diretoria de Trânsito e Transportes do município de Criciúma/SC.","Pregão presencial","Compras e Serviços","MENOR PRECO POR ITEM",2018-04-05,HOMOLOGADO," "," "," ","contratos_2fef8d6c-d7d7-4772-9ba1-8c61fa491cb3.csv",2018-03-13T15:31:00Z," ",2018-02-27,2018-03-13," ","despesas_3b6528ba-25e9-4dca-a36b-51b71bf4228a.csv"," ","tributos@criciuma.sc.gov.br"," ","Rua Domênico Sônego","Rua Domênico Sônego",SC,"Pregão presencial",2018-03-13T08:00:00Z,"itensVencedores_15f0bef5-cb6e-4978-ae47-4017c9dd2705.csv",MURAL_PUBLICO,,," ","participantes_d42c5a19-0148-49b0-b50d-2ef7282a149c.csv",NÃO," ",2018-03-13T15:30:00Z,," "," "
"PREFEITURA MUNICIPAL DE CRICIUMA",61,2018,61,2018,2018-02-28,"Contratação de empresa especializada na locação de equipamentos de impressão e fornecimento de serviços, compreendendo a colocação de diversos tipos de impressoras e multifuncionais, software para gerenciamento, monitoramento e controle dos processos envolvidos, bem como o fornecimento de consumíveis, manutenção dos equipamentos e reparo dos mesmos, para atendimento a diversas Secretarias, Diretorias, Fundos e Fundações do município de Criciúma/SC.","Pregão presencial","Compras e Serviços","MENOR PRECO GLOBAL",2018-04-03,HOMOLOGADO," "," "," ","contratos_86e2d763-06eb-4fb1-a605-568a7138e67d.csv",2018-03-14T14:01:00Z," ",2018-02-28,2018-03-14," "," "," ","tributos@criciuma.sc.gov.br","empenhos_40fec4ba-a5c0-4f60-a78e-3ab7bfb86b7d.csv","Rua Domênico Sônego","Rua Domênico Sônego",SC,"Pregão presencial",2018-03-14T08:00:00Z,"itensVencedores_5ba9e497-0d86-42f9-b775-4f8f3db36910.csv",MURAL_PUBLICO,,," ","participantes_b281abb6-7d22-43a4-840e-30a62bc130f3.csv",NÃO," ",2018-03-14T14:00:00Z,," "," "
"PREFEITURA MUNICIPAL DE CRICIUMA",65,2018,65,2018,2018-03-01,"Contratação de empresa para realizar serviços de recauchutagem e vulcanização de pneus, na manutenção de veículos e equipamentos rodoviários pertencentes a frota oficial do  município de Criciúma/SC",Convite,"Compras e Serviços","MENOR PRECO GLOBAL",2018-03-21,HOMOLOGADO," "," "," ","contratos_e9375870-b2dc-4353-9763-52984996eec9.csv",2018-03-14T09:00:00Z," ",2018-03-01,2018-03-14," ","despesas_a7d0a3a2-24b3-4ffb-a6b6-a85b6791a372.csv"," ","tributos@criciuma.sc.gov.br"," ","Rua Domênico Sônego","Rua Domênico Sônego",SC,Convite,2018-03-14T08:00:00Z,"itensVencedores_5a7b69c6-699d-4727-ba6e-76279ad4ccbe.csv",MURAL_PUBLICO,,," ","participantes_457cf18c-efab-458f-9207-3d030a482ab7.csv",NÃO," ",2018-03-14T08:45:00Z,"Lei 8666/1993, Art. 22, III"," "," "
"PREFEITURA MUNICIPAL DE CRICIUMA",67,2018,67,2018,2018-06-12,"Contratação de empresa especializada para execução de serviços de manutenção, conserto, recuperação de compressores de ar,  bomba de lavação, bomba de engraxar, bomba de abastecimento, macacos hidráulicos e máquinas de montagem de pneus, pertencentes ao patrimônio do município de Criciúma/SC.",Convite,"Compras e Serviços","MENOR PRECO",2018-08-01,HOMOLOGADO," "," "," ","contratos_da6e0738-2036-44ed-8ff2-dbde2a8aa5cc.csv",2018-07-20T15:00:00Z," ",2018-03-01,2018-07-20," ","despesas_b2014545-6ad6-457b-849e-70201ae92f73.csv"," ","tributos@criciuma.sc.gov.br"," ","Rua Domênico Sônego","Rua Domênico Sônego",SC,Convite,2018-07-20T08:00:00Z,"itensVencedores_62449ffe-5780-498e-a245-510e1756057e.csv",MURAL_PUBLICO,,," ","participantes_7cc9c2e7-acaa-4c8e-ba89-fd17812c4d10.csv",NÃO," ",2018-07-20T14:45:00Z,"Lei 8666/1993, Art. 22, III"," "," "
"PREFEITURA MUNICIPAL DE CRICIUMA",68,2018,68,2018,2018-03-01,"Elaboração do PLANO DE GERENCIAMENTO DOS  RESIDUOS DA CONSTRUÇÃO CIVIL E DEMOLIÇÃO - PGRCD  no Município de Criciúma.",Convite,"Compras e Serviços","MENOR PRECO GLOBAL",2018-03-21,HOMOLOGADO," "," "," ","contratos_950a9f31-c25a-44d2-a641-f8b83afb4f9a.csv",2018-03-20T14:00:00Z," ",2018-03-01,2018-03-20," ","despesas_b7a76717-61fd-404c-8158-fa82047a87f1.csv"," ","tributos@criciuma.sc.gov.br"," ","Rua Domênico Sônego","Rua Domênico Sônego",SC,Convite,2018-03-20T08:00:00Z,"itensVencedores_594c3713-eb9c-4e5c-8cf6-36009adba2b1.csv",MURAL_PUBLICO,,," ","participantes_9f2c5f4b-e1aa-42a8-b36d-fe912ce2d4b9.csv",NÃO," ",2018-03-20T13:45:00Z,"Lei 8666/1993, Art. 22, III"," "," "
"PREFEITURA MUNICIPAL DE CRICIUMA",69,2018,69,2018,2018-03-01,"O presente Edital tem por objetivo a aquisição de lubrificantes através de empresas do ramo, para reposição e manutenção de equipamentos rodoviários que compõem a frota oficial do Município de Criciúma - SC",Convite,"Compras e Serviços","MENOR PRECO POR ITEM",2018-03-22,HOMOLOGADO," "," "," ","contratos_a8495321-ac41-4e3e-a1cc-0d0c6877427c.csv",2018-03-19T14:00:00Z," ",2018-03-01,2018-03-19," ","despesas_98e38ef0-4d7d-4165-a207-f9a9033bdceb.csv"," ","tributos@criciuma.sc.gov.br"," ","Rua Domênico Sônego","Rua Domênico Sônego",SC,Convite,2018-03-19T08:00:00Z,"itensVencedores_27ac4031-a668-4300-9f43-be8ef830f087.csv",MURAL_PUBLICO,,," ","participantes_158e61f7-ad32-4173-82f3-fdaa000bb13e.csv",NÃO," ",2018-03-19T13:45:00Z,"Lei 8666/1993, Art. 22, III"," "," "
"PREFEITURA MUNICIPAL DE CRICIUMA",70,2018,70,2018,2018-03-05,"Constitui objeto do presente contrato a locação de imóvel, 01(um) pavilhão de alvenaria com área de 278,68 m2, situado à Rua Arno Preis, Nº 67, Bairro Santa Bárbara, Criciúma/SC, destinado a instalação do ALMOXARIFADO CENTRAL do Município de Criciúma / SC.","Dispensa de licitação","Compras e Serviços","MENOR PRECO",2018-03-02,HOMOLOGADO," "," "," ","contratos_1daf851c-319c-4f05-a705-d49cfc83f4e3.csv",2018-03-01T08:01:00Z," ",2018-03-01,2018-03-01," ","despesas_b26cddc6-4de5-45b7-8b5f-f2533f6e2bb0.csv"," ","tributos@criciuma.sc.gov.br"," ","Rua Domênico Sônego","Rua Domênico Sônego",SC,"Dispensa de licitação",2018-03-01T08:00:00Z,"itensVencedores_9eb5a6bd-32c8-42dd-b2a2-e8d13fbcd345.csv",INTERNET,,," ","participantes_da615674-c05e-4549-ad6c-1181b288c64f.csv",NÃO," ",2018-03-01T08:00:00Z,," "," "
"PREFEITURA MUNICIPAL DE CRICIUMA",72,2018,72,2018,2018-03-06,"Contratação de empresa especializada em serviços de limpeza e desentupimento de fossas, rede coletora de esgoto, filtros anaeróbicos, sumidouros e caixas de gorduras, com equipamentos/caminhões apropriados, nos prédios públicos e Rede Municipal de Educação de Criciúma/SC, compreendendo o fornecimento e mão e obra, caminhões, equipamentos e ferramentas normais e especiais necessárias.","Pregão presencial","Compras e Serviços","MENOR PRECO GLOBAL",2018-04-10,HOMOLOGADO," "," "," ","contratos_60ea9b48-6a9b-4ca8-a8d5-ed1f44915ff5.csv",2018-03-16T08:31:00Z," ",2018-03-02,2018-03-16," ","despesas_57043882-c5a7-4ec8-af4f-a773c9adb348.csv"," ","tributos@criciuma.sc.gov.br"," ","Rua Domênico Sônego","Rua Domênico Sônego",SC,"Pregão presencial",2018-03-16T08:00:00Z,"itensVencedores_acda778b-0d83-49ac-ad5c-65e0b40a1888.csv",INTERNET,,," ","participantes_aa9facd2-fbe4-4a85-a715-57805ac29613.csv",NÃO," ",2018-03-16T08:30:00Z,," "," "
"PREFEITURA MUNICIPAL DE CRICIUMA",75,2018,75,2018,2018-03-05,"O presente Edital tem por objetivo a aquisição de placas para inaugurações e homenagens, com entrega parcelada durante o período de 2018.",Convite,"Compras e Serviços","MENOR PRECO GLOBAL",2018-04-04,HOMOLOGADO," "," "," ","contratos_39e647bc-32b4-4cc4-b756-9fcaaf346040.csv",2018-03-20T09:00:00Z," ",2018-03-05,2018-03-20," ","despesas_bfc78322-eb03-4a9b-971c-2a15679b4887.csv"," ","tributos@criciuma.sc.gov.br"," ","Rua Domênico Sônego","Rua Domênico Sônego",SC,Convite,2018-03-20T08:00:00Z,"itensVencedores_eb3185dc-c7e9-47f5-99f5-f5b75ba8af56.csv",MURAL_PUBLICO,,," ","participantes_f17d3460-f125-4317-8231-c347d3560334.csv",NÃO," ",2018-03-20T08:45:00Z,"Lei 8666/1993, Art. 22, III"," "," "
"PREFEITURA MUNICIPAL DE CRICIUMA",76,2018,76,2018,2018-03-05,"A presente licitação tem por objetivo a contratação de empresa do ramo pertinente, para execução de serviços de manutenção em radiadores, afim de atender as necessidades dos veículos e equipamentos da frota do município de Criciúma/SC",Convite,"Compras e Serviços","MENOR PRECO GLOBAL",2018-03-28,HOMOLOGADO," "," "," ","contratos_78b83e68-5798-45da-ad41-77a4eca02b10.csv",2018-03-20T16:00:00Z," ",2018-03-05,2018-03-20," ","despesas_54f31d55-ab3e-47c2-a9d5-af67ebeec585.csv"," ","tributos@criciuma.sc.gov.br"," ","Rua Domênico Sônego","Rua Domênico Sônego",SC,Convite,2018-03-20T08:00:00Z,"itensVencedores_e062ba9b-b699-4df4-a956-6c38890c8f84.csv",MURAL_PUBLICO,,," ","participantes_b4e9e1c5-0788-451f-be41-03f42ff5ef75.csv",NÃO," ",2018-03-20T15:45:00Z,"Lei 8666/1993, Art. 22, III"," "," "
"PREFEITURA MUNICIPAL DE CRICIUMA",77,2018,77,2018,2018-03-05,"O presente Edital tem por objetivo a aquisição de gêneros alimentícios diversos, com entrega parcelada durante o período de 2018.",Convite,"Compras e Serviços","MENOR PRECO GLOBAL",2018-03-29,HOMOLOGADO," "," "," ","contratos_bfbfc7b6-9cb9-471c-9c40-300cb5a6eded.csv",2018-03-21T09:00:00Z," ",2018-03-05,2018-03-21," ","despesas_d30d4c66-6847-41cc-8f27-769776b00c59.csv"," ","tributos@criciuma.sc.gov.br"," ","Rua Domênico Sônego","Rua Domênico Sônego",SC,Convite,2018-03-21T08:00:00Z,"itensVencedores_ebe9b724-e3c4-423a-aad6-ff86023db34b.csv",MURAL_PUBLICO,,," ","participantes_ccba5ad3-c789-47b7-bf2b-2f3c346db502.csv",NÃO," ",2018-03-21T08:45:00Z,"Lei 8666/1993, Art. 22, III"," "," "
"PREFEITURA MUNICIPAL DE CRICIUMA",79,2018,79,2018,2018-03-05,"A presente licitação tem por objetivo a contratação de empresa para execução, de forma parcelada, de serviços de manutenção e conserto das máquinas de corte de asfalto pertencentes ao patrimônio do município de Criciúma/SC",Convite,"Compras e Serviços","MENOR PRECO POR ITEM",2018-04-04,HOMOLOGADO," "," "," ","contratos_1d8a59e2-cfd7-4fc8-becc-2d3ce763ff84.csv",2018-03-22T09:00:00Z," ",2018-03-05,2018-03-22," ","despesas_65132d2b-4014-434e-98b9-56a688884394.csv"," ","tributos@criciuma.sc.gov.br"," ","Rua Domênico Sônego","Rua Domênico Sônego",SC,Convite,2018-03-22T08:00:00Z,"itensVencedores_457ef91e-aee1-4aef-b7e1-d61fa4b9a32c.csv",MURAL_PUBLICO,,," ","participantes_e0ea19ed-0796-4266-902e-658e83034386.csv",NÃO," ",2018-03-22T08:45:00Z,"Lei 8666/1993, Art. 22, III"," "," "
"PREFEITURA MUNICIPAL DE CRICIUMA",85,2018,85,2018,2018-03-06,"O presente Edital tem por objetivo a contratação de serviço especializado em folha de pagamento da Prefeitura Municipal de Criciúma.",Convite,"Compras e Serviços","MENOR PREÇO POR HORA TRABALHADA",2018-04-19,HOMOLOGADO," "," "," ","contratos_fb512c3f-0184-4895-969c-7c9b9a54ebc5.csv",2018-03-26T09:01:00Z," ",2018-03-06,2018-03-26," ","despesas_05fbdb28-f8e5-4971-98e6-798d1bd72ad7.csv"," ","tributos@criciuma.sc.gov.br"," ","Rua Domênico Sônego","Rua Domênico Sônego",SC,Convite,2018-03-26T08:00:00Z,"itensVencedores_0e8bee11-a7ea-48e4-871c-8116420edde0.csv",MURAL_PUBLICO,,," ","participantes_47bec1fb-d019-4036-86b2-d628ee40bf91.csv",NÃO," ",2018-03-26T09:00:00Z,"Lei 8666/1993, Art. 22, III"," "," "
"PREFEITURA MUNICIPAL DE CRICIUMA",80,2018,80,2018,2018-03-05,"O presente Edital tem por objetivo a aquisição de materiais elétricos para instalação e operação da usina de asfalto do Município de Criciúma - SC",Convite,"Compras e Serviços","MENOR PRECO GLOBAL",2018-04-04,HOMOLOGADO," "," "," ","contratos_994c215c-63ab-4093-a8eb-64940c5cbafc.csv",2018-03-22T14:00:00Z," ",2018-03-05,2018-03-22," ","despesas_23e370dc-9264-4f78-a9ea-9bc530e66a1e.csv"," ","tributos@criciuma.sc.gov.br"," ","Rua Domênico Sônego","Rua Domênico Sônego",SC,Convite,2018-03-22T08:00:00Z,"itensVencedores_6f13f970-b4a9-42e6-90f6-ba4f8f725de1.csv",MURAL_PUBLICO,,," ","participantes_afc9d782-b92f-47c6-a840-201ac7252c5c.csv",NÃO," ",2018-03-22T13:45:00Z,"Lei 8666/1993, Art. 22, III"," "," "
"PREFEITURA MUNICIPAL DE CRICIUMA",81,2018,81,2018,2018-03-16,"Contratação de empresa para prestação de serviços de mão-de-obra, por demanda, para execução de recomposição da pavimentação removida de vias públicas (pista de rolamento), em decorrência de obras de manutenção e/ou expansão de redes de abastecimento de água e de coleta de esgotos sanitários realizados pela CASAN, no município de Criciúma. (Convênio Nº. 277/2012).",Convite,"Obras e Serviços de Engenharia","MENOR PRECO",2018-04-04,HOMOLOGADO," "," "," ","contratos_17edb2df-553f-46c9-a6bb-79a714560caf.csv",2018-03-27T14:00:00Z," ",2018-03-05,2018-03-27," ","despesas_07e90050-0b7b-484b-bcd3-de8f161fe513.csv"," ","tributos@criciuma.sc.gov.br"," ","Rua Domênico Sônego","Rua Domênico Sônego",SC,Convite,2018-03-27T08:00:00Z,"itensVencedores_c0f9aff2-4be0-4ecd-9f5a-1c003a0d08d4.csv",MURAL_PUBLICO,,," ","participantes_8a4a896b-0d91-4984-b54f-34ede07e578c.csv",NÃO," ",2018-03-27T13:45:00Z,"Lei 8666/1993, Art. 22, III"," "," "
"PREFEITURA MUNICIPAL DE CRICIUMA",86,2018,86,2018,2018-03-06,"A presente licitação tem por objetivo a contratação de empresa do ramo pertinente para execução, de forma parcelada, de serviços especializados que consistem na reforma de móveis (poltronas e cadeiras) de uso na administração municipal de Criciúma/SC",Convite,"Compras e Serviços","MENOR PRECO GLOBAL",2018-04-20,HOMOLOGADO," "," "," ","contratos_48edab75-086d-47f2-b993-ce286fbda524.csv",2018-03-26T14:00:00Z," ",2018-03-06,2018-03-26," ","despesas_fde6e916-bee8-43b5-b1eb-bed01db9a650.csv"," ","tributos@criciuma.sc.gov.br"," ","Rua Domênico Sônego","Rua Domênico Sônego",SC,Convite,2018-03-26T08:00:00Z,"itensVencedores_05f77647-f4eb-4409-9d52-56cc485c8dfc.csv",MURAL_PUBLICO,,," ","participantes_c3318013-18cc-4a74-a181-7908099ab2d2.csv",NÃO," ",2018-03-26T13:45:00Z,"Lei 8666/1993, Art. 22, III"," "," "
"PREFEITURA MUNICIPAL DE CRICIUMA",87,2018,87,2018,2018-03-15,"REGISTRO DE PREÇOS DE MATERIAIS ELÉTRICOS, PARA MANUTENÇÃO DOS PREDIOS PUBLICOS E REDE MUNICIPAL DE EDUCAÇÃO DE CRICIÚMA/SC.","Pregão presencial","Compras e Serviços","MENOR PREÇO GLOBAL POR LOTE",2018-03-28,HOMOLOGADO," ","atasRegistroPrecos_ec5d0d64-fb1c-489e-bf30-8b33cf9f65e0.csv"," "," ",2018-03-27T08:31:00Z," ",2018-03-07,2018-03-27," ","despesas_3ba84af0-e520-40a2-9556-ca32ea76bce6.csv"," ","tributos@criciuma.sc.gov.br"," ","Rua Domênico Sônego","Rua Domênico Sônego",SC,"Pregão presencial",2018-03-27T08:00:00Z,"itensVencedores_f89b6391-a8e9-4b95-a240-e11e0e130db6.csv",INTERNET,,," ","participantes_804df321-eafa-404a-b81f-faf89f34f95c.csv",SIM," ",2018-03-27T08:30:00Z,," "," "
"PREFEITURA MUNICIPAL DE CRICIUMA",88,2018,88,2018,2018-03-15,"Registro de preços de vidros, compreendendo a instalação e equipamentos necessários, para atendimento a diversas Secretarias, Diretorias, Fundos e Fundações do município de Criciúma/SC.","Pregão presencial","Compras e Serviços","MENOR PRECO GLOBAL",2018-03-28,HOMOLOGADO," ","atasRegistroPrecos_42e1b37b-d447-4db6-88b4-c5e34e5e9529.csv"," "," ",2018-03-27T14:01:00Z," ",2018-03-07,2018-03-27," ","despesas_71926884-4441-41d0-b4a0-7a78c8d51d88.csv"," ","tributos@criciuma.sc.gov.br"," ","Rua Domênico Sônego","Rua Domênico Sônego",SC,"Pregão presencial",2018-03-27T08:00:00Z,"itensVencedores_629a1fe1-c3ad-483b-9684-1728c9534764.csv",INTERNET,,," ","participantes_e5f8feaf-d231-4bb6-99d3-5ab057f85667.csv",SIM," ",2018-03-27T14:00:00Z,," "," "
"PREFEITURA MUNICIPAL DE CRICIUMA",37,2018,37,2018,2018-02-14,"Contratação de empresa especializada na prestação de serviços de assessoria técnica nas áreas contábil, financeira, orçamentária e de controle interno da Administração Municipal de Criciúma, com execução de carga horária mínima de 550 horas, durante o exercício de 2018.",Convite,"Compras e Serviços","MENOR PREÇO POR HORA TRABALHADA",2018-03-05,HOMOLOGADO," "," "," ","contratos_b59c3126-361e-46d4-8e44-0ec7a81dbc95.csv",2018-02-23T09:01:00Z," ",2018-02-14,2018-02-23," ","despesas_109f14fd-1a71-450d-a4ac-dd528908436d.csv"," ","tributos@criciuma.sc.gov.br"," ","Rua Domênico Sônego","Rua Domênico Sônego",SC,Convite,2018-02-23T08:00:00Z,"itensVencedores_6b3c8686-94af-4621-b01c-01d2677576a2.csv",MURAL_PUBLICO,,," ","participantes_5eb63740-6c6d-46d4-a2a4-8a08d0a4024a.csv",NÃO," ",2018-02-23T09:00:00Z,"Lei 8666/1993, Art. 22, III"," "," "
"PREFEITURA MUNICIPAL DE CRICIUMA",38,2018,38,2018,2018-02-15,"Contratação de empresa para execução e recuperação, por demanda, de obras de contenção de encostas, canais de drenagem e cabeceiras de pontes e caixas de ligação/pluvial para manutenção do sistema de drenagem do município de Criciúma-SC.",Convite,"Obras e Serviços de Engenharia","MENOR PRECO GLOBAL",2018-03-01,HOMOLOGADO," "," "," ","contratos_19ff13ad-5bdf-42c5-965c-4d16de044780.csv",2018-02-23T14:01:00Z," ",2018-02-15,2018-02-23," ","despesas_fd9c2be2-88f7-4e37-89bc-37065b0f12d0.csv"," ","tributos@criciuma.sc.gov.br"," ","Rua Domênico Sônego","Rua Domênico Sônego",SC,Convite,2018-02-23T08:00:00Z,"itensVencedores_51c98915-0ab6-433a-a20f-35f1fec73e21.csv",MURAL_PUBLICO,,," ","participantes_5abf72c1-534c-4176-adb7-599e7787e77b.csv",NÃO," ",2018-02-23T14:00:00Z,"Lei 8666/1993, Art. 22, III"," "," "
"PREFEITURA MUNICIPAL DE CRICIUMA",41,2018,41,2018,2018-02-20,"Contratação de empresa especializada no fornecimento e instalação de uma balança rodoviária eletrônica, para a Secretaria de Infraestrutura, Planejamento e Mobilidade Urbana do município de Criciúma.","Pregão presencial","Compras e Serviços","MENOR PRECO GLOBAL",2018-03-07,HOMOLOGADO," "," "," ","contratos_a11ab023-68e3-4c39-8fc8-608ddd03b8a5.csv",2018-03-02T09:01:00Z," ",2018-02-19,2018-03-02," ","despesas_d2f4b14b-e4de-4fec-a001-e3119e0af257.csv"," ","tributos@criciuma.sc.gov.br"," ","Rua Domênico Sônego","Rua Domênico Sônego",SC,"Pregão presencial",2018-03-02T08:00:00Z,"itensVencedores_ea48ceb8-9814-43b2-80d5-8993022339d9.csv",INTERNET,,," ","participantes_2e5dffdb-fc46-4f81-9308-45b6ef6583ed.csv",NÃO," ",2018-03-02T09:00:00Z,," "," "
"PREFEITURA MUNICIPAL DE CRICIUMA",43,2018,43,2018,2018-02-20,"Registro de preços de drenos de concreto, para aquisições futuras, em atendimento a ampliação e manutenção do sistema de drenagem pluvial de ruas e logradouros públicos no município de Criciúma/SC.","Pregão presencial","Compras e Serviços","MENOR PRECO POR ITEM",2018-03-05,HOMOLOGADO," ","atasRegistroPrecos_b4686c4c-d0c0-468a-b30b-1c95d2762b87.csv"," "," ",2018-03-02T14:01:00Z," ",2018-02-19,2018-03-02," ","despesas_db7f3e4f-2a42-42dd-9071-0e3bfdfccaf4.csv"," ","tributos@criciuma.sc.gov.br"," ","Rua Domênico Sônego","Rua Domênico Sônego",SC,"Pregão presencial",2018-03-02T08:00:00Z,"itensVencedores_5b3bb430-ecf4-42c6-9c12-c247e48a11c2.csv",INTERNET,,," ","participantes_32b02440-a3d8-4834-be5d-69028f613456.csv",SIM," ",2018-03-02T14:00:00Z,," "," "
"PREFEITURA MUNICIPAL DE CRICIUMA",182,2018,182,2018,2018-06-08,"O presente instrumento de contrato tem como objetivo a prestação de serviços de Assistência Técnica e Extensão Rural pela CONTRATADA para a CONTRATANTE, contendo as ações descritas no Plano anual de trabalho (PAT), que desde já integra este instrumento.","Inexigibilidade de licitação","Compras e Serviços","MENOR PRECO",2018-06-07,HOMOLOGADO," "," "," ","contratos_a8f7e31e-da92-4f0b-a92f-5bbcbd19fdc7.csv",2018-06-07T08:01:00Z," ",2018-06-07,2018-06-07," ","despesas_b6c9a714-c42b-4ccc-b57f-e1697de3682a.csv"," ","tributos@criciuma.sc.gov.br"," ","Rua Domênico Sônego","Rua Domênico Sônego",SC,"Inexigibilidade de licitação",2018-06-07T08:00:00Z,"itensVencedores_10dfacc6-3820-4d58-8b67-050cf59c59a7.csv",INTERNET,,," ","participantes_d8e178ac-4cc9-4d97-8018-87085a9af4fd.csv",NÃO," ",2018-06-07T08:00:00Z,," "," "
"PREFEITURA MUNICIPAL DE CRICIUMA",192,2018,192,2018,2018-06-20,"Contratação de empresa especializada para prestar serviços de monitoramento de matérias de interesse direto e indireto do município de Criciúma (clipagem), junto às emissoras de radio e televisão, assim como TV a Cabo, que atuam na região.",Convite,"Compras e Serviços","MENOR PRECO GLOBAL",2018-07-19,HOMOLOGADO," "," "," ","contratos_77ad60e0-c3af-4209-a7f7-0a65eda5efd8.csv",2018-07-04T15:30:00Z," ",2018-06-20,2018-07-04," ","despesas_f04d6949-7371-4f20-87b7-80a6787a517b.csv"," ","tributos@criciuma.sc.gov.br"," ","Rua Domênico Sônego","Rua Domênico Sônego",SC,Convite,2018-07-04T08:00:00Z,"itensVencedores_56090756-58d7-401a-a024-b1784ff052a0.csv",MURAL_PUBLICO,,," ","participantes_16c61527-76b6-4da2-b912-9cb95fb5d843.csv",NÃO," ",2018-07-04T15:00:00Z,"Lei 8666/1993, Art. 22, III"," "," "
"PREFEITURA MUNICIPAL DE CRICIUMA",197,2018,197,2018,2018-06-26,"Aquisição de equipamentos e softwares de informática para atendimento a Prefeitura Municipal de Criciúma/SC.","Pregão presencial","Compras e Serviços","MENOR PRECO POR ITEM",2018-07-09,HOMOLOGADO," "," "," ","contratos_e479d51b-776a-4e9e-8685-f8f098029715.csv",2018-07-06T15:01:00Z," ",2018-06-25,2018-07-06," ","despesas_c14b14ae-dac4-43ed-b737-2a6b34e7d1be.csv"," ","tributos@criciuma.sc.gov.br"," ","Rua Domênico Sônego","Rua Domênico Sônego",SC,"Pregão presencial",2018-07-06T08:00:00Z,"itensVencedores_27b41da0-9b6f-4dae-8044-5b6bfe42138a.csv",INTERNET,,," ","participantes_f79de081-f45b-4bf1-863a-b7c91d47f203.csv",NÃO," ",2018-07-06T15:00:00Z,," "," "
"PREFEITURA MUNICIPAL DE CRICIUMA",202,2018,202,2018,2018-06-28,"A presente licitação tem por objetivo a contratação de empresa especializada, para prestação de serviços de manutenção preventiva do sistema de climatização VRF do Paço Municipal Marcos Rovaris no município de Criciúma/SC.","Pregão presencial","Compras e Serviços","MENOR PRECO GLOBAL",2018-07-12,HOMOLOGADO," "," "," ","contratos_86e697b4-be95-482e-804d-a59bf5de07ee.csv",2018-07-11T08:31:00Z," ",2018-06-26,2018-07-11," ","despesas_76f1ef96-8863-44ce-bb14-b8ea5e87988e.csv"," ","tributos@criciuma.sc.gov.br"," ","Rua Domênico Sônego","Rua Domênico Sônego",SC,"Pregão presencial",2018-07-11T08:00:00Z,"itensVencedores_abe7c9a2-db49-40a0-82e4-6681303cfbd3.csv",INTERNET,,," ","participantes_48f08f0a-bcb0-4d50-996e-0ab351198674.csv",NÃO," ",2018-07-11T08:30:00Z,," "," "
"PREFEITURA MUNICIPAL DE CRICIUMA",203,2018,203,2018,2018-06-28,"Registro de preços de lubrificantes para na reposição e manutenção dos equipamentos rodoviários que compõem a frota oficial do Município de Criciúma/SC.","Pregão presencial","Compras e Serviços","MENOR PRECO POR ITEM",2018-07-12,HOMOLOGADO," ","atasRegistroPrecos_c0d58ea4-f82c-4355-9a40-e660bd989163.csv"," "," ",2018-07-11T10:01:00Z," ",2018-06-26,2018-07-11," ","despesas_24c99f3f-ff38-4904-bde3-eac98dc8ec8c.csv"," ","tributos@criciuma.sc.gov.br"," ","Rua Domênico Sônego","Rua Domênico Sônego",SC,"Pregão presencial",2018-07-11T08:00:00Z,"itensVencedores_d557495a-966d-48e0-8652-39e8c2801076.csv",INTERNET,,," ","participantes_1a569a5f-3e36-4193-88f1-38ad1e909af8.csv",SIM," ",2018-07-11T10:00:00Z,," "," "
"PREFEITURA MUNICIPAL DE CRICIUMA",204,2018,204,2018,2018-06-28,"Registro de preços de grelhas de ferro fundido, para utilização nas vias públicas do município de Criciúma/SC.","Pregão presencial","Compras e Serviços","MENOR PRECO POR ITEM",2018-07-24,HOMOLOGADO," ","atasRegistroPrecos_90a46e4f-e25d-46ed-91a8-c973b04722b1.csv"," "," ",2018-07-23T09:01:00Z," ",2018-06-26,2018-07-23," ","despesas_ed32a424-af47-4a37-b49d-6d3c78fc0c52.csv"," ","tributos@criciuma.sc.gov.br"," ","Rua Domênico Sônego","Rua Domênico Sônego",SC,"Pregão presencial",2018-07-23T08:00:00Z,"itensVencedores_d5578f0c-1d71-45fe-8dd7-0fbe8f4b1dcd.csv",INTERNET,,," ","participantes_1c6425d2-52c6-4109-a07e-be0b9dc0e511.csv",SIM," ",2018-07-23T09:00:00Z,," "," "
"PREFEITURA MUNICIPAL DE CRICIUMA",205,2018,205,2018,2018-06-27,"Aquisição eventual e futura de álcool aerosol para atendimento á Administração Pública.",Convite,"Compras e Serviços","MENOR PRECO GLOBAL",2018-07-23,HOMOLOGADO," "," "," ","contratos_acdeb1e4-4cf7-4eff-b1c0-0299cd08bc38.csv",2018-07-12T10:00:00Z," ",2018-06-27,2018-07-12," ","despesas_8e418d48-256f-4980-a8af-ecd58b10c316.csv"," ","tributos@criciuma.sc.gov.br"," ","Rua Domênico Sônego","Rua Domênico Sônego",SC,Convite,2018-07-12T08:00:00Z,"itensVencedores_7eb21ce7-cc7c-41ca-aaf7-caa49021ecf5.csv",MURAL_PUBLICO,,," ","participantes_f81a8574-9dca-4b48-a601-1239acf29c2f.csv",NÃO," ",2018-07-12T09:45:00Z,"Lei 8666/1993, Art. 22, III"," "," "
"PREFEITURA MUNICIPAL DE CRICIUMA",209,2018,209,2018,2018-07-04,"Registro de preços de materiais para revitalização das academias ao ar livre, para aquisições futuras, em atendimento ao município de Criciúma/SC.","Pregão presencial","Compras e Serviços","MENOR PRECO POR ITEM",2018-07-18,HOMOLOGADO," ","atasRegistroPrecos_0bc567a2-338d-4da2-86ed-f0cf007ebf6c.csv"," "," ",2018-07-17T09:01:00Z," ",2018-07-03,2018-07-17," ","despesas_7a8f3ebf-7bb1-43d5-9b11-6c5c6e6e1e98.csv"," ","tributos@criciuma.sc.gov.br"," ","Rua Domênico Sônego","Rua Domênico Sônego",SC,"Pregão presencial",2018-07-17T08:00:00Z,"itensVencedores_286b4f11-2f35-4340-8da9-11426f910310.csv",INTERNET,,," ","participantes_097bea41-3f2e-44d9-ad7c-0321dafa384c.csv",SIM," ",2018-07-17T09:00:00Z,," "," "
"PREFEITURA MUNICIPAL DE CRICIUMA",181,2018,181,2018,2018-06-08,"Contratação de empresa de engenharia, para execução das obras de construção de Quadra Poliesportiva Coberta na E.M.E.I.E.F. LINUS JOÃO RECH, com área de 876,32m², localizada no bairro Paraíso - Município de Criciúma-SC.","Tomada de Preço","Obras e Serviços de Engenharia","MENOR PRECO GLOBAL",2018-07-24,HOMOLOGADO," "," "," ","contratos_86f62eea-61e7-4d19-862a-5ee425fa4bd8.csv",2018-07-02T14:00:00Z," ",2018-06-07,2018-07-02," ","despesas_270a44e5-41a0-4f37-a53e-0045a84649fa.csv"," ","tributos@criciuma.sc.gov.br"," ","Rua Domênico Sônego","Rua Domênico Sônego",SC,"Tomada de Preço",2018-07-02T08:00:00Z,"itensVencedores_790d1def-4786-4dac-997a-4443fd17775b.csv",DIARIO_OFICIAL_ESTADO,,," ","participantes_f66b634a-1b40-420c-b800-f4431b96d254.csv",NÃO," ",2018-07-02T13:45:00Z,"Lei 8666/1993, Art. 22, II"," "," "
"PREFEITURA MUNICIPAL DE CRICIUMA",194,2018,194,2018,2018-06-25,"Aquisição de materiais para construção da atafona, do Parque dos Imigrantes, localizado no bairro Rio Maina no município de Criciúma/SC.","Pregão presencial","Compras e Serviços","MENOR PREÇO GLOBAL POR LOTE",2018-07-09,HOMOLOGADO," "," "," ","contratos_2d94c1bc-a4d2-4be6-8f0d-638da4655b0a.csv",2018-07-06T08:31:00Z," ",2018-06-20,2018-07-06," ","despesas_8dbb6096-69e2-46d8-a42d-7106b91c6215.csv"," ","tributos@criciuma.sc.gov.br"," ","Rua Domênico Sônego","Rua Domênico Sônego",SC,"Pregão presencial",2018-07-06T08:00:00Z,"itensVencedores_3180960c-054b-45a2-bd41-25530ad29f24.csv",INTERNET,,," ","participantes_4aabff5c-7294-45a7-b19e-ce0fe140877e.csv",NÃO," ",2018-07-06T08:30:00Z,," "," "
"PREFEITURA MUNICIPAL DE CRICIUMA",195,2018,195,2018,2018-06-25,"Registro de preços de aduelas de concreto para (construção, manutenção e reforma) de pontes, em diversos pontos do município de Criciúma/SC.","Pregão presencial","Compras e Serviços","MENOR PRECO POR ITEM",2018-07-20,HOMOLOGADO," ","atasRegistroPrecos_5705f84a-8b78-40b7-8281-4e3aea184331.csv"," "," ",2018-07-06T10:31:00Z," ",2018-06-20,2018-07-06," ","despesas_1532368d-aa2e-45b3-834d-8ce0524375db.csv"," ","tributos@criciuma.sc.gov.br"," ","Rua Domênico Sônego","Rua Domênico Sônego",SC,"Pregão presencial",2018-07-06T08:00:00Z,"itensVencedores_bfd3b5ff-37d8-4f08-8dfb-014b72e2728b.csv",INTERNET,,," ","participantes_6eecc5a8-358b-4603-9b58-56d6bc1c577b.csv",SIM," ",2018-07-06T10:30:00Z,," "," "
"PREFEITURA MUNICIPAL DE CRICIUMA",196,2018,196,2018,2018-06-22,"Contratação de empresa para execução dos serviços necessários à confecção, montagem e instalação, por demanda, de pórticos e semipórticos se Sinalização Vertical Viária a serem implantados no sistema rodoviário do município de Criciúma-SC.","Tomada de Preço","Compras e Serviços","MENOR PRECO GLOBAL",2018-07-24,HOMOLOGADO," "," "," ","contratos_6f835cc5-955b-4518-86e2-5cea53d6c7aa.csv",2018-07-12T14:00:00Z," ",2018-06-21,2018-07-12," ","despesas_adbe55e0-1227-4a6f-8765-4415708badbf.csv"," ","tributos@criciuma.sc.gov.br"," ","Rua Domênico Sônego","Rua Domênico Sônego",SC,"Tomada de Preço",2018-07-12T08:00:00Z,"itensVencedores_a7c73d7d-1c84-4f0d-89cc-5c6b51d417e2.csv","JORNAL_DIVULGACAO_REGIONAL",,," ","participantes_dae91cad-78ea-43a2-8a90-e076d6ac7f1b.csv",NÃO," ",2018-07-12T13:45:00Z,"Lei 8666/1993, Art. 22, II"," "," "
"PREFEITURA MUNICIPAL DE CRICIUMA",198,2018,198,2018,2018-06-25,"Aquisição de equipamentos de informática para atendimento ao Programa de Proteção e Defesa do Consumidor - PROCON do município de Criciúma/SC.","Pregão presencial","Compras e Serviços","MENOR PRECO POR ITEM",2018-07-09,HOMOLOGADO," "," "," ","contratos_38d027b3-69b5-490c-8d14-c211fa437861.csv",2018-07-09T08:31:00Z," ",2018-06-25,2018-07-09," ","despesas_ec888989-69eb-43f8-9df5-1fd6ff83848c.csv"," ","tributos@criciuma.sc.gov.br"," ","Rua Domênico Sônego","Rua Domênico Sônego",SC,"Pregão presencial",2018-07-09T08:00:00Z,"itensVencedores_498ab301-59df-47ec-a8a7-389443a85454.csv",MURAL_PUBLICO,,," ","participantes_1fcf4de9-abd4-4d55-9473-56eb90a95f76.csv",NÃO," ",2018-07-09T08:30:00Z,," "," "
"PREFEITURA MUNICIPAL DE CRICIUMA",200,2018,200,2018,2018-06-26,"Aquisição de uniformes, para atendimento aos funcionários da Diretoria de Trânsito e Transportes do município de Criciúma/SC.","Pregão presencial","Compras e Serviços","MENOR PREÇO GLOBAL POR LOTE",2018-07-10,HOMOLOGADO," "," "," ","contratos_6e76ce2e-2cf6-405f-ac9d-6b17a01dda75.csv",2018-07-10T08:31:00Z," ",2018-06-26,2018-07-10," ","despesas_a1a1706d-c18c-43a0-9bc6-6c648dbdc1ad.csv"," ","tributos@criciuma.sc.gov.br"," ","Rua Domênico Sônego","Rua Domênico Sônego",SC,"Pregão presencial",2018-07-10T08:00:00Z,"itensVencedores_145c5b8a-d13b-4f76-854e-72fa3b6c2f0a.csv",MURAL_PUBLICO,,," ","participantes_0f9ab265-07af-456a-986b-87c93971b497.csv",NÃO," ",2018-07-10T08:30:00Z,," "," "
"PREFEITURA MUNICIPAL DE CRICIUMA",201,2018,201,2018,2018-06-26,"A presente licitação tem por objetivo a aquisição de forma parcelada,  de madeiras e pregos para uso na manutenção, recuperação e reconstrução de pontes e pontilhões no território do Município de Criciúma/SC.",Convite,"Compras e Serviços","MENOR PRECO POR ITEM",2018-07-11,HOMOLOGADO," "," "," ","contratos_c3d443eb-af77-48df-9d1d-2434e435693e.csv",2018-07-11T15:00:00Z," ",2018-06-26,2018-07-11," ","despesas_eb22e7c4-033e-4064-b955-f9135b39fb29.csv"," ","tributos@criciuma.sc.gov.br"," ","Rua Domênico Sônego","Rua Domênico Sônego",SC,Convite,2018-07-11T08:00:00Z,"itensVencedores_482e9856-21fd-4748-a39e-2ccaf7399059.csv",MURAL_PUBLICO,,," ","participantes_260e42e8-a52c-4d91-a004-3526992f5629.csv",NÃO," ",2018-07-11T14:45:00Z,"Lei 8666/1993, Art. 22, III"," "," "
"PREFEITURA MUNICIPAL DE CRICIUMA",207,2018,207,2018,2018-07-04,"Registro de Preços de materiais e equipamentos de trabalho, para aquisições futuras, no atendimento aos Agentes da Autoridade de Trânsito do município de Criciúma/SC.","Pregão presencial","Compras e Serviços","MENOR PRECO POR ITEM",2018-07-17,HOMOLOGADO," ","atasRegistroPrecos_63a006e7-9215-4a41-a0e5-79f4d1b7d750.csv"," "," ",2018-07-16T09:01:00Z," ",2018-07-03,2018-07-16," ","despesas_d29c08cc-0554-423f-b94f-846d1936ee65.csv"," ","tributos@criciuma.sc.gov.br"," ","Rua Domênico Sônego","Rua Domênico Sônego",SC,"Pregão presencial",2018-07-16T08:00:00Z,"itensVencedores_cfe848ca-a779-4a2d-af0a-3ea71cb07496.csv",INTERNET,,," ","participantes_84afb330-b8b9-485e-bc1a-a88fd35e13b2.csv",SIM," ",2018-07-16T09:00:00Z,," "," "
"PREFEITURA MUNICIPAL DE CRICIUMA",208,2018,208,2018,2018-07-04,"Registro de preços de saibro do tipo grosso (areão), para manutenção e conservação de vias públicas no município de Criciúma/SC.","Pregão presencial","Compras e Serviços","MENOR PRECO POR ITEM",2018-08-07,HOMOLOGADO," ","atasRegistroPrecos_76236072-d8d9-4b08-b7c5-146617ed4559.csv"," "," ",2018-07-16T14:01:00Z," ",2018-07-03,2018-07-16," ","despesas_522db161-b1c5-4fb9-be45-97b2c4759be6.csv"," ","tributos@criciuma.sc.gov.br"," ","Rua Domênico Sônego","Rua Domênico Sônego",SC,"Pregão presencial",2018-07-16T08:00:00Z,"itensVencedores_7d6989c5-1f7c-4058-84b5-ffc14cb174ab.csv",INTERNET,,," ","participantes_40037f61-960c-47c4-9903-fe44109424e3.csv",SIM," ",2018-07-16T14:00:00Z,," "," "
"PREFEITURA MUNICIPAL DE CRICIUMA",210,2018,210,2018,2018-07-05,"Contratação de palestrante para o XVI Seminário  Municipal de Educação, que sera realizado nos dias 19 e 20 de julho de 2018","Inexigibilidade de licitação","Compras e Serviços","MENOR PRECO",2018-07-04,HOMOLOGADO," "," "," ","contratos_785be604-7923-4c8e-a45d-eeb2dd4437e2.csv",2018-07-04T08:01:00Z," ",2018-07-04,2018-07-04," ","despesas_4e21254b-e52e-47fd-84f7-4e7543da3a70.csv"," ","tributos@criciuma.sc.gov.br"," ","Rua Domênico Sônego","Rua Domênico Sônego",SC,"Inexigibilidade de licitação",2018-07-04T08:00:00Z,"itensVencedores_f64b60b2-af16-458f-b2eb-f65c90a8f51a.csv",INTERNET,,," ","participantes_389101ea-e197-4050-b7ea-611d8bf85cc8.csv",NÃO," ",2018-07-04T08:00:00Z,," "," "
"PREFEITURA MUNICIPAL DE CRICIUMA",211,2018,211,2018,2018-07-05,"Contratação de empresa para execução dos serviços necessários às obras de construção/instalação de uma subestação transformadora de 150kVA na E.M.E.I.E.F. JORGE DA CUNHA CARNEIRO, localizada na rua Manaus- bairro Próspera no município de Criciúma-SC.",Convite,"Obras e Serviços de Engenharia","MENOR PRECO",2018-07-24,HOMOLOGADO," "," "," ","contratos_96c213ff-8684-4361-a387-4e61f4e8523a.csv",2018-07-16T11:00:00Z," ",2018-07-05,2018-07-16," ","despesas_fb220ca5-1da5-42ad-9fcb-1fb07f5beaf4.csv"," ","tributos@criciuma.sc.gov.br"," ","Rua Domênico Sônego","Rua Domênico Sônego",SC,Convite,2018-07-16T08:00:00Z,"itensVencedores_ded87330-3401-486e-98f5-033d870765a3.csv",MURAL_PUBLICO,,," ","participantes_d1902dac-57b7-4f97-9a9c-072602606a5b.csv",NÃO," ",2018-07-16T10:45:00Z,"Lei 8666/1993, Art. 22, III"," "," "
"PREFEITURA MUNICIPAL DE CRICIUMA",217,2018,217,2018,2018-07-17,"Registro de preços de locação de estruturas temporárias, através de empresas do ramo pertinente, para atendimento aos eventos da Secretaria Municipal de Educação de Criciúma/SC.","Pregão presencial","Compras e Serviços","MENOR PRECO GLOBAL",2018-07-31,HOMOLOGADO," ","atasRegistroPrecos_875f4990-91ae-421f-854a-69256f41a9b0.csv"," "," ",2018-07-27T15:01:00Z," ",2018-07-13,2018-07-27," ","despesas_512dbfec-2481-48a9-ab64-5bdb885a8c0c.csv"," ","tributos@criciuma.sc.gov.br"," ","Rua Domênico Sônego","Rua Domênico Sônego",SC,"Pregão presencial",2018-07-27T08:00:00Z,"itensVencedores_87759420-8ecf-4af5-8cec-717dd7e1519a.csv",INTERNET,,," ","participantes_25303a31-8a1a-4e59-afcb-c3f98482a737.csv",SIM," ",2018-07-27T15:00:00Z,," "," "
"PREFEITURA MUNICIPAL DE CRICIUMA",219,2018,219,2018,2018-08-01,"Contratação de empresa especializada para execução de serviços técnicos na elaboração do projeto básico e executivo da macrodrenagem da bacia do Rio Criciúma (Sub Bacias 08, 12 e 14) Estação Rodoviária. (CONVÊNIO: Contrato de Repasse nº. 837981/2016  - MCIDADES/CAIXA ECONOMICA FEDERAL X MUNICÍPIO DE CRICIÚMA).","Tomada de Preço","Obras e Serviços de Engenharia","MENOR PRECO GLOBAL",2018-09-27,HOMOLOGADO," "," "," ","contratos_e65b1497-beb2-493e-b285-99fde9c0586f.csv",2018-08-13T15:30:00Z," ",2018-07-13,2018-08-13," ","despesas_54d4dd61-ac8d-4d7b-a290-f82007b688b0.csv"," ","tributos@criciuma.sc.gov.br"," ","Rua Domênico Sônego","Rua Domênico Sônego",SC,"Tomada de Preço",2018-08-13T08:00:00Z,"itensVencedores_2ce492dc-34b1-4b07-9e85-20080120925d.csv",DIARIO_OFICIAL_ESTADO,,," ","participantes_0a92384f-40f4-47aa-9b3f-0166221b3430.csv",NÃO," ",2018-08-13T15:15:00Z,"Lei 8666/1993, Art. 22, II"," "," "
"PREFEITURA MUNICIPAL DE CRICIUMA",212,2018,212,2018,2018-07-09,"A CONTRATAÇÃO DE SERVIÇOS DE CONSULTORIA TÉCNICA PARA APOIO OPERACIONAL EXTERNO ÀS ATIVIDADES ADMINISTRATIVAS DA UNIDADE GERADORA DO PROJETO DE TRANSPORTE E MOBILIDADE URBANA DE CRICIÚMA/SC, VIABILIZADO POR MEIO DE OPERAÇÃO DE CRÉDITO JUNTO AO FUNDO FINANCEIRO PARA O DESENVOLVIMENTO DA BACIA DO PRATA - FONPLATA.","Pregão presencial","Compras e Serviços","MENOR PRECO GLOBAL",2018-08-31,HOMOLOGADO," "," "," ","contratos_978af529-1bd3-4235-9943-014cdb5ec57a.csv",2018-07-30T14:01:00Z," ",2018-07-06,2018-07-30," ","despesas_3ae67010-ea44-451a-bebf-5598dcb52feb.csv"," ","tributos@criciuma.sc.gov.br"," ","Rua Domênico Sônego","Rua Domênico Sônego",SC,"Pregão presencial",2018-07-30T08:00:00Z,"itensVencedores_b8aaf33b-4d04-439a-93fb-b5f360953937.csv",INTERNET,,," ","participantes_0c463965-c717-4742-8896-f5f195e2a378.csv",NÃO," ",2018-07-30T14:00:00Z,," "," "
"PREFEITURA MUNICIPAL DE CRICIUMA",213,2018,213,2018,2018-07-09,"Contratação de empresa especializada para execução de serviços técnicos na elaboração do projeto de engenharia rodoviária para pavimentação da  rodovia João Cirimbelli  localizada no bairro Pedro Zanivan - município de Criciúma-SC.",Convite,"Obras e Serviços de Engenharia","MENOR PRECO GLOBAL",2018-07-24,HOMOLOGADO," "," "," ","contratos_4c68ecb6-d2fb-4280-a69a-e7f49ea3b9e6.csv",2018-07-17T16:00:00Z," ",2018-07-09,2018-07-17," ","despesas_a99bf4af-a66b-4759-8c32-72e3c1ae84c1.csv"," ","tributos@criciuma.sc.gov.br"," ","Rua Domênico Sônego","Rua Domênico Sônego",SC,Convite,2018-07-17T08:00:00Z,"itensVencedores_af4b19ab-95e1-41c5-a87c-34b6c884590a.csv",MURAL_PUBLICO,,," ","participantes_55d6accf-3b48-4835-8820-ec51452c2ec4.csv",NÃO," ",2018-07-17T15:45:00Z,"Lei 8666/1993, Art. 22, III"," "," "
"PREFEITURA MUNICIPAL DE CRICIUMA",215,2018,215,2018,2018-07-13,"Contratação de serviços técnicos especializados para Elaboração do Projeto Básico e Executivo da Macrodrenagem  da bacia do Rio Criciúma - Etapa 3. (Trecho 1 - rua Ângelo peruchi - avenida Centenário - bairro Santo Antonio e Trecho 2  - afluente do Rio Criciúma  - rua Visconde de Cairu a avenida Centenário - bairro Santo Antonio - macrodrenagem da rua Victor Hugo).","Dispensa de licitação","Compras e Serviços","MENOR PRECO",2018-07-11,HOMOLOGADO," "," "," ","contratos_15f1baa1-9953-490b-a396-99974cd6737a.csv",2018-07-11T08:01:00Z," ",2018-07-11,2018-07-11," ","despesas_aa1b93a4-bd23-4c0d-9f16-7339063c1a17.csv"," ","tributos@criciuma.sc.gov.br"," ","Rua Domênico Sônego","Rua Domênico Sônego",SC,"Dispensa de licitação",2018-07-11T08:00:00Z,"itensVencedores_f857864c-1053-4525-a744-acdc43bdc305.csv",INTERNET,,," ","participantes_2a27efc0-7dd5-4205-a60e-41e17855ef9e.csv",NÃO," ",2018-07-11T08:00:00Z,," "," "
"PREFEITURA MUNICIPAL DE CRICIUMA",216,2018,216,2018,2018-07-17,"Contratação de empresa especializada para locação de estruturas temporárias para realização da 8º AGROPONTE, a ser realizada no pavilhão de exposições José Ijair Conti do dia 15/08/2018 à 19/08/2018.","Pregão presencial","Compras e Serviços","MENOR PRECO GLOBAL",2018-07-31,HOMOLOGADO," "," "," ","contratos_75967bb0-e9df-42b4-8a61-b125929e941b.csv",2018-07-27T13:01:00Z," ",2018-07-13,2018-07-27," ","despesas_d7285f7a-c153-453a-a5d2-cbf62c627350.csv"," ","tributos@criciuma.sc.gov.br"," ","Rua Domênico Sônego","Rua Domênico Sônego",SC,"Pregão presencial",2018-07-27T08:00:00Z,"itensVencedores_3e3c7051-8772-457d-8e02-bd6b8f5cdbb8.csv",INTERNET,,," ","participantes_f345d72e-ae91-4a9d-9372-e5968f4da9c6.csv",NÃO," ",2018-07-27T13:00:00Z,," "," "
"PREFEITURA MUNICIPAL DE CRICIUMA",218,2018,218,2018,2018-07-17,"Registro de Preços de materiais de sinalização viária, para aquisições futuras, no atendimento ao trânsito do município de Criciúma/SC.","Pregão presencial","Compras e Serviços","MENOR PREÇO GLOBAL POR LOTE",2018-08-14,HOMOLOGADO," ","atasRegistroPrecos_b617348c-e32c-40da-bd54-8ebad1ec0b54.csv"," "," ",2018-07-30T09:01:00Z," ",2018-07-13,2018-07-30," ","despesas_3742a0ac-9218-47d3-908e-a7b41bb70395.csv"," ","tributos@criciuma.sc.gov.br"," ","Rua Domênico Sônego","Rua Domênico Sônego",SC,"Pregão presencial",2018-07-30T08:00:00Z,"itensVencedores_8cc82211-912b-4e14-9ff8-3910ca58b56c.csv",INTERNET,,," ","participantes_80a7547e-c638-4650-bf15-c3ceb3d6ccc0.csv",SIM," ",2018-07-30T09:00:00Z,," "," "
"PREFEITURA MUNICIPAL DE CRICIUMA",221,2018,221,2018,2018-07-17,"Registro de preços de materiais de expediente e limpeza, para aquisições futuras, no atendimento ao 4º Batalhão da Bombeiro Militar do Município de Criciúma /SC, de acordo com Convênio 001/BM.","Pregão presencial","Compras e Serviços","MENOR PRECO POR ITEM",2018-08-06,HOMOLOGADO," ","atasRegistroPrecos_53cbe387-cc02-4d8c-a19d-8f66e3e3d6e6.csv"," "," ",2018-08-01T09:01:00Z," ",2018-06-01,2018-08-01," ","despesas_14697904-0a71-411e-98ef-f256bb47f2aa.csv"," ","tributos@criciuma.sc.gov.br"," ","Rua Domênico Sônego","Rua Domênico Sônego",SC,"Pregão presencial",2018-08-01T08:00:00Z,"itensVencedores_c170023a-b7d6-4b15-b23b-27e42448d677.csv",MURAL_PUBLICO,,," ","participantes_1c01f258-39bb-46c4-8c19-326b2298efcb.csv",SIM," ",2018-08-01T09:00:00Z,," "," "
"PREFEITURA MUNICIPAL DE CRICIUMA",222,2018,222,2018,2018-07-18,"Registro de preços de combustíveis e gás P-45, para aquisições futuras, no atendimento ao 4º Batalhão de Bombeiro Militar do Município de Criciúma /SC, de acordo com Convênio 001/BM.","Pregão presencial","Compras e Serviços","MENOR PRECO POR ITEM",2018-08-07,HOMOLOGADO," ","atasRegistroPrecos_048a5a1a-8207-45e6-86cd-248da64fd0f6.csv"," "," ",2018-08-01T15:01:00Z," ",2018-06-13,2018-08-01," ","despesas_b9bab36f-3182-4b61-ab2a-02ffa959b9cc.csv"," ","tributos@criciuma.sc.gov.br"," ","Rua Domênico Sônego","Rua Domênico Sônego",SC,"Pregão presencial",2018-08-01T08:00:00Z,"itensVencedores_bd699469-33b8-49cb-a060-2c10614125d3.csv",INTERNET,,," ","participantes_d35597df-8105-4adf-a81e-8eecb08d5c20.csv",SIM," ",2018-08-01T15:00:00Z,," "," "
"PREFEITURA MUNICIPAL DE CRICIUMA",224,2018,224,2018,2018-07-18,"Aquisição de veículos utilitários novos (0km), para atender a necessidade da Secretaria Municipal de Educação e Procuradoria Geral do município de Criciúma/SC.","Pregão presencial","Compras e Serviços","MENOR PRECO GLOBAL",2018-08-06,HOMOLOGADO," "," "," ","contratos_9c97dd1d-efe3-459b-885a-dc1d6855c20b.csv",2018-08-02T15:01:00Z," ",2018-07-17,2018-08-02," ","despesas_b9a053c7-8b58-4530-b24e-6d7ee447afc5.csv"," ","tributos@criciuma.sc.gov.br"," ","Rua Domênico Sônego","Rua Domênico Sônego",SC,"Pregão presencial",2018-08-02T08:00:00Z,"itensVencedores_688bb74f-8e46-4db2-b900-871954691923.csv",INTERNET,,," ","participantes_7d8ebaa5-27fd-4adf-9171-107f6c6febc4.csv",NÃO," ",2018-08-02T15:00:00Z,," "," "
"PREFEITURA MUNICIPAL DE CRICIUMA",226,2018,226,2018,2018-07-20,"Contratação de empresa especializada no fornecimento de materiais para uso no revestimento e pavimentação das ruas: José Manoel Sebastião, Zeferino Cezario da Silva, 1760, João Nunes, João Bonifácio da Silva, Teresinha Mendes, Bonfilho Brunelli, Pedro Manganelli, Serena Buzzanelo e Donato Valvassori e Militão Paim Antunes, do município de Criciúma/SC.","Pregão presencial","Compras e Serviços","MENOR PRECO POR ITEM",2018-08-21,HOMOLOGADO," "," "," ","contratos_02bfa2bf-af7b-4e2a-98e7-22834c619360.csv",2018-08-03T09:01:00Z," ",2018-07-19,2018-08-03," ","despesas_03a9f0c2-1fd8-4a57-a81e-9b77223aeb51.csv"," ","tributos@criciuma.sc.gov.br"," ","Rua Domênico Sônego","Rua Domênico Sônego",SC,"Pregão presencial",2018-08-03T08:00:00Z,"itensVencedores_7f26dc76-e72b-4181-bfff-1bb833e09282.csv",DIARIO_OFICIAL_UNIAO,,," ","participantes_aa490fba-e895-4f84-853b-d15dfcceeb47.csv",NÃO," ",2018-08-03T09:00:00Z,," "," "
"PREFEITURA MUNICIPAL DE CRICIUMA",228,2018,228,2018,2018-07-20,"Concessão onerosa de uso para exploração econômica de bem público (área física), com exclusividade para a administração, operação, conservação  e manutenção do Terminal Rodoviário Municipal Algemiro Manique Barreto, precedida de obras de reforma e modernização.","Outras Modalidades","Compras e Serviços","MAIOR LANCE",2018-12-21,HOMOLOGADO," "," "," ","contratos_a497717b-55de-4b0d-8759-5c0bd2076623.csv"," "," ",2018-07-19,," "," "," ","tributos@criciuma.sc.gov.br"," ","Rua Domênico Sônego","Rua Domênico Sônego",SC,"Outras Modalidades"," ","itensVencedores_fc99dcff-e7cf-4a71-9e73-e2a9f55e847b.csv",DIARIO_OFICIAL_UNIAO,,," ","participantes_d91eec06-d9b6-42d5-82f7-10df687f8654.csv",NÃO," "," ",," "," "
"PREFEITURA MUNICIPAL DE CRICIUMA",230,2018,230,2018,2018-07-23,"REGISTRO DE PREÇOS de materiais de expediente e escritório, para aquisições futuras, no atendimento ao 9º Batalhão da Policia Militar do Município de Criciúma/SC.","Pregão presencial","Compras e Serviços","MENOR PRECO POR ITEM",2018-08-07,HOMOLOGADO," ","atasRegistroPrecos_d1533ed4-c6f4-4875-82cd-e0217e2807ad.csv"," "," ",2018-08-07T09:01:00Z," ",2018-07-20,2018-08-07," ","despesas_91c66ce1-99a1-4102-81a7-c6d39dcb10d4.csv"," ","tributos@criciuma.sc.gov.br"," ","Rua Domênico Sônego","Rua Domênico Sônego",SC,"Pregão presencial",2018-08-07T08:00:00Z,"itensVencedores_1a7f5c36-628d-4998-97f9-0d8473ac9000.csv",MURAL_PUBLICO,,," ","participantes_a919fb3e-9e77-4479-b716-33cd92cb4168.csv",SIM," ",2018-08-07T09:00:00Z,," "," "
"PREFEITURA MUNICIPAL DE CRICIUMA",233,2018,233,2018,2018-07-25,"Contratação de empresa especializada para a realização de Processo Seletivo Público Simplificado, destinado a seleção de profissionais (monitores) para o Sistema de Estacionamento Rotativo de Criciúma, necessidade de contratação temporária de excepcional interesse público no âmbito da Diretoria de Trânsito e Transporte do Município de Criciúma, com base na Lei 6.856/17.","Dispensa de licitação","Compras e Serviços","MENOR PRECO",2018-07-23,HOMOLOGADO," "," "," ","contratos_5242655e-bdb6-4363-a3e2-12d4c9e67a4b.csv",2018-07-23T08:01:00Z," ",2018-07-23,2018-07-23," ","despesas_789022bb-6e57-4bac-a321-d4f4271d9925.csv"," ","tributos@criciuma.sc.gov.br"," ","Rua Domênico Sônego","Rua Domênico Sônego",SC,"Dispensa de licitação",2018-07-23T08:00:00Z,"itensVencedores_ade1dd5c-8e93-4217-9156-1afa492ce767.csv",INTERNET,,," ","participantes_bc020a4d-388a-4a85-8466-d24ecf8749e4.csv",NÃO," ",2018-07-23T08:00:00Z,," "," "
"PREFEITURA MUNICIPAL DE CRICIUMA",237,2018,237,2018,2018-07-30,"Registro de preços de materiais gráficos (criação, diagramação e impressão), para atendimento a Secretaria Municipal de Educação de Criciúma/SC.","Pregão presencial","Compras e Serviços","MENOR PRECO POR ITEM",2018-09-04,HOMOLOGADO," ","atasRegistroPrecos_88874163-7dee-41cb-be82-d7dd895140de.csv"," "," ",2018-08-09T09:01:00Z," ",2018-07-25,2018-08-09," ","despesas_e010044c-1773-4be7-b889-407e4162cb57.csv"," ","tributos@criciuma.sc.gov.br"," ","Rua Domênico Sônego","Rua Domênico Sônego",SC,"Pregão presencial",2018-08-09T08:00:00Z,"itensVencedores_b4651a94-e47d-4aec-b7e8-97afc3e77b73.csv",INTERNET,,," ","participantes_e3384f1f-e477-4a7e-ad52-65f9d44c332c.csv",SIM," ",2018-08-09T09:00:00Z,," "," "
"PREFEITURA MUNICIPAL DE CRICIUMA",238,2018,238,2018,2018-07-30,"Registro de preços de compensado naval para confecção de palcos e tabelas de basquete, para aquisições futuras, no atendimento as escolas da rede municipal de ensino de Criciúma/SC.","Pregão presencial","Compras e Serviços","MENOR PRECO POR ITEM",2018-08-10,HOMOLOGADO," ","atasRegistroPrecos_1565fd35-9092-4daa-a6be-d9d1c9f63d18.csv"," "," ",2018-08-09T13:01:00Z," ",2018-07-25,2018-08-09," ","despesas_7611a8d6-723e-4785-af71-5b50916756b9.csv"," ","tributos@criciuma.sc.gov.br"," ","Rua Domênico Sônego","Rua Domênico Sônego",SC,"Pregão presencial",2018-08-09T08:00:00Z,"itensVencedores_1e873d4f-038a-45dd-9148-f0257d60973b.csv",INTERNET,,," ","participantes_35e235d4-6b2e-4292-baa4-cef982707244.csv",SIM," ",2018-08-09T13:00:00Z,," "," "
"PREFEITURA MUNICIPAL DE CRICIUMA",240,2018,240,2018,2018-07-30,"Aquisição de equipamentos e softwares de informática para atendimento a Circunscrição Regional de Trânsito - CIRETRAN e Delegacias no município de Criciúma/SC.","Pregão presencial","Compras e Serviços","MENOR PRECO POR ITEM",2018-08-10,HOMOLOGADO," "," "," ","contratos_6a329c2e-63a5-4653-91bf-e0a56b4ccd9d.csv",2018-08-10T08:31:00Z," ",2018-07-25,2018-08-10," ","despesas_2a53d5fa-2d0f-4a3b-9bf7-83e48eadd19e.csv"," ","tributos@criciuma.sc.gov.br"," ","Rua Domênico Sônego","Rua Domênico Sônego",SC,"Pregão presencial",2018-08-10T08:00:00Z,"itensVencedores_8b9d9897-dc03-48d0-b7bf-6fd6ac6875d5.csv",INTERNET,,," ","participantes_a1c313a6-d338-4415-b7f1-95ce4518ea3c.csv",NÃO," ",2018-08-10T08:30:00Z,," "," "
"PREFEITURA MUNICIPAL DE CRICIUMA",241,2018,241,2018,2018-07-30,"Registro de preços de água mineral, para aquisições futuras, no atendimento as Secretarias, Fundos e Fundações do Município de Criciúma/SC.","Pregão presencial","Compras e Serviços","MENOR PRECO GLOBAL",2018-08-13,HOMOLOGADO," ","atasRegistroPrecos_32c9b92c-ee1a-41c9-83e0-88244eaf8d2a.csv"," "," ",2018-08-10T10:01:00Z," ",2018-07-25,2018-08-10," ","despesas_8faa27fe-eaa2-448a-b372-a991c679aacc.csv"," ","tributos@criciuma.sc.gov.br"," ","Rua Domênico Sônego","Rua Domênico Sônego",SC,"Pregão presencial",2018-08-10T08:00:00Z,"itensVencedores_67d5231d-90a2-4ca2-bcf2-c71f5e42d3cf.csv",INTERNET,,," ","participantes_3cc8ef44-1418-4089-82f1-18530eefe992.csv",SIM," ",2018-08-10T10:00:00Z,," "," "
"PREFEITURA MUNICIPAL DE CRICIUMA",223,2018,223,2018,2018-07-18,"Execução de serviços necessários á realização das obras de terraplenagem, drenagem, pavimentação com revestimento em concreto asfáltico usinado à quente - CAUQ, Obras de Arte Correntes - OAC, Obras de Arte Especiais - OAE e obras complementares em ruas do município de Criciúma-SC",Concorrência,"Obras e Serviços de Engenharia","MENOR PREÇO GLOBAL POR LOTE",2018-11-09,HOMOLOGADO," "," "," ","contratos_d3df74ba-b091-47ac-86eb-c6bfb71f876f.csv",2018-08-21T14:00:00Z," ",2018-07-17,2018-08-21," ","despesas_7de5f23f-8d68-4cdd-a972-952a79af7143.csv"," ","tributos@criciuma.sc.gov.br"," ","Rua Domênico Sônego","Rua Domênico Sônego",SC,Concorrência,2018-08-21T08:00:00Z,"itensVencedores_43db0433-c918-41ee-81fc-a87f58d07c67.csv",DIARIO_OFICIAL_UNIAO,,," ","participantes_f6c7fa87-f217-4961-93b6-b6e8ad0f22db.csv",NÃO," ",2018-08-21T13:45:00Z,"Lei 8666/1993, Art. 22, I"," "," "
"PREFEITURA MUNICIPAL DE CRICIUMA",225,2018,225,2018,2018-07-18,"Registro de preços de materiais no atendimento a pavimentação, manutenção e conservação de ruas e logradouros públicos do município de Criciúma/SC.","Pregão presencial","Compras e Serviços","MENOR PRECO POR ITEM",2018-08-08,HOMOLOGADO," ","atasRegistroPrecos_e07a2a96-69e5-4610-879f-d1eefef00aa9.csv"," "," ",2018-07-31T14:01:00Z," ",2018-07-17,2018-07-31," ","despesas_45ce78d3-254a-4f1f-b5e5-ec44f92a21d3.csv"," ","tributos@criciuma.sc.gov.br"," ","Rua Domênico Sônego","Rua Domênico Sônego",SC,"Pregão presencial",2018-07-31T08:00:00Z,"itensVencedores_ecd6663f-495f-4109-84ee-c7c24645fc49.csv",INTERNET,,," ","participantes_ed341306-8ea5-4514-a806-e804bb7f5f5f.csv",SIM," ",2018-07-31T14:00:00Z,," "," "
"PREFEITURA MUNICIPAL DE CRICIUMA",227,2018,227,2018,2018-08-02,"Registro de Preços de cimento CP IV, para aquisições futuras, para uso na fabrica de lajotas do município e em pequenos reparos das escolas e prédios públicos do município de Criciúma/SC.","Pregão presencial","Compras e Serviços","MENOR PRECO POR ITEM",2018-09-06,HOMOLOGADO," ","atasRegistroPrecos_3038bba6-2199-47cc-8f18-531903c6aa8b.csv"," "," ",2018-08-16T10:31:00Z," ",2018-07-19,2018-08-16," ","despesas_83979f89-76bf-495d-a04d-c17416a2709e.csv"," ","tributos@criciuma.sc.gov.br"," ","Rua Domênico Sônego","Rua Domênico Sônego",SC,"Pregão presencial",2018-08-16T08:00:00Z,"itensVencedores_a79d9a47-755c-4bce-8e4e-4901d4fa335d.csv",INTERNET,,," ","participantes_c7cf1169-96ac-4df0-8fbb-c548d2a3a320.csv",SIM," ",2018-08-16T10:30:00Z,," "," "
"PREFEITURA MUNICIPAL DE CRICIUMA",229,2018,229,2018,2018-07-23,"Confecção de armário de ferro galvanizado, para o 4º BATALHÃO DE BOMBEIROS MILITAR DE CRICIÚMA",Convite,"Compras e Serviços","MENOR PRECO GLOBAL",2018-08-09,HOMOLOGADO," "," "," ","contratos_06dc666c-b171-456b-baaf-62f0002f36e2.csv",2018-08-03T16:00:00Z," ",2018-06-20,2018-08-03," ","despesas_5cb2a331-0cd6-4777-bc77-1f0c5a494744.csv"," ","tributos@criciuma.sc.gov.br"," ","Rua Domênico Sônego","Rua Domênico Sônego",SC,Convite,2018-08-03T08:00:00Z,"itensVencedores_9fbbf1a6-c57b-4aa7-a512-0a3f2185c15b.csv",MURAL_PUBLICO,,," ","participantes_b2305521-129d-4e30-9bf3-c6ec45f7f2f9.csv",NÃO," ",2018-08-03T15:45:00Z,"Lei 8666/1993, Art. 22, III"," "," "
"PREFEITURA MUNICIPAL DE CRICIUMA",234,2018,234,2018,2018-07-25,"Contratação de empresa para execução dos serviços necessários às obras de ampliação (a=251,51m²) da E.M.E.I.E.F. MARIA DE LOURDES CARNEIRO, localizada na rua Odécia S. Souza - bairro Vila Francesa no Município de Criciúma-SC.","Tomada de Preço","Obras e Serviços de Engenharia","MENOR PRECO GLOBAL",2018-09-05,HOMOLOGADO," "," "," ","contratos_885e890f-65b4-484d-8b48-17ca05c749dc.csv",2018-08-13T14:00:00Z," ",2018-07-23,2018-08-13," ","despesas_419783ba-6134-4b35-a7d7-b0d79e5d951f.csv"," ","tributos@criciuma.sc.gov.br"," ","Rua Domênico Sônego","Rua Domênico Sônego",SC,"Tomada de Preço",2018-08-13T08:00:00Z,"itensVencedores_1f1703fc-7875-41be-bf4d-53a8dc91052e.csv","JORNAL_DIVULGACAO_MUNICIPAL",,," ","participantes_27b8c4e2-0869-41ac-9152-d08f8f946ee6.csv",NÃO," ",2018-08-13T13:45:00Z,"Lei 8666/1993, Art. 22, II"," "," "
"PREFEITURA MUNICIPAL DE CRICIUMA",235,2018,235,2018,2018-08-24,"Outorga onerosa da concessão dos serviços públicos de exploração econômica e comercial de salas comerciais internas das Galerias dos Terminais Rodoviários:  Central, Pinheirinho e Próspera, conforme Lei Municipal Nº . 7.070,  de 24 de novembro de 2017.","Outras Modalidades","Compras e Serviços","MAIOR LANCE",2018-11-09,HOMOLOGADO," "," "," ","contratos_fe696e68-c40f-4f8c-8fdb-e7d9116fe4c2.csv"," "," ",2018-07-24,," "," "," ","tributos@criciuma.sc.gov.br"," ","Rua Domênico Sônego","Rua Domênico Sônego",SC,"Outras Modalidades"," ","itensVencedores_f5051a56-212c-465e-9227-cde5204932e7.csv","JORNAL_DIVULGACAO_REGIONAL",,," ","participantes_604f1fcb-f766-42f1-8033-e4fbdfbefc6b.csv",NÃO," "," ",," "," "
"PREFEITURA MUNICIPAL DE CRICIUMA",236,2018,236,2018,2018-07-26,"Contratação de empresa para execução dos serviços necessários às obras de construção de uma quadra poliesportiva coberta (área = 645,81m²)  e urbanização(área = 572,08m²) na E.M.E.I.E.F. PASCOAL MELLER, localizada na rua Arcangelo Meller - bairro Santa Augusta no Município de Criciúma-SC.","Tomada de Preço","Obras e Serviços de Engenharia","MENOR PRECO GLOBAL",2018-09-11,HOMOLOGADO," "," "," ","contratos_4f782076-2ddd-4942-b986-360e437b9828.csv",2018-08-15T14:00:00Z," ",2018-07-25,2018-08-15," ","despesas_d31a1788-92e8-4d54-8724-d037cce9fe53.csv"," ","tributos@criciuma.sc.gov.br"," ","Rua Domênico Sônego","Rua Domênico Sônego",SC,"Tomada de Preço",2018-08-15T08:00:00Z,"itensVencedores_328c3dc7-119f-460c-9e7a-c56ebd29b778.csv",DIARIO_OFICIAL_ESTADO,,," ","participantes_0342aed1-2a23-43d3-b742-6113f993d83b.csv",NÃO," ",2018-08-15T13:45:00Z,"Lei 8666/1993, Art. 22, II"," "," "
"PREFEITURA MUNICIPAL DE CRICIUMA",106,2018,106,2018,2018-03-26,"Aquisição de implementos agrícolas, para atendimento a Gerência de Agricultura e Agronegócio do município de Criciúma/SC.","Pregão presencial","Compras e Serviços","MENOR PRECO POR ITEM",2018-04-06,HOMOLOGADO," "," "," ","contratos_0ff9aca3-e9fa-4461-9851-84e4f946f521.csv",2018-04-06T08:31:00Z," ",2018-03-14,2018-04-06," ","despesas_b646a596-0408-4061-bdb5-7f4176e25769.csv"," ","tributos@criciuma.sc.gov.br"," ","Rua Domênico Sônego","Rua Domênico Sônego",SC,"Pregão presencial",2018-04-06T08:00:00Z,"itensVencedores_d08b9f9e-73b6-43c9-92b6-db1d973abdb4.csv",INTERNET,,," ","participantes_aafa1c17-af12-4c2b-a342-46c93a7fdf65.csv",NÃO," ",2018-04-06T08:30:00Z,," "," "
"PREFEITURA MUNICIPAL DE CRICIUMA",148,2018,148,2018,2018-04-19,"REGISTRO DE PREÇOS DE PEÇAS E SERVIÇOS PARA AQUISIÇÕES FUTURAS, NA MANUTENÇÃO ELÉTRICA, DA FROTA PESADA DO MUNICÍPIO DE CRICIÚMA/SC.","Pregão presencial","Compras e Serviços","MENOR PREÇO GLOBAL POR LOTE",2018-05-04,HOMOLOGADO," ","atasRegistroPrecos_3ebae079-ba6b-4598-aa19-0684a1766ceb.csv"," "," ",2018-05-03T09:01:00Z," ",2018-04-18,2018-05-03," ","despesas_87065454-e80b-4ede-8040-4a1432343c1c.csv"," ","tributos@criciuma.sc.gov.br"," ","Rua Domênico Sônego","Rua Domênico Sônego",SC,"Pregão presencial",2018-05-03T08:00:00Z,"itensVencedores_2f7c4dd5-df8c-435c-9df4-7e46eceb5457.csv",INTERNET,,," ","participantes_11b97018-b9eb-425b-aea3-9d1469857023.csv",SIM," ",2018-05-03T09:00:00Z,," "," "
"PREFEITURA MUNICIPAL DE CRICIUMA",48,2018,48,2018,2018-02-23,"Registro de preços de materiais de construção, para aquisições futuras, no atendimento a Prédios Públicos do Município e para Diversas  Secretarias, Diretorias, Fundos e Fundações da Administração Municipal de Criciúma/SC.","Pregão presencial","Compras e Serviços","MENOR PRECO POR ITEM",2018-03-08,HOMOLOGADO," ","atasRegistroPrecos_1fb76388-b56d-4c8f-8430-0f0d1ccea78c.csv"," "," ",2018-03-07T08:31:00Z," ",2018-02-20,2018-03-07," ","despesas_ea640dff-c924-424b-a0f8-f696ad75eb98.csv"," ","tributos@criciuma.sc.gov.br"," ","Rua Domênico Sônego","Rua Domênico Sônego",SC,"Pregão presencial",2018-03-07T08:00:00Z,"itensVencedores_0f40968c-afee-44b8-9512-eb1775e929be.csv",INTERNET,,," ","participantes_7c1d3464-4f99-4021-9ddd-f06ece8f2c5c.csv",SIM," ",2018-03-07T08:30:00Z,," "," "
"PREFEITURA MUNICIPAL DE CRICIUMA",49,2018,49,2018,2018-03-07,"Contratação de empresa para prestação de serviços de serviços de mão-de-obra na manutenção preventiva e corretiva de academias de ginásticas e parques infantis pertencentes ao patrimônio do município de Criciúma.",Convite,"Compras e Serviços","MENOR PRECO GLOBAL",2018-03-29,HOMOLOGADO," "," "," ","contratos_7d79116a-7913-47c3-893e-f6ebca62f084.csv",2018-03-19T16:00:00Z," ",2018-02-20,2018-03-19," ","despesas_076fae83-8b5f-49c4-a1af-079342917df6.csv"," ","tributos@criciuma.sc.gov.br"," ","Rua Domênico Sônego","Rua Domênico Sônego",SC,Convite,2018-03-19T08:00:00Z,"itensVencedores_82d4189c-3804-4a31-ad5c-3a638fb93c6b.csv",MURAL_PUBLICO,,," ","participantes_ba49d70e-43b9-498e-9475-277f588ba532.csv",NÃO," ",2018-03-19T15:45:00Z,"Lei 8666/1993, Art. 22, III"," "," "
"PREFEITURA MUNICIPAL DE CRICIUMA",33,2018,33,2018,2018-02-06,"Registro de preços de serviços de conserto de pneus, para aquisições futuras, na manutenção de veículos que compõem a frota oficial do 9º Batalhão de Polícia Militar do município de Criciúma/SC.","Pregão presencial","Compras e Serviços","MENOR PRECO GLOBAL",2018-02-21,HOMOLOGADO," ","atasRegistroPrecos_0c58e007-8599-42bb-9d54-5fe81b7369a7.csv"," "," ",2018-02-20T14:01:00Z," ",2018-02-05,2018-02-20," ","despesas_d0c356d7-f047-45d8-bf00-5b3ce7e48c12.csv"," ","tributos@criciuma.sc.gov.br"," ","Rua Domênico Sônego","Rua Domênico Sônego",SC,"Pregão presencial",2018-02-20T08:00:00Z,"itensVencedores_22351815-525a-4178-8353-7f3c437d3100.csv",INTERNET,,," ","participantes_919d976d-e29e-43e7-80c3-23984d170ee0.csv",SIM," ",2018-02-20T14:00:00Z,," "," "
"PREFEITURA MUNICIPAL DE CRICIUMA",35,2018,35,2018,2018-02-06,"A presente licitação tem por objetivo a contratação de empresa para realizar, por demanda, serviços de manutenção e reforma geral no guindaste instalado em caminhão (placa MBF 6058), pertencente a Secretaria de Infraestrutura, Planejamento e Mobilidade Urbana do município de Criciúma/SC",Convite,"Compras e Serviços","MENOR PRECO GLOBAL",2018-02-28,HOMOLOGADO," "," "," ","contratos_1689a8d1-ca91-43d8-a54c-bd81bce2ed0e.csv",2018-02-22T10:00:00Z," ",2018-02-06,2018-02-22," "," "," ","tributos@criciuma.sc.gov.br"," ","Rua Domênico Sônego","Rua Domênico Sônego",SC,Convite,2018-02-22T08:00:00Z,"itensVencedores_6befd849-80c1-47f2-b3cb-4710f5433f34.csv",INTERNET,,," ","participantes_cf787530-62b0-45be-9f0c-708e5195bb86.csv",NÃO," ",2018-02-22T09:45:00Z,"Lei 8666/1993, Art. 22, III"," "," "
"PREFEITURA MUNICIPAL DE CRICIUMA",39,2018,39,2018,2018-02-27,"Registro de Preços de materiais e equipamentos de trabalho, para aquisições futuras, no atendimento aos Agentes da Autoridade de Trânsito e Agentes de combate a endemias do município de Criciúma/SC.","Pregão presencial","Compras e Serviços","MENOR PRECO POR ITEM",2018-03-07,HOMOLOGADO," ","atasRegistroPrecos_c5a57cc5-bbe5-4592-8c61-82837be71ece.csv"," "," ",2018-02-28T09:01:00Z," ",2018-02-15,2018-02-28," ","despesas_1edad08e-03cc-48c5-a056-3f312868c3ef.csv"," ","tributos@criciuma.sc.gov.br"," ","Rua Domênico Sônego","Rua Domênico Sônego",SC,"Pregão presencial",2018-02-28T09:00:00Z,"itensVencedores_f3f79a94-4e8f-4902-b373-62c300b2bb88.csv",INTERNET,,," ","participantes_67e362b2-4178-4159-894f-dc2508aa3efe.csv",SIM," ",2018-02-28T09:00:00Z,," "," "
"PREFEITURA MUNICIPAL DE CRICIUMA",40,2018,40,2018,2018-02-20,"Contratação de empresa para execução, por demanda, de obras de implantação, ampliação e manutenção do sistema de drenagem pluvial em ruas e demais logradouros públicos municipais.",Convite,"Compras e Serviços","MENOR PRECO GLOBAL",2018-03-07,HOMOLOGADO," "," "," ","contratos_7910070f-b48e-4556-9499-767dac5a6714.csv",2018-02-28T11:00:00Z," ",2018-02-19,2018-02-28," ","despesas_06f31dc4-373d-49c4-a70c-07469b3b6bf7.csv"," ","tributos@criciuma.sc.gov.br"," ","Rua Domênico Sônego","Rua Domênico Sônego",SC,Convite,2018-02-28T08:00:00Z,"itensVencedores_2418ee37-eee1-42db-b2a1-15ec2d159a7b.csv",MURAL_PUBLICO,,," ","participantes_0da2045f-0abf-492e-b9b6-2dc46b138e87.csv",NÃO," ",2018-02-28T10:45:00Z,"Lei 8666/1993, Art. 22, III"," "," "
"PREFEITURA MUNICIPAL DE CRICIUMA",44,2018,44,2018,2018-02-21,"Registro de preços de guarda-corpo, corrimão e portão metálico, compreendendo a instalação e equipamentos necessários, para aquisições futuras, no atendimento a Rede Municipal de Ensino de Criciúma/SC.","Pregão presencial","Compras e Serviços","MENOR PRECO POR ITEM",2018-03-05,HOMOLOGADO," ","atasRegistroPrecos_fb4c793d-1c41-4507-96b7-200be1b1eadd.csv"," "," ",2018-03-05T08:31:00Z," ",2018-02-19,2018-03-05," ","despesas_eec46a35-f556-433a-b0f7-6a0352303693.csv"," ","tributos@criciuma.sc.gov.br"," ","Rua Domênico Sônego","Rua Domênico Sônego",SC,"Pregão presencial",2018-03-05T08:00:00Z,"itensVencedores_cdbd560e-0231-4be7-9a35-7010deedac12.csv",INTERNET,,," ","participantes_312a3972-0eed-4240-80d4-e55619235d7e.csv",SIM," ",2018-03-05T08:30:00Z,," "," "
"PREFEITURA MUNICIPAL DE CRICIUMA",45,2018,45,2018,2018-02-22,"Aquisição de veículos utilitários novos (0km), para transporte de alunos e cargas para atendimento da Rede Municipal de Educação de Criciúma/SC.","Pregão presencial","Compras e Serviços","MENOR PRECO POR ITEM",2018-03-07,HOMOLOGADO," "," "," ","contratos_5a05e2c5-382a-40eb-887c-702c638fa288.csv",2018-03-06T08:31:00Z," ",2018-02-19,2018-03-06," ","despesas_08e38186-0ee4-4871-b7db-d1f828ea3108.csv"," ","tributos@criciuma.sc.gov.br"," ","Rua Domênico Sônego","Rua Domênico Sônego",SC,"Pregão presencial",2018-03-06T08:00:00Z,"itensVencedores_a56ae9f3-562b-4db6-abc3-1a14227c795d.csv",INTERNET,,," ","participantes_612ba1ca-7f4c-4051-9cdc-029306539281.csv",NÃO," ",2018-03-06T08:30:00Z,," "," "
"PREFEITURA MUNICIPAL DE CRICIUMA",47,2018,47,2018,2018-02-21,"Contratação de empresa para prestação de serviços de mão-de-obra na execução de 2.300,00m² de recuperação e tratamento do concreto aparente da estrutura externa (fachadas) do prédio da Prefeitura Municipal de Criciúma - Paço Municipal Marcos Rovaris.",Convite,"Compras e Serviços","MENOR PRECO GLOBAL",2018-03-01,HOMOLOGADO," "," "," ","contratos_ad8b03ab-b7d7-4ce7-accf-2b23be3ab26f.csv",2018-03-01T14:01:00Z," ",2018-02-20,2018-03-01," ","despesas_9cfb5980-a7cd-40f0-9a73-1bfd4e15fdc3.csv"," ","tributos@criciuma.sc.gov.br"," ","Rua Domênico Sônego","Rua Domênico Sônego",SC,Convite,2018-03-01T08:00:00Z,"itensVencedores_7e944e30-019a-4c37-8707-8d2c39dd7546.csv","JORNAL_DIVULGACAO_MUNICIPAL",,," ","participantes_0c536641-5b3e-4ad3-a1c5-02713e9c8a2c.csv",NÃO," ",2018-03-01T14:00:00Z,"Lei 8666/1993, Art. 22, III"," "," "
"PREFEITURA MUNICIPAL DE CRICIUMA",50,2018,50,2018,2018-02-26,"Contratação de mão de obra para manutenção preventiva e corretiva, de instalações elétricas, instalações hidráulicas e obras civis na sede do 9º Batalhão de Polícia Militar de Criciúma/SC.","Pregão presencial","Compras e Serviços","MENOR PRECO GLOBAL",2018-03-12,HOMOLOGADO," "," "," ","contratos_8f857e2c-95a8-43dd-b92c-e7e4ca044942.csv",2018-03-08T08:31:00Z," ",2018-02-21,2018-03-08," ","despesas_c96f8739-c307-414c-8bc8-289414c5120c.csv"," ","tributos@criciuma.sc.gov.br"," ","Rua Domênico Sônego","Rua Domênico Sônego",SC,"Pregão presencial",2018-03-08T08:00:00Z,"itensVencedores_9bc3a8f6-676d-4841-b020-6af37d0ccb98.csv",INTERNET,,," ","participantes_65e57b92-0c3d-44d8-b4cf-e22e3b68e88c.csv",NÃO," ",2018-03-08T08:30:00Z,," "," "
"PREFEITURA MUNICIPAL DE CRICIUMA",52,2018,52,2018,2018-02-26,"Constitui objeto do presente a aquisição de recargas de vale-transporte aos alunos da Rede Municipal de Ensino de Criciúma/SC.","Dispensa de licitação","Compras e Serviços","MENOR PRECO",2018-02-26,HOMOLOGADO," "," "," ","contratos_e554644a-54c5-432e-9ba3-255eca14334a.csv",2018-02-23T08:01:00Z," ",2018-02-23,2018-02-23," ","despesas_9804479e-d698-465b-8205-0e3da030ccba.csv"," ","tributos@criciuma.sc.gov.br"," ","Rua Domênico Sônego","Rua Domênico Sônego",SC,"Dispensa de licitação",2018-02-23T08:00:00Z,"itensVencedores_5d90fb31-4f9c-4f1c-a051-f222ed98bf98.csv",INTERNET,,," ","participantes_848d4bac-3d33-4caa-8d68-7d98b2b006cc.csv",NÃO," ",2018-02-23T08:00:00Z,," "," "
"PREFEITURA MUNICIPAL DE CRICIUMA",53,2018,53,2018,2018-02-26,"Constitui objeto do presente a aquisição de Recargas (vale-transporte) aos alunos da Rede Estadual de Ensino com Recursos do Tesouro Estadual, repassado para o Município de Criciúma/SC","Dispensa de licitação","Compras e Serviços","MENOR PRECO",2018-02-26,HOMOLOGADO," "," "," ","contratos_9e97b840-cc36-48d2-8dd5-694f585673be.csv",2018-02-23T08:01:00Z," ",2018-02-23,2018-02-23," ","despesas_f1d225b5-d611-4286-8494-3422bf53b08b.csv"," ","tributos@criciuma.sc.gov.br"," ","Rua Domênico Sônego","Rua Domênico Sônego",SC,"Dispensa de licitação",2018-02-23T08:00:00Z,"itensVencedores_afea7ba8-67cf-46e8-b03d-0704b3c134be.csv",INTERNET,,," ","participantes_0b7436ff-1880-4082-906f-0d4f4102a4fd.csv",NÃO," ",2018-02-23T08:00:00Z,," "," "
"PREFEITURA MUNICIPAL DE CRICIUMA",54,2018,54,2018,2018-02-23,"A presente Licitação tem por objeto a aquisição de 08 (oito) roçadeiras e 01(um) soprador para uso das equipes de limpeza pública do município de Criciúma",Convite,"Compras e Serviços","MENOR PRECO GLOBAL",2018-03-21,HOMOLOGADO," "," "," ","contratos_ebc57030-155a-42ed-911a-5d825ef3dbfc.csv",2018-03-13T09:00:00Z," ",2018-02-23,2018-03-13," ","despesas_272dedb8-64a5-4ec8-88f0-6aaf3a8e5af2.csv"," ","tributos@criciuma.sc.gov.br"," ","Rua Domênico Sônego","Rua Domênico Sônego",SC,Convite,2018-03-13T08:00:00Z,"itensVencedores_5a078ef8-5d72-4fba-a7aa-358eafba9ffc.csv",MURAL_PUBLICO,,," ","participantes_6aee7242-0cbe-4caf-a8b7-d942ae69f776.csv",NÃO," ",2018-03-13T08:45:00Z,"Lei 8666/1993, Art. 22, III"," "," "
"PREFEITURA MUNICIPAL DE CRICIUMA",58,2018,58,2018,2018-02-28,"A presente licitação tem por objetivo a contratação de serviços de limpeza de caixa dágua para as unidades da Secretaria Municipal de Educação, Secretaria Municipal de Saúde e Diretoria de Trânsito e Transportes de Criciúma/SC.","Pregão presencial","Compras e Serviços","MENOR PRECO GLOBAL",2018-03-27,HOMOLOGADO," "," "," ","contratos_e9d12101-4d62-4350-871e-cc67b43d75d9.csv",2018-03-12T15:01:00Z," ",2018-02-26,2018-03-12," ","despesas_e0266ae8-2838-4afe-af94-db97676b0bfe.csv"," ","tributos@criciuma.sc.gov.br"," ","Rua Domênico Sônego","Rua Domênico Sônego",SC,"Pregão presencial",2018-03-12T08:00:00Z,"itensVencedores_57ee003a-63f9-40f9-bd02-9a825a5be7a4.csv",INTERNET,,," ","participantes_7d286743-a703-4c06-905b-ce9021e7d621.csv",NÃO," ",2018-03-12T15:00:00Z,," "," "
"PREFEITURA MUNICIPAL DE CRICIUMA",63,2018,63,2018,2018-03-05,"Aquisição de materiais elétricos, para uso na recuperação e manutenção da rede de iluminação pública (COSIP) e manutenção de praças, parques, jardins e prédios públicos, do Município de Criciúma/SC.","Pregão presencial","Compras e Serviços","MENOR PRECO GLOBAL",2018-03-20,HOMOLOGADO," "," "," ","contratos_50cfb81c-ea53-4884-acb3-ec1e5024ab2f.csv",2018-03-15T09:01:00Z," ",2018-03-01,2018-03-15," ","despesas_0cac3286-67e8-4ef8-b3ed-8ef29d7dec49.csv"," ","tributos@criciuma.sc.gov.br"," ","Rua Domênico Sônego","Rua Domênico Sônego",SC,"Pregão presencial",2018-03-15T08:00:00Z,"itensVencedores_256fa0fa-55d7-41a6-accd-caeec401b7d6.csv",INTERNET,,," ","participantes_77c1199b-40ca-43c7-bd96-9942be95c5ba.csv",NÃO," ",2018-03-15T09:00:00Z,," "," "
"PREFEITURA MUNICIPAL DE CRICIUMA",64,2018,64,2018,2018-03-01,"Contratação de empresa para realizar, por demanda, serviços de  manutenção preventiva e corretiva em máquinas roçadeiras costal e motosserras  pertencentes ao patrimônio do  município de Criciúma/SC",Convite,"Compras e Serviços","MENOR PRECO GLOBAL",2018-03-23,HOMOLOGADO," "," "," ","contratos_0a38a266-ff3f-42c3-956d-4533e56b9c37.csv",2018-03-12T10:00:00Z," ",2018-03-01,2018-03-12," ","despesas_80dc6536-138e-4548-a636-0cc182193137.csv"," ","tributos@criciuma.sc.gov.br"," ","Rua Domênico Sônego","Rua Domênico Sônego",SC,Convite,2018-03-12T08:00:00Z,"itensVencedores_66913ab2-e86b-4a03-a235-0aa295f1bee3.csv",INTERNET,,," ","participantes_2d7a486f-58d0-4920-8cae-23ef681eb55f.csv",NÃO," ",2018-03-12T09:45:00Z,"Lei 8666/1993, Art. 22, III"," "," "
"PREFEITURA MUNICIPAL DE CRICIUMA",66,2018,66,2018,2018-03-01,"A presente licitação tem por objetivo a contratação de empresa especializada para realizar, serviços de manutenção, recuperação e reforma de equipamentos rodoviários pertencentes ao patrimônio do município de Criciúma/SC",Convite,"Compras e Serviços","MENOR PRECO GLOBAL",2018-03-23,HOMOLOGADO," "," "," ","contratos_0476bdab-6816-4931-ab8c-7d55798e1221.csv",2018-03-15T11:00:00Z," ",2018-03-01,2018-03-15," ","despesas_701c3bb4-76df-4ab9-86fd-e7a456066e46.csv"," ","tributos@criciuma.sc.gov.br"," ","Rua Domênico Sônego","Rua Domênico Sônego",SC,Convite,2018-03-15T08:00:00Z,"itensVencedores_8dc8e949-6728-484a-b8c2-fe2513ecacd3.csv",MURAL_PUBLICO,,," ","participantes_8408bfdc-00a2-405d-95c9-dd28195f09ad.csv",NÃO," ",2018-03-15T10:45:00Z,"Lei 8666/1993, Art. 22, III"," "," "
"PREFEITURA MUNICIPAL DE CRICIUMA",71,2018,71,2018,2018-03-05,"Registro de preços de blocos de concreto (lajota sextavada), para aquisições futuras, para pavimentação de diversas ruas e logradouros públicos no município de Criciúma/SC.","Pregão presencial","Compras e Serviços","MENOR PRECO POR ITEM",2018-03-15,HOMOLOGADO," ","atasRegistroPrecos_75770dd5-00ee-4024-8809-988be0244b84.csv"," "," ",2018-03-15T13:31:00Z," ",2018-03-02,2018-03-15," ","despesas_22491e34-e7ea-4d0c-995b-9003e80509db.csv"," ","tributos@criciuma.sc.gov.br"," ","Rua Domênico Sônego","Rua Domênico Sônego",SC,"Pregão presencial",2018-03-15T08:00:00Z,"itensVencedores_dae1f721-56e0-42b3-94c8-aa83b934a085.csv",INTERNET,,," ","participantes_649f65d4-b5d8-456b-ab50-50d14a9c5b85.csv",SIM," ",2018-03-15T13:30:00Z,," "," "
"PREFEITURA MUNICIPAL DE CRICIUMA",107,2018,107,2018,2018-03-23,"Contratação de 01 (uma) equipe para manutenção preventiva e corretiva, de instalações elétricas, instalações hidráulicas e obras civis das unidades da Rede Municipal de Educação de Criciúma/SC, sem fornecimento de materiais, bem como a execução de serviços gerais de limpeza e corte de grama.","Pregão presencial","Compras e Serviços","MENOR PRECO",2018-04-10,HOMOLOGADO," "," "," ","contratos_3d1ecec7-8d51-4f1e-aa58-4be1bdbf40c9.csv",2018-04-06T13:01:00Z," ",2018-03-14,2018-04-06," ","despesas_d28037cf-c84c-472d-bcae-9190e4ab1f9b.csv"," ","tributos@criciuma.sc.gov.br"," ","Rua Domênico Sônego","Rua Domênico Sônego",SC,"Pregão presencial",2018-04-06T08:00:00Z,"itensVencedores_88926a01-513d-4227-baa8-570f685216ca.csv",INTERNET,,," ","participantes_756dfa3d-941d-4a33-8a35-2450b4f57791.csv",NÃO," ",2018-04-06T13:00:00Z,," "," "
"PREFEITURA MUNICIPAL DE CRICIUMA",108,2018,108,2018,2018-03-15,"Cessão de uso de software, consistentes na divulgação, publicação e gerenciamento do comêndio dos atos oficiais, de efeito externo do Município de Criciúma/SC (Lei Orgânica, Leis Complementares, Leis Ordinárias, Decretos).","Inexigibilidade de licitação","Compras e Serviços","MENOR PRECO",2018-03-14,HOMOLOGADO," "," "," ","contratos_82bbe183-8ff1-4660-8c67-893cc2d30c78.csv",2018-03-14T08:01:00Z," ",2018-03-14,2018-03-14," ","despesas_c170d461-ffc4-40cb-9a0d-b3c8e064a36d.csv"," ","tributos@criciuma.sc.gov.br"," ","Rua Domênico Sônego","Rua Domênico Sônego",SC,"Inexigibilidade de licitação",2018-03-14T08:00:00Z,"itensVencedores_5aa5bd5e-4de6-47ea-9ec9-3df5c36886bc.csv","JORNAL_DIVULGACAO_REGIONAL",,," ","participantes_cd3b1f94-db0e-4488-bbd7-1274030be512.csv",NÃO," ",2018-03-14T08:00:00Z,," "," "
"PREFEITURA MUNICIPAL DE CRICIUMA",112,2018,112,2018,2018-03-28,"Registro de preços de generos alimentícios, para aquisições futuras, para merenda escolar, em atendimento aos alunos das escolas da rede municipal de ensino de Criciúma SC.","Pregão presencial","Compras e Serviços","MENOR PRECO POR ITEM",2018-04-11,HOMOLOGADO," ","atasRegistroPrecos_4e3bf059-61b1-4968-83dc-25897d293ce7.csv"," "," ",2018-04-10T08:31:00Z," ",2018-03-16,2018-04-10," ","despesas_f0fcf282-d55d-4485-a9fe-276fb884e024.csv"," ","tributos@criciuma.sc.gov.br"," ","Rua Domênico Sônego","Rua Domênico Sônego",SC,"Pregão presencial",2018-04-10T08:00:00Z,"itensVencedores_7b3f1a14-40c1-47d7-9c45-7b55693173da.csv",INTERNET,,," ","participantes_7d3d1c1e-cef9-4285-bd96-4ce004b7ecf2.csv",SIM," ",2018-04-10T08:30:00Z,," "," "
"PREFEITURA MUNICIPAL DE CRICIUMA",113,2018,113,2018,2018-03-28,"Registro de preços de copos descartáveis, para aquisições futuras, no atendimento à diversas Secretarias, Diretorias, Fundos e Fundações do município de Criciúma/SC.","Pregão presencial","Compras e Serviços","MENOR PRECO POR ITEM",2018-04-11,HOMOLOGADO," ","atasRegistroPrecos_9deb2d0d-61da-44e1-8920-9834da949d49.csv"," "," ",2018-04-10T14:01:00Z," ",2018-03-16,2018-04-10," ","despesas_1887da83-319d-4119-b12e-0a9b659b2193.csv"," ","tributos@criciuma.sc.gov.br"," ","Rua Domênico Sônego","Rua Domênico Sônego",SC,"Pregão presencial",2018-04-10T08:00:00Z,"itensVencedores_e05b28db-281c-462b-b81d-6627779e6fa9.csv",INTERNET,,," ","participantes_b98a2a21-cfdd-49d1-ba54-e252f9ec5375.csv",SIM," ",2018-04-10T14:00:00Z,," "," "
"PREFEITURA MUNICIPAL DE CRICIUMA",116,2018,116,2018,2018-03-21,"Prestação de serviços de publicação de atos oficial no Diário Oficial do Estado de Santa Catarina.","Inexigibilidade de licitação","Compras e Serviços","MENOR PRECO",2018-03-20,HOMOLOGADO," "," "," ","contratos_50d248dc-daca-497f-a5fd-c4351be2237c.csv",2018-03-20T08:01:00Z," ",2018-03-20,2018-03-20," ","despesas_ff073954-f6d3-4855-b835-704c21c83d8f.csv"," ","tributos@criciuma.sc.gov.br"," ","Rua Domênico Sônego","Rua Domênico Sônego",SC,"Inexigibilidade de licitação",2018-03-20T08:00:00Z,"itensVencedores_a99d623f-1637-48f7-9e7e-f4d11ce2c34d.csv",INTERNET,,," ","participantes_ad090d27-29f9-44f3-8d60-4987b55ac574.csv",NÃO," ",2018-03-20T08:00:00Z,," "," "
"PREFEITURA MUNICIPAL DE CRICIUMA",117,2018,117,2018,2018-03-26,"Aquisição de utensílios e eletrodomésticos para uso no gabinete dos secretários e demais setores do Paço Municipal Marcos Rovaris.",Convite,"Compras e Serviços","MELHOR PRECO E TECNICA",2018-04-19,HOMOLOGADO," "," "," ","contratos_6d66ce6b-0b77-4bc0-8c72-700d3d49c76f.csv",2018-04-05T09:00:00Z," ",2018-03-26,2018-04-05," ","despesas_b1d0739f-b1a7-477d-92cd-39e725d41a43.csv"," ","tributos@criciuma.sc.gov.br"," ","Rua Domênico Sônego","Rua Domênico Sônego",SC,Convite,2018-04-05T08:00:00Z,"itensVencedores_24ba6089-aaa7-451a-8e65-41469ea91938.csv",MURAL_PUBLICO,,," ","participantes_162e4e37-b0eb-4f38-8f0b-4edadaa130cc.csv",NÃO," ",2018-04-05T08:45:00Z,"Lei 8666/1993, Art. 22, III"," "," "
"PREFEITURA MUNICIPAL DE CRICIUMA",118,2018,118,2018,2018-03-26,"O presente Edital tem por objetivo a aquisição de toners e cartuchos, ambos novos e originais, para atendimento as Secretarias da Administração do município de Criciúma - SC",Convite,"Compras e Serviços","MENOR PRECO POR ITEM",2018-04-16,HOMOLOGADO," "," "," ","contratos_d0c460da-05c6-463a-8b6e-270c02d01650.csv",2018-04-05T14:00:00Z," ",2018-03-26,2018-04-05," ","despesas_b25009a6-2614-4556-91e1-c3cd48de111d.csv"," ","tributos@criciuma.sc.gov.br"," ","Rua Domênico Sônego","Rua Domênico Sônego",SC,Convite,2018-04-05T08:00:00Z,"itensVencedores_bdc6adc6-888b-4ea2-acbe-6945e54a9412.csv",MURAL_PUBLICO,,," ","participantes_56c960e9-cabf-4d24-983f-3465f3694871.csv",NÃO," ",2018-04-05T13:45:00Z,"Lei 8666/1993, Art. 22, III"," "," "
"PREFEITURA MUNICIPAL DE CRICIUMA",122,2018,122,2018,2018-03-28,"Contratação de serviços técnicos especializados para elaboração do projeto arquitetônico total e do projeto de readequação da estrutura metálica do  prédio do 4º BATALHÃO DE BOMBEIRO MILITAR DE CRICIÚMA.",Convite,"Compras e Serviços","MENOR PRECO GLOBAL",2018-04-26,HOMOLOGADO," "," "," ","contratos_f8daff09-f362-435b-a932-b2903d2575b4.csv",2018-04-25T11:00:00Z," ",2018-03-16,2018-04-25," ","despesas_3e2f2374-8548-4029-87eb-d3624f2aaf68.csv"," ","tributos@criciuma.sc.gov.br"," ","Rua Domênico Sônego","Rua Domênico Sônego",SC,Convite,2018-04-25T08:00:00Z,"itensVencedores_540e74ba-45ea-418a-89d5-1c1a504b065c.csv",MURAL_PUBLICO,,," ","participantes_04506c53-e921-45f3-b97f-13f84f659810.csv",NÃO," ",2018-04-25T10:45:00Z,"Lei 8666/1993, Art. 22, III"," "," "
"PREFEITURA MUNICIPAL DE CRICIUMA",123,2018,123,2018,2018-03-29,"REGISTRO DE PREÇOS DE CARGAS DE GÁS (GLP P-13 e P-45), PARA AQUISIÇÕES FUTURAS, NO ATENDIMENTO A ADMINISTRAÇÃO MUNICIPAL, DIRETORIAS, FUNDOS E FUNDAÇÕES DE CRICIÚMA/SC.","Pregão presencial","Compras e Serviços","MENOR PRECO POR ITEM",2018-04-17,HOMOLOGADO," ","atasRegistroPrecos_519bac10-fb06-494f-983b-05a7b2a7646d.csv"," "," ",2018-04-12T10:31:00Z," ",2018-03-28,2018-04-12," ","despesas_c75e5898-aa80-4d77-b103-9589b0148a62.csv"," ","tributos@criciuma.sc.gov.br"," ","Rua Domênico Sônego","Rua Domênico Sônego",SC,"Pregão presencial",2018-04-12T08:00:00Z,"itensVencedores_2dc3fc6d-a966-4755-9e09-e4b9504ef925.csv",INTERNET,,," ","participantes_36a4e3c9-07d5-40e6-bc09-6154d7c5fdb5.csv",SIM," ",2018-04-12T10:30:00Z,," "," "
"PREFEITURA MUNICIPAL DE CRICIUMA",104,2018,104,2018,2018-03-23,"A presente Licitação tem por objetivo a contratação de empresa para execução de serviços de vigilância patrimonial armada e vigilância eletrônica, para o Paço Municipal Marcos Rovaris de Criciúma/SC.","Pregão presencial","Compras e Serviços","MENOR PRECO GLOBAL",2018-04-13,HOMOLOGADO," "," "," ","contratos_fbad613d-43c0-4349-948d-6095825d654a.csv",2018-04-05T14:01:00Z," ",2018-03-14,2018-04-05," ","despesas_f7e3bed2-8fa3-4685-aa94-0e7eaedfdcdc.csv"," ","tributos@criciuma.sc.gov.br"," ","Rua Domênico Sônego","Rua Domênico Sônego",SC,"Pregão presencial",2018-04-05T08:00:00Z,"itensVencedores_aea5e99f-e3e6-46eb-b152-cb03a3ce1e1f.csv",INTERNET,,," ","participantes_e2494a56-18aa-42a5-a55c-4d12d8714b2b.csv",NÃO," ",2018-04-05T14:00:00Z,," "," "
"PREFEITURA MUNICIPAL DE CRICIUMA",105,2018,105,2018,2018-03-23,"Aquisição de notebook para atendimento a Diretoria de Comunicação, para utilização nos eventos promovidos no salão Ouro Negro e na sala de atos, localizadas no Paço Municipal Marcos Rovaris.","Pregão presencial","Compras e Serviços","MENOR PRECO POR ITEM",2018-04-06,HOMOLOGADO," "," "," ","contratos_8b404dfa-bac2-48dd-a578-0d22a2132cf2.csv",2018-04-05T15:31:00Z," ",2018-03-14,2018-04-05," ","despesas_3daf9df1-4e71-469c-8d4d-e4307b5e3c18.csv"," ","tributos@criciuma.sc.gov.br"," ","Rua Domênico Sônego","Rua Domênico Sônego",SC,"Pregão presencial",2018-04-05T08:00:00Z,"itensVencedores_bd543cb6-115f-4f4b-ae51-a82543844b77.csv",INTERNET,,," ","participantes_d0fd1ea4-8d26-4818-a011-ffed2e590b3a.csv",NÃO," ",2018-04-05T15:30:00Z,," "," "
"PREFEITURA MUNICIPAL DE CRICIUMA",109,2018,109,2018,2018-03-16,"A presente licitação tem por objetivo a contratação de serviços gráficos (Criação e Diagramação) no atendimento a Administração e Secretaria de Educação do município de Criciúma/SC.",Convite,"Compras e Serviços","MENOR PRECO GLOBAL",2018-04-11,HOMOLOGADO," "," "," ","contratos_c7254a40-6429-423f-a6a4-36795a03c0ac.csv",2018-03-29T11:00:00Z," ",2018-03-16,2018-03-29," ","despesas_182a6cd7-57e9-403f-bd84-1d2dc9f7b77a.csv"," ","tributos@criciuma.sc.gov.br"," ","Rua Domênico Sônego","Rua Domênico Sônego",SC,Convite,2018-03-29T08:00:00Z,"itensVencedores_6ed98fe7-3dce-46e3-a021-a2f4e55ba937.csv",MURAL_PUBLICO,,," ","participantes_9977ff49-4579-41c3-ad0e-209d2802989e.csv",NÃO," ",2018-03-29T10:45:00Z,"Lei 8666/1993, Art. 22, III"," "," "
"PREFEITURA MUNICIPAL DE CRICIUMA",110,2018,110,2018,2018-03-16,"O presente Edital tem pôr objetivo a aquisição de cartuchos (lote 01) e toners (lote 02) de impressão para o 9º BATALHÃO DE POLÍCIA MILITAR DE CRICIÚMA",Convite,"Compras e Serviços","MENOR PREÇO GLOBAL POR LOTE",2018-04-23,HOMOLOGADO," "," "," ","contratos_79e53a85-3670-4e09-9ea9-e66f7a35f96f.csv",2018-04-13T10:00:00Z," ",2018-03-16,2018-04-13," ","despesas_578860f7-2637-4e0c-92ef-576a888b00cb.csv"," ","tributos@criciuma.sc.gov.br"," ","Rua Domênico Sônego","Rua Domênico Sônego",SC,Convite,2018-04-13T08:00:00Z,"itensVencedores_537578ca-cc3e-4442-9e14-76ecda4b96f4.csv",MURAL_PUBLICO,,," ","participantes_cd49d5ff-0798-497e-846f-d9fa648388cb.csv",NÃO," ",2018-04-13T09:45:00Z,"Lei 8666/1993, Art. 22, III"," "," "
"PREFEITURA MUNICIPAL DE CRICIUMA",111,2018,111,2018,2018-03-27,"Registro de preços de lubrificantes e filtros, com fornecimento de materiais e mão de obra para os serviços de troca, para aquisições futuras, na reposição e manutenção de veículos e equipamentos rodoviários que compõem a frota oficial do Município de Criciúma/SC.","Pregão presencial","Compras e Serviços","MENOR PRECO GLOBAL",2018-04-10,HOMOLOGADO," ","atasRegistroPrecos_8a478c5c-7e3b-4673-a762-c8d8c05f1060.csv"," "," ",2018-04-09T14:01:00Z," ",2018-03-16,2018-04-09," ","despesas_7097a85d-99f8-46bb-a17a-207c68a27aea.csv"," ","tributos@criciuma.sc.gov.br"," ","Rua Domênico Sônego","Rua Domênico Sônego",SC,"Pregão presencial",2018-04-09T08:00:00Z,"itensVencedores_b452cd0b-4f86-4813-b92f-de7b4b5d0668.csv",INTERNET,,," ","participantes_d88a5585-c149-4b1e-807e-98a862450926.csv",SIM," ",2018-04-09T14:00:00Z,," "," "
"PREFEITURA MUNICIPAL DE CRICIUMA",114,2018,114,2018,2018-03-29,"Aquisição de equipamentos para montagem e instalação de academias ao ar livre em diversos bairros do município de Criciúma/SC.","Pregão presencial","Compras e Serviços","MENOR PRECO GLOBAL",2018-05-17,HOMOLOGADO," "," "," ","contratos_e98044b7-3b0a-49ba-adfd-8b46032bbd71.csv",2018-04-11T09:01:00Z," ",2018-03-16,2018-04-11," ","despesas_2387956e-b4fa-4593-9a3e-5ca4a5c8359b.csv"," ","tributos@criciuma.sc.gov.br"," ","Rua Domênico Sônego","Rua Domênico Sônego",SC,"Pregão presencial",2018-04-11T08:00:00Z,"itensVencedores_91b67812-2e32-4d44-bb83-7066d44ac842.csv",DIARIO_OFICIAL_UNIAO,,," ","participantes_e3ba225f-04c1-4954-b04d-cf2866e77398.csv",NÃO," ",2018-04-11T09:00:00Z,," "," "
"PREFEITURA MUNICIPAL DE CRICIUMA",115,2018,115,2018,2018-03-29,"REGISTRO DE PREÇOS DE PEÇAS E SERVIÇOS PARA AQUISIÇÕES FUTURAS, NA MANUTENÇÃO MECANICA, FUNILARIA, PINTURA E ELÉTRICA DA FROTA DE VEICULOS LEVES  DO 4º BATALHÃO DE BOMBEIROS MILITAR DO MUNICÍPIO DE CRICIÚMA/SC.","Pregão presencial","Compras e Serviços","MENOR PRECO",2018-05-18,HOMOLOGADO," "," "," "," ",2018-04-11T14:01:00Z," ",2018-03-16,2018-04-11," ","despesas_33051d77-9931-491c-ac6e-7b637c0e825f.csv"," ","tributos@criciuma.sc.gov.br"," ","Rua Domênico Sônego","Rua Domênico Sônego",SC,"Pregão presencial",2018-04-11T08:00:00Z,"itensVencedores_86723ff6-45c5-4d3c-b4a4-f94b1d878532.csv",INTERNET,,," ","participantes_e42aa778-e458-441a-a44d-fa105add29df.csv",SIM," ",2018-04-11T14:00:00Z,," "," "
"PREFEITURA MUNICIPAL DE CRICIUMA",119,2018,119,2018,2018-03-27,"A  presente  Licitação tem por objeto a contratação, através de empresas do ramo pertinente, para execução por demanda, de serviços de instalação, manutenção, remanejamento, montagem e desmontagem de estruturas divisórias, com aplicação de todo o material e  acessórios, a fim de atender as necessidades nos prédios públicos municipais.",Convite,"Compras e Serviços","MENOR PRECO",2018-04-16,HOMOLOGADO," "," "," ","contratos_3da7f96a-9a5a-449c-bfbb-438ab6ba741a.csv",2018-04-09T16:00:00Z," ",2018-03-27,2018-04-09," ","despesas_5cc20e9e-fdd5-4cf2-b131-f9d155d9052b.csv"," ","tributos@criciuma.sc.gov.br"," ","Rua Domênico Sônego","Rua Domênico Sônego",SC,Convite,2018-04-09T08:00:00Z,"itensVencedores_03d3e57d-6253-43f4-a71b-87f0305bc383.csv",MURAL_PUBLICO,,," ","participantes_e3dabf16-5724-4a2c-87ad-0e75a92eab87.csv",NÃO," ",2018-04-09T15:45:00Z,"Lei 8666/1993, Art. 22, III"," "," "
"PREFEITURA MUNICIPAL DE CRICIUMA",120,2018,120,2018,2018-03-27,"Contratação de empresa para realizar, por demanda, serviços de reforma e recuperação de estofados automotivos de veículos, máquinas e caminhões pertencentes a frota oficial do  município de Criciúma/SC",Convite,"Compras e Serviços","MENOR PRECO",2018-04-20,HOMOLOGADO," "," "," ","contratos_1b055074-b892-469a-ac96-2c545c0bb4d8.csv",2018-04-10T09:00:00Z," ",2018-03-27,2018-04-10," ","despesas_75bd1b82-45cb-4ff0-8996-22caf2f8a8c6.csv"," ","tributos@criciuma.sc.gov.br"," ","Rua Domênico Sônego","Rua Domênico Sônego",SC,Convite,2018-04-10T08:00:00Z,"itensVencedores_cbf986c5-08f0-4c30-9ff1-6597de30efe8.csv",MURAL_PUBLICO,,," ","participantes_ca272e40-70c4-4759-8b2d-b9d09ff041fa.csv",NÃO," ",2018-04-10T08:45:00Z,"Lei 8666/1993, Art. 22, III"," "," "
"PREFEITURA MUNICIPAL DE CRICIUMA",121,2018,121,2018,2018-03-27,"Contratação de empresa do ramo pertinente, para execução de serviços de análise dos materiais usados na usina de asfalto do município de Criciúma - SC.",Convite,"Obras e Serviços de Engenharia","MENOR PRECO",2018-05-03,HOMOLOGADO," "," "," ","contratos_b03b87e0-e23c-4f71-b178-f71f115da2d5.csv",2018-04-11T09:00:00Z," ",2018-03-27,2018-04-11," ","despesas_042c15d9-89b0-4d98-b3b0-9cb5ca5681b0.csv"," ","tributos@criciuma.sc.gov.br"," ","Rua Domênico Sônego","Rua Domênico Sônego",SC,Convite,2018-04-11T08:00:00Z,"itensVencedores_7460f87e-c2ce-4b08-ab70-d76de4783a1c.csv",MURAL_PUBLICO,,," ","participantes_2b4262a3-50bc-4234-85c7-528d3cd3a713.csv",NÃO," ",2018-04-11T08:45:00Z,"Lei 8666/1993, Art. 22, III"," "," "
"PREFEITURA MUNICIPAL DE CRICIUMA",124,2018,124,2018,2018-04-03,"Aquisição de equipamentos para montagem e instalação de academias ao ar livre no bairro Boa Vista do município de Criciúma/SC.","Pregão presencial","Compras e Serviços","MENOR PRECO GLOBAL",2018-04-18,HOMOLOGADO," "," "," ","contratos_8810c5d5-d49f-473a-ac9e-614ee3be1308.csv",2018-04-13T08:31:00Z," ",2018-03-28,2018-04-13," ","despesas_bd9ec0a3-59ca-4f78-b373-6e94e7742d81.csv"," ","tributos@criciuma.sc.gov.br"," ","Rua Domênico Sônego","Rua Domênico Sônego",SC,"Pregão presencial",2018-04-13T08:00:00Z,"itensVencedores_be073e28-aaa7-4fe4-88a9-0eed9bb3a155.csv",INTERNET,,," ","participantes_cffdd258-beb4-4e9c-9309-b9ad4b5ca712.csv",NÃO," ",2018-04-13T08:30:00Z,," "," "
"PREFEITURA MUNICIPAL DE CRICIUMA",127,2018,127,2018,2018-04-03,"REGISTRO DE PREÇOS DE PEÇAS E SERVIÇOS PARA AQUISIÇÕES FUTURAS, NA MANUTENÇÃO E RETIFICAÇÃO DE BOMBAS E BICOS INJETORES DOS EQUIPAMENTOS RODOVIÁRIOS DO MUNICÍPIO DE CRICIÚMA/SC.","Pregão presencial","Compras e Serviços","MENOR PREÇO GLOBAL POR LOTE",2018-04-16,HOMOLOGADO," ","atasRegistroPrecos_f3249349-7d1c-406b-8340-170b15f39b17.csv"," "," ",2018-04-16T10:31:00Z," ",2018-03-28,2018-04-16," ","despesas_76cf6239-c776-410d-810a-e22bb56d036c.csv"," ","tributos@criciuma.sc.gov.br"," ","Rua Domênico Sônego","Rua Domênico Sônego",SC,"Pregão presencial",2018-04-16T08:00:00Z,"itensVencedores_74323480-d843-4e45-85ba-33e4b0acff42.csv",INTERNET,,," ","participantes_6d100be8-5f36-44b3-870c-f1c2da70eed3.csv",SIM," ",2018-04-16T10:30:00Z,," "," "
"PREFEITURA MUNICIPAL DE CRICIUMA",129,2018,129,2018,2018-04-02,"O presente edital tem por objetivo a contratação, através de empresas especializadas, para prestação de serviços de manutenção de aparelhos de ar condicionado em diversos prédios e escolas do Município de Criciúma - SC",Convite,"Compras e Serviços","MENOR PRECO GLOBAL",2018-04-24,HOMOLOGADO," "," "," ","contratos_57ef5e74-9271-4892-a901-406f5f5ee153.csv",2018-04-11T15:00:00Z," ",2018-04-02,2018-04-11," ","despesas_50fba550-861c-4882-b7cb-c9aba1bb34d2.csv"," ","tributos@criciuma.sc.gov.br"," ","Rua Domênico Sônego","Rua Domênico Sônego",SC,Convite,2018-04-11T08:00:00Z,"itensVencedores_dd27aa22-8056-4b4c-aad3-4b45db36d5f8.csv",MURAL_PUBLICO,,," ","participantes_76e1997d-45dd-4f6c-abb7-d75c922fe952.csv",NÃO," ",2018-04-11T14:45:00Z,"Lei 8666/1993, Art. 22, III"," "," "
"PREFEITURA MUNICIPAL DE CRICIUMA",130,2018,130,2018,2018-04-02,"A presente licitação tem por objetivo a contratação de empresa para execução, de serviços de manutenção de escavadeira hidráulica New Holland E135 nº 402, pertencente ao patrimônio do município de Criciúma/",Convite,"Compras e Serviços","MENOR PRECO GLOBAL",2018-04-23,HOMOLOGADO," "," "," ","contratos_d850f541-920e-4a98-bdf4-ffd78212d736.csv",2018-04-12T15:00:00Z," ",2018-04-02,2018-04-12," ","despesas_e491e10e-9367-4e7c-8a44-368f3aa355af.csv"," ","tributos@criciuma.sc.gov.br"," ","Rua Domênico Sônego","Rua Domênico Sônego",SC,Convite,2018-04-12T08:00:00Z,"itensVencedores_bff1c114-7ce0-48e6-8e0c-6e8267a6d7e3.csv",MURAL_PUBLICO,,," ","participantes_8bd83936-244f-46e6-913e-469a2dde99ba.csv",NÃO," ",2018-04-12T14:45:00Z,"Lei 8666/1993, Art. 22, III"," "," "
"PREFEITURA MUNICIPAL DE CRICIUMA",131,2018,131,2018,2018-04-02,"A presente licitação tem por objetivo a aquisição de forma parcelada, de materiais de de escritório, visando atender as  necessidades da CIRETRAN de Criciúma/SC durante o exercício de 2018.",Convite,"Compras e Serviços","MENOR PRECO GLOBAL",2018-04-30,HOMOLOGADO," "," "," ","contratos_3a4fa4e1-bdd5-48a4-b43a-00907c9907c5.csv",2018-04-13T11:00:00Z," ",2018-04-02,2018-04-13," ","despesas_73a11d66-6daf-46c8-9bec-51dec82e0bed.csv"," ","tributos@criciuma.sc.gov.br"," ","Rua Domênico Sônego","Rua Domênico Sônego",SC,Convite,2018-04-13T08:00:00Z,"itensVencedores_a8091b33-4fff-44b6-b915-ee5cba95cd3c.csv",MURAL_PUBLICO,,," ","participantes_e7a1846d-43c0-4c1f-89e4-b97dca15fc80.csv",NÃO," ",2018-04-13T10:45:00Z,"Lei 8666/1993, Art. 22, III"," "," "
"PREFEITURA MUNICIPAL DE CRICIUMA",133,2018,133,2018,2018-04-09,"Contratação de empresa para execução dos serviços necessárias  as obras de ampliação, adaptação de ambientes e reforma parcial da E.M.E.I.E.F. Pe. CARLOS WECKI, localizada na avenida União - bairro Mineira Velha no município de Criciúma.",Convite,"Obras e Serviços de Engenharia","MENOR PRECO GLOBAL",2018-04-17,HOMOLOGADO," "," "," ","contratos_80cfa810-e78b-44a6-9e97-62f9496b2665.csv",2018-04-16T16:01:00Z," ",2018-04-09,2018-04-16," ","despesas_12d49c13-4831-4211-b67e-dc2e7cf86ab4.csv"," ","tributos@criciuma.sc.gov.br"," ","Rua Domênico Sônego","Rua Domênico Sônego",SC,Convite,2018-04-16T08:00:00Z,"itensVencedores_e8cc44ce-2e38-43fc-bcef-85ae784509d9.csv",MURAL_PUBLICO,,," ","participantes_c78c239d-4283-4c8a-b444-8f951bdbfc65.csv",NÃO," ",2018-04-16T16:00:00Z,"Lei 8666/1993, Art. 22, III"," "," "
"PREFEITURA MUNICIPAL DE CRICIUMA",134,2018,134,2018,2018-04-11,"Contratação de empresa de engenharia para execução dos serviços necessários às obras de reforma parcial da E.M.E.I.E.F. OSVALDO HULSE, localizada no bairro São Francisco -  município de Criciúma.","Tomada de Preço","Obras e Serviços de Engenharia","MENOR PRECO GLOBAL",2018-05-23,HOMOLOGADO," "," "," ","contratos_cb6442ef-54d1-476b-baf3-068fed1277d4.csv",2018-04-26T14:00:00Z," ",2018-04-09,2018-04-26," ","despesas_59f5eb3c-d3a2-45d8-81f2-d1aa6c84f14a.csv"," ","tributos@criciuma.sc.gov.br"," ","Rua Domênico Sônego","Rua Domênico Sônego",SC,"Tomada de Preço",2018-04-26T08:00:00Z,"itensVencedores_3abf1a58-0087-4e00-a818-08ddab0b225c.csv",DIARIO_OFICIAL_ESTADO,,," ","participantes_4591b69c-3b40-4f58-8f15-7bcc577b9cf0.csv",NÃO," ",2018-04-26T13:45:00Z,"Lei 8666/1993, Art. 22, II"," "," "
"PREFEITURA MUNICIPAL DE CRICIUMA",136,2018,136,2018,2018-04-10,"Contratação de empresa para reconstrução de muro de contenção do solo e muro de divisa com 13,00m de extensão na E.M.E.I.E.F. CARLOS GORINI, localizada na rua Manoel A. Ferreira - bairro São Marcos no município de Criciúma.",Convite,"Obras e Serviços de Engenharia","MENOR PRECO GLOBAL",2018-04-30,HOMOLOGADO," "," "," ","contratos_daf7e3db-6630-465a-b6c6-5f821a6d95dd.csv",2018-04-24T14:00:00Z," ",2018-04-10,2018-04-24," ","despesas_c823a4d6-1af2-47c5-b026-0f27fef4aaf5.csv"," ","tributos@criciuma.sc.gov.br"," ","Rua Domênico Sônego","Rua Domênico Sônego",SC,Convite,2018-04-24T08:00:00Z,"itensVencedores_a85da2e0-4fbb-4c94-a6c8-3efb9aa464ad.csv",MURAL_PUBLICO,,," ","participantes_e508c721-6fe4-43af-a848-a95a21fe0a57.csv",NÃO," ",2018-04-24T13:45:00Z,"Lei 8666/1993, Art. 22, III"," "," "
"PREFEITURA MUNICIPAL DE CRICIUMA",138,2018,138,2018,2018-04-17,"Aquisição de caminhão leve novo (0km) e cesto aéreo simples, para utilização da COSIP do município de Criciúma/SC.","Pregão presencial","Compras e Serviços","MENOR PRECO POR ITEM",2018-06-13,HOMOLOGADO," "," "," ","contratos_bcf19ecb-dc51-4768-900d-0191f30fe056.csv",2018-04-27T14:01:00Z," ",2018-04-11,2018-04-27," ","despesas_984180fc-83d8-4875-b496-5c13d6462a2c.csv"," ","tributos@criciuma.sc.gov.br"," ","Rua Domênico Sônego","Rua Domênico Sônego",SC,"Pregão presencial",2018-04-27T08:00:00Z,"itensVencedores_fc267181-a6d8-44f7-a393-e9b246d46f6c.csv",INTERNET,,," ","participantes_2e3e122b-169f-4780-a245-194125a373ee.csv",NÃO," ",2018-04-27T14:00:00Z,," "," "
"PREFEITURA MUNICIPAL DE CRICIUMA",141,2018,141,2018,2018-04-13,"A presente licitação tem por objetivo a contratação de empresa para execução de serviços gráficos no atendimento a Diretoria de Trânsito e Transportes do município de Criciúma/SC.",Convite,"Compras e Serviços","MENOR PRECO GLOBAL",2018-05-02,HOMOLOGADO," "," "," ","contratos_8d750e28-bb69-4641-9b54-8e1006c8aa16.csv",2018-04-23T15:00:00Z," ",2018-04-13,2018-04-23," ","despesas_80180b83-6fef-4b34-8b75-520048489089.csv"," ","tributos@criciuma.sc.gov.br"," ","Rua Domênico Sônego","Rua Domênico Sônego",SC,Convite,2018-04-23T08:00:00Z,"itensVencedores_4a0ef98b-22b3-4d32-b28f-6ccc9ee81495.csv",MURAL_PUBLICO,,," ","participantes_4dbfb057-dab3-4c94-9920-292af4cfb3f1.csv",NÃO," ",2018-04-23T14:45:00Z,"Lei 8666/1993, Art. 22, III"," "," "
"PREFEITURA MUNICIPAL DE CRICIUMA",143,2018,143,2018,2018-04-16,"Contratação de empresa do ramo pertinente, para execução de serviços de serralheria para confecção e manutenção de grelhas e corrimãos, afim de atender as necessidades do município de Criciúma/SC.",Convite,"Compras e Serviços","MELHOR PRECO E TECNICA",2018-05-04,HOMOLOGADO," "," "," ","contratos_11d8db23-d1a6-498a-a2d5-f0948ec28269.csv",2018-05-03T09:45:00Z," ",2018-04-16,2018-05-03," ","despesas_ebf79448-771d-4d9e-9dbb-cb8cbc913297.csv"," ","tributos@criciuma.sc.gov.br"," ","Rua Domênico Sônego","Rua Domênico Sônego",SC,Convite,2018-05-03T08:00:00Z,"itensVencedores_a241534a-bc3a-419b-88eb-771937997df9.csv",MURAL_PUBLICO,,," ","participantes_f0c33035-e16f-4153-8e66-f3121d34981c.csv",NÃO," ",2018-05-03T09:35:00Z,"Lei 8666/1993, Art. 22, III"," "," "
"PREFEITURA MUNICIPAL DE CRICIUMA",144,2018,144,2018,2018-04-16,"O presente Edital tem pôr objetivo a aquisição de materiais de serralheria e caldeiraria para manutenção, reformas e confecção diversas de, materiais (cantoneira, chapa, ferro, tubo) - lote 01, materiais de consumo e desgaste -Lote 02 e gás - lote 03, do município de CRICIÚMA.",Convite,"Compras e Serviços","MENOR PREÇO GLOBAL POR LOTE",2018-05-25,HOMOLOGADO," "," "," ","contratos_9ead52b3-2dbb-4111-8306-c678c1c6924e.csv",2018-05-04T10:00:00Z," ",2018-04-16,2018-05-04," ","despesas_8ae68898-d3c8-4c1d-aa6c-5ef8039533e5.csv"," ","tributos@criciuma.sc.gov.br"," ","Rua Domênico Sônego","Rua Domênico Sônego",SC,Convite,2018-05-04T08:00:00Z,"itensVencedores_fa90a08c-25a7-4f2f-8a54-9c1a73ec8613.csv",MURAL_PUBLICO,,," ","participantes_7128d3bf-2c9a-43af-b254-fc5a38fc3d1a.csv",NÃO," ",2018-05-04T09:45:00Z,"Lei 8666/1993, Art. 22, III"," "," "
"FUNDO MUNICIPAL DE SAUDE DE CRICIUMA",64,2018,64,2018,2018-08-06,"A presente licitação tem por objetivo a aquisição de mobiliários, eletroeletrônicos, eletrodomésticos, enxoval e utensílios de cozinha para os Residenciais Terapêuticos (SRT) da rede Municipal de Saúde do município de Criciúma/SC.","Pregão presencial","Compras e Serviços","MENOR PRECO POR ITEM",2018-08-21,HOMOLOGADO," "," "," ","contratos_6dc223fd-f5fb-4b6e-8e97-8abb0208d6a4.csv",2018-08-20T08:31:00Z," ",2018-08-03,2018-08-20," ","despesas_9c4d0bcf-3777-4a34-a55e-638788d48284.csv"," ",saude@criciuma.sc.gov.br," ","Rua Domênico Sônego","Rua Domênico Sônego",SC,Licitação,2018-08-20T08:00:00Z,"itensVencedores_166c3717-990b-4ec7-a930-98cc5243dc19.csv",INTERNET," "," "," ","participantes_7f3f9993-fc46-486c-b7cf-b04868469b19.csv",NÃO," ",2018-08-20T08:30:00Z,,60494.34,42881.95
"FUNDO MUNICIPAL DE SAUDE DE CRICIUMA",67,2018,67,2018,2018-09-12,"REGISTRO DE PREÇOS para aquisição futura, de equipamentos, instrumentais e materiais de consumo odontológicos, para atendimento aos consultórios odontológicos da Rede Municipal de Saúde de Criciúma/SC.","Pregão presencial","Compras e Serviços","MENOR PRECO POR ITEM",2018-09-25,HOMOLOGADO," ","atasRegistroPrecos_412ab37d-55fc-4502-8193-707d56ebea4d.csv"," "," ",2018-09-24T09:01:00Z," ",2018-08-24,2018-09-24," ","despesas_930308d6-dfdb-46b9-94ef-a166a1ca2a76.csv"," ",saude@criciuma.sc.gov.br," ","Rua Domênico Sônego","Rua Domênico Sônego",SC,Licitação,2018-09-24T08:00:00Z,"itensVencedores_b421ff91-eb7f-4991-b1a3-4d78420bc348.csv",INTERNET," "," "," ","participantes_3853090d-ec3e-4ca3-b7a6-f83c5ce386e8.csv",SIM," ",2018-09-24T09:00:00Z,,1195021.79,1007597.55
"FUNDO MUNICIPAL DE SAUDE DE CRICIUMA",70,2018,70,2018,2018-08-30,"A presente licitação tem por objetivo a contratação, através de empresas especializadas, para prestação de serviços de manutenção corretiva de equipamentos médico-hospitalares existentes no Hospital Materno Infantil Santa Catarina do município de Criciúma/SC.","Pregão presencial","Compras e Serviços","MENOR PREÇO GLOBAL POR LOTE",2018-09-17,HOMOLOGADO," "," "," ","contratos_894d4c90-7847-414e-92b0-ece7a3ed8252.csv",2018-09-17T09:01:00Z," ",2018-08-30,2018-09-17," ","despesas_1df032b8-9779-4617-bc5d-839dd7a48a62.csv"," ",saude@criciuma.sc.gov.br," ","Rua Domênico Sônego","Rua Domênico Sônego",SC,Licitação,2018-09-17T08:00:00Z,"itensVencedores_f47b39e8-ff91-4354-98ae-35d76d40eddc.csv",INTERNET," "," "," ","participantes_e8769d0c-f5b7-455c-a44d-fe8a12957d03.csv",NÃO," ",2018-09-17T09:00:00Z,,96909.37,91196.12
"FUNDO MUNICIPAL DE SAUDE DE CRICIUMA",63,2018,63,2018,2018-08-02,"Contratação de empresa para execução das obras necessárias ao funcionamento do Hospital Materno Infantil Santa Catarina, ala integrante do complexo hospitalar localizado na rua Wenceslau Braz - bairro Operária Nova no município de Criciúma.","Tomada de Preço","Obras e Serviços de Engenharia","MENOR PRECO GLOBAL",2018-08-23,HOMOLOGADO," "," "," ","contratos_dedc0704-0311-429a-980d-9cb9ab2e53e2.csv",2018-08-20T14:00:00Z," ",2018-07-31,2018-08-20," ","despesas_2e8c2bf3-9ac5-499e-8bb1-d53354e97b01.csv"," ",saude@criciuma.sc.gov.br," ","Rua Domênico Sônego","Rua Domênico Sônego",SC,Licitação,2018-08-20T08:00:00Z,"itensVencedores_71488333-f445-4ced-80d7-0f13da3c8de3.csv",DIARIO_OFICIAL_UNIAO," "," "," ","participantes_44b76e19-725a-43fe-a18f-b9f62aa602f5.csv",NÃO," ",2018-08-20T13:45:00Z,"Lei 8666/1993, Art. 22, II",1344016.74,1342800.44
"FUNDO MUNICIPAL DE SAUDE DE CRICIUMA",71,2018,71,2018,2018-09-12,"REGISTRO DE PREÇOS DE MEDICAMENTOS, PARA AQUISIÇÕES FUTURAS E EVENTUAIS, DESTINADOS AO ATENDIMENTO ÀS NECESSIDADES DAS UNIDADES DE SAÚDE PERTECENTES À REDE MUNICIPAL DE CRICIÚMA/SC.","Pregão presencial","Compras e Serviços","MENOR PRECO POR ITEM",2018-10-22,HOMOLOGADO," ","atasRegistroPrecos_7bc7b82f-85e7-43fa-a658-559c62232a7a.csv"," "," ",2018-10-04T09:01:00Z," ",2018-08-31,2018-10-04," ","despesas_23daf977-2551-47ef-9d00-2bf325207577.csv"," ",saude@criciuma.sc.gov.br," ","Rua Domênico Sônego","Rua Domênico Sônego",SC,Licitação,2018-10-04T08:00:00Z,"itensVencedores_f85995d3-35f9-4608-9756-8753a52d0de6.csv",INTERNET," "," "," ","participantes_217ece3f-6ee8-47e2-9c5b-25bc394355ef.csv",SIM," ",2018-10-04T09:00:00Z,,7314139,6554384.17
"FUNDO MUNICIPAL DE SAUDE DE CRICIUMA",65,2018,65,2018,2018-08-06,"A presente licitação tem por objetivo a contratação de empresa para a execução de serviços especializados, que consistem na recuperação, montagem e confecção de mobiliários em MDF sob medida, existentes no bloco materno, do Hospital Materno Infantil Santa Catarina, no Município de Criciúma/SC.",Convite,"Compras e Serviços","MENOR PRECO GLOBAL",2018-08-16,HOMOLOGADO," "," "," ","contratos_a8876a9e-b3a9-47cc-8855-81228b50beb7.csv",2018-08-14T16:00:00Z," ",2018-08-06,2018-08-14," ","despesas_ee4cce5d-8eda-4a77-a462-5129c557cd2e.csv"," ",saude@criciuma.sc.gov.br," ","Rua Domênico Sônego","Rua Domênico Sônego",SC,Licitação,2018-08-14T08:00:00Z,"itensVencedores_686589fa-33e6-43ad-9852-018d5a3c2c85.csv",MURAL_PUBLICO," "," "," ","participantes_949417d0-5175-4e4d-8fb7-65a6adb07f84.csv",NÃO," ",2018-08-14T15:45:00Z,"Lei 8666/1993, Art. 22, III",79480,76940
"FUNDO MUNICIPAL DE SAUDE DE CRICIUMA",11,2018,11,2018,2018-01-26,"Registro de Preços de Ração animal, material de consumo e equipamentos veterinários para aquisições futuras, no atendimento ao Centro de Controle de Zoonozes do Município de Criciúma/SC.","Pregão presencial","Compras e Serviços","MENOR PRECO POR ITEM",2018-02-08,HOMOLOGADO," ","atasRegistroPrecos_b85172f7-63c2-4289-b38e-4cbc8f611e57.csv"," "," ",2018-02-07T14:01:00Z," ",2018-01-19,2018-02-07," ","despesas_bdb6079e-1b36-4363-b47c-c162779b0b21.csv"," ",saude@criciuma.sc.gov.br," ","Rua Domênico Sônego","Rua Domênico Sônego",SC,Licitação,2018-02-07T08:00:00Z,"itensVencedores_f212087f-90d4-449a-b8b0-2ab433151dec.csv",INTERNET," "," "," ","participantes_2737af98-0dd0-4354-a74d-350b3eaac643.csv",SIM," ",2018-02-07T14:00:00Z,,18527.02,18007
"FUNDO MUNICIPAL DE SAUDE DE CRICIUMA",81,2018,81,2018,2018-10-19,"A presente licitação tem por objetivo a aquisição de mobiliários, eletroeletrônicos, eletrodomésticos, enxoval e utensílios de cozinha para os Residenciais Terapêuticos (SRT) da rede Municipal de Saúde do município de Criciúma/SC.","Pregão presencial","Compras e Serviços","MENOR PRECO POR ITEM",2018-11-07,HOMOLOGADO," "," "," ","contratos_f8f29fe7-2dd1-42b4-a752-e8ef6ae474ed.csv",2018-11-05T14:01:00Z," ",2018-10-18,2018-11-05," ","despesas_f20a458d-fada-419d-aa8a-f52f4058e32b.csv"," ",saude@criciuma.sc.gov.br," ","Rua Domênico Sônego","Rua Domênico Sônego",SC,Licitação,2018-11-05T08:00:00Z,"itensVencedores_dd2d233b-1c56-4dee-99ca-0407daa8b594.csv",INTERNET," "," "," ","participantes_46c08b4b-6b63-4848-aa22-430c73fea62d.csv",NÃO," ",2018-11-05T14:00:00Z,,26869.87,19155.44
"FUNDO MUNICIPAL DE SAUDE DE CRICIUMA",17,2018,17,2018,2018-02-21,"Contratação de empresa especializada em serviços de limpeza e desentupimento de fossas, rede coletora de esgoto, filtros anaeróbicos, sumidouros e caixas de gorduras, com equipamentos/caminhões apropriados, nas unidades pertencentes a Rede Municipal de Saúde de Criciúma/SC, compreendendo o fornecimento e mão e obra, caminhões, equipamentos e ferramentas normais e especiais necessárias.","Pregão presencial","Compras e Serviços","MENOR PRECO GLOBAL",2018-03-07,HOMOLOGADO," "," "," "," ",2018-03-05T10:31:00Z," ",2018-02-19,2018-03-05," ","despesas_68260a79-0857-496d-8687-13de1c98a5c1.csv"," ",saude@criciuma.sc.gov.br," ","Rua Domênico Sônego","Rua Domênico Sônego",SC,Licitação,2018-03-05T08:00:00Z,"itensVencedores_98eb5a1c-6793-493b-a9b2-04c2637d783f.csv",INTERNET," "," "," ","participantes_bfc0e183-642a-4b79-8c13-ed6c732a4b70.csv",NÃO," ",2018-03-05T10:30:00Z,,34238,34238
"FUNDO MUNICIPAL DE SAUDE DE CRICIUMA",10,2018,10,2018,2018-01-24,"Contratação de empresa de engenharia para execução dos serviços necessários às obras de construção de uma Unidade Básica de Saúde - (UBS Tipo 1) com 352,42m², na rua Antonio de Oliveira - bairro Vila Zuleima no Município de Criciúma-SC. (Convênio: Portaria nº. 1.831 - 11/11/2015 - Ministério da Saúde/Governo Federal).","Tomada de Preço","Obras e Serviços de Engenharia","MENOR PRECO GLOBAL",2018-04-06,HOMOLOGADO," "," "," ","contratos_565d0fe9-9a32-42ca-8ef9-33f2bf8be5ea.csv",2018-02-08T14:00:00Z," ",2018-01-18,2018-02-08," ","despesas_1ab4820d-5eca-4d4a-ae57-8142bf199fe3.csv"," ",saude@criciuma.sc.gov.br," ","Rua Domênico Sônego","Rua Domênico Sônego",SC,Licitação,2018-02-08T08:00:00Z,"itensVencedores_7eca78ff-8c29-411f-97c5-143eb9c8ff02.csv",DIARIO_OFICIAL_UNIAO," "," "," ","participantes_4998743c-a2c3-479b-8c2a-733f94f57cfd.csv",NÃO," ",2018-02-08T13:45:00Z,"Lei 8666/1993, Art. 22, II",731704,489625.77
"FUNDO MUNICIPAL DE SAUDE DE CRICIUMA",13,2018,13,2018,2018-02-09,"REGISTRO DE PREÇOS DE GENEROS ALIMENTÍCIOS, DESCARTÁVEIS E EPIs, PARA FUTURAS AQUISIÇÕES NO ATENDIMENTO AOS USUÁRIOS DOS PROGRAMAS CAPS II, CAPS II AD, CAPS III e CAPS INFANTIL, DA REDE MUNICIPAL DE SAÚDE DE CRICIÚMA/SC.","Pregão presencial","Compras e Serviços","MENOR PRECO POR ITEM",2018-03-07,HOMOLOGADO," ","atasRegistroPrecos_5daf0971-812a-455d-bda1-e08381e57b3d.csv"," "," ",2018-02-23T08:31:00Z," ",2018-02-07,2018-02-23," ","despesas_29e51d1d-ee21-4c11-aa48-e28f3ffff653.csv"," ",saude@criciuma.sc.gov.br," ","Rua Domênico Sônego","Rua Domênico Sônego",SC,Licitação,2018-02-23T08:00:00Z,"itensVencedores_20c7f572-6018-445e-9d3e-b9d54d6c88c0.csv",INTERNET," "," "," ","participantes_d1ff72f6-5778-4523-bc97-4744f933d15d.csv",SIM," ",2018-02-23T08:30:00Z,,176707.5,177568.85
"FUNDO MUNICIPAL DE SAUDE DE CRICIUMA",16,2018,16,2018,2018-02-15,"Registro de Preços de peças para manutenção de equipamentos médicos hospitalares, para aquisições futuras, no atendimento à Rede Municipal de Saúde de Criciúma/SC.","Pregão presencial","Compras e Serviços","MENOR PRECO POR ITEM",2018-03-07,HOMOLOGADO," ","atasRegistroPrecos_e25660c3-8bab-4ab2-9ab2-87fa15f69f79.csv"," "," ",2018-02-27T09:01:00Z," ",2018-02-09,2018-02-27," ","despesas_191132ee-3689-4d19-a9c5-0134b1ed1712.csv"," ",saude@criciuma.sc.gov.br," ","Rua Domênico Sônego","Rua Domênico Sônego",SC,Licitação,2018-02-27T08:00:00Z,"itensVencedores_8a4c5487-30af-4841-b454-b8d38c482957.csv",INTERNET," "," "," ","participantes_8d624264-9e11-480b-b664-2a7700ca5332.csv",SIM," ",2018-02-27T09:00:00Z,,64923.04,62350.58
"FUNDO MUNICIPAL DE SAUDE DE CRICIUMA",77,2018,77,2018,2018-09-11,"Contratação de empresa para execução dos serviços necessários às obras de reforma (área = 60,95m²)e ampliação(área = 177,88m²) da Unidade Básica de Saúde - (UBS Porte 1) localizada na rua Ver. José Dandolini - bairro Mãe Luzia no Município de Criciúma-SC. CONVÊNIO: 08435.2090001/15-005 - Governo Federal.","Tomada de Preço","Obras e Serviços de Engenharia","MENOR PRECO GLOBAL",2018-10-25,HOMOLOGADO," "," "," ","contratos_d924bf5a-104e-4ff1-a997-92b115b2d799.csv",2018-10-01T09:00:00Z," ",2018-09-10,2018-10-01," ","despesas_1728608d-1395-4ef4-86ff-baee4251e94c.csv"," ",saude@criciuma.sc.gov.br," ","Rua Domênico Sônego","Rua Domênico Sônego",SC,Licitação,2018-10-01T08:00:00Z,"itensVencedores_8d041c3c-eb01-4f2c-a76e-dfd853679fa5.csv","JORNAL_DIVULGACAO_REGIONAL"," "," "," ","participantes_85e401d8-744a-49c2-a402-7e45aa15c529.csv",NÃO," ",2018-10-01T08:45:00Z,"Lei 8666/1993, Art. 22, II",459278.62,372002.44
"FUNDO MUNICIPAL DE SAUDE DE CRICIUMA",14,2018,14,2018,2018-02-09,"A presente licitação tem por objetivo a contratação, através de empresas especializadas, para prestação de serviços de manutenção de aparelhos de ar condicionado na Secretaria Municipal e nas Unidades Descentralizadas de Saúde de Criciúma/SC, compreendendo o fornecimento dos materiais, mão-de-obra, peças, equipamentos, máquinas e ferramentas normais e especiais necessárias.","Pregão presencial","Compras e Serviços","MENOR PRECO GLOBAL",2018-02-27,HOMOLOGADO," "," "," ","contratos_e5344604-6cfd-4101-8fc8-86c5af5aa45e.csv",2018-02-26T09:01:00Z," ",2018-02-07,2018-02-26," ","despesas_08f4e781-a5f0-4f05-b893-b2de360f3ce4.csv"," ",saude@criciuma.sc.gov.br," ","Rua Domênico Sônego","Rua Domênico Sônego",SC,Licitação,2018-02-26T08:00:00Z,"itensVencedores_3c0bf4bf-b2ed-45fe-9d85-cab41fedfc08.csv",INTERNET," "," "," ","participantes_e490ba31-a3f9-45ec-905e-5d20ac91f3ee.csv",NÃO," ",2018-02-26T09:00:00Z,,131671.56,90001.77
"FUNDO MUNICIPAL DE SAUDE DE CRICIUMA",12,2018,12,2018,2018-01-30,"Contratação de serviços de confecção de PROTESE DENTÁRIA (total mandibular e/ou maxilar), para atendimento a população do município de Criciúma/SC, usuária do SUS (Sistema Único de Saúde), que necessitar desta, durante o exercício de 2018.","Pregão presencial","Compras e Serviços","MENOR PRECO POR ITEM",2018-03-21,HOMOLOGADO," "," "," ","contratos_05bd43f3-894e-4f33-86ae-5dc09ae4240f.csv",2018-02-15T13:31:00Z," ",2018-01-26,2018-02-15," ","despesas_c8df5b03-7a5b-424c-a6bf-49fdd4d277db.csv"," ",saude@criciuma.sc.gov.br," ","Rua Domênico Sônego","Rua Domênico Sônego",SC,Licitação,2018-02-15T08:00:00Z,"itensVencedores_4cc321ed-dff3-4510-83ec-c300de58e06e.csv",INTERNET," "," "," ","participantes_c0c58efd-b4bf-4701-a488-87982377a5a5.csv",NÃO," ",2018-02-15T13:30:00Z,,156816,156816
"FUNDO MUNICIPAL DE SAUDE DE CRICIUMA",80,2018,80,2018,2018-10-01,"Registro de preços de Órteses e Próteses, para aquisições futuras, no atendimento aos usuários do SUS para o Fundo Municipal de Saúde de Criciúma/SC.","Pregão presencial","Compras e Serviços","MENOR PRECO POR ITEM"," ",REVOGADO," "," "," "," ",2018-10-15T09:01:00Z," ",2018-09-28,2018-10-15,2018-10-15,"despesas_a6307bd0-fbc4-4b2d-b5ab-72d90f6946cd.csv"," ",saude@criciuma.sc.gov.br," ","Rua Domênico Sônego","Rua Domênico Sônego",SC,Licitação,2018-10-15T08:00:00Z," ",INTERNET," ","Razões de Interesse Público"," "," ",SIM," ",2018-10-15T09:00:00Z,,286172," "
"FUNDO MUNICIPAL DE SAUDE DE CRICIUMA",84,2018,84,2018,2018-11-01,"Contratação de serviços técnicos especializados para elaboração dos projetos arquitetônicos hospitalares para implantação das Unidades Básicas de Saúde dos Bairros Wosocris, São Sebastião e Próspera, com 585,36m² cada.","Dispensa de licitação","Obras e Serviços de Engenharia","MENOR PRECO",2018-11-01,HOMOLOGADO," "," "," ","contratos_458ec2a6-c9b9-4eb8-aa0a-7a40e722283e.csv",2018-11-01T08:01:00Z," ",2018-11-01,2018-11-01," ","despesas_f5c6b67e-ee4a-4cfb-9de7-c94a444ece31.csv"," ",saude@criciuma.sc.gov.br," ","Rua Domênico Sônego","Rua Domênico Sônego",SC,Licitação,2018-11-01T08:00:00Z,"itensVencedores_dfb80cc4-1976-477e-b282-7abc7f79e981.csv",INTERNET," "," "," ","participantes_c04b0848-c2f9-4fb1-ac9e-2e47c7a230b3.csv",NÃO," ",2018-11-01T08:00:00Z,,29853.36,29853.36
"FUNDO MUNICIPAL DE SAUDE DE CRICIUMA",83,2018,83,2018,2018-10-31,"Contratação de empresa especializada para fazer o transporte de pacientes do sistema único de saúde - SUS, atendidos pelas unidades de Saúde da Secretaria Municipal de Saúde residentes no município de Criciúma/SC para tratamento de saúde especializado em Florianópolis/SC - TFD Tratamento Fora de Domicílio, em substituição a eventuais problemas mecânicos dos veículos próprios ou demanda de pacientes acima da capacidade dos veículos disponíveis para o atendimento da Secretaria Municipal de Saúde.","Pregão presencial","Compras e Serviços","MENOR PRECO POR ITEM",2018-11-21,HOMOLOGADO," "," "," ","contratos_ea22b47a-dc7c-4a8e-83f6-05273a24e1f6.csv",2018-11-14T15:31:00Z," ",2018-10-30,2018-11-14," ","despesas_0f5c8229-2d7c-414d-9f02-95dc577ee4f0.csv"," ",saude@criciuma.sc.gov.br," ","Rua Domênico Sônego","Rua Domênico Sônego",SC,Licitação,2018-11-14T08:00:00Z,"itensVencedores_c3ba906a-62df-40d6-806f-57ab7682e6b5.csv",INTERNET," "," "," ","participantes_359f1789-f4c4-4726-872e-0e937577e221.csv",NÃO," ",2018-11-14T15:30:00Z,,129600,128640
"FUNDO MUNICIPAL DE SAUDE DE CRICIUMA",86,2018,86,2018,2018-11-23,"Registro de preços para elaboração de projetos complementares, sob demanda, para as obras de construção das Unidades Básicas de Saúde (UBS) de alguns bairros do município de Criciúma/SC.","Pregão presencial","Compras e Serviços","MENOR PRECO GLOBAL",2018-12-11,HOMOLOGADO," ","atasRegistroPrecos_f585c12f-ee25-4484-a297-08fc1eae2b99.csv"," "," ",2018-11-28T14:00:00Z," ",2018-11-07,2018-11-28," ","despesas_cd466c7f-d48b-4061-8b17-50e091c1408b.csv"," ",saude@criciuma.sc.gov.br," ","Rua Domênico Sônego","Rua Domênico Sônego",SC,Licitação,2018-11-28T08:00:00Z,"itensVencedores_f5f289b3-92a9-423a-bb0f-e25dec52dae0.csv",INTERNET," "," "," ","participantes_936d07b0-9b4b-40f6-b7c0-f77d57eda16f.csv",SIM," ",2018-11-28T08:00:00Z,,152257,59955.5
"FUNDO MUNICIPAL DE SAUDE DE CRICIUMA",82,2018,82,2018,2018-10-29,"Registro de preços, através de empresas do ramo pertinente, para aquisições futuras e eventuais de medicamentos em geral, judiciais e alimentações especiais para atendimento a rede municipal de saúde dos Municípios Consorciados no Consórcio Intermunicipal de Saúde da AMREC - CISAMREC.","Pregão presencial","Compras e Serviços","MENOR PRECO POR ITEM",2018-11-12,HOMOLOGADO," ","atasRegistroPrecos_447388f6-8506-4861-b543-45b7ecd4efad.csv"," "," ",2018-11-12T09:01:00Z," ",2018-10-25,2018-11-12," "," "," ",saude@criciuma.sc.gov.br," ","Rua Domênico Sônego","Rua Domênico Sônego",SC,Licitação,2018-11-12T08:00:00Z,"itensVencedores_a764727b-de2a-4359-b48d-905d80f3902e.csv",INTERNET," "," "," ","participantes_d2df36f6-9aff-448a-a09f-c572b1c3d7b3.csv",SIM," ",2018-11-12T09:00:00Z,,2.430922051E7,1.222056608E7
"FUNDO MUNICIPAL DE SAUDE DE CRICIUMA",87,2018,87,2018,2018-11-12,"Registro de preços de Órteses e Próteses, para aquisições futuras, no atendimento aos usuários do SUS para o Fundo Municipal de Saúde de Criciúma/SC.","Pregão presencial","Compras e Serviços","MENOR PRECO POR ITEM",2018-11-27,HOMOLOGADO," ","atasRegistroPrecos_ea9bfd2e-4f48-482b-ab9d-67937440e004.csv"," "," ",2018-11-23T09:01:00Z," ",2018-11-08,2018-11-23," ","despesas_17fd4935-e7b7-4b7d-8d5b-354722439a4f.csv"," ",saude@criciuma.sc.gov.br," ","Rua Domênico Sônego","Rua Domênico Sônego",SC,Licitação,2018-11-23T08:00:00Z,"itensVencedores_22e8d41d-b529-40b7-97a5-617c8c44bdf8.csv",INTERNET," "," "," ","participantes_a98300fe-1b60-40d6-8cd4-b055626a823a.csv",SIM," ",2018-11-23T09:00:00Z,,286172,107056.08
"FUNDO MUNICIPAL DE SAUDE DE CRICIUMA",38,2018,38,2018,2018-05-29,"Registro de preços para aquisições futuras e eventuais de Tiras reagentes para glicemia capilar; Seringas descartáveis para insulina e Lancetas para coleta de sangue por punção digital, destinados ao atendimento às necessidades da rede básica de saúde dos municípios consorciados à CISAMREC.","Pregão presencial","Compras e Serviços","MENOR PRECO POR ITEM",2018-06-25,HOMOLOGADO," ","atasRegistroPrecos_fcb06bfb-67ed-4100-bbf1-aae77995af42.csv"," "," ",2018-06-25T09:01:00Z," ",2018-05-10,2018-06-25," "," "," ",saude@criciuma.sc.gov.br," ","Rua Domênico Sônego","Rua Domênico Sônego",SC,Licitação,2018-06-25T08:00:00Z,"itensVencedores_1da0f007-bdc8-4d6a-b33f-9fb19abf5d1f.csv",INTERNET," "," "," ","participantes_c65f4aea-fb73-4041-bcfc-4edf5ef2407f.csv",SIM," ",2018-06-25T09:00:00Z,,3777500,1590000
"FUNDO MUNICIPAL DE SAUDE DE CRICIUMA",43,2018,43,2018,2018-05-30,"Constitui objeto do presente a contratação de empresa especializada para Manutenção de Prótese Transtibial com fornecimento de peças, em cumprimento a Ação Judicial Nº 0303854-98.2015.8.24.0020, proposta pela paciente PATRICIA TORASSI JOVÊNCIO.","Dispensa de licitação","Compras e Serviços","MENOR PRECO",2018-05-30,HOMOLOGADO," "," "," ","contratos_c5ca1ca1-96bc-4a96-a363-fc3e8bae6e32.csv",2018-05-30T08:01:00Z," ",2018-05-30,2018-05-30," ","despesas_d305a040-d5e2-4bf8-b74f-8266ee1210e4.csv"," ",saude@criciuma.sc.gov.br," ","Rua Domênico Sônego","Rua Domênico Sônego",SC,Licitação,2018-05-30T08:00:00Z,"itensVencedores_f5b61c5a-83ec-4d3a-af01-eedd7c21e611.csv",INTERNET," "," "," ","participantes_34053326-7624-486b-9699-728b32c9e269.csv",NÃO," ",2018-05-30T08:00:00Z,,9480,9480
"FUNDO MUNICIPAL DE SAUDE DE CRICIUMA",35,2018,35,2018,2018-05-03,"Aquisição de equipamentos médico hospitalares e materiais permanentes para atendimento ao Hospital Materno Infantil Santa Catarina, pertencente à Rede Municipal de Saúde de Criciúma/SC.Emenda Parlamentar 32.350011","Pregão presencial","Compras e Serviços","MENOR PRECO POR ITEM",2018-10-29,HOMOLOGADO," "," "," ","contratos_53fb7461-24d5-4739-9441-f0f8a12d51a1.csv",2018-05-15T09:01:00Z," ",2018-04-27,2018-05-15," ","despesas_41a89d5c-bcbe-4b90-84a1-9b62f33b495d.csv"," ",saude@criciuma.sc.gov.br," ","Rua Domênico Sônego","Rua Domênico Sônego",SC,Licitação,2018-05-15T08:00:00Z,"itensVencedores_379ff18a-ef5a-424d-afb7-3972e96c8577.csv",DIARIO_OFICIAL_UNIAO," "," "," ","participantes_180b7c9c-b88e-4819-b670-3eb75c087161.csv",NÃO," ",2018-05-15T09:00:00Z,,2096248.35,1480441
"FUNDO MUNICIPAL DE SAUDE DE CRICIUMA",42,2018,42,2018,2018-05-30,"Constitui objeto do presente a contratação de empresa especializada para Fornecimento/Manutenção de Prótese Transfemural com troca de encaixe linear com silicone, e revestimento têxtil, em cumprimento a Ação Judicial Nº 0301283-52.2018.8.24.0020, proposta pelo paciente ELOI VISCARDI, inscrito no CPF sob o nº 501.305.369-20.","Dispensa de licitação","Compras e Serviços","MENOR PRECO",2018-05-30,HOMOLOGADO," "," "," ","contratos_f0311d25-13e9-4838-8ea7-5ab516430804.csv",2018-05-30T08:01:00Z," ",2018-05-30,2018-05-30," ","despesas_1d7e0f9c-4d8f-4662-98e4-f9b5515f2434.csv"," ",saude@criciuma.sc.gov.br," ","Rua Domênico Sônego","Rua Domênico Sônego",SC,Licitação,2018-05-30T08:00:00Z,"itensVencedores_e830c866-d127-4a41-9231-256f26cca502.csv",INTERNET," "," "," ","participantes_cc98f720-5495-44f1-a18d-a5c4a33cb2cf.csv",NÃO," ",2018-05-30T08:00:00Z,,8000,8000
"FUNDO MUNICIPAL DE SAUDE DE CRICIUMA",40,2018,40,2018,2018-05-24,"Aquisição de equipamentos médico hospitalares, para diagnóstico em radiologia/obstetrícia e vascular (não portátil) para atendimento  a Rede Municipal de Saúde de Criciúma/SC.","Pregão presencial","Compras e Serviços","MENOR PRECO POR ITEM",2018-06-25,HOMOLOGADO," "," "," ","contratos_3710439f-a84f-4f29-976c-eb76a976c23e.csv",2018-06-21T09:01:00Z," ",2018-05-22,2018-06-21," ","despesas_9f226ed1-0051-480e-a193-9fc8c7642991.csv"," ",saude@criciuma.sc.gov.br," ","Rua Domênico Sônego","Rua Domênico Sônego",SC,Licitação,2018-06-21T08:00:00Z,"itensVencedores_2aa67b2a-f061-44eb-9829-de058c819e58.csv",DIARIO_OFICIAL_ESTADO," "," "," ","participantes_2db505e5-d63a-487b-8ffa-5c2ad0c2243d.csv",NÃO," ",2018-06-21T09:00:00Z,,290000,283000
"FUNDO MUNICIPAL DE SAUDE DE CRICIUMA",44,2018,44,2018,2018-06-06,"Contratação de serviços técnicos especializados para elaboração de Diagnóstico de Custos, a fim de identificar potenciais oportunidades de redução de custos e/ou melhoria de eficiência operacional com reflexos sobre a melhor utilização dos recursos da Secretaria da Saúde do Município de Criciúma",Convite,"Compras e Serviços","MENOR PRECO",2018-06-14,HOMOLOGADO," "," "," ","contratos_aff19a92-116c-4d70-9eaa-391639eae82c.csv",2018-06-14T09:00:00Z," ",2018-06-06,2018-06-14," ","despesas_fa423a3a-2b35-4ea4-b35e-e9c73919247f.csv"," ",saude@criciuma.sc.gov.br," ","Rua Domênico Sônego","Rua Domênico Sônego",SC,Licitação,2018-06-14T08:00:00Z,"itensVencedores_8b8f9d86-3acc-4af8-b92f-701eeba879ee.csv",MURAL_PUBLICO," "," "," ","participantes_0584b785-ed21-4f71-9581-286d08fae6f1.csv",NÃO," ",2018-06-14T08:45:00Z,"Lei 8666/1993, Art. 22, III",78000,75804
"FUNDO MUNICIPAL DE SAUDE DE CRICIUMA",21,2018,21,2018,2018-03-02,"A presente licitação tem por objetivo a aquisição de Eletrodomésticos, Eletroeletrônicos, Gerador de energia e veículo, para atendimento a rede de frios da Vigilância Epidemiológica, pertencente à Rede Municipal de Saúde de Criciúma/SC.","Pregão presencial","Compras e Serviços","MENOR PRECO POR ITEM",2018-03-14,HOMOLOGADO," "," "," ","contratos_b3460eec-a0e8-496e-bedc-0ed34ff974df.csv",2018-03-14T08:31:00Z," ",2018-02-27,2018-03-14," ","despesas_c8c3e052-af8c-46de-978b-c09da3c30d4f.csv"," ",saude@criciuma.sc.gov.br," ","Rua Domênico Sônego","Rua Domênico Sônego",SC,Licitação,2018-03-14T08:00:00Z,"itensVencedores_2a6d9dbb-d005-47ec-9a63-466174967669.csv",INTERNET," "," "," ","participantes_7b366d55-e441-4f6d-bbba-a987a460e7a3.csv",NÃO," ",2018-03-14T08:30:00Z,,154207.5,151470
"FUNDO MUNICIPAL DE SAUDE DE CRICIUMA",15,2018,15,2018,2018-02-09,"Registro de preços para aquisição de equipamentos e materiais para exames do Laboratório Municipal de Criciúma, para atendimento futuro aos usuários do SUS do Município de Criciúma/SC.","Pregão presencial","Compras e Serviços","MENOR PREÇO GLOBAL POR LOTE",2018-03-27,HOMOLOGADO," ","atasRegistroPrecos_6baf9fcf-7286-4393-93c0-5e11a0a12197.csv"," "," ",2018-03-08T14:01:00Z," ",2018-02-08,2018-03-08," ","despesas_5d5f793d-f84a-49f9-b341-fb77972c0431.csv"," ",saude@criciuma.sc.gov.br," ","Rua Domênico Sônego","Rua Domênico Sônego",SC,Licitação,2018-03-08T08:00:00Z,"itensVencedores_ba025c77-5e80-4281-863f-7d387df872e0.csv",INTERNET," "," "," ","participantes_d7c37af1-7275-4f8b-962f-e92a490b4250.csv",SIM," ",2018-03-08T14:00:00Z,,380901.03,49539.66
"FUNDO MUNICIPAL DE SAUDE DE CRICIUMA",18,2018,18,2018,2018-02-21,"Aquisição de uniformes e equipamentos de trabalho para os motociclistas da vigilância em saúde, pertencente a Rede Municipal de Saúde do município de Criciúma/SC.","Pregão presencial","Compras e Serviços","MENOR PRECO POR ITEM",2018-03-07,HOMOLOGADO," "," "," ","contratos_cfff9a9f-79c4-484b-800b-da2c2bd6c5bd.csv",2018-03-05T14:01:00Z," ",2018-02-19,2018-03-05," ","despesas_cd1bb5b4-6010-4536-8614-617d910d00e4.csv"," ",saude@criciuma.sc.gov.br," ","Rua Domênico Sônego","Rua Domênico Sônego",SC,Licitação,2018-03-05T08:00:00Z,"itensVencedores_18a9f8a7-575e-4e6b-87d9-6c01f2f38c10.csv",INTERNET," "," "," ","participantes_7ec4490a-fb2d-47b7-9acb-f8b27db19334.csv",NÃO," ",2018-03-05T14:00:00Z,,11520,11467.5
"FUNDO MUNICIPAL DE SAUDE DE CRICIUMA",19,2018,19,2018,2018-02-22,"Constitui objeto do presente a aquisição de medicamentos em Caráter Emergencial para o fornecimento a Rede Municipal de Saúde de Criciúma/SC, em cumprimento a Ação Judicial Nº 020.07.018671-5","Dispensa de licitação","Compras e Serviços","MENOR PRECO",2018-02-21,HOMOLOGADO," "," "," ","contratos_40d5ff00-751c-4924-b47b-a312d49ce1c5.csv",2018-02-21T08:01:00Z," ",2018-02-21,2018-02-21," ","despesas_e1170087-b2ee-421b-a511-090c88a03b29.csv"," ",saude@criciuma.sc.gov.br," ","Rua Domênico Sônego","Rua Domênico Sônego",SC,Licitação,2018-02-21T08:00:00Z,"itensVencedores_48af070f-9790-48fe-8f54-613f0e393df7.csv",INTERNET," "," "," ","participantes_82d42d22-dc28-495a-84b0-84ffee9cc630.csv",NÃO," ",2018-02-21T08:00:00Z,,7077.6,7077.6
"FUNDO MUNICIPAL DE SAUDE DE CRICIUMA",20,2018,20,2018,2018-03-01,"Registro de Preços de peças para manutenção de equipamentos odontológicos, para aquisições futuras, no atendimento à Rede Municipal de Saúde de Criciúma/SC.","Pregão presencial","Compras e Serviços","MENOR PRECO POR ITEM",2018-03-20,HOMOLOGADO," ","atasRegistroPrecos_28f202ca-6686-41a2-90a3-018d5f5bc3e6.csv"," "," ",2018-03-13T08:31:00Z," ",2018-02-26,2018-03-13," ","despesas_7420d7fd-f01e-4f35-8624-c7d0155b928e.csv"," ",saude@criciuma.sc.gov.br," ","Rua Domênico Sônego","Rua Domênico Sônego",SC,Licitação,2018-03-13T08:00:00Z,"itensVencedores_a823ab4c-00e9-4b45-998f-894fe191860e.csv",INTERNET," "," "," ","participantes_33c1a458-66a3-4ae6-9b8e-6a26fa588d13.csv",SIM," ",2018-03-13T08:30:00Z,,74816.2,71155.4
"FUNDO MUNICIPAL DE SAUDE DE CRICIUMA",24,2018,24,2018,2018-03-06,"A presente Licitação por objetivo a contratação de empresa especializada para prestação de serviços de assessoria técnica nas áreas contábil, orçamentária, financeira e de controle diversos   com execução de carga horária de 500 (quinhentas) horas/técnico durante o exercício de 2018, para o Fundo Municipal de Saúde de Criciúma/SC",Convite,"Compras e Serviços","MENOR PRECO GLOBAL",2018-03-29,HOMOLOGADO," "," "," ","contratos_e63da142-56cd-4da7-b5b1-8800c0e68951.csv",2018-03-22T16:00:00Z," ",2018-03-06,2018-03-22," ","despesas_a4cd3672-4b0d-4ecf-8358-fcca82d36dc4.csv"," ",saude@criciuma.sc.gov.br," ","Rua Domênico Sônego","Rua Domênico Sônego",SC,Licitação,2018-03-22T08:00:00Z,"itensVencedores_93086792-9a72-4cf1-90ac-c7aa5020ee06.csv",MURAL_PUBLICO," "," "," ","participantes_ed1567bb-4cab-40b1-a098-10719a8ee0b9.csv",NÃO," ",2018-03-22T15:45:00Z,"Lei 8666/1993, Art. 22, III",72500,69000
"FUNDO MUNICIPAL DE SAUDE DE CRICIUMA",89,2018,89,2018,2018-11-19,"CONTRATAÇÃO DE EMPRESA PARA AQUISIÇÃO DE MEDICAMENTOS CONSTANTES DO GUIA DA FARMÁCIA, PARA USO EMERGENCIAL E CUMPRIMENTO DE MANDADOS JUDICIAIS, PERANTE PRESCRIÇÃO MÉDICA, NO ATENDIMENTO A PESSOAS CARENTES DO MUNICÍPIO DE CRICIÚMA-SC. DURANTE EXERCÍCIO DE 2019.","Pregão presencial","Compras e Serviços","MAIOR PERCENTUAL DESCONTO",2018-12-07,HOMOLOGADO," "," "," ","contratos_86a89d3a-3c45-4a84-97ae-7270e33c65a3.csv",2018-12-05T10:31:00Z," ",2018-11-19,2018-12-05," ","despesas_5d20b6a6-40d6-4e89-a310-ed0880c4b2c9.csv"," ",saude@criciuma.sc.gov.br," ","Rua Domênico Sônego","Rua Domênico Sônego",SC,Licitação,2018-12-05T08:00:00Z,"itensVencedores_e370801f-e8c0-4e45-94df-d21623ebdfd1.csv",MURAL_PUBLICO," "," "," ","participantes_1668567b-f70f-4528-988e-b801ef35feab.csv",NÃO," ",2018-12-05T10:30:00Z,,250000,18
"FUNDO MUNICIPAL DE SAUDE DE CRICIUMA",90,2018,90,2018,2018-11-21,"Registro de preços de tiras reagentes para medição da glicemia e seringas para administração de insulina, para aquisições futuras, no atendimento ao programa de alto monitoramento glicêmico da rede municipal de Saúde de Criciúma/SC.","Pregão presencial","Compras e Serviços","MENOR PRECO POR ITEM",2018-12-06,HOMOLOGADO," ","atasRegistroPrecos_44f2101b-37a0-4a09-b1be-f0df863591a0.csv"," "," ",2018-12-05T14:01:00Z," ",2018-11-19,2018-12-05," ","despesas_ea579a8e-4db7-44a4-bb43-dfd7e37f745c.csv"," ",saude@criciuma.sc.gov.br," ","Rua Domênico Sônego","Rua Domênico Sônego",SC,Licitação,2018-12-05T08:00:00Z,"itensVencedores_80099c90-300e-43d4-8658-d1e09b9a111b.csv",INTERNET," "," "," ","participantes_12ede448-350a-4314-9fab-20b64dad1545.csv",SIM," ",2018-12-05T14:00:00Z,,1336000,820400
"FUNDO MUNICIPAL DE SAUDE DE CRICIUMA",95,2018,95,2018,2018-12-05,"Fornecimento de refeições (almoço e janta), embaladas individualmente (marmitex isopor e marmitex de alumínio), para aquisições futuras, no atendimento aos profissionais que atuam nos pronto atendimento 24 horas (Boa Vista), Prospera, SAMU, Central de Ambulância, Vigilância Epidemiológica, Programa CAPS III, Almoxarifado, CEO, CCZ  e almoço para eventuais campanhas de imunização do Fundo Municipal de Saúde de CriciúmaSC., durante um período de 12 (doze) meses.","Pregão presencial","Compras e Serviços","MENOR PRECO GLOBAL",2018-12-20,HOMOLOGADO," "," "," ","contratos_f014ec64-bc89-42d0-806d-b16bd2343165.csv",2018-12-19T15:31:00Z," ",2018-12-05,2018-12-19," ","despesas_d84fa241-0871-4ba0-a67e-f9b148dd343f.csv"," ",saude@criciuma.sc.gov.br," ","Rua Domênico Sônego","Rua Domênico Sônego",SC,Licitação,2018-12-19T08:00:00Z,"itensVencedores_86a3b61f-0d6f-49b8-b090-5a1fc11e0689.csv",MURAL_PUBLICO," "," "," ","participantes_7670ee7e-bf4e-4912-9abf-cef146f8626a.csv",NÃO," ",2018-12-19T15:30:00Z,,641160,641160
"FUNDO MUNICIPAL DE SAUDE DE CRICIUMA",85,2018,85,2018,2018-11-13,"Contratação de empresa para prestação de serviços de capacitação, CURSO DE VIGILÂNCIA EM SAÚDE DO TRABALHADOR PARA FISCAIS DE VIGILÂNCIA SANITÁRIA, para os municípios de abrangência do CEREST, Macrorregional de Criciúma, compreendendo os serviços de hotelaria, auditório, alimentação, palestrante, transporte, certificado e outros, no período de 03 à 07 de dezembro de 2018, realizado no município de Criciúma/SC.","Pregão presencial","Compras e Serviços","MENOR PRECO GLOBAL",2018-11-22,HOMOLOGADO," "," "," ","contratos_fda6ca63-29e4-4b0b-8efa-06385e3f2261.csv",2018-11-22T09:01:00Z," ",2018-11-07,2018-11-22," ","despesas_eb304a7e-f231-40b3-a695-3b4711b48673.csv"," ",saude@criciuma.sc.gov.br," ","Rua Domênico Sônego","Rua Domênico Sônego",SC,Licitação,2018-11-22T08:00:00Z,"itensVencedores_1486e0d9-31aa-4707-adab-26aa8847d11d.csv",INTERNET," "," "," ","participantes_4a6edee0-1706-47f1-a6f5-922353b4ed67.csv",NÃO," ",2018-11-22T09:00:00Z,,96105,49903.76
"FUNDO MUNICIPAL DE SAUDE DE CRICIUMA",91,2018,91,2018,2018-12-06,"Registro de preços, através de empresas do ramo pertinente, para aquisições futuras e eventuais de alimentações especiais para atendimento Rede Municipal de Saúde dos municípios consorciados no Consórcio Intermunicipal de Saúde da AMREC - CISAMREC.","Pregão presencial","Compras e Serviços","MENOR PRECO POR ITEM",2018-12-21,HOMOLOGADO," ","atasRegistroPrecos_507dbbb0-4263-4b00-b5e7-7452513c24f9.csv"," "," ",2018-12-12T09:01:00Z," ",2018-11-23,2018-12-12," "," "," ",saude@criciuma.sc.gov.br," ","Rua Domênico Sônego","Rua Domênico Sônego",SC,Licitação,2018-12-12T08:00:00Z,"itensVencedores_39b3bd4d-b9fd-4380-b262-ba1ecf76af5e.csv",INTERNET," "," "," ","participantes_912471cd-9a06-4f49-91cb-308a75cdef87.csv",SIM," ",2018-12-12T09:00:00Z,,1441245.3,757798.0
"FUNDO MUNICIPAL DE SAUDE DE CRICIUMA",94,2018,94,2018,2018-12-05,"Registro de preços, através de empresas do ramo pertinente, para aquisições futuras e eventuais de medicamentos, materiais e equipamentos odontológicos, para atendimento Rede Municipal de Saúde dos municípios consorciados no Consórcio Intermunicipal de Saúde da AMREC - CISAMREC.","Pregão presencial","Compras e Serviços","MENOR PRECO POR ITEM",2019-02-08,HOMOLOGADO," ","atasRegistroPrecos_e0396ecd-3264-41e8-a6ac-ed18bfead3a1.csv"," "," ",2018-12-18T09:01:00Z," ",2018-12-03,2018-12-18," "," "," ",saude@criciuma.sc.gov.br," ","Rua Domênico Sônego","Rua Domênico Sônego",SC,Licitação,2018-12-18T08:00:00Z,"itensVencedores_245019d3-4c59-4df7-8be0-ec04e494bd53.csv",INTERNET," "," "," ","participantes_2cee3ea9-a704-44aa-a6fe-7d79569bada8.csv",SIM," ",2018-12-18T09:00:00Z,,2402676.52,1166857.68
"FUNDO MUNICIPAL DE SAUDE DE CRICIUMA",92,2018,92,2018,2018-11-27,"Contratação de empresa para execução dos serviços necessários às obras de reforma parcial (área = 232,78m²) da Unidade Básica de Saúde São Sebastião, sinistrada por incêndio, localizada na rua Ines Galdino, no Município de Criciúma-SC",Convite,"Obras e Serviços de Engenharia","MENOR PRECO GLOBAL",2018-12-17,HOMOLOGADO," "," "," ","contratos_caa20200-65d8-4170-96e4-a15547a518b2.csv",2018-12-06T16:00:00Z," ",2018-11-27,2018-12-06," ","despesas_1afb5f59-d0d9-49f8-966d-1e27700fef18.csv"," ",saude@criciuma.sc.gov.br," ","Rua Domênico Sônego","Rua Domênico Sônego",SC,Licitação,2018-12-06T08:00:00Z,"itensVencedores_3f6eb97b-54bb-4e20-a0c9-2c9aedfc23d0.csv",MURAL_PUBLICO," "," "," ","participantes_d1796361-67c7-403e-a5aa-03368f6409ba.csv",NÃO," ",2018-12-06T15:45:00Z,"Lei 8666/1993, Art. 22, III",53227.91,51042.1
"FUNDO MUNICIPAL DE SAUDE DE CRICIUMA",99,2018,99,2018,2018-12-19,"REGISTRO DE PREÇOS para aquisição futura, de equipamentos, instrumentais e materiais de consumo odontológicos, para atendimento aos consultórios odontológicos da Rede Municipal de Saúde de Criciúma/SC.","Pregão presencial","Compras e Serviços","MENOR PRECO POR ITEM",2019-01-23,HOMOLOGADO," ","atasRegistroPrecos_6d1cfefd-fdda-4d76-ba80-3fbfa95021b2.csv"," "," ",2019-01-10T10:01:00Z," ",2018-12-17,2019-01-10," ","despesas_c0496481-5f1b-495b-a094-6275da769706.csv"," ",saude@criciuma.sc.gov.br," ","Rua Domênico Sônego","Rua Domênico Sônego",SC,Licitação,2019-01-10T08:00:00Z,"itensVencedores_8edbdd22-26eb-4b18-83b2-9dce3731c590.csv",INTERNET," "," "," ","participantes_da2e771c-472c-4200-ad9e-3e6ba19979da.csv",SIM," ",2019-01-10T10:00:00Z,,182294.49,122179.3
"FUNDO MUNICIPAL DE SAUDE DE CRICIUMA",28,2018,28,2018,2018-04-03,"A presente licitação tem por objetivo a contratação, através de empresas especializadas, para prestação de serviços de manutenção preventiva e corretiva de equipamentos médico-hospitalares existentes na Secretaria Municipal e nas unidades descentralizadas de Saúde do município de Criciúma/SC.","Pregão presencial","Compras e Serviços","MENOR PRECO GLOBAL",2018-04-16,HOMOLOGADO," "," "," ","contratos_1c918d8a-cde3-43b8-9219-02afd3d5beab.csv",2018-04-13T10:31:00Z," ",2018-03-28,2018-04-13," ","despesas_35378e5b-5187-4ff2-ae6c-b16fdead274d.csv"," ",saude@criciuma.sc.gov.br," ","Rua Domênico Sônego","Rua Domênico Sônego",SC,Licitação,2018-04-13T08:00:00Z,"itensVencedores_0277e327-635c-4587-80f8-6793b45f9ab6.csv",INTERNET," "," "," ","participantes_99c85d02-5954-44fe-8ec2-fe85e966ad7e.csv",NÃO," ",2018-04-13T10:30:00Z,,184680,161410.32
"FUNDO MUNICIPAL DE SAUDE DE CRICIUMA",22,2018,22,2018,2018-03-01,"Contratação de serviços técnicos especializados para elaboração dos  projetos complementares das Unidades Básica de Saúde dos bairros Mãe Luzia, Primeira Linha, Vila Nova Esperança e São Sebastião",Convite,"Obras e Serviços de Engenharia","MENOR PREÇO GLOBAL POR LOTE",2018-03-21,HOMOLOGADO," "," "," ","contratos_2c4aaf93-996f-4dd9-9d74-fd07b14d4ea7.csv",2018-03-15T14:00:00Z," ",2018-03-01,2018-03-15," ","despesas_6957f93f-cbf6-4c1a-a364-a03404d5e4bd.csv"," ",saude@criciuma.sc.gov.br," ","Rua Domênico Sônego","Rua Domênico Sônego",SC,Licitação,2018-03-15T08:00:00Z,"itensVencedores_0bc94966-151a-4d6f-8ee4-513dd5d3b0e4.csv",MURAL_PUBLICO," "," "," ","participantes_c21d9a98-2717-4236-9e66-df855d80e8aa.csv",NÃO," ",2018-03-15T13:45:00Z,"Lei 8666/1993, Art. 22, III",27527.2,18718.84
"FUNDO MUNICIPAL DE SAUDE DE CRICIUMA",25,2018,25,2018,2018-04-04,"Aquisição de equipamentos médico hospitalares, odontológicos, radiologia, instrumentais cirúrgicos e materiais diversos para atendimento à Unidade de Pronto Atendimento 24 horas - Porte II - UPA, da Rede Municipal de Saúde de Criciúma/SC.","Pregão presencial","Compras e Serviços","MENOR PRECO POR ITEM",2018-05-21,HOMOLOGADO," "," "," ","contratos_a0880354-de54-4e11-9784-890939311ca7.csv",2018-05-08T09:01:00Z," ",2018-03-07,2018-05-08," ","despesas_351aaf3c-a2f2-43c6-bbbf-4d0f1e5366f8.csv"," ",saude@criciuma.sc.gov.br," ","Rua Domênico Sônego","Rua Domênico Sônego",SC,Licitação,2018-05-08T08:00:00Z,"itensVencedores_b9ebceec-fdad-4d5a-b15b-9266691300ff.csv",INTERNET," "," "," ","participantes_213a4898-7a7b-4dc0-bf97-90a10f007aea.csv",NÃO," ",2018-05-08T09:00:00Z,,498791.23,394720
"FUNDO MUNICIPAL DE SAUDE DE CRICIUMA",26,2018,26,2018,2018-03-23,"Registro de preços de materiais de expediente, para aquisições futuras, no atendimento Rede Municipal de Saúde de Criciúma/SC.","Pregão presencial","Compras e Serviços","MENOR PRECO POR ITEM",2018-04-05,HOMOLOGADO," ","atasRegistroPrecos_ec5dee04-62a5-485d-b138-9d11122ba12f.csv"," "," ",2018-04-05T08:31:00Z," ",2018-03-14,2018-04-05," ","despesas_a9eb85ce-41a5-416d-81fa-7fae85df56c5.csv"," ",saude@criciuma.sc.gov.br," ","Rua Domênico Sônego","Rua Domênico Sônego",SC,Licitação,2018-04-05T08:00:00Z,"itensVencedores_37eb200f-f33c-483e-99dc-c1e69087e869.csv",INTERNET," "," "," ","participantes_ced7f480-93d8-4085-9ca3-989c4405c65a.csv",SIM," ",2018-04-05T08:30:00Z,,115420.85,58923.95
"FUNDO MUNICIPAL DE SAUDE DE CRICIUMA",27,2018,27,2018,2018-03-19,"O MUNICÍPIO DE CRICIÚMA através do FUNDO MUNICIPAL DE SAÚDE torna público a Chamada Pública de interessados para o CREDENCIAMENTO de prestadores de serviços de assistência à Saúde, na área ambulatorial, no conjnto de procedimentos da tabela SIGTAP/SUS e complemento de valor com recurso municipal, para atendimento a população dos municípios da AMREC.","Outras Modalidades","Compras e Serviços","MENOR PRECO",2018-03-14,HOMOLOGADO," "," "," ","contratos_0c09f9a0-6c1b-47d9-958a-2627762911a2.csv"," "," ",2018-03-14,," "," "," ",saude@criciuma.sc.gov.br," ","Rua Domênico Sônego","Rua Domênico Sônego",SC,"Chamada pública / credenciamento"," ","itensVencedores_80694d83-811e-4531-90c5-7c18bc7296c5.csv",DIARIO_OFICIAL_UNIAO," "," "," ","participantes_a3147973-4808-496d-91e9-10108683ad45.csv",NÃO," "," ",,1,0.1
"FUNDO MUNICIPAL DE SAUDE DE CRICIUMA",23,2018,23,2018,2018-03-05,"O presente edital tem por objetivo a contratação de 01 (uma) equipe para manutenção preventiva e corretiva, de instalações elétricas, instalações hidráulicas e obras civis das unidades da rede municipal de saúde de Criciúma/SC., sem fornecimento de materiais, bem como a execução de serviços gerais de limpeza e corte de grama.","Pregão presencial","Compras e Serviços","MENOR PRECO GLOBAL",2018-04-10,HOMOLOGADO," "," "," ","contratos_4cada3b2-49cc-405c-8eaf-d9fe88d85744.csv",2018-03-28T16:01:00Z," ",2018-03-02,2018-03-28," ","despesas_7961d92b-e63a-451f-bdbd-cfcf543491b1.csv"," ",saude@criciuma.sc.gov.br," ","Rua Domênico Sônego","Rua Domênico Sônego",SC,Licitação,2018-03-28T08:00:00Z,"itensVencedores_50579828-365a-40fb-9363-b36d7380c755.csv",INTERNET," "," "," ","participantes_893c3375-6644-4077-8644-112c4e74c07d.csv",NÃO," ",2018-03-28T16:00:00Z,,276392.52,202800
"FUNDO MUNICIPAL DE SAUDE DE CRICIUMA",97,2018,97,2018,2018-12-21,"REGISTRO DE PREÇOS DE GENEROS ALIMENTÍCIOS, DESCARTÁVEIS, MATERIAIS DE LIMPEZA E EPIs, PARA FUTURAS AQUISIÇÕES NO ATENDIMENTO AOS USUÁRIOS DOS PROGRAMAS CAPS II, CAPS II AD, CAPS III e CAPS INFANTIL, DA REDE MUNICIPAL DE SAÚDE DE CRICIÚMA/SC.","Pregão presencial","Compras e Serviços","MENOR PREÇO GLOBAL POR LOTE",2019-01-18,HOMOLOGADO," ","atasRegistroPrecos_fb7c42b2-b3e3-462e-83e9-d54818863a42.csv"," "," ",2019-01-07T09:01:00Z," ",2018-12-17,2019-01-07," ","despesas_96100e17-50b5-4ccd-8d8e-73ee340246be.csv"," ",saude@criciuma.sc.gov.br," ","Rua Domênico Sônego","Rua Domênico Sônego",SC,Licitação,2019-01-07T08:00:00Z,"itensVencedores_7a9e65f0-ccaf-4d3a-a35a-e0ff4f36a83d.csv",INTERNET," "," "," ","participantes_e88a3c6d-40dc-4eed-83d4-2b853f845dad.csv",SIM," ",2019-01-07T09:00:00Z,,218551.82,214978.13
"FUNDO MUNICIPAL DE SAUDE DE CRICIUMA",100,2018,100,2018,2018-12-20,"Aquisição de veículo utilitários novos (0km), para atender a necessidade o Serviço de Saúde Mental (CAPS III) pertencente à Secretaria Municipal de Saúde de Criciúma/SC.","Pregão presencial","Compras e Serviços","MENOR PRECO GLOBAL",2019-01-23,HOMOLOGADO," "," "," ","contratos_68d3bbc8-506f-4ba1-81be-c4fd24ee2a90.csv",2019-01-17T14:01:00Z," ",2018-12-20,2019-01-17," ","despesas_1358667a-c5c6-4ee3-909d-df807e330eb4.csv"," ",saude@criciuma.sc.gov.br," ","Rua Domênico Sônego","Rua Domênico Sônego",SC,Licitação,2019-01-17T08:00:00Z,"itensVencedores_7c3259b9-ae00-42c0-984e-f075f8811cd2.csv",MURAL_PUBLICO," "," "," ","participantes_74b84f4a-d2d9-464e-855f-a471972dcc91.csv",NÃO," ",2019-01-17T14:00:00Z,,175000,174000
"FUNDO MUNICIPAL DE SAUDE DE CRICIUMA",98,2018,98,2018,2018-12-17,"Registro de Preços de peças para manutenção de equipamentos odontológicos, para aquisições futuras, no atendimento à Rede Municipal de Saúde de Criciúma/SC.","Pregão presencial","Compras e Serviços","MENOR PRECO POR ITEM",2019-01-14,HOMOLOGADO," ","atasRegistroPrecos_2f12fce5-d8dc-497f-b6a6-ca7e396bc3f7.csv"," "," ",2019-01-09T09:01:00Z," ",2018-12-17,2019-01-09," "," "," ",saude@criciuma.sc.gov.br," ","Rua Domênico Sônego","Rua Domênico Sônego",SC,Licitação,2019-01-09T08:00:00Z,"itensVencedores_5f95c088-703e-4c46-83c6-e364098f0e0b.csv",MURAL_PUBLICO," "," "," ","participantes_4876e192-7de6-43df-a435-44f837269533.csv",SIM," ",2019-01-09T09:00:00Z,,79799.5,74275.1
"FUNDO MUNICIPAL DE SAUDE DE CRICIUMA",32,2018,32,2018,2018-05-20,"objeto a execução das atividades e serviços de saúde para assistência psiquiátrica, que garanta aos pacientes do Município de Criciúma o atendimento de suas necessidades integral de saúde em ambiente hospitalar, em regime de 24 horas/dia.","Dispensa de licitação","Compras e Serviços","MENOR PRECO",2018-04-25,HOMOLOGADO," "," "," ","contratos_955efc54-e7c2-409c-89af-830cceb8d9c8.csv",2018-04-24T08:01:00Z," ",2018-04-24,2018-04-24," ","despesas_51b0b3e6-1ef2-4a15-b371-676a3b266c81.csv"," ",saude@criciuma.sc.gov.br," ","Rua Domênico Sônego","Rua Domênico Sônego",SC,Licitação,2018-04-24T08:00:00Z,"itensVencedores_54b2bd08-570b-4cc4-a852-d461c1a6005c.csv",INTERNET," "," "," ","participantes_c6551475-0f86-4988-9426-550be2f60dff.csv",NÃO," ",2018-04-24T08:00:00Z,,91350,91350
"FUNDO MUNICIPAL DE SAUDE DE CRICIUMA",93,2018,93,2018,2018-11-30,"Registro de preços de alimentos especiais e fórmulas infantis, para aquisições futuras, no atendimento a Rede Municipal de Saúde de Criciúma/SC.","Pregão presencial","Compras e Serviços","MENOR PRECO POR ITEM",2018-12-17,HOMOLOGADO," ","atasRegistroPrecos_e2b8479a-d48f-4f3d-87bd-e81cfdbff11f.csv"," "," ",2018-12-14T09:01:00Z," ",2018-11-30,2018-12-14," ","despesas_3b2ae7c0-6aaa-4864-87dd-b395a9643089.csv"," ",saude@criciuma.sc.gov.br," ","Rua Domênico Sônego","Rua Domênico Sônego",SC,Licitação,2018-12-14T08:00:00Z,"itensVencedores_cad86e7a-80b0-47a1-bb88-6841b7f09525.csv",MURAL_PUBLICO," "," "," ","participantes_9bde8b7c-9d49-4e9f-83f9-165109ade079.csv",SIM," ",2018-12-14T09:00:00Z,,680680.68,545526.0
"FUNDO MUNICIPAL DE SAUDE DE CRICIUMA",33,2018,33,2018,2018-04-24,"Contratação de empresa para execução dos serviços necessários às obras de construção/instalação de uma subestação transformadora de 150kVA para alimentar o CEO - Centro de Especialidades Odontológicas instalado nas dependências da Unidade de Saúde 24h - Bairro Próspera.",Convite,"Obras e Serviços de Engenharia","MENOR PRECO GLOBAL",2018-05-14,HOMOLOGADO," "," "," ","contratos_5875d6b0-4663-40bc-9abc-70311eea855c.csv",2018-05-14T16:00:00Z," ",2018-04-24,2018-05-14," ","despesas_07526f15-060a-4f09-bbc8-7d0f136ab4b1.csv"," ",saude@criciuma.sc.gov.br," ","Rua Domênico Sônego","Rua Domênico Sônego",SC,Licitação,2018-05-14T08:00:00Z,"itensVencedores_5d2ba7ec-3648-4527-800d-b3d1f35bfdfa.csv",MURAL_PUBLICO," "," "," ","participantes_f46c84c0-60a9-4e92-a22f-da1dc3ed2bb3.csv",NÃO," ",2018-05-14T15:45:00Z,"Lei 8666/1993, Art. 22, III",40173.84,38963.33
"FUNDO MUNICIPAL DE SAUDE DE CRICIUMA",29,2018,29,2018,2018-04-02,"Aquisição de peças, materiais e equipamentos para uso na manutenção da infraestrutura de telecomunicação do Fundo municipal de saúde do município de Criciúma - SC",Convite,"Compras e Serviços","MENOR PRECO GLOBAL",2018-04-20,HOMOLOGADO," "," "," ","contratos_e0f106af-2327-4b96-883e-3c68c5af3cfd.csv",2018-04-16T15:00:00Z," ",2018-04-02,2018-04-16," ","despesas_c48118c4-6345-4057-9593-1f3f65a6ff7e.csv"," ",saude@criciuma.sc.gov.br," ","Rua Domênico Sônego","Rua Domênico Sônego",SC,Licitação,2018-04-16T08:00:00Z,"itensVencedores_7e1bb5fe-5c07-40dd-a962-a238685d705e.csv",MURAL_PUBLICO," "," "," ","participantes_a5f9ec6b-9250-4eaa-bd1f-040c772e47ed.csv",NÃO," ",2018-04-16T14:45:00Z,"Lei 8666/1993, Art. 22, III",78252.94,74462
"FUNDO MUNICIPAL DE SAUDE DE CRICIUMA",3,2018,3,2018,2018-01-11,"Contratação de serviços veterinários para a realização por demanda, de procedimentos cirúrgicos (castração) aos animais de rua ou famílias com renda comprovada de até 3 salários mínimos no município de Criciúma, favorecendo o controle populacional desses animais, bem como na transmissão de Zoonoses, em atendimento à Vigilância Sanitária e Epidemiológica da Secretaria Municipal de Saúde do Município de Criciúma/SC","Pregão presencial","Compras e Serviços","MENOR PRECO POR ITEM",2018-01-23,HOMOLOGADO," "," "," ","contratos_a8281e5c-3ac2-462e-a5d8-99738d064dae.csv",2018-01-23T08:31:00Z," ",2018-01-08,2018-01-23," ","despesas_d967434e-4a72-40d4-800c-4410efd63e73.csv"," ",saude@criciuma.sc.gov.br," ","Rua Domênico Sônego","Rua Domênico Sônego",SC,Licitação,2018-01-23T08:00:00Z,"itensVencedores_445be5f2-f040-4abe-b9e6-cccca3a83cb9.csv",INTERNET," "," "," ","participantes_4d78346e-3af2-4dee-878b-eee86903737f.csv",NÃO," ",2018-01-23T08:30:00Z,,78000,78000
"FUNDO MUNICIPAL DE SAUDE DE CRICIUMA",4,2018,4,2018,2018-01-15,"Registro de preços para aquisição de equipamentos e materiais para exames do Laboratório Municipal de Criciúma, para atendimento futuro aos usuários do SUS do Município de Criciúma/SC.","Pregão presencial","Compras e Serviços","MENOR PRECO POR ITEM"," ",REVOGADO," "," "," "," ",2018-01-25T08:31:00Z," ",2018-01-09,2018-01-25,2018-01-25," "," ",saude@criciuma.sc.gov.br," ","Rua Domênico Sônego","Rua Domênico Sônego",SC,Licitação,2018-01-25T08:00:00Z," ",INTERNET," ","Razões de Interesse Público"," ","participantes_1e5c10f2-1103-49fa-aaf2-f7556cc0e6aa.csv",SIM," ",2018-01-25T08:30:00Z,,380901.03," "
"FUNDO MUNICIPAL DE SAUDE DE CRICIUMA",1,2018,1,2018,2018-01-10,"A presente licitação tem por objetivo a aquisição de equipamentos médico hospitalares, odontológicos, instrumentais cirúrgicos, equipamentos de informática, eletroeletrônicos e materiais diversos para atendimento àUnidade de Pronto Atendimento 24 horas - Porte II - UPA, daRede Municipal de Saúde de Criciúma/SC.","Pregão presencial","Compras e Serviços","MENOR PRECO POR ITEM",2018-02-01,HOMOLOGADO," "," "," ","contratos_e26ddac9-0e84-41f4-b273-f35924816951.csv",2018-01-19T09:01:00Z," ",2018-01-08,2018-01-19," ","despesas_97d9b7ca-bf75-4901-bfce-3a4f2d54f7ee.csv"," ",saude@criciuma.sc.gov.br," ","Rua Domênico Sônego","Rua Domênico Sônego",SC,Licitação,2018-01-19T08:00:00Z,"itensVencedores_1a57aa4e-94ae-432e-8692-22ffdea0b9f4.csv",INTERNET," "," "," ","participantes_b02ba81f-203d-4ec8-aded-adf41c619d75.csv",NÃO," ",2018-01-19T09:00:00Z,,750565.6,233026.46
"FUNDO MUNICIPAL DE SAUDE DE CRICIUMA",2,2018,2,2018,2018-01-09,"CONTRATAÇÃO DE EMPRESA PARA AQUISIÇÃO DE MEDICAMENTOS CONSTANTES DO GUIA DA FARMÁCIA, PARA USO EMERGENCIAL E CUMPRIMENTO DE MANDADOS JUDICIAIS, PERANTE PRESCRIÇÃO MÉDICA, NO ATENDIMENTO A PESSOAS CARENTES DO MUNICÍPIO DE CRICIÚMA-SC. DURANTE EXERCÍCIO DE 2018.","Pregão presencial","Compras e Serviços","MENOR PRECO",2018-01-22,HOMOLOGADO," "," "," ","contratos_a14ba277-de5e-4fc8-ba5a-3399f8332f9e.csv",2018-01-19T16:31:00Z," ",2018-01-08,2018-01-19," ","despesas_4776ca6e-d2c6-4b54-b521-ad4eaca58e72.csv"," ",saude@criciuma.sc.gov.br," ","Rua Domênico Sônego","Rua Domênico Sônego",SC,Licitação,2018-01-19T08:00:00Z,"itensVencedores_51296f8a-426e-4b0d-9526-64117995c30a.csv",INTERNET," "," "," ","participantes_2d7049ad-7cc9-4a4f-9f96-3f6952686009.csv",NÃO," ",2018-01-19T16:30:00Z,,250000,250000
"FUNDO MUNICIPAL DE SAUDE DE CRICIUMA",9,2018,9,2018,2018-01-15,"Tem por objetivo a aquisição/ instalação de Aparelhos de Ar condicionado, quente e frio, tipo Split (unidade condensadora/ unidade evaporadora/ suporte de proteção/ tubulações em cobre), para atendimento as das Unidades Básicas de Saúde da rede Municipal de Saúde do município de Criciúma/SC","Pregão presencial","Compras e Serviços","MENOR PRECO POR ITEM",2018-01-30,HOMOLOGADO," "," "," ","contratos_3d667408-9928-4aa7-a7a6-0d7dadb2f45a.csv",2018-01-29T09:01:00Z," ",2018-01-15,2018-01-29," ","despesas_a1634ff4-ac3c-4d72-b3fc-f3ab1e71f09e.csv"," ",saude@criciuma.sc.gov.br," ","Rua Domênico Sônego","Rua Domênico Sônego",SC,Licitação,2018-01-29T08:00:00Z,"itensVencedores_5156bd84-7ee6-438a-ad16-cde1ed0e686b.csv",MURAL_PUBLICO," "," "," ","participantes_c907a1ad-209d-40e6-b388-5b610d96b199.csv",NÃO," ",2018-01-29T09:00:00Z,,265498.32,259361
"FUNDO MUNICIPAL DE SAUDE DE CRICIUMA",6,2018,6,2018,2018-01-11,"Registro de preços de medicamentos, através de empresas do ramo pertinente, para aquisições futuras e eventuais, de medicamentos e Alimentações Especiais para atendimento a rede municipal de saúde dos Municípios Consorciados no Consórcio Intermunicipal de Saúde da AMREC - CISAMREC.","Pregão presencial","Compras e Serviços","MENOR PRECO POR ITEM",2018-02-14,HOMOLOGADO," ","atasRegistroPrecos_6fe6b2be-bd34-4cea-aad6-b826e655d1f3.csv"," "," ",2018-01-25T10:31:00Z," ",2018-01-11,2018-01-25," "," "," ",saude@criciuma.sc.gov.br," ","Rua Domênico Sônego","Rua Domênico Sônego",SC,Licitação,2018-01-25T08:00:00Z,"itensVencedores_7b1ad60d-4d71-4d1f-a23b-df853f06db63.csv",MURAL_PUBLICO," "," "," ","participantes_305f73a2-3ba4-4888-ae67-c511013e6d35.csv",SIM," ",2018-01-25T10:30:00Z,,1.305021326E7,6374845.67
"FUNDO MUNICIPAL DE SAUDE DE CRICIUMA",8,2018,8,2018,2018-01-16,"FORNECIMENTO DE VALE TRANSPORTE PARA OS USUÁRIOS DOS PROGRAMAS DE SAÚDE: CAPS I; CAPS II; CAPS ad; CAPS III; PERTENCENTES A SECRETARIA MUNICIPAL DE SAÚDE DO MUNICIPIO DE CRICIÚMA/SC.","Inexigibilidade de licitação","Compras e Serviços","MENOR PRECO",2018-01-15,HOMOLOGADO," "," "," ","contratos_4caaef7a-b6da-402b-8cec-672cace328b7.csv",2018-01-15T08:01:00Z," ",2018-01-15,2018-01-15," ","despesas_716a5543-3ec0-4b45-a5fe-af2c73936fe1.csv"," ",saude@criciuma.sc.gov.br," ","Rua Domênico Sônego","Rua Domênico Sônego",SC,Licitação,2018-01-15T08:00:00Z,"itensVencedores_dffd17f2-e3ab-4166-8000-6ee27c24461e.csv",INTERNET," "," "," ","participantes_c7d7d098-b83d-4ac1-85b5-ba19fbf1becd.csv",NÃO," ",2018-01-15T08:00:00Z,,145080,145080
"FUNDO MUNICIPAL DE SAUDE DE CRICIUMA",75,2018,75,2018,2018-09-10,"Registro de preços para aquisições futuras de fraldas descartáveis, para atendimento à Rede Municipal de Saúde de Criciúma/SC.","Pregão presencial","Compras e Serviços","MENOR PRECO POR ITEM",2018-10-08,HOMOLOGADO," ","atasRegistroPrecos_8a532c28-5370-4e23-996a-7b138266891a.csv"," "," ",2018-10-03T09:01:00Z," ",2018-09-06,2018-10-03," ","despesas_130ea312-a183-4335-bf46-271cccb018e6.csv"," ",saude@criciuma.sc.gov.br," ","Rua Domênico Sônego","Rua Domênico Sônego",SC,Licitação,2018-10-03T08:00:00Z,"itensVencedores_729dab07-e384-4811-94c1-a32983285e91.csv",INTERNET," "," "," ","participantes_4141fc32-268c-4c14-bf2e-5368e11f4e2e.csv",SIM," ",2018-10-03T09:00:00Z,,229990,198561.8
"FUNDO MUNICIPAL DE SAUDE DE CRICIUMA",7,2018,7,2018,2018-01-12,"Aquisição de medicamento PALMITATO DE PALAPERIDONA 100 MG/ML - INJ para cumprimento da ação judicial n° 0304224-43.2016.8.24.0020 cujo autor é o paciente: Leandro Becker Fernandes.","Dispensa de licitação","Compras e Serviços","MENOR PRECO",2018-01-16,HOMOLOGADO," "," "," ","contratos_8cdcfa22-6b71-4b8a-87de-32f4b75c73be.csv",2018-01-11T08:01:00Z," ",2018-01-11,2018-01-11," ","despesas_86de7ecb-7e95-43ed-8704-9283ffe118d2.csv"," ",saude@criciuma.sc.gov.br," ","Rua Domênico Sônego","Rua Domênico Sônego",SC,Licitação,2018-01-11T08:00:00Z,"itensVencedores_fbdebb86-7478-4885-b775-f8c9dfd8ce0d.csv","JORNAL_DIVULGACAO_ESTADUAL"," "," "," ","participantes_a1beeb41-e4ab-4abd-a68d-6ab51aced589.csv",NÃO," ",2018-01-11T08:00:00Z,,14103.72,14103.72
"FUNDO MUNICIPAL DE SAUDE DE CRICIUMA",68,2018,68,2018,2018-09-04,"REGISTRO DE PREÇOS PARA AQUISIÇÃO FUTURA DE MATERIAIS MÉDICOS HOSPITALARES, PARA ATENDIMENTO À REDE MUNICIPAL DE SAÚDE DE CRICIÚMA/SC.","Pregão presencial","Compras e Serviços","MENOR PRECO POR ITEM",2018-10-11,HOMOLOGADO," ","atasRegistroPrecos_1c623458-97ea-4ec2-89c4-7ea0a6d947c6.csv"," "," ",2018-09-11T09:01:00Z," ",2018-08-24,2018-09-11," ","despesas_b28e9676-6908-44b9-a4de-85d2750e50db.csv"," ",saude@criciuma.sc.gov.br," ","Rua Domênico Sônego","Rua Domênico Sônego",SC,Licitação,2018-09-11T08:00:00Z,"itensVencedores_8d778c26-2859-49a4-8aeb-cc16ba8df8b8.csv",DIARIO_OFICIAL_ESTADO," "," "," ","participantes_8285b948-d2fb-4ccf-ae23-964483a04cd2.csv",SIM," ",2018-09-11T09:00:00Z,,1499999.67,1180315.12
"FUNDO MUNICIPAL DE SAUDE DE CRICIUMA",56,2018,56,2018,2018-07-05,"A presente licitação tem por objetivo a aquisição de materiais médico hospitalares, para atendimento à Rede Municipal de Saúde de Criciúma/SC.","Pregão presencial","Compras e Serviços","MENOR PRECO POR ITEM",2018-08-07,HOMOLOGADO," "," "," ","contratos_f079b1e9-487f-49b4-aaab-486e65c76fb3.csv",2018-07-18T09:01:00Z," ",2018-07-04,2018-07-18," ","despesas_9b5ab7c4-670f-414f-999b-53a48fc04527.csv"," ",saude@criciuma.sc.gov.br," ","Rua Domênico Sônego","Rua Domênico Sônego",SC,Licitação,2018-07-18T08:00:00Z,"itensVencedores_d6acec06-5a8a-4224-b617-35c8f5f7725c.csv",DIARIO_OFICIAL_ESTADO," "," "," ","participantes_e9387804-7c40-40ff-9243-b132412b90fa.csv",NÃO," ",2018-07-18T09:00:00Z,,505871.63,362347.56
"FUNDO MUNICIPAL DE SAUDE DE CRICIUMA",53,2018,53,2018,2018-07-04,"A presente licitação tem por objetivo a aquisição de eletrodomésticos e utensílios de cozinha para o CAPS II da rede Municipal de Saúde do município de Criciúma/SC.","Pregão presencial","Compras e Serviços","MENOR PRECO POR ITEM",2018-07-20,HOMOLOGADO," "," "," ","contratos_0482941d-64e1-451d-9ad5-81068e697cf0.csv",2018-07-17T14:01:00Z," ",2018-07-03,2018-07-17," ","despesas_78d6d7a4-8043-48db-a1e5-3546a993be3d.csv"," ",saude@criciuma.sc.gov.br," ","Rua Domênico Sônego","Rua Domênico Sônego",SC,Licitação,2018-07-17T08:00:00Z,"itensVencedores_153ae576-d098-470a-bafe-cc78c753c503.csv",INTERNET," "," "," ","participantes_1dc3671a-35fd-4055-aee7-cd8f6f199172.csv",NÃO," ",2018-07-17T14:00:00Z,,11603.56,10167.8
"FUNDO MUNICIPAL DE SAUDE DE CRICIUMA",55,2018,55,2018,2018-07-03,"Contratação através de empresa do ramo pertinente, para a execução por demanda,   de serviços de instalação, manutenção, remanejamento, montagem, desmontagem de estruturas divisórias e portas, instalação de painéis de vidro 5mm, toldos em lona com estrutura metálica, com aplicação de todo material e acessórios a fim de atender as necessidades das unidades descentralizadas pertencentes a Secretaria Municipal de Saúde de Criciúma/SC.",Convite,"Compras e Serviços","MENOR PRECO GLOBAL",2018-07-27,HOMOLOGADO," "," "," ","contratos_01d9e671-ca43-45ba-aa0e-63f714517ce1.csv",2018-07-13T09:01:00Z," ",2018-07-03,2018-07-13," ","despesas_b18bb068-bae7-4d48-9618-51c0b1b9d512.csv"," ",saude@criciuma.sc.gov.br," ","Rua Domênico Sônego","Rua Domênico Sônego",SC,Licitação,2018-07-13T08:00:00Z,"itensVencedores_2b01ce91-8768-46c9-8d72-1652974d3be3.csv",MURAL_PUBLICO," "," "," ","participantes_1cbacecd-d8d9-44b4-b1fa-bc345c3e254a.csv",NÃO," ",2018-07-13T09:00:00Z,"Lei 8666/1993, Art. 22, III",71728,69755.4
"FUNDO MUNICIPAL DE SAUDE DE CRICIUMA",60,2018,60,2018,2018-07-31,"Contratação de Clínica Especializada para a internação de adolescentes com dependência química, para a internação compulsória do adolescente TIAGO DA LUZ conforme os Autos do Processo Nº  000438155.2017.8.24.0020, residente em Criciúma - SC.","Dispensa de licitação","Compras e Serviços","MENOR PRECO",2018-07-25,HOMOLOGADO," "," "," ","contratos_b930553c-29fd-4e16-b460-56f8aeacbf9a.csv",2018-07-25T08:01:00Z," ",2018-07-25,2018-07-25," ","despesas_5767365b-3732-4909-95a9-b403013165c2.csv"," ",saude@criciuma.sc.gov.br," ","Rua Domênico Sônego","Rua Domênico Sônego",SC,Licitação,2018-07-25T08:00:00Z,"itensVencedores_f71db7d8-cf17-48c5-8246-4b09d02aa43f.csv",INTERNET," "," "," ","participantes_40a30c29-c95b-4fc3-b4fb-7b8a6dd1cb43.csv",NÃO," ",2018-07-25T08:00:00Z,,66000,66000
"FUNDO MUNICIPAL DE SAUDE DE CRICIUMA",61,2018,61,2018,2018-07-31,"Aquisição de materiais didáticos educativos (réplica de alimentos) e camisetas, para atendimento ao setor de alimentação e nutrição da Secretaria de Saúde de Criciúma/SC., em atendimento a Portaria nº1.738 de 19/08/2013 para garantir a 1ª, 2ª, 3ª e 4ª Diretrizes da PNAN - Política Nacional de Alimentação e Nutrição, para promoção da alimentação saudável e gestão das ações de alimentação e nutrição no município de Criciúma/SC.","Pregão presencial","Compras e Serviços","MENOR PRECO POR ITEM",2018-08-29,HOMOLOGADO," "," "," ","contratos_85912127-4611-4990-90e2-bd87d3f061ba.csv",2018-08-16T09:01:00Z," ",2018-07-30,2018-08-16," ","despesas_44598984-5d4c-4a2c-9145-ddc33a6da556.csv"," ",saude@criciuma.sc.gov.br," ","Rua Domênico Sônego","Rua Domênico Sônego",SC,Licitação,2018-08-16T08:00:00Z,"itensVencedores_bbec30bc-c40e-45bd-a414-4ffbafa453ba.csv",INTERNET," "," "," ","participantes_ff7a7c72-f8fe-437f-ac5c-a6ebce206b8b.csv",NÃO," ",2018-08-16T09:00:00Z,,13153.5,10652
"FUNDO MUNICIPAL DE SAUDE DE CRICIUMA",57,2018,57,2018,2018-07-05,"Registro de preços de serviços gráficos, para impressão de formulários personalizados, em atendimento a Rede Municipal de Saúde de Criciúma/SC.","Pregão presencial","Compras e Serviços","MENOR PRECO POR ITEM",2018-07-19,HOMOLOGADO," ","atasRegistroPrecos_ad9ce326-cfb7-4871-8ce2-4b963a3bb10c.csv"," "," ",2018-07-19T09:01:00Z," ",2018-07-04,2018-07-19," ","despesas_4c763fc4-23b7-4e1a-823e-3021d252f7a6.csv"," ",saude@criciuma.sc.gov.br," ","Rua Domênico Sônego","Rua Domênico Sônego",SC,Licitação,2018-07-19T08:00:00Z,"itensVencedores_398fa662-52e4-4694-b961-688de459d0d9.csv",INTERNET," "," "," ","participantes_b50b2d63-07a2-4740-8a25-aff049a884f9.csv",SIM," ",2018-07-19T09:00:00Z,,257371.2,154607.7
"FUNDO MUNICIPAL DE SAUDE DE CRICIUMA",62,2018,62,2018,2018-07-31,"A presente licitação tem por objetivo a aquisição de Eletrodomésticos, Eletroeletrônicos, equipamentos de informática e materiais diversos, para atendimento a rede de frios da Vigilância em Saúde, pertencente à Rede Municipal de Saúde de Criciúma/SC.","Pregão presencial","Compras e Serviços","MENOR PRECO POR ITEM",2018-08-21,HOMOLOGADO," "," "," ","contratos_bb71719f-1284-4061-a73f-b35fe0ed9b77.csv",2018-08-16T14:01:00Z," ",2018-07-25,2018-08-16," ","despesas_6ad80dbb-b755-42d0-b39b-d968209296c5.csv"," ",saude@criciuma.sc.gov.br," ","Rua Domênico Sônego","Rua Domênico Sônego",SC,Licitação,2018-08-16T08:00:00Z,"itensVencedores_cbd8b69a-6c77-4b5e-8598-afd9d1deb499.csv",INTERNET," "," "," ","participantes_1119b30c-d34c-45c7-afba-9d536b729991.csv",NÃO," ",2018-08-16T14:00:00Z,,91229.83,58128.71
"FUNDO MUNICIPAL DE SAUDE DE CRICIUMA",58,2018,58,2018,2018-07-12,"Registro de preços para aquisições futuras e eventuais de medicamentos para atendimento a rede de Saúde Mental e dos Centros de Atenção Psicossocial (CAPS) dos Municípios Consorciados ao CISAMREC.","Pregão presencial","Compras e Serviços","MENOR PRECO POR ITEM",2018-08-08,HOMOLOGADO," ","atasRegistroPrecos_fdaa3f24-ab80-47aa-992d-db90780e49bc.csv"," "," ",2018-07-24T09:01:00Z," ",2018-07-11,2018-07-24," "," "," ",saude@criciuma.sc.gov.br," ","Rua Domênico Sônego","Rua Domênico Sônego",SC,Licitação,2018-07-24T08:00:00Z,"itensVencedores_adb23d39-d90b-4cd8-b0b2-0d1c3836ed5f.csv",INTERNET," "," "," ","participantes_c0156778-47c8-4be0-be2c-704ce99ed637.csv",SIM," ",2018-07-24T09:00:00Z,,2624129.13,1108318.15
"FUNDO MUNICIPAL DE SAUDE DE CRICIUMA",45,2018,45,2018,2018-06-12,"Contratação, através de empresas especializadas, para prestação de serviços de serralheria/solda na Secretaria Municipal e nas Unidades Descentralizadas de Saúde de Criciúma/SC, compreendendo o fornecimento dos materiais, mão-de-obra, equipamentos, máquinas e ferramentas normais e especiais necessárias.","Pregão presencial","Compras e Serviços","MENOR PRECO GLOBAL",2018-07-02,HOMOLOGADO," "," "," ","contratos_376f2fb8-7b4b-4fb3-8f9b-95c2acc4a6ab.csv",2018-06-28T13:31:00Z," ",2018-06-06,2018-06-28," ","despesas_ef8d7470-98fa-46a0-a58a-94d7b8c24673.csv"," ",saude@criciuma.sc.gov.br," ","Rua Domênico Sônego","Rua Domênico Sônego",SC,Licitação,2018-06-28T08:00:00Z,"itensVencedores_7d9ec4f6-a9b1-4713-aa52-2a6268ae1c4e.csv",INTERNET," "," "," ","participantes_d3f02f29-d718-425b-9db1-88ff5aa3489a.csv",NÃO," ",2018-06-28T13:30:00Z,,59200,57500
"FUNDO MUNICIPAL DE SAUDE DE CRICIUMA",48,2018,48,2018,2018-06-13,"Aquisição e instalação de Placas indicativas externas e internas, incluindo totem para a sinalização visual do Pronto Atendimento (UPA 24H), Bairro Próspera, pertencente à Rede Municipal de saúde de Criciúma/SC.",Convite,"Compras e Serviços","MENOR PRECO GLOBAL",2018-06-22,HOMOLOGADO," "," "," ","contratos_c0c114ed-a671-4c0c-a579-04a7a8600a8a.csv",2018-06-21T16:00:00Z," ",2018-06-13,2018-06-21," ","despesas_7079a658-bd22-4a15-b53b-43f56381322d.csv"," ",saude@criciuma.sc.gov.br," ","Rua Domênico Sônego","Rua Domênico Sônego",SC,Licitação,2018-06-21T08:00:00Z,"itensVencedores_02a6e483-dcef-41a1-8be0-ffd390da0a40.csv",MURAL_PUBLICO," "," "," ","participantes_1ac62360-748b-4fb4-b22a-7bdde0a77a69.csv",NÃO," ",2018-06-21T15:45:00Z,"Lei 8666/1993, Art. 22, III",18716,17405.88
"FUNDO MUNICIPAL DE SAUDE DE CRICIUMA",46,2018,46,2018,2018-06-12,"Aquisição de equipamentos de informática (tablets) para informatização dos processos realizados pelos agentes comunitários de saúde, pertencentes à Secretaria Municipal de Saúde de Criciúma/SC.","Pregão presencial","Compras e Serviços","MENOR PRECO POR ITEM",2018-07-02,HOMOLOGADO," "," "," ","contratos_73d988d2-5bc3-4e73-b793-9a0d8d2779a8.csv",2018-06-28T15:01:00Z," ",2018-06-06,2018-06-28," ","despesas_01734ab8-24da-41e5-9c60-2f9ddb07b4ec.csv"," ",saude@criciuma.sc.gov.br," ","Rua Domênico Sônego","Rua Domênico Sônego",SC,Licitação,2018-06-28T08:00:00Z,"itensVencedores_644e5244-b9ae-4abc-8b2d-90c94ec52892.csv",INTERNET," "," "," ","participantes_7375c6f5-684b-4798-8295-6ee4937e20df.csv",NÃO," ",2018-06-28T15:00:00Z,,82645.8,81180
"FUNDO MUNICIPAL DE SAUDE DE CRICIUMA",47,2018,47,2018,2018-06-13,"Registro de Preços de materiais de consumo, medicamentos veterinários e vacinas, para aquisições futuras, no atendimento ao Centro de Controle de Zoonoses do Município de Criciúma/SC.","Pregão presencial","Compras e Serviços","MENOR PRECO POR ITEM",2018-07-02,HOMOLOGADO," ","atasRegistroPrecos_65d1d083-d06c-4122-8a82-9cc6e8e9aa7d.csv"," "," ",2018-06-29T08:31:00Z," ",2018-06-06,2018-06-29," ","despesas_695b42de-2336-41ed-9db7-7d7f56186035.csv"," ",saude@criciuma.sc.gov.br," ","Rua Domênico Sônego","Rua Domênico Sônego",SC,Licitação,2018-06-29T08:00:00Z,"itensVencedores_af2b404b-b848-471e-a524-e056100e5209.csv",INTERNET," "," "," ","participantes_0009f419-c329-4a6e-927f-c2832f4cf28d.csv",SIM," ",2018-06-29T08:30:00Z,,10625.63,9815.9
"FUNDO MUNICIPAL DE SAUDE DE CRICIUMA",49,2018,49,2018,2018-06-15,"Aquisição de equipamentos médico hospitalares, eletrodomésticos, mobiliários e materiais diversos para atendimento a Unidade Básica de Saúde do bairro Cristo Redentor do município de Criciúma/SC.","Pregão presencial","Compras e Serviços","MENOR PRECO POR ITEM",2018-07-09,HOMOLOGADO," "," "," ","contratos_4dcd3eb8-d823-4e1b-b856-deb3c9ef9c18.csv",2018-07-04T08:31:00Z," ",2018-06-14,2018-07-04," ","despesas_8985c6cb-af28-42bb-beb1-f0586b1d0fe9.csv"," ",saude@criciuma.sc.gov.br," ","Rua Domênico Sônego","Rua Domênico Sônego",SC,Licitação,2018-07-04T08:00:00Z,"itensVencedores_3d341c31-2ee4-46a7-a3e2-7890fe008ed3.csv",DIARIO_OFICIAL_UNIAO," "," "," ","participantes_5515727d-c13d-4eaa-b88c-6bcf736e83f3.csv",NÃO," ",2018-07-04T08:30:00Z,,108097.76,60454.66
"FUNDO MUNICIPAL DE SAUDE DE CRICIUMA",51,2018,51,2018,2018-06-28,"A presente licitação tem por objetivo a contratação, através de empresas especializadas, para prestação de serviços de manutenção, conserto, recuperação e assistência técnica em eletrodomésticos na Secretaria Municipal e nas Unidades Descentralizadas de Saúde de Criciúma/SC, compreendendo o fornecimento dos materiais, mão-de-obra, peças, equipamentos, máquinas e ferramentas normais e especiais necessárias.","Pregão presencial","Compras e Serviços","MENOR PREÇO GLOBAL POR LOTE",2018-07-13,HOMOLOGADO," "," "," ","contratos_2e0831f5-16f2-4974-9509-52a4b54bc67c.csv",2018-07-12T08:31:00Z," ",2018-06-26,2018-07-12," ","despesas_e346f153-4f7f-492d-be49-593867347a84.csv"," ",saude@criciuma.sc.gov.br," ","Rua Domênico Sônego","Rua Domênico Sônego",SC,Licitação,2018-07-12T08:00:00Z,"itensVencedores_ed7ce45c-70b8-4d1b-ad3d-e292bad3ef22.csv",INTERNET," "," "," ","participantes_cf79dcf5-fbba-4fdf-b623-455724c3b8ff.csv",NÃO," ",2018-07-12T08:30:00Z,,75987,68260.0
"FUNDO MUNICIPAL DE SAUDE DE CRICIUMA",52,2018,52,2018,2018-06-26,"Registro de preços de exame - TOMOGRAFIA COMPUTADORIZADA DE FACE - CONE BEAN, para o diagnóstico de procedimentos odontológicos realizados no CEO - Centro de Especialidades Odontológicas, no atendimento aos usuários do Sistema único de Saúde (SUS) do município de Criciúma SC.","Pregão presencial","Compras e Serviços","MENOR PRECO POR ITEM",2018-07-10,HOMOLOGADO," ","atasRegistroPrecos_c3c4ec78-beba-493d-ba6b-7036b6a0c826.csv"," "," ",2018-07-09T13:01:00Z," ",2018-06-26,2018-07-09," ","despesas_ff867a77-c314-46be-8376-d1a7c3cfe79c.csv"," ",saude@criciuma.sc.gov.br," ","Rua Domênico Sônego","Rua Domênico Sônego",SC,Licitação,2018-07-09T08:00:00Z,"itensVencedores_b63578d2-da0c-4428-8534-bc891662fc80.csv",MURAL_PUBLICO," "," "," ","participantes_d372fe4b-9efb-4adf-a19a-0f963accd296.csv",SIM," ",2018-07-09T13:00:00Z,,33000,28850
"FUNDO MUNICIPAL DE SAUDE DE CRICIUMA",69,2018,69,2018,2018-08-28,"Aquisição de equipamentos médico-hospitalares, mobiliários, eletrodomésticos e materiais diversos para atendimento as Unidades Básicas de Saúde - UBS pertencentes à Rede Municipal de Saúde de Criciúma/SC. Recurso Federal: 08435.209000/1140-01","Pregão presencial","Compras e Serviços","MENOR PRECO POR ITEM",2018-09-19,HOMOLOGADO," "," "," ","contratos_5a3e2a13-c89d-45da-a578-253649a32df9.csv",2018-09-12T09:01:00Z," ",2018-08-24,2018-09-12," ","despesas_d415c5d0-08eb-46be-9309-9fb78c413fc0.csv"," ",saude@criciuma.sc.gov.br," ","Rua Domênico Sônego","Rua Domênico Sônego",SC,Licitação,2018-09-12T08:00:00Z,"itensVencedores_34d821c1-42b0-4221-98ad-e118cfea1326.csv",INTERNET," "," "," ","participantes_b6be9e1e-1c53-403d-9131-01f063ffdd5c.csv",NÃO," ",2018-09-12T09:00:00Z,,896561.24,471332.0
"FUNDO MUNICIPAL DE SAUDE DE CRICIUMA",73,2018,73,2018,2018-09-10,"A presente licitação tem por objetivo a aquisição de equipamentos médico hospitalares e materiais permanentes para atendimento ao Hospital Materno Infantil Santa Catarina, pertencente à Rede Municipal de Saúde de Criciúma/SC.","Pregão presencial","Compras e Serviços","MENOR PRECO POR ITEM",2019-01-23,HOMOLOGADO," "," "," ","contratos_9f8e0e4a-8332-4eb3-9ba6-68ad3c0d3972.csv",2018-10-08T09:01:00Z," ",2018-09-06,2018-10-08," "," "," ",saude@criciuma.sc.gov.br," ","Rua Domênico Sônego","Rua Domênico Sônego",SC,Licitação,2018-10-08T09:00:00Z,"itensVencedores_98bbd1fd-fcf8-49db-a37e-ff968e2960f6.csv",DIARIO_OFICIAL_UNIAO," "," "," ","participantes_9deb5d95-ceef-48c2-9a62-fa12320fade1.csv",NÃO," ",2018-10-08T09:00:00Z,,449190,119560
"FUNDO MUNICIPAL DE SAUDE DE CRICIUMA",76,2018,76,2018,2018-09-10,"A presente licitação tem por objetivo a aquisição de equipamentos odontológicos para atendimento as unidades básicas de Saúde, São Luiz, Verdinho, Vila Belmiro e Centro Social Urbano, da Rede Municipal de Saúde de Criciúma/SC.
Recurso Governo Federal -  2017NE499629, portaria nº 3672.","Pregão presencial","Compras e Serviços","MENOR PRECO POR ITEM",2018-10-10,HOMOLOGADO," "," "," ","contratos_8a5872a7-6d1e-4a4c-863e-8b0816e37e8a.csv",2018-10-08T14:01:00Z," ",2018-09-06,2018-10-08," ","despesas_46d89c0b-0fef-45bb-94a6-aa5acd391c3e.csv"," ",saude@criciuma.sc.gov.br," ","Rua Domênico Sônego","Rua Domênico Sônego",SC,Licitação,2018-10-08T08:00:00Z,"itensVencedores_a2c49868-f4b3-4321-89d6-042dee8a2c22.csv",DIARIO_OFICIAL_UNIAO," "," "," ","participantes_682a47de-ff7e-4880-bf45-5e1642a70195.csv",NÃO," ",2018-10-08T14:00:00Z,,111144.7,97330
"FUNDO MUNICIPAL DE SAUDE DE CRICIUMA",74,2018,74,2018,2018-09-10,"A presente licitação tem por objetivo a aquisição de materiais médico hospitalares, para atendimento à Rede Municipal de Saúde de Criciúma/SC, Convênio Estadual: 2017TR001469","Pregão presencial","Compras e Serviços","MENOR PRECO POR ITEM",2018-09-28,HOMOLOGADO," "," "," ","contratos_a9d25d44-3c82-43aa-95f4-e24875a7c9ee.csv",2018-09-25T13:01:00Z," ",2018-09-06,2018-09-25," ","despesas_55794047-184d-457e-9aa7-c75dda4d1601.csv"," ",saude@criciuma.sc.gov.br," ","Rua Domênico Sônego","Rua Domênico Sônego",SC,Licitação,2018-09-25T08:00:00Z,"itensVencedores_5eacd7bf-839e-4304-b990-a290d4dabc20.csv",INTERNET," "," "," ","participantes_bc1f9158-a510-4c8f-ba0a-5cc39dd01b7a.csv",NÃO," ",2018-09-25T13:00:00Z,,235188.74,179061.05
"FUNDO MUNICIPAL DE SAUDE DE CRICIUMA",78,2018,78,2018,2018-09-13,"Contratação de empresa para execução dos serviços necessários às obras de ampliação(área = 109,79m²) e  reforma (área = 172,95m²) da Unidade Básica de Saúde - (UBS Porte 1) localizada na rua Fausto Antônio Marcos - bairro Nova Esperança no Município de Criciúma-SC. (Convênio: Proposta nº. 08435209000115-009-SISMOB/GOVERNO FEDERAL).",Convite,"Obras e Serviços de Engenharia","MENOR PRECO GLOBAL",2018-10-15,HOMOLOGADO," "," "," ","contratos_4d484e76-dcde-438b-a1fd-9c9101b03bb7.csv",2018-10-02T09:00:00Z," ",2018-09-13,2018-10-02," ","despesas_bd0ad049-8912-4817-9340-326ca940019a.csv"," ",saude@criciuma.sc.gov.br," ","Rua Domênico Sônego","Rua Domênico Sônego",SC,Licitação,2018-10-02T08:00:00Z,"itensVencedores_c52ff923-63d3-492b-930b-f32383bdb2c3.csv",MURAL_PUBLICO," "," "," ","participantes_bafbd31c-0fb1-4e6e-ab16-eccf5442b316.csv",NÃO," ",2018-10-02T08:45:00Z,"Lei 8666/1993, Art. 22, III",302621.92,284051.55
"FUNDO MUNICIPAL DE SAUDE DE CRICIUMA",79,2018,79,2018,2018-09-27,"Contratação de serviços técnicos especializados para elaboração do projeto arquitetônico hospitalar para implantação da Unidade Básica de Saúde Centro e do Laboratório Municipal, no antigo imóvel do INSS com 1.182,57m², localizado na rua João Pessoa - centro do Município de Criciúma-SC.","Dispensa de licitação","Obras e Serviços de Engenharia","MENOR PRECO",2018-09-26,HOMOLOGADO," "," "," ","contratos_6674cb5a-5fcc-4ec3-abd1-41a8fbf0fc5b.csv",2018-09-26T08:01:00Z," ",2018-09-26,2018-09-26," ","despesas_2458328f-3e40-4ae6-914b-cd375c4b9912.csv"," ",saude@criciuma.sc.gov.br," ","Rua Domênico Sônego","Rua Domênico Sônego",SC,Licitação,2018-09-26T08:00:00Z,"itensVencedores_a6cc6497-ff37-4348-a8c4-2acdd1a0411a.csv",INTERNET," "," "," ","participantes_2e205454-8951-4e9e-ac9e-a7a01159fa71.csv",NÃO," ",2018-09-26T08:00:00Z,,32757.19,32757.18
"FUNDO MUNICIPAL DE SAUDE DE CRICIUMA",30,2018,30,2018,2018-04-09,"AÇÃO DE INTERNAÇÃO COMPULSÓRIA - para acompanhamento terapeutico em clinica fechada para o adolecente: MATEUS DOS SANTOS DA ROCHA conforme autos do processo n° 0900527-28.8.24.0020 (Residenete em Criciúma. Coordenação Municipal de Saúde Mental da Secretaria Municipal de Saúde).","Dispensa de licitação","Compras e Serviços","MENOR PRECO",2018-04-12,HOMOLOGADO," "," "," ","contratos_04ebd650-aa9b-4f5b-b631-35c2c10d7445.csv",2018-04-05T08:01:00Z," ",2018-03-26,2018-04-05," ","despesas_993d00fd-6651-4484-a96a-d43ceb29a542.csv"," ",saude@criciuma.sc.gov.br," ","Rua Domênico Sônego","Rua Domênico Sônego",SC,Licitação,2018-04-05T08:00:00Z,"itensVencedores_3793d86d-4b3b-4939-a9d6-c1b36af284b1.csv",INTERNET," "," "," ","participantes_1610d7f0-d92c-4edd-921d-c773c6d512d7.csv",NÃO," ",2018-04-05T08:00:00Z,,66000,66000
"FUNDO MUNICIPAL DE SAUDE DE CRICIUMA",31,2018,31,2018,2018-04-09,"AQUISIÇÃO DE MEDICAMENTO NATALIZUMABE (TYSABRI) 300 mg, PARA CUMPRIMENTO DA AÇÃO JUDICIAL N° 5004962-55.2017.4.04.7207/SC CUJO AUTOR É A PACIENTE: FRANCIELE DA ROSA FELICIANO.","Dispensa de licitação","Compras e Serviços","MENOR PRECO",2018-04-12,HOMOLOGADO," "," "," ","contratos_beec7b99-98fd-471a-94fc-8112b58ec988.csv",2018-04-06T08:01:00Z," ",2018-02-28,2018-04-06," ","despesas_80e281e4-5b89-496a-9fe2-fd54b2fb4e27.csv"," ",saude@criciuma.sc.gov.br," ","Rua Domênico Sônego","Rua Domênico Sônego",SC,Licitação,2018-04-06T08:00:00Z,"itensVencedores_846d22ed-a7aa-4d11-87d9-736949e32e62.csv",INTERNET," "," "," ","participantes_57decb8d-5bd4-4d71-b9af-1fe2c4fc7d2f.csv",NÃO," ",2018-04-06T08:00:00Z,,40223.4,40223.4
"FUNDO MUNICIPAL DE SAUDE DE CRICIUMA",34,2018,34,2018,2018-05-02,"Registro de preços para aquisição de materiais e equipamentos para exames do Laboratório Municipal de Criciúma, para atendimento aos usuários do SUS do Município de Criciúma/SC.","Pregão presencial","Compras e Serviços","MENOR PREÇO GLOBAL POR LOTE",2018-05-15,HOMOLOGADO," ","atasRegistroPrecos_4976a0b3-0201-4c58-a804-b6250948a91c.csv"," "," ",2018-05-14T09:01:00Z," ",2018-04-27,2018-05-14," ","despesas_ce7f2a45-d221-43f4-a1e0-cf399256ace7.csv"," ",saude@criciuma.sc.gov.br," ","Rua Domênico Sônego","Rua Domênico Sônego",SC,Licitação,2018-05-14T08:00:00Z,"itensVencedores_911bcd48-14c3-4f62-b822-6f4541b4682f.csv",INTERNET," "," "," ","participantes_147439c5-5adb-47bb-b40b-82b67f27e22e.csv",SIM," ",2018-05-14T09:00:00Z,,329087.61,285650
"PREFEITURA MUNICIPAL DE CRICIUMA",242,2018,242,2018,2018-07-30,"Registro de preços de gêneros alimentícios, para aquisições futuras, no atendimento ao 4º Batalhão do Bombeiro Militar do Município de Criciúma /SC, de acordo com Convênio 001/BM.","Pregão presencial","Compras e Serviços","MENOR PRECO POR ITEM",2018-08-16,HOMOLOGADO," ","atasRegistroPrecos_b701fa2c-edc2-4f08-a128-8cd13045a87d.csv"," "," ",2018-08-10T13:01:00Z," ",2018-07-25,2018-08-10," ","despesas_59e6ec87-6dd9-4109-95b6-12b6a4dbfa76.csv"," ","tributos@criciuma.sc.gov.br"," ","Rua Domênico Sônego","Rua Domênico Sônego",SC,"Pregão presencial",2018-08-10T08:00:00Z,"itensVencedores_be30fe8f-8b9f-42b1-ad17-cc16ad06d076.csv",INTERNET,,," ","participantes_268aaf74-7487-49e5-8822-5a64f210d895.csv",SIM," ",2018-08-10T13:00:00Z,," "," "
"PREFEITURA MUNICIPAL DE CRICIUMA",244,2018,244,2018,2018-07-30,"Contratação de operadora que detém autorização para prestar o Serviço Móvel Pessoal - SMP, na cidade de Criciúma/SC, por intermédio de 125 (cento e vinte e cinco) códigos de acesso, com o fornecimento das estações móveis definidas neste projeto, devidamente ativadas, associadas a um plano pós-pago de serviço, para uso em ligações para telefones fixos e móveis, de qualquer operadora, que possibilite o atendimento da contratante em todos as localidades atendidas pela autorizada.","Pregão presencial","Compras e Serviços","MENOR PRECO GLOBAL",2018-10-08,HOMOLOGADO," "," "," ","contratos_660a7aa8-59dd-4327-a68f-ea29e7ec534b.csv",2018-08-13T10:01:00Z," ",2018-07-25,2018-08-13," ","despesas_3f26513e-35ed-4211-926e-e6bbbc1b032a.csv"," ","tributos@criciuma.sc.gov.br"," ","Rua Domênico Sônego","Rua Domênico Sônego",SC,"Pregão presencial",2018-08-13T08:00:00Z,"itensVencedores_3bd13b5c-8c38-4c4d-9e8d-e7f2b2e43bf9.csv",INTERNET,,," ","participantes_49ed394e-a135-401a-86a3-cb8b1e2a300e.csv",NÃO," ",2018-08-13T10:00:00Z,," "," "
"PREFEITURA MUNICIPAL DE CRICIUMA",246,2018,246,2018,2018-07-30,"Contratação de empresa especializada na prestação de serviços de acesso à Internet para o Paço Municipal, com serviço de proteção de rede (Firewall), e a interligação da prefeitura com unidades externas, englobando a instalação e configuração de equipamentos de enlaces de comunicação e gerenciamento pró-ativas. Além de acesso a um gerenciador unificado para o monitoramento de uso da banda de cada interligação, em atendimento ao município de Criciúma/SC.","Pregão presencial","Compras e Serviços","MENOR PRECO GLOBAL",2018-10-08,HOMOLOGADO," "," "," ","contratos_3cdabe41-76d0-4dd9-9db3-d006f1942795.csv",2018-08-14T08:31:00Z," ",2018-07-25,2018-08-14," ","despesas_2e71e462-3a66-47aa-a99f-0f61ba630e2d.csv"," ","tributos@criciuma.sc.gov.br"," ","Rua Domênico Sônego","Rua Domênico Sônego",SC,"Pregão presencial",2018-08-14T08:00:00Z,"itensVencedores_c9bc5dac-8c1d-4d37-b6da-c3f8f9b91a65.csv",INTERNET,,," ","participantes_263cdf6a-bf9b-4ec2-95bc-12eaded85e94.csv",NÃO," ",2018-08-14T08:30:00Z,," "," "
"PREFEITURA MUNICIPAL DE CRICIUMA",248,2018,248,2018,2018-08-01,"Contratação de empresa para execução, por demanda, de serviços necessários para fabricação/instalação e reforma das grades metálicas de proteção que circundam os terminais de transporte coletivo urbano da Cidade de Criciuma, localizados nos bairros Centro, Próspera e Pinheirinho.",Convite,"Compras e Serviços","MENOR PRECO GLOBAL",2018-08-16,HOMOLOGADO," "," "," ","contratos_2ad2c6b0-fb72-4918-88a4-ed29baafb9df.csv",2018-08-09T11:00:00Z," ",2018-08-01,2018-08-09," ","despesas_f07ce78a-d808-4cc9-8660-8ed425cb0c7e.csv"," ","tributos@criciuma.sc.gov.br"," ","Rua Domênico Sônego","Rua Domênico Sônego",SC,Convite,2018-08-09T08:00:00Z,"itensVencedores_e43d5f82-2c9e-4f6d-8e4a-fef48f455f03.csv",MURAL_PUBLICO,,," ","participantes_bc9edd7a-7931-433e-9cdb-fdfc5459dbea.csv",NÃO," ",2018-08-09T10:45:00Z,"Lei 8666/1993, Art. 22, III"," "," "
"PREFEITURA MUNICIPAL DE CRICIUMA",249,2018,249,2018,2018-08-01,"Contratação de empresa especializada na prestação de serviços de seguro para cobertura de 170 (cento e setenta) bens patrimoniais imóveis e seus conteúdos (equipamento, mobiliário e outros materiais) pertencentes ao Município de Criciúma-SC.",Convite,"Compras e Serviços","MENOR PRECO",2018-08-13,HOMOLOGADO," "," "," ","contratos_c61ae1c6-ba11-4290-ab60-caef0783e85f.csv",2018-08-13T11:00:00Z," ",2018-08-01,2018-08-13," ","despesas_caa6e703-25ec-4739-ac20-262c2dc6d231.csv"," ","tributos@criciuma.sc.gov.br"," ","Rua Domênico Sônego","Rua Domênico Sônego",SC,Convite,2018-08-13T08:00:00Z,"itensVencedores_5fab53ad-616b-4af6-b6b2-03468e06b7c5.csv",MURAL_PUBLICO,,," ","participantes_42ce71e1-11a7-41e4-a081-c7639d24190b.csv",NÃO," ",2018-08-13T10:45:00Z,"Lei 8666/1993, Art. 22, III"," "," "
"PREFEITURA MUNICIPAL DE CRICIUMA",250,2018,250,2018,2018-08-03,"Contratação de empresa pública ou privada para a realização de Processo Seletivo Simplificado para a contratação de professores especialistas em assuntos educacionais, nutricionistas, servente escolar e agente de manutenção e limpeza em caráter temporário nas escolas da Rede Municipal de Ensino de Criciúma/SC.","Dispensa de licitação","Compras e Serviços","MENOR PRECO",2018-08-02,HOMOLOGADO," "," "," ","contratos_df35213a-2cb7-4bdb-85dc-2d79910f28ff.csv",2018-08-02T08:01:00Z," ",2018-08-02,2018-08-02," ","despesas_83434b11-0b87-4013-98f1-4ba7cad1f767.csv"," ","tributos@criciuma.sc.gov.br"," ","Rua Domênico Sônego","Rua Domênico Sônego",SC,"Dispensa de licitação",2018-08-02T08:00:00Z,"itensVencedores_3e312af1-95eb-4442-96bf-b84478eed95f.csv",INTERNET,,," ","participantes_feb55b45-83a0-4ab3-ac8d-8d216164fd7b.csv",NÃO," ",2018-08-02T08:00:00Z,," "," "
"PREFEITURA MUNICIPAL DE CRICIUMA",251,2018,251,2018,2018-08-03,"Contratação de empresa para execução dos serviços necessários às obras de ampliação (área = 90,76m²)  e reforma (área = 812,47m²) na E.M.E.I.E.F. ACÁCIO ALFREDO VILLAIN, localizada na rua Reseda - bairro Montevidéo no Município de Criciúma-SC.","Tomada de Preço","Obras e Serviços de Engenharia","MENOR PRECO GLOBAL",2018-09-13,HOMOLOGADO," "," "," ","contratos_8b1c22eb-a7df-4782-a1f4-b4be3b699c55.csv",2018-08-21T09:00:00Z," ",2018-08-02,2018-08-21," ","despesas_cf10aff2-b199-489b-9b78-dae273fd3ef4.csv"," ","tributos@criciuma.sc.gov.br"," ","Rua Domênico Sônego","Rua Domênico Sônego",SC,"Tomada de Preço",2018-08-21T08:00:00Z,"itensVencedores_5de4c651-ae4b-4a4f-8989-61e2a4c1a238.csv","JORNAL_DIVULGACAO_REGIONAL",,," ","participantes_cd0b93c9-000f-4364-8550-52e057257593.csv",NÃO," ",2018-08-21T08:45:00Z,"Lei 8666/1993, Art. 22, II"," "," "
"PREFEITURA MUNICIPAL DE CRICIUMA",257,2018,257,2018,2018-08-14,"Registro de Preços de planta de emergência em vinil, placas e portas folhadas de acrílico, para aquisições futuras, para atendimento as escolas da Rede Municipal de Ensino de Criciúma/SC.","Pregão presencial","Compras e Serviços","MENOR PRECO POR ITEM"," ",REVOGADO," "," "," "," ",2018-08-28T09:01:00Z," ",2018-08-13,2018-08-28,2018-08-28,"despesas_52e1c1ff-1158-4166-863f-9ef368927e75.csv"," ","tributos@criciuma.sc.gov.br"," ","Rua Domênico Sônego","Rua Domênico Sônego",SC,"Pregão presencial",2018-08-28T08:00:00Z," ",INTERNET,"Razões de Interesse Público","Razões de Interesse Público"," "," ",NÃO," ",2018-08-28T09:00:00Z,," "," "
"PREFEITURA MUNICIPAL DE CRICIUMA",258,2018,258,2018,2018-08-14,"REGISTRO DE PREÇOS DE PEÇAS E SERVIÇOS PARA AQUISIÇÕES FUTURAS, NA PRESTAÇÃO DE SERVIÇOS DE FUNILARIA E PINTURA DOS VEÍCULOS LEVES, MÉDIOS E PESADOS QUE COMPÕE À FROTA DE VIATURAS DO 9º BPM DE CRICIÚMA/SC.","Pregão presencial","Compras e Serviços","MAIOR PERCENTUAL DE DESCONTO"," ",REVOGADO," "," "," "," ",2018-08-29T09:01:00Z," ",2018-08-13,2018-08-29,2018-08-29,"despesas_4c8a1890-c898-4119-910f-5614670cb5bc.csv"," ","tributos@criciuma.sc.gov.br"," ","Rua Domênico Sônego","Rua Domênico Sônego",SC,"Pregão presencial",2018-08-29T08:00:00Z," ",INTERNET,"Razões de Interesse Público","Razões de Interesse Público"," "," ",NÃO," ",2018-08-29T09:00:00Z,," "," "
"PREFEITURA MUNICIPAL DE CRICIUMA",260,2018,260,2018,2018-08-14,"Contratação de empresa para execução dos serviços necessárias  as obras da 2ª etapa da construção do Centro Comunitário da Vila Nova Esperança, localizado na rua Fausto Antônio Marques - município de Criciúma-SC.",Convite,"Obras e Serviços de Engenharia","MENOR PRECO GLOBAL",2018-08-31,HOMOLOGADO," "," "," ","contratos_d8529d49-7b77-4c4b-bf44-650c086983f4.csv",2018-08-22T09:00:00Z," ",2018-08-14,2018-08-22," ","despesas_1a233e14-5c1a-4a90-ba17-de157eab18d4.csv"," ","tributos@criciuma.sc.gov.br"," ","Rua Domênico Sônego","Rua Domênico Sônego",SC,Convite,2018-08-22T08:00:00Z,"itensVencedores_7eecda0a-d01b-4eac-b7a0-eb4162b5cfbb.csv",MURAL_PUBLICO,,," ","participantes_dc66bc6c-647d-46d1-b757-497a01b4bffc.csv",NÃO," ",2018-08-22T08:45:00Z,"Lei 8666/1993, Art. 22, III"," "," "
"PREFEITURA MUNICIPAL DE CRICIUMA",261,2018,261,2018,2018-08-14,"Contratação de empresa para execução dos serviços necessários as obras de restauração da cobertura (área total = 304,25m²) do Restaurante do Parque das Nações Cincinato Naspolini, localizado no avenida Centenário - bairro Próspera no Município de Criciúma-SC.",Convite,"Obras e Serviços de Engenharia","MENOR PRECO GLOBAL",2018-08-30,HOMOLOGADO," "," "," ","contratos_57d52eae-b41a-46f3-b81e-7ff4cb5c7b65.csv",2018-08-22T11:00:00Z," ",2018-08-14,2018-08-22," ","despesas_2472f5f6-0a21-4814-8caf-ba903313c577.csv"," ","tributos@criciuma.sc.gov.br"," ","Rua Domênico Sônego","Rua Domênico Sônego",SC,Convite,2018-08-22T08:00:00Z,"itensVencedores_37794177-333e-4add-ab4f-be0abace18f8.csv",MURAL_PUBLICO,,," ","participantes_9b73b0fe-e13e-4461-9418-bcff72d767fd.csv",NÃO," ",2018-08-22T10:45:00Z,"Lei 8666/1993, Art. 22, III"," "," "
"PREFEITURA MUNICIPAL DE CRICIUMA",263,2018,263,2018,2018-08-15,"Contratação de empresa para execução, por demanda,  dos serviços necessários às obras de implantação, ampliação e manutenção do sistema de drenagem pluvial em ruas e demais logradouros públicos municipais.","Tomada de Preço","Obras e Serviços de Engenharia","MENOR PRECO GLOBAL",2018-09-03,HOMOLOGADO," "," "," ","contratos_20d5ba5d-4fdb-4838-9d6f-1b4fcf7a2813.csv",2018-09-03T14:01:00Z," ",2018-08-14,2018-09-03," ","despesas_959c4d3c-10ef-4ff7-a0fd-3ab7f6783580.csv"," ","tributos@criciuma.sc.gov.br"," ","Rua Domênico Sônego","Rua Domênico Sônego",SC,"Tomada de Preço",2018-09-03T08:00:00Z,"itensVencedores_c2ffbeb3-8e07-4042-abde-576ea305dc8e.csv","JORNAL_DIVULGACAO_REGIONAL",,," ","participantes_87ee4561-f41b-49a8-b8af-d8be9333b473.csv",NÃO," ",2018-09-03T14:00:00Z,"Lei 8666/1993, Art. 22, II"," "," "
"PREFEITURA MUNICIPAL DE CRICIUMA",265,2018,265,2018,2018-08-16,"Registro de preços de drenos de concreto, para aquisições futuras, em atendimento a ampliação e manutenção do sistema de drenagem pluvial de ruas e logradouros públicos no município de Criciúma/SC.","Pregão presencial","Compras e Serviços","MENOR PRECO POR ITEM",2018-08-31,HOMOLOGADO," ","atasRegistroPrecos_53a11930-31cc-4e4a-9847-4fa4bc6e1821.csv"," "," ",2018-08-30T14:01:00Z," ",2018-08-15,2018-08-30," ","despesas_9b808747-c359-4df7-989d-d103cca8e2ab.csv"," ","tributos@criciuma.sc.gov.br"," ","Rua Domênico Sônego","Rua Domênico Sônego",SC,"Pregão presencial",2018-08-30T08:00:00Z,"itensVencedores_7e981a12-9e31-4efd-9a4e-9dc10138f8e6.csv",INTERNET,,," ","participantes_f75e4aa7-668e-497a-a75d-320412c9f425.csv",SIM," ",2018-08-30T14:00:00Z,," "," "
"PREFEITURA MUNICIPAL DE CRICIUMA",267,2018,267,2018,2018-08-21,"A presente licitação tem por objetivo a contratação de empresa especializada para prestação de serviço de disponibilização de rádios comunicadores fixos, móveis e portáteis, bem como a prestação de serviço móvel especializado (SME/SLP) para os Agentes da Autoridade de Trânsito e Transportes do município de Criciúma/SC.","Pregão presencial","Compras e Serviços","MENOR PRECO GLOBAL",2018-09-20,HOMOLOGADO," "," "," ","contratos_574bf0b4-205b-424d-adaa-822dc81f89de.csv",2018-08-31T09:01:00Z," ",2018-08-16,2018-08-31," ","despesas_92bbc242-12cd-4c91-9665-cc6f6a49c42e.csv"," ","tributos@criciuma.sc.gov.br"," ","Rua Domênico Sônego","Rua Domênico Sônego",SC,"Pregão presencial",2018-08-31T08:00:00Z,"itensVencedores_7acff5db-47e5-44c6-addf-66a9b3fef68b.csv",INTERNET,,," ","participantes_b2d82677-8631-4410-b846-6d6e94afb414.csv",NÃO," ",2018-08-31T09:00:00Z,," "," "
"PREFEITURA MUNICIPAL DE CRICIUMA",268,2018,268,2018,2018-08-21,"REGISTRO DE PREÇOS DE PEÇAS E SERVIÇOS PARA AQUISIÇÕES FUTURAS, NA PRESTAÇÃO DE SERVIÇOS DE MANUTENÇÃO DAS MOTOCICLETAS QUE COMPÕE À FROTA DO MUNICÍPIO DE CRICIÚMA/SC.","Pregão presencial","Compras e Serviços","MAIOR PERCENTUAL DE DESCONTO",2018-09-04,HOMOLOGADO," "," "," "," ",2018-08-31T14:01:00Z," ",2018-08-16,2018-08-31," ","despesas_8ee3706c-fd11-438a-96b2-98dc5e25c41e.csv"," ","tributos@criciuma.sc.gov.br"," ","Rua Domênico Sônego","Rua Domênico Sônego",SC,"Pregão presencial",2018-08-31T08:00:00Z,"itensVencedores_7f3e992e-c63d-473a-adef-e455b41d903f.csv",INTERNET,,," ","participantes_bf4bb6f5-e74c-4b8a-a34e-5a5d6afeae51.csv",SIM," ",2018-08-31T14:00:00Z,," "," "
"PREFEITURA MUNICIPAL DE CRICIUMA",269,2018,269,2018,2018-08-21,"O presente Edital tem por objetivo a aquisição e instalação de redes de proteção para as quadras e traves poliesportiva das escolas da Rede Municipal de Ensino de Criciúma/SC.","Pregão presencial","Compras e Serviços","MENOR PRECO GLOBAL",2018-09-04,HOMOLOGADO," "," "," ","contratos_e1325886-c535-4628-bda9-92523e83cc35.csv",2018-09-03T08:31:00Z," ",2018-08-16,2018-09-03," ","despesas_577e76c9-5c69-4389-9f8d-d4d2686bbe41.csv"," ","tributos@criciuma.sc.gov.br"," ","Rua Domênico Sônego","Rua Domênico Sônego",SC,"Pregão presencial",2018-09-03T08:00:00Z,"itensVencedores_e9a441da-213d-4231-8b71-1444b1285e3d.csv",INTERNET,,," ","participantes_da678d76-7ca9-4618-a4bb-dff8de7ca61e.csv",NÃO," ",2018-09-03T08:30:00Z,," "," "
"PREFEITURA MUNICIPAL DE CRICIUMA",243,2018,243,2018,2018-07-30,"Registro de Preços de placas fotoluminescentes, para aquisições futuras, para atendimento a execução de projetos preventivo de incêndio de diversas Secretarias e Fundos do município de Criciúma/SC.","Pregão presencial","Compras e Serviços","MENOR PRECO POR ITEM",2018-08-13,HOMOLOGADO," ","atasRegistroPrecos_f5ef4686-406d-455a-97aa-4fa55a0d3c5d.csv"," "," ",2018-08-13T08:31:00Z," ",2018-07-25,2018-08-13," ","despesas_3534b348-c0cc-4093-af4a-5c0a939085fe.csv"," ","tributos@criciuma.sc.gov.br"," ","Rua Domênico Sônego","Rua Domênico Sônego",SC,"Pregão presencial",2018-08-13T08:00:00Z,"itensVencedores_f312d1cf-b4e4-4527-951b-ef8b393ebe8e.csv",INTERNET,,," ","participantes_4272e447-6681-4c6c-8672-1b014e5f6127.csv",SIM," ",2018-08-13T08:30:00Z,," "," "
"PREFEITURA MUNICIPAL DE CRICIUMA",245,2018,245,2018,2018-07-30,"Registro de preços de materiais de expediente, para aquisições futuras, no atendimento a diversas Secretarias, Diretorias e Fundos do Município de Criciúma.","Pregão presencial","Compras e Serviços","MENOR PRECO POR ITEM",2018-08-21,HOMOLOGADO," ","atasRegistroPrecos_d8b98548-0140-46f1-969a-df220f8f34d7.csv"," "," ",2018-08-17T08:31:00Z," ",2018-07-25,2018-08-17," ","despesas_49273767-f358-4932-9286-c99a03ac6e10.csv"," ","tributos@criciuma.sc.gov.br"," ","Rua Domênico Sônego","Rua Domênico Sônego",SC,"Pregão presencial",2018-08-17T08:00:00Z,"itensVencedores_62aec161-9d8d-4ffe-b3f3-5b0dd30ee99d.csv",INTERNET,,," ","participantes_53a8db49-3f8a-4e21-b10a-de1d1912eb8c.csv",SIM," ",2018-08-17T08:30:00Z,," "," "
"PREFEITURA MUNICIPAL DE CRICIUMA",247,2018,247,2018,2018-07-26,"Contratação de empresa para execução dos serviços necessários as obras de terraplenagem em terreno situado no Loteamento Industrial localizado na rua José Potrikus - bairro Linha Batista no município de Criciúma-SC, onde serão construídas as unidades das empresas APAN PARTICIPAÇOES S/A e CRISTALSUL S/A INDÚSTRIA E COMÉRCIO DE PRODUTOS PLASTICOS E ALIMENTICIOS, conforme Lei Municipal Autorizativa Nº. 7.096, de 13/12/2017.",Convite,"Compras e Serviços","MENOR PRECO GLOBAL",2018-08-13,HOMOLOGADO," "," "," ","contratos_7812d610-0fde-4fe2-8921-de082b0abbaf.csv",2018-08-07T11:00:00Z," ",2018-07-26,2018-08-07," ","despesas_844b2eef-686c-4e61-b44d-eeef015ae950.csv"," ","tributos@criciuma.sc.gov.br"," ","Rua Domênico Sônego","Rua Domênico Sônego",SC,Convite,2018-08-07T08:00:00Z,"itensVencedores_18ee40b6-12ff-463e-a464-a2863ecaeb4c.csv",MURAL_PUBLICO,,," ","participantes_ba0bdfbb-9a79-4411-a42e-17af10b5b42e.csv",NÃO," ",2018-08-07T10:45:00Z,"Lei 8666/1993, Art. 22, III"," "," "
"PREFEITURA MUNICIPAL DE CRICIUMA",252,2018,252,2018,2018-08-09,"Contratação de empresa especializada para execução de serviços técnicos na elaboração de projeto de arte de intervenção urbana com implantação de travessia subterrânea para pedestres sob a avenida Centenário, ligando a Estação Rodoviária até a Servidão João Mendes, na região central de Criciúma.","Tomada de Preço","Obras e Serviços de Engenharia","MENOR PRECO GLOBAL",2018-09-04,HOMOLOGADO," "," "," ","contratos_bcd847c2-2c79-4771-a602-4fcfb3bf2fe4.csv",2018-08-28T14:00:00Z," ",2018-08-07,2018-08-28," ","despesas_f2e0d995-97cb-4b54-8f7e-844f94c0ac90.csv"," ","tributos@criciuma.sc.gov.br"," ","Rua Domênico Sônego","Rua Domênico Sônego",SC,"Tomada de Preço",2018-08-28T08:00:00Z,"itensVencedores_ab491e8b-baff-4c3a-9d66-57469c94c29e.csv","JORNAL_DIVULGACAO_REGIONAL",,," ","participantes_43dd47fb-d0c0-4846-9e8a-1db86bb559cd.csv",NÃO," ",2018-08-28T13:45:00Z,"Lei 8666/1993, Art. 22, II"," "," "
"PREFEITURA MUNICIPAL DE CRICIUMA",253,2018,253,2018,2018-08-07,"Contratação de empresa para execução da infraestrutura necessária para instalação de 4 (quatro) academias ao ar livre, sendo uma no bairro Mina do Mato (Vila Doro), uma Bairro São Sebastião (Rua do Lazer) e duas no Bairro Próspera (Praça do Trabalhador) e  na esquina das ruas Enedino P. Santana/ Três Ribeirões, no Município de Criciúma-SC.",Convite,"Obras e Serviços de Engenharia","MENOR PRECO GLOBAL",2018-08-16,HOMOLOGADO," "," "," ","contratos_ccb47cd7-8ac7-4653-9674-3814c8327b34.csv",2018-08-15T16:00:00Z," ",2018-08-07,2018-08-15," ","despesas_a1c3d570-dffe-4b72-848e-24bccd3a3ff8.csv"," ","tributos@criciuma.sc.gov.br"," ","Rua Domênico Sônego","Rua Domênico Sônego",SC,Convite,2018-08-15T08:00:00Z,"itensVencedores_b011fd04-b021-497f-99fb-694127f140b4.csv",MURAL_PUBLICO,,," ","participantes_d5c0ffe6-2ab8-43e7-81ea-54eb5908455d.csv",NÃO," ",2018-08-15T15:45:00Z,"Lei 8666/1993, Art. 22, III"," "," "
"PREFEITURA MUNICIPAL DE CRICIUMA",255,2018,255,2018,2018-08-14,"A presente licitação tem por objetivo a contratação de empresa especializada no fornecimento e instalação de elevador na Unidade Básica de Saúde do Centro e Laboratório Municipal de Criciúma/SC.","Pregão presencial","Compras e Serviços","MENOR PRECO GLOBAL",2018-09-04,HOMOLOGADO," "," "," ","contratos_214e6106-12ca-4de8-b31b-67dc6c8b1682.csv",2018-08-24T14:01:00Z," ",2018-08-13,2018-08-24," ","despesas_6dcd4735-ca3f-45b4-9b84-3e4dfe41ae73.csv"," ","tributos@criciuma.sc.gov.br"," ","Rua Domênico Sônego","Rua Domênico Sônego",SC,"Pregão presencial",2018-08-24T14:00:00Z,"itensVencedores_d8c3dc18-0019-467c-ac6c-06311ca4804d.csv",INTERNET,,," ","participantes_dea33d6a-7863-47b6-9040-30b45e84c0b5.csv",NÃO," ",2018-08-24T14:00:00Z,," "," "
"PREFEITURA MUNICIPAL DE CRICIUMA",256,2018,256,2018,2018-08-14,"Registro de preços de papel higiênico, para aquisições futuras, no atendimento à diversas Secretarias, Diretorias, Fundos e Fundações do município de Criciúma/SC.","Pregão presencial","Compras e Serviços","MENOR PRECO POR ITEM",2018-12-17,HOMOLOGADO," ","atasRegistroPrecos_a69330b2-6e53-4406-a232-d712c12ad63a.csv"," "," ",2018-08-27T09:01:00Z," ",2018-08-13,2018-08-27," ","despesas_559087e5-b16b-4920-b26f-5ce350814ac2.csv"," ","tributos@criciuma.sc.gov.br"," ","Rua Domênico Sônego","Rua Domênico Sônego",SC,"Pregão presencial",2018-08-27T08:00:00Z,"itensVencedores_3506b8cf-5580-4d96-8656-3971303d772d.csv",INTERNET,,," ","participantes_efe13608-e5b9-4339-a396-8518908adc8f.csv",SIM," ",2018-08-27T09:00:00Z,," "," "
"PREFEITURA MUNICIPAL DE CRICIUMA",259,2018,259,2018,2018-08-14,"Aquisição de tablets para viabilização da informatização dos processos realizados pelo setor de recadastramento permanente dos imóveis do município de Criciúma/SC.","Pregão presencial","Compras e Serviços","MENOR PRECO POR ITEM",2018-08-30,HOMOLOGADO," "," "," ","contratos_5d5f2eb3-4d96-4073-b367-f341438a86a9.csv",2018-08-29T14:01:00Z," ",2018-08-13,2018-08-29," ","despesas_b82dec9e-4746-4e71-ae6b-78e685acf2d9.csv"," ","tributos@criciuma.sc.gov.br"," ","Rua Domênico Sônego","Rua Domênico Sônego",SC,"Pregão presencial",2018-08-29T08:00:00Z,"itensVencedores_10c01658-bdff-485f-9050-a485ddc89391.csv",INTERNET,,," ","participantes_d490a1c1-edcd-41d9-a17b-c736c56df707.csv",NÃO," ",2018-08-29T14:00:00Z,," "," "
"PREFEITURA MUNICIPAL DE CRICIUMA",262,2018,262,2018,2018-08-14,"Contratação de empresa para prestação de serviços de mão-de-obra na execução de 2.250m² de recuperação e tratamento do concreto aparente da estrutura externa (jardim interno e torre do reservatório dágua) do prédio da Prefeitura Municipal de Criciúma - Paço Municipal Marcos Rovaris.",Convite,"Obras e Serviços de Engenharia","MENOR PRECO GLOBAL",2018-09-10,HOMOLOGADO," "," "," ","contratos_bdebf6da-3cda-4dc9-845b-b14770bf47f7.csv",2018-08-23T15:00:00Z," ",2018-08-14,2018-08-23," ","despesas_09ecd1f0-3e8a-4bee-9931-7dfa6cdc1abd.csv"," ","tributos@criciuma.sc.gov.br"," ","Rua Domênico Sônego","Rua Domênico Sônego",SC,Convite,2018-08-23T08:00:00Z,"itensVencedores_863bae33-1348-4efe-9bbf-b908896c3718.csv",MURAL_PUBLICO,,," ","participantes_ae0ad40d-157c-461b-87b5-68bfb3e55fd0.csv",NÃO," ",2018-08-23T14:45:00Z,"Lei 8666/1993, Art. 22, III"," "," "
"PREFEITURA MUNICIPAL DE CRICIUMA",264,2018,264,2018,2018-08-15,"Contratação de empresa para execução por demanda, dos serviços necessários para recuperação e reforma dos pórticos e semipórticos de Sinalização Vertical Viária implantados no sistema rodoviário do município de Criciúma-SC.",Convite,"Compras e Serviços","MENOR PRECO GLOBAL",2018-09-06,HOMOLOGADO," "," "," ","contratos_cd824f4f-97ca-4f2e-8972-a503ee97968a.csv",2018-09-05T10:00:00Z," ",2018-08-15,2018-09-05," ","despesas_f0313ed9-0f13-4ef8-a68c-b2e8f9e7ab98.csv"," ","tributos@criciuma.sc.gov.br"," ","Rua Domênico Sônego","Rua Domênico Sônego",SC,Convite,2018-09-05T08:00:00Z,"itensVencedores_e21ba23c-48a9-4698-8b45-d22f25998675.csv",MURAL_PUBLICO,,," ","participantes_f973fdca-52f1-44cc-964e-4c3379035256.csv",NÃO," ",2018-09-05T09:45:00Z,"Lei 8666/1993, Art. 22, III"," "," "
"PREFEITURA MUNICIPAL DE CRICIUMA",266,2018,266,2018,2018-08-17,"Contratação empresa para prestação de serviços de mão-de-obra na recomposição da pavimentação removida das valas abertas em vias públicas (pista de rolamento e calçadas), em decorrência de obras de manutenção e expansão de redes de abastecimento de água e coleta de esgoto sanitários realizadas pela CASAN no município de Criciúma. - (Convênio CASAN - Termo Aditivo Nº. 01/2017 ao CONTRATO DE PROGRAMA Nº.  277/PMC/2012).","Tomada de Preço","Obras e Serviços de Engenharia","MENOR PRECO GLOBAL",2018-10-03,HOMOLOGADO," "," "," ","contratos_dba53088-cc7d-4729-9690-a260f640cd45.csv",2018-09-05T14:00:00Z," ",2018-08-16,2018-09-05," ","despesas_1ad72743-26a4-4c8e-b210-488f15bcdd8e.csv"," ","tributos@criciuma.sc.gov.br"," ","Rua Domênico Sônego","Rua Domênico Sônego",SC,"Tomada de Preço",2018-09-05T08:00:00Z,"itensVencedores_87a88057-2719-4c13-a856-729e1a822134.csv",INTERNET,,," ","participantes_2949e6ae-1030-4ea0-8535-d9edf07c13d3.csv",NÃO," ",2018-09-05T13:45:00Z,"Lei 8666/1993, Art. 22, II"," "," "
"PREFEITURA MUNICIPAL DE CRICIUMA",271,2018,271,2018,2018-08-21,"O presente Edital tem pôr objetivo a aquisição de utensílios de cozinhas, para uso nas unidades escolares da Rede Municipal de Ensino de Criciúma/SC.","Pregão presencial","Compras e Serviços","MENOR PRECO POR ITEM",2018-09-14,HOMOLOGADO," "," "," ","contratos_02b8fd8b-6737-423b-91cf-224539bf76db.csv",2018-09-04T09:01:00Z," ",2018-08-16,2018-09-04," ","despesas_92d755fe-ef18-4c15-bed5-43f7e03201dd.csv"," ","tributos@criciuma.sc.gov.br"," ","Rua Domênico Sônego","Rua Domênico Sônego",SC,"Pregão presencial",2018-09-04T08:00:00Z,"itensVencedores_cd2300bf-f709-486a-a608-1a88fc17b3cc.csv",INTERNET,,," ","participantes_9c5a3a3c-6329-44d5-94b3-063cbefca699.csv",NÃO," ",2018-09-04T09:00:00Z,," "," "
"PREFEITURA MUNICIPAL DE CRICIUMA",273,2018,273,2018,2018-08-24,"Prestação de serviços de gerenciamento, supervisão e fiscalização das obras de engenharia civil e ambiental, Etapa 2 - Lote 1 (PAC 1) e Etapa 2 - Lote 2 (PAC 2) referente ao prolongamento do Canal Auxiliar do Rio Criciúma (situado entre a rua Vitório Serafim (estaca 4936+0,843) e rua Álvaro Catão -inclusive - (estaca 44840) e Lote II - situado entrre a rua Álvaro Catão - inclusive - (estaca 44840) e a rua Ângelo Peruchi - inclusive - (estaca 4115).","Dispensa de licitação","Obras e Serviços de Engenharia","MENOR PRECO",2018-08-24,HOMOLOGADO," "," "," "," ",2018-08-23T08:01:00Z," ",2018-08-23,2018-08-23," ","despesas_8370f68b-2aa4-403b-ae4d-8d024a4df4b0.csv"," ","tributos@criciuma.sc.gov.br"," ","Rua Domênico Sônego","Rua Domênico Sônego",SC,"Dispensa de licitação",2018-08-23T08:00:00Z,"itensVencedores_f82f1af8-8407-4b5c-8b33-dd10497d4b0b.csv",INTERNET,,," ","participantes_1e8607a7-2238-4148-9115-9cd323ccd147.csv",NÃO," ",2018-08-23T08:00:00Z,," "," "
"PREFEITURA MUNICIPAL DE CRICIUMA",274,2018,274,2018,2018-08-28,"A presente licitação tem por objetivo a aquisição de licenças de software para projetos e desenhos, em atendimento a diversos setores da Prefeitura Municipal de Criciúma/SC.","Pregão presencial","Compras e Serviços","MENOR PRECO POR ITEM",2018-09-12,HOMOLOGADO," "," "," ","contratos_9691d8e2-268f-4b2a-b022-5a5edbabe84b.csv",2018-09-10T09:01:00Z," ",2018-08-24,2018-09-10," ","despesas_9e579749-b706-449a-8cc6-4dba63b8e853.csv"," ","tributos@criciuma.sc.gov.br"," ","Rua Domênico Sônego","Rua Domênico Sônego",SC,"Pregão presencial",2018-09-10T08:00:00Z,"itensVencedores_dcbd0fb8-7c32-4219-9bbd-d8e44bc2aa1f.csv",INTERNET,,," ","participantes_e6196734-9eee-483c-82e0-e92a58a6ec56.csv",NÃO," ",2018-09-10T09:00:00Z,," "," "
"PREFEITURA MUNICIPAL DE CRICIUMA",276,2018,276,2018,2018-08-27,"Contratação de empresa para execução dos serviços necessários as obras de contenção de encosta e drenagem pluvial, a fim de possibilitar a recuperação do acostamento da Rod. SC-446, localizada no bairro Mina Brasil - Município de Criciúma-SC.",Convite,"Obras e Serviços de Engenharia","MENOR PRECO GLOBAL",2018-09-10,HOMOLOGADO," "," "," ","contratos_cac90e2e-21a3-4559-82bc-bdd519232b18.csv",2018-09-05T16:00:00Z," ",2018-08-27,2018-09-05," ","despesas_f0698da7-2b14-4498-97f8-5097491c2e8e.csv"," ","tributos@criciuma.sc.gov.br"," ","Rua Domênico Sônego","Rua Domênico Sônego",SC,Convite,2018-09-05T08:00:00Z,"itensVencedores_3cd0eba5-a93d-44b5-9e76-b553e0f92f24.csv",MURAL_PUBLICO,,," ","participantes_a51b0ccb-f8b6-45ff-820f-30dca65616d1.csv",NÃO," ",2018-09-05T15:45:00Z,"Lei 8666/1993, Art. 22, III"," "," "
"PREFEITURA MUNICIPAL DE CRICIUMA",278,2018,278,2018,2018-08-28,"Contratação de empresa para execução dos serviços necessários as obras de urbanização da Rua José Henrique Mezzari, localizada no bairro Próspera (paralela ao Parque das Nações) - Município de Criciúma-SC.",Convite,"Obras e Serviços de Engenharia","MENOR PRECO GLOBAL",2018-09-12,HOMOLOGADO," "," "," ","contratos_0fa372bf-d199-495a-846b-3f629439cb16.csv",2018-09-05T09:00:00Z," ",2018-08-28,2018-09-05," ","despesas_91f52d61-bcf8-4cda-aefb-a30c6dc5ad27.csv"," ","tributos@criciuma.sc.gov.br"," ","Rua Domênico Sônego","Rua Domênico Sônego",SC,Convite,2018-09-05T08:00:00Z,"itensVencedores_a2dbdfb8-4a9d-4870-8f86-482a2a421574.csv",MURAL_PUBLICO,,," ","participantes_a3b3e819-32b7-4163-ad13-ade05b9cea63.csv",NÃO," ",2018-09-05T08:45:00Z,"Lei 8666/1993, Art. 22, III"," "," "
"PREFEITURA MUNICIPAL DE CRICIUMA",279,2018,279,2018,2018-08-28,"Contratação de palestrante, para a realização de 02 (duas) palestras (período matutino e vespertino), no Seminário da Educação Infantil, que acontecerá no dia 31 de Agosto de 2018, no Teatro Elias Angeloni, para os professores da Rede Municipal de Ensino de Criciúma, e tem como temática: O fazer pedagógico na Educação Infantil: O Espaço, o Tempo e a Rotina na Educação Infantil.","Inexigibilidade de licitação","Compras e Serviços","MENOR PRECO",2018-08-28,HOMOLOGADO," "," "," ","contratos_4df80d51-aed6-4169-b5cf-8e8673536513.csv",2018-08-28T08:01:00Z," ",2018-08-28,2018-08-28," ","despesas_8dc9b2e3-75c5-4381-99ee-c508ac8cb611.csv"," ","tributos@criciuma.sc.gov.br"," ","Rua Domênico Sônego","Rua Domênico Sônego",SC,"Inexigibilidade de licitação",2018-08-28T08:00:00Z,"itensVencedores_9d00e08c-371f-427e-9c49-02035e3eff68.csv",INTERNET,,," ","participantes_a1da5ae6-d7ab-4a46-91b2-1a5263e7a87f.csv",NÃO," ",2018-08-28T08:00:00Z,," "," "
"PREFEITURA MUNICIPAL DE CRICIUMA",281,2018,281,2018,2018-08-30,"O presente Edital tem por objetivo a contratação de serviços de assessoria técnica nas áreas contábil, orçamentária, financeira e de Controle Interno, do Município de Criciúma, com execução de carga horária estimada de 650 horas, para o período de 12 (Doze) meses.",Convite,"Compras e Serviços","MENOR PRECO",2018-09-26,HOMOLOGADO," "," "," ","contratos_7116df29-2073-4cc2-a6d6-3ea7c2e37698.csv",2018-09-10T16:00:00Z," ",2018-08-30,2018-09-10," ","despesas_6b06483e-943e-43a0-8590-bbd563d64680.csv"," ","tributos@criciuma.sc.gov.br"," ","Rua Domênico Sônego","Rua Domênico Sônego",SC,Convite,2018-09-10T08:00:00Z,"itensVencedores_31f58f8f-80eb-49eb-b35e-ab899900ec9a.csv",MURAL_PUBLICO,,," ","participantes_01feb449-4b4a-4b44-99bc-a0dcdf6170a3.csv",NÃO," ",2018-09-10T15:45:00Z,"Lei 8666/1993, Art. 22, III"," "," "
"PREFEITURA MUNICIPAL DE CRICIUMA",286,2018,286,2018,2018-09-10,"Contratação de empresa especializada na execução/aquisição de mobiliário para a Casa do Empreendedor no Paço Municipal Marcos Rovaris, localizado na Rua Domênico Sonêgo, 542, bairro Santa Bárbara - Criciúma/SC.","Pregão presencial","Compras e Serviços","MENOR PREÇO GLOBAL POR LOTE",2018-10-05,HOMOLOGADO," "," "," ","contratos_76b39670-4b01-4b9a-ba28-0e00cb739a38.csv",2018-09-27T15:01:00Z," ",2018-09-06,2018-09-27," ","despesas_a2a2a3ea-0cbc-4d09-8d5c-095f2bda3e54.csv"," ","tributos@criciuma.sc.gov.br"," ","Rua Domênico Sônego","Rua Domênico Sônego",SC,"Pregão presencial",2018-09-27T08:00:00Z,"itensVencedores_fa48b1a7-f20f-44d7-9d9d-1046220af545.csv",INTERNET,,," ","participantes_c0e4ec9a-cda4-43af-878c-8a2b18cb5922.csv",NÃO," ",2018-09-27T15:00:00Z,," "," "
"PREFEITURA MUNICIPAL DE CRICIUMA",288,2018,288,2018,2018-09-10,"Registro de preços de blocos de concreto do tipo paver, para aquisições futuras, em atendimentos aos reparos de diversas ruas e logradouros públicos no município de Criciúma/SC.","Pregão presencial","Compras e Serviços","MENOR PRECO POR ITEM",2018-09-28,HOMOLOGADO," ","atasRegistroPrecos_f2509c21-06c6-4e4e-ac46-342a314c86ac.csv"," "," ",2018-09-28T14:01:00Z," ",2018-09-06,2018-09-28," ","despesas_b9239ce2-8da1-4ca8-98dd-ad7366557dc5.csv"," ","tributos@criciuma.sc.gov.br"," ","Rua Domênico Sônego","Rua Domênico Sônego",SC,"Pregão presencial",2018-09-28T08:00:00Z,"itensVencedores_29b9c84f-ef0d-4fe6-b62c-b2fd567df0f0.csv",INTERNET,,," ","participantes_b155088b-3ce8-4cc8-8634-dacee7b5d5dc.csv",SIM," ",2018-09-28T14:00:00Z,," "," "
"PREFEITURA MUNICIPAL DE CRICIUMA",272,2018,272,2018,2018-08-16,"O presente Edital tem por objetivo a aquisição e instalação de materiais para adequação de projetos preventivos contra incêndios para algumas escolas da Rede Municipal de Ensino de Criciúma/SC.","Pregão presencial","Compras e Serviços","MENOR PRECO GLOBAL",2018-09-05,HOMOLOGADO," "," "," ","contratos_da5c628a-7683-4df3-9f3a-a8a5100d7426.csv",2018-09-04T14:01:00Z," ",2018-08-16,2018-09-04," ","despesas_ddd7da20-c0d6-4ca7-8259-bdd5cc5b9e29.csv"," ","tributos@criciuma.sc.gov.br"," ","Rua Domênico Sônego","Rua Domênico Sônego",SC,"Pregão presencial",2018-09-04T08:00:00Z,"itensVencedores_8e49b921-c1a8-4fe1-8fe2-70a0a994762c.csv",MURAL_PUBLICO,,," ","participantes_811b2d88-018c-411e-9aec-490bb30a8418.csv",NÃO," ",2018-09-04T14:00:00Z,," "," "
"PREFEITURA MUNICIPAL DE CRICIUMA",277,2018,277,2018,2018-08-27,"A presente licitação tem por objetivo a contratação de empresa para execução de serviços de impressão e confecção de envelopes, flyer, revistas e outros (anexo I), para aquisições futuras, em atendimento a Diretoria de Comunicação do Município de Criciúma.",Convite,"Compras e Serviços","MENOR PRECO",2018-09-11,HOMOLOGADO," "," "," ","contratos_250012bb-a37a-4efc-b79a-6060c0cb9dd3.csv",2018-09-06T10:00:00Z," ",2018-08-27,2018-09-06," ","despesas_74fe51ad-9a8c-44fa-9fe8-bcb35ff6a8a0.csv"," ","tributos@criciuma.sc.gov.br"," ","Rua Domênico Sônego","Rua Domênico Sônego",SC,Convite,2018-09-06T08:00:00Z,"itensVencedores_d4c2cdcd-417c-4668-bd64-280175fc7a08.csv",MURAL_PUBLICO,,," ","participantes_b0d24a16-925e-46e1-bae2-222e3e3f0721.csv",NÃO," ",2018-09-06T09:45:00Z,"Lei 8666/1993, Art. 22, III"," "," "
"PREFEITURA MUNICIPAL DE CRICIUMA",280,2018,280,2018,2018-08-28,"Contratação de empresa para execução das obras de  pavimentação com revestimento a base de blocos de concreto (lajotas) e demais serviços pertinentes na rua SD 741-009 (paralela a rua João Manoel dos Santos no bairro Sangão - município de Criciúma-SC.",Convite,"Obras e Serviços de Engenharia","MENOR PRECO GLOBAL",2018-09-19,HOMOLOGADO," "," "," ","contratos_7e29426f-c361-4f72-9c6e-cc2ddba4a415.csv",2018-09-06T16:00:00Z," ",2018-08-28,2018-09-06," ","despesas_e287851d-be6b-46fa-8771-e087a78ea90c.csv"," ","tributos@criciuma.sc.gov.br"," ","Rua Domênico Sônego","Rua Domênico Sônego",SC,Convite,2018-09-06T08:00:00Z,"itensVencedores_5760be47-a88d-4300-b7e7-3c908c66a5d8.csv",MURAL_PUBLICO,,," ","participantes_efbfee3a-49e4-4c68-a450-d4c8e26258b3.csv",NÃO," ",2018-09-06T15:45:00Z,"Lei 8666/1993, Art. 22, III"," "," "
"PREFEITURA MUNICIPAL DE CRICIUMA",287,2018,287,2018,2018-09-06,"Aquisição de equipamentos e softwares de informática para atendimento a Procuradoria Geral, Diretoria de Trânsito e Transporte e Fundação do Meio Ambiente do município de Criciúma/SC.","Pregão presencial","Compras e Serviços","MENOR PREÇO GLOBAL POR LOTE",2018-09-28,HOMOLOGADO," "," "," ","contratos_897d115d-b807-4ab8-a07c-052fafc1c9f7.csv",2018-09-28T09:01:00Z," ",2018-09-06,2018-09-28," ","despesas_0305a93b-afda-4188-90ba-44189a78adf9.csv"," ","tributos@criciuma.sc.gov.br"," ","Rua Domênico Sônego","Rua Domênico Sônego",SC,"Pregão presencial",2018-09-28T08:00:00Z,"itensVencedores_3abe0d0e-a917-463b-aa40-ae885dc7076d.csv",MURAL_PUBLICO,,," ","participantes_1acccdbc-a4a3-4bec-bf68-b44f2beef331.csv",NÃO," ",2018-09-28T09:00:00Z,," "," "
"PREFEITURA MUNICIPAL DE CRICIUMA",289,2018,289,2018,2018-09-13,"Registro de preços de massa asfáltica (Concreto Asfáltico Usinado à Quente - CAUQ) no atendimento a pavimentação, manutenção e conservação de ruas e logradouros públicos do município de Criciúma/SC.","Pregão presencial","Compras e Serviços","MENOR PRECO POR ITEM",2018-09-27,HOMOLOGADO," ","atasRegistroPrecos_c5e529ef-716a-4048-8a22-304d49797483.csv"," "," ",2018-09-26T09:01:00Z," ",2018-09-06,2018-09-26," ","despesas_d04c02a5-2b5e-4d80-9601-ef3351b6d102.csv"," ","tributos@criciuma.sc.gov.br"," ","Rua Domênico Sônego","Rua Domênico Sônego",SC,"Pregão presencial",2018-09-26T08:00:00Z,"itensVencedores_f2680751-4be9-4365-ad27-fbbdeb939df4.csv",INTERNET,,," ","participantes_22b507ec-5303-4e3f-b393-687243887cf8.csv",SIM," ",2018-09-26T09:00:00Z,," "," "
"PREFEITURA MUNICIPAL DE CRICIUMA",380,2018,380,2018,2018-12-12,"A presente Licitação tem por objeto a contratação de empresa especializada na locação de materiais, equipamentos e acessórios para realização de eventos da Prefeitura Municipal de Criciúma/SC.",Convite,"Compras e Serviços","MENOR PRECO GLOBAL",2018-12-19,HOMOLOGADO," "," "," ","contratos_82a57f62-6be4-40fb-afba-f4ca971bd700.csv",2018-12-19T11:00:00Z," ",2018-12-12,2018-12-19," ","despesas_ffb218d9-f4e8-4d5d-b666-9551c916db27.csv"," ","tributos@criciuma.sc.gov.br"," ","Rua Domênico Sônego","Rua Domênico Sônego",SC,Convite,2018-12-19T08:00:00Z,"itensVencedores_b945d085-79ce-466a-8073-5bcfb7c21954.csv",MURAL_PUBLICO,,," ","participantes_d029c206-4145-49d2-9c13-acdc598a079a.csv",NÃO," ",2018-12-19T10:45:00Z,"Lei 8666/1993, Art. 22, III"," "," "
"PREFEITURA MUNICIPAL DE CRICIUMA",379,2018,379,2018,2018-12-12,"Constitui objeto do presente termo, a contratação de coordenador para o Programa PROMUDE (Programa Municipal sobre Drogas na Escola), objetivando a assistência  aos professores com visitas às escolas, semanalmente, realizar palestras, dar suporte as escolas nos casos que envolvam suspeita de uso e dependência; atualizar o conteúdo das cartilhas; encaminhar projeto para busca de recursos financeiros para manutenção do programa nas escolas da rede municipal de ensino.","Inexigibilidade de licitação","Compras e Serviços","MENOR PRECO",2018-12-12,HOMOLOGADO," "," "," ","contratos_12993712-b28e-416f-bd9e-1517fcec7d26.csv",2018-12-12T08:01:00Z," ",2018-12-12,2018-12-12," ","despesas_59fa8b61-99b3-4614-a175-d092081dfa44.csv"," ","tributos@criciuma.sc.gov.br"," ","Rua Domênico Sônego","Rua Domênico Sônego",SC,"Inexigibilidade de licitação",2018-12-12T08:00:00Z,"itensVencedores_04c644d7-6afa-4134-b898-6d5df56de92c.csv",INTERNET,,," ","participantes_63996889-57b6-4c8f-b6cc-50a6fda6ba0e.csv",NÃO," ",2018-12-12T08:00:00Z,," "," "
"PREFEITURA MUNICIPAL DE CRICIUMA",381,2018,381,2018,2018-12-12,"Aquisição de móveis e de diversos tipos de materiais para uso na atafona e no Parque dos Imigrantes, ambos localizados no bairro Vila Francesa - Distrito de Rio Maina no Município de Criciúma-SC, distribuídos em 3 (três) lotes.",Convite,"Compras e Serviços","MENOR PREÇO GLOBAL POR LOTE",2018-12-21,HOMOLOGADO," "," "," ","contratos_b597ac72-4480-408e-85b8-75fb5847cef2.csv",2018-12-20T14:00:00Z," ",2018-12-12,2018-12-20," ","despesas_fec343b6-de9f-4ced-9f44-1d7783ea7da2.csv"," ","tributos@criciuma.sc.gov.br"," ","Rua Domênico Sônego","Rua Domênico Sônego",SC,Convite,2018-12-20T08:00:00Z,"itensVencedores_825de77b-58f0-452a-a7af-8a743040496b.csv",MURAL_PUBLICO,,," ","participantes_ae667d47-324d-418c-b43e-1c3d9ca963e9.csv",NÃO," ",2018-12-20T13:45:00Z,"Lei 8666/1993, Art. 22, III"," "," "
"PREFEITURA MUNICIPAL DE CRICIUMA",382,2018,382,2018,2018-12-17,"Contratação de empresa para elaboração de laudos técnicos de avaliação dos imóveis localizados na rua Anita Garibaldi esquina com a rua São José - centro, pertencentes ao patrimônio do município de Criciúma.",Convite,"Compras e Serviços","MENOR PRECO GLOBAL",2019-01-31,HOMOLOGADO," "," "," ","contratos_2b9c6b38-fe49-414b-be26-5cff88ff17d0.csv",2019-01-21T14:00:00Z," ",2018-12-17,2019-01-21," ","despesas_98b0c064-6b4b-46ad-88bf-1262f1645b99.csv"," ","tributos@criciuma.sc.gov.br"," ","Rua Domênico Sônego","Rua Domênico Sônego",SC,Convite,2019-01-21T08:00:00Z,"itensVencedores_6d6613d1-1925-4392-acbf-88a8f00457ab.csv",MURAL_PUBLICO,,," ","participantes_df2fe274-7a4e-4c94-b925-6a6e5621cc26.csv",NÃO," ",2019-01-21T13:45:00Z,"Lei 8666/1993, Art. 22, III"," "," "
"PREFEITURA MUNICIPAL DE CRICIUMA",386,2018,386,2018,2018-12-20,"Contratação de mão de obra com fornecimento de peças para manutenção preventiva, corretiva e assistência técnica, nos aparelhos de ar condicionado das sedes da Circunscrição Regional de Trânsito - CIRETRAN em Criciúma/SC.","Pregão presencial","Compras e Serviços","MENOR PREÇO POR HORA TRABALHADA",2019-01-14,HOMOLOGADO," "," "," ","contratos_7d101b6f-575e-4126-a81a-7b53ef1c43d8.csv",2019-01-11T15:01:00Z," ",2018-12-17,2019-01-11," "," "," ","tributos@criciuma.sc.gov.br"," ","Rua Domênico Sônego","Rua Domênico Sônego",SC,"Pregão presencial",2019-01-11T08:00:00Z,"itensVencedores_bcb171e6-8a8f-4d0a-87c5-5d731170ff94.csv",INTERNET,,," ","participantes_b1ce0940-700c-4242-9f6a-b1c35d1d96d1.csv",NÃO," ",2019-01-11T15:00:00Z,," "," "
"PREFEITURA MUNICIPAL DE CRICIUMA",390,2018,390,2018,2018-12-21,"Contratação de empresa para execução de serviços especializados para ministração de curso profissionalizante, atualização, capacitação e aperfeiçoamento para 45 Agentes de Autoridade de Trânsito do Município de Criciúma.","Dispensa de licitação","Compras e Serviços","MENOR PRECO",2018-12-20,HOMOLOGADO," "," "," ","contratos_350ab650-de16-4f03-a687-ddb7ac3213f7.csv",2018-12-20T08:01:00Z," ",2018-12-20,2018-12-20," ","despesas_bd77acd9-9bc1-4bfc-813d-331d043d68fb.csv"," ","tributos@criciuma.sc.gov.br"," ","Rua Domênico Sônego","Rua Domênico Sônego",SC,"Dispensa de licitação",2018-12-20T08:00:00Z,"itensVencedores_65bb658f-57c3-4dd7-a481-43e90a39c14d.csv",INTERNET,,," ","participantes_8c26b8a0-729c-4de6-a062-376df3fec30e.csv",NÃO," ",2018-12-20T08:00:00Z,," "," "
"PREFEITURA MUNICIPAL DE CRICIUMA",391,2018,391,2018,2018-12-21,"Aquisição e o fornecimento, de forma parcelada (mediante demanda semanal), de água mineral, natural, potável  para as dependências da DELEGACIA REGIONAL DE POLÍCIA - 6ª CIRETRAN de Criciúma/SC.","Dispensa de licitação","Compras e Serviços","MENOR PRECO",2018-12-20,HOMOLOGADO," "," "," ","contratos_1b707add-dc9a-4fd0-9443-f6166add2ba3.csv",2018-12-20T08:01:00Z," ",2018-12-20,2018-12-20," ","despesas_64f0ebc2-e67b-4d56-a5bd-a874d1a05c1f.csv"," ","tributos@criciuma.sc.gov.br"," ","Rua Domênico Sônego","Rua Domênico Sônego",SC,"Dispensa de licitação",2018-12-20T08:00:00Z,"itensVencedores_c9543149-aa68-4fbf-95da-b39e8cc88098.csv",INTERNET,,," ","participantes_9533a58e-013d-4375-a638-651e9df20242.csv",NÃO," ",2018-12-20T08:00:00Z,," "," "
"PREFEITURA MUNICIPAL DE CRICIUMA",392,2018,392,2018,2018-12-21,"Contratação de empresa para a prestação de Serviços de Seguro para a frota veicular pertencente ao Município de Criciúma/SC, com cobertura em todo o território Nacional, conforme descrição contida na relação de veículos.","Pregão presencial","Compras e Serviços","MENOR PREÇO GLOBAL POR LOTE",2019-01-11,HOMOLOGADO," "," "," ","contratos_76131648-c81a-4a77-80eb-2b709de1524c.csv",2019-01-10T15:01:00Z," ",2018-12-20,2019-01-10," ","despesas_d8abaa80-4c01-4ee8-b043-4fc10d41a775.csv"," ","tributos@criciuma.sc.gov.br"," ","Rua Domênico Sônego","Rua Domênico Sônego",SC,"Pregão presencial",2019-01-10T08:00:00Z,"itensVencedores_0d4168cf-f46e-4c9b-bdab-ed1ac901cbf5.csv",INTERNET,,," ","participantes_6b480a4f-1086-47a1-ba3e-00b30ae95935.csv",NÃO," ",2019-01-10T15:00:00Z,," "," "
"PREFEITURA MUNICIPAL DE CRICIUMA",387,2018,387,2018,2018-12-21,"Registro de Preços de produtos de padaria e confeitaria para aquisições futuras, no atendimento ao Centro de Processamento da Merenda Escolar, pertencente a Secretaria Municipal de Educação de Criciúma/SC.","Pregão presencial","Compras e Serviços","MENOR PRECO POR ITEM",2019-01-17,HOMOLOGADO," ","atasRegistroPrecos_8cd787f0-e4a2-408b-8b74-fc967e46ba93.csv"," "," ",2019-01-16T09:00:00Z," ",2018-12-18,2019-01-16," "," "," ","tributos@criciuma.sc.gov.br"," ","Rua Domênico Sônego","Rua Domênico Sônego",SC,"Pregão presencial",2019-01-16T08:00:00Z,"itensVencedores_e4ec5841-b011-4266-8aac-53a0f6669929.csv",INTERNET,,," ","participantes_8b9f4d12-c009-490c-a812-bb177a12e8c9.csv",SIM," ",2019-01-16T08:00:00Z,," "," "
"PREFEITURA MUNICIPAL DE CRICIUMA",389,2018,389,2018,2018-12-21,"O presente edital tem por objetivo a contratação de mão de obra com fornecimento de peças para conserto e reparação de móveis de escritório das sedes da Circunscrição Regional de Trânsito - CIRETRAN em Criciúma/SC.","Pregão presencial","Compras e Serviços","MENOR PRECO",2019-01-17,HOMOLOGADO," "," "," ","contratos_b3a7423a-12ed-4ab4-bdca-662abce9f5db.csv",2019-01-17T09:01:00Z," ",2018-12-20,2019-01-17," "," "," ","tributos@criciuma.sc.gov.br"," ","Rua Domênico Sônego","Rua Domênico Sônego",SC,"Pregão presencial",2019-01-17T08:00:00Z,"itensVencedores_a8cd377d-0733-46a4-9464-76586b4d0c05.csv",INTERNET,,," ","participantes_55c3e859-39d6-4c07-8a53-46bb3931153e.csv",NÃO," ",2019-01-17T09:00:00Z,," "," "
"PREFEITURA MUNICIPAL DE CRICIUMA",82,2018,82,2018,2018-03-06,"Aquisição de equipamento rodoviário (motoniveladora), para atendimento a Secretaria de Infraestrutura, Planejamento e Mobilidade Urbana do município de Criciúma/SC.","Pregão presencial","Compras e Serviços","MENOR PRECO POR ITEM",2018-04-05,HOMOLOGADO," "," "," ","contratos_35cd16c0-2f25-415a-be67-269f3aa3f4b5.csv",2018-03-16T14:01:00Z," ",2018-03-05,2018-03-16," ","despesas_9cd3e0cc-eb28-4248-af3f-ec19189f1b3c.csv"," ","tributos@criciuma.sc.gov.br"," ","Rua Domênico Sônego","Rua Domênico Sônego",SC,"Pregão presencial",2018-03-16T08:00:00Z,"itensVencedores_78330c94-4179-4735-9b5a-8278fba33d9b.csv",INTERNET,,," ","participantes_5e0496bb-91af-4baf-b0bc-2cc8bcea4796.csv",NÃO," ",2018-03-16T14:00:00Z,," "," "
"PREFEITURA MUNICIPAL DE CRICIUMA",83,2018,83,2018,2018-03-06,"O presente Edital tem por objetivo a aquisição de Cal e pó xadrez para pintura de meio-fios em vias e demais logradouros públicos, com entrega parcelada durante o período de 2018.",Convite,"Compras e Serviços","MENOR PRECO GLOBAL",2018-04-04,HOMOLOGADO," "," "," ","contratos_8d2af50a-20f1-45f6-af36-d10252bc7c01.csv",2018-03-23T09:00:00Z," ",2018-03-06,2018-03-23," ","despesas_67050d1f-4906-4ef5-ba0d-c05f16c0d8c2.csv"," ","tributos@criciuma.sc.gov.br"," ","Rua Domênico Sônego","Rua Domênico Sônego",SC,Convite,2018-03-23T08:00:00Z,"itensVencedores_b109671c-247b-466d-a1bc-8af5dbf5f58c.csv",MURAL_PUBLICO,,," ","participantes_63afaeb9-e0c0-4a01-bf7f-bdd3029b6ec4.csv",NÃO," ",2018-03-23T08:45:00Z,"Lei 8666/1993, Art. 22, III"," "," "
"PREFEITURA MUNICIPAL DE CRICIUMA",90,2018,90,2018,2018-03-15,"Aquisição de protocolos de Registro Geral WISC IV e de Respostas 1 Símbolos WISC IV, para utilização no Núcleo de Cooperação Escolar (NCE), pertencente à Secretaria Municipal de Educação de Criciúma/SC.","Pregão presencial","Compras e Serviços","MENOR PRECO POR ITEM",2018-03-28,HOMOLOGADO," "," "," ","contratos_28065062-23f9-4608-83e2-0b5f3cadd998.csv",2018-03-28T08:31:00Z," ",2018-03-07,2018-03-28," ","despesas_04865e15-b488-428c-8118-4119e7c08c91.csv"," ","tributos@criciuma.sc.gov.br"," ","Rua Domênico Sônego","Rua Domênico Sônego",SC,"Pregão presencial",2018-03-28T08:00:00Z,"itensVencedores_49d52283-892c-469f-bd64-ba98be67f690.csv",INTERNET,,," ","participantes_fe6c3ed6-4875-4dd3-9da3-c142cca0913d.csv",NÃO," ",2018-03-28T08:30:00Z,," "," "
"PREFEITURA MUNICIPAL DE CRICIUMA",92,2018,92,2018,2018-03-16,"Registro de preços de Materiais de Limpeza, para aquisições futuras, no atendimento ao 9º Batalhão da Policia Militar do Município de Criciúma /SC.","Pregão presencial","Compras e Serviços","MENOR PRECO POR ITEM",2018-03-29,HOMOLOGADO," ","atasRegistroPrecos_5e48be16-2ca6-4601-82e7-1bff12c70af0.csv"," "," ",2018-03-29T08:31:00Z," ",2018-03-07,2018-03-29," ","despesas_945e6b65-1142-4126-9d76-deb1dbe6e869.csv"," ","tributos@criciuma.sc.gov.br"," ","Rua Domênico Sônego","Rua Domênico Sônego",SC,"Pregão presencial",2018-03-29T08:00:00Z,"itensVencedores_edaac3a2-9b5f-4640-a79a-646bfbd647bd.csv",INTERNET,,," ","participantes_c5d6df9d-c31f-43af-9ca7-038b7539a0f2.csv",SIM," ",2018-03-29T08:30:00Z,," "," "
"PREFEITURA MUNICIPAL DE CRICIUMA",94,2018,94,2018,2018-03-21,"Registro de preços de materiais e equipamentos de atendimento pré-hospitalar, para aquisições futuras, no atendimento ao 4º Batalhão de Bombeiro Militar do Município de Criciúma /SC, de acordo com Convênio 001/BM.","Pregão presencial","Compras e Serviços","MENOR PRECO POR ITEM",2018-04-24,HOMOLOGADO," ","atasRegistroPrecos_4237d24b-42e6-48d6-a517-cd2a9cf22ec0.csv"," "," ",2018-04-03T08:31:00Z," ",2018-02-22,2018-04-03," ","despesas_15ce17b1-d4de-469b-a233-a67213df1705.csv"," ","tributos@criciuma.sc.gov.br"," ","Rua Domênico Sônego","Rua Domênico Sônego",SC,"Pregão presencial",2018-04-03T08:00:00Z,"itensVencedores_6097504f-8840-4f9e-9b68-207f8388ca27.csv",INTERNET,,," ","participantes_582b8d2b-5901-4f2f-aef9-b44dd3a8b29f.csv",SIM," ",2018-04-03T08:30:00Z,," "," "
"PREFEITURA MUNICIPAL DE CRICIUMA",95,2018,95,2018,2018-03-07,"A presente Licitação tem por objeto a aquisição de vinis, películas refletivas e materiais para uso da Diretoria de Trânsito e Transportes.",Convite,"Compras e Serviços","MENOR PRECO GLOBAL",2018-04-02,HOMOLOGADO," "," "," ","contratos_e921aeae-1188-41a2-88cb-37b295423219.csv",2018-03-21T11:00:00Z," ",2018-03-07,2018-03-21," ","despesas_40cf50bd-416a-4010-b515-6a02cc631585.csv"," ","tributos@criciuma.sc.gov.br"," ","Rua Domênico Sônego","Rua Domênico Sônego",SC,Convite,2018-03-21T08:00:00Z,"itensVencedores_c2c7a2ce-dea5-44b6-aeaa-9c920ca8fa3e.csv",MURAL_PUBLICO,,," ","participantes_ef1bdaa6-d279-4f28-91cb-760e86f482ff.csv",NÃO," ",2018-03-21T10:45:00Z,"Lei 8666/1993, Art. 22, III"," "," "
"PREFEITURA MUNICIPAL DE CRICIUMA",96,2018,96,2018,2018-03-07,"A presente Licitação tem por objeto a aquisição de colunas metálicas e suportes para fixação dos semáforos controladores de trânsito do município de Criciúma - SC.",Convite,"Compras e Serviços","MENOR PRECO GLOBAL",2018-04-04,HOMOLOGADO," "," "," ","contratos_43204a50-4f87-477a-bc5c-ad407b08b360.csv",2018-03-29T14:00:00Z," ",2018-03-07,2018-03-29," ","despesas_6aa4aac5-7dd9-49b6-98b0-8916536fa6d2.csv"," ","tributos@criciuma.sc.gov.br"," ","Rua Domênico Sônego","Rua Domênico Sônego",SC,Convite,2018-03-29T08:00:00Z,"itensVencedores_eedb2923-4d1c-405f-ad3f-13050eec7806.csv",MURAL_PUBLICO,,," ","participantes_af58747f-b75e-430d-bdab-43a7601df34b.csv",NÃO," ",2018-03-29T13:45:00Z,"Lei 8666/1993, Art. 22, III"," "," "
"PREFEITURA MUNICIPAL DE CRICIUMA",99,2018,99,2018,2018-03-12,"A presente licitação tem por objetivo a contratação, através de empresas do ramo pertinente, para execução por demanda, de confecção e aplicação de adesivo vinil (plotagem) em impressão digital para uso nos veículos do município de Criciúma.",Convite,"Compras e Serviços","MENOR PRECO GLOBAL",2018-04-09,HOMOLOGADO," "," "," ","contratos_501aee51-85b2-4c56-ad47-9c3e428a346e.csv",2018-03-28T16:00:00Z," ",2018-03-09,2018-03-28," ","despesas_9dd01437-6cf1-4500-9a14-2bbdd6d7abc6.csv"," ","tributos@criciuma.sc.gov.br"," ","Rua Domênico Sônego","Rua Domênico Sônego",SC,Convite,2018-03-28T08:00:00Z,"itensVencedores_a0a36c85-1ce1-43ba-976b-d214cb7abfd5.csv",MURAL_PUBLICO,,," ","participantes_a060abf5-2df4-4a2b-8e0d-f1d07e397ee2.csv",NÃO," ",2018-03-28T15:45:00Z,"Lei 8666/1993, Art. 22, III"," "," "
"PREFEITURA MUNICIPAL DE CRICIUMA",102,2018,102,2018,2018-03-20,"A presente licitação tem por objetivo a contratação de empresa para execução, de serviços de manutenção e conserto de motor do caminhão Volks 9.150 - placa MGL 7330, pertencente ao patrimônio do município de Criciúma/SC.",Convite,"Compras e Serviços","MENOR PRECO GLOBAL",2018-05-09,HOMOLOGADO," "," "," ","contratos_e4681282-e892-4fc2-8c01-113f764dd870.csv",2018-04-19T14:00:00Z," ",2018-03-09,2018-04-19," ","despesas_7d265431-d2b2-49dd-bac1-056bfc4ed91d.csv"," ","tributos@criciuma.sc.gov.br"," ","Rua Domênico Sônego","Rua Domênico Sônego",SC,Convite,2018-04-19T08:00:00Z,"itensVencedores_58d6d4b6-3503-468c-a456-8d983c614161.csv",MURAL_PUBLICO,,," ","participantes_b5cae56d-ccbf-48c2-ad69-495093abb4b2.csv",NÃO," ",2018-04-19T13:45:00Z,"Lei 8666/1993, Art. 22, III"," "," "
"PREFEITURA MUNICIPAL DE CRICIUMA",84,2018,84,2018,2018-03-06,"A presente licitação tem por objetivo a contratação de empresa do ramo pertinente para execução, de forma parcelada, de serviços especializados que consistem na confecção e reforma de móveis para escritório de uso na administração municipal de Criciúma/SC",Convite,"Compras e Serviços","MENOR PRECO GLOBAL",2018-03-29,HOMOLOGADO," "," "," ","contratos_1400e7f2-c5f2-4625-96c8-b185da981eab.csv",2018-03-23T14:00:00Z," ",2018-03-06,2018-03-23," ","despesas_bec556d1-64e4-4897-a452-50b391c53291.csv"," ","tributos@criciuma.sc.gov.br"," ","Rua Domênico Sônego","Rua Domênico Sônego",SC,Convite,2018-03-23T08:00:00Z,"itensVencedores_51b34070-786d-4227-a965-0c75fb67eb36.csv",MURAL_PUBLICO,,," ","participantes_eaddfa7e-b503-444d-b952-d1c675198b3d.csv",NÃO," ",2018-03-23T13:43:00Z,"Lei 8666/1993, Art. 22, III"," "," "
"PREFEITURA MUNICIPAL DE CRICIUMA",91,2018,91,2018,2018-03-15,"REGISTRO DE PREÇOS DE CARIMBOS, PARA AQUISIÇÕES FUTURAS, NO ATENDIMENTO A ADMINISTRAÇÃO MUNICIPAL, DIRETORIAS, FUNDOS E FUNDAÇÕES DE CRICIÚMA/SC.","Pregão presencial","Compras e Serviços","MENOR PRECO GLOBAL",2018-03-28,HOMOLOGADO," ","atasRegistroPrecos_1ae0ab58-7522-421a-8cd6-e2a2ff277da6.csv"," "," ",2018-03-28T10:01:00Z," ",2018-03-07,2018-03-28," ","despesas_a486284e-4e41-42b1-9993-10c7eccaebfe.csv"," ","tributos@criciuma.sc.gov.br"," ","Rua Domênico Sônego","Rua Domênico Sônego",SC,"Pregão presencial",2018-03-28T08:00:00Z,"itensVencedores_162a6ab3-76f1-4ef6-ae53-137abf3c29de.csv",INTERNET,,," ","participantes_7b3b314c-80bf-490e-b953-528a8dd1e852.csv",SIM," ",2018-03-28T10:00:00Z,," "," "
"PREFEITURA MUNICIPAL DE CRICIUMA",93,2018,93,2018,2018-03-16,"Contratação de empresa para preparação de almoço, janta, café e execução de serviços de limpeza,  higienização  e conservação das instalações do 4º Batalhão de Bombeiro Militar do Município de Criciúma/SC.","Pregão presencial","Compras e Serviços","MENOR PRECO GLOBAL",2018-04-23,HOMOLOGADO," "," "," ","contratos_8efeb465-34e7-4e0a-941c-a5d0dcc16cda.csv",2018-03-29T15:01:00Z," ",2018-02-01,2018-03-29," ","despesas_2641d627-c7d1-4970-84c1-d8cbed71573e.csv"," ","tributos@criciuma.sc.gov.br"," ","Rua Domênico Sônego","Rua Domênico Sônego",SC,"Pregão presencial",2018-03-29T08:00:00Z,"itensVencedores_d81caf9e-a30f-4528-9107-6fc87ba22ed6.csv",INTERNET,,," ","participantes_4f942fb1-daf3-4282-8d02-289828b732b3.csv",NÃO," ",2018-03-29T15:00:00Z,," "," "
"PREFEITURA MUNICIPAL DE CRICIUMA",97,2018,97,2018,2018-03-07,"O presente Edital tem por objetivo a aquisição de materiais de funilaria e pintura para uso na manutenção de equipamentos rodoviários que compõem a frota do Município de Criciúma - SC",Convite,"Compras e Serviços","MENOR PRECO GLOBAL",2018-04-05,HOMOLOGADO," "," "," ","contratos_0a3b63b2-580e-4604-9ded-41861629012c.csv",2018-03-27T15:00:00Z," ",2018-03-07,2018-03-27," ","despesas_97751eb0-a6f4-4a43-8bad-6935816e9f8a.csv"," ","tributos@criciuma.sc.gov.br"," ","Rua Domênico Sônego","Rua Domênico Sônego",SC,Convite,2018-03-27T08:00:00Z,"itensVencedores_0060c1e2-da99-4760-912b-bb93ebf95efb.csv",MURAL_PUBLICO,,," ","participantes_8ac7d18d-8354-4582-b948-27dad6b53d7e.csv",NÃO," ",2018-03-27T14:45:00Z,"Lei 8666/1993, Art. 22, III"," "," "
"PREFEITURA MUNICIPAL DE CRICIUMA",98,2018,98,2018,2018-03-12,"A presente Licitação tem por objeto a aquisição de forma parcelada, de equipamentos de proteção individual (EPI), para uso dos funcionários da Cosip e Secretaria de Infraestrutura e Mobilidade Urbana.",Convite,"Compras e Serviços","MENOR PRECO POR ITEM",2018-04-05,HOMOLOGADO," "," "," ","contratos_d6bfb332-9863-4aaa-8107-6ba54acd2b0f.csv",2018-03-26T11:00:00Z," ",2018-03-09,2018-03-26," ","despesas_010cc458-4f31-42d9-b7e8-fb5be3e6c3cf.csv"," ","tributos@criciuma.sc.gov.br"," ","Rua Domênico Sônego","Rua Domênico Sônego",SC,Convite,2018-03-26T08:00:00Z,"itensVencedores_c9353946-e018-419a-b984-f2a381ec0bcd.csv",MURAL_PUBLICO,,," ","participantes_2b54a266-1787-4528-a04d-ac79c6846306.csv",NÃO," ",2018-03-26T10:45:00Z,"Lei 8666/1993, Art. 22, III"," "," "
"PREFEITURA MUNICIPAL DE CRICIUMA",100,2018,100,2018,2018-03-12,"O presente Edital tem por objetivo a contratação de empresa do ramo pertinente, para execução por demanda, durante o exercicio de 2018, de serviços de cópias de engenharia e plotagens, com vistas a atender as Secretarias da Administração Municipal de Criciúma/SC",Convite,"Compras e Serviços","MENOR PRECO GLOBAL",2018-04-09,HOMOLOGADO," "," "," ","contratos_d8a076b9-57e1-4503-bcc0-a1493a7b3ee4.csv",2018-03-29T15:30:00Z," ",2018-03-09,2018-03-29," ","despesas_1ece3ee6-4f24-4faf-925c-11e89219519a.csv"," ","tributos@criciuma.sc.gov.br"," ","Rua Domênico Sônego","Rua Domênico Sônego",SC,Convite,2018-03-29T08:00:00Z,"itensVencedores_f4a42927-e100-4969-97eb-6975de63132e.csv",INTERNET,,," ","participantes_ebf1f521-ddea-4d5e-b353-dca1693ec6fd.csv",NÃO," ",2018-03-29T15:00:00Z,"Lei 8666/1993, Art. 22, III"," "," "
"PREFEITURA MUNICIPAL DE CRICIUMA",103,2018,103,2018,2018-03-16,"REGISTRO DE PREÇOS DE PEÇAS E SERVIÇOS PARA AQUISIÇÕES FUTURAS, NA MANUTENÇÃO DE MÁQUINAS PESADAS (RETROESCAVADEIRA, MOTONIVELADORA, ROLO COMPACTADOR, PÁ CARREGADEIRA, TRATOR DE ESTEIRA E ESCAVADEIRA HIDRÁULICA), DA FROTA MUNICIPAL DE CRICIÚMA.","Pregão presencial","Compras e Serviços","MENOR PREÇO GLOBAL POR LOTE",2018-04-04,HOMOLOGADO," ","atasRegistroPrecos_d4c8bf8a-68b2-4cdb-88f5-9023c377508b.csv"," "," ",2018-03-28T15:31:00Z," ",2018-03-14,2018-03-28," ","despesas_855bc254-c512-4980-99df-759983aa448c.csv"," ","tributos@criciuma.sc.gov.br"," ","Rua Domênico Sônego","Rua Domênico Sônego",SC,"Pregão presencial",2018-03-28T08:00:00Z,"itensVencedores_4304f3fb-94c4-45cb-82ee-7a39fe7d2b1a.csv",INTERNET,,," ","participantes_71b2f644-c7b1-43ce-9968-988a5cbe28e0.csv",SIM," ",2018-03-28T15:30:00Z,," "," "
"PREFEITURA MUNICIPAL DE CRICIUMA",1,2018,1,2018,2018-01-10,"REGISTRO DE PREÇOSDE UNIFORMES, PARA ATENDIMENTO AOS ALUNOS DAS ESCOLAS DA REDE MUNICIPAL DE ENSINO DE CRICIÚMA/SC.","Pregão presencial","Compras e Serviços","MENOR PRECO GLOBAL",2018-02-08,HOMOLOGADO," ","atasRegistroPrecos_7d15f739-c745-41a1-9dbf-46ef78a09a52.csv"," ","contratos_65603169-0d57-41fe-b969-215dfa4dc758.csv",2018-01-22T08:30:00Z," ",2018-01-08,2018-01-22," ","despesas_fbcb16d5-effa-40a1-9f99-acfcda8fa906.csv"," ","tributos@criciuma.sc.gov.br"," ","Rua Domênico Sônego","Rua Domênico Sônego",SC,"Pregão presencial",2018-01-22T08:00:00Z,"itensVencedores_b930751b-d522-4ef3-b13e-beae17acba64.csv",INTERNET,,," ","participantes_4db13ae6-05cf-4d1d-8c61-fd4d73875422.csv",SIM," ",2018-01-22T08:00:00Z,," "," "
"PREFEITURA MUNICIPAL DE CRICIUMA",2,2018,2,2018,2018-01-10,"Registro de preços de gêneros alimentícios, para aquisições futuras, para merenda escolar, em atendimento aos alunos das escolas da rede municipal de ensino de Criciúma SC.","Pregão presencial","Compras e Serviços","MENOR PRECO POR ITEM",2018-03-01,HOMOLOGADO," ","atasRegistroPrecos_12a84a31-6313-4c3d-a7b7-07e7d9db866f.csv"," "," ",2018-01-22T10:31:00Z," ",2018-01-08,2018-01-22," "," "," ","tributos@criciuma.sc.gov.br"," ","Rua Domênico Sônego","Rua Domênico Sônego",SC,"Pregão presencial",2018-01-22T08:00:00Z,"itensVencedores_3eb58d00-f875-4d4a-9cd7-baaf8c845de3.csv",INTERNET,,," ","participantes_03040ec5-3554-4425-88d1-93bfd7230897.csv",SIM," ",2018-01-22T10:30:00Z,," "," "
"PREFEITURA MUNICIPAL DE CRICIUMA",3,2018,3,2018,2018-01-09,"Chamada Pública para aquisição de gêneros alimentícios, diretamente da Agricultura Familiar para a Merenda Escolar da Secretaria Municipal do Sistema de Educação de Criciúma/SC., conforme resolução 026 do FNDE.","Outras Modalidades","Compras e Serviços","MENOR PRECO",2018-02-15,HOMOLOGADO," "," "," ","contratos_40fc3966-565b-4070-a457-d31340c0d190.csv"," "," ",2018-01-08,," ","despesas_a0ded57d-034d-4dbf-875c-edbcb2ed81ca.csv"," ","tributos@criciuma.sc.gov.br"," ","Rua Domênico Sônego","Rua Domênico Sônego",SC,"Outras Modalidades"," ","itensVencedores_fef82655-52e6-495a-ae50-f213e0ea8990.csv",DIARIO_OFICIAL_UNIAO,,," ","participantes_6434d30a-88c9-4a0f-9937-087b68684658.csv",NÃO," "," ",," "," "
"PREFEITURA MUNICIPAL DE CRICIUMA",4,2018,4,2018,2018-01-11,"Registro de preços de copos descartáveis, para aquisições futuras, no atendimento à diversas Secretarias, Diretorias, Fundos e Fundações do município de Criciúma/SC.","Pregão presencial","Compras e Serviços","MENOR PRECO POR ITEM",2018-02-05,HOMOLOGADO," ","atasRegistroPrecos_0d243ee8-3ba5-4a7b-8b45-3f9f6c93195b.csv"," "," ",2018-01-23T10:31:00Z," ",2018-01-08,2018-01-23," ","despesas_eb5c1707-2c59-4b07-939d-5c92191fd0e9.csv"," ","tributos@criciuma.sc.gov.br"," ","Rua Domênico Sônego","Rua Domênico Sônego",SC,"Pregão presencial",2018-01-23T08:00:00Z,"itensVencedores_08dfd5ef-bede-4d52-8aee-7074e823e15e.csv",INTERNET,,," ","participantes_9df8ba3f-066f-4f6c-bb6c-6dab79f7cbd5.csv",SIM," ",2018-01-23T10:30:00Z,," "," "
"PREFEITURA MUNICIPAL DE CRICIUMA",5,2018,5,2018,2018-01-11,"Registro de preços de papel toalha interfolhado, para aquisições futuras, no atendimento a diversas Secretarias, Diretorias e Fundos do Município de Criciúma/SC.","Pregão presencial","Compras e Serviços","MENOR PRECO POR ITEM",2018-02-19,HOMOLOGADO," ","atasRegistroPrecos_40c41348-faeb-48b2-8017-37f89cd55a67.csv"," "," ",2018-01-23T13:31:00Z," ",2018-01-08,2018-01-23," ","despesas_53608db3-59a5-42a1-b383-d0c31b36e94c.csv"," ","tributos@criciuma.sc.gov.br"," ","Rua Domênico Sônego","Rua Domênico Sônego",SC,"Pregão presencial",2018-01-23T08:00:00Z,"itensVencedores_8fbdaf09-7073-4939-8182-dbe79ace380a.csv",INTERNET,,," ","participantes_cfbfe0cf-85a1-42ab-8185-7edfaa2d1103.csv",SIM," ",2018-01-23T13:30:00Z,," "," "
"PREFEITURA MUNICIPAL DE CRICIUMA",6,2018,6,2018,2018-01-11,"Aquisição de camisetas gola polo, para utilização no Programa de Educação sobre Drogas na Escola - PROMUDE, ematendimento as escolas da Rede Municipal de Ensino de Criciúma/SC.","Pregão presencial","Compras e Serviços","MENOR PRECO GLOBAL",2018-01-24,HOMOLOGADO," "," "," ","contratos_ffe79657-91fa-48c7-a5df-1bc4f7e70068.csv",2018-01-23T16:01:00Z," ",2018-01-08,2018-01-23," "," "," ","tributos@criciuma.sc.gov.br"," ","Rua Domênico Sônego","Rua Domênico Sônego",SC,"Pregão presencial",2018-01-23T08:00:00Z,"itensVencedores_3f08d6b5-eedd-4ef2-ba28-bef3bf1194e4.csv",INTERNET,,," ","participantes_b5577643-97aa-48c1-9feb-bde583ffe0a7.csv",NÃO," ",2018-01-23T16:00:00Z,," "," "
"PREFEITURA MUNICIPAL DE CRICIUMA",7,2018,7,2018,2018-01-12,"Aquisição deveículo novo, zero quilômetro, para atendimentoaos serviços do 9º Batalhão da Policia Militar de Criciúma/SC.","Pregão presencial","Compras e Serviços","MENOR PRECO POR ITEM",2018-01-29,HOMOLOGADO," "," "," ","contratos_4671611e-620a-4c29-99b1-cc06bd960f39.csv",2018-01-29T13:01:00Z," ",2018-01-08,2018-01-29," ","despesas_0544e5f2-07d9-46c9-add3-7bcc4c68ef15.csv"," ","tributos@criciuma.sc.gov.br"," ","Rua Domênico Sônego","Rua Domênico Sônego",SC,"Pregão presencial",2018-01-29T08:00:00Z,"itensVencedores_5a4ec644-b45f-45c2-a553-835c6154a7be.csv",INTERNET,,," ","participantes_1f30e000-f73b-4f9d-a06c-2a5852833317.csv",NÃO," ",2018-01-29T13:00:00Z,," "," "
"PREFEITURA MUNICIPAL DE CRICIUMA",8,2018,8,2018,2018-01-12,"Registro de preços de serviçosgráficos de impressão, encadernação e plotagem de veículos, para aquisições futuras, no atendimento ao9º Batalhão da Policia Militar do Município de Criciúma/SC.","Pregão presencial","Compras e Serviços","MENOR PRECO GLOBAL",2018-02-06,HOMOLOGADO," ","atasRegistroPrecos_1430f64e-af20-4e43-8264-56d5d7d94a91.csv"," "," ",2018-01-24T10:30:00Z," ",2018-01-08,2018-01-24," ","despesas_a10c16ce-68dc-4249-867f-0ccc59831fad.csv"," ","tributos@criciuma.sc.gov.br"," ","Rua Domênico Sônego","Rua Domênico Sônego",SC,"Pregão presencial",2018-01-24T08:00:00Z,"itensVencedores_8ddbb04a-6045-49ca-947b-ebc1f1ce9bf5.csv",INTERNET,,," ","participantes_0b574b9a-4153-418a-90ab-b70bdffedf82.csv",SIM," ",2018-01-24T08:00:00Z,," "," "
"PREFEITURA MUNICIPAL DE CRICIUMA",11,2018,11,2018,2018-01-10,"FORNECIMENTO DE ÁGUA MINERAL PARA O CIRETRAN DE CRICIÚMA.","Dispensa de licitação","Compras e Serviços","MENOR PRECO",2018-01-15,HOMOLOGADO," "," "," ","contratos_271a2c8e-3bf2-4e7e-836a-6e6842f3fe79.csv",2018-01-09T08:01:00Z," ",2018-01-09,2018-01-09," ","despesas_8e1d84ec-5193-4dfb-849a-0830267f65ab.csv"," ","tributos@criciuma.sc.gov.br"," ","Rua Domênico Sônego","Rua Domênico Sônego",SC,"Dispensa de licitação",2018-01-09T08:00:00Z,"itensVencedores_8644421a-54ee-4ef4-98cc-772c4c3e4ea3.csv",INTERNET,,," ","participantes_1fb9f176-99fe-4f32-bfbf-1cea5b89d6fb.csv",NÃO," ",2018-01-09T08:00:00Z,," "," "
"PREFEITURA MUNICIPAL DE CRICIUMA",14,2018,14,2018,2018-01-18,"Registro de preços de Materiais para aquisições futuras destinados à conserto, restauração e manutenção predial na CIRETRAN de Criciúma/SC, para o exercício de 2018 de acordo com Convênio PMC SSP TRÂNSITO.","Pregão presencial","Compras e Serviços","MENOR PRECO POR ITEM",2018-02-20,HOMOLOGADO," ","atasRegistroPrecos_b1f9bc79-b909-4be3-83ef-7a6b25148247.csv"," "," ",2018-01-30T08:31:00Z," ",2018-01-15,2018-01-30," ","despesas_46ea0086-3331-45ae-8a7c-ee72b66d0613.csv"," ","tributos@criciuma.sc.gov.br"," ","Rua Domênico Sônego","Rua Domênico Sônego",SC,"Pregão presencial",2018-01-30T08:00:00Z,"itensVencedores_d552e86e-52cd-445b-9ae8-1a8feedb2509.csv",INTERNET,,," ","participantes_133e673e-517c-4cde-b208-d28493612e0b.csv",SIM," ",2018-01-30T08:30:00Z,," "," "
"PREFEITURA MUNICIPAL DE CRICIUMA",15,2018,15,2018,2018-01-19,"Aquisição de mobiliários para as salas de aula das escolas da Rede Municipal de Ensino de Criciúma/SC.","Pregão presencial","Compras e Serviços","MENOR PRECO POR ITEM",2018-01-31,HOMOLOGADO," "," "," ","contratos_bf106400-b0df-4c0c-84a1-2e139fdd94c8.csv",2018-01-31T08:31:00Z," ",2018-01-16,2018-01-31," ","despesas_8b4e8222-a900-4de7-b5e9-4491e9b17174.csv"," ","tributos@criciuma.sc.gov.br"," ","Rua Domênico Sônego","Rua Domênico Sônego",SC,"Pregão presencial",2018-01-31T08:00:00Z,"itensVencedores_5f66fa59-34b4-4ff7-a379-175ec6e62b53.csv",INTERNET,,," ","participantes_a23d921a-5431-4d0f-be6f-2eccbd2abdeb.csv",NÃO," ",2018-01-31T08:30:00Z,," "," "
"PREFEITURA MUNICIPAL DE CRICIUMA",16,2018,16,2018,2018-01-19,"Aquisição de uniformes, para atendimento aos funcionários da Rede Municipal de Ensino de Criciúma/SC.","Pregão presencial","Compras e Serviços","MENOR PRECO GLOBAL",2018-01-31,HOMOLOGADO," "," "," ","contratos_f40a0f68-b6e3-474e-92e9-82a79ad9ea28.csv",2018-01-31T10:31:00Z," ",2018-01-16,2018-01-31," ","despesas_162a5e27-b93e-40d3-9209-9e583f1c9c3e.csv"," ","tributos@criciuma.sc.gov.br"," ","Rua Domênico Sônego","Rua Domênico Sônego",SC,"Pregão presencial",2018-01-31T08:00:00Z,"itensVencedores_3f3e7d90-9506-45af-aa03-c66c8c28a5d5.csv",INTERNET,,," ","participantes_aef92c54-e8ff-4378-83c5-e575654266fc.csv",NÃO," ",2018-01-31T10:30:00Z,," "," "
"PREFEITURA MUNICIPAL DE CRICIUMA",17,2018,17,2018,2018-01-19,"REGISTRO DE PREÇOSDE PEÇAS E SERVIÇOS PARA AQUISIÇÕES FUTURAS, NAMANUTENÇÃO MECANICA, FUNILARIA, PINTURA E ELÉTRICADA FROTA DE VEICULOS LEVESDA CIRETRAN DO MUNICÍPIO DE CRICIÚMA/SC.","Pregão presencial","Compras e Serviços","MENOR PRECO"," ",REVOGADO," "," "," "," ",2018-01-31T14:01:00Z," ",2018-01-16,2018-01-31,2018-01-31," "," ","tributos@criciuma.sc.gov.br"," ","Rua Domênico Sônego","Rua Domênico Sônego",SC,"Pregão presencial",2018-01-31T08:00:00Z," ",INTERNET,"Razões de Interesse Público","Razões de Interesse Público"," "," ",SIM," ",2018-01-31T14:00:00Z,," "," "
"PREFEITURA MUNICIPAL DE CRICIUMA",19,2018,19,2018,2018-02-06,"A presente licitação tem por objetivo a contratação de empresa especializada para realizar, serviços de recuperação de caixa de transmissão e diferencial do Trator Agrícola New Holland nº 241 pertencente à gerência de agricultura e agronegócio do município de Criciúma/SC.",Convite,"Compras e Serviços","MENOR PRECO GLOBAL",2018-02-28,HOMOLOGADO," "," "," ","contratos_8206b460-54dc-46d7-b1a8-92e0c38af14c.csv",2018-02-21T10:00:00Z," ",2018-01-17,2018-02-21," "," "," ","tributos@criciuma.sc.gov.br"," ","Rua Domênico Sônego","Rua Domênico Sônego",SC,Convite,2018-02-21T08:00:00Z,"itensVencedores_b461dec1-b800-4c20-84fa-d71f70e83ba5.csv",MURAL_PUBLICO,,," ","participantes_5bbcc6d9-2c42-497c-be7e-8be97a018130.csv",NÃO," ",2018-02-21T09:45:00Z,"Lei 8666/1993, Art. 22, III"," "," "
"PREFEITURA MUNICIPAL DE CRICIUMA",24,2018,24,2018,2018-01-25,"Registro de preços de materiais de construção, para aquisições futuras, no atendimento ao 9º Batalhão da Policia Militar do município de Criciúma/SC.","Pregão presencial","Compras e Serviços","MENOR PREÇO GLOBAL POR LOTE",2018-02-23,HOMOLOGADO," ","atasRegistroPrecos_7714bc1d-3bf2-4ef2-98a5-fc1cb6229d26.csv"," "," ",2018-02-06T08:31:00Z," ",2018-01-19,2018-02-06," ","despesas_f575f0e6-2fc9-40ab-ae98-a3cf675ed757.csv"," ","tributos@criciuma.sc.gov.br"," ","Rua Domênico Sônego","Rua Domênico Sônego",SC,"Pregão presencial",2018-02-06T08:00:00Z,"itensVencedores_48a63e68-f833-4d5f-8b3f-58e41c0589db.csv",INTERNET,,," ","participantes_ef148ff0-481e-4650-97bc-4e779f4843fd.csv",SIM," ",2018-02-06T08:30:00Z,," "," "
"PREFEITURA MUNICIPAL DE CRICIUMA",340,2018,340,2018,2018-11-05,"A presente licitação tem por objetivo a contratação de empresa especializada, para prestação elaboração dos projetos da E.M.E.I.E.F. Amaro João Batista pertencente à Rede Municipal de Ensino de Criciúma/SC.","Pregão presencial","Compras e Serviços","MENOR PRECO GLOBAL",2018-12-19,HOMOLOGADO," "," "," ","contratos_f8e8cdbf-e6c3-409d-b8c1-702390286d3f.csv",2018-11-19T09:00:00Z," ",2018-11-01,2018-11-19," ","despesas_7072daa4-018d-4a04-96da-ed41c2df4ec3.csv"," ","tributos@criciuma.sc.gov.br"," ","Rua Domênico Sônego","Rua Domênico Sônego",SC,"Pregão presencial",2018-11-19T08:00:00Z,"itensVencedores_f44a194a-3452-4c4d-8d28-1872b8433da5.csv",INTERNET,,," ","participantes_1d53ccb2-cc5f-4095-a44e-2910866ab8d0.csv",NÃO," ",2018-11-19T08:00:00Z,," "," "
"PREFEITURA MUNICIPAL DE CRICIUMA",342,2018,342,2018,2018-11-06,"Contratação de agência produtora para organização do evento NATAL 2018, que será realizado no município de Criciúma/SC.","Pregão presencial","Compras e Serviços","MENOR PRECO GLOBAL",2018-11-21,HOMOLOGADO," "," "," ","contratos_b4f1a3bd-cdad-4452-9d3e-0d147587c2d2.csv",2018-11-19T14:01:00Z," ",2018-11-05,2018-11-19," ","despesas_13344d29-014e-4673-8e56-953ae0a0cc4b.csv"," ","tributos@criciuma.sc.gov.br"," ","Rua Domênico Sônego","Rua Domênico Sônego",SC,"Pregão presencial",2018-11-19T08:00:00Z,"itensVencedores_0f44aa73-16a7-4b76-a5a0-cfbc2660c2a5.csv",DIARIO_OFICIAL_UNIAO,,," ","participantes_59355fa6-6ca7-4e99-90dc-ca642058f603.csv",NÃO," ",2018-11-19T14:00:00Z,," "," "
"PREFEITURA MUNICIPAL DE CRICIUMA",359,2018,359,2018,2018-11-27,"Registro de preços de materiais de construção, para aquisições futuras, no atendimento a Prédios Públicos do Município e para Diversas  Secretarias, Diretorias, Fundos e Fundações da Administração Municipal de Criciúma/SC.","Pregão presencial","Compras e Serviços","MENOR PRECO POR ITEM",2018-12-17,HOMOLOGADO," ","atasRegistroPrecos_2006f703-2a9d-4526-afcd-0b24e8c7ca1b.csv"," "," ",2018-12-10T09:01:00Z," ",2018-11-21,2018-12-10," ","despesas_a07adbbd-b923-4e27-9c41-aebae13e1700.csv"," ","tributos@criciuma.sc.gov.br"," ","Rua Domênico Sônego","Rua Domênico Sônego",SC,"Pregão presencial",2018-12-10T08:00:00Z,"itensVencedores_097d3e59-1761-45a9-92a8-eaa51e6a5135.csv",INTERNET,,," ","participantes_0a51786d-3333-4047-b23d-d1107b8d07c4.csv",SIM," ",2018-12-10T09:00:00Z,," "," "
"PREFEITURA MUNICIPAL DE CRICIUMA",361,2018,361,2018,2018-11-23,"Aquisição de 2 (dois) veículos para passageiros, para atendimento a CIRETRAN Do município Criciúma/SC. CONVÊNIO: PMC SSP TRÂNSITO.","Pregão presencial","Compras e Serviços","MENOR PRECO POR ITEM",2018-12-06,HOMOLOGADO," "," "," ","contratos_e4ee4ebb-65b1-4cc0-b841-821373ae77b0.csv",2018-12-06T09:01:00Z," ",2018-11-22,2018-12-06," ","despesas_c356e8d8-c703-47f9-924f-20df4fff6337.csv"," ","tributos@criciuma.sc.gov.br"," ","Rua Domênico Sônego","Rua Domênico Sônego",SC,"Pregão presencial",2018-12-06T08:00:00Z,"itensVencedores_ce618468-f2e9-486d-82dc-204773b0a1fb.csv",INTERNET,,," ","participantes_b6a5c5db-9932-48a0-be27-44528d6dd01e.csv",NÃO," ",2018-12-06T09:00:00Z,," "," "
"PREFEITURA MUNICIPAL DE CRICIUMA",364,2018,364,2018,2018-11-27,"Contratação de empresa especializada para execução dos serviços necessários à instalação de iluminação em LED (Ligth Emitting Diode) na AVENIDA UNIVERSITÁRIA no Município de Criciúma-SC.",Convite,"Compras e Serviços","MENOR PRECO GLOBAL",2018-12-17,HOMOLOGADO," "," "," ","contratos_f22cbc31-0660-4acf-bcc7-16c244be6e3f.csv",2018-12-06T11:00:00Z," ",2018-11-27,2018-12-06," ","despesas_8befebb4-b83b-4ea7-8497-26a1969a8c45.csv"," ","tributos@criciuma.sc.gov.br"," ","Rua Domênico Sônego","Rua Domênico Sônego",SC,Convite,2018-12-06T08:00:00Z,"itensVencedores_56d173b4-aed4-4720-b218-1ea0c88b31c2.csv",MURAL_PUBLICO,,," ","participantes_929d48c0-00fc-44eb-90d0-cd29ad543174.csv",NÃO," ",2018-12-06T10:45:00Z,"Lei 8666/1993, Art. 22, III"," "," "
"PREFEITURA MUNICIPAL DE CRICIUMA",365,2018,365,2018,2018-11-28,"Contratação de empresa para execução dos serviços necessários à construção da taipa de pedra na edificação da Atafona Modelo no Parque dos Imigrantes localizado no bairro Vila Francesa - Distrito de Rio Maina no Município de Criciúma-SC.",Convite,"Obras e Serviços de Engenharia","MENOR PRECO GLOBAL",2018-12-13,HOMOLOGADO," "," "," ","contratos_5089183d-79c4-479e-8801-1bc6f2433db1.csv",2018-12-10T14:00:00Z," ",2018-11-28,2018-12-10," ","despesas_cb084b02-73e5-4826-95ad-b58425caf0a3.csv"," ","tributos@criciuma.sc.gov.br"," ","Rua Domênico Sônego","Rua Domênico Sônego",SC,Convite,2018-12-10T08:00:00Z,"itensVencedores_4cbb003e-ce16-4a31-9580-905473d7390e.csv",MURAL_PUBLICO,,," ","participantes_d7ba3b84-4b96-4713-8f0a-d9ca0436c268.csv",NÃO," ",2018-12-10T13:45:00Z,"Lei 8666/1993, Art. 22, III"," "," "
"PREFEITURA MUNICIPAL DE CRICIUMA",368,2018,368,2018,2018-12-03,"Aquisição de 3 (três) containers de 40 pés reefer, para instalação de bibliotecas nas escolas da Rede Municipal de Ensino de Criciúma/SC.","Pregão presencial","Compras e Serviços","MENOR PRECO POR ITEM",2018-12-19,HOMOLOGADO," "," "," ","contratos_0dc0f46d-2b3c-4ed9-8882-88e8ad8cfe84.csv",2018-12-17T14:01:00Z," ",2018-12-03,2018-12-17," ","despesas_c09a7ff3-2857-4913-b465-1bb6a53d9180.csv"," ","tributos@criciuma.sc.gov.br"," ","Rua Domênico Sônego","Rua Domênico Sônego",SC,"Pregão presencial",2018-12-17T08:00:00Z,"itensVencedores_bc697b14-fe90-41fd-a67c-fd7fe3b7f20c.csv",MURAL_PUBLICO,,," ","participantes_01b3b9b4-2785-4347-933c-96195be9b506.csv",NÃO," ",2018-12-17T14:00:00Z,," "," "
"PREFEITURA MUNICIPAL DE CRICIUMA",371,2018,371,2018,2018-12-05,"A presente licitação tem por objetivo a contratação de empresa para recuperação e execução, sob demanda, de pintura em diversas escolas do município de Criciúma/SC.","Pregão presencial","Compras e Serviços","MENOR PRECO GLOBAL",2018-12-19,HOMOLOGADO," "," "," ","contratos_a17a4294-85ad-46c1-9ca5-a9eed5f6be80.csv",2018-12-19T13:01:00Z," ",2018-12-05,2018-12-19," ","despesas_42fb1098-42bc-4147-a420-8f1f3d0af552.csv"," ","tributos@criciuma.sc.gov.br"," ","Rua Domênico Sônego","Rua Domênico Sônego",SC,"Pregão presencial",2018-12-19T13:00:00Z,"itensVencedores_4264682f-efc9-4b24-8bd6-70c692329823.csv",MURAL_PUBLICO,,," ","participantes_fcea5703-3014-4a40-90c5-04b6eb2d8aa2.csv",NÃO," ",2018-12-19T13:00:00Z,," "," "
"PREFEITURA MUNICIPAL DE CRICIUMA",374,2018,374,2018,2018-12-10,"O presente edital tem por objetivo a contratação de mão de obra com fornecimento de peças para manutenção preventiva e corretiva de equipamentos de CFTV, telefonia e portões eletrônicos nas sedes da Circunscrição Regional de Trânsito - CIRETRAN em Criciúma/SC.","Pregão presencial","Compras e Serviços","MENOR PREÇO POR HORA TRABALHADA",2019-01-07,HOMOLOGADO," "," "," ","contratos_c43cebe2-de1d-4d80-9577-867ea0056865.csv",2018-12-21T08:31:00Z," ",2018-12-07,2018-12-21," "," "," ","tributos@criciuma.sc.gov.br"," ","Rua Domênico Sônego","Rua Domênico Sônego",SC,"Pregão presencial",2018-12-21T08:00:00Z,"itensVencedores_2058218a-cf69-403c-a914-e037632a867e.csv",INTERNET,,," ","participantes_4ed5d59b-05d2-46b0-9f8b-69780098d12d.csv",NÃO," ",2018-12-21T08:30:00Z,," "," "
"PREFEITURA MUNICIPAL DE CRICIUMA",362,2018,362,2018,2018-11-27,"Outorga onerosa da concessão dos serviços públicos de exploração econômica e comercial de salas comerciais internas das Galerias dos Terminais Rodoviários: Central, Pinheirinho e Próspera, conforme Lei Municipal Nº. 7.070, de 24 de novembro de 2017.","Outras Modalidades","Compras e Serviços","MENOR PRECO POR ITEM",2019-02-22,HOMOLOGADO," "," "," ","contratos_4adf572c-e0a5-425c-8640-f3121e0ef73f.csv"," "," ",2018-11-26,," "," "," ","tributos@criciuma.sc.gov.br"," ","Rua Domênico Sônego","Rua Domênico Sônego",SC,"Outras Modalidades"," ","itensVencedores_2635db13-adee-4c65-8614-3f2a140af55d.csv","JORNAL_DIVULGACAO_REGIONAL",,," ","participantes_7073b93f-445f-43f8-a9ae-99df42d4ff51.csv",NÃO," "," ",," "," "
"PREFEITURA MUNICIPAL DE CRICIUMA",363,2018,363,2018,2018-11-27,"Constitui objeto do presente instrumento a contratação de produção e organização de show musical, com a dupla Thaeme & Thiago, reconhecida nacionalmente, para o evento de inauguração do Parque dos Imigrantes, que acontecerá no dia 06 de janeiro de 2019, no bairro Rio Maina, do Município de Criciúma/SC","Inexigibilidade de licitação","Compras e Serviços","MENOR PRECO",2018-11-27,HOMOLOGADO," "," "," ","contratos_399b74ff-a1da-4860-a6b5-f6f0818855cb.csv",2018-11-27T08:01:00Z," ",2018-11-27,2018-11-27," ","despesas_c7b8c37f-38ae-45c0-ba96-1c01b555d040.csv"," ","tributos@criciuma.sc.gov.br"," ","Rua Domênico Sônego","Rua Domênico Sônego",SC,"Inexigibilidade de licitação",2018-11-27T08:00:00Z,"itensVencedores_60af36c6-ee7e-4c0c-92fb-677c5b1dcef1.csv",INTERNET,,," ","participantes_b5da280a-537f-4dfe-9acb-2067b07d2448.csv",NÃO," ",2018-11-27T08:00:00Z,," "," "
"PREFEITURA MUNICIPAL DE CRICIUMA",367,2018,367,2018,2018-12-05,"Constitui objeto o presente contrato, contratação de empresa especializada para fornecimento de peças eletrônicas semafóricas para uso na manutenção corretiva e preventiva dos semáforos controladores de trânsito do município de Criciúma - SC","Inexigibilidade de licitação","Compras e Serviços","MENOR PRECO",2018-11-30,HOMOLOGADO," "," "," ","contratos_f83d3a8d-dcbe-4d13-a8f5-9bae6da251aa.csv",2018-11-30T08:01:00Z," ",2018-11-30,2018-11-30," ","despesas_7478e568-80f9-46fc-8c15-527e3ff1d1be.csv"," ","tributos@criciuma.sc.gov.br"," ","Rua Domênico Sônego","Rua Domênico Sônego",SC,"Inexigibilidade de licitação",2018-11-30T08:00:00Z,"itensVencedores_41203fed-f459-48b4-9597-c2e5c27af8e2.csv",INTERNET,,," ","participantes_54eebc75-3069-4393-b70f-4906bbf36941.csv",NÃO," ",2018-11-30T08:00:00Z,," "," "
"PREFEITURA MUNICIPAL DE CRICIUMA",370,2018,370,2018,2018-12-05,"A presente licitação tem por objetivo a contratação de empresa para recuperação e execução, sob demanda, de reforma dos telhados e adaptação das instalações elétricas em diversas escolas do município de Criciúma/SC.","Pregão presencial","Compras e Serviços","MENOR PRECO GLOBAL",2018-12-19,HOMOLOGADO," "," "," ","contratos_8b8fb3f8-5ee8-4ab4-b06a-1e37d546bcb0.csv",2018-12-19T09:01:00Z," ",2018-12-05,2018-12-19," ","despesas_584e4e5c-23f2-4a77-b8d2-87e5de8b1c2c.csv"," ","tributos@criciuma.sc.gov.br"," ","Rua Domênico Sônego","Rua Domênico Sônego",SC,"Pregão presencial",2018-12-19T08:00:00Z,"itensVencedores_93f7e388-d334-4988-997f-521d1ba37428.csv",MURAL_PUBLICO,,," ","participantes_2a88c0ad-2893-4d1e-825d-09ac3f1c0ddf.csv",NÃO," ",2018-12-19T09:00:00Z,," "," "
"PREFEITURA MUNICIPAL DE CRICIUMA",372,2018,372,2018,2018-12-06,"Contratação de empresa para execução dos serviços necessários à construção do pátio coberto (área de 86,67m²) do C.E.I.M. Glaudinéia Citadim Furtado, localizado na rua Domingos de Villa - bairro Imigrantes no município de Criciúma-SC.",Convite,"Obras e Serviços de Engenharia","MENOR PRECO",2018-12-20,HOMOLOGADO," "," "," ","contratos_b90e88c8-ed45-4482-b0fa-8ac769415bee.csv",2018-12-17T16:00:00Z," ",2018-02-05,2018-12-17," ","despesas_7384ef71-126b-4520-98d1-f6af6aa930f4.csv"," ","tributos@criciuma.sc.gov.br"," ","Rua Domênico Sônego","Rua Domênico Sônego",SC,Convite,2018-12-17T08:00:00Z,"itensVencedores_1ed41dba-e6c7-4af1-a24e-59412000359b.csv",MURAL_PUBLICO,,," ","participantes_44067bb2-c0b8-441f-ae15-4a7abceff599.csv",NÃO," ",2018-12-17T15:45:00Z,"Lei 8666/1993, Art. 22, III"," "," "
"PREFEITURA MUNICIPAL DE CRICIUMA",373,2018,373,2018,2018-12-10,"Aquisição de produtos alimentícios para as escolas da Rede Municipal, pertencentes a Secretaria Municipal de Educação de Criciúma - SC, conforme Programa Nacional da Alimentação Escolas.","Pregão presencial","Compras e Serviços","MENOR PRECO POR ITEM",2019-02-07,HOMOLOGADO," ","atasRegistroPrecos_1b177e0a-2d52-4945-829c-e9fe4accedea.csv"," "," ",2018-12-20T08:31:00Z," ",2018-12-07,2018-12-20," ","despesas_821ccd2c-4662-4555-bed4-10893248f5ce.csv"," ","tributos@criciuma.sc.gov.br"," ","Rua Domênico Sônego","Rua Domênico Sônego",SC,"Pregão presencial",2018-12-20T08:00:00Z,"itensVencedores_3dbf09d7-fcf5-48f7-9c03-746e76873803.csv",INTERNET,,," ","participantes_a66659d0-413e-465c-9e6a-07e0ba94cfdd.csv",SIM," ",2018-12-20T08:30:00Z,," "," "
"PREFEITURA MUNICIPAL DE CRICIUMA",376,2018,376,2018,2018-12-11,"Contratação de empresa para execução dos serviços de inspeção de 5.000 (cinco mil) instalações prediais de esgoto, sua interligação com a rede pública de esgotamento sanitário e a destinação das águas pluviais dos imóveis no município de Criciúma-SC. (Convênio CASAN Nº. 804/2018 - Programa: CRICIÚMA SE LIGA NA REDE).","Tomada de Preço","Compras e Serviços","MENOR PRECO GLOBAL",2019-02-26,HOMOLOGADO," "," "," ","contratos_e334ae19-616b-40a7-bf0b-c3c58482457c.csv",2019-01-09T14:00:00Z," ",2018-12-10,2019-01-09," "," "," ","tributos@criciuma.sc.gov.br"," ","Rua Domênico Sônego","Rua Domênico Sônego",SC,"Tomada de Preço",2019-01-09T08:00:00Z,"itensVencedores_73d15c3f-6070-40e8-803d-b733ad6ab009.csv","JORNAL_DIVULGACAO_REGIONAL",,," ","participantes_3705b7fb-2ceb-4bd7-98c6-246edddeca13.csv",NÃO," ",2019-01-09T13:45:00Z,"Lei 8666/1993, Art. 22, II"," "," "
"PREFEITURA MUNICIPAL DE CRICIUMA",378,2018,378,2018,2018-12-12,"Fornecimento, de forma parcelada, de serviços de borracharia para conserto e/ou manutenção da frota de viaturas da CIRETRAN de Criciúma/SC, para o período de janeiro a dezembro de 2019, em conformidade com o convênio PMC SSP Trânsito.","Dispensa de licitação","Compras e Serviços","MENOR PRECO",2018-12-11,HOMOLOGADO," "," "," ","contratos_6153e15f-7e76-45a4-bc6c-c8cc738cfb62.csv",2018-12-11T08:01:00Z," ",2018-12-11,2018-12-11," ","despesas_3d651fa4-5be3-4633-82dc-65693e918469.csv"," ","tributos@criciuma.sc.gov.br"," ","Rua Domênico Sônego","Rua Domênico Sônego",SC,"Dispensa de licitação",2018-12-11T08:00:00Z,"itensVencedores_badf74fc-ab8d-46db-8806-03321a7f2b24.csv",INTERNET,,," ","participantes_32b80633-7b4a-4b9b-9257-ebc06a8743aa.csv",NÃO," ",2018-12-11T08:00:00Z,," "," "
"PREFEITURA MUNICIPAL DE CRICIUMA",383,2018,383,2018,2018-12-20,"Contratação de empresa especializada na prestação de serviço em solução de correio eletrônico (email-s) corporativos em alta disponibilidade, baseado em plataforma Exchange, com hospedagem em nuvem, com no mínimo 1 GB de espaço de armazenamento por conta e proteção contra spam e vírus integrada. Além de painel de acesso para controle e gerenciamento administrativo para o município de Criciúma/SC.","Pregão presencial","Compras e Serviços","MENOR PRECO GLOBAL",2019-01-14,HOMOLOGADO," "," "," ","contratos_cc51c9b4-b99e-4662-be18-9491bd4e75df.csv",2019-01-11T08:31:00Z," ",2018-12-17,2019-01-11," "," "," ","tributos@criciuma.sc.gov.br"," ","Rua Domênico Sônego","Rua Domênico Sônego",SC,"Pregão presencial",2019-01-11T08:00:00Z,"itensVencedores_8da9dde5-4146-47e6-b14d-23f37615efb8.csv",INTERNET,,," ","participantes_69f73703-5825-41b4-b375-bfd340d34c10.csv",NÃO," ",2019-01-11T08:30:00Z,," "," "
"PREFEITURA MUNICIPAL DE CRICIUMA",385,2018,385,2018,2018-12-20,"REGISTRO DE PREÇOS DE CARGAS DE GÁS (GLP P-13 e P-45), PARA AQUISIÇÕES FUTURAS, NO ATENDIMENTO A ADMINISTRAÇÃO MUNICIPAL, DIRETORIAS, FUNDOS E FUNDAÇÕES DE CRICIÚMA/SC.","Pregão presencial","Compras e Serviços","MENOR PRECO POR ITEM",2019-01-14,HOMOLOGADO," ","atasRegistroPrecos_88abfd29-4043-47f0-86d7-cae2612b2f93.csv"," "," ",2019-01-11T13:31:00Z," ",2018-12-17,2019-01-11," ","despesas_9a64211b-a965-4cf5-926f-caf8fd52bf44.csv"," ","tributos@criciuma.sc.gov.br"," ","Rua Domênico Sônego","Rua Domênico Sônego",SC,"Pregão presencial",2019-01-11T08:00:00Z,"itensVencedores_09d96165-21b7-421a-8b46-b7bc36f10e93.csv",INTERNET,,," ","participantes_eb9ca44a-a427-4209-a0f1-ebcee539121d.csv",SIM," ",2019-01-11T13:30:00Z,," "," "
"PREFEITURA MUNICIPAL DE CRICIUMA",282,2018,282,2018,2018-09-05,"Registro de Preços de materiais de sinalização viária vertical, para aquisições futuras, no atendimento ao trânsito do município de Criciúma/SC.","Pregão presencial","Compras e Serviços","MENOR PRECO GLOBAL",2018-09-28,HOMOLOGADO," ","atasRegistroPrecos_8082a37f-a763-4800-a506-114535a3dc1c.csv"," "," ",2018-09-20T09:01:00Z," ",2018-09-03,2018-09-20," ","despesas_f6cc0f31-0c4f-4b86-b9db-3a2636ca2c3d.csv"," ","tributos@criciuma.sc.gov.br"," ","Rua Domênico Sônego","Rua Domênico Sônego",SC,"Pregão presencial",2018-09-20T08:00:00Z,"itensVencedores_7bd4566e-e2be-4d47-9137-8d58bf650988.csv",INTERNET,,," ","participantes_91c42e5a-31f2-425b-a171-604f2bc336c4.csv",SIM," ",2018-09-20T09:00:00Z,," "," "
"PREFEITURA MUNICIPAL DE CRICIUMA",291,2018,291,2018,2018-09-11,"Contratação de empresa para execução de serviços necessários à realização das obras de terraplenagem, pavimentação com revestimento em concreto asfáltico usinado à quente - CAUQ e obras complementares nas ruas Álvaro Colombo e Pedro João de Souza, localizadas no bairro Metropol -  município de Criciúma-SC. (CONVENIO: Contrato de Repasse 845865/2017 - Ministério das Cidades/Caixa Econômica Federal).","Tomada de Preço","Obras e Serviços de Engenharia","MENOR PRECO GLOBAL",2018-10-30,HOMOLOGADO," "," "," ","contratos_a07e957d-a570-4298-ae77-30ec542b0421.csv",2018-10-02T14:00:00Z," ",2018-09-10,2018-10-02," ","despesas_67e72896-b551-44fc-98fe-aab7a7d33e9b.csv"," ","tributos@criciuma.sc.gov.br"," ","Rua Domênico Sônego","Rua Domênico Sônego",SC,"Tomada de Preço",2018-10-02T08:00:00Z,"itensVencedores_ba21b6a4-a84d-4230-82f2-5c8d6a041767.csv",DIARIO_OFICIAL_UNIAO,,," ","participantes_08bf4343-0d39-4c71-aa56-99b0f3feb00c.csv",NÃO," ",2018-10-02T13:45:00Z,"Lei 8666/1993, Art. 22, II"," "," "
"PREFEITURA MUNICIPAL DE CRICIUMA",294,2018,294,2018,2018-09-17,"Contratação de empresa especializada para execução dos serviços necessários à instalação de iluminação em LED (Ligth Emitting Diode) na RUA JOSÉ HENRIQUE MEZZARI, localizada no bairro Próspera (paralela ao Parque das Nações) - Município de Criciúma-SC.",Convite,"Compras e Serviços","MENOR PRECO GLOBAL",2018-10-11,HOMOLOGADO," "," "," ","contratos_f325666d-8c07-46be-a502-b778bcb1e9ae.csv",2018-09-27T11:00:00Z," ",2018-09-17,2018-09-27," ","despesas_315047b6-0776-4c3e-8799-c9a9124b6b2e.csv"," ","tributos@criciuma.sc.gov.br"," ","Rua Domênico Sônego","Rua Domênico Sônego",SC,Convite,2018-09-27T08:00:00Z,"itensVencedores_21a0b69a-680d-4ee4-88f3-7d2c2c439635.csv",MURAL_PUBLICO,,," ","participantes_a3fe5711-c519-4334-acb2-5a4828807051.csv",NÃO," ",2018-09-27T10:45:00Z,"Lei 8666/1993, Art. 22, III"," "," "
"PREFEITURA MUNICIPAL DE CRICIUMA",283,2018,283,2018,2018-09-12,"Constitui objeto do presente contrato, a execução de serviços técnicos de Cartografia, direcionados a Integração de bases cartográficas cadastrais da CASAN e do Cadastro Imobiliário do Município de Criciúma-SC.","Dispensa de licitação","Compras e Serviços","MENOR PRECO",2018-09-11,HOMOLOGADO," "," "," ","contratos_234c48fa-3d2c-4866-a225-ebe010d6b8de.csv",2018-09-10T08:01:00Z," ",2018-09-10,2018-09-10," ","despesas_bcfa5eba-2282-454b-b2d3-24d10f290256.csv"," ","tributos@criciuma.sc.gov.br"," ","Rua Domênico Sônego","Rua Domênico Sônego",SC,"Dispensa de licitação",2018-09-10T08:00:00Z,"itensVencedores_15a459bd-36fc-4cc8-b07c-b2a6e9c4f5ca.csv",INTERNET,,," ","participantes_b5912c3b-4f63-4b4f-9052-51d95edac44c.csv",NÃO," ",2018-09-10T08:00:00Z,," "," "
"PREFEITURA MUNICIPAL DE CRICIUMA",284,2018,284,2018,2018-09-06,"Aquisição de equipamentos para montagem e instalação de academias ao ar livre em diversos bairros do município de Criciúma/SC.","Pregão presencial","Compras e Serviços","MENOR PRECO GLOBAL",2018-09-26,HOMOLOGADO," "," "," ","contratos_f6d16c62-4fad-4edf-9b58-f3fc6deef1ea.csv",2018-09-25T09:01:00Z," ",2018-09-05,2018-09-25," ","despesas_83fe5ca8-63ec-4064-a241-60d018af85a1.csv"," ","tributos@criciuma.sc.gov.br"," ","Rua Domênico Sônego","Rua Domênico Sônego",SC,"Pregão presencial",2018-09-25T08:00:00Z,"itensVencedores_7acaec39-6882-488c-bd3b-b8f3d5e9554e.csv",INTERNET,,," ","participantes_68dc5353-23bb-4a2f-ad16-657a90acfba7.csv",NÃO," ",2018-09-25T09:00:00Z,," "," "
"PREFEITURA MUNICIPAL DE CRICIUMA",285,2018,285,2018,2018-09-10,"Registro de preços de combustíveis (óleo diesel S10 e gasolina comum), para aquisições futuras, no atendimento a frota de veículos e equipamentos do Município de Criciúma, Secretaria de Educação, Fundo Municipal de Saúde, Fundo Municipal de Assistência Social, Fundação municipal de Esportes, Fundação Cultural, Fundação de Meio Ambiente de Criciúma/SC.","Pregão presencial","Compras e Serviços","MENOR PRECO POR ITEM",2018-09-27,HOMOLOGADO," ","atasRegistroPrecos_28d0978f-df2e-4a2b-b581-901f36a016e4.csv"," "," ",2018-09-27T13:01:00Z," ",2018-09-06,2018-09-27," ","despesas_65579281-8bb1-4581-a147-c47f730647e0.csv"," ","tributos@criciuma.sc.gov.br"," ","Rua Domênico Sônego","Rua Domênico Sônego",SC,"Pregão presencial",2018-09-27T08:00:00Z,"itensVencedores_6efd14d6-cff2-4a7a-b6e5-1023d3279f02.csv",INTERNET,,," ","participantes_8718886b-9988-4162-9808-aa123976ef6f.csv",SIM," ",2018-09-27T13:00:00Z,," "," "
"PREFEITURA MUNICIPAL DE CRICIUMA",292,2018,292,2018,2018-09-14,"Contratação de empresa especializada para a execução de serviços de instalação, gerenciamento e acompanhamento do servidor de dados (Data Center), da fiscalização eletrônica do Município de Criciúma/SC.","Dispensa de licitação","Compras e Serviços","MENOR PRECO",2018-09-14,HOMOLOGADO," "," "," ","contratos_a3a258ea-4fed-4184-845e-191defee942d.csv",2018-09-14T08:01:00Z," ",2018-09-14,2018-09-14," ","despesas_fc87e68b-85d6-4116-be37-3cf6f6e6338b.csv"," ","tributos@criciuma.sc.gov.br"," ","Rua Domênico Sônego","Rua Domênico Sônego",SC,"Dispensa de licitação",2018-09-14T08:00:00Z,"itensVencedores_75843ea5-65e1-4aa6-bdf6-372410ffe787.csv",INTERNET,,," ","participantes_5af7db83-2ff6-4f92-96a6-df00d36d34f8.csv",NÃO," ",2018-09-14T08:00:00Z,," "," "
"PREFEITURA MUNICIPAL DE CRICIUMA",293,2018,293,2018,2018-09-13,"Constitui objeto do presente contrato, a execução dos serviços necessários as obras de construção da escada de acesso às salas de aula da E.M.E.I.E.F. ELZA SAMPAIO DOS REAIS, localizada na rua Izaura de Jesus dos Santos - bairro Vila Miguel no Município de Criciúma-SC","Dispensa de licitação","Obras e Serviços de Engenharia","MENOR PRECO",2018-09-13,HOMOLOGADO," "," "," ","contratos_0a589c93-8da1-4c34-ae18-1af81e08ee20.csv",2018-09-13T08:01:00Z," ",2018-09-13,2018-09-13," ","despesas_1fda58ef-7711-487c-98ef-daf830d10759.csv"," ","tributos@criciuma.sc.gov.br"," ","Rua Domênico Sônego","Rua Domênico Sônego",SC,"Dispensa de licitação",2018-09-13T08:00:00Z,"itensVencedores_6b2840ea-0a6b-452a-9834-999aacb4162e.csv",INTERNET,,," ","participantes_c0802a8b-d286-45e6-a142-8c3eeefbd02e.csv",NÃO," ",2018-09-13T08:00:00Z,," "," "
"PREFEITURA MUNICIPAL DE CRICIUMA",298,2018,298,2018,2018-10-03,"Constitui objeto do presente contrato, a contratação de empresa especializada para prestação de serviço de manutenção preventiva e corretiva nas escadas rolantes do Terminal Urbano Central do município de Criciúma/SC.","Dispensa de licitação","Compras e Serviços","MENOR PRECO",2018-10-01,HOMOLOGADO," "," "," ","contratos_e2b64086-4ad4-4035-ba2f-ac5a3fd380a2.csv",2018-10-01T08:01:00Z," ",2018-10-01,2018-10-01," ","despesas_43081a94-c506-4be9-a0ac-c7c95ebb0925.csv"," ","tributos@criciuma.sc.gov.br"," ","Rua Domênico Sônego","Rua Domênico Sônego",SC,"Dispensa de licitação",2018-10-01T08:00:00Z,"itensVencedores_c64ba4bf-e807-433d-ba81-19fe958b0ea9.csv",INTERNET,,," ","participantes_cf332fec-1a08-46cb-94a6-b86f4b3efc50.csv",NÃO," ",2018-10-01T08:00:00Z,," "," "
"PREFEITURA MUNICIPAL DE CRICIUMA",299,2018,299,2018,2018-10-02,"Prestação de serviços atuariais à Prefeitura Municipal de Criciúma (SC), referentes ao Instituto Municipal de Seguridade Social dos Servidores Públicos de Criciúma - CRICÚMAPREV, envolvendo estudos e implementação da Segregação de Massas.","Inexigibilidade de licitação","Compras e Serviços","MENOR PRECO",2018-10-02,HOMOLOGADO," "," "," ","contratos_42fc0c63-97d9-4af6-8d97-f7325b80cff5.csv",2018-10-02T08:01:00Z," ",2018-10-02,2018-10-02," ","despesas_f6363e9b-78fc-4fed-b0ad-a4b1f5eca529.csv"," ","tributos@criciuma.sc.gov.br"," ","Rua Domênico Sônego","Rua Domênico Sônego",SC,"Inexigibilidade de licitação",2018-10-02T08:00:00Z,"itensVencedores_852df38f-4f75-4cc9-9f8e-2510a6b02f5d.csv",INTERNET,,," ","participantes_cefd49e8-4546-43f3-973f-90c0e8588101.csv",NÃO," ",2018-10-02T08:00:00Z,," "," "
"PREFEITURA MUNICIPAL DE CRICIUMA",300,2018,300,2018,2018-10-03,"Prestação de serviços de publicação de atos oficiais no DIÁRIO OFICIAL DO ESTADO DE SANTA CATARINA..","Inexigibilidade de licitação","Compras e Serviços","MENOR PRECO",2018-10-02,HOMOLOGADO," "," "," ","contratos_f15b93af-e360-445a-be23-92f0fa89cdfb.csv",2018-10-02T08:01:00Z," ",2018-10-02,2018-10-02," ","despesas_87ce55fd-70ac-4efb-9f54-f2695a6e7089.csv"," ","tributos@criciuma.sc.gov.br"," ","Rua Domênico Sônego","Rua Domênico Sônego",SC,"Inexigibilidade de licitação",2018-10-02T08:00:00Z,"itensVencedores_c8496038-eef8-4d9b-8600-113a8c48a557.csv",INTERNET,,," ","participantes_f14db9dc-905c-4cd3-b560-f9f8cc55aedd.csv",NÃO," ",2018-10-02T08:00:00Z,," "," "
"PREFEITURA MUNICIPAL DE CRICIUMA",304,2018,304,2018,2018-10-03,"Aquisição de pedra de alicerce granítica, para utilização na reforma do Centro Cultural Jorge Zanatta no município de Criciúma/SC.","Pregão presencial","Compras e Serviços","MENOR PRECO POR ITEM",2018-10-17,HOMOLOGADO," "," "," ","contratos_2f09459a-67fb-4f36-82d2-2ac7363eeda1.csv",2018-10-17T15:01:00Z," ",2018-10-02,2018-10-17," ","despesas_4dda5f9c-cf55-4e8e-9ea3-2e92a53d4ec9.csv"," ","tributos@criciuma.sc.gov.br"," ","Rua Domênico Sônego","Rua Domênico Sônego",SC,"Pregão presencial",2018-10-17T08:00:00Z,"itensVencedores_24e996f8-020d-4c44-b0d8-964436d233fd.csv",INTERNET,,," ","participantes_e34f50c8-e0d4-436d-a4d2-f3377b94fb9c.csv",NÃO," ",2018-10-17T15:00:00Z,," "," "
"PREFEITURA MUNICIPAL DE CRICIUMA",307,2018,307,2018,2018-10-09,"Registro de preços para fabricação e instalação de calhas e rufos, para manutenção corretiva e preventiva, no atendimento a Rede Municipal de Ensino de Criciúma/SC.","Pregão presencial","Compras e Serviços","MENOR PRECO GLOBAL",2018-10-24,HOMOLOGADO," ","atasRegistroPrecos_9259108e-8af8-41e3-8868-974048cd57fe.csv"," "," ",2018-10-22T09:00:00Z," ",2018-10-08,2018-10-22," ","despesas_c629a8f1-7985-4263-b8c2-559329da1472.csv"," ","tributos@criciuma.sc.gov.br"," ","Rua Domênico Sônego","Rua Domênico Sônego",SC,"Pregão presencial",2018-10-22T08:00:00Z,"itensVencedores_c9808212-5bcd-49b6-abd0-7dbb11ac2be5.csv",MURAL_PUBLICO,,," ","participantes_f2d5dac4-cce2-4b66-84f1-6c073652a4e5.csv",SIM," ",2018-10-22T08:00:00Z,," "," "
"PREFEITURA MUNICIPAL DE CRICIUMA",308,2018,308,2018,2018-10-09,"Contratação de empresa especializada para manutenção preventiva e corretiva com o fornecimento de peças, nos equipamentos da cozinha do Centro de Processamento da Merenda Escolar, pertencente à Rede Municipal de Educação de Criciúma/SC.","Pregão presencial","Compras e Serviços","MENOR PRECO GLOBAL",2018-10-22,HOMOLOGADO," "," "," ","contratos_70d7fe56-012a-4bf3-afce-43bcfb2f5be4.csv",2018-10-22T10:31:00Z," ",2018-10-08,2018-10-22," ","despesas_4e2b19bc-1651-4e1e-9bb0-652432bcd4ac.csv"," ","tributos@criciuma.sc.gov.br"," ","Rua Domênico Sônego","Rua Domênico Sônego",SC,"Pregão presencial",2018-10-22T08:00:00Z,"itensVencedores_19d2e143-8984-4c17-a679-d2a08e5fab29.csv",INTERNET,,," ","participantes_e7b22288-2e1d-41ef-bedc-0d7e642e6bfb.csv",NÃO," ",2018-10-22T10:30:00Z,," "," "
"PREFEITURA MUNICIPAL DE CRICIUMA",310,2018,310,2018,2018-10-09,"O presente Edital tem por objetivo a contratação de empresa especializada para prestação de serviços de lavanderia para o 4º Batalhão de Bombeiros Militar de Criciúma/SC.","Pregão presencial","Compras e Serviços","MENOR PRECO GLOBAL",2018-10-24,HOMOLOGADO," "," "," ","contratos_642b2e0c-798c-468e-8a7b-94e76ba5bf98.csv",2018-10-22T15:01:00Z," ",2018-08-30,2018-10-22," ","despesas_9bc28c16-0b19-4c6b-87ca-02e297b16a7a.csv"," ","tributos@criciuma.sc.gov.br"," ","Rua Domênico Sônego","Rua Domênico Sônego",SC,"Pregão presencial",2018-10-22T08:00:00Z,"itensVencedores_24243cbb-4c75-4827-8161-aa253e29eb53.csv",INTERNET,,," ","participantes_d60991c9-2635-4d5c-afe6-32a60f9ae526.csv",NÃO," ",2018-10-22T15:00:00Z,," "," "
"PREFEITURA MUNICIPAL DE CRICIUMA",314,2018,314,2018,2018-10-15,"Registro de Preços de bandeiras oficiais, para aquisições futuras no atendimento as escolas da Rede Municipal de Ensino de Criciúma/SC.","Pregão presencial","Compras e Serviços","MENOR PRECO POR ITEM",2018-10-31,HOMOLOGADO," ","atasRegistroPrecos_36454e7a-1c1c-4bad-af89-fc579596b68f.csv"," "," ",2018-10-29T10:31:00Z," ",2018-10-15,2018-10-29," ","despesas_977a8bc6-5e97-47e9-b58d-df015d08e9b5.csv"," ","tributos@criciuma.sc.gov.br"," ","Rua Domênico Sônego","Rua Domênico Sônego",SC,"Pregão presencial",2018-10-29T08:00:00Z,"itensVencedores_66c63d37-5789-4dd5-abe6-647670941941.csv",MURAL_PUBLICO,,," ","participantes_63b084b7-ab78-488b-b4bd-306f264f3dbc.csv",SIM," ",2018-10-29T10:30:00Z,," "," "
"PREFEITURA MUNICIPAL DE CRICIUMA",315,2018,315,2018,2018-10-15,"REGISTRO DE PREÇOS DE PEÇAS E SERVIÇOS PARA AQUISIÇÕES FUTURAS, NA PRESTAÇÃO DE SERVIÇOS DE FUNILARIA E PINTURA DOS VEÍCULOS LEVES, MÉDIOS E PESADOS QUE COMPÕE À FROTA DE VIATURAS DO 9º BPM DE CRICIÚMA/SC.","Pregão presencial","Compras e Serviços","MAIOR PERCENTUAL",2018-10-31,HOMOLOGADO," "," "," "," ",2018-10-29T14:01:00Z," ",2018-10-15,2018-10-29," ","despesas_9f56ba81-1d35-40b3-8be2-91aaf229ce14.csv"," ","tributos@criciuma.sc.gov.br"," ","Rua Domênico Sônego","Rua Domênico Sônego",SC,"Pregão presencial",2018-10-29T08:00:00Z,"itensVencedores_bf6ad1ca-1185-4f21-891b-4c95784a7aa2.csv",MURAL_PUBLICO,,," ","participantes_544e163e-21f0-4d4e-a897-e5c44b4538a8.csv",SIM," ",2018-10-29T14:00:00Z,," "," "
"PREFEITURA MUNICIPAL DE CRICIUMA",295,2018,295,2018,2018-09-20,"Contratação de empresa para execução dos serviços necessários às obras de construção/instalação de uma subestação transformadora de 150kVA na E.M.E.I.E.F. CASEMIRO STACHURSKI, localizada na rod. Leonardo Bialeck - bairro Linha Batista no município de Criciúma-SC.",Convite,"Obras e Serviços de Engenharia","MENOR PRECO GLOBAL",2018-10-17,HOMOLOGADO," "," "," ","contratos_0d58ba2f-8ada-426e-bada-54e5ab03f018.csv",2018-10-02T16:00:00Z," ",2018-09-20,2018-10-02," ","despesas_8fbcedae-649b-4963-8c95-6a3dd655b7c8.csv"," ","tributos@criciuma.sc.gov.br"," ","Rua Domênico Sônego","Rua Domênico Sônego",SC,Convite,2018-10-02T08:00:00Z,"itensVencedores_4fad6366-87eb-43ec-bc82-ab3dadc8824e.csv",MURAL_PUBLICO,,," ","participantes_7e1f1c2d-a3ca-4cbc-8a38-e74bd85e3896.csv",NÃO," ",2018-10-02T15:45:00Z,"Lei 8666/1993, Art. 22, III"," "," "
"PREFEITURA MUNICIPAL DE CRICIUMA",296,2018,296,2018,2018-09-24,"Aquisição de caminhões para transporte de carga pesada (cabine + chassi + caçamba), em atendimento as necessidades da Secretaria de Infraestrutura, Planejamento e Mobilidade Urbana do município de Criciúma/SC.","Pregão presencial","Compras e Serviços","MENOR PRECO POR ITEM",2018-11-22,HOMOLOGADO," "," "," ","contratos_d44d86bd-902f-4dc6-b43a-3789692a6cf8.csv",2018-10-05T09:01:00Z," ",2018-09-21,2018-10-05," ","despesas_a5f43733-cdd4-461e-8871-d67a69997fa3.csv"," ","tributos@criciuma.sc.gov.br"," ","Rua Domênico Sônego","Rua Domênico Sônego",SC,"Pregão presencial",2018-10-05T08:00:00Z,"itensVencedores_bbe361bf-d196-4a5c-b9d5-a35575d10725.csv",INTERNET,,," ","participantes_2bace328-352d-443e-b340-61cb2d7c7720.csv",NÃO," ",2018-10-05T09:00:00Z,," "," "
"PREFEITURA MUNICIPAL DE CRICIUMA",297,2018,297,2018,2018-09-24,"Contratação de empresa para execução, por demanda, de caixas coletoras de águas pluviais (tipo boca-de-lobo) em diversos locais do município de Criciúma-SC.",Convite,"Obras e Serviços de Engenharia","MENOR PRECO GLOBAL",2018-10-10,HOMOLOGADO," "," "," ","contratos_a005ed4f-2fe0-42de-9042-c6e3b2162b1f.csv",2018-10-03T16:00:00Z," ",2018-09-17,2018-10-03," ","despesas_b8ebdb09-a8cd-426d-9902-19cb9d8c83cf.csv"," ","tributos@criciuma.sc.gov.br"," ","Rua Domênico Sônego","Rua Domênico Sônego",SC,Convite,2018-10-03T08:00:00Z,"itensVencedores_87ca8967-a876-488b-bd8a-7f54949ce98b.csv",MURAL_PUBLICO,,," ","participantes_cd5b20bf-0c4a-48dd-a848-3c3d067bad98.csv",NÃO," ",2018-10-03T15:45:00Z,"Lei 8666/1993, Art. 22, III"," "," "
"PREFEITURA MUNICIPAL DE CRICIUMA",301,2018,301,2018,2018-10-02,"Registro de preços de materiais de limpeza, para aquisições futuras, no atendimento ao Município de Criciúma, Fundo Municipal de Saúde, Fundo Municipal de Assistência Social, Fundação municipal de Esportes, Fundação Municipal de Meio Ambiente e Fundação Cultural de Criciúma/SC.","Pregão presencial","Compras e Serviços","MENOR PRECO POR ITEM",2018-11-23,HOMOLOGADO," ","atasRegistroPrecos_b74f3a9b-fd9c-4d10-80a9-2bba7da3ab3e.csv"," "," ",2018-10-16T09:01:00Z," ",2018-10-02,2018-10-16," ","despesas_d77b2ecd-4f2b-448d-b7a3-4c3c0efbe273.csv"," ","tributos@criciuma.sc.gov.br"," ","Rua Domênico Sônego","Rua Domênico Sônego",SC,"Pregão presencial",2018-10-16T08:00:00Z,"itensVencedores_a2d56063-0029-4ba4-b4f8-9718e3102850.csv",INTERNET,,," ","participantes_e7bdbcdd-1866-4eb5-8d8e-ee6d11ad2b27.csv",SIM," ",2018-10-16T09:00:00Z,," "," "
"PREFEITURA MUNICIPAL DE CRICIUMA",302,2018,302,2018,2018-10-03,"Aquisição de ladrilho hidráulico, a ser executado no interior da atafona localizada no Parque dos Imigrantes no município de Criciúma/SC.","Pregão presencial","Compras e Serviços","MENOR PRECO POR ITEM"," ",REVOGADO," "," "," "," ",2018-10-17T09:01:00Z," ",2018-10-02,2018-10-17,2018-10-17,"despesas_962a8d9a-66e6-4a8a-a55f-337bc684a733.csv"," ","tributos@criciuma.sc.gov.br"," ","Rua Domênico Sônego","Rua Domênico Sônego",SC,"Pregão presencial",2018-10-17T08:00:00Z," ",INTERNET,"Razões de Interesse Público","Razões de Interesse Público"," "," ",NÃO," ",2018-10-17T09:00:00Z,," "," "
"PREFEITURA MUNICIPAL DE CRICIUMA",303,2018,303,2018,2018-10-03,"O presente edital tem por objetivo, receber propostas para contratação de empresa jornalística para prestação de serviços diários de publicação legal e de atos oficiais do município que devam produzir efeitos externos, assim entendidos aqueles não alcançados pela divulgação no Diário Oficial Eletrônico, para publicação na imprensa escrita, em jornal de circulação diária no Estado de Santa Catarina.","Pregão presencial","Compras e Serviços","MENOR PRECO POR ITEM",2018-10-17,HOMOLOGADO," "," "," ","contratos_3f9b4643-0490-4813-8a7b-a2eb3b13bb06.csv",2018-10-17T13:01:00Z," ",2018-10-02,2018-10-17," ","despesas_dbe499eb-c731-4fdd-891a-4dffe9038f11.csv"," ","tributos@criciuma.sc.gov.br"," ","Rua Domênico Sônego","Rua Domênico Sônego",SC,"Pregão presencial",2018-10-17T08:00:00Z,"itensVencedores_1a855571-36d2-4205-a25e-5bb069bdfa4f.csv",INTERNET,,," ","participantes_f925adcc-cbd4-437c-a809-f915c46aec2e.csv",NÃO," ",2018-10-17T13:00:00Z,," "," "
"PREFEITURA MUNICIPAL DE CRICIUMA",305,2018,305,2018,2018-10-05,"A presente Licitação tem por objeto a aquisição de móveis de escritório, vidros e divisórias para manutenção da sede da Diretoria de Trânsito e Transportes.",Convite,"Compras e Serviços","MENOR PREÇO GLOBAL POR LOTE",2018-10-22,HOMOLOGADO," "," "," ","contratos_4b4b2d1b-a893-4a1d-905d-02a9735c0680.csv",2018-10-15T11:00:00Z," ",2018-10-05,2018-10-15," ","despesas_1711df0c-1fbe-4648-9dd4-cf21ab1872f6.csv"," ","tributos@criciuma.sc.gov.br"," ","Rua Domênico Sônego","Rua Domênico Sônego",SC,Convite,2018-10-15T08:00:00Z,"itensVencedores_2736ed45-98b3-41ec-ab2f-87a92b6ee139.csv",MURAL_PUBLICO,,," ","participantes_be28fa86-ed19-41f8-8acd-5db61d240686.csv",NÃO," ",2018-10-15T10:45:00Z,"Lei 8666/1993, Art. 22, III"," "," "
"PREFEITURA MUNICIPAL DE CRICIUMA",306,2018,306,2018,2018-10-05,"Contratação de empresa para locação de caminhão espargidor de asfalto em atendimento a pavimentação do município de Criciúma/SC.",Convite,"Compras e Serviços","MENOR PRECO GLOBAL",2018-10-31,HOMOLOGADO," "," "," ","contratos_03d88ad4-e3f4-4ff2-8886-0665367d859e.csv",2018-10-15T15:30:00Z," ",2018-10-05,2018-10-15," "," "," ","tributos@criciuma.sc.gov.br"," ","Rua Domênico Sônego","Rua Domênico Sônego",SC,Convite,2018-10-15T08:00:00Z,"itensVencedores_5881abf8-faa6-473a-a730-33d1cffd4474.csv",MURAL_PUBLICO,,," ","participantes_b7f0030a-c7c6-4c4f-89cc-0fd806cb86e6.csv",NÃO," ",2018-10-15T15:15:00Z,"Lei 8666/1993, Art. 22, III"," "," "
"PREFEITURA MUNICIPAL DE CRICIUMA",309,2018,309,2018,2018-10-09,"Registro de Preços de planta de emergência em vinil, placas e portas folhadas de acrílico, para aquisições futuras, para atendimento as escolas da Rede Municipal de Ensino de Criciúma/SC.","Pregão presencial","Compras e Serviços","MENOR PRECO POR ITEM",2018-10-26,HOMOLOGADO," ","atasRegistroPrecos_20435b15-efc7-43bd-8535-6c573c4ffe64.csv"," "," ",2018-10-22T13:31:00Z," ",2018-10-08,2018-10-22," ","despesas_3585dbfb-f300-4314-8e26-4b7bdc90d4d6.csv"," ","tributos@criciuma.sc.gov.br"," ","Rua Domênico Sônego","Rua Domênico Sônego",SC,"Pregão presencial",2018-10-22T08:00:00Z,"itensVencedores_372ad131-02e9-4d08-b136-81d285988bee.csv",INTERNET,,," ","participantes_e123aea9-5c3f-4447-8714-34615ea34f11.csv",SIM," ",2018-10-22T13:30:00Z,," "," "
"PREFEITURA MUNICIPAL DE CRICIUMA",311,2018,311,2018,2018-10-15,"Contratação de empresa de empresas para execução dos serviços necessários às obras de construção de Quadra Poliesportiva Coberta na E.M.E.I.E.F. HERCILIO AMANTE, com área de 768,31m², localizada no bairro Vila Floresta - Município de Criciúma-SC.","Tomada de Preço","Obras e Serviços de Engenharia","MENOR PRECO",2018-11-26,HOMOLOGADO," "," "," ","contratos_5e5d3057-bbad-4ce4-bcb5-5a6db4304c27.csv",2018-10-30T14:00:00Z," ",2018-10-10,2018-10-30," ","despesas_af5b9f28-8541-407c-939e-2a4217190531.csv"," ","tributos@criciuma.sc.gov.br"," ","Rua Domênico Sônego","Rua Domênico Sônego",SC,"Tomada de Preço",2018-10-30T08:00:00Z,"itensVencedores_125ee4dd-bf35-424a-bfb6-bc7f6f8ab4e4.csv","JORNAL_DIVULGACAO_REGIONAL",,," ","participantes_4289e90b-a6ce-4458-b3dc-435ef1031d8b.csv",NÃO," ",2018-10-30T13:45:00Z,"Lei 8666/1993, Art. 22, II"," "," "
"PREFEITURA MUNICIPAL DE CRICIUMA",312,2018,312,2018,2018-10-11,"Execução das obras de infraestrutura necessárias, com exceção da capa asfáltica-CAUQ, para pavimentação das ruas Benvenuto José Scotti, Lauro Cirino de Oliveira, Pedro João Delfino, Efigênia Gomes Albino, José Duarte, Bernardina Fogaça, Idalina Rohling Francisco, Lourdes Maria Bez Birollo Rosso, Joel de Souza e Protásio Vasco, localizadas no Loteamento Maria Laura - bairro Santo Antônio no município de Criciúma-SC e das ruas Zeferino Cezário da Silva, Nº. 290, João Nunes, João Bonifácio da Silva",Convite,"Obras e Serviços de Engenharia","MENOR PRECO GLOBAL",2018-10-24,HOMOLOGADO," "," "," ","contratos_5c9cfd12-8624-4d80-a97a-4fdeaf9f9298.csv",2018-10-23T14:00:00Z," ",2018-10-10,2018-10-23," ","despesas_ce4e431f-b9b6-4d70-b4aa-2dc795ae8816.csv"," ","tributos@criciuma.sc.gov.br"," ","Rua Domênico Sônego","Rua Domênico Sônego",SC,Convite,2018-10-23T08:00:00Z,"itensVencedores_fe174ee1-ded6-4863-a2b8-96089de3c98d.csv",MURAL_PUBLICO,,," ","participantes_e927a04d-0708-4976-9165-86151c7cc0d5.csv",NÃO," ",2018-10-23T13:45:00Z,"Lei 8666/1993, Art. 22, III"," "," "
"PREFEITURA MUNICIPAL DE CRICIUMA",313,2018,313,2018,2018-10-29,"Registro de Preços de granito para confecção de balcão, pias e prateleiras, para aquisições futuras no atendimento as escolas da Rede Municipal de Ensino de Criciúma/SC.","Pregão presencial","Compras e Serviços","MENOR PRECO POR ITEM",2018-10-29,HOMOLOGADO," ","atasRegistroPrecos_5b30f885-7a0a-4a42-a327-cb612d83986a.csv"," "," ",2018-10-29T09:01:00Z," ",2018-10-15,2018-10-29," ","despesas_9c22f408-4444-4c38-8b09-423a4b74e1b0.csv"," ","tributos@criciuma.sc.gov.br"," ","Rua Domênico Sônego","Rua Domênico Sônego",SC,"Pregão presencial",2018-10-29T08:00:00Z,"itensVencedores_287cf464-462c-47a2-aa69-ef6e8ba37b40.csv",MURAL_PUBLICO,,," ","participantes_ee391f6f-c679-48c3-8d14-5521c0ed09d3.csv",SIM," ",2018-10-29T09:00:00Z,," "," "
"PREFEITURA MUNICIPAL DE CRICIUMA",316,2018,316,2018,2018-10-15,"Registro de preços de materiais de construção e equipamentos, para aquisições futuras destinados à manutenção de instalações e obras, do 4º Batalhão do Bombeiro Militar do município de Criciúma/SC, de acordo com Convênio 001/BM.","Pregão presencial","Compras e Serviços","MENOR PRECO POR ITEM",2018-11-01,HOMOLOGADO," ","atasRegistroPrecos_71232427-5374-4f32-911b-dacac9fbe53c.csv"," "," ",2018-10-30T08:31:00Z," ",2018-09-27,2018-10-30," ","despesas_03ecc5be-f5c2-4785-a8f8-3dc8a8221ab8.csv"," ","tributos@criciuma.sc.gov.br"," ","Rua Domênico Sônego","Rua Domênico Sônego",SC,"Pregão presencial",2018-10-30T08:00:00Z,"itensVencedores_28d81f78-e338-4f99-9b38-7fc3b0a3061e.csv",MURAL_PUBLICO,,," ","participantes_81f2ce58-da3f-46a4-8f25-746bfb9cd213.csv",SIM," ",2018-10-30T08:30:00Z,," "," "
"PREFEITURA MUNICIPAL DE CRICIUMA",319,2018,319,2018,2018-10-15,"A presente licitação tem por objetivo a contratação de empresa especializada, para prestação de serviços de manutenção preventiva e corretiva de redes de Comunicação de voz e de dados nas escolas da Rede Municipal de Ensino de Criciúma/SC, mão-de-obra, equipamentos, máquinas e ferramentas normais e especiais necessárias.","Pregão presencial","Compras e Serviços","MENOR PRECO GLOBAL",2018-10-29,HOMOLOGADO," "," "," ","contratos_b800d7f4-78f6-42d2-a61b-525263e663b1.csv",2018-10-26T09:01:00Z," ",2018-10-15,2018-10-26," ","despesas_73c33e91-c6b0-450d-9ea3-5c7294ff2815.csv"," ","tributos@criciuma.sc.gov.br"," ","Rua Domênico Sônego","Rua Domênico Sônego",SC,"Pregão presencial",2018-10-26T08:00:00Z,"itensVencedores_fee3c490-c18a-47b7-999a-32fb7c960978.csv",MURAL_PUBLICO,,," ","participantes_9caf4c5e-287b-4826-9fab-2ebecfde1fae.csv",NÃO," ",2018-10-26T09:00:00Z,," "," "
"PREFEITURA MUNICIPAL DE CRICIUMA",320,2018,320,2018,2018-10-18,"Aquisição de parques infantis, compreendendo equipamentos necessários e instalação, para atendimento as escoladas da Rede Municipal de Ensino de Criciúma/SC.","Pregão presencial","Compras e Serviços","MENOR PRECO GLOBAL",2018-11-07,HOMOLOGADO," "," "," ","contratos_ca05752f-1cb8-4c4e-954c-684d013c2cd2.csv",2018-11-05T09:01:00Z," ",2018-10-18,2018-11-05," ","despesas_39c41f69-f666-4e74-9830-4c93c8dcb7ec.csv"," ","tributos@criciuma.sc.gov.br"," ","Rua Domênico Sônego","Rua Domênico Sônego",SC,"Pregão presencial",2018-11-05T08:00:00Z,"itensVencedores_6360473d-d419-4657-9c33-97579ffbfa59.csv",MURAL_PUBLICO,,," ","participantes_c4bbaa60-c953-4872-8314-184ca3a27840.csv",NÃO," ",2018-11-05T09:00:00Z,," "," "
"PREFEITURA MUNICIPAL DE CRICIUMA",322,2018,322,2018,2018-10-19,"A presente Licitação tem por objeto a aquisição de kit para adaptação do sistema de aquecimento através de bicos queimadores a diesel em 02 tanques metálicos com capacidade de 15.000 litros cada, para depósito de emulsão asfáltica RR-1C e Asfalto Diluído de Petróleo CM-30, que serão instalados na Usina de Asfalto do Município de Criciúma.",Convite,"Compras e Serviços","MENOR PRECO GLOBAL"," ",REVOGADO," "," "," "," ",2018-11-01T11:00:00Z," ",2018-10-18,2018-11-01,2018-11-01,"despesas_e0428e0c-5afb-4439-94d5-515cecc0124c.csv"," ","tributos@criciuma.sc.gov.br"," ","Rua Domênico Sônego","Rua Domênico Sônego",SC,Convite,2018-11-01T08:00:00Z," ",MURAL_PUBLICO,"Razões de Interesse Público","Razões de Interesse Público"," "," ",NÃO," ",2018-11-01T10:45:00Z,"Lei 8666/1993, Art. 22, III"," "," "
"PREFEITURA MUNICIPAL DE CRICIUMA",323,2018,323,2018,2018-10-22,"A presente  Licitação tem por objeto a contratação de empresa para execução de serviços complementares na quadra poliesportiva coberta da  E.M.E.I.E.F. ADOLFO BACK, localizada na rua Número 500 - bairro Jardim União no município de Criciúma-SC",Convite,"Obras e Serviços de Engenharia","MENOR PRECO GLOBAL"," ",REVOGADO," "," "," "," ",2018-11-06T14:00:00Z," ",2018-10-22,2018-11-06,2018-11-06,"despesas_89c2abe3-a085-4279-bae1-46618df5ded5.csv"," ","tributos@criciuma.sc.gov.br"," ","Rua Domênico Sônego","Rua Domênico Sônego",SC,Convite,2018-11-06T08:00:00Z," ",MURAL_PUBLICO,"Razões de Interesse Público","Razões de Interesse Público"," "," ",NÃO," ",2018-11-06T13:45:00Z,"Lei 8666/1993, Art. 22, III"," "," "
"PREFEITURA MUNICIPAL DE CRICIUMA",326,2018,326,2018,2018-10-23,"Aquisição de livros para as escolas da Rede Municipal de Ensino de Criciúma/SC.","Pregão presencial","Compras e Serviços","MENOR PRECO POR ITEM",2018-11-06,HOMOLOGADO," "," "," ","contratos_0a1f7357-cf8d-403c-b9e1-e93b3f6727d7.csv",2018-11-06T09:01:00Z," ",2018-10-22,2018-11-06," ","despesas_780a1a4c-035d-4992-9f21-020fb05a9f00.csv"," ","tributos@criciuma.sc.gov.br"," ","Rua Domênico Sônego","Rua Domênico Sônego",SC,"Pregão presencial",2018-11-06T08:00:00Z,"itensVencedores_0b785eaf-04d0-4cc2-a669-1ebb4c684d23.csv",INTERNET,,," ","participantes_ed735830-d636-4d35-bf69-e15a1f4df5c3.csv",NÃO," ",2018-11-06T09:00:00Z,," "," "
"PREFEITURA MUNICIPAL DE CRICIUMA",327,2018,327,2018,2018-10-23,"Registro de preços de guarda-corpo, corrimão e portão metálico, compreendendo a instalação e equipamentos necessários, para aquisições futuras, no atendimento a Rede Municipal de Ensino de Criciúma/SC.","Pregão presencial","Compras e Serviços","MENOR PRECO GLOBAL",2018-11-21,HOMOLOGADO," ","atasRegistroPrecos_960672fe-5715-4719-bde1-0bb197260ca1.csv"," "," ",2018-11-14T09:01:00Z," ",2018-10-22,2018-11-14," ","despesas_b1db357a-88cd-4c47-a71a-65f7ecadcfdc.csv"," ","tributos@criciuma.sc.gov.br"," ","Rua Domênico Sônego","Rua Domênico Sônego",SC,"Pregão presencial",2018-11-14T08:00:00Z,"itensVencedores_45776620-3d09-42d3-b50b-85f5ce58a98e.csv",INTERNET,,," ","participantes_8f6aa583-adfd-430a-9be1-c9fe5bb71543.csv",SIM," ",2018-11-14T09:00:00Z,," "," "
"PREFEITURA MUNICIPAL DE CRICIUMA",328,2018,328,2018,2018-10-23,"Aquisição de jogos educativos, para atendimento a Rede Municipal de Ensino de Criciúma/SC.","Pregão presencial","Compras e Serviços","MENOR PRECO POR ITEM",2018-11-14,HOMOLOGADO," "," "," ","contratos_87c52799-fc14-49c8-bfa6-abae0c4a7f09.csv",2018-11-07T10:01:00Z," ",2018-10-22,2018-11-07," ","despesas_edb6582c-287c-4de4-afb6-15368d246e93.csv"," ","tributos@criciuma.sc.gov.br"," ","Rua Domênico Sônego","Rua Domênico Sônego",SC,"Pregão presencial",2018-11-07T08:00:00Z,"itensVencedores_f0b5f4c5-ad13-4ae5-a188-554a6be31b61.csv",INTERNET,,," ","participantes_9b9316c2-a137-4b01-bb39-dec1f5ee7d65.csv",NÃO," ",2018-11-07T10:00:00Z,," "," "
"PREFEITURA MUNICIPAL DE CRICIUMA",333,2018,333,2018,2018-10-26,"Aquisição de bolas para uso nas aulas de educação física, no atendimento a Rede Municipal de Ensino de Criciúma/SC.","Pregão presencial","Compras e Serviços","MENOR PRECO POR ITEM",2018-12-07,HOMOLOGADO," "," "," ","contratos_6909ead6-c141-47c4-998b-29822e0b6b51.csv",2018-11-08T10:31:00Z," ",2018-10-25,2018-11-08," ","despesas_a4ee65aa-4797-4e1b-901e-b52e0a84c9a8.csv"," ","tributos@criciuma.sc.gov.br"," ","Rua Domênico Sônego","Rua Domênico Sônego",SC,"Pregão presencial",2018-11-08T08:00:00Z,"itensVencedores_e9ec579b-95a3-4650-8762-4d6b6f1726a7.csv",INTERNET,,," ","participantes_5291ba97-8138-4c24-ba5f-378fdcc6a80d.csv",NÃO," ",2018-11-08T10:30:00Z,," "," "
"PREFEITURA MUNICIPAL DE CRICIUMA",335,2018,335,2018,2018-10-25,"Aquisição de mobiliários para as escolas da Rede Municipal de Ensino de Criciúma/SC.","Pregão presencial","Compras e Serviços","MENOR PRECO POR ITEM",2018-11-14,HOMOLOGADO," "," "," ","contratos_7e5903d1-83fa-4376-b01f-0f4d5a84a5e8.csv",2018-11-09T08:31:00Z," ",2018-10-25,2018-11-09," ","despesas_73aee8c4-f209-4a12-a729-8da9041b81f4.csv"," ","tributos@criciuma.sc.gov.br"," ","Rua Domênico Sônego","Rua Domênico Sônego",SC,"Pregão presencial",2018-11-09T08:00:00Z,"itensVencedores_ded9b965-e9da-4e6b-b4b7-31c8460b7ea5.csv",INTERNET,,," ","participantes_4c67de6c-e4a8-4ce0-9153-3536f35c4f80.csv",NÃO," ",2018-11-09T08:30:00Z,," "," "
"PREFEITURA MUNICIPAL DE CRICIUMA",337,2018,337,2018,2018-11-16,"A presente licitação tem por objetivo a contratação de empresa para a manutenção do caminhão espargidor de asfalto, pertencente a Secretaria de Infraestrutura, Planejamento e Mobilidade Urbana do município de Criciúma/SC.",Convite,"Compras e Serviços","MENOR PRECO GLOBAL",2018-12-11,HOMOLOGADO," "," "," ","contratos_b824b7b1-ee28-444c-b0ee-fa7707d50026.csv",2018-11-27T14:00:00Z," ",2018-11-16,2018-11-27," ","despesas_cdfc5031-6f8e-43d1-908a-c2c4ce4f17a9.csv"," ","tributos@criciuma.sc.gov.br"," ","Rua Domênico Sônego","Rua Domênico Sônego",SC,Convite,2018-11-27T08:00:00Z,"itensVencedores_38a60400-c095-4e28-9838-d1446ba0c902.csv",MURAL_PUBLICO,,," ","participantes_a174ead8-08cb-4202-9de4-b47a35760d24.csv",NÃO," ",2018-11-27T13:45:00Z,"Lei 8666/1993, Art. 22, III"," "," "
"PREFEITURA MUNICIPAL DE CRICIUMA",317,2018,317,2018,2018-10-17,"O presente Edital tem por objetivo a contratação de empresa especializada para transporte de passageiros para o 4º Batalhão de Bombeiros Militar de Criciúma/SC.","Pregão presencial","Compras e Serviços","MENOR PRECO POR ITEM",2018-11-05,HOMOLOGADO," "," "," ","contratos_afd7c1ec-e2c8-4f22-bb43-7d82287a73cd.csv",2018-10-31T09:01:00Z," ",2018-09-14,2018-10-31," ","despesas_f3e51a80-759e-4231-a1b7-6a8b1c124993.csv"," ","tributos@criciuma.sc.gov.br"," ","Rua Domênico Sônego","Rua Domênico Sônego",SC,"Pregão presencial",2018-10-31T08:00:00Z,"itensVencedores_6299025a-0b31-4271-b101-f7e012971522.csv",INTERNET,,," ","participantes_96340eaf-897f-45b7-84ba-ef594a80f64f.csv",NÃO," ",2018-10-31T09:00:00Z,," "," "
"PREFEITURA MUNICIPAL DE CRICIUMA",318,2018,318,2018,2018-10-15,"A presente licitação tem por objetivo a contratação, através de empresas especializadas, para prestação de serviços de manutenção de aparelhos de ar condicionado do 9º Batalhão da Policia Militar de Criciúma/SC., compreendendo o fornecimento dos materiais, mão-de-obra, peças, equipamentos, máquinas e ferramentas normais e especiais necessárias.","Pregão presencial","Compras e Serviços","MENOR PRECO GLOBAL",2018-11-22,HOMOLOGADO," "," "," ","contratos_763d610e-7180-44f0-ab9c-ef3c625acabd.csv",2018-10-31T14:01:00Z," ",2018-10-15,2018-10-31," ","despesas_cfb51981-64cb-4e78-b7a8-88da5414a4a4.csv"," ","tributos@criciuma.sc.gov.br"," ","Rua Domênico Sônego","Rua Domênico Sônego",SC,"Pregão presencial",2018-10-31T08:00:00Z,"itensVencedores_5b04ae84-2c29-4940-a202-6606402714b9.csv",MURAL_PUBLICO,,," ","participantes_b8a6739f-f2cb-439b-9ea7-5ef1c31333eb.csv",NÃO," ",2018-10-31T14:00:00Z,," "," "
"PREFEITURA MUNICIPAL DE CRICIUMA",321,2018,321,2018,2018-10-18,"A presente licitação tem por objetivo a contratação de empresa para reforma completa (mecânica + chapeação) da escavadeira New Holland E135B, frota nº 402, pertencente a Secretaria de Infraestrutura, Planejamento e Mobilidade Urbana do município de Criciúma/SC.",Convite,"Compras e Serviços","MENOR PRECO GLOBAL",2018-10-31,HOMOLOGADO," "," "," ","contratos_b4d27bf0-8239-4f4a-8ab4-3746315fc433.csv",2018-10-25T15:00:00Z," ",2018-10-18,2018-10-25," ","despesas_c193560d-f2be-4ec3-900c-f1061f268d64.csv"," ","tributos@criciuma.sc.gov.br"," ","Rua Domênico Sônego","Rua Domênico Sônego",SC,Convite,2018-10-25T08:00:00Z,"itensVencedores_ab692298-af06-40b1-87d8-2feaa106d814.csv",MURAL_PUBLICO,,," ","participantes_9f359d1b-51b9-41f7-a9a6-5ce64a329d61.csv",NÃO," ",2018-10-25T14:45:00Z,"Lei 8666/1993, Art. 22, III"," "," "
"PREFEITURA MUNICIPAL DE CRICIUMA",324,2018,324,2018,2018-10-22,"Contratação de empresa para execução dos serviços de recuperação e reforço de parte da laje de cobertura do canal pluvial da rua Antônio F. Teixeira, localizada no bairro Santa Bárbara - município de Criciúma-SC.",Convite,"Obras e Serviços de Engenharia","MENOR PRECO GLOBAL",2018-11-14,HOMOLOGADO," "," "," ","contratos_09057173-05a2-487c-bf5a-d5b847c48a1e.csv",2018-11-01T14:00:00Z," ",2018-10-22,2018-11-01," ","despesas_ce283920-bf58-4d92-a18e-5833ba5c884d.csv"," ","tributos@criciuma.sc.gov.br"," ","Rua Domênico Sônego","Rua Domênico Sônego",SC,Convite,2018-11-01T08:00:00Z,"itensVencedores_2f2426fe-74b6-4863-b5e1-fa2d0aa6b7ea.csv",MURAL_PUBLICO,,," ","participantes_89fa34ae-5a75-44b4-98cf-e96241bdd3aa.csv",NÃO," ",2018-11-01T13:45:00Z,"Lei 8666/1993, Art. 22, III"," "," "
"PREFEITURA MUNICIPAL DE CRICIUMA",325,2018,325,2018,2018-10-22,"Contratação de empresa para execução dos serviços necessários à fabricação e instalação de uma arquibancada de estrutura  pré-fabricada  em concreto armado na rua José Henrique Mezzari, localizada no bairro Próspera",Convite,"Obras e Serviços de Engenharia","MENOR PRECO GLOBAL",2018-11-14,HOMOLOGADO," "," "," ","contratos_da6dc95d-c358-40a7-a864-cb8b3e4cb7f1.csv",2018-11-06T16:00:00Z," ",2018-10-22,2018-11-06," ","despesas_134366bb-64ce-4909-a11b-c6897f82a48f.csv"," ","tributos@criciuma.sc.gov.br"," ","Rua Domênico Sônego","Rua Domênico Sônego",SC,Convite,2018-11-06T08:00:00Z,"itensVencedores_ad42d9a8-b8bd-4137-afe4-d72bb4357758.csv",MURAL_PUBLICO,,," ","participantes_aed83b90-21a3-4958-9412-e3b35f030bec.csv",NÃO," ",2018-11-06T15:45:00Z,"Lei 8666/1993, Art. 22, III"," "," "
"PREFEITURA MUNICIPAL DE CRICIUMA",329,2018,329,2018,2018-10-23,"Aquisição de camas empilháveis, para atendimento as escolas da Rede Municipal de Ensino de Criciúma/SC.","Pregão presencial","Compras e Serviços","MENOR PRECO GLOBAL",2018-11-28,HOMOLOGADO," "," "," ","contratos_5bfa1019-3f81-4433-9ab6-d99035dbedd3.csv",2018-11-07T14:01:00Z," ",2018-10-22,2018-11-07," ","despesas_d8e06e85-4baa-4474-80ae-8ab160eb770d.csv"," ","tributos@criciuma.sc.gov.br"," ","Rua Domênico Sônego","Rua Domênico Sônego",SC,"Pregão presencial",2018-11-07T08:00:00Z,"itensVencedores_4e3677b0-468a-42ac-871e-611f328f2dca.csv",INTERNET,,," ","participantes_4ad566b2-dec3-44cc-885c-3fbce2e665b3.csv",NÃO," ",2018-11-07T14:00:00Z,," "," "
"PREFEITURA MUNICIPAL DE CRICIUMA",330,2018,330,2018,2018-11-06,"Prestação de serviços de publicação de atos oficiais no Diário Oficial da União - Seção 3.","Inexigibilidade de licitação","Compras e Serviços","MENOR PRECO",2018-10-22,HOMOLOGADO," "," "," ","contratos_017a22cf-190c-4e0a-ac29-9cd8c84a30eb.csv",2018-10-22T08:01:00Z," ",2018-10-22,2018-10-22," ","despesas_95f00685-17a8-46ee-9771-830cea039af2.csv"," ","tributos@criciuma.sc.gov.br"," ","Rua Domênico Sônego","Rua Domênico Sônego",SC,"Inexigibilidade de licitação",2018-10-22T08:00:00Z,"itensVencedores_ad08dd02-ed14-47f0-9d6d-ef34d8d850bb.csv",INTERNET,,," ","participantes_2ed4c42f-14a0-48ed-bf3d-6e12ef64386b.csv",NÃO," ",2018-10-22T08:00:00Z,," "," "
"PREFEITURA MUNICIPAL DE CRICIUMA",331,2018,331,2018,2018-10-26,"Contratação de empresa para execução das obras de infraestrutura necessárias, com exceção da capa asfáltica - CAUQ, para pavimentação das ruas Varci Colombo, Rosa Bonfante, Hercílio Darós, Número 1270, José Rodrigues e SD-1699-132, localizadas no bairro Laranjinha e da rua Afonso Milanese, localizada no bairro São Sebastião - Município de Criciúma-SC.","Tomada de Preço","Obras e Serviços de Engenharia","MENOR PRECO GLOBAL",2018-11-22,HOMOLOGADO," "," "," ","contratos_bebb98b8-9182-4f84-be28-e06a57b16f96.csv",2018-11-14T14:00:00Z," ",2018-10-25,2018-11-14," ","despesas_6b134c9c-c03e-40d2-a9cd-38cab857c136.csv"," ","tributos@criciuma.sc.gov.br"," ","Rua Domênico Sônego","Rua Domênico Sônego",SC,"Tomada de Preço",2018-11-14T08:00:00Z,"itensVencedores_2b903dd4-f202-411e-8346-871317911b0f.csv","JORNAL_DIVULGACAO_REGIONAL",,," ","participantes_1445629c-cf64-4555-9d1c-bc9c23be0b5a.csv",NÃO," ",2018-11-14T13:45:00Z,"Lei 8666/1993, Art. 22, II"," "," "
"PREFEITURA MUNICIPAL DE CRICIUMA",332,2018,332,2018,2018-10-26,"A presente licitação tem por objetivo a contratação de empresa especializada no fornecimento e instalação de brinquedo para playground temático para o Parque dos Imigrantes do município de Criciúma/SC.","Pregão presencial","Compras e Serviços","MENOR PRECO GLOBAL",2018-11-08,HOMOLOGADO," "," "," ","contratos_1e01104f-9000-4627-8a86-b7997851398c.csv",2018-11-08T08:31:00Z," ",2018-10-25,2018-11-08," ","despesas_9d82a9fe-3983-4dcb-9f40-ea4eb7afc29c.csv"," ","tributos@criciuma.sc.gov.br"," ","Rua Domênico Sônego","Rua Domênico Sônego",SC,"Pregão presencial",2018-11-08T08:00:00Z,"itensVencedores_da4d0206-eaee-4c23-b89b-1e5d89feb6d2.csv",INTERNET,,," ","participantes_5512402c-af26-4c5e-90f1-b3bd32dc3346.csv",NÃO," ",2018-11-08T08:30:00Z,," "," "
"PREFEITURA MUNICIPAL DE CRICIUMA",25,2018,25,2018,2018-02-06,"Aquisição de equipamento de vídeo conferência para atendimento à Secretaria Municipal de Educação de Criciúma/SC.","Pregão presencial","Compras e Serviços","MENOR PRECO POR ITEM",2018-02-21,HOMOLOGADO," "," "," ","contratos_12f33901-39be-4115-a1df-5196722b12f3.csv",2018-02-06T14:01:00Z," ",2018-01-19,2018-02-06," ","despesas_e97d2515-451c-47be-ad22-1be33948e430.csv"," ","tributos@criciuma.sc.gov.br"," ","Rua Domênico Sônego","Rua Domênico Sônego",SC,"Pregão presencial",2018-02-06T08:00:00Z,"itensVencedores_ce8d5fe3-b751-4aab-82cd-9df873ea25ff.csv",INTERNET,,," ","participantes_06db54a9-4a44-4764-ae8e-3ca18a394dbd.csv",NÃO," ",2018-02-06T14:00:00Z,," "," "
"PREFEITURA MUNICIPAL DE CRICIUMA",27,2018,27,2018,2018-01-22,"Tem por objetivo, aquisição de 02 (duas) carrocerias novas, reforma de carroceria e colocação de assoalho em 02 (duas) caçambas metálicas atendendo a secretaria de Infraestrutura - Frota Municipal.",Convite,"Compras e Serviços","MENOR PRECO GLOBAL",2018-02-21,HOMOLOGADO," "," "," ","contratos_88a61f53-d701-4818-a710-286c1069432c.csv",2018-02-14T15:00:00Z," ",2018-01-22,2018-02-14," ","despesas_b320ca9e-6c71-4438-8e0a-24f4471e1a1f.csv"," ","tributos@criciuma.sc.gov.br"," ","Rua Domênico Sônego","Rua Domênico Sônego",SC,Convite,2018-02-14T08:00:00Z,"itensVencedores_fa0dba35-c583-4dfb-9084-852cddaa915f.csv",MURAL_PUBLICO,,," ","participantes_d4ebb9ec-e2f8-4464-ad87-4fcefefeaa8d.csv",NÃO," ",2018-02-14T14:45:00Z,"Lei 8666/1993, Art. 22, III"," "," "
"PREFEITURA MUNICIPAL DE CRICIUMA",28,2018,28,2018,2018-01-22,"O presente edital tem por objetivo, contratação de empresa para realizar serviço de reforma e reestruturação interna de micro-ônibus para atendimento do PROCON nos bairros do município de Criciúma/SC.",Convite,"Compras e Serviços","MENOR PRECO GLOBAL",2018-02-22,HOMOLOGADO," "," "," ","contratos_ec504902-f2a0-486f-b00e-e072a7b5ec7c.csv",2018-02-15T10:00:00Z," ",2018-01-22,2018-02-15," ","despesas_4b095bd8-0c83-40a7-a527-e284a5fc7105.csv"," ","tributos@criciuma.sc.gov.br"," ","Rua Domênico Sônego","Rua Domênico Sônego",SC,Convite,2018-02-15T08:00:00Z,"itensVencedores_ce9641a5-5fa1-4c73-9b54-126830e82784.csv",MURAL_PUBLICO,,," ","participantes_7a7221f8-8ac2-42ef-bbb0-9c2ec629db38.csv",NÃO," ",2018-02-15T09:45:00Z,"Lei 8666/1993, Art. 22, III"," "," "
"PREFEITURA MUNICIPAL DE CRICIUMA",29,2018,29,2018,2018-01-26,"Contratação de empresa especializada para prestar serviços de suporte técnico, instalação e configuração de softwares e atendimento nas redes locais, dar suporte aos ambientes operacionais e aos seus respectivos aplicativos nas escolas da rede municipal de ensino de Criciúma SC",Convite,"Compras e Serviços","MENOR PRECO GLOBAL",2018-02-20,HOMOLOGADO," "," "," ","contratos_45bdeba3-cb27-465d-95e7-927d1f032b46.csv",2018-02-07T16:00:00Z," ",2018-01-25,2018-02-07," ","despesas_4f72d4e7-fd49-4ede-8830-c37e18bb8378.csv"," ","tributos@criciuma.sc.gov.br"," ","Rua Domênico Sônego","Rua Domênico Sônego",SC,Convite,2018-02-07T08:00:00Z,"itensVencedores_f6251ac5-b7d4-477f-8c5b-54f7dd2bd063.csv",MURAL_PUBLICO,,," ","participantes_36071a52-068a-4d09-b83b-3af0f45b54e5.csv",NÃO," ",2018-02-07T15:45:00Z,"Lei 8666/1993, Art. 22, III"," "," "
"PREFEITURA MUNICIPAL DE CRICIUMA",30,2018,30,2018,2018-01-30,"Registro de preços de material escolar, através de empresas do ramo pertinente, para aquisições futuras, no atendimento as escolas da rede municipal de ensino de Criciúma/SC","Pregão presencial","Compras e Serviços","MENOR PRECO POR ITEM",2018-03-16,HOMOLOGADO," ","atasRegistroPrecos_ae7053f8-dc4d-45ef-9fed-2331ea71d6a5.csv"," "," ",2018-02-22T09:01:00Z," ",2018-01-26,2018-02-22," ","despesas_81593bc0-4a6e-4231-a7f2-f91b176b483d.csv"," ","tributos@criciuma.sc.gov.br"," ","Rua Domênico Sônego","Rua Domênico Sônego",SC,"Pregão presencial",2018-02-22T08:00:00Z,"itensVencedores_052f7ac2-7396-4e9a-903a-a40650a3cd9a.csv",INTERNET,,," ","participantes_17b3c31f-b87a-441e-a2d2-69c2106fc362.csv",SIM," ",2018-02-22T09:00:00Z,," "," "
"PREFEITURA MUNICIPAL DE CRICIUMA",9,2018,9,2018,2018-01-10,"Contratação de empresa de engenharia para execução dos serviços necessários às obras de conclusão da construção do Galpão da Usina de Asfalto com 359,60m², (2ª etapa do complexo da usina), localizado na rodov. Gov. Jorge Lacerda - bairro Sangão no município de Criciúma.","Tomada de Preço","Obras e Serviços de Engenharia","MENOR PRECO GLOBAL",2018-02-22,HOMOLOGADO," "," "," ","contratos_685a19c2-c801-4aea-8ef3-d62e921934da.csv",2018-01-29T14:00:00Z," ",2018-01-09,2018-01-29," ","despesas_9b3d4c24-b576-487f-80e5-3c015957853c.csv"," ","tributos@criciuma.sc.gov.br"," ","Rua Domênico Sônego","Rua Domênico Sônego",SC,"Tomada de Preço",2018-01-29T08:00:00Z,"itensVencedores_14aa8a2a-a482-4856-b25e-209bbe02afab.csv",DIARIO_OFICIAL_UNIAO,,," ","participantes_a92c0d22-9723-4737-bb6e-b7ebdf59521c.csv",NÃO," ",2018-01-29T13:45:00Z,"Lei 8666/1993, Art. 22, II"," "," "
"PREFEITURA MUNICIPAL DE CRICIUMA",10,2018,10,2018,2018-01-10,"FORNECIMENTO DE SERVIÇOS DE BORRACHARIA PARA CONSERTO E/OU MANUTENÇÃO DA FROTA DE VIATURAS DA CIRETRAN DE CRICIÚMA.","Dispensa de licitação","Compras e Serviços","MENOR PRECO",2018-01-09,HOMOLOGADO," "," "," ","contratos_e072092d-7561-41ff-afc0-c3fa8b7a0854.csv",2018-01-09T08:01:00Z," ",2018-01-09,2018-01-09," ","despesas_c2a2bbfb-b93e-4215-b8c0-78cf8897b9dd.csv"," ","tributos@criciuma.sc.gov.br"," ","Rua Domênico Sônego","Rua Domênico Sônego",SC,"Dispensa de licitação",2018-01-09T08:00:00Z,"itensVencedores_8d963a7b-3289-466e-ae0c-da9bb1bb2032.csv",INTERNET,,," ","participantes_4913cdff-94b7-4c54-8841-2f5faf9cad09.csv",NÃO," ",2018-01-09T08:00:00Z,," "," "
"PREFEITURA MUNICIPAL DE CRICIUMA",12,2018,12,2018,2018-01-11,"LICITAÇÃO DE MATERIAIS DE INFORMATICA E ESCRITÓRIO PARA CIRETRAN DE CRICIÚMA, PARA  OPERÍODO DE JANEIRO A DEZEMBRO DE 2018.","Dispensa de licitação","Compras e Serviços","MENOR PRECO",2018-01-10,HOMOLOGADO," "," "," ","contratos_39b5c3b3-aefd-424e-ba5a-92fd1c648e53.csv",2018-01-10T08:01:00Z," ",2018-01-10,2018-01-10," ","despesas_21e16db4-658c-46d7-a272-e9748e1a3897.csv"," ","tributos@criciuma.sc.gov.br"," ","Rua Domênico Sônego","Rua Domênico Sônego",SC,"Dispensa de licitação",2018-01-10T08:00:00Z,"itensVencedores_7c1513d2-bf29-4415-a061-59147af32d44.csv","JORNAL_DIVULGACAO_ESTADUAL",,," ","participantes_07b17b13-843a-48c7-a228-90c0f998267e.csv",NÃO," ",2018-01-10T08:00:00Z,," "," "
"PREFEITURA MUNICIPAL DE CRICIUMA",13,2018,13,2018,2018-01-12,"Concessão de Direito de Uso e Exploração de Bem Público para gestão, planejamento, implantação, operação e promoção do Centro de Eventos José Ijair Conti, localizado na rua Giácomo Sonego Neto - Município de Criciúma-SC, por um periodo de 15 anos.","Outras Modalidades","Compras e Serviços","MENOR PRECO",2018-03-06,HOMOLOGADO," "," "," ","contratos_8d4a0f81-9c9f-41db-b4bc-02fe959f2e37.csv"," "," ",2018-01-11,," "," "," ","tributos@criciuma.sc.gov.br"," ","Rua Domênico Sônego","Rua Domênico Sônego",SC,"Outras Modalidades"," ","itensVencedores_8af582dc-d0b5-40e4-9ad9-3be66426a44f.csv",DIARIO_OFICIAL_UNIAO,,," ","participantes_615668b3-40f6-4203-acff-e34d610bd774.csv",NÃO," "," ",," "," "
"PREFEITURA MUNICIPAL DE CRICIUMA",20,2018,20,2018,2018-01-17,"Contratação de empresa do ramo pertinente para execução, de forma parcelada, de serviços especializados que consistem na reforma, manutenção e conserto de móveis para escritório e de cadeiras para uso na rede municipal de ensino de Criciúma/SC",Convite,"Compras e Serviços","MENOR PREÇO GLOBAL POR LOTE",2018-02-15,HOMOLOGADO," "," "," ","contratos_b7fe9838-abe8-4cee-92c3-09e8edfaef5f.csv",2018-02-07T10:00:00Z," ",2018-01-17,2018-02-07," ","despesas_b050f01b-bf19-468a-8291-f9d601198ba9.csv"," ","tributos@criciuma.sc.gov.br"," ","Rua Domênico Sônego","Rua Domênico Sônego",SC,Convite,2018-02-07T08:00:00Z," ",MURAL_PUBLICO,,," ","participantes_e434e10b-c3d0-435e-bf6d-539260468ea7.csv",NÃO," ",2018-02-07T09:45:00Z,"Lei 8666/1993, Art. 22, III"," "," "
"PREFEITURA MUNICIPAL DE CRICIUMA",21,2018,21,2018,2018-01-22,"Contratação de empresa para execução, através de mão-de-obra especializada, dos serviços de implantação dos  sistemas vitais de prevenção contra incêndio em escolas da rede pública municipal.",Convite,"Compras e Serviços","MENOR PRECO GLOBAL",2018-02-15,HOMOLOGADO," "," "," ","contratos_835ed941-2e25-406f-8d60-e4811a796fa1.csv",2018-01-30T14:00:00Z," ",2018-01-18,2018-01-30," ","despesas_6391478d-e4cc-4d88-b039-0705841b71b2.csv"," ","tributos@criciuma.sc.gov.br"," ","Rua Domênico Sônego","Rua Domênico Sônego",SC,Convite,2018-01-30T08:00:00Z,"itensVencedores_69bc3b3f-c41f-47b1-842c-e30b3d0ca2b8.csv",MURAL_PUBLICO,,," ","participantes_352e3ced-e43f-4088-848e-f536f1c2c976.csv",NÃO," ",2018-01-30T13:45:00Z,"Lei 8666/1993, Art. 22, III"," "," "
"PREFEITURA MUNICIPAL DE CRICIUMA",23,2018,23,2018,2018-01-19,"Serviços de conserto e reparação de 400 (quatrocentos) móveis de escritório (cadeiras, longarinas, sofás e mesas)  conforme descrição em anexo, da  6ª CIRETRAN  de Criciúma para o período de janeiro a dezembro de 2018 - Convênio PMC SSP Trânsito",Convite,"Compras e Serviços","MENOR PRECO GLOBAL",2018-02-15,HOMOLOGADO," "," "," ","contratos_27b3191a-92f7-48c8-92e9-8dbda6f6ed17.csv",2018-02-01T15:00:00Z," ",2018-01-19,2018-02-01," ","despesas_a85fcb4d-f833-449a-b8e5-9fe70240535d.csv"," ","tributos@criciuma.sc.gov.br"," ","Rua Domênico Sônego","Rua Domênico Sônego",SC,Convite,2018-02-01T08:00:00Z,"itensVencedores_b25d4cc7-11b5-49c8-bc18-2a2e6fc18166.csv",MURAL_PUBLICO,,," ","participantes_565dda23-5307-4e25-9422-a05dd1e4bff5.csv",NÃO," ",2018-02-01T14:45:00Z,"Lei 8666/1993, Art. 22, III"," "," "
"PREFEITURA MUNICIPAL DE CRICIUMA",26,2018,26,2018,2018-01-22,"Contratação de empresa especializada para prestar serviços de manutenção preventiva e corretiva de redes de comunicação de voz, de dados na sede administrativa e demais repartições públicas, por um período de 12 meses, no Município de Criciúma-SC",Convite,"Compras e Serviços","MENOR PRECO GLOBAL",2018-02-19,HOMOLOGADO," "," "," ","contratos_4c698a3b-4172-4c67-93c0-3b2cc2748560.csv",2018-02-06T16:00:00Z," ",2018-01-22,2018-02-06," ","despesas_ea2d7c06-c05d-4b04-8d5d-ca1f09f85ed6.csv"," ","tributos@criciuma.sc.gov.br"," ","Rua Domênico Sônego","Rua Domênico Sônego",SC,Convite,2018-02-06T08:00:00Z,"itensVencedores_c0045570-3731-4cec-a9ee-68f023545d17.csv",INTERNET,,," ","participantes_156078ce-8a19-410a-bf49-ec0eb4394597.csv",NÃO," ",2018-02-06T15:45:00Z,"Lei 8666/1993, Art. 22, III"," "," "
"PREFEITURA MUNICIPAL DE CRICIUMA",31,2018,31,2018,2018-01-30,"Aquisição de equipamento de informática para utilização da Secretaria de Infraestrutura, Planejamento e Mobilidade Urbana do município de Criciúma/SC.","Pregão presencial","Compras e Serviços","MENOR PRECO POR ITEM",2018-02-16,HOMOLOGADO," "," "," ","contratos_fac58fb6-c05f-4f47-9e88-8494f8145ba3.csv",2018-02-15T08:31:00Z," ",2018-01-26,2018-02-15," ","despesas_dd50e89a-c564-408a-9545-36b4eb14d175.csv"," ","tributos@criciuma.sc.gov.br"," ","Rua Domênico Sônego","Rua Domênico Sônego",SC,"Pregão presencial",2018-02-15T08:00:00Z,"itensVencedores_c00bc638-64e3-47dc-8dbd-5dcaf5237f4c.csv",INTERNET,,," ","participantes_5eb0ef59-6d08-42f2-ac0c-a09b8c85db1f.csv",NÃO," ",2018-02-15T08:30:00Z,," "," "
"PREFEITURA MUNICIPAL DE CRICIUMA",34,2018,34,2018,2018-02-05,"O presente Edital tem por objetivo a contratação de empresa especializada no fornecimento de granito para a reparação dos locais afetados devido a mudança para o Paço Municipal Marcos Rovaris",Convite,"Compras e Serviços","MENOR PRECO GLOBAL",2018-02-22,HOMOLOGADO," "," "," ","contratos_2a0a678a-f2be-4954-bc7c-a54020179880.csv",2018-02-20T10:00:00Z," ",2018-02-05,2018-02-20," ","despesas_2ea42abc-7e64-4a15-9e70-cafbf546628b.csv"," ","tributos@criciuma.sc.gov.br"," ","Rua Domênico Sônego","Rua Domênico Sônego",SC,Convite,2018-02-20T08:00:00Z,"itensVencedores_e9f993ed-e332-417a-87f7-c8c92234097b.csv",MURAL_PUBLICO,,," ","participantes_9c961232-7e34-49d0-932e-4c5f5384eaa9.csv",NÃO," ",2018-02-20T09:45:00Z,"Lei 8666/1993, Art. 22, III"," "," "
"PREFEITURA MUNICIPAL DE CRICIUMA",334,2018,334,2018,2018-10-26,"Registro de preços de APARELHOS DE AR CONDICIONADO SPLIT para instalação no Centro de Processamento da Merenda Escolar e escolas pertencentes a Rede Municipal de Ensino do município de Criciúma /SC.","Pregão presencial","Compras e Serviços","MENOR PRECO POR ITEM",2018-11-14,HOMOLOGADO," ","atasRegistroPrecos_468920c1-09c2-4ebd-b8d4-0f940608960d.csv"," "," ",2018-11-08T14:01:00Z," ",2018-10-25,2018-11-08," ","despesas_80cfb2b4-7863-430b-910a-ca9c0e58ec61.csv"," ","tributos@criciuma.sc.gov.br"," ","Rua Domênico Sônego","Rua Domênico Sônego",SC,"Pregão presencial",2018-11-08T08:00:00Z,"itensVencedores_c28d64e4-e0d8-46e2-a8c6-e759a0b9c877.csv",INTERNET,,," ","participantes_e265b425-ad0a-407b-9297-309867015881.csv",SIM," ",2018-11-08T14:00:00Z,," "," "
"PREFEITURA MUNICIPAL DE CRICIUMA",336,2018,336,2018,2018-10-26,"Aquisição de eletrodomésticos e eletrônicos, para atendimento as escolas da Rede Municipal de Ensino de Criciúma/SC.","Pregão presencial","Compras e Serviços","MENOR PRECO POR ITEM",2018-11-20,HOMOLOGADO," "," "," ","contratos_6236a1fb-6548-4178-8de0-e462bc101d74.csv",2018-11-09T14:01:00Z," ",2018-10-25,2018-11-09," ","despesas_bb8fbeb8-51bd-416a-9bc7-436ee1635561.csv"," ","tributos@criciuma.sc.gov.br"," ","Rua Domênico Sônego","Rua Domênico Sônego",SC,"Pregão presencial",2018-11-09T08:00:00Z,"itensVencedores_41540f9d-9460-4bf6-ba71-1f519d50cd29.csv",INTERNET,,," ","participantes_daa110b4-ea64-4244-871d-d24046f8d4a3.csv",NÃO," ",2018-11-09T14:00:00Z,," "," "
"PREFEITURA MUNICIPAL DE CRICIUMA",339,2018,339,2018,2018-10-31,"Contratação de empresa para execução, por demanda, de substituição e/ou reposição de piso de tacos de madeira (parquet) danificados ou faltantes, em escolas pertencentes a rede municipal de ensino de Criciúma-SC.",Convite,"Obras e Serviços de Engenharia","MENOR PRECO GLOBAL",2018-11-19,HOMOLOGADO," "," "," ","contratos_e745e45e-a906-449c-a40b-544c30ecb2c9.csv",2018-11-08T16:00:00Z," ",2018-10-30,2018-11-08," ","despesas_b92a569d-5956-4ebd-906b-bf563df10e0d.csv"," ","tributos@criciuma.sc.gov.br"," ","Rua Domênico Sônego","Rua Domênico Sônego",SC,Convite,2018-11-08T08:00:00Z,"itensVencedores_6ccb7e5e-0871-4ef2-b7fe-00c1d2454048.csv",MURAL_PUBLICO,,," ","participantes_c71b7b3f-d417-408f-972b-3f02b316511d.csv",NÃO," ",2018-11-08T15:45:00Z,"Lei 8666/1993, Art. 22, III"," "," "
"PREFEITURA MUNICIPAL DE CRICIUMA",344,2018,344,2018,2018-11-07,"Registro de preços para fornecimento e plantio de grama em leiva do tipo esmeralda, para atendimento futuro ao Parque do Imigrante, localizado do Município de Criciúma.","Pregão presencial","Compras e Serviços","MENOR PRECO GLOBAL",2018-11-21,HOMOLOGADO," ","atasRegistroPrecos_fa97684a-a45c-4e32-90dc-fbc4f0f2f716.csv"," "," ",2018-11-20T09:01:00Z," ",2018-11-05,2018-11-20," ","despesas_19c5a729-1e25-4472-89be-8bd0100f41a2.csv"," ","tributos@criciuma.sc.gov.br"," ","Rua Domênico Sônego","Rua Domênico Sônego",SC,"Pregão presencial",2018-11-20T08:00:00Z,"itensVencedores_1efc1c49-3b5c-4ffa-84eb-7b8756f595e1.csv",INTERNET,,," ","participantes_d7833d8f-b4aa-425b-b0cc-77d65094a15a.csv",SIM," ",2018-11-20T09:00:00Z,," "," "
"PREFEITURA MUNICIPAL DE CRICIUMA",345,2018,345,2018,2018-11-07,"Aquisição de ladrilho hidráulico, a ser executado no interior da atafona localizada no Parque dos Imigrantes no município de Criciúma/SC.","Pregão presencial","Compras e Serviços","MENOR PRECO POR ITEM",2018-11-21,HOMOLOGADO," "," "," ","contratos_4a431856-a908-42ae-9bd3-ceeeaa8c6003.csv",2018-11-20T10:31:00Z," ",2018-11-05,2018-11-20," ","despesas_1698f0e1-f57f-4a27-a668-a5dbd43554c0.csv"," ","tributos@criciuma.sc.gov.br"," ","Rua Domênico Sônego","Rua Domênico Sônego",SC,"Pregão presencial",2018-11-20T08:00:00Z,"itensVencedores_44057aec-6a88-4082-9f7f-a7ddbd2adb23.csv",INTERNET,,," ","participantes_b427dbca-87b9-41b3-84b4-63cb22fa5b48.csv",NÃO," ",2018-11-20T10:30:00Z,," "," "
"PREFEITURA MUNICIPAL DE CRICIUMA",347,2018,347,2018,2018-11-09,"Contratação de empresa de engenharia para execução dos serviços necessários às obras de reforma parcial da E.M.E.I.E.F. ÉRICO NONNENMACHER, localizada no bairro Pinheirinho -  município de Criciúma/SC.",Convite,"Obras e Serviços de Engenharia","MENOR PRECO GLOBAL",2018-11-28,HOMOLOGADO," "," "," ","contratos_15da37b1-ebb2-451d-9e8b-7c3d20f98e07.csv",2018-11-20T16:00:00Z," ",2018-11-09,2018-11-20," ","despesas_5a4b1f5d-00e6-4770-a083-5b73b81fd31d.csv"," ","tributos@criciuma.sc.gov.br"," ","Rua Domênico Sônego","Rua Domênico Sônego",SC,Convite,2018-11-20T08:00:00Z,"itensVencedores_c44ac04f-0fd6-4f88-80c3-29ad964c0e5e.csv",MURAL_PUBLICO,,," ","participantes_b9d49eb9-dfa6-4393-bfe7-ea70a7a65954.csv",NÃO," ",2018-11-20T15:45:00Z,"Lei 8666/1993, Art. 22, III"," "," "
"PREFEITURA MUNICIPAL DE CRICIUMA",349,2018,349,2018,2018-11-16,"Aquisição de mobiliário para a Secretaria de Saúde, Procuradoria Geral e Secretaria da Fazenda do município de Criciúma/SC.","Pregão presencial","Compras e Serviços","MENOR PREÇO GLOBAL POR LOTE",2018-12-11,HOMOLOGADO," "," "," ","contratos_39e408e2-3684-4683-ae6e-de5c6f6d3466.csv",2018-11-28T09:01:00Z," ",2018-11-14,2018-11-28," ","despesas_4423177a-b564-42fc-a431-ddd89d491c77.csv"," ","tributos@criciuma.sc.gov.br"," ","Rua Domênico Sônego","Rua Domênico Sônego",SC,"Pregão presencial",2018-11-28T08:00:00Z,"itensVencedores_33eedef3-de5e-4610-a991-0b3de54e5723.csv",INTERNET,,," ","participantes_f64002db-f71f-428a-9c5c-174ba1574e24.csv",NÃO," ",2018-11-28T09:00:00Z,," "," "
"PREFEITURA MUNICIPAL DE CRICIUMA",350,2018,350,2018,2018-11-16,"Registro de preços de execução por demanda, de serviços gráficos, para impressão a laser duplex, auto envelopado, de Slip da folha de pagamento dos funcionários públicos municipais de Criciúma/SC.","Pregão presencial","Compras e Serviços","MENOR PRECO POR ITEM",2018-12-06,HOMOLOGADO," ","atasRegistroPrecos_e5aac771-ba20-4818-a804-c637e35ede8d.csv"," "," ",2018-11-29T09:01:00Z," ",2018-11-14,2018-11-29," ","despesas_90fdc9fd-cef1-47ca-ba02-39e5e19aacb2.csv"," ","tributos@criciuma.sc.gov.br"," ","Rua Domênico Sônego","Rua Domênico Sônego",SC,"Pregão presencial",2018-11-29T08:00:00Z,"itensVencedores_027b67d2-acf7-4a27-b2a6-0376425235bb.csv",INTERNET,,," ","participantes_3b16829d-84ae-4af8-a0d7-a7bef7d0a490.csv",SIM," ",2018-11-29T09:00:00Z,," "," "
"PREFEITURA MUNICIPAL DE CRICIUMA",351,2018,351,2018,2018-11-16,"Aquisição de HDS externos em atendimento as escolas pertencentes a Rede Municipal de Ensino de Criciúma/SC.","Pregão presencial","Compras e Serviços","MENOR PRECO POR ITEM",2018-12-06,HOMOLOGADO," "," "," ","contratos_03574011-c2f2-4c58-811d-e27433f92fb9.csv",2018-11-29T10:31:00Z," ",2018-11-14,2018-11-29," ","despesas_384a6049-b39c-4795-b121-a5e3509bcb12.csv"," ","tributos@criciuma.sc.gov.br"," ","Rua Domênico Sônego","Rua Domênico Sônego",SC,"Pregão presencial",2018-11-29T08:00:00Z,"itensVencedores_566e0825-531a-407a-94a3-140c763081f8.csv",INTERNET,,," ","participantes_7f78ae20-4acb-41d2-a49b-a0a9cc0ce60b.csv",NÃO," ",2018-11-29T10:30:00Z,," "," "
"PREFEITURA MUNICIPAL DE CRICIUMA",357,2018,357,2018,2018-11-19,"A presente licitação tem por objetivo a contratação de empresa especializada no fornecimento e instalação de parques infantis em madeira, para praças e parques do município de Criciúma/SC.","Pregão presencial","Compras e Serviços","MENOR PRECO GLOBAL",2018-12-05,HOMOLOGADO," "," "," ","contratos_183663d7-b385-4b49-8c4c-c9634af18f1e.csv",2018-11-30T15:31:00Z," ",2018-11-19,2018-11-30," ","despesas_75ee3fa0-4c2f-4e0e-95fe-3a67f4b1f49f.csv"," ","tributos@criciuma.sc.gov.br"," ","Rua Domênico Sônego","Rua Domênico Sônego",SC,"Pregão presencial",2018-11-30T08:00:00Z,"itensVencedores_95ed6dd0-95ac-4c48-8558-fa7c86574ea1.csv",MURAL_PUBLICO,,," ","participantes_b151f815-8617-4601-8a2d-054d8a95d964.csv",NÃO," ",2018-11-30T15:30:00Z,," "," "
"PREFEITURA MUNICIPAL DE CRICIUMA",354,2018,354,2018,2018-11-16,"Contratação de empresa especializada para execução dos serviços necessários à instalação de iluminação em LED no Parque do Imigrante, localizado no bairro Vila Francesa no município de Criciúma/SC.",Convite,"Compras e Serviços","MENOR PRECO GLOBAL",2018-11-28,HOMOLOGADO," "," "," ","contratos_a4cfc463-3f98-49bd-a9e4-0ce08b35ba68.csv",2018-11-23T14:00:00Z," ",2018-11-16,2018-11-23," ","despesas_6b180500-8a88-431d-8594-ded78052ce3c.csv"," ","tributos@criciuma.sc.gov.br"," ","Rua Domênico Sônego","Rua Domênico Sônego",SC,Convite,2018-11-23T08:00:00Z,"itensVencedores_370b7cfa-face-4297-b3cc-264a7f4f1c8c.csv",MURAL_PUBLICO,,," ","participantes_f3f798c5-5643-43f0-ba07-b2d13f30c765.csv",NÃO," ",2018-11-23T13:45:00Z,"Lei 8666/1993, Art. 22, III"," "," "
"PREFEITURA MUNICIPAL DE CRICIUMA",355,2018,355,2018,2018-11-20,"Aquisição de uniformes para atendimento aos alunos das escolas da Rede Municipal de Ensino de Criciúma/SC.","Pregão presencial","Compras e Serviços","MENOR PRECO GLOBAL",2018-12-11,HOMOLOGADO," "," "," ","contratos_417ce21e-0ee8-4f68-ba5e-def54220751f.csv",2018-11-30T09:01:00Z," ",2018-11-19,2018-11-30," ","despesas_dd9aa200-409f-4200-a468-aa40b53f6a1a.csv"," ","tributos@criciuma.sc.gov.br"," ","Rua Domênico Sônego","Rua Domênico Sônego",SC,"Pregão presencial",2018-11-30T08:00:00Z,"itensVencedores_f077d3b5-245c-4d44-b2ce-47f662755bc5.csv",INTERNET,,," ","participantes_70dac26c-d6b5-4d22-8c16-a5e7c7844234.csv",NÃO," ",2018-11-30T09:00:00Z,," "," "
"PREFEITURA MUNICIPAL DE CRICIUMA",358,2018,358,2018,2018-11-21,"O presente edital tem por objetivo a contratação de mão de obra para manutenção predial preventiva e corretiva, de instalações elétricas, instalações hidráulicas e obras civis na sede do 4º Batalhão de Bombeiros Militar de Criciúma/SC.","Pregão presencial","Compras e Serviços","MENOR PRECO GLOBAL",2018-12-05,HOMOLOGADO," "," "," ","contratos_fed40f2e-9f64-4ecc-89ab-5bdb320f4c65.csv",2018-12-05T08:31:00Z," ",2018-10-25,2018-12-05," ","despesas_0568c49d-3597-4c40-ae2e-1706f58994b8.csv"," ","tributos@criciuma.sc.gov.br"," ","Rua Domênico Sônego","Rua Domênico Sônego",SC,"Pregão presencial",2018-12-05T08:00:00Z,"itensVencedores_7d5a4cba-8347-4b73-8eab-064fe6fdc855.csv",INTERNET,,," ","participantes_89db5cb4-6c1f-40b7-8852-13180e67e8f1.csv",NÃO," ",2018-12-05T08:30:00Z,," "," "
"PREFEITURA MUNICIPAL DE CRICIUMA",338,2018,338,2018,2018-10-30,"Constitui objeto do presente contrato a locação de imóvel de uma casa com 4 (quatro) dormitórios, 02 (dois) BWC, cozinha, sala de jantar, sala de estar, sala de tv, área de serviço e garagem, localizada à Rua Melven Jones, Nº 81, Bairro Comerciário, Criciúma/SC, destinado a instalação da sede do CONSELHO TUTELAR do Município de Criciúma/SC.","Dispensa de licitação","Compras e Serviços","MENOR PRECO",2018-10-30,HOMOLOGADO," "," "," ","contratos_1a3d7730-a017-4639-b0ab-08a167fe103c.csv",2018-10-30T08:01:00Z," ",2018-10-30,2018-10-30," ","despesas_eaf82ff1-0b80-4274-8d5b-9b4e473f6d3b.csv"," ","tributos@criciuma.sc.gov.br"," ","Rua Domênico Sônego","Rua Domênico Sônego",SC,"Dispensa de licitação",2018-10-30T08:00:00Z,"itensVencedores_c68f0213-210c-41e5-ba61-6771a4d2841e.csv","JORNAL_DIVULGACAO_MUNICIPAL",,," ","participantes_1eac7c45-3767-429a-9096-214a94963c2e.csv",NÃO," ",2018-10-30T08:00:00Z,," "," "
"PREFEITURA MUNICIPAL DE CRICIUMA",343,2018,343,2018,2018-11-05,"Contratação de empresa especializada para fornecimento de refeições prontas/almoço na forma de Buffet, livre a quente e marmita, a serem servidas para os servidores da Prefeitura Municipal de Criciúma/SC.","Pregão presencial","Compras e Serviços","MENOR PRECO GLOBAL",2018-11-21,HOMOLOGADO," "," "," ","contratos_baddedf5-abfb-4642-a6a7-efca9b804980.csv",2018-11-19T15:31:00Z," ",2018-11-05,2018-11-19," ","despesas_afc76891-33ae-4a9d-a6f5-29a7e2f2af8d.csv"," ","tributos@criciuma.sc.gov.br"," ","Rua Domênico Sônego","Rua Domênico Sônego",SC,"Pregão presencial",2018-11-19T08:00:00Z,"itensVencedores_c04879bf-040a-4fcb-a7c9-947e16a2a9c6.csv",MURAL_PUBLICO,,," ","participantes_c30c8bc1-bbab-434b-999f-99c77549f027.csv",NÃO," ",2018-11-19T15:30:00Z,," "," "
"PREFEITURA MUNICIPAL DE CRICIUMA",346,2018,346,2018,2018-11-08,"A presente licitação tem por objetivo a contratação de empresa especializada, para prestação elaboração dos projetos da E.M.E.I.E.F. Filho do Mineiro pertencente à Rede Municipal de Ensino de Criciúma/SC.","Pregão presencial","Compras e Serviços","MENOR PRECO GLOBAL",2018-11-21,HOMOLOGADO," "," "," ","contratos_bf5a6893-8528-41d2-b39a-d7597445ddfd.csv",2018-11-21T09:01:00Z," ",2018-11-07,2018-11-21," ","despesas_f4150037-fa82-4a3d-9b6e-e3adbe53600c.csv"," ","tributos@criciuma.sc.gov.br"," ","Rua Domênico Sônego","Rua Domênico Sônego",SC,"Pregão presencial",2018-11-21T08:00:00Z,"itensVencedores_d2d2f2d5-fffb-45f1-8605-c3fb24be4770.csv",INTERNET,,," ","participantes_3e9e710d-2cc6-40c0-893b-fd2336b72f79.csv",NÃO," ",2018-11-21T09:00:00Z,," "," "
"PREFEITURA MUNICIPAL DE CRICIUMA",348,2018,348,2018,2018-11-13,"Contratação de empresa para execução dos serviços necessários à construção do palco, com área de 117,18 m², para eventos no Parque dos Imigrantes localizado no bairro Vila Francesa - Distrito de Rio Maina no Município de Criciúma-SC.",Convite,"Obras e Serviços de Engenharia","MENOR PRECO GLOBAL",2018-11-29,HOMOLOGADO," "," "," ","contratos_237caa9f-ae0f-43b9-9bd0-11ebe6e4680d.csv",2018-11-22T14:00:00Z," ",2018-11-13,2018-11-22," ","despesas_145971b0-36d5-4b90-a0d9-563f2bce143d.csv"," ","tributos@criciuma.sc.gov.br"," ","Rua Domênico Sônego","Rua Domênico Sônego",SC,Convite,2018-11-22T08:00:00Z,"itensVencedores_cd778848-0e44-4916-9199-5cd25becd8b3.csv",MURAL_PUBLICO,,," ","participantes_4cba4b2a-1ba1-4a5a-9c13-24321ad007d9.csv",NÃO," ",2018-11-22T13:45:00Z,"Lei 8666/1993, Art. 22, III"," "," "
"PREFEITURA MUNICIPAL DE CRICIUMA",352,2018,352,2018,2018-11-16,"A presente Licitação tem por objeto a aquisição e implantação de placas de logradouro através da Diretoria de Trânsito e Transportes para o município de Criciúma/SC.",Convite,"Compras e Serviços","MENOR PRECO GLOBAL",2018-12-07,HOMOLOGADO," "," "," ","contratos_7b06476c-460a-430e-b87e-5fd82702f0d3.csv",2018-11-27T10:00:00Z," ",2018-11-16,2018-11-27," ","despesas_794149c1-69d8-4694-8afd-31afb2997de5.csv"," ","tributos@criciuma.sc.gov.br"," ","Rua Domênico Sônego","Rua Domênico Sônego",SC,Convite,2018-11-27T08:00:00Z,"itensVencedores_e68f3b55-ac05-44da-ae02-ed7b86793084.csv",MURAL_PUBLICO,,," ","participantes_5a52664e-30a8-428b-9dda-be91729ade92.csv",NÃO," ",2018-11-27T09:45:00Z,"Lei 8666/1993, Art. 22, III"," "," "
"PREFEITURA MUNICIPAL DE CRICIUMA",353,2018,353,2018,2018-11-16,"A presente licitação tem por objetivo a contratação de empresa do ramo pertinente para execução, de forma parcelada, de serviços especializados que consistem na reforma, manutenção e conserto de móveis para escritório e de cadeiras para uso na Rede Municipal de Ensino de Criciúma/SC.",Convite,"Compras e Serviços","MENOR PREÇO GLOBAL POR LOTE",2018-12-11,HOMOLOGADO," "," "," ","contratos_c0af1f16-cf57-4251-929d-e2e0ae594602.csv",2018-11-28T15:30:00Z," ",2018-11-16,2018-11-28," ","despesas_cdb5ac81-4a11-4647-af09-14d4fcb94ecc.csv"," ","tributos@criciuma.sc.gov.br"," ","Rua Domênico Sônego","Rua Domênico Sônego",SC,Convite,2018-11-28T08:00:00Z,"itensVencedores_0fd9a5a5-ccdc-43b3-9349-4fbedf5311c5.csv",MURAL_PUBLICO,,," ","participantes_53a21e6c-2f1c-4732-81af-e7cd31f67aad.csv",NÃO," ",2018-11-28T15:15:00Z,"Lei 8666/1993, Art. 22, III"," "," "
"PREFEITURA MUNICIPAL DE CRICIUMA",366,2018,366,2018,2018-11-28,"Contratação de empresa para execução da infraestrutura necessária para instalação de 4 (quatro) academias ao ar livre, sendo uma no bairro Mina do Mato (Vila Doro), uma Bairro São Sebastião (Rua do Lazer) e duas no Bairro Próspera (Praça do Trabalhador) e  na esquina das ruas Enedino P. Santana/ Três Ribeirões, no Município de Criciúma-SC.",Convite,"Obras e Serviços de Engenharia","MENOR PRECO GLOBAL",2018-12-17,HOMOLOGADO," "," "," ","contratos_3540ded3-5332-4395-b38c-3d64b6e5b837.csv",2018-12-10T16:00:00Z," ",2018-11-28,2018-12-10," ","despesas_883e9ef5-cc9b-4a56-88c3-82e263250eca.csv"," ","tributos@criciuma.sc.gov.br"," ","Rua Domênico Sônego","Rua Domênico Sônego",SC,Convite,2018-12-10T08:00:00Z,"itensVencedores_fba830f4-815a-4693-8494-c7c786d5b30f.csv",MURAL_PUBLICO,,," ","participantes_422b18b4-842b-4a6b-b64d-c7f9c513c19b.csv",NÃO," ",2018-12-10T15:45:00Z,"Lei 8666/1993, Art. 22, III"," "," "
"PREFEITURA MUNICIPAL DE CRICIUMA",375,2018,375,2018,2018-12-10,"Registro de preços de papel toalha, para aquisições futuras, no atendimento a diversas Secretarias, Diretorias e Fundos do Município de Criciúma.","Pregão presencial","Compras e Serviços","MENOR PRECO POR ITEM",2019-01-23,HOMOLOGADO," ","atasRegistroPrecos_ae5e9212-a9de-430c-be31-1ef0ec50c0bb.csv"," "," ",2018-12-21T10:31:00Z," ",2018-12-07,2018-12-21," ","despesas_24cb7fc1-33a1-4f42-b721-7825a0355e2f.csv"," ","tributos@criciuma.sc.gov.br"," ","Rua Domênico Sônego","Rua Domênico Sônego",SC,"Pregão presencial",2018-12-21T08:00:00Z,"itensVencedores_b057c5ad-9b28-42a4-8d1b-edd4ee10045d.csv",INTERNET,,," ","participantes_d4385472-3145-4c78-bf68-42ac34cd0149.csv",SIM," ",2018-12-21T10:30:00Z,," "," "
"PREFEITURA MUNICIPAL DE CRICIUMA",360,2018,360,2018,2018-11-23,"Contratação de empresa do ramo pertinente, para execução por demanda, dos serviços necessários às obras de construção de quadras poliesportivas cobertas e, do mesmo modo, para confecção e instalação de coberturas metálicas em quadras poliesportivas já existentes, em escolas pertencentes a rede pública municipal.",Concorrência,"Obras e Serviços de Engenharia","MENOR PRECO",2018-12-27,HOMOLOGADO," "," "," ","contratos_448ff27f-5051-4142-bbb1-77ef02337a8b.csv",2018-12-27T14:00:00Z," ",2018-11-21,2018-12-27," ","despesas_55eac567-b751-4754-b086-f5f70127113b.csv"," ","tributos@criciuma.sc.gov.br"," ","Rua Domênico Sônego","Rua Domênico Sônego",SC,Concorrência,2018-12-27T08:00:00Z,"itensVencedores_0933b655-f2aa-4453-9b64-73abf02c217f.csv",INTERNET,,," ","participantes_34fb8e07-2839-4be4-a545-fcff97ddeb3e.csv",NÃO," ",2018-12-27T13:45:00Z,"Lei 8666/1993, Art. 22, I"," "," "
"PREFEITURA MUNICIPAL DE CRICIUMA",369,2018,369,2018,2018-12-05,"Contratação de empresa para execução dos serviços necessários à construção de arquibancada e de obras complementares na quadra poliesportiva da E.M.E.I.E.F. Adolfo Back, localizada no bairro Jardim União no município de Criciúma-SC.",Convite,"Obras e Serviços de Engenharia","MENOR PRECO GLOBAL",2018-12-20,HOMOLOGADO," "," "," ","contratos_84316578-a0c3-4bf2-8c10-e17db9b679a0.csv",2018-12-12T14:00:00Z," ",2018-12-05,2018-12-12," ","despesas_15d076bd-d9ad-40af-b57b-abda7b32add6.csv"," ","tributos@criciuma.sc.gov.br"," ","Rua Domênico Sônego","Rua Domênico Sônego",SC,Convite,2018-12-12T08:00:00Z,"itensVencedores_b3423fac-26ed-45e0-9953-76c5c12ed565.csv",MURAL_PUBLICO,,," ","participantes_85250270-b2dd-4eee-ae31-f372b7864813.csv",NÃO," ",2018-12-12T13:45:00Z,"Lei 8666/1993, Art. 22, III"," "," "
"PREFEITURA MUNICIPAL DE CRICIUMA",377,2018,377,2018,2018-12-11,"Contratação de empresa para prestação de serviços de serviços de mão-de-obra na limpeza urbana, jardinagem e urbanismo em parques, praças, jardins e prédios públicos pertencentes ao patrimônio do município de Criciúma.",Convite,"Compras e Serviços","MENOR PRECO",2018-12-21,HOMOLOGADO," "," "," ","contratos_4c9ed693-c114-4b1c-bc88-96feff29b030.csv",2018-12-19T14:00:00Z," ",2018-12-11,2018-12-19," ","despesas_b015d576-75a6-4451-a8e6-c9db77ac3f00.csv"," ","tributos@criciuma.sc.gov.br"," ","Rua Domênico Sônego","Rua Domênico Sônego",SC,Convite,2018-12-19T08:00:00Z,"itensVencedores_bcabcbcf-cb1e-4429-b5d8-3b389875b600.csv",MURAL_PUBLICO,,," ","participantes_a8ced93f-9ebf-4f04-8d66-b160538afce0.csv",NÃO," ",2018-12-19T13:45:00Z,"Lei 8666/1993, Art. 22, III"," "," "
"PREFEITURA MUNICIPAL DE CRICIUMA",384,2018,384,2018,2018-12-20,"Registro de preços de equipamentos, materiais e serviços para aquisições futuras, no atendimento a prevenção contra incêndios, nos diversos prédios públicos, do município de Criciúma/SC.","Pregão presencial","Compras e Serviços","MENOR PRECO GLOBAL",2019-01-14,HOMOLOGADO," ","atasRegistroPrecos_502af4f2-4799-4b71-a192-299773baa527.csv"," "," ",2019-01-11T10:01:00Z," ",2018-12-17,2019-01-11," ","despesas_cf0446eb-62c1-4eea-a562-d610dbd02030.csv"," ","tributos@criciuma.sc.gov.br"," ","Rua Domênico Sônego","Rua Domênico Sônego",SC,"Pregão presencial",2019-01-11T08:00:00Z,"itensVencedores_5abf24f5-a560-4b86-94d1-0a214ace4a1a.csv",INTERNET,,," ","participantes_1544b918-3da2-486a-8e0f-8dc64fab5c1a.csv",SIM," ",2019-01-11T10:00:00Z,," "," "
"PREFEITURA MUNICIPAL DE CRICIUMA",125,2018,125,2018,2018-03-28,"Registro de preços de materiais no atendimento a pavimentação, manutenção e conservação de ruas e logradouros públicos, fabrica de artefatos de cimento e usina de asfalto do município de Criciúma/SC.","Pregão presencial","Compras e Serviços","MENOR PRECO POR ITEM",2018-05-03,HOMOLOGADO," ","atasRegistroPrecos_c594b7c9-7822-4e48-8150-272f6975cb9c.csv"," "," ",2018-04-13T14:01:00Z," ",2018-03-28,2018-04-13," "," "," ","tributos@criciuma.sc.gov.br"," ","Rua Domênico Sônego","Rua Domênico Sônego",SC,"Pregão presencial",2018-04-13T08:00:00Z,"itensVencedores_8b7c193e-94b0-4d20-a225-1f8f949690c5.csv",MURAL_PUBLICO,,," ","participantes_10303dd4-3793-4375-8a12-1e19532d0900.csv",SIM," ",2018-04-13T14:00:00Z,," "," "
"PREFEITURA MUNICIPAL DE CRICIUMA",145,2018,145,2018,2018-04-18,"Contratação de empresa de engenharia para execução dos serviços necessários às obras de conclusão (reforma + ampliação = 495,05m²) do prédio da Central de Material Esterilizável - CME, parte integrante do complexo hospitalar, do Hospital Materno Infantil Santa Catarina, localizado na rua Wenceslau Braz - bairro Operária Nova no município de Criciúma. (CONVÊNIO: GOVERNO DO ESTADO/SECRETARIA SAÚDE - SUBAÇÃO 11.328)","Tomada de Preço","Obras e Serviços de Engenharia","MENOR PRECO GLOBAL",2018-06-28,HOMOLOGADO," "," "," ","contratos_f3f97c6f-5960-4dd2-8bb0-2770ea081a61.csv",2018-05-03T14:00:00Z," ",2018-04-16,2018-05-03," ","despesas_723ebff5-a483-4524-8685-cf0b90a72bc7.csv"," ","tributos@criciuma.sc.gov.br"," ","Rua Domênico Sônego","Rua Domênico Sônego",SC,"Tomada de Preço",2018-05-03T08:00:00Z,"itensVencedores_ea8fedb7-6493-497b-84c2-5c040b16def9.csv",DIARIO_OFICIAL_UNIAO,,," ","participantes_689d82d8-20b1-4ef7-8794-91786e749939.csv",NÃO," ",2018-05-03T13:45:00Z,"Lei 8666/1993, Art. 22, II"," "," "
"PREFEITURA MUNICIPAL DE CRICIUMA",147,2018,147,2018,2018-05-04,"Constitui objeto do presente contrato, a execução de serviços técnicos especializados para elaboração dos Planos de Manejo das Zonas de Uso do Solo - Z-APAS (zonas de áreas de proteção ambiental) dos bairros Morro Albino e Esteves; 1º Linha Recanto Verde; Morro Cechinel (Centro, Pio Correa e São Simão),  para revisão e ajuste do zoneamento urbano em vigoar","Dispensa de licitação","Compras e Serviços","MENOR PRECO",2018-04-17,HOMOLOGADO," "," "," ","contratos_f1b74c92-5c60-4111-97ad-bc5f32c46106.csv",2018-04-16T08:01:00Z," ",2018-04-16,2018-04-16," ","despesas_812eee68-58af-40c1-acf9-c264d9147e17.csv"," ","tributos@criciuma.sc.gov.br"," ","Rua Domênico Sônego","Rua Domênico Sônego",SC,"Dispensa de licitação",2018-04-16T08:00:00Z,"itensVencedores_41300134-8e9f-485f-abc3-b415dfcbb71a.csv","JORNAL_DIVULGACAO_REGIONAL",,," ","participantes_7598747e-4e64-4ed2-a290-35c581706ec6.csv",NÃO," ",2018-04-16T08:00:00Z,," "," "
"PREFEITURA MUNICIPAL DE CRICIUMA",132,2018,132,2018,2018-04-09,"O presente edital tem por objetivo a contratação de serviços de limpeza urbana nas principais ruas e avenidas do município de Criciúma/SC.","Pregão presencial","Compras e Serviços","MENOR PRECO GLOBAL",2018-11-23,HOMOLOGADO," "," "," ","contratos_615fc8f0-6afa-4ba0-be24-a5986ecd7df3.csv",2018-06-21T14:01:00Z," ",2018-04-06,2018-06-21," ","despesas_ca9f8a0d-c17b-4e31-9a15-a2a93aa05829.csv"," ","tributos@criciuma.sc.gov.br"," ","Rua Domênico Sônego","Rua Domênico Sônego",SC,"Pregão presencial",2018-06-21T08:00:00Z,"itensVencedores_525bc5cb-bd92-4d9b-acca-9788ca5b9af2.csv",INTERNET,,," ","participantes_9f2ef3ac-3630-472d-b3f1-c36109385615.csv",NÃO," ",2018-06-21T14:00:00Z,," "," "
"PREFEITURA MUNICIPAL DE CRICIUMA",135,2018,135,2018,2018-04-09,"Contratação de empresa para execução dos serviços necessárias  as obras de reforma parcial e adaptação de ambientes (área total =121,83m²) da sede e campo do bairro Primeira Linha - município de Criciúma-SC.",Convite,"Obras e Serviços de Engenharia","MENOR PRECO GLOBAL",2018-05-04,HOMOLOGADO," "," "," ","contratos_164e2313-6f77-420c-80e6-2f580432c34f.csv",2018-04-23T14:00:00Z," ",2018-04-09,2018-04-23," ","despesas_97d37dc7-9553-4e7d-9b5c-79c34b37ebeb.csv"," ","tributos@criciuma.sc.gov.br"," ","Rua Domênico Sônego","Rua Domênico Sônego",SC,Convite,2018-04-23T08:00:00Z,"itensVencedores_c537e3b6-36de-445e-8969-73dcd33e4f2b.csv",MURAL_PUBLICO,,," ","participantes_8863046f-9734-47e6-a0e9-92314d39db58.csv",NÃO," ",2018-04-23T13:45:00Z,"Lei 8666/1993, Art. 22, III"," "," "
"PREFEITURA MUNICIPAL DE CRICIUMA",137,2018,137,2018,2018-04-12,"A presente licitação tem por objetivo a contratação de empresa para execução, sob demanda, de sondagem em solo do tipo (SPT) e rotativa para análise do solo em obras do município de Criciúma/SC.","Pregão presencial","Compras e Serviços","MENOR PRECO GLOBAL",2018-04-25,HOMOLOGADO," "," "," ","contratos_73444870-9dc7-4adc-a8f5-27a19863827f.csv",2018-04-24T09:01:00Z," ",2018-04-11,2018-04-24," ","despesas_e1816df7-778a-4f68-ae52-d536a198a465.csv"," ","tributos@criciuma.sc.gov.br"," ","Rua Domênico Sônego","Rua Domênico Sônego",SC,"Pregão presencial",2018-04-24T08:00:00Z,"itensVencedores_6b5612e4-bc2f-4411-8a2a-45d7839df307.csv",INTERNET,,," ","participantes_2d545eb3-ad85-439e-855f-b54cfb2493d5.csv",NÃO," ",2018-04-24T09:00:00Z,," "," "
"PREFEITURA MUNICIPAL DE CRICIUMA",139,2018,139,2018,2018-04-13,"Prestação de serviços de gerenciamento, supervisão e fiscalização das obras de macrodranagem do rio Criciúma, lote I e II da etapa II.","Dispensa de licitação","Compras e Serviços","MENOR PRECO",2018-04-12,HOMOLOGADO," "," "," ","contratos_71eef6e3-ab58-4971-b613-a00d3d05595d.csv",2018-04-11T08:01:00Z," ",2018-04-11,2018-04-11," ","despesas_c1b337ac-74d6-4e9b-bb6e-0e0b3441e626.csv"," ","tributos@criciuma.sc.gov.br"," ","Rua Domênico Sônego","Rua Domênico Sônego",SC,"Dispensa de licitação",2018-04-11T08:00:00Z,"itensVencedores_1654db0b-72f2-41ab-a995-627da9b3983e.csv",INTERNET,,," ","participantes_301ef558-6560-4bb0-84c1-e3ed112d908a.csv",NÃO," ",2018-04-11T08:00:00Z,," "," "
"PREFEITURA MUNICIPAL DE CRICIUMA",140,2018,140,2018,2018-04-13,"Prestação de serviços de consultoria especiailizada para  revisão do Plano Municipal de Saneamento Basico (PMSB), de acordo com a lei n° 11.445/2007 e decreto n° 7.217/2010.","Dispensa de licitação","Compras e Serviços","MENOR PRECO",2018-04-12,HOMOLOGADO," "," "," ","contratos_5f6a11fb-db04-4ffa-b325-b880df94ca10.csv",2018-04-11T08:01:00Z," ",2018-04-11,2018-04-11," ","despesas_46839928-ae97-4ba0-9711-ef5e35a0348e.csv"," ","tributos@criciuma.sc.gov.br"," ","Rua Domênico Sônego","Rua Domênico Sônego",SC,"Dispensa de licitação",2018-04-11T08:00:00Z,"itensVencedores_449e7859-3091-4652-9abe-f3ff9bf13504.csv",INTERNET,,," ","participantes_6633547e-0a12-419e-84b3-d71169861b59.csv",NÃO," ",2018-04-11T08:00:00Z,," "," "
"PREFEITURA MUNICIPAL DE CRICIUMA",142,2018,142,2018,2018-04-13,"Aquisição de peças para manutenção preventiva da Usina de Asfalto localizada na Rodovia Governador Jorge Lacerda, bairro Sangão, Criciúma - SC",Convite,"Compras e Serviços","MENOR PRECO GLOBAL",2018-06-27,HOMOLOGADO," "," "," ","contratos_c330e854-6796-4188-b50d-15639b185bfe.csv",2018-04-24T15:00:00Z," ",2018-04-13,2018-04-24," ","despesas_26a640a8-74e9-4bf1-955f-5a1ca9e1ee59.csv"," ","tributos@criciuma.sc.gov.br"," ","Rua Domênico Sônego","Rua Domênico Sônego",SC,Convite,2018-04-24T08:00:00Z,"itensVencedores_b494faca-baa9-4bc0-aebf-da0d73ac0d52.csv",MURAL_PUBLICO,,," ","participantes_b012700d-98e0-406c-9376-addf668d8322.csv",NÃO," ",2018-04-24T14:45:00Z,"Lei 8666/1993, Art. 22, III"," "," "
"PREFEITURA MUNICIPAL DE CRICIUMA",146,2018,146,2018,2018-04-16,"Contratação de empresa especializada para efetuar manutenção, recuperação e reforma em geral em 05 guindastes, pertencentes ao município de Criciúma/SC",Convite,"Compras e Serviços","MENOR PRECO GLOBAL",2018-05-04,HOMOLOGADO," "," "," ","contratos_b5465641-b81e-4627-8b66-abadf9febf46.csv",2018-04-26T15:00:00Z," ",2018-04-16,2018-04-26," ","despesas_00990c58-37fc-41e5-981f-143900a96cd6.csv"," ","tributos@criciuma.sc.gov.br"," ","Rua Domênico Sônego","Rua Domênico Sônego",SC,Convite,2018-04-26T08:00:00Z,"itensVencedores_c054953b-ee67-467a-9229-288ab4b4efed.csv",MURAL_PUBLICO,,," ","participantes_162075c6-978f-4c8b-888a-14cca3328678.csv",NÃO," ",2018-04-26T14:45:00Z,"Lei 8666/1993, Art. 22, III"," "," "
"PREFEITURA MUNICIPAL DE CRICIUMA",149,2018,149,2018,2018-04-23,"Registro de Preços de materiais e equipamentos de trabalho, para aquisições futuras, no atendimento aos Agentes da Autoridade de Trânsito e Agentes de combate a endemias do município de Criciúma/SC.","Pregão presencial","Compras e Serviços","MENOR PRECO POR ITEM",2018-05-07,HOMOLOGADO," ","atasRegistroPrecos_5c3c1a96-6582-4ba6-bbfa-6c26ae49874b.csv"," "," ",2018-05-04T09:01:00Z," ",2018-04-18,2018-05-04," ","despesas_558364e3-ec95-4b4f-a2f1-7bb56b340071.csv"," ","tributos@criciuma.sc.gov.br"," ","Rua Domênico Sônego","Rua Domênico Sônego",SC,"Pregão presencial",2018-05-04T08:00:00Z,"itensVencedores_8834fc57-c9ed-4b97-bb42-33a1beb0e3c8.csv",INTERNET,,," ","participantes_c52df304-5367-47a6-ae32-8ca7c6a0b2a7.csv",SIM," ",2018-05-04T09:00:00Z,," "," "
"PREFEITURA MUNICIPAL DE CRICIUMA",152,2018,152,2018,2018-04-24,"Registro de preços de blocos de concreto (lajota sextavada), para aquisições futuras, para pavimentação de diversas ruas e logradouros públicos no município de Criciúma/SC.","Pregão presencial","Compras e Serviços","MENOR PRECO POR ITEM",2018-05-07,HOMOLOGADO," ","atasRegistroPrecos_b820be50-3913-4317-b5b4-01d6d391b589.csv"," "," ",2018-05-07T10:31:00Z," ",2018-04-20,2018-05-07," ","despesas_6873b1db-1d40-4043-997c-8c3f9594c1fe.csv"," ","tributos@criciuma.sc.gov.br"," ","Rua Domênico Sônego","Rua Domênico Sônego",SC,"Pregão presencial",2018-05-07T08:00:00Z,"itensVencedores_cd3d59c7-74e0-4290-8406-f030470d1d5c.csv",INTERNET,,," ","participantes_2e96127d-e9d0-4ba3-aa88-210b525cbb15.csv",SIM," ",2018-05-07T10:30:00Z,," "," "
"PREFEITURA MUNICIPAL DE CRICIUMA",153,2018,153,2018,2018-04-26,"Contratação de empresa para execução dos serviços necessários as obras de implantação de drenagem pluvial em ruas do bairro Santa Luzia - município de Criciúma-SC.",Convite,"Compras e Serviços","MENOR PRECO GLOBAL",2018-05-21,HOMOLOGADO," "," "," ","contratos_d496235f-a5ee-46be-8b1d-b28e23d539a6.csv",2018-05-08T16:00:00Z," ",2018-04-26,2018-05-08," ","despesas_92381077-8718-4cd6-b11b-6ae2b64f2957.csv"," ","tributos@criciuma.sc.gov.br"," ","Rua Domênico Sônego","Rua Domênico Sônego",SC,Convite,2018-05-08T08:00:00Z,"itensVencedores_39567b19-6a50-475b-b78a-d32e82b5da7d.csv",MURAL_PUBLICO,,," ","participantes_330ea24c-7ee8-435b-8dd2-c50010850ef1.csv",NÃO," ",2018-05-08T15:45:00Z,"Lei 8666/1993, Art. 22, III"," "," "
"PREFEITURA MUNICIPAL DE CRICIUMA",156,2018,156,2018,2018-05-02,"A presente licitação tem por objetivo a contratação de empresa especializada para prestar serviços de implementação de redes de comunicação de voz, de dados, além de redes elétricas de baixa tensão e/ou estabilizadas no Centro de Controle e Operações (CCO), administrado pela Diretoria de Trânsito e Transportes, por um período de 12 meses, no Município de Criciúma - SC.",Convite,"Compras e Serviços","MENOR PRECO GLOBAL",2018-05-18,HOMOLOGADO," "," "," ","contratos_bd8eb9d1-0a7f-4d57-a5e9-ee20110e294c.csv",2018-05-10T10:00:00Z," ",2018-05-02,2018-05-10," ","despesas_0316871c-382b-4475-a13e-399b1142f1a8.csv"," ","tributos@criciuma.sc.gov.br"," ","Rua Domênico Sônego","Rua Domênico Sônego",SC,Convite,2018-05-10T08:00:00Z,"itensVencedores_c023570a-518a-4271-90f6-dc1d1aad663c.csv",MURAL_PUBLICO,,," ","participantes_584b176c-3767-4c1c-8bca-9f2f17f740da.csv",NÃO," ",2018-05-10T09:45:00Z,"Lei 8666/1993, Art. 22, III"," "," "
"PREFEITURA MUNICIPAL DE CRICIUMA",158,2018,158,2018,2018-05-08,"Contratação de empresa para execução, por demanda, de serviços de mão-de-obra na recuperação de passeios/calçadas com revestimento a base de paver e pedra portuguesa (petit-pavé) em vias públicas e prédios públicos inclusos no anel viário central do município de Criciúma-SC, não afetadas pelas intervenções da CASAN.",Convite,"Compras e Serviços","MENOR PRECO GLOBAL",2018-05-22,HOMOLOGADO," "," "," ","contratos_585c37da-a99b-46ed-ad51-95e772de8ff6.csv",2018-05-15T14:00:00Z," ",2018-05-08,2018-05-15," ","despesas_b5b85d24-90d4-4c92-869d-897977a5d013.csv"," ","tributos@criciuma.sc.gov.br"," ","Rua Domênico Sônego","Rua Domênico Sônego",SC,Convite,2018-05-15T08:00:00Z,"itensVencedores_923b91e4-f7d8-4ebc-87a3-40552a5bb9ef.csv",MURAL_PUBLICO,,," ","participantes_bab587b5-7451-4625-b1f6-8090de66c703.csv",NÃO," ",2018-05-15T13:45:00Z,"Lei 8666/1993, Art. 22, III"," "," "
"PREFEITURA MUNICIPAL DE CRICIUMA",159,2018,159,2018,2018-05-11,"Contratação de empresa especializada para execução de serviços técnicos na elaboração dos projetos de engenharia rodoviária para pavimentação de vias urbanas no Município de Criciúma-SC.","Tomada de Preço","Obras e Serviços de Engenharia","MENOR PRECO GLOBAL",2018-11-28,HOMOLOGADO," "," "," ","contratos_35b1dcb5-c5ff-4776-821d-90e36f4fd9b6.csv",2018-05-28T14:00:00Z," ",2018-05-10,2018-05-28," ","despesas_6f50d5db-ee92-495e-91f3-5bd45fd2f4df.csv"," ","tributos@criciuma.sc.gov.br"," ","Rua Domênico Sônego","Rua Domênico Sônego",SC,"Tomada de Preço",2018-05-28T08:00:00Z,"itensVencedores_9a60fa7b-6ccf-4018-8360-8defc07f1862.csv",DIARIO_OFICIAL_ESTADO,,," ","participantes_a3f89358-a421-4ebe-b1bb-6ebe7d886f3b.csv",NÃO," ",2018-05-28T13:45:00Z,"Lei 8666/1993, Art. 22, II"," "," "
"PREFEITURA MUNICIPAL DE CRICIUMA",164,2018,164,2018,2018-05-17,"Aquisição de equipamento de informática para utilização da Secretaria de Infraestrutura, Planejamento e Mobilidade Urbana do município de Criciúma/SC.","Pregão presencial","Compras e Serviços","MENOR PRECO POR ITEM",2018-06-15,HOMOLOGADO," "," "," ","contratos_6464740f-3eb8-4897-83b1-4803c01c859a.csv",2018-05-30T14:01:00Z," ",2018-05-15,2018-05-30," ","despesas_698044a5-b9c7-4f13-891a-cf9a2dfbf53c.csv"," ","tributos@criciuma.sc.gov.br"," ","Rua Domênico Sônego","Rua Domênico Sônego",SC,"Pregão presencial",2018-05-30T08:00:00Z,"itensVencedores_85e2d8a5-46f9-4ea0-a68d-3b5f2da4b733.csv",INTERNET,,," ","participantes_06c8ad2b-91da-4b95-b6dd-33ef976c8d9c.csv",NÃO," ",2018-05-30T14:00:00Z,," "," "
"PREFEITURA MUNICIPAL DE CRICIUMA",166,2018,166,2018,2018-05-17,"Contratação de empresa para execução dos serviços necessárias  as obras de reforma da E.M.E.I.E.F. ANGELO DE LUCA, localizada na rua Norberto Martins - bairro Pedro Zanivan no município de Criciúma.",Convite,"Obras e Serviços de Engenharia","MENOR PRECO GLOBAL",2018-05-29,HOMOLOGADO," "," "," ","contratos_712a16aa-89e7-4d48-b99e-9285f0029d05.csv",2018-05-28T09:00:00Z," ",2018-05-17,2018-05-28," ","despesas_ae983f3a-68c0-485d-876a-0566679e4eb7.csv"," ","tributos@criciuma.sc.gov.br"," ","Rua Domênico Sônego","Rua Domênico Sônego",SC,Convite,2018-05-28T08:00:00Z,"itensVencedores_fc86f748-03c5-4a04-948f-82da0c1c69f3.csv",MURAL_PUBLICO,,," ","participantes_5b64fd6d-0767-4eef-845a-5d9f35590644.csv",NÃO," ",2018-05-28T08:45:00Z,"Lei 8666/1993, Art. 22, III"," "," "
"PREFEITURA MUNICIPAL DE CRICIUMA",170,2018,170,2018,2018-05-22,"Contratação de empresa para execução dos serviços necessários às obras de construção/instalação de uma subestação transformadora de 150kVA na E.M.E.I.E.F. ADOLFO BACK, localizada na rua Antônio Pedrinho Gerônimo - bairro Jardim União no município de Criciúma-SC.",Convite,"Obras e Serviços de Engenharia","MENOR PRECO GLOBAL",2018-06-25,HOMOLOGADO," "," "," ","contratos_896b0281-b435-4da4-9b38-8e45f65962eb.csv",2018-06-13T14:00:00Z," ",2018-05-22,2018-06-13," ","despesas_08756358-f2e4-4c64-b421-90faa7c9c1e0.csv"," ","tributos@criciuma.sc.gov.br"," ","Rua Domênico Sônego","Rua Domênico Sônego",SC,Convite,2018-06-13T08:00:00Z,"itensVencedores_4e808c0d-4e3f-4a93-a50d-4762527494f5.csv",MURAL_PUBLICO,,," ","participantes_451ec5c7-2b05-4fe9-9f51-538d3b2f941c.csv",NÃO," ",2018-06-13T13:45:00Z,"Lei 8666/1993, Art. 22, III"," "," "
"PREFEITURA MUNICIPAL DE CRICIUMA",171,2018,171,2018,2018-06-11,"Registro de preços de Materiais de Limpeza, para aquisições futuras, no atendimento a Circunscrição Regional de Trânsito - CIRETRAN e demais unidades da Policia Civil no município Criciúma/SC.","Pregão presencial","Compras e Serviços","MENOR PRECO POR ITEM",2018-06-27,HOMOLOGADO," ","atasRegistroPrecos_1df27d3a-9c54-47fb-a77f-357121161d79.csv"," "," ",2018-06-26T09:01:00Z," ",2018-05-25,2018-06-26," ","despesas_cc0a5bf6-a02a-4325-86b4-2f307407d4da.csv"," ","tributos@criciuma.sc.gov.br"," ","Rua Domênico Sônego","Rua Domênico Sônego",SC,"Pregão presencial",2018-06-26T08:00:00Z,"itensVencedores_00639aa4-9504-4dd8-91bd-dad0c5663fd8.csv",INTERNET,,," ","participantes_01ad43a4-3fe6-479f-9dcd-b8ac79388559.csv",SIM," ",2018-06-26T09:00:00Z,," "," "
"PREFEITURA MUNICIPAL DE CRICIUMA",174,2018,174,2018,2018-06-07,"Contratação de serviços técnicos especializados para elaboração do Diagnóstico Social Ambiental do leito principal do Rio Criciúma (nascente Criciúma Clube/Cruzeiro do Sul e nascente Mina Brasil, finalizando no Rio Sangão).","Dispensa de licitação","Compras e Serviços","MENOR PRECO",2018-06-06,HOMOLOGADO," "," "," ","contratos_f185cd1c-c68c-441e-92ad-b3ea6d637bf8.csv",2018-06-08T08:01:00Z," ",2018-06-05,2018-06-08," ","despesas_2f213249-94a2-42c2-9917-18ee25721b86.csv"," ","tributos@criciuma.sc.gov.br"," ","Rua Domênico Sônego","Rua Domênico Sônego",SC,"Dispensa de licitação",2018-06-08T08:00:00Z,"itensVencedores_8d1a9a5e-8b71-493b-a85a-26764355bb11.csv",INTERNET,,," ","participantes_22664f5e-2083-43b0-b4b2-b0b39fa08418.csv",NÃO," ",2018-06-08T08:00:00Z,," "," "
"PREFEITURA MUNICIPAL DE CRICIUMA",175,2018,175,2018,2018-07-11,"Contratação de empresa para serviços com fornecimento de peças, para efetuar a reforma geral da escavadeira New Holland E175B pertencente ao município de Criciúma/SC.","Pregão presencial","Compras e Serviços","MENOR PRECO GLOBAL",2018-06-28,HOMOLOGADO," "," "," ","contratos_41c9a3d1-df9b-4e14-b930-8ba6477874ea.csv",2018-06-27T08:31:00Z," ",2018-06-06,2018-06-27," ","despesas_725a899b-1dd6-43d5-8e46-169c4215ed40.csv"," ","tributos@criciuma.sc.gov.br"," ","Rua Domênico Sônego","Rua Domênico Sônego",SC,"Pregão presencial",2018-06-27T08:00:00Z,"itensVencedores_6d489d8e-faae-4c71-ba71-4d134eb88896.csv",INTERNET,,," ","participantes_5ae40ade-e11a-43d4-b42d-c6694326604d.csv",NÃO," ",2018-06-27T08:30:00Z,," "," "
"PREFEITURA MUNICIPAL DE CRICIUMA",176,2018,176,2018,2018-06-11,"Registro de preços de material escolar (caderno brochurão), através de empresas do ramo pertinente, para aquisições futuras, no atendimento as escolas da rede municipal de ensino de Criciúma/SC.","Pregão presencial","Compras e Serviços","MENOR PRECO POR ITEM",2018-06-28,HOMOLOGADO," ","atasRegistroPrecos_4aeb0385-9f71-44ac-a75b-31d41b722f99.csv"," "," ",2018-06-27T10:01:00Z," ",2018-06-06,2018-06-27," ","despesas_07396aab-853a-4738-89c1-e400540daa75.csv"," ","tributos@criciuma.sc.gov.br"," ","Rua Domênico Sônego","Rua Domênico Sônego",SC,"Pregão presencial",2018-06-27T08:00:00Z,"itensVencedores_e92337d7-a321-4353-bdbe-a163690d059d.csv",INTERNET,,," ","participantes_ed515799-4a2c-48ce-9863-cae0f58837fc.csv",SIM," ",2018-06-27T10:00:00Z,," "," "
"PREFEITURA MUNICIPAL DE CRICIUMA",150,2018,150,2018,2018-04-23,"A presente licitação tem por objetivo a implantação e manutenção de software de avaliação automática de imóveis, integrado com o sistema tributário municipal, e disponibilização de consultas na internet, para o setor de Arrecadação, Cadastro e Cartografia do município de Criciúma/SC.","Pregão presencial","Compras e Serviços","MENOR PRECO GLOBAL",2018-05-21,HOMOLOGADO," "," "," ","contratos_faf2e3bc-9012-4598-9889-cebf92cb6c93.csv",2018-05-07T14:01:00Z," ",2018-04-18,2018-05-07," ","despesas_b947e7e1-7d10-4841-a804-c39b93cf8d2b.csv"," ","tributos@criciuma.sc.gov.br"," ","Rua Domênico Sônego","Rua Domênico Sônego",SC,"Pregão presencial",2018-05-07T08:00:00Z,"itensVencedores_1bf488ec-d6da-43e3-a0db-94c0bbb9ca73.csv",INTERNET,,," ","participantes_a9cb8b91-24a5-4367-9d9e-ab5b7711d0c4.csv",NÃO," ",2018-05-07T14:00:00Z,," "," "
"PREFEITURA MUNICIPAL DE CRICIUMA",151,2018,151,2018,2018-04-20,"Contratação de empresa especializada para fornecimento de peças eletrônicas semafóricas para uso na manutenção corretiva e preventiva dos semáforos controladores de trânsito do município de Criciúma - SC.",Convite,"Compras e Serviços","MENOR PRECO GLOBAL",2018-05-09,HOMOLOGADO," "," "," ","contratos_3debe091-cbaa-4343-9204-63584687c92c.csv",2018-04-30T11:00:00Z," ",2018-04-20,2018-04-30," ","despesas_5107a4d5-bc9a-4211-8f3e-30cf94193296.csv"," ","tributos@criciuma.sc.gov.br"," ","Rua Domênico Sônego","Rua Domênico Sônego",SC,Convite,2018-04-30T08:00:00Z,"itensVencedores_dc0a5866-9a2d-4f8d-821f-034f2c9e49d5.csv",MURAL_PUBLICO,,," ","participantes_e76737ca-bcce-4f8f-8a20-cf52a53526ca.csv",NÃO," ",2018-04-30T10:45:00Z,"Lei 8666/1993, Art. 22, III"," "," "
"PREFEITURA MUNICIPAL DE CRICIUMA",154,2018,154,2018,2018-04-27,"Contratação de empresa para execução dos serviços necessários as obras de implantação de um campo de futebol no bairro Vila Rica num terreno com área de 4.971,45m² localizada na rua Antônio Machinski/rua Manoel João Hipólito/rua Mário Dagostin - município de Criciúma-SC.",Convite,"Obras e Serviços de Engenharia","MENOR PRECO GLOBAL",2018-06-14,HOMOLOGADO," "," "," ","contratos_7b2a165a-5dd6-410d-99c6-d4ba3d8dffe5.csv",2018-05-30T16:00:00Z," ",2018-04-26,2018-05-30," ","despesas_fb8fc564-ae62-4110-b7ce-7221c4a5d304.csv"," ","tributos@criciuma.sc.gov.br"," ","Rua Domênico Sônego","Rua Domênico Sônego",SC,Convite,2018-05-30T08:00:00Z,"itensVencedores_08af21be-d4f1-4cd2-a299-8494732070e8.csv",MURAL_PUBLICO,,," ","participantes_0a86098e-4c32-46fb-93d7-b0bb02da0254.csv",NÃO," ",2018-05-30T15:45:00Z,"Lei 8666/1993, Art. 22, III"," "," "
"PREFEITURA MUNICIPAL DE CRICIUMA",155,2018,155,2018,2018-05-03,"Contratação de serviços especializados no controle ambiental de insetos (desinsetização e desratização) para as unidades da Secretaria Municipal de Educação de Criciúma/SC.","Pregão presencial","Compras e Serviços","MENOR PRECO GLOBAL",2018-05-17,HOMOLOGADO," "," "," ","contratos_1ad3a9d6-e9d7-4c36-8cac-4346b9f61954.csv",2018-05-16T09:01:00Z," ",2018-04-27,2018-05-16," ","despesas_b8d6e274-a2a2-4c36-aa56-90c9ced5240c.csv"," ","tributos@criciuma.sc.gov.br"," ","Rua Domênico Sônego","Rua Domênico Sônego",SC,"Pregão presencial",2018-05-16T08:00:00Z,"itensVencedores_a11397a7-c4ea-4877-9362-922d698aba91.csv",INTERNET,,," ","participantes_0bb24fc2-7476-4dfe-9705-e2a57af12e27.csv",NÃO," ",2018-05-16T09:00:00Z,," "," "
"PREFEITURA MUNICIPAL DE CRICIUMA",157,2018,157,2018,2018-05-03,"O presente Edital tem pôr objetivo a aquisição de Móveis (lote 01) e Cadeiras e Poltronas (Lote 02), para a Delegacia de Proteção à Criança, Adolescente, Mulher, Idoso e Central de Plantão Policial (CPP), do município de Criciúma",Convite,"Compras e Serviços","MENOR PREÇO GLOBAL POR LOTE",2018-06-04,HOMOLOGADO," "," "," ","contratos_68163923-c894-48db-b345-1da63c551c6b.csv",2018-05-15T11:00:00Z," ",2018-05-03,2018-05-15," ","despesas_984a45ac-0b90-4787-9168-8fcf98fb542a.csv"," ","tributos@criciuma.sc.gov.br"," ","Rua Domênico Sônego","Rua Domênico Sônego",SC,Convite,2018-05-15T08:00:00Z,"itensVencedores_abf87776-5542-40e0-9dc5-396be8629029.csv",MURAL_PUBLICO,,," ","participantes_bf7fb570-cdc3-470e-962a-89e8e0b4d793.csv",NÃO," ",2018-05-15T10:45:00Z,"Lei 8666/1993, Art. 22, III"," "," "
"PREFEITURA MUNICIPAL DE CRICIUMA",162,2018,162,2018,2018-05-15,"Aquisição de equipamentos de informática para implementação da central de monitoramento de vigilância do Paço Municipal Marcos Rovaris de Criciúma/SC.","Pregão presencial","Compras e Serviços","MENOR PRECO POR ITEM",2018-05-25,HOMOLOGADO," "," "," ","contratos_efe6637b-e425-46d9-948a-22e8679bc499.csv",2018-05-25T09:01:00Z," ",2018-05-10,2018-05-25," ","despesas_7ba3253a-7ade-4469-8df5-4875b3761957.csv"," ","tributos@criciuma.sc.gov.br"," ","Rua Domênico Sônego","Rua Domênico Sônego",SC,"Pregão presencial",2018-05-25T08:00:00Z,"itensVencedores_024d4b52-d8b0-47b5-a64e-3f488200dcec.csv",INTERNET,,," ","participantes_ec55daf3-f631-482a-bb60-61d8886a495f.csv",NÃO," ",2018-05-25T09:00:00Z,," "," "
"PREFEITURA MUNICIPAL DE CRICIUMA",163,2018,163,2018,2018-05-15,"Aquisição de veículos utilitários novos (0km), para atender a necessidade do Setor de Cadastro da Prefeitura Municipal de Criciúma/SC.","Pregão presencial","Compras e Serviços","MENOR PRECO POR ITEM",2018-06-18,HOMOLOGADO," "," "," ","contratos_3f90e7ac-22b1-4792-a742-70df629f3101.csv",2018-05-30T09:01:00Z," ",2018-05-15,2018-05-30," ","despesas_be09171b-9de0-428a-bf84-430c3faa3f0f.csv"," ","tributos@criciuma.sc.gov.br"," ","Rua Domênico Sônego","Rua Domênico Sônego",SC,"Pregão presencial",2018-05-30T08:00:00Z,"itensVencedores_7f975b28-28a1-4409-8bb9-6ce7d5ee0557.csv",MURAL_PUBLICO,,," ","participantes_06f129e3-3d64-4c7c-86ee-5337955baa3c.csv",NÃO," ",2018-05-30T09:00:00Z,," "," "
"PREFEITURA MUNICIPAL DE CRICIUMA",167,2018,167,2018,2018-05-23,"Registro de preços de materiais, ferramentas e equipamentos em atendimento a fábrica de lajotas e equipe de pavimentação e repavimentação atuantes em intervenções da CASAN no município de Criciúma/SC.","Pregão presencial","Compras e Serviços","MENOR PRECO POR ITEM",2018-06-21,HOMOLOGADO," ","atasRegistroPrecos_14ae1394-a794-4ee0-aa47-5c005cc12f02.csv"," "," ",2018-06-19T09:01:00Z," ",2018-05-22,2018-06-19," ","despesas_4d79ba59-a7b9-4ad2-9aec-c25c458d5161.csv"," ","tributos@criciuma.sc.gov.br"," ","Rua Domênico Sônego","Rua Domênico Sônego",SC,"Pregão presencial",2018-06-19T08:00:00Z,"itensVencedores_4636171c-ae2e-4448-80a4-be8be07d0e44.csv",INTERNET,,," ","participantes_75cf9fd7-5c14-4e17-842c-4ec6346ed9aa.csv",SIM," ",2018-06-19T09:00:00Z,," "," "
"PREFEITURA MUNICIPAL DE CRICIUMA",168,2018,168,2018,2018-05-29,"Aquisição de eletrodomésticos (freezer horizontal) para utilização nas escolas da Rede Municipal de Ensino de Criciúma/SC.","Pregão presencial","Compras e Serviços","MENOR PRECO POR ITEM",2018-06-20,HOMOLOGADO," "," "," ","contratos_59fdb94f-84a0-49de-a793-8e529e79461a.csv",2018-06-20T09:01:00Z," ",2018-05-22,2018-06-20," ","despesas_6858896f-7ae3-4c9f-8562-19a1d330c656.csv"," ","tributos@criciuma.sc.gov.br"," ","Rua Domênico Sônego","Rua Domênico Sônego",SC,"Pregão presencial",2018-06-20T08:00:00Z,"itensVencedores_a2c2d745-427c-4ac5-9691-1e0d2863bc17.csv",INTERNET,,," ","participantes_a4fff613-dc1d-466a-b96c-5839d76b42d4.csv",NÃO," ",2018-06-20T09:00:00Z,," "," "
"PREFEITURA MUNICIPAL DE CRICIUMA",169,2018,169,2018,2018-05-24,"Contratação de empresa especializada na prestação de serviço em solução de servidor de hospedagem em nuvem, com alta disponibilidade. Além de painel de acesso para controle e gerenciamento administrativo para o município de Criciúma/SC.","Pregão presencial","Compras e Serviços","MENOR PRECO GLOBAL",2018-07-24,HOMOLOGADO," "," "," ","contratos_72a67c65-df35-4974-8526-cf7d8ee0d007.csv",2018-06-20T14:01:00Z," ",2018-05-22,2018-06-20," ","despesas_e273e034-da64-460e-b07e-dfee18c44da2.csv"," ","tributos@criciuma.sc.gov.br"," ","Rua Domênico Sônego","Rua Domênico Sônego",SC,"Pregão presencial",2018-06-20T08:00:00Z,"itensVencedores_6c97603f-e056-414f-8bff-83be57bfc1ad.csv",INTERNET,,," ","participantes_57cae40d-aceb-4041-9f30-128bbbc7bf38.csv",NÃO," ",2018-06-20T14:00:00Z,," "," "
"PREFEITURA MUNICIPAL DE CRICIUMA",172,2018,172,2018,2018-06-11,"Registro de preços de equipamentos e materiais de informática, para aquisições futuras no atendimento ao 4º Batalhão de Bombeiro Militar de Criciúma/SC.","Pregão presencial","Compras e Serviços","MENOR PRECO POR ITEM",2018-07-12,HOMOLOGADO," ","atasRegistroPrecos_afabf823-71f1-48e2-8180-306b3e724bb6.csv"," "," ",2018-06-26T14:01:00Z," ",2018-04-27,2018-06-26," ","despesas_eee9b376-b7f4-4eb5-adef-45567efe7abb.csv"," ","tributos@criciuma.sc.gov.br"," ","Rua Domênico Sônego","Rua Domênico Sônego",SC,"Pregão presencial",2018-06-26T08:00:00Z,"itensVencedores_a54efc39-56cd-492f-9198-a333cf228461.csv",INTERNET,,," ","participantes_5f64c400-a622-4541-985f-21b2b01c819e.csv",SIM," ",2018-06-26T14:00:00Z,," "," "
"PREFEITURA MUNICIPAL DE CRICIUMA",173,2018,173,2018,2018-05-29,"Locação de imóvel, 01(um) pavilhão de alvenaria com área de 474,64 m2, situado à Rua Afonso Patrício Dagostin, esquina com Rua Luiz Zanivan, Nº 382, Bairro Zanivan, Criciúma/SC, destinado a EXTENSÃO DA EMEIEF Ângelo de Luca, do Município de Criciúma / SC, que passa por reforma emergencial do telhado","Dispensa de licitação","Compras e Serviços","MENOR PRECO",2018-05-28,HOMOLOGADO," "," "," ","contratos_095d512a-3cc6-4bed-96b3-873d630460cb.csv",2018-05-28T08:01:00Z," ",2018-05-28,2018-05-28," ","despesas_234263a2-7ac9-49de-961d-b1fc136b78ed.csv"," ","tributos@criciuma.sc.gov.br"," ","Rua Domênico Sônego","Rua Domênico Sônego",SC,"Dispensa de licitação",2018-05-28T08:00:00Z,"itensVencedores_752fe145-5778-4360-9e42-7b22cf39b173.csv",INTERNET,,," ","participantes_d43f1d65-fd32-4201-aae8-7d2bec091a3d.csv",NÃO," ",2018-05-28T08:00:00Z,," "," "
"PREFEITURA MUNICIPAL DE CRICIUMA",177,2018,177,2018,2018-06-12,"Aquisição de veículos novos (0km), para atender a necessidade da Diretoria de Trânsito e Transportes do município de Criciúma/SC.","Pregão presencial","Compras e Serviços","MENOR PRECO POR ITEM",2018-07-18,HOMOLOGADO," "," "," ","contratos_eff9de0f-18c5-4700-ac29-69c1c4020f81.csv",2018-06-27T13:01:00Z," ",2018-06-06,2018-06-27," ","despesas_06e397d5-627c-4560-8f4c-9c63f112337e.csv"," ","tributos@criciuma.sc.gov.br"," ","Rua Domênico Sônego","Rua Domênico Sônego",SC,"Pregão presencial",2018-06-27T08:00:00Z,"itensVencedores_6071f47d-a82b-4e2a-b48f-ba6ffaa89968.csv",INTERNET,,," ","participantes_8141907c-cb47-457c-b08a-9d8eeed0efe9.csv",NÃO," ",2018-06-27T13:00:00Z,," "," "
"PREFEITURA MUNICIPAL DE CRICIUMA",178,2018,178,2018,2018-07-03,"Aquisição de equipamentos e softwares de informática para atendimento a Rede municipal de Educação de Criciúma/SC.","Pregão presencial","Compras e Serviços","MENOR PRECO POR ITEM",2018-07-03,HOMOLOGADO," "," "," ","contratos_bddc2f88-21b3-4c75-a959-78d3b8a3b285.csv",2018-07-02T09:01:00Z," ",2018-06-06,2018-07-02," ","despesas_58d57d3d-b76d-4823-86c0-202adddb0511.csv"," ","tributos@criciuma.sc.gov.br"," ","Rua Domênico Sônego","Rua Domênico Sônego",SC,"Pregão presencial",2018-07-02T08:00:00Z,"itensVencedores_6790402c-289e-4806-beb7-97159f626f67.csv",INTERNET,,," ","participantes_eb4d8e3f-5125-40bf-9225-9daf2907a367.csv",NÃO," ",2018-07-02T09:00:00Z,," "," "
"PREFEITURA MUNICIPAL DE CRICIUMA",188,2018,188,2018,2018-07-19,"Aquisição de equipamentos, para uso no Centro de Processamento da Merenda Escolar, pertencente à Rede Municipal de Ensino de Criciúma/SC.","Pregão presencial","Compras e Serviços","MENOR PRECO POR ITEM",2018-07-09,HOMOLOGADO," "," "," ","contratos_dad11f80-e090-4f03-b672-74c260c36bf5.csv",2018-07-05T09:01:00Z," ",2018-06-15,2018-07-05," ","despesas_89267b74-fc02-46b2-bf47-7222f7afb720.csv"," ","tributos@criciuma.sc.gov.br"," ","Rua Domênico Sônego","Rua Domênico Sônego",SC,"Pregão presencial",2018-07-05T08:00:00Z,"itensVencedores_dbd00529-87b4-4719-ade6-6899c93b3a46.csv",INTERNET,,," ","participantes_23fdf771-6c10-475a-b73f-73f7fcd57d6c.csv",NÃO," ",2018-07-05T09:00:00Z,," "," "
"PREFEITURA MUNICIPAL DE CRICIUMA",189,2018,189,2018,2018-06-19,"Contratação de empresa para execução dos serviços necessários às obras de ampliação (a=122,29m²) e urbanização (784,60m²) da E.M.E.I.E.F. MARCILIO DIAS SAN THIAGO, localizada na avenida Boa Vista - bairro Vila Manaus no Município de Criciúma-SC.","Tomada de Preço","Obras e Serviços de Engenharia","MENOR PRECO GLOBAL",2018-07-27,HOMOLOGADO," "," "," ","contratos_f4615872-c1ea-4646-9844-3fc18c5be56c.csv",2018-07-05T14:00:00Z," ",2018-06-18,2018-07-05," ","despesas_caa5f868-d813-46cb-be96-412d5c073c35.csv"," ","tributos@criciuma.sc.gov.br"," ","Rua Domênico Sônego","Rua Domênico Sônego",SC,"Tomada de Preço",2018-07-05T08:00:00Z,"itensVencedores_6df2da35-5322-4ff2-953d-62c49f6fd112.csv",DIARIO_OFICIAL_ESTADO,,," ","participantes_0346bd51-5f2a-4fa4-8bb3-9b133a4fa95e.csv",NÃO," ",2018-07-05T13:45:00Z,"Lei 8666/1993, Art. 22, II"," "," "
"PREFEITURA MUNICIPAL DE CRICIUMA",185,2018,185,2018,2018-06-12,"A presente Licitação tem por objeto a aquisição de 02 (duas) máquinas corta asfalto/piso à serem utilizadas no setor de asfalto da Secretaria de Infraestrutura, Planejamento e Mobilidade Urbana do município de Criciúma.",Convite,"Compras e Serviços","MENOR PRECO GLOBAL",2018-07-18,HOMOLOGADO," "," "," ","contratos_16233923-1a29-48e1-a48e-65419f952ac2.csv",2018-07-03T16:00:00Z," ",2018-06-12,2018-07-03," ","despesas_1188d98c-4fde-4f95-90c6-f79d0db77874.csv"," ","tributos@criciuma.sc.gov.br"," ","Rua Domênico Sônego","Rua Domênico Sônego",SC,Convite,2018-07-03T08:00:00Z,"itensVencedores_01385f7e-aaef-49b3-a049-59f99791d71e.csv",MURAL_PUBLICO,,," ","participantes_4c180e8b-c11c-4426-9a2c-e7e013f48368.csv",NÃO," ",2018-07-03T15:45:00Z,"Lei 8666/1993, Art. 22, III"," "," "
"PREFEITURA MUNICIPAL DE CRICIUMA",190,2018,190,2018,2018-06-21,"Contratação, em regime de emergência, de empresa especializada para disponibilização de rádios comunicadores analógicos e prestação de serviços especializados (SME, SLP) para uso de Agentes da Autoridade de Trânsito e Transporte do  Município de Criciúma.","Dispensa de licitação","Compras e Serviços","MENOR PRECO",2018-06-20,HOMOLOGADO," "," "," ","contratos_d4ea1095-6f90-46de-88a0-825c78fff9f2.csv",2018-06-18T08:01:00Z," ",2018-06-18,2018-06-18," ","despesas_231ec585-2219-4727-9c91-2b111e41e2df.csv"," ","tributos@criciuma.sc.gov.br"," ","Rua Domênico Sônego","Rua Domênico Sônego",SC,"Dispensa de licitação",2018-06-18T08:00:00Z,"itensVencedores_e0f1c343-1548-4f73-a25c-c3d9403513aa.csv",INTERNET,,," ","participantes_713c7919-048a-474e-8d04-7d913556d417.csv",NÃO," ",2018-06-18T08:00:00Z,," "," "
"FUNDAÇÃO CULTURAL DE CRICIÚMA",5,2018,5,2018,2018-11-06,"Contratação de empresa especializada para a prestação de serviços ténicos especializados na confecção do Plano Municipal de Turismo para a Fundação Cultural do município de Criciúma/SC.","Dispensa de licitação","Compras e Serviços","MENOR PRECO",2018-11-01,HOMOLOGADO," "," "," ","contratos_1226f4eb-690e-498c-8525-8ccf248436f7.csv",2018-10-30T08:01:00Z," ",2018-10-30,2018-10-30," ","despesas_2fe4bf93-2087-4096-ac82-55c479cdd1a3.csv"," ",fcc@criciuma.sc.gov.br," ","Rua Coronel Pedro Benedet","Rua Coronel Pedro Benedet",SC,Licitação,2018-10-30T08:00:00Z,"itensVencedores_a58e10e4-af79-49c0-8468-c45a3d264632.csv",INTERNET," "," "," ","participantes_261acedf-365a-4377-bc4b-dea764c3da30.csv",NÃO," ",2018-10-30T08:00:00Z,,6500,6500
"FUNDAÇÃO CULTURAL DE CRICIÚMA",4,2018,4,2018,2018-09-20,"Constitui objeto do presente contrato, a contratação de empresa especializada para a prestação de serviços técnicos especializados de elaboração de projetos para captação de recursos via Lei de Incentivo a Cultura (Lei Rouanet), chamamentos públicos e editais para a Fundação Cultural do município de Criciúma/SC.","Dispensa de licitação","Compras e Serviços","MENOR PRECO",2018-09-20,HOMOLOGADO," "," "," ","contratos_c0edc351-3150-4e3e-99e5-d781d8afa82e.csv",2018-09-20T08:01:00Z," ",2018-09-20,2018-09-20," ","despesas_8a57c60a-2cde-445a-ab20-fa0fcfe5f283.csv"," ",fcc@criciuma.sc.gov.br," ","Rua Coronel Pedro Benedet","Rua Coronel Pedro Benedet",SC,Licitação,2018-09-20T08:00:00Z,"itensVencedores_f31960ea-b252-49ea-9985-e325cd958284.csv",INTERNET," "," "," ","participantes_94cb1682-cd8e-46d8-829f-f7eb9f659dd0.csv",NÃO," ",2018-09-20T08:00:00Z,,7000,7000
"FUNDAÇÃO CULTURAL DE CRICIÚMA",2,2018,2,2018,2018-07-04,"Locação de toldos, palcos, palanques, pisos, grades e banheiros químicos, incluindo o transporte, montagem e desmontagem das estruturas, para os eventos da Fundação Cultural de Criciúma/SC.",Convite,"Compras e Serviços","MENOR PRECO GLOBAL",2018-08-03,HOMOLOGADO," "," "," ","contratos_eaa45a48-6f18-419f-bb5e-88905e7d85ba.csv",2018-07-17T11:00:00Z," ",2018-07-04,2018-07-17," ","despesas_1263819a-4095-49e6-83ea-e7d0d1977a3e.csv"," ",fcc@criciuma.sc.gov.br," ","Rua Coronel Pedro Benedet","Rua Coronel Pedro Benedet",SC,Licitação,2018-07-17T08:00:00Z,"itensVencedores_38578714-b515-41e5-9e9f-27ec742393b1.csv",MURAL_PUBLICO," "," "," ","participantes_c8b4c63a-b87b-47d2-9b08-41b570ba5368.csv",NÃO," ",2018-07-17T10:45:00Z,"Lei 8666/1993, Art. 22, III",78275,76275
"FUNDAÇÃO CULTURAL DE CRICIÚMA",6,2018,6,2018,2018-11-08,"A presente licitação tem por objetivo a aquisição de equipamentos de informática e mobiliários de escritório, para o Centro Cultural Jorge Zanatta do município de Criciúma/SC.","Pregão presencial","Compras e Serviços","MENOR PREÇO GLOBAL POR LOTE",2018-11-22,HOMOLOGADO," "," "," ","contratos_2dc04c59-3004-4877-8439-10f25534bf1c.csv",2018-11-21T14:01:00Z," ",2018-11-07,2018-11-21," ","despesas_e8e9ef5e-8867-4d54-b855-2de7949be7f0.csv"," ",fcc@criciuma.sc.gov.br," ","Rua Coronel Pedro Benedet","Rua Coronel Pedro Benedet",SC,Licitação,2018-11-21T08:00:00Z,"itensVencedores_f634d65f-cdad-461a-98ed-5d944a32bb57.csv",INTERNET," "," "," ","participantes_3e744c33-33c3-419a-aa95-cd9b62166bca.csv",NÃO," ",2018-11-21T14:00:00Z,,114491.21,63524.2
"FUNDAÇÃO CULTURAL DE CRICIÚMA",3,2018,3,2018,2018-07-13,"Aquisição de materiais e equipamentos de AUDIO, VIDEO, CENICAS E ESPORTIVO, para conclusão da implantação da Praça de Esportes e Cultura - (CEUS) da Fundação Cultural de Criciúma/SC.","Pregão presencial","Compras e Serviços","MENOR PREÇO GLOBAL POR LOTE",2018-08-08,HOMOLOGADO," "," "," ","contratos_64b412d4-9a5a-4a23-aa4b-13a2e40c2911.csv",2018-07-27T09:01:00Z," ",2018-07-11,2018-07-27," ","despesas_edff3207-2b03-4239-9efc-5d8df11bc1b8.csv"," ",fcc@criciuma.sc.gov.br," ","Rua Coronel Pedro Benedet","Rua Coronel Pedro Benedet",SC,Licitação,2018-07-27T08:00:00Z,"itensVencedores_6228b229-5069-4f2f-9ec8-55994b3273a3.csv",INTERNET," "," "," ","participantes_36ea8d82-c281-490e-a52a-3b79ef6d97e1.csv",NÃO," ",2018-07-27T09:00:00Z,,72572.99,63659.99
"FUNDAÇÃO CULTURAL DE CRICIÚMA",1,2018,1,2018,2018-04-12,"A presente licitação tem por objetivo a aquisição de materiais e equipamentos para conclusão da implantação da Praça de Esportes e Cultura - PEC no município de Criciúma/SC.","Pregão presencial","Compras e Serviços","MENOR PREÇO GLOBAL MENSAL",2018-05-21,HOMOLOGADO," "," "," ","contratos_b277bbdb-5ee0-45b8-9899-8763f5547dc7.csv",2018-04-25T09:01:00Z," ",2018-04-11,2018-04-25," ","despesas_303acdde-ceb9-4c34-882e-6d6ac58e0a5d.csv"," ",fcc@criciuma.sc.gov.br," ","Rua Coronel Pedro Benedet","Rua Coronel Pedro Benedet",SC,Licitação,2018-04-25T08:00:00Z,"itensVencedores_27c66334-27e3-43f8-8d9a-60ce7c585a71.csv",DIARIO_OFICIAL_UNIAO," "," "," ","participantes_64a72c46-cf8d-46f0-8e98-8bfc9d738afe.csv",NÃO," ",2018-04-25T09:00:00Z,,421840.34,339359.36
"FUNDO MUNICIPAL DE SAUDE DE CRICIUMA",41,2018,41,2018,2018-05-29,"Constitui objeto do presente contrato a locação de imóvel, 01(uma) casa comercial com aproximadamente 146,99m², com 3 dormitórios, 02 bwc, cozinha, sala e garagem na sua José do Patrocínio em Criciúma -SC. Devidamente registrado sob a matrícula 10.606, para ser utilizado como Serviço Residencial Terapêutico.","Dispensa de licitação","Compras e Serviços","MENOR PRECO",2018-05-29,HOMOLOGADO," "," "," ","contratos_6af69162-1ce9-4792-aff3-cf026a14eaeb.csv",2018-05-29T08:01:00Z," ",2018-05-29,2018-05-29," ","despesas_0a240a15-c5c3-418d-a429-1035f93c54d7.csv"," ",saude@criciuma.sc.gov.br," ","Rua Domênico Sônego","Rua Domênico Sônego",SC,Licitação,2018-05-29T08:00:00Z,"itensVencedores_30ac8739-1480-4a47-8efc-b6e11d1aa8b4.csv",INTERNET," "," "," ","participantes_8686eddc-9beb-4623-bdac-6d4280e9626b.csv",NÃO," ",2018-05-29T08:00:00Z,,30000,30000
"FUNDO MUNICIPAL DE ASSISTENCIA SOCIAL DE CRICIUMA",18,2018,18,2018,2018-07-25,"Contratação de agência(s) de propaganda para prestação de serviços de publicidade para a Secretaria de Assistência Social do Município de Criciúma-SC","Tomada de Preço","Compras e Serviços","MENOR PRECO GLOBAL",2018-12-03,HOMOLOGADO," "," "," ","contratos_6552da3e-12b7-4da6-9594-030445f3aa42.csv",2018-09-10T14:00:00Z," ",2018-07-23,2018-09-10," ","despesas_57630bb2-ea27-4862-b5f6-fa41bdbe3bac.csv"," ",," ","Rua Domênico Sônego.","Rua Domênico Sônego.",SC,Licitação,2018-09-10T08:00:00Z,"itensVencedores_72f86b44-c4b1-4440-af73-6e895c4ca897.csv",DIARIO_OFICIAL_ESTADO," "," "," ","participantes_76918a41-6567-4b60-b436-2960068eebdf.csv",NÃO," ",2018-09-10T13:45:00Z,"Lei 8666/1993, Art. 22, II",130000,100000
"FUNDO MUNICIPAL DE ASSISTENCIA SOCIAL DE CRICIUMA",5,2018,2,2018,2018-03-02,"aquisição de gêneros alimentícios, diretamente da Agricultura Familiar para às unidades socioeducativas dos CRAS( Centro de Referência de Assistência Social), CREAS( Centros de Referência Especializados em Assistência Social), Casa de Passagem, Centro Pop e Abrigos da Secretaria Municipal de Assistência Social de Criciúma/SC.","Outras Modalidades","Compras e Serviços","MENOR PRECO POR ITEM",2018-04-09,HOMOLOGADO," "," "," ","contratos_8471d209-5c51-499d-ad98-5006c1c99c8b.csv"," "," ",2018-02-27,," ","despesas_20d14dd3-56bc-4abb-95f7-af9a5f6cf4ef.csv"," ",," ","Rua Domênico Sônego.","Rua Domênico Sônego.",SC,"Chamada pública / credenciamento"," ","itensVencedores_c22f48ec-4689-4a66-b2a4-6fc97a3eaf3e.csv",INTERNET," "," "," ","participantes_2cf6831a-4656-417f-8669-e5a9a3957536.csv",NÃO," "," ",,462605.36,405548.5
"FUNDO MUNICIPAL DE ASSISTENCIA SOCIAL DE CRICIUMA",23,2018,23,2018,2018-08-31,"Registro de preços de GÊNEROS ALIMENTÍCIOS, para composição de cestas básicas, para aquisições futuras no atendimento aos beneficiários dos benefícios eventuais, da Secretaria Municipal de Assistência Social de Criciúma/SC.","Pregão presencial","Compras e Serviços","MENOR PRECO GLOBAL",2018-09-14,HOMOLOGADO," ","atasRegistroPrecos_618cefa9-83a7-4a62-bac9-71fdb29e3163.csv"," "," ",2018-09-13T15:01:00Z," ",2018-08-30,2018-09-13," ","despesas_c7c3768c-7b1e-4d02-8e5c-2fbb78764968.csv"," ",," ","Rua Domênico Sônego.","Rua Domênico Sônego.",SC,Licitação,2018-09-13T08:00:00Z,"itensVencedores_b7ec332f-b22a-404e-a491-2961e8ab7927.csv",INTERNET," "," "," ","participantes_290d526f-7be3-49c0-aa73-fc216c55a679.csv",SIM," ",2018-09-13T15:00:00Z,,66936.24,49896
"FUNDO MUNICIPAL DE ASSISTENCIA SOCIAL DE CRICIUMA",21,2018,21,2018,2018-07-31,"REGISTRO DE PREÇOS DE GENEROS ALIMENTÍCIOS, para atendimento às unidades sócio-educativas dos CRAS (Centro de Referencia de Assistência Social), CREAS (Centros de Referencia Especializados em Assistência Social), Casa de Passagem, Centro Pop e Abrigos da Secretaria de Assistência Social de Criciúma/SC.","Pregão presencial","Compras e Serviços","MENOR PRECO POR ITEM",2018-08-16,HOMOLOGADO," ","atasRegistroPrecos_0707bdba-b63a-4bf3-8bbc-ec27e8145d1e.csv"," "," ",2018-08-15T08:31:00Z," ",2018-07-25,2018-08-15," ","despesas_e216e072-724e-4b9a-bd64-3045488c8fd2.csv"," ",," ","Rua Domênico Sônego.","Rua Domênico Sônego.",SC,Licitação,2018-08-15T08:00:00Z,"itensVencedores_c99dff5f-82c5-4f01-9128-2640971fb000.csv",DIARIO_OFICIAL_UNIAO," "," "," ","participantes_c09d2a4a-c113-4e78-94d3-aca46eeee413.csv",SIM," ",2018-08-15T08:30:00Z,,545303.5,525410.35
"FUNDO MUNICIPAL DE ASSISTENCIA SOCIAL DE CRICIUMA",3,2018,3,2018,2018-02-15,"Contratação de empresa especializada para fornecimento, de forma parcelada, de alimentos (doces, salgados, para coffee break) para consumo durante eventos realizados pela Secretaria Municipal de Assistência Social de Criciúma/SC",Convite,"Compras e Serviços","MENOR PRECO GLOBAL",2018-03-22,HOMOLOGADO," "," "," ","contratos_7bce6df2-68e4-425d-a1b8-c3a426dd1bb6.csv",2018-02-27T10:00:00Z," ",2018-02-15,2018-02-27," ","despesas_7d091038-b439-4957-b469-4ded8c975517.csv"," ",," ","Rua Domênico Sônego.","Rua Domênico Sônego.",SC,Licitação,2018-02-27T08:00:00Z,"itensVencedores_5f94c52c-6fa6-44c5-b4b2-b66180e8c73a.csv",MURAL_PUBLICO," "," "," ","participantes_b174379e-403b-4edf-99ac-5b76a977d24f.csv",NÃO," ",2018-02-27T09:45:00Z,"Lei 8666/1993, Art. 22, III",58549.85,58218.5
"FUNDO MUNICIPAL DE ASSISTENCIA SOCIAL DE CRICIUMA",6,2018,6,2018,2018-03-22,"Aquisição de veículos novos (0km), para atendimento as unidades da Secretaria Municipal da Assistência Social de Criciúma/SC.","Pregão presencial","Compras e Serviços","MENOR PRECO POR ITEM",2018-05-15,HOMOLOGADO," "," "," ","contratos_bef6ea74-ba1c-43f6-9c22-53a6214d6890.csv",2018-03-28T14:01:00Z," ",2018-03-07,2018-03-28," ","despesas_9f649dd4-7f22-4aaa-9165-a52d1163354f.csv"," ",," ","Rua Domênico Sônego.","Rua Domênico Sônego.",SC,Licitação,2018-03-28T08:00:00Z,"itensVencedores_e8c4139d-1556-47d1-bc5a-71f18ebc49cb.csv",DIARIO_OFICIAL_UNIAO," "," "," ","participantes_990ed50f-c631-4987-8a63-e28b3534c593.csv",NÃO," ",2018-03-28T14:00:00Z,,195841.67,190500
"FUNDO MUNICIPAL DE ASSISTENCIA SOCIAL DE CRICIUMA",19,2018,19,2018,2018-07-31,"Registro de preços de serviços de agenciamento e fornecimento de passagens rodoviárias, no âmbito nacional, para aquisições futuras, no atendimento ao programa de apoio ao migrante promovido pelo Centro POP, pertencente a Secretaria Municipal de Assistência Social de Criciúma/SC.","Pregão presencial","Compras e Serviços","MAIOR PERCENTUAL DE DESCONTO",2018-09-03,HOMOLOGADO," ","atasRegistroPrecos_78f6b917-9db2-4078-9354-b30ce74c5f07.csv"," "," ",2018-08-14T10:01:00Z," ",2018-07-25,2018-08-14," ","despesas_492c76c6-2588-4b93-90b7-98a56435d732.csv"," ",," ","Rua Domênico Sônego.","Rua Domênico Sônego.",SC,Licitação,2018-08-14T08:00:00Z,"itensVencedores_48c55acc-4533-4203-94e5-2818e99bcf3e.csv",DIARIO_OFICIAL_UNIAO," "," "," ","participantes_bf8759c1-7724-4c16-a233-b0bf813097ea.csv",SIM," ",2018-08-14T10:00:00Z,,20000,22
"FUNDO MUNICIPAL DE ASSISTENCIA SOCIAL DE CRICIUMA",25,2018,25,2018,2018-11-23,"O presente edital tem por objetivo a contratação de equipe para manutenção preventiva e corretiva, de instalações elétricas, instalações hidráulicas e obras civis em prédios públicos da Secretaria de Assistência Social do município de Criciúma/SC, bem como a execução de serviços gerais de limpeza de instalações e de corte de grama, sem fornecimento de materiais.","Pregão presencial","Compras e Serviços","MENOR PRECO GLOBAL",2018-12-07,HOMOLOGADO," "," "," ","contratos_03307e98-7a8e-4751-bd9d-1add2371921d.csv",2018-12-06T14:01:00Z," ",2018-11-22,2018-12-06," ","despesas_39cd93cd-4dc6-407f-98c3-06042695a5f1.csv"," ",," ","Rua Domênico Sônego.","Rua Domênico Sônego.",SC,Licitação,2018-12-06T08:00:00Z,"itensVencedores_7499099a-2f64-4997-b834-6f02eab62403.csv",INTERNET," "," "," ","participantes_225b4bab-db70-4c7a-8e4f-0cff8a9b3cd4.csv",NÃO," ",2018-12-06T14:00:00Z,,109239.24,92400
"FUNDO MUNICIPAL DE ASSISTENCIA SOCIAL DE CRICIUMA",1,2018,1,2018,2018-01-13,"LOCAÇÃO DE IMÓVEL, SITUADO NA RUA JOSÉ DO PATROCÍNIO, N° 495, BAIRRO CENTRO DESTINADO AO FUNCIONAMENTO DO LAR AZUL.","Outras Modalidades","Compras e Serviços","MENOR PRECO GLOBAL",2018-01-16,HOMOLOGADO," "," "," ","contratos_de6addd0-5d55-46d5-9613-ea7bb12ec021.csv"," "," ",2018-01-12,," ","despesas_c380c3a0-3981-4128-aab8-229a954c6d32.csv"," ",," ","Rua Domênico Sônego.","Rua Domênico Sônego.",SC,"Chamada pública / credenciamento"," ","itensVencedores_645dd855-4c3b-40a4-995f-e352f6fd3876.csv","JORNAL_DIVULGACAO_REGIONAL"," "," "," ","participantes_f0f967b2-e274-4c7d-81a8-c472dfbb66d6.csv",NÃO," "," ",,37200,37200
"FUNDO MUNICIPAL DE ASSISTENCIA SOCIAL DE CRICIUMA",24,2018,24,2018,2018-09-19,"Execução de serviços técnicos especializados para elaboração de Diagnóstico Social sobre o Trabalho Infantil no Município de Criciúma/SC.","Dispensa de licitação","Compras e Serviços","MENOR PRECO GLOBAL",2018-09-17,HOMOLOGADO," "," "," ","contratos_bfed32af-5363-4fae-a4ed-6d41b7a5ab84.csv",2018-09-17T08:01:00Z," ",2018-09-17,2018-09-17," ","despesas_c10d6770-6b8e-4f9b-ba2b-a939b7aa4925.csv"," ",," ","Rua Domênico Sônego.","Rua Domênico Sônego.",SC,Licitação,2018-09-17T08:00:00Z,"itensVencedores_fbc91f54-097a-4fea-bdf7-c52961aae2fe.csv",INTERNET," "," "," ","participantes_adfa1840-cfa7-459e-8f80-3ad25ff45748.csv",NÃO," ",2018-09-17T08:00:00Z,,16500,15550
"FUNDO MUNICIPAL DE ASSISTENCIA SOCIAL DE CRICIUMA",4,2018,4,2018,2018-03-01,"Registro de preços de materiais de artesanato, para aquisições futuras em atendimento aos serviços realizados pelo CRAS, da Secretaria Municipal de Assistência Social de Criciúma/SC.","Pregão presencial","Compras e Serviços","MENOR PRECO POR ITEM",2018-03-20,HOMOLOGADO," ","atasRegistroPrecos_713579cd-8741-4b55-a5be-822353067a2c.csv"," "," ",2018-03-13T13:31:00Z," ",2018-02-26,2018-03-13," ","despesas_d8dd7ca7-5ba6-42cb-8fdc-8b5f90b3d0c8.csv"," ",," ","Rua Domênico Sônego.","Rua Domênico Sônego.",SC,Licitação,2018-03-13T08:00:00Z,"itensVencedores_f080891b-58fe-4598-8429-c653b6b8bc70.csv",INTERNET," "," "," ","participantes_fcc5f284-d9af-4e6f-8f88-8b1a0e2be622.csv",SIM," ",2018-03-13T13:30:00Z,,23901.25,16726.54
"FUNDO MUNICIPAL DE ASSISTENCIA SOCIAL DE CRICIUMA",20,2018,20,2018,2018-07-31,"Registro de preços de GÊNEROS ALIMENTÍCIOS, para composição de cestas básicas, para aquisições futuras no atendimento aos beneficiários dos benefícios eventuais, da Secretaria Municipal de Assistência Social de Criciúma/SC.","Pregão presencial","Compras e Serviços","MENOR PRECO GLOBAL",2018-08-24,REVOGADO," "," "," "," ",2018-08-14T14:01:00Z," ",2018-07-25,2018-08-14,2018-08-24,"despesas_5bd0f161-30b3-4eea-92c9-44ca5caeaa4c.csv"," ",," ","Rua Domênico Sônego.","Rua Domênico Sônego.",SC,Licitação,2018-08-14T08:00:00Z,"itensVencedores_4fe2fdf1-e084-4d6a-bba9-3bf29de1c8b2.csv",INTERNET," ","Outros Casos de Revogação"," ","participantes_28b1fb72-86d8-434b-a54b-47b61b659403.csv",NÃO," ",2018-08-14T14:00:00Z,,66936.24,65545.2
"FUNDO MUNICIPAL DE ASSISTENCIA SOCIAL DE CRICIUMA",8,2018,8,2018,2018-04-04,"A presente licitação tem por objetivo a aquisição de equipamentos, eletrodomésticos e eletroeletrônicos para atendimento à Secretaria Municipal da Assistência Social de Criciúma/SC.","Pregão presencial","Compras e Serviços","MENOR PRECO POR ITEM",2018-04-18,HOMOLOGADO," "," "," ","contratos_08c81820-a2e9-4617-bc7e-82f76eb82bcf.csv",2018-04-17T08:31:00Z," ",2018-03-28,2018-04-17," ","despesas_9a5103ad-04ef-4cfe-9f28-ce6d61843f06.csv"," ",," ","Rua Domênico Sônego.","Rua Domênico Sônego.",SC,Licitação,2018-04-17T08:00:00Z,"itensVencedores_d5c68309-94bb-4f42-854e-d8e1bc8ac3cd.csv",INTERNET," "," "," ","participantes_2fc8db76-19bc-4bba-a670-ce18302399f4.csv",NÃO," ",2018-04-17T08:30:00Z,,93109.7,90431.1
"FUNDO MUNICIPAL DE ASSISTENCIA SOCIAL DE CRICIUMA",11,2018,11,2018,2018-06-01,"Constitui objeto do presente a aquisição de vale transporte para os usuários dos programas das unidades da Secretaria Municipal da Assistência Social.","Inexigibilidade de licitação","Compras e Serviços","MENOR PRECO GLOBAL",2018-06-01,HOMOLOGADO," "," "," ","contratos_9232de64-4429-4410-92e8-eb914b31c67a.csv",2018-06-01T08:01:00Z," ",2018-06-01,2018-06-01," ","despesas_331eb7cf-1d7d-4659-a837-ccfeb04a00fc.csv"," ",," ","Rua Domênico Sônego.","Rua Domênico Sônego.",SC,Licitação,2018-06-01T08:00:00Z,"itensVencedores_07468e40-39cb-4316-9442-72e31a7c35e6.csv",INTERNET," "," "," ","participantes_c85fb3b7-f9fe-4250-8dc8-09b47f8998ad.csv",NÃO," ",2018-06-01T08:00:00Z,,128700,128700.0
"FUNDO MUNICIPAL DE ASSISTENCIA SOCIAL DE CRICIUMA",12,2018,12,2018,2018-06-11,"Registro de Preços de GULOSEIMAS, para atendimento aos eventos referentes à Secretaria Municipal de Assistência Social e Habitação de Criciúma/SC.","Pregão presencial","Compras e Serviços","MENOR PRECO GLOBAL",2018-07-02,HOMOLOGADO," ","atasRegistroPrecos_84309b99-595e-4241-b5d0-c4efc998a738.csv"," "," ",2018-06-29T15:01:00Z," ",2018-06-06,2018-06-29," ","despesas_23e6e0f0-1f86-460a-8855-dca934fb1de0.csv"," ",," ","Rua Domênico Sônego.","Rua Domênico Sônego.",SC,Licitação,2018-06-29T08:00:00Z,"itensVencedores_14302270-c511-4409-b2d8-0a807494999f.csv",DIARIO_OFICIAL_UNIAO," "," "," ","participantes_a89ebbd0-af37-4afe-aed7-aa2012712c7e.csv",SIM," ",2018-06-29T15:00:00Z,,65782,65641.0
"FUNDO MUNICIPAL DE ASSISTENCIA SOCIAL DE CRICIUMA",16,2018,16,2018,2018-07-23,"Registro de preços de GÊNEROS ALIMENTÍCIOS, para composição de cestas básicas, para aquisições futuras no atendimento aos beneficiários do Programa de Integração Profissional Mudando o Rumo, Lei 6.505, da Secretaria Municipal de Assistência Social de Criciúma/SC.","Pregão presencial","Compras e Serviços","MENOR PRECO GLOBAL",2018-08-08,HOMOLOGADO," ","atasRegistroPrecos_ac043137-7df3-4b8b-8959-206a7e687106.csv"," "," ",2018-08-06T10:01:00Z," ",2018-07-23,2018-08-06," ","despesas_24360a87-1681-4049-ac8e-764c04a36d59.csv"," ",," ","Rua Domênico Sônego.","Rua Domênico Sônego.",SC,Licitação,2018-08-06T08:00:00Z,"itensVencedores_16a02325-6e48-4d62-b1fa-7b6115170374.csv",MURAL_PUBLICO," "," "," ","participantes_d5aeb200-972a-4ce4-9245-e9cdd91692b6.csv",SIM," ",2018-08-06T10:00:00Z,,15147.6,15042
"FUNDO MUNICIPAL DE ASSISTENCIA SOCIAL DE CRICIUMA",13,2018,13,2018,2018-06-11,"Registro de preços de materiais de artesanato, para aquisições futuras em atendimento aos serviços realizados pelo CRAS, da Secretaria Municipal de Assistência Social de Criciúma/SC.","Pregão presencial","Compras e Serviços","MENOR PRECO POR ITEM",2018-07-04,HOMOLOGADO," ","atasRegistroPrecos_d74ff561-2ffa-4f65-b904-e1ae4ae8a04f.csv"," "," ",2018-07-03T09:01:00Z," ",2018-06-07,2018-07-03," ","despesas_7e2956d9-188a-4703-8567-589cfc45fc49.csv"," ",," ","Rua Domênico Sônego.","Rua Domênico Sônego.",SC,Licitação,2018-07-03T08:00:00Z,"itensVencedores_62004354-029f-41d4-aa3e-590d6f256e18.csv",DIARIO_OFICIAL_UNIAO," "," "," ","participantes_6846fc02-fee8-4755-93b2-2dcec9a27060.csv",SIM," ",2018-07-03T09:00:00Z,,8589.05,3636.5
"FUNDO MUNICIPAL DE ASSISTENCIA SOCIAL DE CRICIUMA",15,2018,15,2018,2018-07-03,"Contratação de empresa para a prestação de serviços relacionados a análise, assistência, dimensionamento, elaboração de orçamento, execução, instalação, laudo, manutenção, montagem, parecer técnico, vistoria e fornecimento de materiais e equipamentos, no que tange redes de comunicação, de voz e dados, além de redes elétricas de baixa tensão e/ou estabilizadas, nos locais pertencentes ao Fundo Municipal de Assistência Social.",Convite,"Compras e Serviços","MENOR PRECO GLOBAL",2018-07-20,HOMOLOGADO," "," "," ","contratos_75d75284-0059-4258-94e7-550413e01f8b.csv",2018-07-16T16:00:00Z," ",2018-07-03,2018-07-16," "," "," ",," ","Rua Domênico Sônego.","Rua Domênico Sônego.",SC,Licitação,2018-07-16T08:00:00Z,"itensVencedores_3df6ba9b-2b04-48d7-8a67-ba15872d5ead.csv",MURAL_PUBLICO," "," "," ","participantes_48a73b93-348c-4ff2-bbb0-f705d967ab1e.csv",NÃO," ",2018-07-16T15:45:00Z,"Lei 8666/1993, Art. 22, III",54912.53,52556.67
"FUNDO MUNICIPAL DE ASSISTENCIA SOCIAL DE CRICIUMA",2,2018,2,2018,2018-01-29,"Registro de preços de serviços de fotografia 3x4, para atendimento à todas unidades pertencentes a Secretaria Municipal de Assistência Social de Criciúma/SC.","Pregão presencial","Compras e Serviços","MENOR PRECO POR ITEM",2018-02-09,HOMOLOGADO," ","atasRegistroPrecos_437ec6ab-17c8-44b2-a0a3-48c61a9acac8.csv"," "," ",2018-02-08T13:31:00Z," ",2018-01-22,2018-02-08," ","despesas_21fe325b-ee7c-4c39-8dd1-f39afce999da.csv"," ",," ","Rua Domênico Sônego.","Rua Domênico Sônego.",SC,Licitação,2018-02-08T08:00:00Z,"itensVencedores_52cedce0-8ac0-4072-8955-70bbbd2fb2b2.csv",INTERNET," "," "," ","participantes_2c214573-555d-41b9-a2cf-0aceab3cdc22.csv",SIM," ",2018-02-08T13:30:00Z,,8798.4,7200
"FUNDO MUNICIPAL DE ASSISTENCIA SOCIAL DE CRICIUMA",17,2018,17,2018,2018-07-23,"contratação de empresa especializada para serviços de manutenção de aparelhos de ar condicionado, na Secretaria Municipal da Assistência Social e Habitação, e nas suas unidades descentralizadas no Município de Criciúma/SC.",Convite,"Compras e Serviços","MENOR PREÇO GLOBAL",2018-08-06,Homologado," "," ",Criciúma,"contratos_54ad27cd-e2f6-45a7-8714-d25e2ff57fa3.csv",2018-08-02T16:00:00Z," ",2018-07-23,2018-08-02," "," ","documentosRelacionados_989ffabf-b9b8-4b91-9515-4aace35e2d0f.csv"," "," "," "," ",SC,Licitação,2018-08-02T08:00:00Z,"itensVencedores_95966fe4-463d-4275-80f9-b7b5a0edac7a.csv","Mural Público"," "," ","NELI SEHNEM DOS SANTOS","participantes_fe32c259-9e43-46b5-83bc-ec2efbf99e76.csv",NÃO,3431-0389,2018-08-02T15:45:00Z," ",46255.8,45536.6
