descricao,id,quantidade,situacao,unidadeMedida,valorTotal,valorUnitario
"2515558 BOMBA HIDRAULICA DUPLA",0,3,DESCLASSIFICADO," ",8997,2999
"3305192 CABO",0,6,DESCLASSIFICADO," ",690,115
"675257 CAPA",0,2,DESCLASSIFICADO," ",124,62
"675249 CAPA",0,2,DESCLASSIFICADO," ",118,59
"3319856 CARDAN",0,3,DESCLASSIFICADO," ",1659,553
"3304103 CARDAN",0,1,DESCLASSIFICADO," ",1163,1163
"3339202 CARDAN",0,2,DESCLASSIFICADO," ",1278,639
"3340047 CHAPEU",0,2,DESCLASSIFICADO," ",206,103
"901470 CILINDRO COMPLETO",0,3,DESCLASSIFICADO," ",5835,1945
"710288 ROLAMENTO  CJTO",0,2,DESCLASSIFICADO," ",272,136
"675248 CONE",0,2,DESCLASSIFICADO," ",278,139
"3319843 CRUZETA",0,8,DESCLASSIFICADO," ",1008,126
"12705699 CURVA",0,2,DESCLASSIFICADO," ",96,48
"3304201 EMBUCHAMENTO COM. CENTRAL E DIREÇAO",0,4,DESCLASSIFICADO," ",2916,729
"3303813 EMBUCHAMENTO COMPLETO FRONTAL",0,2,DESCLASSIFICADO," ",5492,2746
"2526831 FILTRO",0,6,DESCLASSIFICADO," ",372,62
"3340046 FILTRO DE AR 7",0,6,DESCLASSIFICADO," ",276,46
"3340045 FILTRO DE AR",0,6,DESCLASSIFICADO," ",618,103
"3319764 LUVA",0,4,DESCLASSIFICADO," ",1200,300
"3319841 LUVA DO CARDAN",0,3,DESCLASSIFICADO," ",900,300
"3302807 MANCAL COM ROLAMENTO",0,4,DESCLASSIFICADO," ",1060,265
"947932 PASTILHA",0,16,DESCLASSIFICADO," ",816,51
"128852 PINÇA DE FREIO",0,4,DESCLASSIFICADO," ",6372,1593
"947935 PISTAO",0,16,DESCLASSIFICADO," ",752,47
"237141 PLACA",0,12,DESCLASSIFICADO," ",312,26
"237142 PLACA  CJTO",0,4,DESCLASSIFICADO," ",444,111
"RADIADOR CARREGADEIRA MICHIGAN 55C",0,3,DESCLASSIFICADO," ",7929,2643
"2530106 REPARO",0,8,DESCLASSIFICADO," ",184,23
"2530107 REPARO",0,6,DESCLASSIFICADO," ",222,37
"2530108 REPARO",0,6,DESCLASSIFICADO," ",258,43
"840476 REPARO",0,8,DESCLASSIFICADO," ",264,33
"667277 ROLAMENTO",0,4,DESCLASSIFICADO," ",644,161
"667278 ROLAMENTO",0,4,DESCLASSIFICADO," ",584,146
"675536 ROLAMENTO",0,2,DESCLASSIFICADO," ",214,107
"12705698 SILENCIOSO",0,2,DESCLASSIFICADO," ",196,98
"124041 TAMPA",0,2,DESCLASSIFICADO," ",462,231
"239576 Tampa",0,4,DESCLASSIFICADO," ",1844,461
"554843 TAMPA",0,3,DESCLASSIFICADO," ",2685,895
"12705705 TUBO",0,2,DESCLASSIFICADO," ",220,110
"12705521 VALVULA",0,4,DESCLASSIFICADO," ",1432,358
"900509 VENTILADOR",0,2,DESCLASSIFICADO," ",668,334
"3304079 RODA  CJTO",0,2,DESCLASSIFICADO," ",7800,3900
"815204 COROA E PINHAO  CJTO",0,1,DESCLASSIFICADO," ",2954,2954
"815202 COROA E PINHAO  CJTO",0,2,DESCLASSIFICADO," ",5908,2954
"125435 DISCO DE FREIO",0,4,DESCLASSIFICADO," ",1908,477
"124573 ENGRENAGEM",0,6,DESCLASSIFICADO," ",2046,341
"2107714 EIXO",0,6,DESCLASSIFICADO," ",390,65
"106081 FLANGE",0,3,DESCLASSIFICADO," ",954,318
"234419 VALVULA",0,1,DESCLASSIFICADO," ",3323.97,3323.97
"237454 BOMBA",0,2,DESCLASSIFICADO," ",3878,1939
"234362 DEFLETOR",0,1,DESCLASSIFICADO," ",316,316
"235214 IMPULSOR",0,1,DESCLASSIFICADO," ",1061,1061
"239774 ESTATOR",0,1,DESCLASSIFICADO," ",544,544
"239775 TURBINA",0,1,DESCLASSIFICADO," ",844,844
"3320141 KIT TRANSMISSAO",0,3,DESCLASSIFICADO," ",2796,932
"3320143 KIT CONVERSOR",0,3,DESCLASSIFICADO," ",900,300
"12705333 HORBITROL",0,2,DESCLASSIFICADO," ",8022,4011
"241039 SUPORTE",0,2,DESCLASSIFICADO," ",2400,1200
"2538700 CAMISA",0,2,DESCLASSIFICADO," ",3102,1551
"2523869 HASTE",0,2,DESCLASSIFICADO," ",1670,835
"2526859 CILINDRO CJTO",0,2,DESCLASSIFICADO," ",3094,1547
"130-02 ABRACADEIRA",0,4,DESCLASSIFICADO," ",44,11
"144.15 ANEL DE TEFLON",0,4,DESCLASSIFICADO," ",232,58
"144.15 ANEL DE TEFLON",0,4,DESCLASSIFICADO," ",196,49
"7432 BOMBA DE DIREÇAO",0,2,DESCLASSIFICADO," ",2740,1370
"7432 BOMBA DE TRANSMISSAO",0,1,DESCLASSIFICADO," ",1464,1464
"7443 BOMBA HIDRAULICA",0,2,DESCLASSIFICADO," ",7548,3774
"144-01 CHAPEU",0,2,DESCLASSIFICADO," ",392,196
"133027 COLETOR CENTRAL",0,1,DESCLASSIFICADO," ",362,362
"213317 COLETOR DIANTEIRO",0,1,DESCLASSIFICADO," ",380,380
"3350217 COLETOR TRASEIRO",0,1,DESCLASSIFICADO," ",380,380
"178627 C0RREIA DO MOTOR",0,6,DESCLASSIFICADO," ",498,83
"144-32-B0320 CORRENTE ESTEIRA JG (156 ELOS)",0,1,DESCLASSIFICADO," ",31841,31841
"144-15B1210 CRUZETA",0,6,DESCLASSIFICADO," ",858,143
"144-21-12413 CUBO",0,2,DESCLASSIFICADO," ",1910,955
"145.21.13121 DISCO",0,7,DESCLASSIFICADO," ",700,100
"145.21.13132  PLACA",0,5,DESCLASSIFICADO," ",240,48
"150.27-00025 DUOCONE",0,4,DESCLASSIFICADO," ",1216,304
"150.27-00015 DUOCONE",0,6,DESCLASSIFICADO," ",816,136
"145-15-B1130 ENGRENAGEM",0,3,DESCLASSIFICADO," ",771,257
"256834 FILTRO COMBUSTIVEL",0,8,DESCLASSIFICADO," ",600,75
"144-01-B2250 FILTRO DO AR EXTERNO",0,4,DESCLASSIFICADO," ",636,159
"144-01-B2260 FILTRO DE AR INTERNO",0,4,DESCLASSIFICADO," ",256,64
"256838 FILTRO LUBRIFICANTE",0,8,DESCLASSIFICADO," ",664,83
"158139 FILTRO LUBRIFICANTE",0,8,DESCLASSIFICADO," ",448,56
"281-16-11290 FILTRO TRANSMISSAO/DIREÇAO",0,6,DESCLASSIFICADO," ",528,88
"144-15-B1310 FLANGE DO CONVERSOR",0,1,DESCLASSIFICADO," ",493,493
"131-21-43411 MOLA",0,2,DESCLASSIFICADO," ",1486,743
"139266 JUNTA DA FLANGE DO ESCAPE",0,12,DESCLASSIFICADO," ",96,8
"3076189 JUNTA DO CABEÇOTE",0,6,DESCLASSIFICADO," ",888,148
"3020943 JUNTA DO COLETOR MOTOR",0,12,DESCLASSIFICADO," ",57.6,4.8
"3054841 JUNTA TAMPA DE VALVULAS",0,3,DESCLASSIFICADO," ",141,47
"154.27.12320 PARAFUSO DE SEGMENTO",0,54,DESCLASSIFICADO," ",513,9.5
"01803-02228  PORCA DO SEGMENTO",0,54,DESCLASSIFICADO," ",237.6,4.4
"154-32-21330  PORCA ESTEIRA",0,312,DESCLASSIFICADO," ",967.2,3.1
"144.32.11211 PARAFUSO SAPATA ESTEIRA",0,312,DESCLASSIFICADO," ",1372.8,4.4
"145.27.41240 Pinhão 1º",0,1,DESCLASSIFICADO," ",812,812
"145.27.41430 Pinhão 2º",0,1,DESCLASSIFICADO," ",2677,2677
"3051412 REPARO BOMBA DA ÁGUA",0,3,DESCLASSIFICADO," ",1563,521
"144-30-B0810 ROLETE INFERIOR DUPLO",0,8,DESCLASSIFICADO," ",13872,1734
"144-30-B0571 Rolete inferior simples",0,6,DESCLASSIFICADO," ",10404,1734
"144-32-11111 SAPATA 510MM",0,78,DESCLASSIFICADO," ",28392,364
"144.27.B2180 Segmento da motriz",0,18,DESCLASSIFICADO," ",5238,291
"6678-11-5720 Silencioso",0,2,DESCLASSIFICADO," ",714,357
"145-15-42320 SUPORTE",0,1,DESCLASSIFICADO," ",2266.7,2266.7
"145-15-42330 Suporte",0,1,DESCLASSIFICADO," ",2848,2848
"144-01-B2300 Tubo silencioso",0,3,DESCLASSIFICADO," ",384,128
"5S0580  ABRAÇADEIRA",0,4,VENCEU," ",40.68,10.17
"7V8930 ALAVANCA",0,2,VENCEU," ",581.34,290.67
"1K8041 Bucha",0,4,VENCEU," ",189.24,47.31
"7J9842  BUCHA",0,10,VENCEU," ",439.5,43.95
"1V2156 Cabeçote",0,2,VENCEU," ",4177.82,2088.91
"1v2157 Cabeçote",0,2,VENCEU," ",4177.82,2088.91
"3T5565  CARCAÇA",0,1,VENCEU," ",2663.73,2663.73
"7k1549  CARDÂN",0,3,VENCEU," ",2299.29,766.43
"2Y3990  CARTER",0,2,VENCEU," ",3711.64,1855.82
"7J9730  CILINDRO",0,1,VENCEU," ",2318.05,2318.05
"4V5414  CILINDRO MESTRE",0,3,VENCEU," ",2306.43,768.81
"4B8759  CILINDRO DE RODA",0,6,VENCEU," ",760.92,126.82
"7M0185  CORREIA",0,6,VENCEU," ",405.96,67.66
"7S7043  COXIM",0,10,VENCEU," ",1852.8,185.28
"1S9670  CRUZETA",0,8,VENCEU," ",1014.56,126.82
"7F1630  CUBO",0,4,VENCEU," ",1487.8,371.95
"4V6527 Disco",0,4,VENCEU," ",2029.04,507.26
"3S7981 DISCO",0,16,VENCEU," ",1828.48,114.28
"8K5997 Eixo",0,2,VENCEU," ",3460.76,1730.38
"9J5095 EIXO",0,2,VENCEU," ",539.54,269.77
"3T5548 EIXO",0,2,VENCEU," ",1082.08,541.04
"3P3206 EIXO",0,3,VENCEU," ",1873.77,624.59
"9k6357 EMBUCHAMENTO CENTRAL",0,3,VENCEU," ",2433.81,811.27
"7K9792 EMBUCHAMENTO FRONTAL",0,2,VENCEU," ",4779.7,2389.85
"1T0436 ENGRENAGEM",0,2,VENCEU," ",625.98,312.99
"3T5537 ENGRENAGEM",0,3,VENCEU," ",4819.05,1606.35
"2P5834 FILTRO",0,12,VENCEU," ",535.68,44.64
"2P4004 FILTRO",0,12,VENCEU," ",455.16,37.93
"6K7356 FLANGE",0,4,VENCEU," ",1825.96,456.49
"3T5496 FLANGE",0,3,VENCEU," ",2066.4,688.8
"7J9843 HASTE DA DIREÇÃO",0,2,VENCEU," ",1123.38,561.69
"7S0547 Hélice",0,3,VENCEU," ",1308.75,436.25
"8S8258 JUNTA",0,16,VENCEU," ",183.36,11.46
"3T5572 JUNTA",0,6,VENCEU," ",72.3,12.05
"3T5574 JUNTA",0,6,VENCEU," ",81.18,13.53
"6L4570 MANGUEIRA",0,18,VENCEU," ",522.72,29.04
"2V9135 PASTILHA",0,12,VENCEU," ",668.52,55.71
"2R0617 Pedal com Válvula",0,4,VENCEU," ",1487.8,371.95
"7K7430 Pino",0,4,VENCEU," ",3025.44,756.36
"7K4937 Pistão",0,10,VENCEU," ",726.9,72.69
"3P8393 PLACA",0,16,VENCEU," ",3424.48,214.03
"2P2406 POLIA",0,4,VENCEU," ",1569.96,392.49
"6N9604 REPARO BBA DA AGUA",0,8,VENCEU," ",2289.04,286.13
"7J9838 REPARO DA DIREÇÃO",0,8,VENCEU," ",508.88,63.61
"7J9730 REPARO BASCULAMENTO",0,8,VENCEU," ",593.44,74.18
"2V2193 REPARO CABEÇOTE FREIO",0,16,VENCEU," ",2160.16,135.01
"4V5415 REPARO CIL. MESTRE",0,12,VENCEU," ",1116.48,93.04
"9S6387 REPARO CONVERSOR",0,10,VENCEU," ",3049,304.9
"7J9872  REPARO LEVAATAMENTO",0,12,VENCEU," ",892.44,74.37
"5K5288 RETENTOR DE RODA",0,8,VENCEU," ",665.28,83.16
"3T8330 RETENTOR",0,5,VENCEU," ",97.3,19.46
"6V5263 Rolamento",0,8,VENCEU," ",290.08,36.26
"6V5264  ROLAMENTO",0,8,VENCEU," ",278.08,34.76
"3T6491 Rolamento",0,6,VENCEU," ",1574.58,262.43
"3T6480 ROLAMENTO",0,4,VENCEU," ",1420.64,355.16
"1S3743 ROLAMENTO",0,4,VENCEU," ",933.12,233.28
"2V3197 Silencioso",0,5,VENCEU," ",465.2,93.04
"6K5837 Suporte",0,4,VENCEU," ",5275.32,1318.83
"7S7681 Tubo de saída",0,4,VENCEU," ",270.64,67.66
"8V6867 TUBO DE FREIO",0,6,VENCEU," ",466.38,77.73
"8K7782 Tubo hidraúlico",0,5,VENCEU," ",676.05,135.21
"E 62627 BOMBA DA DIREÇÃO",0,2,PERDEU," ",1072.88,536.44
"R 29995 BOMBA DO TORQUE",0,2,PERDEU," ",688.36,344.18
"E 69616 BOMBA HIDRAÚLICA",0,1,PERDEU," ",1092.57,1092.57
"E 61254 BRAÇADEIRA",0,6,PERDEU," ",67.5,11.25
"E 62691 CABO AFOGADOR",0,5,PERDEU," ",172.1,34.42
"G 101751 Camisa do giro",0,3,PERDEU," ",2042.58,680.86
"G 33882 CAMISA LANÇA",0,2,PERDEU," ",1633.7,816.85
"G 101516 Camisa profundidade",0,2,PERDEU," ",1569.92,784.96
"A 61446 CAPA DO ROLAMENTO",0,8,PERDEU," ",175.6,21.95
"G 15214 CAPA DO ROLAMENTO",0,8,PERDEU," ",144.8,18.1
"D 70665 CARRIE DO INVERSOR",0,1,PERDEU," ",1611.19,1611.19
"E 68101 CHAVE DE IGNIÇÃO",0,3,PERDEU," ",134.76,44.92
"E 66090 CILINDRO DA DIREÇÃO",0,4,PERDEU," ",1120.88,280.22
"E 156014 Cilindro mestre",0,2,PERDEU," ",1164.78,582.39
"A 61447 CONE DO ROLAMENTO",0,8,PERDEU," ",229.6,28.7
"G 15215 CONE DO ROLAMENTO",0,8,PERDEU," ",183.04,22.88
"E 61744 CRUZETA",0,8,PERDEU," ",772.8,96.6
"A 66678 CUBO DE RODA",0,4,PERDEU," ",1080.36,270.09
"D 70672 DISCO SINTERIZADO",0,21,PERDEU," ",421.47,20.07
"D 70670 EMBOLO DO INVERSOR",0,2,PERDEU," ",59.3,29.65
"580H Embuchamento comp. Eixo dianteiro",0,2,PERDEU," ",828.28,414.14
"580H Embuchamento completo dianteiro",0,2,PERDEU," ",2320.66,1160.33
"580H Embuchamento completo traseiro",0,3,PERDEU," ",8457.15,2819.05
"E 158438 Filtro combustível",0,10,PERDEU," ",243.8,24.38
"E 62774 FILTRO DO AR EXTERNO",0,8,PERDEU," ",465.2,58.15
"E 67984 FILTRO DO AR INTERNO",0,8,PERDEU," ",210.08,26.26
"E 97543 FILTRO HIDRAÚLICO",0,8,PERDEU," ",622.72,77.84
"E 158437 Filtro separador d´agua",0,8,PERDEU," ",277.6,34.7
"E 96642 FLANGE",0,1,PERDEU," ",435.15,435.15
"G 33162 HASTE CIL. CAÇAMBA TRASEIRA",0,2,PERDEU," ",761.52,380.76
"G 34775 HASTE DO CIL. GIRO",0,4,PERDEU," ",881.56,220.39
"D 50047 MOLA PRATO CONVERSOR",0,4,PERDEU," ",97.52,24.38
"D 50075 PISTÃO DE AÇO DO INVERSOR",0,2,PERDEU," ",217.58,108.79
"D 50083 PLACA DE AÇO",0,15,PERDEU," ",126.6,8.44
"A 15670 PLACA DO CONVERSOR",0,5,PERDEU," ",248.5,49.7
"E 64428 PONTA DE EIXO",0,2,PERDEU," ",1094.26,547.13
"E 64429 PONTA DE EIXO",0,2,PERDEU," ",1094.26,547.13
"D 71713 PONTEIRA BARRA DIREÇÃO",0,6,PERDEU," ",534.54,89.09
"E 63775 PONTEIRA CILINDRO DIREÇÃO",0,10,PERDEU," ",506.4,50.64
"L 48339 PORCA CASTELO",0,6,PERDEU," ",84.42,14.07
"E 97295 REFORÇADOR DE FREIO",0,2,PERDEU," ",2800.34,1400.17
"G 101292 Reparo cil. Basculante",0,6,PERDEU," ",137.28,22.88
"G 101288 Reparo cil. Caçamba",0,10,PERDEU," ",248.5,24.85
"G 101289 Reparo cil. Lança",0,10,PERDEU," ",287,28.7
"G 101295 Reparo cil. Lev.diant",0,6,PERDEU," ",183.42,30.57
"E 97200 REPARO COMPLETO DO INVERSOR",0,3,PERDEU," ",298.23,99.41
"G 101287 Reparo do cil. Giro",0,15,PERDEU," ",544.35,36.29
"A 61448 RETENTOR",0,8,PERDEU," ",84,10.5
"N 8071 Retentor bomba do torque",0,8,PERDEU," ",91.52,11.44
"D 50060  RETENTOR DA CAIXA",0,8,PERDEU," ",122.32,15.29
"D 68151 RODA DIANTEIRA",0,4,PERDEU," ",1279.2,319.8
"L 33346 ROLAMENTO DA CAIXA",0,2,PERDEU," ",258.28,129.14
"L 33357 ROLAMENTO DA CAIXA",0,2,PERDEU," ",279.28,139.64
"E 62066 SILENCIOSO",0,4,PERDEU," ",340.24,85.06
"E 62522 TUBO",0,4,PERDEU," ",237.08,59.27
"D 50379 TUBO HIDRAÚLICO",0,2,PERDEU," ",168.24,84.12
"D 69237 TUBO HIDRAULICO",0,1,PERDEU," ",118.54,118.54
"D 73348 TUBO HIDRAULICO",0,1,PERDEU," ",136.74,136.74
"E67791 VÁLVULA",0,2,PERDEU," ",361.44,180.72
"E 65826 BOMBA DA AGUA",0,1,PERDEU," ",360.59,360.59
"E 62628 VALVULA",0,1,PERDEU," ",698.31,698.31
"E 67074 HORBITROL",0,1,PERDEU," ",2041.27,2041.27
"D 48445 CARCAÇA",0,1,PERDEU," ",337.62,337.62
"L 33348 ENGRENAGEM",0,1,PERDEU," ",1184.19,1184.19
"L 33334 SINCRONIZADOR",0,1,PERDEU," ",833.73,833.73
"E 155059 ENGRENAGEM",0,1,PERDEU," ",528.93,528.93
"E 97224 TAMPA",0,2,PERDEU," ",917.2,458.6
"A 18258 ENGRENAGEM",0,6,PERDEU," ",607.74,101.29
"A 18259 ENGRENAGEM",0,2,PERDEU," ",256.96,128.48
"E 96639 COROA E PINHAO",0,1,PERDEU," ",3011.36,3011.36
"7S 9891 Bico injetor motor turbinado",0,12,DESCLASSIFICADO," ",1500,125
"4N 2511 Bomba de combústivel",0,4,DESCLASSIFICADO," ",1292,323
"2Y 2956 Bomba Hidraúlica",0,1,DESCLASSIFICADO," ",3270,3270
"7D2199 BRAÇO",0,4,DESCLASSIFICADO," ",1824,456
"7D 2267 Braço",0,4,DESCLASSIFICADO," ",1680,420
"4B 8759 CILINDRO DA RODA",0,6,DESCLASSIFICADO," ",1104,184
"3D 2219 CILINDRO MESTRE",0,6,DESCLASSIFICADO," ",1938,323
"5D 8211 CALÇO TANDEM",0,12,DESCLASSIFICADO," ",180,15
"2Y 2967 COMÉIA",0,2,DESCLASSIFICADO," ",8956,4478
"5D 7140 CONJUNTO DE ALAVANCA EMBREAGEM",0,2,DESCLASSIFICADO," ",384,192
"2Y 2500 CORRENTE DO TANDER",0,6,DESCLASSIFICADO," ",2352,392
"2Y 4277 CRUZETA COMPLETA",0,8,DESCLASSIFICADO," ",368,46
"2Y 1523 CRUZETA DA DIREÇÃO",0,6,DESCLASSIFICADO," ",1116,186
"5H0049 Cubo da Embreagem",0,2,DESCLASSIFICADO," ",5958,2979
"2Y 1341 Descarga completa",0,5,DESCLASSIFICADO," ",680,136
"6D 2348 DISCO DA EMBREAGEM",0,6,DESCLASSIFICADO," ",2214,369
"5H 0047 DISCO EMBREAGEM",0,6,DESCLASSIFICADO," ",2490,415
"7D 6524 EIXO",0,3,DESCLASSIFICADO," ",5442,1814
"2Y 1777 EIXO DE GIRO",0,6,DESCLASSIFICADO," ",3570,595
"2Y 2526 EMENDA CORRENTE",0,12,DESCLASSIFICADO," ",684,57
"7F 6269 ENGRENAGEM",0,2,DESCLASSIFICADO," ",6487.2,3243.6
"1G 1506 ENGRENAGEM",0,4,DESCLASSIFICADO," ",868,217
"1G 1484 ENGRENAGEM",0,4,DESCLASSIFICADO," ",258.4,64.6
"1G 1505 ENGRENAGEM",0,4,DESCLASSIFICADO," ",1624,406
"2F 6051 ENGRENAGEM 120B",0,6,DESCLASSIFICADO," ",2916,486
"8D 5344 ENGRENAGEM DO GIRO",0,4,DESCLASSIFICADO," ",3974.8,993.7
"1P 4004 FILTRO DIESEL",0,13,DESCLASSIFICADO," ",750.1,57.7
"4M 9334 FILTRO DO AR EXTERNO",0,5,DESCLASSIFICADO," ",750,150
"7H 7290 FILTRO ÓLEO LUBRIFICANTE",0,8,DESCLASSIFICADO," ",479.2,59.9
"2Y 7422 HÉLICE DO VENTILADOR",0,3,DESCLASSIFICADO," ",2091,697
"8S 1965 JUNTA DO CATER",0,10,DESCLASSIFICADO," ",590,59
"2B 3112 JUNTA DO TANDEM",0,6,DESCLASSIFICADO," ",150,25
"3B 6694 PINHÃO",0,4,DESCLASSIFICADO," ",1864,466
"7F 7935 PLACA",0,8,DESCLASSIFICADO," ",128,16
"1G2191 Ponta eixo dianteira",0,3,DESCLASSIFICADO," ",2733,911
"1G 2192 Ponta eixo dianteira",0,3,DESCLASSIFICADO," ",2730,910
"1B 4156 Porca do eixo dianteiro",0,6,DESCLASSIFICADO," ",140.4,23.4
"8M 7892 RELÓGIO",0,5,DESCLASSIFICADO," ",300,60
"4N 8480 REPARO BOMBAS D´AGUA",0,6,DESCLASSIFICADO," ",2490,415
"3D 9334 REPARO FREIO MESTRE",0,8,DESCLASSIFICADO," ",1080,135
"8D 2357 RETENTOR DA RODA",0,10,DESCLASSIFICADO," ",463,46.3
"5D 0505 RETENTOR DO CUBO TRASEIRO",0,10,DESCLASSIFICADO," ",353,35.3
"7B 0368 RETENTOR DO TANDEM",0,12,DESCLASSIFICADO," ",416.4,34.7
"5S 2106 RETENTOR POLIA",0,8,DESCLASSIFICADO," ",147.2,18.4
"4B 9373 ROLAMENTO",0,6,DESCLASSIFICADO," ",1104,184
"4B 9374 ROLAMENTO",0,6,DESCLASSIFICADO," ",1038,173
"2D 9457 ROLAMENTO",0,4,DESCLASSIFICADO," ",1512,378
"4F 2041 ROLAMENTO",0,4,DESCLASSIFICADO," ",1292,323
"6H 3568 ROLAMENTO",0,8,DESCLASSIFICADO," ",704,88
"4B 5180 ROLAMENTO",0,8,DESCLASSIFICADO," ",1184,148
"1B 3909 ROLAMENTO",0,6,DESCLASSIFICADO," ",420,70
"6H 3566 ROLAMENTO DA RODA",0,8,DESCLASSIFICADO," ",1144,143
"8H 9789 ROLAMENTO ESFERAS",0,6,DESCLASSIFICADO," ",220.8,36.8
"5D 6201 SAPATA",0,4,DESCLASSIFICADO," ",716,179
"1G 2219 SAPATA",0,4,DESCLASSIFICADO," ",1640,410
"6B 3158 Sapata",0,4,DESCLASSIFICADO," ",784,196
"8F 7425 SEM FIM",0,3,DESCLASSIFICADO," ",588,196
"2D 1345 TAMBOR",0,4,DESCLASSIFICADO," ",5040,1260
"7S 7809 TAMPA",0,6,DESCLASSIFICADO," ",468,78
"4D 2268 TAMPA DO EIXO SUPERIOR TRANSMISSÃO",0,6,DESCLASSIFICADO," ",1134,189
"9S 7534 TUBO SAÍDA",0,6,DESCLASSIFICADO," ",246,41
"1P 7324 VELA AQUECEDORA",0,16,DESCLASSIFICADO," ",1136,71
"6G 1664 Adaptadpor",0,2,DESCLASSIFICADO," ",1292,646
"3P 0892 BOMBA TRANSMISSÃO",0,1,DESCLASSIFICADO," ",4359,4359
"9D 0178 BUCHA",0,4,DESCLASSIFICADO," ",404,101
"2G 4011 BUCHA",0,4,DESCLASSIFICADO," ",600,150
"7K 0984 BUCHA",0,4,DESCLASSIFICADO," ",532,133
"4K 8659 BUCHA",0,4,DESCLASSIFICADO," ",168,42
"8D 9296 BUCHA OSCILANTE",0,5,DESCLASSIFICADO," ",505,101
"9D 0733 MANCAL",0,5,DESCLASSIFICADO," ",1845,369
"9D 1511 BUCHA OSCILANTE",0,4,DESCLASSIFICADO," ",412,103
"9D 4635 CABO CONTROLE DA EMBREAGEM",0,5,DESCLASSIFICADO," ",860,172
"2G 3221 CALÇO",0,8,DESCLASSIFICADO," ",34,4.25
"6G 4524 CALÇO BRONZE",0,16,DESCLASSIFICADO," ",976,61
"5T 2925 CALÇO BRONZE",0,8,DESCLASSIFICADO," ",1032,129
"5T 8366 CALÇO DE BRONZE",0,8,DESCLASSIFICADO," ",632,79
"6G 1919 CAPA",0,6,DESCLASSIFICADO," ",4500,750
"2G 9097 CAPA",0,6,DESCLASSIFICADO," ",540,90
"2N 2138 CAPA RODA DIANTEIRA",0,3,DESCLASSIFICADO," ",444,148
"2P 8986 CAPA RODA DIANTEIRA",0,3,DESCLASSIFICADO," ",267,89
"7D 9600 CARDAN COMPLETO",0,2,DESCLASSIFICADO," ",2676,1338
"5Y 0769 CARDAN COMPLETO",0,2,DESCLASSIFICADO," ",2834,1417
"6G 0417 COLAR",0,4,DESCLASSIFICADO," ",796,199
"5T7124  CARCAÇA",0,2,DESCLASSIFICADO," ",7912,3956
"2N 2139 CONE RODA DIANTEIRA",0,3,DESCLASSIFICADO," ",957,319
"2P 8987 CONE RODA DINATEIRA",0,3,DESCLASSIFICADO," ",387,129
"8S 1475 CORREIA",0,8,DESCLASSIFICADO," ",640,80
"2G 0585 CORRENTE",0,6,DESCLASSIFICADO," ",3468,578
"8D 5344 ENGRENAGEM",0,4,DESCLASSIFICADO," ",3972,993
"6G 5442 ESFERA",0,4,DESCLASSIFICADO," ",2608,652
"2Y 8096 FILTRO",0,8,DESCLASSIFICADO," ",456,57
"9M 2341 FILTRO COMBUSTÍVEL",0,6,DESCLASSIFICADO," ",318,53
"4M 8047 FILTRO DE AR 1º",0,6,DESCLASSIFICADO," ",540,90
"2S 1285 FILTRO DE AR 2º",0,6,DESCLASSIFICADO," ",396,66
"2Y 8670 FILTRO COMBUSTIVEL",0,8,DESCLASSIFICADO," ",332,41.5
"9M 9740 FILTRO TRANSMISSÃO",0,6,DESCLASSIFICADO," ",372,62
"Kit de Pinos e Buchas do Eixo Dianteiro",0,2,DESCLASSIFICADO," ",4683.4,2341.7
"7G 0202 MANGUEIRA HIDRAULICA INCLINAÇÃO",0,5,DESCLASSIFICADO," ",405,81
"9D 1177 PINHÃO DO EIXO",0,2,DESCLASSIFICADO," ",1190.8,595.4
"8W 5092 PINHÃO DO GIRO",0,4,DESCLASSIFICADO," ",1660,415
"6G 0607 PINO DA ARTICULAÇÃO",0,3,DESCLASSIFICADO," ",2325,775
"2G 6157 PINO DA ARTICULAÇÃO",0,3,DESCLASSIFICADO," ",1017,339
"5T8141 Ponta de Eixo",0,2,DESCLASSIFICADO," ",5992,2996
"9D 6524 PONTEIRA LD",0,5,DESCLASSIFICADO," ",1297.5,259.5
"9D 6523 PONTEIRA LE",0,5,DESCLASSIFICADO," ",1297.5,259.5
"7S 6340 PRÉ-FILTRO",0,3,DESCLASSIFICADO," ",735,245
"4S 8826 PRÉ-FILTRO",0,3,DESCLASSIFICADO," ",1806,602
"8T 6390 REPARO",0,8,DESCLASSIFICADO," ",1240,155
"8T 6892 REPARO CIL. HIDRAÚLICO",0,8,DESCLASSIFICADO," ",1248,156
"3S 0303 RETENTOR RODA DIANTEIRA",0,4,DESCLASSIFICADO," ",444,111
"2G 6377 RODA MOTRIZ",0,4,DESCLASSIFICADO," ",3592,898
"8D 9909 ROLAMENTO",0,4,DESCLASSIFICADO," ",1132,283
"4N 7870 SILENCIOSO",0,3,DESCLASSIFICADO," ",831,277
"2Y 8458 TUBO DE DESCARGA",0,3,DESCLASSIFICADO," ",180,60
"7N9295 VÁLVULA DA BOMBA INJETORA",0,5,DESCLASSIFICADO," ",2140,428
"1W 1695 VÁLVULA DA BOMBA INJETORA",0,5,DESCLASSIFICADO," ",6520,1304
"4K 7463 VEDADOR",0,7,DESCLASSIFICADO," ",145.95,20.85
"423111 Anel CC 21",0,4,PERDEU," ",322,80.5
"160202 Anel CC 21",0,2,PERDEU," ",7.7,3.85
"423106 Arruela CC 21",0,6,PERDEU," ",928.5,154.75
"423128 Bucha de bronza CC 21",0,2,PERDEU," ",962.24,481.12
"423109 Carrier do redutor CC 21",0,1,PERDEU," ",4212.62,4212.62
"190988 Eixo da planetária CA 15",0,6,PERDEU," ",2501.34,416.89
"423105 Eixo do carrier CC 21",0,6,PERDEU," ",1392.48,232.08
"423112 Engrenagem CC 21",0,6,PERDEU," ",6297.06,1049.51
"423115 Engrenagem CC 21",0,2,PERDEU," ",5314.8,2657.4
"423113 Engrenagem do redutor CC 21",0,2,PERDEU," ",5672.78,2836.39
"892474 Engrenagem do redutor CC 21",0,2,PERDEU," ",2065.62,1032.81
"190998 Engrenagem planetária CA 15",0,6,PERDEU," ",1171.56,195.26
"499510 Filtro de ar primário CA 15",0,4,PERDEU," ",294.6,73.65
"3356657 FILTRO HIDRAÚLICO CA 15",0,4,PERDEU," ",239.8,59.95
"499511 FILTRO DE AR SECUNDÁRIO CA 15",0,4,PERDEU," ",133.6,33.4
"927036 Kit de vedação do cil. De direção CA 15",0,6,PERDEU," ",1048.2,174.7
"190989 Retentor CA 15",0,6,PERDEU," ",1176.66,196.11
"190990 Retentor CA 15",0,4,PERDEU," ",554.96,138.74
"190992 Rolamento CA 15",0,4,PERDEU," ",4641.68,1160.42
"923165 Rolamento do redutor CC 21",0,4,PERDEU," ",59.44,14.86
"190997 Rolamento planetária CA 15",0,6,PERDEU," ",5750.46,958.41
"423123 Vedador CC 21",0,2,PERDEU," ",251.78,125.89
"258726 A1 UNHA DO ESCARIFICADOR TRATOR D 150",0,30,VENCEU," ",4405.2,146.84
"76089286 LAMINA TRATOR D 150",0,10,VENCEU," ",6662.5,666.25
"76089288 CANTO DE LAMINA TRATOR D 150",0,5,VENCEU," ",1311.8,262.36
"76089287 CANTO DE LAMINA TRATOR D 150",0,5,VENCEU," ",1311.8,262.36
"8273211 PARAFUSO TRATOR D 150",0,100,VENCEU," ",269,2.69
"12164321 PORCA TRATOR D 150",0,100,VENCEU," ",84,0.84
"75266945 LAMINA DE 9 FUROS MOTONIVELADORA R 170",0,15,VENCEU," ",5605.65,373.71
"75266945/1 LAMINA DE 15 FUROS MOTONIVELADORA R 170",0,15,VENCEU," ",9288.9,619.26
"73132919 PARAFUSO MOTONIVELADORA R 170",0,90,VENCEU," ",160.2,1.78
"12164321 PORCA MOTONIVELADORA R 170",0,90,VENCEU," ",75.6,0.84
"75267184 UNHA MOTONIVELADORA R 170",0,30,VENCEU," ",887.4,29.58
"75267178 HASTE MOTONIVELADORA R 170",0,30,VENCEU," ",3255.6,108.52
"75267187 TRAVA MOTONIVELADORA R 170",0,30,VENCEU," ",893.7,29.79
"2Y3939 LAMINA PA CARREGADEIRA 930R",0,5,VENCEU," ",6964.1,1392.82
"8J4691 DENTE PA CARREGADEIRA 930R",0,50,VENCEU," ",3830,76.6
"8J2928 PARAFUSO PA CARREGADEIRA 930R",0,90,VENCEU," ",604.8,6.72
"8J2933 PORCA PA CARREGADEIRA 930R",0,90,VENCEU," ",168.3,1.87
"86992654 LAMINA PA CARREGADEIRA W130",0,5,VENCEU," ",4730.45,946.09
"86992655 LAMINA PA CARREGADEIRA W130",0,10,VENCEU," ",5908.7,590.87
"8699656 CANTO DE LAMINA PA CARREGADEIRA W130",0,10,VENCEU," ",2089.2,208.92
"42021236 PARAFUSO PA CARREGADEIRA W130",0,40,VENCEU," ",107.6,2.69
"42021244 PARAFUSO PA CARREGADEIRA W130",0,80,VENCEU," ",215.2,2.69
"42511612 PORCA PA CARREGADEIRA W130",0,120,VENCEU," ",100.8,0.84
"3302877 DENTE PA CARREGADEIRA 55C",0,50,VENCEU," ",4526.5,90.53
"551765/1 LAMINA COM FURO PA CARREGADEIRA 55C",0,5,VENCEU," ",7996.65,1599.33
"13801870 PARAFUSO PA CARREGADEIRA 55C",0,80,VENCEU," ",246.4,3.08
"13806998 PORCA PA CARREGADEIRA 55C",0,80,VENCEU," ",67.2,0.84
"1447011131 LAMINA DE 11 FUROS TRATOR KOMATSU D65E-6B",0,10,VENCEU," ",4874.9,487.49
"1407011131 CANTO DE LAMINA TRATOR KOMATSU D65E-6B",0,5,VENCEU," ",870.5,174.1
"1407011141 CANTO DE LAMINA TRATOR KOMATSU D65E-6B",0,5,VENCEU," ",870.5,174.1
"209011270 PARAFUSO TRATOR KOMATSU D65E-6B",0,140,VENCEU," ",386.4,2.76
"209111205 PARAFUSO TRATOR KOMATSU D65E-6B",0,20,VENCEU," ",80.8,4.04
"229011219 PORCA TRATOR KOMATSU D65E-6B",0,160,VENCEU," ",134.4,0.84
"37016077 LAMINA DIANTEIRA RETRO RANDON 406",0,5,VENCEU," ",3482.05,696.41
"219000337 PARAFUSO RETRO RANDON 406",0,50,VENCEU," ",138,2.76
"219000075 PORCA RETRO RANDON 406",0,50,VENCEU," ",42,0.84
"370160025 LAMINA TRASEIRA RETRO RANDON 406",0,5,VENCEU," ",1341.85,268.37
"219000309 DENTE RETRO RANDON 406",0,15,VENCEU," ",602.4,40.16
"219000311 DENTE LATERAL RETRO RANDON 406",0,5,VENCEU," ",200.8,40.16
"219000310 DENTE LATERA RETRO RANDON 406L",0,5,VENCEU," ",200.8,40.16
"5D9558 LAMINA ¾ AR -1 13 FUROS MOTONIVELADORA 120B",0,15,VENCEU," ",6789.9,452.66
"3f5108 PARAFUSO MOTONIVELADORA 120B",0,130,VENCEU," ",231.4,1.78
"4k0367 PORCA MOTONIVELADORA 120B",0,130,VENCEU," ",109.2,0.84
"3b4757 CANTO DE LAMINA MOTONIVELADORA 120B",0,10,VENCEU," ",829.6,82.96
"2d5572 UNHA DO ESCARIFICADOR MOTONIVELADORA 120B",0,55,VENCEU," ",1169.3,21.26
"1g2131 SUPORTE DA UNHA MOTONIVELADORA 120B",0,55,VENCEU," ",4319.15,78.53
"5d9559 LAMINA ¾ AR  1 15 FUROS MOTONIVELADORA 120G",0,15,VENCEU," ",7834.65,522.31
"3f5108 PARAFUSO MOTONIVELADORA 120G",0,180,VENCEU," ",320.4,1.78
"4k0367 PORCA MOTONIVELADORA 120G",0,180,VENCEU," ",151.2,0.84
"8e5531 CANTO DE LAMINA MOTONIVELADORA 120G",0,10,VENCEU," ",1719.2,171.92
"6y5230 UNHA DO ESCARIFICADOR MOTONIVELADORA 120G",0,55,VENCEU," ",1169.3,21.26
"9f5124 SUPORTE DA UNHA MOTONIVELADORA 120G",0,55,VENCEU," ",4319.15,78.53
"E157746 LAMINA FRONTAL RETRO 580H",0,5,VENCEU," ",1532.75,306.55
"E96934 LAMINA LATERAL RETRO 580H",0,5,VENCEU," ",646.8,129.36
"E96935 LAMINA LATERAL RETRO 580H",0,5,VENCEU," ",646.8,129.36
"862740 DENTE RETRO 580H",0,70,VENCEU," ",2976.4,42.52
"E157742 LAMINA TRASEIRA RETRO 580H",0,5,VENCEU," ",2482.65,496.53
"75235262 LAMINA TRASEIRA RETRO LB110",0,5,VENCEU," ",1950.1,390.02
"75261224 PORTA DENTE RETRO LB110",0,25,VENCEU," ",643.5,25.74
"85801096 DENTE RETRO LB110",0,25,VENCEU," ",489.5,19.58
"85801097 PINO TRAVA RETRO LB110",0,25,VENCEU," ",106.75,4.27
"85801098 ARRUELA TRAVA RETRO LB110",0,25,VENCEU," ",118.5,4.74
"75238130 LAMINA DIANTEIRA RETRO LB110",0,5,VENCEU," ",4754.95,950.99
"75238350 DENTE RETRO LB110",0,40,VENCEU," ",1700.8,42.52
"75238351 PARAFUSO RETRO LB110",0,80,VENCEU," ",196,2.45
"12164121 PORCA RETRO LB110",0,80,VENCEU," ",67.2,0.84
"75246669 LAMINA DE DESGASTE RETRO B90B",0,5,VENCEU," ",4027.7,805.54
"12164121 PORCA RETRO B90B",0,80,VENCEU," ",67.2,0.84
"75238351 PARAFUSO RETRO B90B",0,80,VENCEU," ",196,2.45
"75238130 LAMINA P/ USAR COM DENTE RETRO B90B",0,5,VENCEU," ",4754.95,950.99
"456299 DENTE RETRO B90B",0,40,VENCEU," ",1700.8,42.52
"5B5564 LAMINA 5/8 DE 8 FUROS",0,5,VENCEU," ",870.5,174.1
"6200110 LAMINA 5/8 DE 9 FUROS",0,5,VENCEU," ",1009.8,201.96
"1503-10 Mangueira baixa pressao 01 trama aco e lona",0,30,PERDEU," ",887.1,29.57
"1503-12 Mangueira baixa pressao 01 trama aco e lona",0,30,PERDEU," ",1219.8,40.66
"1503-16 Mangueira baixa pressao 01 trama aco e lona",0,30,PERDEU," ",1302.9,43.43
"1503-20	Mangueira baixa pressao 01 trama aco e lona",0,30,PERDEU," ",1302.9,43.43
"1503-24 Mangueira baixa pressao 01 trama aco e lona",0,30,PERDEU," ",1302.9,43.43
"1503-4 Mangueira baixa pressao 01 trama aco e lona",0,30,PERDEU," ",804,26.8
"1503-6 Mangueira baixa pressao 01 trama aco e lona",0,30,PERDEU," ",609.9,20.33
"1503-8 Mangueira baixa pressao 01 trama aco e lona",0,30,PERDEU," ",804,26.8
"2781-10 Mangueira baixa pressao 02 tramas aco e lona",0,30,PERDEU," ",1580.4,52.68
"2781-12 Mangueira baixa pressao 02 tramas aco e lona",0,30,PERDEU," ",1025.7,34.19
"2781-16 Mangueira baixa pressao 02 tramas aco e lona",0,30,PERDEU," ",1663.5,55.45
"2781-20 Mangueira baixa pressao 02 tramas aco e lona",0,30,PERDEU," ",1441.8,48.06
"2781-24 Mangueira baixa pressao 02 tramas aco e lona",0,30,PERDEU," ",1691.1,56.37
"2781-4 Mangueira baixa pressao 02 tramas aco e lona",0,30,PERDEU," ",831.6,27.72
"2781-6 Mangueira baixa pressao 02 tramas aco e lona",0,30,PERDEU," ",831.6,27.72
"2781-8 Mangueira baixa pressao 02 tramas aco e lona",0,30,PERDEU," ",887.1,29.57
"136-12 Mangueira baixa pressao 04 tramas aco cod",0,30,PERDEU," ",2578.5,85.95
"136-16 Mangueira baixa pressao 04 tramas aco cod",0,30,PERDEU," ",2273.4,75.78
"136-20 Mangueira baixa pressao 04 tramas aco cod",0,30,PERDEU," ",2717.1,90.57
"1516 FL 12 Terminal p/mangueira hidr. c/capa cod",0,30,PERDEU," ",1109.1,36.97
"1516 FL 16 Terminal p/mangueira hidr. c/capa cod",0,30,PERDEU," ",1302.9,43.43
"1516 FLA 12 Terminal p/mangueira hidr. c/capa cod",0,30,PERDEU," ",1302.9,43.43
"1516 FLA 16 Terminal p/mangueira hidr. c/capa cod",0,30,PERDEU," ",1109.1,36.97
"1516 FLB 12 Terminal p/mangueira hidr. c/capa cod",0,30,PERDEU," ",1053.6,35.12
"1516 FLB 16 Terminal p/mangueira hidr. c/capa cod",0,30,PERDEU," ",1746.6,58.22
"1516 FLB 20 Terminal p/mangueira hidr. c/capa cod",0,30,PERDEU," ",1219.8,40.66
"1520 FL 16 Terminal p/mangueira hidr. c/capa cod",0,30,PERDEU," ",1275.3,42.51
"1520 FL 20 Terminal p/mangueira hidr. c/capa cod",0,30,PERDEU," ",1386.3,46.21
"1520 FLA 16 Terminal p/mangueira hidr. c/capa cod",0,30,PERDEU," ",1358.4,45.28
"1520 FLA 20 Terminal p/mangueira hidr. c/capa cod",0,30,PERDEU," ",1885.2,62.84
"1520 FLB 20 Terminal p/mangueira hidr. c/capa cod",0,30,PERDEU," ",1802.1,60.07
"1524 FL 20 Terminal p/mangueira hidr. c/capa cod",0,30,PERDEU," ",1580.4,52.68
"1524 FL 24 Terminal p/mangueira hidr. c/capa cod",0,30,PERDEU," ",1691.1,56.37
"1524 FLB 24 Terminal p/mangueira hidr. c/capa cod",0,30,PERDEU," ",1774.2,59.14
"15 A 10 Terminal p/mangueira hidr. c/capa cod",0,30,PERDEU," ",1109.1,36.97
"15 A 10 FJ 10 Terminal p/mangueira hidr. c/capa cod",0,30,PERDEU," ",1164.3,38.81
"15 A 10 FJ 12 Terminal p/mangueira hidr. c/capa cod",0,30,PERDEU," ",776.4,25.88
"15 A 10 FJ 8 Terminal p/mangueira hidr. c/capa cod",0,30,PERDEU," ",720.9,24.03
"15 A 10 FJ A 10 Terminal p/mangueira hidr. c/capa cod",0,30,PERDEU," ",720.9,24.03
"15 A 10 FJ A 8 Terminal p/mangueira hidr. c/capa cod",0,30,PERDEU," ",804,26.8
"15 A 10 FJ B 10 Terminal p/mangueira hidr. c/capa cod",0,30,PERDEU," ",720.9,24.03
"15 A 10 FJ B 8 Terminal p/mangueira hidr. c/capa cod",0,30,PERDEU," ",720.9,24.03
"15 A 10 MJ 10 Terminal p/mangueira hidr. c/capa cod",0,30,PERDEU," ",609.9,20.33
"15 A 10 MJ 12 Terminal p/mangueira hidr. c/capa cod",0,30,PERDEU," ",720.9,24.03
"15 A 10 MJ 8 Terminal p/mangueira hidr. c/capa cod",0,30,PERDEU," ",665.4,22.18
"15 A 12 Terminal p/mangueira hidr. c/capa cod",0,30,PERDEU," ",776.4,25.88
"15 A 12 FJ 10 Terminal p/mangueira hidr. c/capa cod",0,30,PERDEU," ",915,30.5
"15 A 12 FJ 12 Terminal p/mangueira hidr. c/capa cod",0,30,PERDEU," ",1025.7,34.19
"15 A 12 FJ 8 Terminal p/mangueira hidr. c/capa cod",0,30,PERDEU," ",1247.7,41.59
"15 A 12 FJ A10 Terminal p/mangueira hidr. c/capa cod",0,30,PERDEU," ",1164.3,38.81
"15 A 12 FJ A12 Terminal p/mangueira hidr. c/capa cod",0,30,PERDEU," ",1081.2,36.04
"15 A 12 FJ B10 Terminal p/mangueira hidr. c/capa cod",0,30,PERDEU," ",831.6,27.72
"15 A 12 FJ B12 Terminal p/mangueira hidr. c/capa cod",0,30,PERDEU," ",1580.4,52.68
"15 A 12 MJ 12 Terminal p/mangueira hidr. c/capa cod",0,30,PERDEU," ",887.1,29.57
"15 A 12 MJ 8 Terminal p/mangueira hidr. c/capa cod",0,30,PERDEU," ",776.4,25.88
"15 A 12 MP 10 Terminal p/mangueira hidr. c/capa cod",0,30,PERDEU," ",1247.7,41.59
"15 A 12 MP 12 Terminal p/mangueira hidr. c/capa cod",0,30,PERDEU," ",1081.2,36.04
"15 A 12 MP 8 Terminal p/mangueira hidr. c/capa cod",0,30,PERDEU," ",776.4,25.88
"15 A 16 Terminal p/mangueira hidr. c/capa cod",0,30,PERDEU," ",915,30.5
"15 A 16 FJ 12 Terminal p/mangueira hidr. c/capa cod",0,30,PERDEU," ",1109.1,36.97
"15 A 16 FJ 16 Terminal p/mangueira hidr. c/capa cod",0,30,PERDEU," ",1441.8,48.06
"15 A 16 JA 16 Terminal p/mangueira hidr. c/capa cod",0,30,PERDEU," ",1580.4,52.68
"15 A 16 FJ B 12 Terminal p/mangueira hidr. c/capa cod",0,30,PERDEU," ",1580.4,52.68
"15 A 16 FJ B 16 Terminal p/mangueira hidr. c/capa cod",0,30,PERDEU," ",970.2,32.34
"15 A 16 MJ 16 Terminal p/mangueira hidr. c/capa cod",0,30,PERDEU," ",1302.9,43.43
"15 A 16 MP 16 Terminal p/mangueira hidr. c/capa cod",0,30,PERDEU," ",915,30.5
"15 A 20 Terminal p/mangueira hidr. c/capa cod",0,30,PERDEU," ",1413.9,47.13
"15 A 20 FJ 16 Terminal p/mangueira hidr. c/capa cod",0,30,PERDEU," ",1247.7,41.59
"15 A 20 FJ 20 Terminal p/mangueira hidr. c/capa cod",0,30,PERDEU," ",1441.8,48.06
"15 A 20 FJ A 20 Terminal p/mangueira hidr. c/capa cod",0,30,PERDEU," ",1552.5,51.75
"15 A 20 FJ B 20 Terminal p/mangueira hidr. c/capa cod",0,30,PERDEU," ",1109.1,36.97
"15 A 20 MJ 20 Terminal p/mangueira hidr. c/capa cod",0,30,PERDEU," ",1247.7,41.59
"15 A 24 Terminal p/mangueira hidr. c/capa cod",0,30,PERDEU," ",1053.6,35.12
"15 A 24 FJ 24 Terminal p/mangueira hidr. c/capa cod",0,30,PERDEU," ",1219.8,40.66
"15 A 24 MP 24 Terminal p/mangueira hidr. c/capa cod",0,30,PERDEU," ",1469.4,48.98
"15 A 2 MP 4 Terminal p/mangueira hidr. c/capa cod",0,30,PERDEU," ",1164.3,38.81
"15 A 32 Terminal p/mangueira hidr. c/capa cod",0,30,PERDEU," ",998.1,33.27
"15 A 32 FJ 32 Terminal p/mangueira hidr. c/capa cod",0,30,PERDEU," ",1552.5,51.75
"15 A 32 MP 32 Terminal p/mangueira hidr. c/capa cod",0,30,PERDEU," ",1302.9,43.43
"15 A 4 Terminal p/mangueira hidr. c/capa cod",0,30,PERDEU," ",609.9,20.33
"15 A 4 FJ 4 Terminal p/mangueira hidr. c/capa cod",0,30,PERDEU," ",332.7,11.09
"15 A 4 FJ A 4 Terminal p/mangueira hidr. c/capa cod",0,30,PERDEU," ",498.9,16.63
"15 A 4 FJ B 4 Terminal p/mangueira hidr. c/capa cod",0,30,PERDEU," ",471.3,15.71
"15 A 4 MJ 4 Terminal p/mangueira hidr. c/capa cod",0,30,PERDEU," ",471.3,15.71
"15 A 4 MP 4 Terminal p/mangueira hidr. c/capa cod",0,30,PERDEU," ",415.8,13.86
"15 A 4 MP 6 Terminal p/mangueira hidr. c/capa cod",0,30,PERDEU," ",443.7,14.79
"15 A 6 Terminal p/mangueira hidr. c/capa cod",0,30,PERDEU," ",443.7,14.79
"15 A 6 FJ 4 Terminal p/mangueira hidr. c/capa cod",0,30,PERDEU," ",388.2,12.94
"15 A 6 FJ 6 Terminal p/mangueira hidr. c/capa cod",0,30,PERDEU," ",498.9,16.63
"15 A 6 FJ A 4 Terminal p/mangueira hidr. c/capa cod",0,30,PERDEU," ",609.9,20.33
"15 A 6 FJ A 6 Terminal p/mangueira hidr. c/capa cod",0,30,PERDEU," ",637.8,21.26
"15 A 6 FJ B 4 Terminal p/mangueira hidr. c/capa cod",0,30,PERDEU," ",609.9,20.33
"HG 00610-12-12 Terminal p/mangueira hidr. c/capa cod",0,30,PERDEU," ",1164.3,38.81
"HG 00610-16-12 Terminal p/mangueira hidr. c/capa cod",0,30,PERDEU," ",1358.4,45.28
"HG 00610-20-16 Terminal p/mangueira hidr. c/capa cod",0,30,PERDEU," ",1413.9,47.13
"HG 00619-20-16 Terminal p/mangueira hidr. c/capa cod",0,30,PERDEU," ",1413.9,47.13
"15 A 6 MJ 4 Terminal p/mangueira hidr. c/capa cod",0,30,PERDEU," ",554.4,18.48
"15 A 6 MJ 6 Terminal p/mangueira hidr. c/capa cod",0,30,PERDEU," ",332.7,11.09
"15 A 6 MP 4 Terminal p/mangueira hidr. c/capa cod",0,30,PERDEU," ",554.4,18.48
"15 A 6 MP 6 Terminal p/mangueira hidr. c/capa cod",0,30,PERDEU," ",526.8,17.56
"15 A 6 MP 8 Terminal p/mangueira hidr. c/capa cod",0,30,PERDEU," ",609.9,20.33
"15 A 8 Terminal p/mangueira hidr. c/capa cod",0,30,PERDEU," ",609.9,20.33
"15 A 8 FJ 6 Terminal p/mangueira hidr. c/capa cod",0,30,PERDEU," ",637.8,21.26
"15 A 8 FJ 8 Terminal p/mangueira hidr. c/capa cod",0,30,PERDEU," ",637.8,21.26
"15 A 8 FJ A 6 Terminal p/mangueira hidr. c/capa cod",0,30,PERDEU," ",83.1,2.77
"15 A 8 FJ A 8 Terminal p/mangueira hidr. c/capa cod",0,30,PERDEU," ",637.8,21.26
"15 A 8 FJ B 6 Terminal p/mangueira hidr. c/capa cod",0,30,PERDEU," ",637.8,21.26
"15 A 8 FJ B 8 Terminal p/mangueira hidr. c/capa cod",0,30,PERDEU," ",831.6,27.72
"15 A 8 MJ 6 Terminal p/mangueira hidr. c/capa cod",0,30,PERDEU," ",498.9,16.63
"76194572 FILTRO LUBRIFICANTE MOTOR",0,20,DESCLASSIFICADO," ",2120,106
"87400496 FILTRO COMBUSTÍVEL PRIMÁRIO",0,20,DESCLASSIFICADO," ",1440,72
"86990957 FILTRO COMBUSTÍVEL SECUND",0,20,DESCLASSIFICADO," ",2040,102
"84993233 FILTRO SEPARADOR ÁGUA",0,20,DESCLASSIFICADO," ",1320,66
"87682990 FILTRO AR PRIMÁRIO",0,10,DESCLASSIFICADO," ",2480,248
"87683000 FILTRO AR SECUNDÁRIO",0,10,DESCLASSIFICADO," ",1490,149
"J930906 JUNTA",0,3,DESCLASSIFICADO," ",57,19
"71100640 ANEL",0,3,DESCLASSIFICADO," ",17.1,5.7
"J935010 CORREIA",0,6,DESCLASSIFICADO," ",996,166
"87409662 FILTRO HIDRÁULICO",0,2,DESCLASSIFICADO," ",686,343
"87519452 FILTRO TRANSMISSÃO",0,5,DESCLASSIFICADO," ",1135,227
"330014A1 FILTRO AR COND. (cabine)",0,5,DESCLASSIFICADO," ",1100,220
"86982450 CORREIA VENTIL SEM AR COND.",0,5,DESCLASSIFICADO," ",455,91
"390876A2 CABO",0,2,DESCLASSIFICADO," ",650,325
"75248755 PRÉ FILTRO",0,1,DESCLASSIFICADO," ",1969,1969
"A184939 VÁLVULA",0,1,DESCLASSIFICADO," ",65,65
"71102765 MANGOTE",0,1,DESCLASSIFICADO," ",924,924
"71102766 ABRAÇADEIRA",0,2,DESCLASSIFICADO," ",196,98
"75310644 MANGUEIRA",0,1,DESCLASSIFICADO," ",268,268
"75289704 BOMBA COMBUSTIVEL",0,1,DESCLASSIFICADO," ",390,390
"L126191 TERMOSTATO",0,1,DESCLASSIFICADO," ",399,399
"388283A1 SILENCIOSO",0,1,DESCLASSIFICADO," ",3080,3080
"A170241 TAMPA RADIADOR",0,2,DESCLASSIFICADO," ",74,37
"87426773 MOTOR DA HÉLICE",0,1,DESCLASSIFICADO," ",1904,1904
"367870A1 MANGUEIRA",0,1,DESCLASSIFICADO," ",436,436
"J286278 BOMBA DAGUA",0,1,DESCLASSIFICADO," ",613,613
"87326910 ESTICADOR CORREIA",0,2,DESCLASSIFICADO," ",1490,745
"76082156 COXIM",0,2,DESCLASSIFICADO," ",406,203
"8603631 PASTILHA FREIO",0,2,DESCLASSIFICADO," ",2432,1216
"8603711 KIT VEDAÇÃO",0,1,DESCLASSIFICADO," ",1536,1536
"76084400 ACOPLAMENTO",0,2,DESCLASSIFICADO," ",4632,2316
"233094A1 CRUZETA",0,2,DESCLASSIFICADO," ",1070,535
"87457065 CRUZETA",0,2,DESCLASSIFICADO," ",1314,657
"148889A1 ANEL",0,2,DESCLASSIFICADO," ",244,122
"71102762 DISCO",0,2,DESCLASSIFICADO," ",584,292
"148963A1 DISCO",0,2,DESCLASSIFICADO," ",224,112
"148964A1 DISCO",0,2,DESCLASSIFICADO," ",32,16
"238-6018 ANEL",0,5,DESCLASSIFICADO," ",39.5,7.9
"148965A1 ANEL",0,6,DESCLASSIFICADO," ",66,11
"75243579 SENSOR",0,1,DESCLASSIFICADO," ",907,907
"84215062 KIT SENSOR",0,1,DESCLASSIFICADO," ",1379,1379
"70094334 INTERRUPTOR",0,2,DESCLASSIFICADO," ",256,128
"87457220 SENSOR",0,1,DESCLASSIFICADO," ",905,905
"12451944 TERMINAL",0,2,DESCLASSIFICADO," ",1.12,0.56
"12452181 GUARNIÇÃO",0,2,DESCLASSIFICADO," ",0.8,0.4
"12453187 C0NECTOR",0,2,DESCLASSIFICADO," ",13.4,6.7
"75239803 CONEXÃO",0,2,DESCLASSIFICADO," ",94,47
"87449646 MANGUEIRA",0,1,DESCLASSIFICADO," ",348,348
"87449648 MANGUEIRA",0,1,DESCLASSIFICADO," ",294,294
"75266621 BOMBA",0,1,DESCLASSIFICADO," ",532,532
"87453558 SOLENOIDE",0,1,DESCLASSIFICADO," ",1257,1257
"75243579 PRESSOSTATO FREIO",0,1,DESCLASSIFICADO," ",907,907
"87462764 PINO",0,1,DESCLASSIFICADO," ",676,676
"391359A1 ROLAMENTO",0,1,DESCLASSIFICADO," ",1379,1379
"356200A1 ESPAÇADOR",0,1,DESCLASSIFICADO," ",217,217
"356192A1 FLANGE",0,1,DESCLASSIFICADO," ",575,575
"356199A1 ESPAÇADOR",0,1,DESCLASSIFICADO," ",576,576
"76084380 RETENTOR",0,2,DESCLASSIFICADO," ",240,120
"87356731 PLACA",0,1,DESCLASSIFICADO," ",250,250
"364193A1 BATENTE",0,2,DESCLASSIFICADO," ",1360,680
"76083775 ARTICULAÇÃO",0,1,DESCLASSIFICADO," ",785,785
"87405609 ORBITROL",0,1,DESCLASSIFICADO," ",7509,7509
"8605835 PINO",0,2,DESCLASSIFICADO," ",520,260
"419818A1 ARRUELA",0,2,DESCLASSIFICADO," ",24,12
"365837A2 MANGUEIRA",0,1,DESCLASSIFICADO," ",256,256
"496-81025 ARRUELA",0,3,DESCLASSIFICADO," ",42,14
"627-16035 PARAFUSO",0,3,DESCLASSIFICADO," ",27,9
"380583A2 PINO",0,2,DESCLASSIFICADO," ",126,63
"419819A1 ARRUELA",0,3,DESCLASSIFICADO," ",48,16
"832-10410 PORCA",0,20,DESCLASSIFICADO," ",20,1
"141005A1 BUCHA",0,2,DESCLASSIFICADO," ",156,78
"238-5230 ANEL",0,2,DESCLASSIFICADO," ",14.8,7.4
"G32129	ANEL",0,2,DESCLASSIFICADO," ",13,6.5
"1542874C1 REPARO",0,2,DESCLASSIFICADO," ",92.8,46.4
"D95142	RETENTOR",0,2,DESCLASSIFICADO," ",40.6,20.3
"349519A1 ANEL",0,2,DESCLASSIFICADO," ",495.8,247.9
"G104439 ANEL",0,2,DESCLASSIFICADO," ",43.8,21.9
"349518A1 ANEL",0,2,DESCLASSIFICADO," ",89.4,44.7
"87401084 CJ. PINO",0,1,DESCLASSIFICADO," ",1249.5,1249.5
"391281A1 ANEL DE VEDAÇÃO BORRACHA",0,1,DESCLASSIFICADO," ",66.2,66.2
"391280A1 PLACA RETENÇÃO SUP. AÇO",0,1,DESCLASSIFICADO," ",297.4,297.4
"391276A1 ROLAMENTO ARTICUL. CHASSI",0,1,DESCLASSIFICADO," ",605.3,605.3
"76082981 ANEL DE VEDAÇÃO",0,1,DESCLASSIFICADO," ",36,36
"356201A1 PINO DE AÇO PIVO CHASSI",0,1,DESCLASSIFICADO," ",767,767
"356187A1 RETENTOR DE BORRACHA",0,1,DESCLASSIFICADO," ",68.7,68.7
"356200A1 ESPAÇADOR DE AÇO",0,1,DESCLASSIFICADO," ",217.7,217.7
"391359A1 ROLAMENTO INF. ART. CHASSI",0,1,DESCLASSIFICADO," ",996,996
"356191A1 CALÇO DE AÇO 0.10 MM",0,1,DESCLASSIFICADO," ",27,27
"356192A1 FLANGE DA ARTICUL.",0,1,DESCLASSIFICADO," ",575,575
"76084380 RETENTOR DE AÇO E BORRACHA",0,1,DESCLASSIFICADO," ",299,299
"87356731 PLACA FLANGE DE AÇO DO PINO",0,1,DESCLASSIFICADO," ",211,211
"71102781 BUCHA",0,1,DESCLASSIFICADO," ",161,161
"8602889 BATENTE",0,2,DESCLASSIFICADO," ",334,167
"827-12060 PARAFUSO",0,2,DESCLASSIFICADO," ",104,52
"896-11012 ARRUELA",0,10,DESCLASSIFICADO," ",20,2
"429045A1 MANGUEIRA",0,1,DESCLASSIFICADO," ",269,269
"372359A1 MANGUEIRA",0,1,DESCLASSIFICADO," ",881,881
"238-6021 ANEL",0,10,DESCLASSIFICADO," ",10,1
"700-166 CONEXÃO",0,1,DESCLASSIFICADO," ",85,85
"86983366 TUBO",0,1,DESCLASSIFICADO," ",272,272
"389161A1 MANGUEIRA",0,1,DESCLASSIFICADO," ",309,309
"637-64296 ANEL",0,10,DESCLASSIFICADO," ",110,11
"75324429 INTERRUPTOR",0,1,DESCLASSIFICADO," ",292,292
"379139A1 VÁLVULA",0,1,DESCLASSIFICADO," ",1070,1070
"8605216 VÁLVULA",0,1,DESCLASSIFICADO," ",534,534
"86993022 PINO",0,1,DESCLASSIFICADO," ",854,854
"86993023 PINO",0,1,DESCLASSIFICADO," ",512,512
"86993024 PINO",0,1,DESCLASSIFICADO," ",766,766
"86993026 PINO",0,1,DESCLASSIFICADO," ",449,449
"86993027 PINO",0,2,DESCLASSIFICADO," ",1054,527
"L125100 ESPAÇADOR",0,5,DESCLASSIFICADO," ",75,15
"496-81025 ARRUELA",0,5,DESCLASSIFICADO," ",70,14
"D95146	ANEL",0,5,DESCLASSIFICADO," ",185,37
"S92653	ANEL",0,10,DESCLASSIFICADO," ",1130,113
"87613430 BUCHA",0,2,DESCLASSIFICADO," ",940,470
"358624A2 BUCHA",0,2,DESCLASSIFICADO," ",216,108
"356626A2 BUCHA",0,2,DESCLASSIFICADO," ",290,145
"375517A1 ARRUELA",0,2,DESCLASSIFICADO," ",96,48
"379070A2 PINO",0,2,DESCLASSIFICADO," ",1504,752
"379197A2 PINO",0,2,DESCLASSIFICADO," ",1396,698
"368776A1 PINO",0,2,DESCLASSIFICADO," ",554,277
"368775A1 PINO",0,2,DESCLASSIFICADO," ",880,440
"38-33264 PINO",0,2,DESCLASSIFICADO," ",346,173
"368836A2 PINO",0,2,DESCLASSIFICADO," ",1664,832
"84-11010 ARRUELA",0,10,DESCLASSIFICADO," ",22,2.2
"D95147	ANEL",0,2,DESCLASSIFICADO," ",60,30
"D95148	ANEL",0,2,DESCLASSIFICADO," ",46,23
"379191A2 BUCHA",0,2,DESCLASSIFICADO," ",196,98
"379091A2 BUCHA",0,3,DESCLASSIFICADO," ",387,129
"86993025 PINO",0,1,DESCLASSIFICADO," ",509,509
"365356A1 ARRUELA",0,2,DESCLASSIFICADO," ",42,21
"375516A1 ARRUELA",0,3,DESCLASSIFICADO," ",192,64
"379770A2 PINO",0,1,DESCLASSIFICADO," ",787,787
"87437353 PINO",0,1,DESCLASSIFICADO," ",716,716
"219-1 GRAXEIRA",0,7,DESCLASSIFICADO," ",18.2,2.6
"391497A1 DENTE",0,7,DESCLASSIFICADO," ",1330,190
"391498A1 PORTA DENTE",0,7,DESCLASSIFICADO," ",1351,193
"48946 PARAFUSO",0,7,DESCLASSIFICADO," ",161,23
"425-1612 PORCA",0,7,DESCLASSIFICADO," ",64.4,9.2
"371232A2 LÂMINA",0,2,DESCLASSIFICADO," ",4554,2277
"8604535 SOLENOIDE",0,1,DESCLASSIFICADO," ",1175,1175
"410565A1 COIFA",0,1,DESCLASSIFICADO," ",2167,2167
"8604542 SOLENOIDE",0,1,DESCLASSIFICADO," ",1664,1664
"1546497C1 INTERRUPTOR",0,2,DESCLASSIFICADO," ",2322,1161
"8604801 CONJUNTO ANEIS",0,1,DESCLASSIFICADO," ",729,729
"360982A1 KIT REPARO",0,4,DESCLASSIFICADO," ",1716,429
"87434293 KIT JUNTAS REPARO",0,2,DESCLASSIFICADO," ",492,246
"381101A1 REPARO CAÇAMBA",0,4,DESCLASSIFICADO," ",600,150
"382375A2 INTERRUPTOR",0,1,DESCLASSIFICADO," ",329,329
"374422A2 INTERRUPTOR",0,1,DESCLASSIFICADO," ",564,564
"87459001 INTERRUPTOR",0,1,DESCLASSIFICADO," ",138,138
"374431A2 INTERRUPTOR",0,1,DESCLASSIFICADO," ",635,635
"374429A2 INTERRUPTOR",0,1,DESCLASSIFICADO," ",1775,1775
"1994716C1 INTERRUPTOR",0,1,DESCLASSIFICADO," ",570,570
"250739A1 INTERRUPTOR",0,1,DESCLASSIFICADO," ",804,804
"92100C2 INTERRUPTOR",0,1,DESCLASSIFICADO," ",191,191
"A187954 INTERRUPTOR",0,1,DESCLASSIFICADO," ",292,292
"1954651C2 INTERRUPTOR",0,1,DESCLASSIFICADO," ",439,439
"87459613 CABO ELÉTRICO",0,1,DESCLASSIFICADO," ",4427,4427
"A149800 FUZIVEL",0,5,DESCLASSIFICADO," ",23,4.6
"A149801 FUZIVEL",0,6,DESCLASSIFICADO," ",13.8,2.3
"A149799 FUZIVEL",0,5,DESCLASSIFICADO," ",7,1.4
"A149798 FUZIVEL",0,7,DESCLASSIFICADO," ",4.2,0.6
"75261702 SENSOR",0,2,DESCLASSIFICADO," ",1130,565
"75236111 SENSOR",0,2,DESCLASSIFICADO," ",214,107
"321446A1 SENSOR",0,1,DESCLASSIFICADO," ",109,109
"75236112 SENSOR",0,2,DESCLASSIFICADO," ",608,304
"279492A1 INTERRUPTOR",0,2,DESCLASSIFICADO," ",262,131
"1983238C1 SENSOR",0,2,DESCLASSIFICADO," ",636,318
"75249994 FAROL",0,2,DESCLASSIFICADO," ",1552,776
"75249995 FAROL",0,2,DESCLASSIFICADO," ",1552,776
"D121972 ALARME RÉ",0,1,DESCLASSIFICADO," ",450,450
"87446989 CHICOTE",0,1,DESCLASSIFICADO," ",405,405
"283779A1 CONJ TOMADA EXTERNA",0,1,DESCLASSIFICADO," ",132,132
"73163878 LANTERNA DIREITA",0,1,DESCLASSIFICADO," ",707,707
"73163879 LANTERNA ESQUERDA",0,1,DESCLASSIFICADO," ",707,707
"235905A1 PARABRISA",0,1,DESCLASSIFICADO," ",782,782
"367889A1 VIDRO",0,1,DESCLASSIFICADO," ",1233,1233
"198053A1 VIDRO",0,1,DESCLASSIFICADO," ",1096,1096
"198052C1 VIDRO",0,1,DESCLASSIFICADO," ",1080,1080
"1283403C1 ESPELHO",0,1,DESCLASSIFICADO," ",322,322
"1977833C1 TAMPÃO",0,1,DESCLASSIFICADO," ",49,49
"A187574 PALHETA",0,1,DESCLASSIFICADO," ",339,339
"NH330HL ÓLEO MOTOR",0,10,DESCLASSIFICADO," ",2250,225
"NHAGRIFLU ADITIVO RADIADOR",0,10,DESCLASSIFICADO," ",400,40
"NHMASTERTRAN ÓLEO HIDRÁULICO",0,2,DESCLASSIFICADO," ",922,461
"NH20W40 ÓLEO TRANSMISSÃO",0,2,DESCLASSIFICADO," ",928,464
"NH140 ÓLEO EIXO",0,2,DESCLASSIFICADO," ",690,345
"232948A1 SENSOR",0,3,DESCLASSIFICADO," ",1155,385
"71102182 ADITIVO",0,3,DESCLASSIFICADO," ",408,136
"MAO DE OBRA MECANICA",0,250,DESCLASSIFICADO," ",21250,85
"87803260 FILTRO LUBRIFICANTE",0,20,PERDEU," ",1781.8,89.09
"87435525 PRÉ-FILTRO COMBUSTÍVEL (com sep)",0,20,PERDEU," ",1781.8,89.09
"87803192 FILTRO SEPARADOR DE ÁGUA",0,20,PERDEU," ",1763.8,88.19
"87577657 FILTRO AR PRIMÁRIO",0,10,PERDEU," ",2609.7,260.97
"87577656 FILTRO AR SECUNDÁRIO",0,10,PERDEU," ",1673.8,167.38
"2852033 JUNTA TAMPA VÁLVULAS",0,15,PERDEU," ",445.5,29.7
"J935449 ANEL - TAMPA VÁLVULAS",0,15,PERDEU," ",43.2,2.88
"2853208 CORREIA DO VENTILADOR",0,7,PERDEU," ",1599.99,228.57
"YN52V01013P1	FILTRO RETORNO RESERV. HID.",0,8,PERDEU," ",2606.08,325.76
"ZD11G19000 ANEL - FILTRO RET. HID. (SUPERIOR)",0,7,PERDEU," ",376.04,53.72
"YN50V00002S001 FILTRO SUCÇÃO RESERV. HID.",0,4,PERDEU," ",1616.2,404.05
"ZD11G16500 ANEL - FILTRO SUC. RESERV, HID.",0,4,PERDEU," ",136.8,34.2
"YW57V00002S010 FILTRO RESPIRO RESERV. HID.",0,4,PERDEU," ",251.96,62.99
"YN20M01414D2 CORREIA AR CONDICIONADO",0,7,PERDEU," ",1127.56,161.08
"YN50V01015P3	FILTRO AR COND. CABINE",0,7,PERDEU," ",1851.99,264.57
"YN50V01014P1	FILTRO CABINE",0,3,PERDEU," ",1079.85,359.95
"HX23L06150CR	MANGUEIRA",0,1,PERDEU," ",117.88,117.88
"HX23L06220CB	MANGUEIRA",0,1,PERDEU," ",160.18,160.18
"HX23L06300CH	MANGUEIRA",0,2,PERDEU," ",961.08,480.54
"HX23L06230CR	MANGUEIRA",0,1,PERDEU," ",159.28,159.28
"HX23L06145CR	MANGUEIRA",0,1,PERDEU," ",265.47,265.47
"HX23L04125CB	MANGUEIRA",0,1,PERDEU," ",194.37,194.37
"HX23L06165CG	MANGUEIRA",0,1,PERDEU," ",250.17,250.17
"HX23L04115CH	MANGUEIRA",0,1,PERDEU," ",225.87,225.87
"2420R537D055	MANGUEIRA",0,3,PERDEU," ",380.64,126.88
"2420R349D050	MANGUEIRA",0,1,PERDEU," ",124.18,124.18
"ZH32X12000 CONEXÃO",0,1,PERDEU," ",24.3,24.3
"YM30P01007F1 ACOPLAMENTO",0,1,PERDEU," ",2048.13,2048.13
"YN32W01101D1 VARETA NIVEL",0,1,PERDEU," ",220.47,220.47
"YM30H01037P1 MANGUEIRA",0,1,PERDEU," ",2385.59,2385.59
"ZD12P03800 ANEL",0,6,PERDEU," ",145.8,24.3
"ZX30H12135 MANGUEIRA",0,1,PERDEU," ",929.58,929.58
"ZX30H12140 MANGUEIRA",0,1,PERDEU," ",377.95,377.95
"YM03H01066P1 TUBO",0,1,PERDEU," ",2921.02,2921.02
"YM03H01067P1 TUBO",0,1,PERDEU," ",2921.02,2921.02
"237-6012 ANEL",0,6,PERDEU," ",9.42,1.57
"ZD12P02400 Anel",0,7,PERDEU," ",18.48,2.64
"ZD12A01600 ANEL",0,20,PERDEU," ",143,7.15
"ZD12A01800 Anel",0,17,PERDEU," ",178.67,10.51
"2420R537D090 MANGUEIRA",0,1,PERDEU," ",156.58,156.58
"2420R537D055	MANGUEIRA",0,1,PERDEU," ",126.88,126.88
"237-6006 ANEL",0,7,PERDEU," ",60.34,8.62
"ZH22X06000 CONECTOR",0,7,PERDEU," ",394.38,56.34
"2456R351 ESPELHO",0,4,PERDEU," ",3564.88,891.22
"24100P3750F1	SUPORTE",0,2,PERDEU," ",1279.64,639.82
"2416P18523 SUPORTE",0,2,PERDEU," ",548.92,274.46
"2432T4113D2 ABRAÇADEIRA",0,2,PERDEU," ",163.78,81.89
"ZS18C08040 PARAFUSO",0,7,PERDEU," ",44.1,6.3
"ZW26X08000 ARRUELA",0,7,PERDEU," ",0.77,0.11
"YN02C02136P1	VIDRO",0,1,PERDEU," ",954.78,954.78
"YN02C03669P2	JUNTA",0,2,PERDEU," ",565.12,282.56
"YN53C00012F2	MOTOR ELÉTRICO",0,1,PERDEU," ",2381.09,2381.09
"YN02C03160P1	VIDRO",0,1,PERDEU," ",825.19,825.19
"YN02C01787P1	VIDRO",0,1,PERDEU," ",1562.2,1562.2
"YN02C01794P1	VIDRO",0,1,PERDEU," ",1728.67,1728.67
"YN02C01567P1	VIDRO",0,1,PERDEU," ",1186.05,1186.05
"YN02C01825P1	RETENTOR",0,1,PERDEU," ",126.88,126.88
"YT02C01086P1 AMORTECEDOR",0,2,PERDEU," ",743.3,371.65
"YN55C00008F1	PROTETOR",0,1,PERDEU," ",3194.58,3194.58
"YN02C03669P1	JUNTA",0,2,PERDEU," ",565.12,282.56
"YN50C01173P1	VIDRO",0,1,PERDEU," ",3370.96,3370.96
"2418U130D35 MOLA",0,2,PERDEU," ",260.96,130.48
"ZD12G08000 ANEL",0,3,PERDEU," ",134.97,44.99
"ZD12P01100 ANEL",0,3,PERDEU," ",23.76,7.92
"237-6004 Anel",0,3,PERDEU," ",29.7,9.9
"ZD12P02900 Anel",0,3,PERDEU," ",27,9
"ZD12A01600 ANEL",0,3,PERDEU," ",21.33,7.11
"2445R220D17 RETENTOR",0,3,PERDEU," ",521.04,173.68
"ZG91S02000 PINO GRAXEIRO",0,7,PERDEU," ",73.08,10.44
"YM02B01036P1 Bucha",0,2,PERDEU," ",1427.22,713.61
"YB02B01085P1	PINO",0,1,PERDEU," ",1943.75,1943.75
"ZS18C20180 PARAFUSO",0,1,PERDEU," ",152.98,152.98
"ZN16C20016 PORCA",0,3,PERDEU," ",15.39,5.13
"YB02B01086P1	CALÇO",0,3,PERDEU," ",30.78,10.26
"YB02B01087P1	CALÇO",0,2,PERDEU," ",34.74,17.37
"ZD12A01800 Anel",0,7,PERDEU," ",79.38,11.34
"ZD12P02600 ANEL",0,7,PERDEU," ",55.44,7.92
"ZD12A01800 Anel",0,7,PERDEU," ",73.71,10.53
"ZD12P03400 ANEL",0,7,PERDEU," ",83.79,11.97
"ZX20H10074 Mangueira",0,1,PERDEU," ",1333.63,1333.63
"YB12B01072P1	BUCHA",0,3,PERDEU," ",695.7,231.9
"YN12B01838P1	BUCHA",0,3,PERDEU," ",645.21,215.07
"2445R220D3 RETENTOR",0,7,PERDEU," ",579.53,82.79
"2445R220D2 RETENTOR",0,7,PERDEU," ",787.43,112.49
"2445R220D4 RETENTOR",0,7,PERDEU," ",598.43,85.49
"YM12B01052P1 Pino",0,2,PERDEU," ",1430.82,715.41
"YM12B01068P1 Pino",0,2,PERDEU," ",1398.42,699.21
"YM12B01070P1 Pino",0,1,PERDEU," ",624.52,624.52
"2445R138D8 RETENTOR",0,3,PERDEU," ",210.57,70.19
"2418T4037D5 CALÇO",0,3,PERDEU," ",199.77,66.59
"2418T4037D3 CALÇO",0,3,PERDEU," ",199.77,66.59
"YM12B01066P1 PINO",0,1,PERDEU," ",905.28,905.28
"YM12B01135P1 Bucha",0,2,PERDEU," ",410.34,205.17
"YM12B01092P1 Bucha",0,2,PERDEU," ",406.74,203.37
"YN12B01596P1	BUCHA",0,2,PERDEU," ",710.9,355.45
"YM12B01136P1 Bucha",0,2,PERDEU," ",761.3,380.65
"YM12B01064P1 PINO",0,1,PERDEU," ",338.36,338.36
"ZD12P02600 ANEL",0,2,PERDEU," ",15.84,7.92
"ZD12A01800 Anel",0,2,PERDEU," ",21.06,10.53
"YN43H01414DA Mangueira",0,2,PERDEU," ",545.32,272.66
"YM02B01071P1 Pino",0,2,PERDEU," ",2786.04,1393.02
"YM02B01072P1 Pino",0,3,PERDEU," ",1212.15,404.05
"ZX50H12185 MANGUEIRA",0,2,PERDEU," ",2373.9,1186.95
"ZX50H16185 MANGUEIRA",0,2,PERDEU," ",2742.78,1371.39
"ZD12P02400 Anel",0,6,PERDEU," ",70.2,11.7
"2445R220D3 RETENTOR",0,6,PERDEU," ",496.74,82.79
"YN12B01838P1	BUCHA",0,3,PERDEU," ",645.21,215.07
"YN22V00002F9	VALVULA",0,1,PERDEU," ",3415.05,3415.05
"2436U1457S162 ANEL",0,10,PERDEU," ",1016.9,101.69
"YN30V00120F2	VALVULA",0,1,PERDEU," ",5681.86,5681.86
"YN35V00048F1	VALVULA SOLENOIDE",0,1,PERDEU," ",2397.29,2397.29
"YN10V00033R100 KIT",0,1,PERDEU," ",3394.36,3394.36
"YM01V00019R100 KIT REPARO",0,1,PERDEU," ",1611.69,1611.69
"YM01V00019R200 KIT REPARO",0,1,PERDEU," ",2202.91,2202.91
"YM01V00018R100 KIT REPARO",0,1,PERDEU," ",1481.21,1481.21
"YM01V00018R300 KIT REPARO",0,1,PERDEU," ",1585.59,1585.59
"YN30V00080F1	VALVULA PILOTO",0,1,PERDEU," ",3674.22,3674.22
"YN55V01057P1	RETENTOR",0,6,PERDEU," ",286.14,47.69
"YN55V01049P1	RETENTOR",0,3,PERDEU," ",423.84,141.28
"4897876 ESPAÇADOR",0,2,PERDEU," ",435.54,217.77
"4897877 JUNTA",0,2,PERDEU," ",305.96,152.98
"4894139 BUJÃO",0,2,PERDEU," ",52.2,26.1
"4890189 SENSOR",0,3,PERDEU," ",537.24,179.08
"71451230 SENSOR",0,3,PERDEU," ",537.24,179.08
"72218764 SENSOR",0,3,PERDEU," ",1290.42,430.14
"71450230 SENSOR",0,3,PERDEU," ",1333.62,444.54
"YX52S00010P1	SENSOR",0,2,PERDEU," ",1283.24,641.62
"71451910 CONJUNTO BÓIA",0,2,PERDEU," ",806.3,403.15
"72209734 SENSOR",0,1,PERDEU," ",509.33,509.33
"LC52S00012P1	SENSOR",0,1,PERDEU," ",1090.66,1090.66
"YN52S00021F1	SENSOR",0,1,PERDEU," ",693.81,693.81
"YN52S00023P1	SENSOR",0,1,PERDEU," ",390.55,390.55
"4890832 RETENTOR",0,2,PERDEU," ",345.56,172.78
"4895038 BUJÃO",0,3,PERDEU," ",26.16,8.72
"4890833 RETENTOR",0,2,PERDEU," ",469.74,234.87
"4895379 ANEL",0,6,PERDEU," ",3.36,0.56
"2852684 RESPIRO",0,3,PERDEU," ",305.07,101.69
"2852028 JUNTA",0,1,PERDEU," ",41.93,41.93
"2830920 JUNTA",0,1,PERDEU," ",287.06,287.06
"2852033 JUNTA",0,3,PERDEU," ",91.41,30.47
"2830445 JUNTA",0,3,PERDEU," ",51.3,17.1
"2853427 VARETA NIVEL",0,1,PERDEU," ",285.26,285.26
"4897480 BOMBA DE ÓLEO",0,1,PERDEU," ",679.41,679.41
"2853124 TUBO",0,1,PERDEU," ",290.66,290.66
"4896409 JUNTA",0,1,PERDEU," ",89.99,89.99
"2852398 TENSOR",0,2,PERDEU," ",916.08,458.04
"2830266 BOMBA DE COMBUSTÍVEL",0,2,PERDEU," ",1024.06,512.03
"2830156 JUNTA",0,2,PERDEU," ",34.2,17.1
"71465121 PORTA DENTE",0,4,PERDEU," ",752.32,188.08
"75265450 DENTE",0,15,PERDEU," ",2200.2,146.68
"71465125 ANEL TRAVA",0,15,PERDEU," ",75.6,5.04
"71465124 PINO",0,15,PERDEU," ",83.7,5.58
"MAO DE OBRA MECANICA",0,250,PERDEU," ",19122.5,76.49
"VA32G4001100	FILTRO ÓLEO DO MOTOR",0,10,PERDEU," ",3417.5,341.75
"LS21P01013R100 FILTRO COMBUSTÍVEL PRINCIP.",0,10,PERDEU," ",1645.5,164.55
"VA32G6200100	PRÉ-FILTRO COMBUSTÍVEL",0,10,PERDEU," ",5138.9,513.89
"YY11P00008S003 FILTRO AR PRIMÁRIO",0,5,PERDEU," ",3999.75,799.95
"YY11P00008S002 FILTRO AR SECUNDÁRIO",0,5,PERDEU," ",1518.9,303.78
"VA32G0400200	JUNTA TAMPA VÁLVULAS",0,2,PERDEU," ",399.98,199.99
"VA3434904400	CORREIA DO VENTILADOR",0,5,PERDEU," ",3539.9,707.98
"YN52V01011P1	FILTRO RETORNO.",0,2,PERDEU," ",639.62,319.81
"ZD11G09000 ANEL",0,2,PERDEU," ",43.88,21.94
"ZD11G19000 ANEL",0,2,PERDEU," ",99.58,49.79
"YN50V00025F2	FILTRO SUCÇÃO HID.",0,2,PERDEU," ",1181.36,590.68
"ZD11G20000 ANEL",0,2,PERDEU," ",135.02,67.51
"YN57V00004S002 FILTRO RESPIRO",0,5,PERDEU," ",831.2,166.24
"YN50V01015P3	FILTRO AR COND",0,5,PERDEU," ",1240.45,248.09
"YN20M01494D8 CORREIA AR CONDICIONADO",0,2,PERDEU," ",359.48,179.74
"YN50V01014P1	FILTRO",0,2,PERDEU," ",675.06,337.53
"VA3434611500	TERMOSTATO",0,2,PERDEU," ",467.48,233.74
"VA32G9000300	SENSOR",0,2,PERDEU," ",1355.2,677.6
"VA32G9000200	SENSOR",0,2,PERDEU," ",835.4,417.7
"PU13E01002DE	MANGUEIRA",0,2,PERDEU," ",67.5,33.75
"YY05P01175P1	TUBO FLEXIVEL",0,2,PERDEU," ",1088.54,544.27
"YY05P01238P1	TUBO FLEXIVEL",0,2,PERDEU," ",2609.14,1304.57
"YY11P01032P1	TUBO FLEXIVEL",0,2,PERDEU," ",1306.26,653.13
"ZC16X11000 ABRAÇADEIRA",0,2,PERDEU," ",27,13.5
"YB12P01013P1	TUBO",0,1,PERDEU," ",3098.56,3098.56
"YY12P00012P1	SILENCIOSO",0,1,PERDEU," ",3205.72,3205.72
"VA32G6201010	FILTRO CONJUNTO",0,2,PERDEU," ",3743.24,1871.62
"HX11Y06084DX	MANGUEIRA",0,2,PERDEU," ",209.28,104.64
"YN20P01034P2	TAMPA",0,2,PERDEU," ",697,348.5
"YF50V00001P1	REDE DE FILTROS",0,2,PERDEU," ",799.96,399.98
"YN52S00045F1	SENSOR",0,2,PERDEU," ",1373.76,686.88
"YN25V00001P1	VÁLVULA",0,2,PERDEU," ",467.48,233.74
"YN58S00009F1	MANOMETRO",0,2,PERDEU," ",975.48,487.74
"YY30H01024D1	MANGUEIRA",0,2,PERDEU," ",3267.32,1633.66
"ZD12P02600 ANEL",0,2,PERDEU," ",15,7.5
"ZD12P03400 ANEL",0,2,PERDEU," ",21.94,10.97
"YY30H01020P1	MANGUEIRA",0,2,PERDEU," ",3267.32,1633.66
"ZD12P01100 ANEL ( 77281136 )",0,2,PERDEU," ",14.96,7.48
"ZC16X10000 FIXADOR",0,2,PERDEU," ",43.88,21.94
"ZX20H10096 MANGUEIRA",0,2,PERDEU," ",3736.5,1868.25
"ZW16H10000 ARRUELA",0,2,PERDEU," ",16.88,8.44
"ZD12A01600 ANEL",0,2,PERDEU," ",11.82,5.91
"ZD12P02400 Anel",0,2,PERDEU," ",23.12,11.56
"ZM73C12030 PARAFUSO",0,2,PERDEU," ",16.2,8.1
"ZW26X12000 ARRUELA TRAVA",0,2,PERDEU," ",0.28,0.14
"ZX22M08050 TUBO FLEXIVEL",0,2,PERDEU," ",634.56,317.28
"ZD12P01400 ANEL",0,2,PERDEU," ",14,7
"YN02C02055P1	RECIPIENTE DE PLASTICO",0,2,PERDEU," ",950.16,475.08
"YN20M01356P1 DIFUSOR",0,2,PERDEU," ",610.94,305.47
"YN03M02021F3 EMPUNHADURA",0,2,PERDEU," ",607.56,303.78
"YN03M01498P1 COIFA DE BORRACHA",0,2,PERDEU," ",459.04,229.52
"YN50S00040DB	INTERRUPTOR",0,2,PERDEU," ",426.98,213.49
"YN03M01040P1 MANOPLA",0,2,PERDEU," ",550.18,275.09
"YN50M01051F1 ALAVANCA",0,2,PERDEU," ",1277.06,638.53
"2420R537D140	MANGUEIRA",0,2,PERDEU," ",367.92,183.96
"2420R537D145	MANGUEIRA",0,2,PERDEU," ",364.54,182.27
"YN03M01695P1 SUPORTE",0,2,PERDEU," ",3550.84,1775.42
"YF52C00007P1	ESPELHO",0,2,PERDEU," ",1996.5,998.25
"ZN18C08007 PORCA",0,2,PERDEU," ",11.82,5.91
"YN52C00024P1	ESPELHO",0,2,PERDEU," ",896.16,448.08
"ZM73C12025 PARAFUSO",0,2,PERDEU," ",15.02,7.51
"YN02C03160P1	VIDRO",0,2,PERDEU," ",1547.58,773.79
"YB02C01036P1	VIDRO",0,2,PERDEU," ",5476.48,2738.24
"YN02C02136P1	VIDRO",0,2,PERDEU," ",1790.62,895.31
"YN02C03006P1	RETENTOR",0,2,PERDEU," ",933.28,466.64
"YT02C01115D3	LUVA DE BORRACHA",0,2,PERDEU," ",469.18,234.59
"YN02C01787P1	VIDRO",0,2,PERDEU," ",2929.78,1464.89
"YN02C01567P1	VIDRO",0,2,PERDEU," ",2224.34,1112.17
"YN53C00012F2	MOTOR ELÉTRICO",0,2,PERDEU," ",4465.56,2232.78
"YN53C01003F1	BRAÇO DO LIMPADOR",0,2,PERDEU," ",2767.78,1383.89
"YN53C01003S001 BRAÇO DO LIMPADOR",0,2,PERDEU," ",1567.84,783.92
"YN53C01003S002 PALHETA",0,2,PERDEU," ",1201.62,600.81
"ZM66C06016 PARAFUSO",0,2,PERDEU," ",7.26,3.63
"YN02C03054P1	VIDRO",0,2,PERDEU," ",2214.22,1107.11
"YN02C03810F1	FECHADURA",0,2,PERDEU," ",926.52,463.26
"YN50C01189P1	VIDRO",0,2,PERDEU," ",2058.96,1029.48
"YN50C01194P1	JUNTA DO VIDRO",0,2,PERDEU," ",335.84,167.92
"YB02C01066F1	VIDRO",0,2,PERDEU," ",4777.78,2388.89
"YB02C01070P1	VIDRO",0,2,PERDEU," ",3400.64,1700.32
"YB02C01069P1	VIDRO",0,2,PERDEU," ",3307.82,1653.91
"YN52S00032P1	POTENCIÔMETRO",0,2,PERDEU," ",2597.32,1298.66
"YN50S00026F1	IGNIÇÃO DE PARTIDA",0,2,PERDEU," ",1952.62,976.31
"YN20M00107S020 EVAPORADOR",0,1,PERDEU," ",4210.73,4210.73
"YN20M00107S025 TERMOSTATO",0,2,PERDEU," ",263.28,131.64
"LC53S00001D1	BUZINA",0,2,PERDEU," ",480.98,240.49
"LC53S00001D2	BUZINA",0,2,PERDEU," ",475.92,237.96
"YN24S00008F1	RELE",0,2,PERDEU," ",1179.68,589.84
"PY01P01043D4	ABRAÇADEIRA",0,2,PERDEU," ",21.78,10.89
"2444P803 PINO GRAXEIRO",0,2,PERDEU," ",241.34,120.67
"2445R441F1 Anel",0,2,PERDEU," ",556.92,278.46
"LP52D01006P1	PINO",0,2,PERDEU," ",133.32,66.66
"ZD12G06500 Anel",0,2,PERDEU," ",33.76,16.88
"2418U130D36	RETENTOR",0,2,PERDEU," ",96.2,48.1
"2439P171 PINO",0,2,PERDEU," ",2258.1,1129.05
"LQ54D01023P1	PINO",0,2,PERDEU," ",97.88,48.94
"YY70V00002P1	CILINDRO",0,2,PERDEU," ",7584.38,3792.19
"ZP26D06063 PINO",0,2,PERDEU," ",11.14,5.57
"2445R440F1 ANEL",0,2,PERDEU," ",308.84,154.42
"ZD11G04500 Anel",0,2,PERDEU," ",14.86,7.43
"YY64D01004P1	EIXO",0,2,PERDEU," ",1550.96,775.48
"YY64D01005F1	ROLETE",0,2,PERDEU," ",1434.52,717.26
"YY60D01004P1	PARAFUSO",0,10,PERDEU," ",57.4,5.74
"LP60D01002P1	PORCA",0,10,PERDEU," ",38.8,3.88
"ZD12P02900 Anel",0,2,PERDEU," ",18.4,9.2
"B16T0442D57 Calço",0,2,PERDEU," ",99.58,49.79
"B16T0442D44 Calço",0,2,PERDEU," ",61.1,30.55
"B16T0442D2 CALÇO",0,2,PERDEU," ",105.64,52.82
"YN12B01602D1	CALÇO",0,2,PERDEU," ",101.26,50.63
"YY02B01174P1	PINO",0,2,PERDEU," ",1825.38,912.69
"ZS18C10020 PARAFUSO",0,2,PERDEU," ",3.54,1.77
"YY02B01177P1	PINO",0,2,PERDEU," ",4787.9,2393.95
"YX02B01003P1	PINO",0,2,PERDEU," ",406.72,203.36
"ZX20H10078 Mangueira",0,2,PERDEU," ",2523.06,1261.53
"YW80S00001S001 FAROL",0,2,PERDEU," ",1643.78,821.89
"2445R220D2 Anel",0,2,PERDEU," ",210.96,105.48
"2445R220D1 ANEL",0,2,PERDEU," ",185.64,92.82
"YY12B01435P1	PINO",0,2,PERDEU," ",1824.36,912.18
"HS18C16130G2	PARAFUSO",0,2,PERDEU," ",14.86,7.43
"YY12B01432P1	PINO",0,2,PERDEU," ",1836.18,918.09
"YM12B01120P1 Bucha",0,2,PERDEU," ",403.36,201.68
"YM12B01101P1 BUCHA",0,2,PERDEU," ",747.64,373.82
"YY12B01429P1	PINO",0,2,PERDEU," ",1448.02,724.01
"YY12B01428P1	PINO",0,2,PERDEU," ",1365.32,682.66
"ZG91S02000 GRAXEIRA",0,2,PERDEU," ",18.56,9.28
"YY12B01448P1	BUCHA",0,2,PERDEU," ",1117.24,558.62
"YY12B01449P1	BUCHA",0,2,PERDEU," ",816.84,408.42
"YY12B01446P1	BUCHA",0,2,PERDEU," ",2585.5,1292.75
"YY12B01447P1	BUCHA",0,2,PERDEU," ",2516.32,1258.16
"YY43H01231D2	MANGUEIRA",0,1,PERDEU," ",1654.76,1654.76
"YY12B01436P1	PINO",0,2,PERDEU," ",2190.6,1095.3
"2418T23986D1	ANEL",0,2,PERDEU," ",325.72,162.86
"2419T6002D7	PINO",0,2,PERDEU," ",111.38,55.69
"2445Z869 ANEL",0,2,PERDEU," ",72.56,36.28
"VA3424011101	ELEMENTO",0,2,PERDEU," ",501.24,250.62
"YN22V00035F1	VÁLVULA",0,1,PERDEU," ",4166,4166
"ZD12P03800 ANEL",0,2,PERDEU," ",45.56,22.78
"ZE13X12000 BUJÃO",0,2,PERDEU," ",624.44,312.22
"2444Z2894 CONEXÃO",0,2,PERDEU," ",221.08,110.54
"YN30V00080F1	VÁLVULA",0,2,PERDEU," ",6890.74,3445.37
"ZD12G04000 ANEL",0,1,PERDEU," ",11.81,11.81
"HG23H12012G1 CONECTOR",0,2,PERDEU," ",148.52,74.26
"YN02C01121P1	ESPELHO",0,2,PERDEU," ",754.38,377.19
"YN53S00004F1	ALARME",0,2,PERDEU," ",943.4,471.7
"ZD12G03000 ANEL",0,2,PERDEU," ",20.26,10.13
"ZD12P01500 ANEL",0,2,PERDEU," ",25.32,12.66
"ZD12P01000 ANEL",0,2,PERDEU," ",18.56,9.28
"ZD12P00700 JUNTA",0,2,PERDEU," ",13.5,6.75
"ZD12P03200 ANEL",0,2,PERDEU," ",23.28,11.64
"2436U1457S162 ANEL",0,2,PERDEU," ",189.02,94.51
"YN22V00029F1	VÁLVULA",0,1,PERDEU," ",3264.79,3264.79
"YN22V00002F1	VÁLVULA",0,1,PERDEU," ",3231.04,3231.04
"LP22V00001F1	VÁLVULA",0,1,PERDEU," ",1230.31,1230.31
"YN35V00050F1	VÁLVULA",0,1,PERDEU," ",2204.94,2204.94
"YN35V00052F1	VÁLVULA",0,1,PERDEU," ",3159.31,3159.31
"YY01V00053R300 REPARO",0,2,PERDEU," ",9143.78,4571.89
"YY01V00054R700 REPARO",0,2,PERDEU," ",6872.18,3436.09
"YY01V00055R300 Reparo",0,2,PERDEU," ",8689.8,4344.9
"2436U1277S213 JUNTA",0,2,PERDEU," ",244.72,122.36
"ZD12P02000 ANEL",0,2,PERDEU," ",16.88,8.44
"2436U1277S211 BUJÃO",0,2,PERDEU," ",855.64,427.82
"YN30V00111F1	CONJ VÁLVULA",0,1,PERDEU," ",3398.96,3398.96
"YN35V00048F1	VALVULA SOLENOIDE",0,2,PERDEU," ",4495.94,2247.97
"VA32G4800200	HELICE",0,2,PERDEU," ",5810.64,2905.32
"VA0556370258	ANEL",0,2,PERDEU," ",150.2,75.1
"VA32G9000700	SENSOR",0,2,PERDEU," ",3128.94,1564.47
"VA32G9000200	SENSOR",0,2,PERDEU," ",618.58,309.29
"72185358EC DENTE",0,5,PERDEU," ",540.05,108.01
"72205959 PINO",0,5,PERDEU," ",413.05,82.61
"72205958 PORTA DENTE",0,2,PERDEU," ",705.44,352.72
"NH330H ÓLEO MOTOR",0,20,PERDEU," ",3797.2,189.86
"NHAGRIFLU ADITIVO RADIADOR",0,5,PERDEU," ",168.75,33.75
"NH46 ÓLEO HIDRÁULICO",0,5,PERDEU," ",2105.35,421.07
"NH90 REDUTOR TRANSLAÇÃO",0,2,PERDEU," ",423.6,211.8
"MAO DE OBRA MECANICA",0,200,PERDEU," ",14346,71.73
"71101955 FILTRO LUBRIFICANTE",0,20,VENCEU," ",5503.4,275.17
"71101915 FILTRO COMBUSTÍVEL",0,20,VENCEU," ",645.2,32.26
"71101919 FILTRO SEPARADOR DE ÁGUA",0,20,VENCEU," ",778,38.9
"71102720 FILTRO AR PRIMÁRIO",0,10,VENCEU," ",2751.7,275.17
"71102719 FILTRO AR SECUNDÁRIO",0,10,VENCEU," ",958.4,95.84
"J905449 JUNTA TAMPA VÁLVULAS",0,2,VENCEU," ",313.12,156.56
"J935449 ANEL - TAMPA VÁLVULAS",0,5,VENCEU," ",15.2,3.04
"9672301 FILTRO ÁGUA MOTOR",0,15,VENCEU," ",1579.8,105.32
"76195604 CORREIA DO VENTILADOR",0,10,VENCEU," ",977.3,97.73
"1930836 FILTRO RETORNO HIDRÁULICO",0,10,VENCEU," ",1091.2,109.12
"519381	ANEL",0,8,VENCEU," ",60.72,7.59
"86977781 ANEL",0,8,VENCEU," ",30.4,3.8
"75310446 FILTRO BLOQUEIO DIFERENCIAL",0,10,VENCEU," ",2097,209.7
"73161153 FILTRO SUCÇÃO HIDRÁULICO",0,10,VENCEU," ",2780.2,278.02
"75289018 FILTRO",0,10,VENCEU," ",1499.2,149.92
"75289019 ANEL",0,3,VENCEU," ",509.55,169.85
"73162722 FILTRO TRANSMISSÃO",0,20,VENCEU," ",9716.4,485.82
"J911563 CORREIA AR COND. MOTOR",0,5,VENCEU," ",593.05,118.61
"75256773 CORREIA AR COND. COMPRESSOR",0,5,VENCEU," ",218.25,43.65
"75254545 FILTRO AR COND. (cabine)",0,10,VENCEU," ",3634.2,363.42
"A77424	TAMPA",0,2,VENCEU," ",195.46,97.73
"75313634 VARETA",0,1,VENCEU," ",56.93,56.93
"75312187 JUNTA",0,1,VENCEU," ",289.4,289.4
"75251139 BOIA",0,1,VENCEU," ",220.14,220.14
"75321358 Mangueira",0,1,VENCEU," ",435.53,435.53
"75325672 FILTRO",0,1,VENCEU," ",158.46,158.46
"73153814 MANGUEIRA",0,3,VENCEU," ",26.46,8.82
"87362264 TAMPA",0,1,VENCEU," ",588.3,588.3
"75252238 Conexão",0,1,VENCEU," ",58.83,58.83
"75251274 CABO",0,2,VENCEU," ",512.38,256.19
"75251275 CABO",0,2,VENCEU," ",425.1,212.55
"82002692 MANOPLA",0,2,VENCEU," ",114.82,57.41
"85803380 COIFA DE PÓ",0,1,VENCEU," ",31.56,31.56
"70686384 TERMINAL",0,2,VENCEU," ",144.22,72.11
"75256465 PEDAL",0,1,VENCEU," ",476.33,476.33
"73160779 LUVA",0,2,VENCEU," ",13.66,6.83
"73125852 ROLAMENTO",0,3,VENCEU," ",202.11,67.37
"73121925 ARRUELA",0,3,VENCEU," ",16.5,5.5
"85802905 ALAVANCA",0,1,VENCEU," ",672.75,672.75
"70911040 PORCA",0,3,VENCEU," ",0.39,0.13
"70916590 PORCA",0,3,VENCEU," ",2.97,0.99
"75254139 Mola",0,1,VENCEU," ",17.84,17.84
"73157027 TIRANTE",0,1,VENCEU," ",76.38,76.38
"75221308 TIRANTE",0,1,VENCEU," ",19.93,19.93
"75222095 Eixo",0,1,VENCEU," ",19.93,19.93
"73125849 ROLAMENTO",0,3,VENCEU," ",321.66,107.22
"75261234 PRE FILTRO",0,1,VENCEU," ",2953.82,2953.82
"73164329 Mangueira",0,1,VENCEU," ",487.05,487.05
"70929419 ABRAÇADEIRA",0,2,VENCEU," ",86.64,43.32
"J928161 SOLENOIDE",0,1,VENCEU," ",653.77,653.77
"75289704 BOMBA COMBUSTIVEL",0,2,VENCEU," ",1134.84,567.42
"75207848 BICO INJETOR",0,6,VENCEU," ",3734.76,622.46
"75322603 CJ CABO",0,1,VENCEU," ",79.7,79.7
"75251103 MINI RELE",0,2,VENCEU," ",130.94,65.47
"75251055 INTERRUPTOR",0,2,VENCEU," ",294.14,147.07
"75286428 Mangueira",0,1,VENCEU," ",48.39,48.39
"75206879 Junta",0,1,VENCEU," ",8.12,8.12
"75289668 MANGUEIRA",0,1,VENCEU," ",11.77,11.77
"75206879 Junta",0,3,VENCEU," ",24.21,8.07
"75208288 JUNTA",0,2,VENCEU," ",34.44,17.22
"75323452 TUBO ESCAPAMENTO",0,1,VENCEU," ",616.76,616.76
"73164453 Silencioso",0,1,VENCEU," ",2112.18,2112.18
"A162896 ABRAÇADEIRA",0,1,VENCEU," ",89.19,89.19
"75286160 BOMBA",0,1,VENCEU," ",682.23,682.23
"75208310 INTERCAMBIADOR",0,1,VENCEU," ",716.39,716.39
"75285211 JUNTA",0,1,VENCEU," ",44.6,44.6
"75289566 JUNTA  (PISTÃO)",0,1,VENCEU," ",1123.46,1123.46
"76022229 Coxim",0,5,VENCEU," ",156.55,31.31
"741569	COXIM",0,5,VENCEU," ",47.45,9.49
"75320219 MANGUEIRA",0,3,VENCEU," ",93.93,31.31
"73031151 MANGUEIRA",0,2,VENCEU," ",354.88,177.44
"75221770 MANGUEIRA",0,1,VENCEU," ",189.77,189.77
"75249382 MANGUEIRA",0,1,VENCEU," ",111.97,111.97
"70921914 ABRAÇADEIRA",0,5,VENCEU," ",37.95,7.59
"75257700 RADIADOR ÓLEO",0,1,VENCEU," ",5582.18,5582.18
"75260373 MANGUEIRA",0,1,VENCEU," ",31.31,31.31
"73164370 HELICE",0,1,VENCEU," ",1378.7,1378.7
"75325055 MANGUEIRA",0,1,VENCEU," ",313.13,313.13
"70923174 CONECTOR",0,1,VENCEU," ",29.41,29.41
"71101957 FILTRO",0,10,VENCEU," ",1043.8,104.38
"75208331 Mangueira",0,1,VENCEU," ",41.37,41.37
"75208341 TERMOSTATO",0,2,VENCEU," ",198.32,99.16
"J800976 BOMBA DÁGUA",0,5,VENCEU," ",3781.25,756.25
"75286312 TENSIONADOR DA CORREIA",0,3,VENCEU," ",1702.26,567.42
"75287711 RETENTOR",0,1,VENCEU," ",46.49,46.49
"75287752 ANEL",0,2,VENCEU," ",237.22,118.61
"75289055 JUNTA",0,1,VENCEU," ",575.01,575.01
"75312820 FILTRO",0,5,VENCEU," ",3961.5,792.3
"75288512 ROLAMENTO",0,1,VENCEU," ",104.38,104.38
"75288433 SENSOR",0,1,VENCEU," ",599.68,599.68
"75289439 VALVULA",0,1,VENCEU," ",2401.58,2401.58
"75288428 VALVULA",0,1,VENCEU," ",2383.55,2383.55
"75312824 VALVULA",0,1,VENCEU," ",4136.11,4136.11
"75288881 Retentor",0,1,VENCEU," ",729.68,729.68
"75288502 Retentor",0,1,VENCEU," ",355.82,355.82
"75313862 KIT VEDAÇÃO",0,1,VENCEU," ",1352.13,1352.13
"E4NN2N792AA	PASTILHA DE FREIO",0,3,VENCEU," ",629.1,209.7
"75289531 MOLA",0,3,VENCEU," ",256.2,85.4
"75261090 HASTE DE NIVEL",0,1,VENCEU," ",628.15,628.15
"75256544 MANGUEIRA",0,1,VENCEU," ",11.39,11.39
"79084753 ABRAÇADEIRA",0,2,VENCEU," ",11.76,5.88
"75259844 SENSOR",0,2,VENCEU," ",1641.54,820.77
"73139080 INTERRUPTOR",0,2,VENCEU," ",635.74,317.87
"73113214 SENSOR",0,2,VENCEU," ",603.48,301.74
"75214658 COIFA DE PÓ",0,1,VENCEU," ",132.84,132.84
"70911061 PORCA",0,1,VENCEU," ",92.04,92.04
"70901344 CONTRAPINO",0,2,VENCEU," ",2.46,1.23
"73124678 ROLAMENTO",0,3,VENCEU," ",398.52,132.84
"73124671 RETENTOR",0,3,VENCEU," ",69.75,23.25
"73124680 PINO",0,3,VENCEU," ",375.75,125.25
"73124679 ROLAMENTO",0,2,VENCEU," ",347.28,173.64
"73124672 RETENTOR",0,2,VENCEU," ",49.34,24.67
"73125713 RETENTOR",0,2,VENCEU," ",480.12,240.06
"73125712 PARAFUSO",0,3,VENCEU," ",51.24,17.08
"70913830 PORCA",0,3,VENCEU," ",3.24,1.08
"75249866 EIXO",0,1,VENCEU," ",734.42,734.42
"75284007 BUCHA",0,2,VENCEU," ",512.38,256.19
"10902221 PARAFUSO",0,5,VENCEU," ",3.1,0.62
"75221276 TERMINAL",0,1,VENCEU," ",302.69,302.69
"75219488 TERMINAL",0,1,VENCEU," ",664.21,664.21
"75221734 HASTE",0,1,VENCEU," ",1174.51,1174.51
"11227721 PARAFUSO",0,2,VENCEU," ",11.76,5.88
"12575721 PORCA",0,5,VENCEU," ",42.85,8.57
"75221272 COIFA DE PÓ",0,2,VENCEU," ",98.12,49.06
"73135111 RETENTOR",0,2,VENCEU," ",1685.18,842.59
"70684817 ROLAMENTO",0,1,VENCEU," ",593.9,593.9
"70901348 CONTRAPINO",0,3,VENCEU," ",4.56,1.52
"70932867 ARRUELA",0,3,VENCEU," ",105.9,35.3
"70922271 PORCA",0,2,VENCEU," ",464.94,232.47
"70911051 PARAFUSO",0,8,VENCEU," ",192.8,24.1
"70910231 BUJÃO",0,8,VENCEU," ",85.04,10.63
"75220798 ARRUELA",0,3,VENCEU," ",26.13,8.71
"70915276 GRAXEIRS",0,8,VENCEU," ",116.16,14.52
"70927700 ANEL ELÁSTICO",0,3,VENCEU," ",20.79,6.93
"75221256 PINO",0,3,VENCEU," ",113.85,37.95
"75288824 CRUZETA",0,1,VENCEU," ",955.51,955.51
"70927236 PARAFUSO",0,3,VENCEU," ",24.48,8.16
"70912441 ARRUELA",0,5,VENCEU," ",1.65,0.33
"75324192 PROTEÇÃO",0,1,VENCEU," ",280.86,280.86
"75324137 SUPORTE",0,1,VENCEU," ",148.97,148.97
"75289884 RESPIRO",0,1,VENCEU," ",351.08,351.08
"75287555 RESPIRO",0,1,VENCEU," ",54.09,54.09
"75288833 RETENTOR",0,2,VENCEU," ",468.74,234.37
"75289030 Rolamento",0,1,VENCEU," ",2963.31,2963.31
"75287552 ROLAMENTO",0,1,VENCEU," ",2576.17,2576.17
"75214658 COIFA DE PÓ",0,1,VENCEU," ",132.84,132.84
"75281637 CONJUNTO VÁLVULA",0,1,VENCEU," ",6466.52,6466.52
"76028575 ACUMULADOR FREIO",0,1,VENCEU," ",967.84,967.84
"75252441 Mangueira",0,1,VENCEU," ",177.44,177.44
"75254572 PRESSOSTATO",0,2,VENCEU," ",2596.1,1298.05
"70094334 INTERRUPTOR",0,3,VENCEU," ",364.35,121.45
"75252406 CONJUNTO BLOCO FREIO",0,1,VENCEU," ",400.42,400.42
"87357574 CABO",0,1,VENCEU," ",353.93,353.93
"76021318 INTERRUPTOR",0,1,VENCEU," ",304.59,304.59
"75249889 CABO",0,1,VENCEU," ",51.24,51.24
"73125851 JUNTA ESFÉRICA",0,2,VENCEU," ",258.1,129.05
"73161180 TIRANTE",0,1,VENCEU," ",38.9,38.9
"70917646 PINO",0,1,VENCEU," ",7.55,7.55
"70918448 CONTRAPINO",0,25,VENCEU," ",1,0.04
"85827832 ALAVANCA",0,1,VENCEU," ",241.96,241.96
"5106733 COIFA DE PÓ",0,1,VENCEU," ",99.63,99.63
"5131437 PINO",0,2,VENCEU," ",129.04,64.52
"5110155 TRAVA",0,2,VENCEU," ",140.26,70.13
"75213760 RETENTOR",0,2,VENCEU," ",41.76,20.88
"75213769 BUCHA",0,1,VENCEU," ",95.84,95.84
"75213761 RETENTOR",0,2,VENCEU," ",24.68,12.34
"75213817 PINO",0,1,VENCEU," ",481.08,481.08
"75241795 MANOPLA",0,1,VENCEU," ",98.68,98.68
"75241810 MANOPLA",0,1,VENCEU," ",92.99,92.99
"75241796 MANOPLA",0,1,VENCEU," ",83.5,83.5
"75241800 MANOPLA",0,1,VENCEU," ",89.19,89.19
"75320513 TIRANTE",0,1,VENCEU," ",194.52,194.52
"86511799 KIT REPARO PARA ORBITROL",0,1,VENCEU," ",436.48,436.48
"73065112 REPARO",0,2,VENCEU," ",1034.26,517.13
"75250656 PORCA",0,16,VENCEU," ",425.12,26.57
"75250655 PARAFUSO",0,16,VENCEU," ",759.04,47.44
"70096481 VALVULA",0,1,VENCEU," ",144.23,144.23
"70680615 RETENTOR",0,3,VENCEU," ",304.59,101.53
"70653820 RETENTOR",0,3,VENCEU," ",253.35,84.45
"75257200 JUNTA",0,3,VENCEU," ",381.45,127.15
"75257147 JUNTA",0,5,VENCEU," ",128.1,25.62
"70684817 ROLAMENTO",0,1,VENCEU," ",593.04,593.04
"75256829 RETENTOR",0,3,VENCEU," ",392.82,130.94
"73161784 JUNTA",0,1,VENCEU," ",27.52,27.52
"87696852 CORRENTE TANDEM",0,4,VENCEU," ",12631.32,3157.83
"73155118 RETENTOR",0,3,VENCEU," ",219.18,73.06
"75246450 BUCHA",0,2,VENCEU," ",1334.1,667.05
"75253782 ANEL",0,2,VENCEU," ",840.7,420.35
"75252425 MANGUEIRA",0,1,VENCEU," ",178.39,178.39
"75325021 CONJ VÁLVULA",0,1,VENCEU," ",2124.51,2124.51
"73124881 VALVULA SOLENOIDE",0,1,VENCEU," ",1013.39,1013.39
"73125891 INTERRUPTOR",0,1,VENCEU," ",968.79,968.79
"75322270 RESISTOR",0,2,VENCEU," ",324.52,162.26
"19109687 TUBO",0,1,VENCEU," ",1.52,1.52
"75324055 BOMBA FREIO",0,1,VENCEU," ",3248.92,3248.92
"73163844 VÁLVULA",0,1,VENCEU," ",2130.21,2130.21
"71100634 BOMBA",0,1,VENCEU," ",2702.37,2702.37
"71100000 LUVA",0,1,VENCEU," ",169.85,169.85
"75313231 VÁLVULA",0,1,VENCEU," ",129.99,129.99
"73124881 VALVULA SOLENOIDE",0,1,VENCEU," ",1013.39,1013.39
"75253954 MANGUEIRA",0,1,VENCEU," ",196.42,196.42
"75255849 Válvula",0,1,VENCEU," ",2074.22,2074.22
"8291995 RETENTOR",0,1,VENCEU," ",44.6,44.6
"8291846 RETENTOR",0,1,VENCEU," ",40.8,40.8
"79106797 BUCHA",0,2,VENCEU," ",614.86,307.43
"75248663 ANEL",0,1,VENCEU," ",265.68,265.68
"70924686 ANEL",0,2,VENCEU," ",14.88,7.44
"73125404 BUCHA",0,1,VENCEU," ",76.86,76.86
"73125400 PINO",0,1,VENCEU," ",47.44,47.44
"75248669 ANEL",0,1,VENCEU," ",31.31,31.31
"73125481 SAPATA DE DESGASTE",0,4,VENCEU," ",364.36,91.09
"73125480 SAPATA DE DESGASTE",0,4,VENCEU," ",432.68,108.17
"73126330 PARAFUSO",0,32,VENCEU," ",334.08,10.44
"87616831 CHAPA ENCOSTO",0,4,VENCEU," ",174.6,43.65
"87616832 CHAPA ENCOSTO",0,4,VENCEU," ",174.6,43.65
"75248931 SAPATA DO CIRCULO",0,3,VENCEU," ",3632.25,1210.75
"70929704 PARAFUSO",0,5,VENCEU," ",123.35,24.67
"73125482 SAPATA DE DESGASTE",0,4,VENCEU," ",751.52,187.88
"73125483 Calço",0,19,VENCEU," ",360.62,18.98
"75326511 ESFERA",0,1,VENCEU," ",573.12,573.12
"70900822 ARRUELA",0,1,VENCEU," ",32.26,32.26
"70921374 PORCA",0,1,VENCEU," ",476.33,476.33
"73130017 BUCHA",0,1,VENCEU," ",527.57,527.57
"15835231 PARAFUSO",0,5,VENCEU," ",75.9,15.18
"10517271 Arruela",0,5,VENCEU," ",5.2,1.04
"70925457 ANEL",0,1,VENCEU," ",27.99,27.99
"70634037 RETENTOR",0,1,VENCEU," ",159.41,159.41
"8282867 DENTE",0,8,VENCEU," ",2216.56,277.07
"8282869 PINO",0,8,VENCEU," ",89.6,11.2
"70062160 DENTE",0,8,VENCEU," ",926.08,115.76
"75267178 HASTE RIPPER",0,5,VENCEU," ",1570.35,314.07
"75216516 PINO",0,5,VENCEU," ",2400.65,480.13
"75216513 PINO",0,3,VENCEU," ",592.08,197.36
"75216509 PINO",0,3,VENCEU," ",699.69,233.23
"75266800 FACA LATERAL",0,3,VENCEU," ",1397.4,465.8
"456266	LAMINA",0,8,VENCEU," ",4103.68,512.96
"8321373N PARAFUSO",0,32,VENCEU," ",61.44,1.92
"8321374N PORCA",0,32,VENCEU," ",22.08,0.69
"75266819 BARRA",0,1,VENCEU," ",2114.45,2114.45
"75266792 BARRA",0,1,VENCEU," ",1624.46,1624.46
"70921174 PARAFUSO",0,8,VENCEU," ",95.68,11.96
"75248811 CHAPA",0,3,VENCEU," ",353.55,117.85
"75248809 CALÇO",0,8,VENCEU," ",40.24,5.03
"75248810 PLACA",0,4,VENCEU," ",193.2,48.3
"75243732 SUPORTE",0,3,VENCEU," ",1152.87,384.29
"75321980 PLACA",0,1,VENCEU," ",163.49,163.49
"75322635 PLACA",0,2,VENCEU," ",440.84,220.42
"75322606 PARAFUSO",0,2,VENCEU," ",1534.88,767.44
"70060670 PORCA",0,2,VENCEU," ",423.2,211.6
"75248807 PLACA",0,3,VENCEU," ",512.4,170.8
"15997331 PARAFUSO",0,2,VENCEU," ",72.68,36.34
"70915978 ARRUELA",0,8,VENCEU," ",34.16,4.27
"75252844 PINO",0,2,VENCEU," ",432.5,216.25
"8288832 RETENTOR",0,3,VENCEU," ",150.03,50.01
"70082174 PARAFUSO",0,1,VENCEU," ",250.22,250.22
"70911061 PORCA",0,3,VENCEU," ",276.69,92.23
"70933227 PARAFUSO",0,1,VENCEU," ",63.95,63.95
"70917793 PORCA",0,1,VENCEU," ",35.77,35.77
"73125853 FILTRO",0,8,VENCEU," ",875.2,109.4
"79107317 FILTRO",0,5,VENCEU," ",424.6,84.92
"79104494 TAMPA",0,1,VENCEU," ",338.08,338.08
"70925257 ANEL",0,8,VENCEU," ",43.28,5.41
"217408	ANEL",0,8,VENCEU," ",39.44,4.93
"75289609 VÁLVULA",0,1,VENCEU," ",838.04,838.04
"75289611 VÁLVULA",0,1,VENCEU," ",792.97,792.97
"75220700 REPARO",0,2,VENCEU," ",911.68,455.84
"75220797 REPARO",0,2,VENCEU," ",963.86,481.93
"75288870 REPARO",0,2,VENCEU," ",1158.38,579.19
"75288869 REPARO",0,2,VENCEU," ",1045.84,522.92
"75288868 REPARO",0,2,VENCEU," ",764.22,382.11
"75209587 REPARO",0,2,VENCEU," ",705.2,352.6
"75288901 REPARO",0,2,VENCEU," ",426.8,213.4
"73159181 REPARO",0,2,VENCEU," ",1524.26,762.13
"75206859 Correia",0,2,VENCEU," ",195.08,97.54
"75241505BHS ALTERNADOR",0,1,VENCEU," ",1982.66,1982.66
"75251070 INTERRUPTOR",0,1,VENCEU," ",246.61,246.61
"73125891 INTERRUPTOR",0,1,VENCEU," ",969.08,969.08
"75251052 INTERRUPTOR",0,2,VENCEU," ",295.1,147.55
"75251075 INTERRUPTOR",0,2,VENCEU," ",358.1,179.05
"79073031 Interruptor",0,2,VENCEU," ",636.68,318.34
"75251062 INTERRUPTOR",0,2,VENCEU," ",326.52,163.26
"75251067 INTERRUPTOR",0,2,VENCEU," ",466.84,233.42
"75251081 INTERRUPTOR",0,2,VENCEU," ",411.8,205.9
"75325352 INTERRUPTOR",0,2,VENCEU," ",420.72,210.36
"75325205 CHAVE DE PARTIDA",0,2,VENCEU," ",44.36,22.18
"87523135 PAINEL ELÉTRICO",0,1,VENCEU," ",2539.36,2539.36
"79090991 PLUG TOMADA",0,1,VENCEU," ",116.81,116.81
"75252215 SENSOR DE VELOCIDADE",0,1,VENCEU," ",624.35,624.35
"75325965 LANTERNA FREIO",0,1,VENCEU," ",501.95,501.95
"75325967 LANTERNA DIREÇÃO",0,1,VENCEU," ",343.49,343.49
"75249995 FAROL",0,1,VENCEU," ",737.27,737.27
"75249994 FAROL",0,1,VENCEU," ",737.21,737.21
"75284071 BRAÇADEIRA DE PLÁSTICO",0,3,VENCEU," ",17.64,5.88
"73163234 ALAVANCA SETA",0,1,VENCEU," ",404.22,404.22
"75249884 CHICOTE ELÉTRICO",0,1,VENCEU," ",1250.61,1250.61
"75322270 CABO ELÉTRICO",0,1,VENCEU," ",162.26,162.26
"75253303 CONVERSOR TENSÃO",0,1,VENCEU," ",920.4,920.4
"73131968 ALARME DA RÉ",0,1,VENCEU," ",488.67,488.67
"73131968 RELÊ",0,2,VENCEU," ",977.34,488.67
"75236111 SENSOR",0,2,VENCEU," ",195.46,97.73
"75236112 SENSOR",0,2,VENCEU," ",576.92,288.46
"75322672 SENSOR",0,2,VENCEU," ",1742.12,871.06
"73113213 SENSOR",0,2,VENCEU," ",77.8,38.9
"73117176 CHAVE MAGNETICA",0,2,VENCEU," ",1353.08,676.54
"79102142 INTERRUPTOR",0,2,VENCEU," ",478.22,239.11
"11055890 FUZIVEIS",0,2,VENCEU," ",111.96,55.98
"75247405 FAROL",0,2,VENCEU," ",544.64,272.32
"79114714 BUZINA",0,1,VENCEU," ",237.22,237.22
"75254727 TUBO FLEXIVEL",0,1,VENCEU," ",37.95,37.95
"75201642 ABRAÇADEIRA",0,2,VENCEU," ",1.7,0.85
"75310283 FECHADURA",0,1,VENCEU," ",47.44,47.44
"75313710 FECHADURA",0,1,VENCEU," ",210.65,210.65
"75313711 JUNTA DE BORRACHA",0,1,VENCEU," ",74.96,74.96
"75254363 VIDRO",0,1,VENCEU," ",2006.85,2006.85
"75289951 VIDRO",0,1,VENCEU," ",1618.77,1618.77
"75310347 BORRACHA",0,1,VENCEU," ",248.6,248.6
"75311323 VIDRO",0,1,VENCEU," ",1278.12,1278.12
"75311321 VIDRO",0,1,VENCEU," ",702.16,702.16
"75311329 VIDRO",0,1,VENCEU," ",748.66,748.66
"75310283 FECHADURA",0,1,VENCEU," ",47.44,47.44
"75311330 RETENTOR",0,1,VENCEU," ",323.56,323.56
"75311300 VIDRO",0,1,VENCEU," ",1737.37,1737.37
"75311301 VIDRO",0,1,VENCEU," ",1330.31,1330.31
"75311298 GUARNIÇÃO DE BORRACHA",0,1,VENCEU," ",351.08,351.08
"75311299 GUARNIÇÃO DE BORRACHA",0,1,VENCEU," ",400.42,400.42
"75310304 ESPELHO",0,1,VENCEU," ",286.56,286.56
"79099583 ESPELHO",0,1,VENCEU," ",177.44,177.44
"75311303 FECHADURA",0,1,VENCEU," ",733.92,733.92
"75313361 FECHADURA",0,1,VENCEU," ",522.83,522.83
"75313362 FECHADURA",0,1,VENCEU," ",489.62,489.62
"75313346 BRAÇO DO LIMPADOR",0,1,VENCEU," ",128.1,128.1
"75313348 Palheta",0,1,VENCEU," ",217.29,217.29
"75286906 Reservatório",0,1,VENCEU," ",904.27,904.27
"11055190 FUZIVEIS",0,3,VENCEU," ",6.84,2.28
"75266980 ADESIVO",0,1,VENCEU," ",79.7,79.7
"NH330H ÓLEO MOTOR",0,5,VENCEU," ",1067.45,213.49
"NHAGRIFLU ADITIVO RADIADOR",0,13,VENCEU," ",493.35,37.95
"NH68 ÓLEO HIDRÁULICO",0,5,VENCEU," ",1243,248.6
"NHMASTERTRAN ÓLEO TRANSMISSÃO",0,5,VENCEU," ",2187.15,437.43
"NH20W40 ÓLEO TANDEM / GIRO",0,2,VENCEU," ",880.54,440.27
"NH80W90 ÓLEO EIXO TRASEIRO",0,5,VENCEU," ",2324.7,464.94
"MAO DE OBRA MECANICA",0,200,VENCEU," ",16130,80.65
"87803260 FILTRO LUBRIFICANTE MOTOR",0,24,PERDEU," ",2165.28,90.22
"87803197 FILTRO COMBUSTÍVEL PRINCIPAL",0,24,PERDEU," ",2799.6,116.65
"87803444 FILTRO COMBUSTÍVEL SEP. ÁGUA",0,24,PERDEU," ",3477.6,144.9
"87400496 FILTRO COMBUSTÍVEL LINHA",0,14,PERDEU," ",701.68,50.12
"R57888	FILTRO DE AÇO",0,9,PERDEU," ",147.6,16.4
"2992447 FILTRO RESPIRO DO MOTOR",0,9,PERDEU," ",2878.83,319.87
"87682990 FILTRO AR PRIMÁRIO",0,14,PERDEU," ",3164.14,226.01
"87683000 FILTRO AR SECUNDÁRIO",0,14,PERDEU," ",1786.12,127.58
"2853784 JUNTA",0,2,PERDEU," ",277.04,138.52
"4899239 ANEL",0,9,PERDEU," ",277.2,30.8
"87452843 CORREIA DO VENTILADOR",0,10,PERDEU," ",1148.3,114.83
"47131182 FILTRO HIDRÁULICO",0,10,PERDEU," ",4693.3,469.33
"254353A1 FILTRO HIDRÁULICO",0,10,PERDEU," ",4811.8,481.18
"87346332 ELEMENTO DO FILTRO",0,10,PERDEU," ",4018.9,401.89
"426784A1 FILTRO TELA",0,5,PERDEU," ",5354,1070.8
"379461A1 CORREIA AR CONDICIONADO",0,5,PERDEU," ",756.4,151.28
"87615067 FILTRO AR CONDICIONADO",0,5,PERDEU," ",2255.5,451.1
"87390465 TUBO FLEXIVEL",0,1,PERDEU," ",169.51,169.51
"440729A1 TAMPA",0,5,PERDEU," ",277.95,55.59
"87543756 MANGUEIRA",0,2,PERDEU," ",709,354.5
"87722095 SILENCIOSO",0,2,PERDEU," ",6049.34,3024.67
"L115504 TAMPA",0,9,PERDEU," ",344.52,38.28
"75264114 TAMPA RADIADOR",0,14,PERDEU," ",2181.76,155.84
"A77736	TERMOSTATO",0,5,PERDEU," ",706.25,141.25
"87324776 HASTE DO NÍVEL",0,1,PERDEU," ",223.27,223.27
"2853443 BOMBA DÁGUA",0,1,PERDEU," ",354.5,354.5
"2852471 TERMOSTATO",0,1,PERDEU," ",122.12,122.12
"87340284 TUBO FLEXIVEL",0,1,PERDEU," ",275.22,275.22
"R57981	TAMPA",0,1,PERDEU," ",237.85,237.85
"87583890 TRANSMISSOR",0,2,PERDEU," ",756.4,378.2
"4890189 SENSOR",0,1,PERDEU," ",181.35,181.35
"4890193 SENSOR",0,1,PERDEU," ",421.94,421.94
"4897224 SENSOR",0,5,PERDEU," ",437.45,87.49
"2852821 SENSOR",0,1,PERDEU," ",1512.79,1512.79
"116756A1 BOTÃO",0,1,PERDEU," ",210.52,210.52
"87410087 INTERRUPTOR",0,1,PERDEU," ",131.23,131.23
"87555142 FAROL",0,3,PERDEU," ",587.79,195.93
"251444A1 BUZINA",0,1,PERDEU," ",522.19,522.19
"87397402 LIMPADOR PARA-BRISA",0,1,PERDEU," ",747.28,747.28
"87397403 BRAÇO",0,1,PERDEU," ",133.96,133.96
"87397404 PALHETA",0,1,PERDEU," ",167.68,167.68
"87582766 ROLETE",0,2,PERDEU," ",2859.72,1429.86
"R25706	RETENTOR",0,5,PERDEU," ",82,16.4
"R25663	BUCHA",0,3,PERDEU," ",82.02,27.34
"A32413	ANEL",0,3,PERDEU," ",32.82,10.94
"D30374	ANEL",0,2,PERDEU," ",74.72,37.36
"87582782 BUCHA",0,2,PERDEU," ",730.88,365.44
"87582778 RETENTOR",0,2,PERDEU," ",349.94,174.97
"87421147 ANEL",0,2,PERDEU," ",23.7,11.85
"87582781 EIXO",0,1,PERDEU," ",843.88,843.88
"87352928 Interruptor",0,1,PERDEU," ",639.75,639.75
"9993141 ANEL",0,14,PERDEU," ",100.8,7.2
"238-5442 ANEL",0,3,PERDEU," ",273.39,91.13
"87567944 MANGUEIRA",0,2,PERDEU," ",278.86,139.43
"87516634 VÁLVULA",0,1,PERDEU," ",1103.61,1103.61
"76066272 REPARO",0,1,PERDEU," ",361.79,361.79
"76066282 REPARO",0,1,PERDEU," ",378.2,378.2
"76066270 REPARO",0,1,PERDEU," ",398.25,398.25
"76066269 REPARO",0,1,PERDEU," ",590.54,590.54
"76066271 REPARO",0,1,PERDEU," ",444.72,444.72
"76066272 REPARO",0,1,PERDEU," ",361.79,361.79
"76073156 REPARO",0,1,PERDEU," ",604.21,604.21
"76073157 REPARO",0,1,PERDEU," ",460.22,460.22
"D95144	ANEL",0,5,PERDEU," ",173.15,34.63
"G101533 ANEL",0,3,PERDEU," ",185.91,61.97
"1542876C1 REPARO",0,3,PERDEU," ",98.43,32.81
"87016952 ANEL",0,3,PERDEU," ",43.74,14.58
"G109299 ANEL",0,3,PERDEU," ",43.74,14.58
"G102285 ANEL",0,3,PERDEU," ",71.07,23.69
"G100440 ANEL",0,3,PERDEU," ",43.74,14.58
"G100448 ANEL",0,2,PERDEU," ",69.26,34.63
"79101015 LÂMINA",0,5,PERDEU," ",7791.8,1558.36
"76072410 LÂMINA",0,5,PERDEU," ",2948.1,589.62
"76072411 LÂMINA",0,5,PERDEU," ",2948.1,589.62
"8282270N PARAFUSO",0,94,PERDEU," ",510.42,5.43
"12164321N PORCA",0,94,PERDEU," ",102.46,1.09
"442686A1 DENTE",0,38,PERDEU," ",8969.14,236.03
"L32090	CHAVETA",0,38,PERDEU," ",1869.98,49.21
"87371774 JANELA DE VIDRO",0,1,PERDEU," ",1887.35,1887.35
"87371775 JANELA DE VIDRO",0,1,PERDEU," ",2390.4,2390.4
"87372039 JANELA DE VIDRO",0,1,PERDEU," ",1485.45,1485.45
"87372048 JANELA DE VIDRO",0,1,PERDEU," ",1940.2,1940.2
"87372047 JANELA DE VIDRO",0,1,PERDEU," ",1793.48,1793.48
"87372049 JANELA DE VIDRO",0,1,PERDEU," ",2315.67,2315.67
"87372050 JANELA DE VIDRO",0,1,PERDEU," ",941.39,941.39
"87372051 JANELA DE VIDRO",0,1,PERDEU," ",976.94,976.94
"87397399 TRINCO",0,1,PERDEU," ",140.34,140.34
"9825770 ANEL",0,14,PERDEU," ",31.78,2.27
"F22316	RESISTOR",0,2,PERDEU," ",250.98,125.49
"181859	PARAFUSO",0,94,PERDEU," ",316.78,3.37
"76040850 PORCA",0,94,PERDEU," ",132.54,1.41
"76043711 RETENTOR",0,4,PERDEU," ",1162.84,290.71
"87637725 Mangueira",0,2,PERDEU," ",479.36,239.68
"87533710 Mangueira",0,2,PERDEU," ",145.82,72.91
"87667677 Mangueira",0,2,PERDEU," ",335.36,167.68
"87667676 Mangueira",0,2,PERDEU," ",431.96,215.98
"87564922 Mangueira",0,2,PERDEU," ",262.46,131.23
"87564911 Mangueira",0,1,PERDEU," ",1068.07,1068.07
"87673125 Mangueira",0,2,PERDEU," ",490.3,245.15
"87673123 Mangueira",0,2,PERDEU," ",823.84,411.92
"87390465 Mangueira",0,2,PERDEU," ",339.02,169.51
"NH610A BRAKE LHM",0,47,PERDEU," ",2612.73,55.59
"NH330	MASTER GOLD HSP",0,24,PERDEU," ",4877.28,203.22
MASTERTRAN,0,24,PERDEU," ",7261.44,302.56
"MAO DE OBRA MECANICA",0,400,PERDEU," ",30984,77.46
"84403847 ELEMENTO P/FILTRO COMB. ACO",0,48,PERDEU," ",2516.64,52.43
"84278184 CORREIA DE BORRACHA DO MOTOR V",0,48,PERDEU," ",6459.84,134.58
"87304910 CORREIA BORRACHA AR CONDICI",0,16,PERDEU," ",3509.44,219.34
"87314367 FILTRO DE AR P/VENT DA CABI",0,16,PERDEU," ",7424.32,464.02
"84217229 ELEMENTO FILTRO DE AR",0,48,PERDEU," ",6501.6,135.45
"87682999 ELEMENTO DO FILTRO DE AR",0,48,PERDEU," ",12080.16,251.67
"84226272 FILTRO. OLEO HIDRAUL",0,32,PERDEU," ",15212.16,475.38
"87803444 FILTRO DE COMBUSTIVEL DO MO",0,48,PERDEU," ",6207.84,129.33
"84171692 FILTRO DE COMBUSTIVEL",0,48,PERDEU," ",4823.52,100.49
"87803260 FILTRO OLEO LUBRIFICANTE AC",0,48,PERDEU," ",6878.88,143.31
"86982180 FILTRO DA TRANSMISSAO",0,48,PERDEU," ",12667.68,263.91
"278534A1 FILTRO TELA P/OLEO DA TRANS",0,16,PERDEU," ",3076,192.25
"85825392 TAMPA RESERVATORIO",0,10,PERDEU," ",2735.2,273.52
"87701313 SENSOR ELETRICO",0,10,PERDEU," ",2455.6,245.56
"84184348 INTERRUPTOR ELETRICO PLASTI",0,16,PERDEU," ",1593.92,99.62
"86985587 CJ. INDICADOR NIVEL COMBUST",0,10,PERDEU," ",7104.5,710.45
"87521741 PAINEL DE INTRUM. DE PLASTI",0,10,PERDEU," ",4788.8,478.88
"87410602 FUSIVEL 300A",0,48,PERDEU," ",2474.88,51.56
"87403241 CJ TAMPA PLASTICA RESERV.OL",0,10,PERDEU," ",4946.1,494.61
"87714038 CONJUNTO CILINDRO DE FREIO ACO",0,6,PERDEU," ",12468.36,2078.06
"87314747 INTERRUPTOR ELETRICO PLASTI",0,16,PERDEU," ",1635.84,102.24
"87447132 INTERRUPTOR ELETRICO PLASTI",0,16,PERDEU," ",2698.56,168.66
"87448432 INTERRUPTOR ELETRICO PLASTI",0,16,PERDEU," ",3928.96,245.56
"87693742 FUSIVEL",0,32,PERDEU," ",151.04,4.72
"86503942 FUSIVEL ELETRICO 3AMP",0,32,PERDEU," ",156.48,4.89
"11054890 FUSIVEL MARRON 7.5A",0,32,PERDEU," ",69.76,2.18
"9811773 FUSIVEL 10A",0,16,PERDEU," ",36.32,2.27
"84090658 FUSIVEL PARA SISTEMA ELETRI",0,16,PERDEU," ",125.76,7.86
"85803986 INTERRUPTOR DE INTERMITENCI",0,16,PERDEU," ",2376.96,148.56
"85806134 FUSIVEL ELETRICO 6A",0,16,PERDEU," ",2335.04,145.94
"84989693 CHAVE ACO P/FECHADURA",0,6,PERDEU," ",241.2,40.2
"76089595 RELE ELETRICO 12V",0,16,PERDEU," ",1132.48,70.78
"87323534 PALHETA LIMPADOR PARABRISA",0,16,PERDEU," ",1062.56,66.41
"87628768 ESCOVA DE LIMPA-VIDR",0,10,PERDEU," ",5295.6,529.56
"84271749 MOTOR LIMPA PARBRISA",0,6,PERDEU," ",6470.1,1078.35
"108433A1 PALHETA LIMP. PARABRISA",0,10,PERDEU," ",1101.1,110.11
"87499680 ALARME DE RE",0,10,PERDEU," ",6702.6,670.26
"47132002 UNIDADE CONTROLE ELETRONICA",0,6,PERDEU," ",2752.68,458.78
"86619908 CONECTADOR",0,6,PERDEU," ",2852.28,475.38
"47132449 CHAVE FIM DE CURSO ELETRICA",0,16,PERDEU," ",2796.32,174.77
"87631670 SENSOR ELETRICO DO FILTRO A",0,16,PERDEU," ",2055.36,128.46
"NH15W40 AMBRA PREMIUM 15W40",0,80,PERDEU," ",18036.8,225.46
"NHAGRIFLU AGRIFLU",0,160,PERDEU," ",6432,40.2
"NH68 AMBRA HI-TECH 68",0,128,PERDEU," ",33556.48,262.16
"NHMULTIG AMBRA MULTI G 10W30",0,160,PERDEU," ",55648,347.8
"NHAF20W30 AMBRA MULTI F 20W30",0,128,PERDEU," ",43735.04,341.68
"NHMRM 2 GREASE BM 2 MOLIBIDENIO",0,10,PERDEU," ",7270.6,727.06
"MAO DE OBRA MECANICA",0,1500,PERDEU," ",111420,74.28
"117846A1 COXIM BORRACHA MOTOR CUMMIN",0,3,DESCLASSIFICADO," ",441,147
"87354090 SUPORTE DIREITO MOTOR",0,2,DESCLASSIFICADO," ",562,281
"87354010 SUPORTE DO MOTOR LE",0,2,DESCLASSIFICADO," ",562,281
"75287931 CAMISA P/CILINDRO MOTOR",0,1,DESCLASSIFICADO," ",147,147
"J283569 JUNTA STD CABECOTE MOTOR",0,2,DESCLASSIFICADO," ",562,281
"75288023 VALVULA ADMISSAO P/MOTOR",0,2,DESCLASSIFICADO," ",294,147
"J920868 VALVULA DE ESCAPE P/MOTOR",0,2,DESCLASSIFICADO," ",176,88
"75288033 SEDE VALVULA ESCAPE",0,2,DESCLASSIFICADO," ",136,68
"76191867 VALVULA DE ADMISSAO",0,2,DESCLASSIFICADO," ",232,116
"CASJ900250 TRAVA DE ACO",0,2,DESCLASSIFICADO," ",16.6,8.3
"J930906 JUNTA TAMPA VALVULAS",0,5,DESCLASSIFICADO," ",125,25
"75287968 TAMPA DE ACO DA VALVULA D",0,2,DESCLASSIFICADO," ",120,60
"71100640 RETENTOR DE BORRACHA",0,5,DESCLASSIFICADO," ",40,8
"J283767 JUNTA DE BORRACHA",0,2,DESCLASSIFICADO," ",192,96
"J938153 JUNTA ADMISSAO FIBRA SINT.",0,2,DESCLASSIFICADO," ",27,13.5
"J938653 JUNTA MOTOR",0,2,DESCLASSIFICADO," ",516,258
"J357056 VARETA NIVEL MOTOR",0,1,DESCLASSIFICADO," ",87,87
"71102310 TUBO DE ACO DA VARETA OLEO",0,1,DESCLASSIFICADO," ",56,56
"J900955 BUJAO DE ACO DE EXPANSAO",0,1,DESCLASSIFICADO," ",8,8
"A77424	TAMPA BOCAL ENCHIME.MOTOR",0,2,DESCLASSIFICADO," ",206,103
"75287869 ANEL DE BORRACHA",0,3,DESCLASSIFICADO," ",36,12
"J938162 JUNTA DE CORTICA P/CARTER",0,2,DESCLASSIFICADO," ",248,124
"71101699 TUBO DE ACO P/CART.MOTOR",0,1,DESCLASSIFICADO," ",2888,2888
"J900709 KIT VEDACAO MOTOR",0,2,DESCLASSIFICADO," ",222,111
"75208163 ANEL DE BORRACHA",0,3,DESCLASSIFICADO," ",16.8,5.6
"75286100 ANEL DE BORRACHA",0,3,DESCLASSIFICADO," ",18.3,6.1
"75285215 RETENTOR DE BORRACHA",0,1,DESCLASSIFICADO," ",609,609
"75208192 USE J912473",0,3,DESCLASSIFICADO," ",60,20
"J903475 ANEL VEDACAO",0,3,DESCLASSIFICADO," ",78,26
"A77405	JG.CASQUILHO STD.P/MOTOR",0,1,DESCLASSIFICADO," ",281,281
"A77472	JG.BRONZINA 0.25MM MOTOR-CA",0,1,DESCLASSIFICADO," ",605,605
"75288308 BRONZINA ENCOSTO 0.5OMM",0,1,DESCLASSIFICADO," ",1526,1526
"J901774 CREMALHEIRA VOLANTE MOTOR",0,1,DESCLASSIFICADO," ",1084,1084
"71101708 JOGO DE ANEIS SEGMENTO",0,1,DESCLASSIFICADO," ",844,844
"71101707 PISTAO P/MOTOR",0,1,DESCLASSIFICADO," ",820,820
"J939371 BUCHA DE ACO PISAO E BIELA",0,2,DESCLASSIFICADO," ",382,191
"79104494 CONJ.TAMPA COMBUSTIVEL C/VA",0,1,DESCLASSIFICADO," ",532,532
"85803063 BOIA DO TANQUE COMBUSTIVEL",0,1,DESCLASSIFICADO," ",399,399
"75201058 TAMPAO MAGNETICO",0,1,DESCLASSIFICADO," ",189,189
"75247363 DEGRAU DO RESERVATORIO",0,1,DESCLASSIFICADO," ",284,284
"85826303 CABO ACELERADOR",0,2,DESCLASSIFICADO," ",562,281
"82002692 MANOPLA DE PLASTICO DO COMA",0,1,DESCLASSIFICADO," ",111,111
"75263292 MANGOTE BORRACHA FILTR.AR",0,1,DESCLASSIFICADO," ",509,509
"79102142 INTERRUPTOR ELETRICO 24V C/",0,1,DESCLASSIFICADO," ",281,281
"75263157 CJ.FILTRO DE AR",0,1,DESCLASSIFICADO," ",1885,1885
"71102625 FILTRO AR SECUNDARIO P/MOTO",0,10,DESCLASSIFICADO," ",1270,127
"71102626 FILTRO DE AR PRIMARIO",0,10,DESCLASSIFICADO," ",1940,194
"75264652 VALVULA VACUO FILTRO AR",0,1,DESCLASSIFICADO," ",101,101
"J925882 TUBO COBRE P/COMBUS.MOTOR",0,1,DESCLASSIFICADO," ",260,260
"J903525 TUBO COBRE P/COMBUS.MOTOR",0,1,DESCLASSIFICADO," ",207,207
"J903524 TUBO COBRE P/COMBUS.MOTOR",0,1,DESCLASSIFICADO," ",148,148
"J922064 TUBO DE ACO DO SIST.COMBUST",0,1,DESCLASSIFICADO," ",243,243
"J903522 TUBO COBRE P/COMBUS.MOTOR",0,1,DESCLASSIFICADO," ",87,87
"J903523 TUBO COBRE P/COMBUSTIVEL MO",0,1,DESCLASSIFICADO," ",192,192
"L116820 BRACADEIRA",0,1,DESCLASSIFICADO," ",76,76
"87617588 CJ.FILTRO AR COM PRE-FILTRO",0,1,DESCLASSIFICADO," ",1311,1311
"84142216 BOMBA DE COMBUSTIVEL",0,2,DESCLASSIFICADO," ",972,486
"75285747 JUNTA DE PAPEL TRATADO",0,2,DESCLASSIFICADO," ",22,11
"83981012 VALVULA SOLENOIDE DA BOMBA",0,1,DESCLASSIFICADO," ",357,357
"84993233 ELEMENTO FILTRO SEDIMENTA",0,8,DESCLASSIFICADO," ",712,89
"86990957 ELEMENTO FILTRO DE COMBUSTI",0,10,DESCLASSIFICADO," ",1130,113
"71101610 CJ.BICO INJETOR MOT.TURBO",0,1,DESCLASSIFICADO," ",1283,1283
"87439340 MANGOTE DE BORRACHA",0,1,DESCLASSIFICADO," ",77,77
"J033033 BRACADEIRA DE ACO",0,2,DESCLASSIFICADO," ",22,11
"J927154 JUNTA P/COLETOR DESCARGA",0,2,DESCLASSIFICADO," ",17.8,8.9
"87348962G SILENCIOSO",0,1,DESCLASSIFICADO," ",345,345
"275967A2BC SILENCIOSO",0,2,DESCLASSIFICADO," ",168,84
"J912220 JUNTA DO MOTOR SILENCIOSO",0,1,DESCLASSIFICADO," ",25,25
"A170467 BRACADEIRA DE ACO",0,2,DESCLASSIFICADO," ",234,117
"J937027 CJ. BOMBA OLEO MOTOR",0,1,DESCLASSIFICADO," ",995,995
"71101726 FILTRO BLINDADO P/OLEO LUBR",0,10,DESCLASSIFICADO," ",490,49
"75287942SH JUNTA DO TROCADOR DE3 CALOR",0,1,DESCLASSIFICADO," ",30,30
"75287945SH JUNTA DO CABECOTE DO FILTRO",0,1,DESCLASSIFICADO," ",32,32
"75264114 TAMPA RADIADOR AGUA",0,1,DESCLASSIFICADO," ",179,179
"87341181 MANGOTE BORRACHA",0,1,DESCLASSIFICADO," ",115,115
"87407272 MANGOTE DE BORRACHA P/RADIA",0,1,DESCLASSIFICADO," ",318,318
"75262868 MANGUEIRA DE BORRACHA",0,1,DESCLASSIFICADO," ",281,281
"75262869 MANGUEIRA DE BORRACHA P/ RA",0,1,DESCLASSIFICADO," ",623,623
"131084A2 CJ.RESERVATORIO/PLASTIC.AGU",0,1,DESCLASSIFICADO," ",192,192
"12179190 BRACADEIRA DE ACO",0,3,DESCLASSIFICADO," ",60,20
"75264466 VENTILADOR DE PLASTICO",0,1,DESCLASSIFICADO," ",950,950
"J286278 BOMBA DE AGUA - ACO",0,1,DESCLASSIFICADO," ",834,834
"75287880 USE J906698",0,1,DESCLASSIFICADO," ",11,11
"J910739 ROLAMENTO ESFERA DE ACO - NTN",0,1,DESCLASSIFICADO," ",917,917
"75288061 ANEL ELASTICO DE ACO",0,1,DESCLASSIFICADO," ",8.5,8.5
"87373116 CORREIA BORRACHA MOTOR",0,2,DESCLASSIFICADO," ",740,370
"75286363 TENSIONADOR DA CORREIA",0,1,DESCLASSIFICADO," ",794,794
"9968312 RETENTOR DE BORRACHA DA TRA",0,1,DESCLASSIFICADO," ",113,113
"9968313 ANEL DE BORRACHA",0,1,DESCLASSIFICADO," ",223,223
"9968311 BOMBA DE OLEO DA TRANSMISAO",0,1,DESCLASSIFICADO," ",3925,3925
"85817004 FILTRO DE OLEO TRANSMISS",0,10,DESCLASSIFICADO," ",2800,280
"9968296 ANEL DE BORRACHA DA TRANSMI",0,1,DESCLASSIFICADO," ",47,47
"9968297 ANEL DE BORRACHA DA TRANSMI",0,1,DESCLASSIFICADO," ",278,278
"85827798 BOBINA SOLENOIDE",0,1,DESCLASSIFICADO," ",495,495
"85827800 KIT MISC. VALVELA HIDRAUL",0,1,DESCLASSIFICADO," ",326,326
"85813300 FREIO DA TRANSMISSAO DO CAM",0,1,DESCLASSIFICADO," ",1777,1777
"9968290 DISCO SINTERIZADO DE ACO P/",0,2,DESCLASSIFICADO," ",190,95
"9968289 DISCO DE PRESSAO P/EMBREAGE",0,2,DESCLASSIFICADO," ",132,66
"9968304 ROLAMENTO DE AGULHA",0,1,DESCLASSIFICADO," ",124,124
"9968228 ROLAMENTO DE ROLETES",0,1,DESCLASSIFICADO," ",114,114
"9968226 ANEL DE BORRACHA",0,1,DESCLASSIFICADO," ",57,57
"9968295 ANEL DE ACO P/TRANSMISSAO",0,1,DESCLASSIFICADO," ",166,166
"9968279 ARRUELA DE ACO DO EIXO DA T",0,1,DESCLASSIFICADO," ",112,112
"9968292 LIMITADOR ACO PARA MOLA DA",0,1,DESCLASSIFICADO," ",42,42
"9968293 MOLA DE ACO DA TRANSMISSA",0,1,DESCLASSIFICADO," ",88,88
"9968250 ROLAMENTO DE AGULHAS DE ACO",0,1,DESCLASSIFICADO," ",158,158
"9968270 ROLAMENTO DE ESFERAS DE ACO",0,1,DESCLASSIFICADO," ",756,756
"9968309 ANEL DE BORRACHA",0,5,DESCLASSIFICADO," ",200,40
"9968229 JUNTA",0,1,DESCLASSIFICADO," ",252,252
"9968232 ANEL DE BORRACHA",0,1,DESCLASSIFICADO," ",27,27
"9968300 FLANGE DE ACO P/TRANSMISSAO",0,1,DESCLASSIFICADO," ",1710,1710
"9968309 ANEL DE BORRACHA",0,1,DESCLASSIFICADO," ",40,40
"9968357 RETENTOR DE OLEO DE BORRACH",0,1,DESCLASSIFICADO," ",128,128
"75246888 MANGUEIRA BORRACHA",0,1,DESCLASSIFICADO," ",556,556
"85802776MG MANGUEIRA",0,1,DESCLASSIFICADO," ",250,250
"87408557 CJ.VARETA DO NIVEL DE OLEO",0,1,DESCLASSIFICADO," ",319,319
"85802947 CJ.MANOPLA COMANDO DA TRAN",0,1,DESCLASSIFICADO," ",414,414
"3523682M1 FLANGE DE ACO",0,1,DESCLASSIFICADO," ",325,325
"87538515 RETENTOR",0,2,DESCLASSIFICADO," ",142,71
"85801575 PARAFUSO DE ACO DA CRUZETA",0,2,DESCLASSIFICADO," ",30,15
"9967990 ARRUELA DE ACO DO EIXO DIAN",0,1,DESCLASSIFICADO," ",41,41
"9967992G BUCHA RETIFICADO",0,1,DESCLASSIFICADO," ",165,165
"9967993SK BUCHA RETIFICADA",0,1,DESCLASSIFICADO," ",149,149
"9967994 ARRUELA DE ACO DO EIXO DIAN",0,1,DESCLASSIFICADO," ",156,156
"9968006 ANEL DE ENCOSTO",0,1,DESCLASSIFICADO," ",168,168
"9968008 ANEL O RING BORRACHA",0,1,DESCLASSIFICADO," ",36,36
"9968007 LUVA DO SUPORTE EIXO DIANTE",0,1,DESCLASSIFICADO," ",624,624
"9967995 CONEXAO DO EIXO DIANTEIRO",0,1,DESCLASSIFICADO," ",144,144
"9967996 ENGRAXADEIRA DE ACO DO CO",0,1,DESCLASSIFICADO," ",4.3,4.3
"5194157 MOLA PRATO DE ACO",0,1,DESCLASSIFICADO," ",25.9,25.9
"5194158 ESPACADOR DE ACO",0,1,DESCLASSIFICADO," ",62,62
"5194159 BUCHA DE ACO",0,1,DESCLASSIFICADO," ",189,189
"5194163 ANEL DE ACO P/EIXO",0,1,DESCLASSIFICADO," ",219,219
"5194164 MOLA PRATO DE ACO",0,1,DESCLASSIFICADO," ",34,34
"85805977SH PONTEIRA DA DIRECAO",0,1,DESCLASSIFICADO," ",171,171
"85805976 PORCA DE ACO M18 X 1.5",0,1,DESCLASSIFICADO," ",8.7,8.7
"85805975SH JUNTA ESFERICA",0,1,DESCLASSIFICADO," ",150,150
"85805982 PORCA DE ACO",0,1,DESCLASSIFICADO," ",24,24
"87015736 PARAFUSO DE ACO SEXTAVADO M",0,1,DESCLASSIFICADO," ",6.6,6.6
"85805980 PINO DA CARCACA DO EIXO DIA",0,1,DESCLASSIFICADO," ",317,317
"85805990 KIT REPARO CILINDRO DIRECAO",0,1,DESCLASSIFICADO," ",304,304
"47123727 RETENTOR DE BORRACHA DO CUB",0,1,DESCLASSIFICADO," ",216,216
"5136951 ROLAMENTO ROLETES CONICOS C",0,2,DESCLASSIFICADO," ",268,134
"85805711 ANEL O PLANETARIO DE BORR",0,2,DESCLASSIFICADO," ",30,15
"85805707AB BUJAO DO EIXO DIANTEIRO",0,2,DESCLASSIFICADO," ",20,10
"85806010 PARAFUSO DE ACO SEXT. M10",0,2,DESCLASSIFICADO," ",15.6,7.8
"9968070 PRISIONEIRO DE ACO DO EIXO",0,4,DESCLASSIFICADO," ",196,49
"9968071 PORCA DE ACO DO EIXO DIANTE",0,4,DESCLASSIFICADO," ",172,43
"85824346 RETENTOR DE BORRACHA",0,2,DESCLASSIFICADO," ",146,73
"9968052 ANEL DE BORRACHA DO EIXO DI",0,2,DESCLASSIFICADO," ",17.4,8.7
"9968049 FLANGE DE ACO P/EIXO DIANTE",0,1,DESCLASSIFICADO," ",1906,1906
"9968032 PORCA DO PINHAO EIX.DIAN.",0,1,DESCLASSIFICADO," ",104,104
"9968048 PARAFUSO DE ACO P/FLANGE DO",0,1,DESCLASSIFICADO," ",7.24,7.24
"1930969 KIT DE ENGRENAGENS",0,1,DESCLASSIFICADO," ",2152,2152
"561201	ROLAMENTO DE ACO DE RO",0,1,DESCLASSIFICADO," ",321,321
"9968059 CRUZETA DE ACO P/EIXO CARDA",0,1,DESCLASSIFICADO," ",166,166
"87710153 arruela de aco",0,1,DESCLASSIFICADO," ",41,41
"85805999 ANEL DE ACO P/EIXO DIANT.",0,1,DESCLASSIFICADO," ",42,42
"85806000 ANEL TRAVA DE ACO P/TRANSMI",0,1,DESCLASSIFICADO," ",8.2,8.2
"85805997 HASTE ACO EIXO DIANTEIRO CA",0,1,DESCLASSIFICADO," ",1347,1347
"85806009 BUCHA DE ACO DE CENTRAGEM",0,1,DESCLASSIFICADO," ",38,38
"87313757 PARAFUSO DE ACO SEXT. M10",0,1,DESCLASSIFICADO," ",7.85,7.85
"9968083 ANEL ELASTICO DE ACO",0,1,DESCLASSIFICADO," ",5.06,5.06
"83417133 ANEL BORRACHA EIXO TRASEIRO",0,1,DESCLASSIFICADO," ",22,22
"236535	ANEL DE BORRACHA",0,1,DESCLASSIFICADO," ",4.63,4.63
"86900100 ANEL DE BORRACHA",0,1,DESCLASSIFICADO," ",7.8,7.8
"81875252 ANEL DE BORRACHAP/PISTAO DE",0,2,DESCLASSIFICADO," ",43,21.5
"47123297 DISCO FRICCAO SINTERIZADO D",0,3,DESCLASSIFICADO," ",338.1,112.7
"81874478 DISCO INTERMED FREIO TRAV",0,3,DESCLASSIFICADO," ",286.8,95.6
"87326170 ARRUELA ACO",0,1,DESCLASSIFICADO," ",71.9,71.9
"86584272 ENGRENAGEM SATELITE DE ACO",0,1,DESCLASSIFICADO," ",410.6,410.6
"81803273 ARRUELA DE ACO",0,2,DESCLASSIFICADO," ",14.96,7.48
"81876885 CRUZETA EIXO DIFERENCIAL",0,1,DESCLASSIFICADO," ",594,594
"81803445SH ENGRENAGEM",0,1,DESCLASSIFICADO," ",553,553
"81803451SH ENGRENAGEM",0,1,DESCLASSIFICADO," ",421,421
"81728114SH PINHAO FB80.2",0,1,DESCLASSIFICADO," ",104,104
"83989915 ANEL BRONZE DO EIXO DE ACO",0,1,DESCLASSIFICADO," ",25,25
"81803424 ARRUELA ESPACADOR DE BRONZE",0,1,DESCLASSIFICADO," ",54,54
"81800471 BUCHA DE ACO",0,1,DESCLASSIFICADO," ",38,38
"81800474 MOLA HELICOIDAL DE ACO",0,1,DESCLASSIFICADO," ",83,83
"81800475 ANEL DE ACO",0,1,DESCLASSIFICADO," ",30,30
"81827354 ANEL BORRACHA O RING DO EIX",0,1,DESCLASSIFICADO," ",17,17
"81834073 RETENTOR DE OLEO EIXO TRAS.",0,1,DESCLASSIFICADO," ",46,46
"81845713 ANEL DE BORRACHA DO EIXO TR",0,1,DESCLASSIFICADO," ",24,24
"83961542 CJ VALVULA DE DESVIO FREIO",0,1,DESCLASSIFICADO," ",133,133
"85806176 TAMPA DO RESERV.DE OLEO DO",0,1,DESCLASSIFICADO," ",118,118
"87398198 CJ.CILINDRO HIDRAULICO DO",0,1,DESCLASSIFICADO," ",647,647
"4858607 ARRUELA DE VEDACAO DE COB",0,1,DESCLASSIFICADO," ",4.9,4.9
"80165202 ANEL DE BORRACHA",0,2,DESCLASSIFICADO," ",7.4,3.7
"5108180 SENSOR ELETRICO PRESSAO DO",0,1,DESCLASSIFICADO," ",94.6,94.6
"89825770 ANEL DE BORRACHA",0,1,DESCLASSIFICADO," ",2.3,2.3
"85819177 TUBO DE ACO HIDRA.DO FREIO",0,1,DESCLASSIFICADO," ",415,415
"73160099 INTERRUPTOR ELETRICO 12V AU",0,1,DESCLASSIFICADO," ",105,105
"85815536 CJ.CABO DE ACO DO FREIO P/E",0,1,DESCLASSIFICADO," ",334,334
"85819751 CJ. ALAVANCA DE BLOQUEIO D",0,1,DESCLASSIFICADO," ",832,832
"85821272 CJ.CABO DE ACO DO BLOQUEIO",0,1,DESCLASSIFICADO," ",585,585
"85700728 BUCHA DE ACO",0,1,DESCLASSIFICADO," ",104,104
"85801110 BUCHA",0,1,DESCLASSIFICADO," ",162,162
"81875248 RETENTOR",0,1,DESCLASSIFICADO," ",45,45
"85801076 CJ PINO DE ACO PIVOT SUPERI",0,1,DESCLASSIFICADO," ",500,500
"85803196 BUCHA DO CHASSI OSCILANTE",0,1,DESCLASSIFICADO," ",165,165
"85801029 BUCHA DE ACO P/SUPORTE BRAC",0,1,DESCLASSIFICADO," ",83,83
"85803197 BUCHA DE ACO CHASSI OSCIL",0,1,DESCLASSIFICADO," ",154,154
"85803193 BUCHA CHAS OSCILANT 45MM",0,1,DESCLASSIFICADO," ",99,99
"85803192 PINO ACO DO CILINDRO RATACA",0,1,DESCLASSIFICADO," ",136,136
"11066276 ANEL TRAVA DE ACO ALAV.ACIO",0,2,DESCLASSIFICADO," ",1.4,0.7
"85803194 PINO TRAVA",0,1,DESCLASSIFICADO," ",140.5,140.5
"11107331 PARAFUSO DE ACO",0,2,DESCLASSIFICADO," ",12.76,6.38
"85801026 PINO DE ACO DA TRAVA - CHAS",0,1,DESCLASSIFICADO," ",449,449
"85801079 PINO DE ACO CHASSI OSCILA",0,1,DESCLASSIFICADO," ",280,280
"70914465 PINO GRAXEIRO RETO ACO",0,10,DESCLASSIFICADO," ",73.5,7.35
"85801262 PINO DE ACO",0,1,DESCLASSIFICADO," ",199,199
"87360424 CJ DE ACO DO COMANDO DIRECA",0,1,DESCLASSIFICADO," ",3813,3813
"85806100 CJ.MANGUEIRA DE BORRACHA",0,1,DESCLASSIFICADO," ",86,86
"75260236 RODA MONOPECA W9X18 AMAR.",0,1,DESCLASSIFICADO," ",1801,1801
"85812170 CJ.MANGUEIRA DE BORRACHA A.",0,1,DESCLASSIFICADO," ",89,89
"85812171 CJ.MANGUEIRA DE BORRACHA A.",0,1,DESCLASSIFICADO," ",116,116
"87473574 ANEL O - BORRACHA",0,3,DESCLASSIFICADO," ",9.18,3.06
"70926538 ANEL BORR.VULC.N/ENDURECE",0,3,DESCLASSIFICADO," ",5.7,1.9
"66297 ANEL RETENTOR DE BORRACHA",0,5,DESCLASSIFICADO," ",7.85,1.57
"75246170MG MANGUEIRA",0,1,DESCLASSIFICADO," ",86,86
"85802946 ABRACADEIRA DE ACO P/TUBO",0,2,DESCLASSIFICADO," ",22,11
"76022816 CONEXAO ROSC.ACO FORJADO",0,1,DESCLASSIFICADO," ",143,143
"75245898MG CJ.MANGUEIRA",0,1,DESCLASSIFICADO," ",114,114
"70928486 ANEL O RING",0,3,DESCLASSIFICADO," ",34.8,11.6
"85802820 CJ.VALVULA HIDRA.RETENC.EST",0,1,DESCLASSIFICADO," ",1022,1022
"85802620 CJ.TUBO CIL.ESTABILIZ.",0,1,DESCLASSIFICADO," ",156,156
"9992298 ANEL DE BORRACHA ( =238-601",0,5,DESCLASSIFICADO," ",28.3,5.66
"85803643N BIELA",0,1,DESCLASSIFICADO," ",199,199
"85803645N BIELA",0,1,DESCLASSIFICADO," ",222,222
"83902710 BUCHA DE ACO",0,1,DESCLASSIFICADO," ",14.7,14.7
"75248202 BUCHA DA BIELA DA CACAMBA",0,1,DESCLASSIFICADO," ",32.2,32.2
"81901809 BUCHA DE ACO",0,1,DESCLASSIFICADO," ",27.2,27.2
"79113969 CJ.SENSOR DE PROXIMID.ELETR",0,1,DESCLASSIFICADO," ",546,546
"75238351 PARAFUSO DE ACO DENTE CAC.M",0,10,DESCLASSIFICADO," ",74,7.4
"75238130N FACA DA CACAMBA 25",0,1,DESCLASSIFICADO," ",1014,1014
"75280651N CJ CACAMBA 30",0,1,DESCLASSIFICADO," ",2474,2474
"85801096 PONTA DO DENTE DE ACO DA",0,10,DESCLASSIFICADO," ",334,33.4
"75261224 PORTA DENTE CACAMBA RETRO",0,5,DESCLASSIFICADO," ",230,46
"85801097 PINO DE ACO CEMENTADO",0,10,DESCLASSIFICADO," ",120,12
"85801098 ANEL ELASTICO DE ACO",0,10,DESCLASSIFICADO," ",100,10
"85813104 CJ.CABO FLEX.COMAND.ESTAB D",0,1,DESCLASSIFICADO," ",346,346
"85802763 MANOPLA ESTABIZADOR",0,1,DESCLASSIFICADO," ",46,46
"85801518 JUNTA UNIVERSAL DE ACO",0,1,DESCLASSIFICADO," ",287,287
"85801502 CJ.MANOPLA DE PLASTICO COMA",0,1,DESCLASSIFICADO," ",59,59
"85803055 MANOPLA DE PLASTICO DO CONT",0,1,DESCLASSIFICADO," ",374,374
"85806155 CABO DE ACO DE CONTROLE",0,1,DESCLASSIFICADO," ",351,351
"79104494 CONJ.TAMPA COMBUSTIVEL C/VA",0,1,DESCLASSIFICADO," ",345,345
"75241002 FILTRO COMBUSTUSTIVEL TELA",0,1,DESCLASSIFICADO," ",69,69
"73124631 ELEMENTO FILTRANTE OLEO HID",0,1,DESCLASSIFICADO," ",194,194
"75258401 JUNTA AMIANTO RESERV",0,1,DESCLASSIFICADO," ",32,32
"87743499 BOMBA HIDRAULICA",0,1,DESCLASSIFICADO," ",7545,7545
"14466880 ANEL BORR.VULC.N/ENDUREC.",0,1,DESCLASSIFICADO," ",28,28
"87428495 ANEL DE BORRACHA",0,5,DESCLASSIFICADO," ",255,51
"9968493 CJ.VALVULA HIDRA.DISTRIBUID",0,1,DESCLASSIFICADO," ",1925,1925
"9968596 CJ.VALVULA DO DISTRIB.HIDRA",0,1,DESCLASSIFICADO," ",1014,1014
"14453081 ANEL O-RING DE BORRACHA 1.7",0,6,DESCLASSIFICADO," ",45.6,7.6
"14457481 ANEL DE BORRACHA",0,6,DESCLASSIFICADO," ",37.8,6.3
"9968508 CJ.VALVULA HIDRAULICA DO DI",0,1,DESCLASSIFICADO," ",482,482
"9968595 CJ.VALVULA DO DISTRIB.HIDRA",0,1,DESCLASSIFICADO," ",1062,1062
"9968492 CJ.VALVULA HIDRAULICA DISTR",0,1,DESCLASSIFICADO," ",2798,2798
"9968515 PARAFUSO DO DISTRIBUIDOR",0,1,DESCLASSIFICADO," ",131,131
"9968512 PRATO DE ACO P/DISTRIBUID",0,2,DESCLASSIFICADO," ",68,34
"85999138 ANEL RASPADOR DE BORRACHA D",0,4,DESCLASSIFICADO," ",32.8,8.2
"85999136 ANEL DE BORRACHA",0,4,DESCLASSIFICADO," ",53.2,13.3
"9968514 MOLA HELICOIDAL DE ACO",0,1,DESCLASSIFICADO," ",62.1,62.1
"9968510 PISTAO VALVULA DISTRIBUID",0,2,DESCLASSIFICADO," ",44,22
"9968511 MOLA HELICOIDAL DE ACO P/",0,1,DESCLASSIFICADO," ",28.7,28.7
"9968458 FLANGE DO DISTRIBUIDOR",0,2,DESCLASSIFICADO," ",13,6.5
"9968460 PARAFUSO DE ACO DO DISTRI",0,2,DESCLASSIFICADO," ",21.6,10.8
"9968468 ANEL DE BORRACHA P/COMAN.",0,4,DESCLASSIFICADO," ",352,88
"9968502 ANEL DE VEDACAO DE BORRACHA",0,1,DESCLASSIFICADO," ",12.3,12.3
"9968503 SEDE DO DISTRIBUIDOR",0,1,DESCLASSIFICADO," ",95.9,95.9
"9968500 MOLA DO DISTRIBUIDOR",0,1,DESCLASSIFICADO," ",62.2,62.2
"9968473 VALVULA ACO DO DISTRIBUIDOR",0,1,DESCLASSIFICADO," ",948,948
"9968472 ANEL DE VEDACAO DO DISTRI",0,2,DESCLASSIFICADO," ",8.2,4.1
"9968471 ANEL DE BORRACHA",0,2,DESCLASSIFICADO," ",10.6,5.3
"9968470 ANEL DE BORRACHA",0,2,DESCLASSIFICADO," ",6.8,3.4
"9968444 SEDE DA VALVULA DISTRIBUI",0,1,DESCLASSIFICADO," ",112.1,112.1
"9968445 MOLA HELICOIDAL DE ACO P/",0,2,DESCLASSIFICADO," ",7.26,3.63
"9968446 BUJAO DE ACO DO DISTRIBUI",0,2,DESCLASSIFICADO," ",31.4,15.7
"85819722 VALVULA DISTRIBUIÃ O HIDRAU",0,1,DESCLASSIFICADO," ",920,920
"85815667 VALVULA DISTRIBUIÃ O HIDRAU",0,1,DESCLASSIFICADO," ",720,720
"9968488 MOLA HELICOIDAL ACO P/DISTR",0,1,DESCLASSIFICADO," ",74,74
"9968476 ANEL DE BORRACHA NITRILICA",0,4,DESCLASSIFICADO," ",36.4,9.1
"85815668 ANEL DE VEDACAO DE BORRACHA",0,1,DESCLASSIFICADO," ",7.9,7.9
"9968466 ANEL DE BORRACHA",0,1,DESCLASSIFICADO," ",3.6,3.6
"85807858 HASTE DISTR. HIDRAULICO",0,1,DESCLASSIFICADO," ",204,204
"85808403 KIT SOLENOIDE P/DISTRIBU.",0,1,DESCLASSIFICADO," ",1063,1063
"85817531 CONEXAO DE ACO",0,1,DESCLASSIFICADO," ",550,550
"85816804 CJ.MANGUEIRA BOR.VUL.N/END.",0,1,DESCLASSIFICADO," ",208,208
"85817201 KIT REPARO DISTR. HIDR.",0,1,DESCLASSIFICADO," ",1487,1487
"9968461 TRANSMISSOR DA VALV DISTR",0,1,DESCLASSIFICADO," ",1573,1573
"9968441 PORCA DE ACO DO DISTRIBUI",0,4,DESCLASSIFICADO," ",19.2,4.8
"9968443 TAMPA DA VALVULA DO DISTRIB",0,1,DESCLASSIFICADO," ",618,618
"85807857 BUJAO DE ACO",0,1,DESCLASSIFICADO," ",171,171
"89825770 ANEL DE BORRACHA",0,2,DESCLASSIFICADO," ",4.6,2.3
"89626929 ANEL DE BORRACHA",0,1,DESCLASSIFICADO," ",24.4,24.4
"85803121 KIT ADAPTACAO CORPO DISTR",0,1,DESCLASSIFICADO," ",3358,3358
"85812078 VALVULA HIDR DO ESTABILIZAD",0,1,DESCLASSIFICADO," ",710,710
"70929662 ARRUELA LISA DE ACO 344 X",0,3,DESCLASSIFICADO," ",7.8,2.6
"16043931 PARAFUSO DE ACO",0,3,DESCLASSIFICADO," ",12.9,4.3
"9968532 PRISIONEIRO DE ACO DISTRI",0,2,DESCLASSIFICADO," ",47.2,23.6
"9968440 PORCA DE ACO DO DISTRIBUI",0,4,DESCLASSIFICADO," ",18.4,4.6
"9968527 TAMPA DA VALVULA DISTRIBU",0,1,DESCLASSIFICADO," ",205,205
"87428627 KIT DE REPARO CILINDRO HIDR",0,3,DESCLASSIFICADO," ",663,221
"87414504 TAMPA DE ACO P/CILIDRO HIDR",0,3,DESCLASSIFICADO," ",600,200
"87428628 JOGO DE REPARO DO CILINDRO",0,3,DESCLASSIFICADO," ",627,209
"87414505 TAMPA DE ACO P/CILIDRO HIDR",0,3,DESCLASSIFICADO," ",1170,390
"83910645 BUCHA DE ACO P/CILINDRO",0,2,DESCLASSIFICADO," ",300,150
"75249428 ARRUELA DE ACO",0,2,DESCLASSIFICADO," ",356,178
"87315529 CJ.CILINDRO HIDRA.ROTAC.RET",0,1,DESCLASSIFICADO," ",4956,4956
"87428631 CONJUNTO DE JUNTAS",0,3,DESCLASSIFICADO," ",1002,334
"87422783 TAMPA DE ACO P/CILIDRO HIDR",0,1,DESCLASSIFICADO," ",1609,1609
"83912378 BUCHA DE ACO P/CILI.HIDR.",0,1,DESCLASSIFICADO," ",113,113
"85800303 BUCHA DE ACO CILINDRO HIDRA",0,1,DESCLASSIFICADO," ",91,91
"83931289 RETENTOR BORRACHA P/CILI.",0,1,DESCLASSIFICADO," ",25,25
"83985067 CONEXAO DE ACO P/CILINDRO H",0,1,DESCLASSIFICADO," ",81.9,81.9
"80165202 ANEL DE BORRACHA",0,3,DESCLASSIFICADO," ",11.1,3.7
"87428629 CONJUNTO DE JUNTAS BORR",0,2,DESCLASSIFICADO," ",472.2,236.1
"89824067 RETENTOR BORRACHA",0,3,DESCLASSIFICADO," ",109.8,36.6
"83910558 BUCHA DE ACO DO CILINDRO HI",0,1,DESCLASSIFICADO," ",211,211
"83910547 BUCHA DE ACO P/CILI.HIDR.",0,3,DESCLASSIFICADO," ",195.3,65.1
"87428633 KIT REPARO CILINDRO HIDR.",0,1,DESCLASSIFICADO," ",454.8,454.8
"87414510 TAMPA DE ACO P/CILIDRO HIDR",0,1,DESCLASSIFICADO," ",747,747
"87312900 KIT ANEIS VEDACAO DE BORRAC",0,3,DESCLASSIFICADO," ",1083,361
"86982709 MOTOR DE PARTIDA E TRANSMIS",0,1,DESCLASSIFICADO," ",2352,2352
"87424024 ALTERNADOR 14V90A C/POLIA",0,1,DESCLASSIFICADO," ",2527,2527
"4822229 CJ.CHAVE GERAL ELETRICO 24V",0,1,DESCLASSIFICADO," ",252,252
"85817672 PRESSOSTATO ELETR.24V DE OL",0,1,DESCLASSIFICADO," ",269,269
"85811390 SENSOR DE TEMP.ELET.12V/24V",0,1,DESCLASSIFICADO," ",128,128
"277016A1 SENSOR DE PRESSAO DO OLEO M",0,1,DESCLASSIFICADO," ",95.6,95.6
"85803879 TERMOSTATO OLEO TRANSMISSAO",0,1,DESCLASSIFICADO," ",161,161
"85803524 CONEXAO RETA DE ACO",0,1,DESCLASSIFICADO," ",53.2,53.2
"85818823 INTERRUPTOR ELETRICO 12V DE",0,1,DESCLASSIFICADO," ",200,200
"85804674 CJ. CHAVE COMUTADORA",0,1,DESCLASSIFICADO," ",469,469
"85806132 UNIDADE DE COMANDO ELETR.12",0,1,DESCLASSIFICADO," ",288,288
"85802045 CJ CABO ELETRICO",0,1,DESCLASSIFICADO," ",251,251
"85808460 TAMPAO",0,1,DESCLASSIFICADO," ",4.9,4.9
"82002966 CJ.TOMADA DE ENERGIA 12V",0,1,DESCLASSIFICADO," ",137,137
"85803957 CJ CABO ELETRICO",0,1,DESCLASSIFICADO," ",202,202
"85805105 UNIDADE COMANDO ELETRONIC",0,1,DESCLASSIFICADO," ",2619,2619
"85803986 INTERRUPTOR DE INTERMITENCI",0,1,DESCLASSIFICADO," ",143,143
"85805144 RELE 24V COMPONENTES ELETRI",0,1,DESCLASSIFICADO," ",110,110
"85818819 INTERRUPTOR ELETRICO 12V",0,1,DESCLASSIFICADO," ",181,181
"85818818 INTERRUPTOR ELETRICO 12V",0,1,DESCLASSIFICADO," ",181,181
"14143790 LAMPADA 12V1 2W W2. 1X4 6D",0,3,DESCLASSIFICADO," ",35.1,11.7
"85818828 INTERRUPTOR ELETRICO 2V DO",0,1,DESCLASSIFICADO," ",166,166
"85818827 INTERRUPTOR ELETRICO 12V DA",0,1,DESCLASSIFICADO," ",126,126
"85819134 CJ.INTERRUPTOR DE TRACAO EL",0,1,DESCLASSIFICADO," ",131,131
"85804568 ALARME DE REDE 12V OU 24V",0,1,DESCLASSIFICADO," ",633,633
"85819200 CJ.FAROL ELETRICO 12V COMPL",0,1,DESCLASSIFICADO," ",337,337
"85819199 CJ.LANTERNA FREIO ESQ.",0,1,DESCLASSIFICADO," ",212,212
"85819198 CJ.LANTERNA FREIO 12V DIR.",0,1,DESCLASSIFICADO," ",217,217
"85819197 CJ.LANTERNA DIRECIONAL E.",0,1,DESCLASSIFICADO," ",200,200
"85819194 SUPORTE DE FAROL DE ACO",0,1,DESCLASSIFICADO," ",87,87
"85807855 CABO ELETRICO CHAVE PART",0,1,DESCLASSIFICADO," ",166,166
"75216315 BUZINA",0,1,DESCLASSIFICADO," ",252,252
"85806133 INTERRUPTOR DE ALERTA ELETR",0,1,DESCLASSIFICADO," ",354,354
"85819144 CJ.INTERRUPTOR ELETRICO 12V",0,1,DESCLASSIFICADO," ",252,252
"85825126 UNIDADE COMANDO ELETRONICO",0,1,DESCLASSIFICADO," ",2838,2838
"117846A1 COXIM BORRACHA MOTOR CUMMIN",0,3,DESCLASSIFICADO," ",384,128
"75235714 ARRUELA 24X100X4.5 DE ACO",0,3,DESCLASSIFICADO," ",36,12
"15982531 PARAFUSO DE ACO CS.M16-1.5X",0,3,DESCLASSIFICADO," ",135,45
"83995298 CJ.ESPELHO RETROVISOR INT",0,2,DESCLASSIFICADO," ",286,143
"71100329 PARABRISA DO TOLDO CABS",0,1,DESCLASSIFICADO," ",2306,2306
"71100544 VIDRO FRONTAL INFERIOR",0,2,DESCLASSIFICADO," ",1008,504
"85801938 CJ.ALAVANCA MUDANCA DE DIRE",0,1,DESCLASSIFICADO," ",744,744
"85801621 VIDRO LAMINADO TEMP. PARABR",0,1,DESCLASSIFICADO," ",2523,2523
"NH330H MASTER GOLD HSP 15W40",0,6,DESCLASSIFICADO," ",1548,258
"NHAGRIFLU AGRIFLU",0,8,DESCLASSIFICADO," ",368,46
"NH68 AMBRA HI-TECH 68",0,5,DESCLASSIFICADO," ",1500,300
"NHMULTIG AMBRA MULTI G 10W30",0,5,DESCLASSIFICADO," ",1990,398
"NHAF20W30 AMBRA MULTI F 20W30",0,5,DESCLASSIFICADO," ",1955,391
"NH610A AMBRA BRAKE LHM",0,5,DESCLASSIFICADO," ",485,97
"AXLE AXLE OIL ADDITIVE",0,3,DESCLASSIFICADO," ",240,80
"MAO DE OBRA MECANICA",0,300,DESCLASSIFICADO," ",25500,85
"73079900 BUJAO FECHAMENTO DO MOTOR-A",0,4,DESCLASSIFICADO," ",40,10
"73181900 BUJAO DE ACO CARCACA DO MOT",0,2,DESCLASSIFICADO," ",15.4,7.7
"84099999 PULVERIZADOR DE ACO",0,8,DESCLASSIFICADO," ",480,60
"73181500 PARAFUSO M12X1,25X73 - ACO",0,8,DESCLASSIFICADO," ",96,12
"73181500 PARAFUSO M12X1,25X143-ACO",0,20,DESCLASSIFICADO," ",420,21
"84099999 CASQUILHO DE VALV. MOTOR-AC",0,32,DESCLASSIFICADO," ",105.6,3.3
"84099914 VALVULA DE ESCAPE",0,8,DESCLASSIFICADO," ",368,46
"84099914 VALVULA ADMISSAO DO MOTOR-A",0,8,DESCLASSIFICADO," ",296,37
"40169300 ANEL DE VEDACAO",0,16,DESCLASSIFICADO," ",384,24
"73202010 MOLA DE ACO",0,8,DESCLASSIFICADO," ",232,29
"73182900 RETENTOR DE ACO",0,16,DESCLASSIFICADO," ",112,7
"40169300 ANEL DE VEDACAO DE BORRACHA",0,2,DESCLASSIFICADO," ",12.2,6.1
"84099914 SEDE DE VALVULA",0,8,DESCLASSIFICADO," ",199.2,24.9
"84099999 JUNTA DO CABECOTE-METAL",0,3,DESCLASSIFICADO," ",855,285
"39269010 JUNTA DE BORRACHA DO CABECO",0,2,DESCLASSIFICADO," ",824,412
"73181500 ARRUELA PLASTICA P/MOTOR",0,8,DESCLASSIFICADO," ",26.4,3.3
"40169300 PARAFUSO DE ACO",0,4,DESCLASSIFICADO," ",1.76,0.44
"84099999 ANEL DE VEDACAO - BORRACHA",0,8,DESCLASSIFICADO," ",97.6,12.2
"87089990 HASTE DE IMPULSO",0,8,DESCLASSIFICADO," ",353.6,44.2
"40169300 SUPORTE DE ACO",0,1,DESCLASSIFICADO," ",239,239
"84835090 RETENTOR BORRACH REVESTIDA",0,3,DESCLASSIFICADO," ",591,197
"84099999 CARCACA DE ACO P/VOLANTE MT",0,2,DESCLASSIFICADO," ",9116,4558
"40161010 TAMPA DE ACO P/MOTOR",0,1,DESCLASSIFICADO," ",476,476
"84831020 RETENTOR BORRACH REVESTIDA",0,3,DESCLASSIFICADO," ",522,174
"84835090 COMANDO DE VALVULA DE ACO",0,1,DESCLASSIFICADO," ",573,573
"84833029 VOLANTE DO MOTOR-ACO",0,1,DESCLASSIFICADO," ",1341,1341
"84099999 CASQUILHO DE MOTOR - ACO",0,2,DESCLASSIFICADO," ",216,108
"73182900 CASQUILHO DE MOTOR - ACO",0,8,DESCLASSIFICADO," ",312,39
"84099929 CASQUILHO DE ACO",0,8,DESCLASSIFICADO," ",101.6,12.7
"73269090 PISTAO DE ALUMINIO P/MOTOR",0,4,DESCLASSIFICADO," ",1740,435
"73269090 ABRACADEIRA DE ACO",0,2,DESCLASSIFICADO," ",188,94
"73269090 BRACADEIRA",0,2,DESCLASSIFICADO," ",162.38,81.19
"84814000 VALVULA ALIVIO",0,2,DESCLASSIFICADO," ",31.4,15.7
"73269090 ABRACADEIRA DE ACO",0,2,DESCLASSIFICADO," ",110,55
"39269090 COLETOR POEIRA DE PLASTICO",0,2,DESCLASSIFICADO," ",290,145
"73181500 PARAFUSO ACO CABECA SEXTAVA",0,8,DESCLASSIFICADO," ",200,25
"84841000 JUNTA METALOPLASTICA  P/MOT",0,4,DESCLASSIFICADO," ",27.2,6.8
"74152900 JUNTA",0,16,DESCLASSIFICADO," ",285.12,17.82
"73182900 JUNTA DE ACO DO COLETOR E T",0,4,DESCLASSIFICADO," ",140,35
"84148029 TURBO COMPRESSOR ACO P/MOTO",0,1,DESCLASSIFICADO," ",4769,4769
"40169300 JUNTA DA TURBINA",0,4,DESCLASSIFICADO," ",100,25
"73043920 CJ TUBO HIDRAULICO DE ACO",0,2,DESCLASSIFICADO," ",50,25
"73079900 CJ CONECTOR DE ACO",0,2,DESCLASSIFICADO," ",88,44
"40094290 MANGUEIRA BORRACHA ALTA PRE",0,2,DESCLASSIFICADO," ",798,399
"84314929 CJ TUBO DE ACO HIDRAULICO",0,1,DESCLASSIFICADO," ",248,248
"73261900 BRACADEIRA DE ACO",0,3,DESCLASSIFICADO," ",324,108
"84314929 JUNTA DE PAPEL TRATADO P/EX",0,2,DESCLASSIFICADO," ",70,35
"84314929 CJ.SOLDADO TUBO DE ESCAPE",0,2,DESCLASSIFICADO," ",600,300
"73181500 PARAFUSO DE ACO C/CABECA",0,2,DESCLASSIFICADO," ",13.98,6.99
"73269090 BRACADEIRA DE ACO DO EXAUSTOR",0,2,DESCLASSIFICADO," ",236,118
"73181600 PORCA DE ACO M10",0,2,DESCLASSIFICADO," ",11.8,5.9
"40169300 JUNTA DE ACO COBERTURA BORRACHA",0,3,DESCLASSIFICADO," ",48,16
"48239099 JUNTA PAPEL TRATADO",0,3,DESCLASSIFICADO," ",504,168
"84314929 CJ.TUBO DE SUCCAO DE COMB",0,2,DESCLASSIFICADO," ",552,276
"73261900 PLUG DE ACO P/ NIVEL DO OLEO",0,2,DESCLASSIFICADO," ",54,27
"40161010 RESPIRADOR",0,4,DESCLASSIFICADO," ",460,115
"40169300 JUNTA VEDACAO - BORRACHA",0,4,DESCLASSIFICADO," ",192,48
"84133030 BOMBA DE OLEO",0,1,DESCLASSIFICADO," ",498,498
"84219999 CORPO DE ACO FILTRO",0,1,DESCLASSIFICADO," ",493,493
"73202010 MOLA DE ACO DO CAMB.DE CALO",0,1,DESCLASSIFICADO," ",5.5,5.5
"84818099 VALVULA DE ACO DO FILTRO",0,1,DESCLASSIFICADO," ",107,107
"48239099 JUNTA DE PAPEL",0,2,DESCLASSIFICADO," ",64,32
"48239099 JUNTA DE PAPEL",0,2,DESCLASSIFICADO," ",204,102
"84835010 POLIA DE ACO DO VIRABREQUIM",0,1,DESCLASSIFICADO," ",474,474
"73181500 PARAFUSO M12X1.25X78.5-ACO",0,6,DESCLASSIFICADO," ",78,13
"84835090 POLIA DE ACO P/MOTOR",0,1,DESCLASSIFICADO," ",251,251
"40103900 CORREIA DE BORRACHA P/ MOTOR",0,10,DESCLASSIFICADO," ",1230,123
"84099999 POLIA DE ACO",0,1,DESCLASSIFICADO," ",368,368
"73181500 PARAFUSO ACO CABECA SEXTAVA",0,4,DESCLASSIFICADO," ",22,5.5
"84821010 ROLAMENTO DE ESFERAS",0,3,DESCLASSIFICADO," ",579,193
"73182900 ESPACADOR DE ACO P/MOTOR",0,2,DESCLASSIFICADO," ",60,30
"84149039 VENTOINHA ACO 499MM",0,2,DESCLASSIFICADO," ",1038,519
"73182200 ARRUELA DE ACO. 0.406X0.812",0,8,DESCLASSIFICADO," ",68,8.5
"39269090 TAMPA ACO BAIXO CARB SEM TR",0,2,DESCLASSIFICADO," ",232,116
"73043920 TUBO ACO MD CARB C/REVEST S",0,1,DESCLASSIFICADO," ",486,486
"40094290 MANGUEIRA DE BORRACHA P/RADIADOR",0,1,DESCLASSIFICADO," ",191,191
"84314929 RADIADOR DE ALUMINIO P/ OLEO",0,1,DESCLASSIFICADO," ",4692,4692
"40094290 MANGOTE DE BORRACHA P/RADIADOR",0,1,DESCLASSIFICADO," ",336,336
"84314929 RADIADOR DE ALUMINIO P/ OLEO",0,1,DESCLASSIFICADO," ",5663,5663
"73269090 ABRACADEIRA DE ACO",0,2,DESCLASSIFICADO," ",54,27
"73269090 BRACADEIRA DE ACO P/MANGUEIRA",0,2,DESCLASSIFICADO," ",42,21
"40094100 MANGUEIRA DE BORRACHA",0,8,DESCLASSIFICADO," ",160,20
"84133090 BOMBA DE AGUA",0,3,DESCLASSIFICADO," ",1215,405
"40169300 ANEL DE SECAO RETANGULAR",0,3,DESCLASSIFICADO," ",57,19
"85365090 SENSOR DE TEMPERATURA DA AGUA",0,3,DESCLASSIFICADO," ",399,133
"90329091 TERMOSTATO - ACO",0,3,DESCLASSIFICADO," ",657,219
"85365090 INTERRUPTOR PRESSAO OLEO",0,2,DESCLASSIFICADO," ",150,75
"84314929 TAMPA RESERVATORIO",0,2,DESCLASSIFICADO," ",630,315
"90262010 CJ. INDICADOR NIVEL COMBUSTIVEL",0,2,DESCLASSIFICADO," ",1776,888
"73269090 BRACADEIRA DE ACO",0,6,DESCLASSIFICADO," ",51.6,8.6
"40094100 MANGUEIRA DE BORRACHA. COMBUSTIVEL",0,1,DESCLASSIFICADO," ",67.9,67.9
"84212300 FILTRO COMBUSTIVEL COM SEPA",0,1,DESCLASSIFICADO," ",544,544
"73129000 CABO DE ACO P/ACELERAD.MANU",0,4,DESCLASSIFICADO," ",1212,303
"84133020 CJ.BOMBA INJETORA ACO P/MOTOR",0,1,DESCLASSIFICADO," ",11610,11610
"84136011 CJ.BOMBA INJETORA ACO P/MOTOR",0,1,DESCLASSIFICADO," ",10472,10472
"40169300 ANEL DE BORRACHA",0,8,DESCLASSIFICADO," ",45.04,5.63
"84212300 CJ.FILTRO COMBUSTIVEL P/MOTOR",0,2,DESCLASSIFICADO," ",1408,704
"40169300 JUNTA DE BORRACHA P/MOTOR",0,4,DESCLASSIFICADO," ",40,10
"84099969 BICO INJETOR DE ACO P/MOTOR",0,4,DESCLASSIFICADO," ",3036,759
"40169300 ANEL DE VEDACAO DE BORRACHA",0,8,DESCLASSIFICADO," ",20.96,2.62
"85114000 MOTOR ELETRICO SIST. IGNICAO",0,1,DESCLASSIFICADO," ",2222,2222
"85115010 ALTERNADOR",0,1,DESCLASSIFICADO," ",2188,2188
"84314929 CJ.CHAVE GERAL P/CABINA",0,2,DESCLASSIFICADO," ",504,252
"90328982 SENSOR DE TEMPERATURA",0,3,DESCLASSIFICADO," ",234,78
"90328929 PLACA ELETRONICA",0,1,DESCLASSIFICADO," ",3660,3660
"90328929 UNIDADE DE CONTROLE ELETRONICO",0,1,DESCLASSIFICADO," ",3550,3550
"85311090 ALARME DA CENTRALINA",0,2,DESCLASSIFICADO," ",576,288
"85365090 CJ.INTERRUPTOR ELETRICO 12V",0,2,DESCLASSIFICADO," ",624,312
"85365090 INTERRUPTOR DE ALERTA ELETRONICO",0,2,DESCLASSIFICADO," ",714,357
"85115090 CHAVE IGNICAO 12V",0,1,DESCLASSIFICADO," ",507,507
"85123000 BUZINA 12 VOLTS",0,2,DESCLASSIFICADO," ",236,118
"39269090 PAINEL DE INTRUM. DE PLASTICO",0,1,DESCLASSIFICADO," ",446,446
"85122011 CJ.FAROL ELETRICO 12V COMPLETO",0,4,DESCLASSIFICADO," ",1556,389
"85122022 CJ.LANTERNA DIRECIONAL E.",0,1,DESCLASSIFICADO," ",215,215
"85122021 CJ.LANTERNA FREIO 12V DIR.",0,1,DESCLASSIFICADO," ",250,250
"85122021 CJ.LANTERNA FREIO ESQ.",0,1,DESCLASSIFICADO," ",228,228
"85122022 CJ.LANTERNA DIRECIONAL D.",0,1,DESCLASSIFICADO," ",215,215
"85122022 CJ.ALAVANCA MUDANCA DE DIRECAO",0,1,DESCLASSIFICADO," ",991.87,991.87
"84314929 ALAVANCA ELET.CHAVE SETA",0,1,DESCLASSIFICADO," ",2682,2682
"85123000 ALARME DE RE",0,1,DESCLASSIFICADO," ",590,590
"84314929 CJ.VOLANTE DA DIRECAO",0,1,DESCLASSIFICADO," ",364,364
"40169990 COXIM DE BORRACHA TRANSMISSAO",0,4,DESCLASSIFICADO," ",584,146
"73182200 ARRUELA LISA DE ACO 10.8 X",0,4,DESCLASSIFICADO," ",480,120
"84314929 PLACA DE APOIO DE ACO",0,2,DESCLASSIFICADO," ",236,118
"84314929PLACA DE ACO",0,4,DESCLASSIFICADO," ",668,167
"84314929CHAPA DE ACO",0,2,DESCLASSIFICADO," ",948,474
"84834010 CONVERSOR DE TORQUE DE ACO",0,1,DESCLASSIFICADO," ",4346,4346
"90261029 VARETA DE ACO",0,2,DESCLASSIFICADO," ",226,113
"73043920 TUBO ACO MD CARB C/REVEST",0,2,DESCLASSIFICADO," ",854,427
"73043920 TUBO DE ACO",0,2,DESCLASSIFICADO," ",1722,861
"84314929 CJ.MANOPLA COMANDO DA TRAN",0,2,DESCLASSIFICADO," ",890,445
"84812090 VALVULA HIDRAULICA DE ACO",0,1,DESCLASSIFICADO," ",689,689
"40169300 ANEL O DE BORRACHA TUBO CAR",0,2,DESCLASSIFICADO," ",5.2,2.6
"40169300 ANEL DE BORRACHA P/VEDACAO",0,2,DESCLASSIFICADO," ",144,72
"90328989 SENSOR ELETRICO",0,2,DESCLASSIFICADO," ",548,274
"40161010 ANEL DE BORRACHA P/VEDACAO",0,2,DESCLASSIFICADO," ",694,347
"40169300 ANEL DE BORRACHA P/VEDACAO",0,2,DESCLASSIFICADO," ",188,94
"73069090 CONJ. TUBO ACO TRANSMISSAO",0,1,DESCLASSIFICADO," ",343,343
"84314929 TUBO - TRANSMISSAO CONJ.",0,1,DESCLASSIFICADO," ",554,554
"40161010 ANEL DE BORRACHA - CJ. TRAN",0,8,DESCLASSIFICADO," ",120,15
"40161010 ANEL DE BORRACHA P/VEDACAO",0,2,DESCLASSIFICADO," ",24,12
"39269090 ANEL VEDACAO EM PLASTICO",0,2,DESCLASSIFICADO," ",68,34
"84821090 ROLAMENTO - TRANSM. CONJ.",0,2,DESCLASSIFICADO," ",162,81
"84314929 DISCO DE ACO INTERMEDIARIO",0,14,DESCLASSIFICADO," ",882,63
"87089300 DISCO DE ACO DA EMBREAGEM",0,12,DESCLASSIFICADO," ",1140,95
"40161010 ANEL BORRACHA VEDACAO 138 X",0,2,DESCLASSIFICADO," ",162,81
"73182900 ANEL TRAVA  DE ACO",0,2,DESCLASSIFICADO," ",40,20
"73079100 FLANGE-ACO/TRANSMISSAO 4WD",0,1,DESCLASSIFICADO," ",1491,1491
"40161010 ANEL BORRACHA RETENCAO 50X6",0,2,DESCLASSIFICADO," ",112,56
"84818092 VALVULA SOLENOIDE ELETRICA",0,2,DESCLASSIFICADO," ",1082,541
"85059010 CJ. SOLENOIDE 12VOLTS  P/VA",0,2,DESCLASSIFICADO," ",4398,2199
"84812090 VALVULA HIDRAULICA DE ACO",0,1,DESCLASSIFICADO," ",775,775
"84818092 VALVULA - SOLENOIDE TRANS",0,1,DESCLASSIFICADO," ",82,82
"84818092 CJ.VALVULA SOLENOIDE DA TRA",0,1,DESCLASSIFICADO," ",676,676
"40161010 RETENTOR DE OLEO",0,4,DESCLASSIFICADO," ",812,203
"73182900 BUCHA DE ACO",0,3,DESCLASSIFICADO," ",1764,588
"73182900 ESPACADOR DE ACO DO EIXO DIANTEIRO",0,3,DESCLASSIFICADO," ",1455,485
"73182200 ARRUELA DE ACO DO EIXO DIANTEIRO",0,3,DESCLASSIFICADO," ",303,101
"73181900 ENGRAXADEIRA DE ACO",0,6,DESCLASSIFICADO," ",27.42,4.57
"39269090 ANEL DE ENCOSTO",0,3,DESCLASSIFICADO," ",544.58,181.526
"84314929 LUVA DO SUPORTE EIXO DIANTEIRO",0,3,DESCLASSIFICADO," ",1578,526
"40161010 ANEL O RING BORRACHA",0,3,DESCLASSIFICADO," ",103.2,34.4
"73182100 ARRUELA DE ACO DO EIXO DIANTEIRO",0,12,DESCLASSIFICADO," ",518.4,43.2
"84314929 TAMPA DO EIXO DIANTEIRO",0,3,DESCLASSIFICADO," ",213,71
"73209000 MOLA PRATO DE ACO",0,6,DESCLASSIFICADO," ",132,22
"73182900 BUCHA DE ACO DO CJ.EIXO",0,6,DESCLASSIFICADO," ",570,95
"84828000 ANEL DE ACO P/EIXO",0,6,DESCLASSIFICADO," ",1062,177
"73181900 TAMPA DO EIXO DIANTEIRO",0,6,DESCLASSIFICADO," ",288,48
"73209000 MOLA PRATO DE ACO",0,6,DESCLASSIFICADO," ",126,21
"73181600 PORCA DE ACO  M18 X 1.5",0,6,DESCLASSIFICADO," ",42.6,7.1
"87087090 JUNTA ESFERICA DO EIXO",0,6,DESCLASSIFICADO," ",2154,359
"73181500 PINO DE ACO CUBO DIRECAO HIDRAULICA",0,6,DESCLASSIFICADO," ",4230,705
"40161010 KIT RETENTORES DE BORRACHA",0,3,DESCLASSIFICADO," ",2700,900
"40169300 ANEL O PLANETARIO DE BORRACHA",0,6,DESCLASSIFICADO," ",73.2,12.2
"84314929 COROA DENTADA DE ACO",0,4,DESCLASSIFICADO," ",5120,1280
"40169300 USE 47123727",0,6,DESCLASSIFICADO," ",6426,1071
"84834090 ENGRENAGEM AÇO DO DIFERENCIAL",0,12,DESCLASSIFICADO," ",3276,273
"73182900 ROLETE CJ. 10UNIDADES",0,54,DESCLASSIFICADO," ",437.4,8.1
"73182200 ARRUELA ACO P/EIXO DIANT.",0,18,DESCLASSIFICADO," ",178.2,9.9
"73182200 ANEL ELASTICO DE ACO",0,6,DESCLASSIFICADO," ",32.4,5.4
"73182900 ANEL DE ACO P/EIXO DIANT.",0,6,DESCLASSIFICADO," ",177,29.5
"84314929 CRUZETA DE ACO P/EIXO CARDA",0,8,DESCLASSIFICADO," ",1432,179
"73182200 ARRUELA DE ACO",0,6,DESCLASSIFICADO," ",39,6.5
"73182200 ARRUELA DENTADA DE ACO",0,6,DESCLASSIFICADO," ",341.4,56.9
"84834090 CJ COROA E PINHAO P DIFERENCIAL",0,1,DESCLASSIFICADO," ",3925,3925
"73181600 PORCA DO PINHAO EIX.DIAN.",0,2,DESCLASSIFICADO," ",142,71
"40169300 RETENTOR DE BORRACHA",0,3,DESCLASSIFICADO," ",234,78
"84822010 ROLAMENTO DE ROLOS CONICOS",0,6,DESCLASSIFICADO," ",1440,240
"40169300 ANEL DE BORRACHA DO EIXO DIANTEIRO",0,3,DESCLASSIFICADO," ",28.2,9.4
"73182900 ANEL PORCA DE ACO",0,2,DESCLASSIFICADO," ",1044,522
"84821090 ROLAMENTO",0,8,DESCLASSIFICADO," ",3448,431
"73181500 PARAFUSO PRISIONEIRO EM ACO",0,40,DESCLASSIFICADO," ",1352,33.8
"84314929 PLACA-ACO P/FREIO DIFERENCIAL",0,4,DESCLASSIFICADO," ",1544,386
"84314929 PLACA FREIO",0,8,DESCLASSIFICADO," ",5592,699
"84314929 PLACA-ACO P/FREIO DIFERENCIAL",0,4,DESCLASSIFICADO," ",2092,523
"40161010 ANEL DE BORRACHA P/VEDACAO",0,4,DESCLASSIFICADO," ",736,184
"40169300 ANEL DE BORRACHA",0,4,DESCLASSIFICADO," ",540,135
"40169300 ANEL DE BORRACHA",0,4,DESCLASSIFICADO," ",232,58
"73182900 ANEL VEDADOR",0,1,DESCLASSIFICADO," ",309,309
"40169300 ANEL VEDACAO DE BORRACHA",0,2,DESCLASSIFICADO," ",2.4,1.2
"84821010 ROLAMENTO DE ACO DE ESFERAS",0,1,DESCLASSIFICADO," ",230,230
"84822090 ROLAMENTO DE ACO",0,1,DESCLASSIFICADO," ",484,484
"73181900 TAMPAO ACO CONICO M10 X 1 D",0,3,DESCLASSIFICADO," ",22.8,7.6
"84314929 EIXO CARDAN DIANTEIRO",0,1,DESCLASSIFICADO," ",1452,1452
"84314929 CJ. ESTRIBO",0,2,DESCLASSIFICADO," ",39.6,19.8
"84818099 VALVULA ACO DE SEGURANCA",0,4,DESCLASSIFICADO," ",636,159
"73181600 PORCA RODA M22X1.5 2/4WD",0,40,DESCLASSIFICADO," ",2024,50.6
"85365090 CJ. INTERRUPTOR ELETRICO",0,2,DESCLASSIFICADO," ",143.2,71.6
"73079200 CONEXAO DE ACO 90 GRAUS M12",0,2,DESCLASSIFICADO," ",242,121
"73071920 CONEXAO 90",0,4,DESCLASSIFICADO," ",408,102
"40094290 TUBO DE ACO",0,2,DESCLASSIFICADO," ",906,453
"40094290 TUBO DE ACO",0,2,DESCLASSIFICADO," ",900,450
"84314929 CJ TAMPA PLASTICA RESERV.OLEO",0,2,DESCLASSIFICADO," ",1174,587
"84136011 BOMBA HIDRAULICA",0,1,DESCLASSIFICADO," ",5440,5440
"40169300 ANEL O 3/4 X 7/8",0,2,DESCLASSIFICADO," ",3.2,1.6
"40169300 ANEL BORRACHA BBM.HIDRAU.",0,2,DESCLASSIFICADO," ",5,2.5
"40169300 ANEL DE BORRACHA",0,30,DESCLASSIFICADO," ",31.5,1.05
"40091100 MANGUEIRA FLEXIVEL DE BORRA C2273",0,1,DESCLASSIFICADO," ",377,377
"40091100 MANGUEIRA FLEXIVEL DE BORRACHA",0,1,DESCLASSIFICADO," ",362,362
"84812090 CJ.VALVULA CGI 6 CARRET. NH",0,1,DESCLASSIFICADO," ",8590,8590
"40094290 MANGUEIRA DE BORRACHA",0,1,DESCLASSIFICADO," ",264,264
"40091100 MANGUEIRA FLEXIVEL DE BORRACHA",0,1,DESCLASSIFICADO," ",367,367
"40169300 ANEL ORING DE BORRACHA 3/4",0,20,DESCLASSIFICADO," ",32,1.6
"40169300 ANEL BORRAC.TUB.HID.DIRC.",0,10,DESCLASSIFICADO," ",5.5,0.55
"84212300 CJ. FILTRO DE OLEO HIDRAULICO",0,1,DESCLASSIFICADO," ",1099,1099
"40161010 KIT VEDACAO VALVULA- BORRACHA",0,2,DESCLASSIFICADO," ",239.6,119.8
"40161010 KIT VEDACAO VALVULA- BORRACHA",0,2,DESCLASSIFICADO," ",520,260
"84819090 KIT DISTRIBUIDOR B90.B",0,1,DESCLASSIFICADO," ",1563,1563
"84812090 VALVULA HIDRAULICA ACO",0,1,DESCLASSIFICADO," ",902,902
"84814000 VALVULA DE ALIVIO P/DIST.",0,1,DESCLASSIFICADO," ",1685,1685
"40169300 KIT RETENTORES BORRACHA P/C",0,2,DESCLASSIFICADO," ",906,453
"84812090 VALVULA DISTRIBUICAO HIDRAULICA",0,1,DESCLASSIFICADO," ",775,775
"73182900 BUCHA DE ACO P/CILINDRO",0,6,DESCLASSIFICADO," ",942,157
"73071920 CONEXAO DE ACO RED.PRESSAO",0,4,DESCLASSIFICADO," ",53.6,13.4
"73269090 CONJUNTO DE JUNTAS",0,6,DESCLASSIFICADO," ",2154,359
"84314929 BUCHA DE ACO CILINDRO HIDRA",0,6,DESCLASSIFICADO," ",588,98
"73182900 BUCHA DE ACO P/CILI.HIDR.",0,4,DESCLASSIFICADO," ",1356,339
"73181500 PINO DE ACO P/CILIN.GIRO",0,4,DESCLASSIFICADO," ",156,39
"84314929 HASTE DE BATENTE P/CILINDRO",0,4,DESCLASSIFICADO," ",608,152
"73209000 MOLA ESPIRAL DO CILINDRO",0,4,DESCLASSIFICADO," ",204,51
"73182200 ANEL ESPACADOR DE ACO",0,4,DESCLASSIFICADO," ",188,47
"84129080 PISTAO DE ACO DO CILINDRO",0,2,DESCLASSIFICADO," ",836,418
"84314929 HASTE DE ACO P/CILINDRO HIDRAULICO",0,2,DESCLASSIFICADO," ",1632,816
"73181500 PARAFUSO ACO",0,2,DESCLASSIFICADO," ",1174,587
"84129080 KIT RETENTORES DO CILINDRO",0,2,DESCLASSIFICADO," ",468,234
"84849000 KIT REPARO RETENTORES",0,2,DESCLASSIFICADO," ",620,310
"40169300 KIT REPARO RETENTORES",0,2,DESCLASSIFICADO," ",512,256
"39269090 CJ VEDAC. CILINDRO PLAST/BORRACHA",0,2,DESCLASSIFICADO," ",1036,518
"40169300 JOGO DE REPARO DO CILINDRO",0,2,DESCLASSIFICADO," ",444,222
"84841000 KIT DE REPARO CILINDRO HIDRAULICO",0,2,DESCLASSIFICADO," ",476,238
"84129090 JOGO REPARO CIL.CAC.TRAS.",0,2,DESCLASSIFICADO," ",740,370
"84314929 CORPO DE ACO P/DIST.HIDR.",0,1,DESCLASSIFICADO," ",2393,2393
"73261900 ANEL DE BORRACHA NITRILICA",0,8,DESCLASSIFICADO," ",78.8,9.85
"84314929 BUCHA DE ACO",0,8,DESCLASSIFICADO," ",221.6,27.7
"73261900 ANEL RETENTOR DE ACO",0,4,DESCLASSIFICADO," ",168,42
"73182200 ARRUELA DE ACO ESPECIAL",0,2,DESCLASSIFICADO," ",90,45
"73182900 ANEL ELASTICO DE ACO",0,2,DESCLASSIFICADO," ",32,16
"73181900 ENGRAXADEIRA DE ACO 1/8POL",0,20,DESCLASSIFICADO," ",58,2.9
"73182900 ESPACADOR DE ACO",0,4,DESCLASSIFICADO," ",56,14
"84314929 CONJUNTO DE ACO SOLDADO",0,4,DESCLASSIFICADO," ",2004,501
"73182900 BUCHA DE ACO",0,4,DESCLASSIFICADO," ",332,83
"73182900 PINO DE ACO P/FIXACAO DO BR",0,1,DESCLASSIFICADO," ",1455,1455
"73182200 ARRUELA DE ACO DO BRACO",0,2,DESCLASSIFICADO," ",20,10
"73181500 PINO DE ACO",0,4,DESCLASSIFICADO," ",124,31
"73182900 PINO DE ACO",0,4,DESCLASSIFICADO," ",572,143
"73181500 PARAFUSO DE ACO M20X50",0,1,DESCLASSIFICADO," ",28,28
"73181500 PARAFUSO DE ACO",0,1,DESCLASSIFICADO," ",34,34
"84314929 CJ. ACO SOLDADO",0,1,DESCLASSIFICADO," ",2537,2537
"73182900 PINO DE ACO DO CILINDRO",0,1,DESCLASSIFICADO," ",80,80
"84314929 HASTE DE PLASTICO CONTROLE",0,1,DESCLASSIFICADO," ",461,461
"73261900 CJ. HASTE ROSCADA ACO MED",0,1,DESCLASSIFICADO," ",124,124
"84314929 JUNTA ESFERICA",0,4,DESCLASSIFICADO," ",536,134
"73182900 CONJ. TIRANTE",0,1,DESCLASSIFICADO," ",218,218
"73181600 PORCA DE ACO SEXTAVADA M8X1",0,3,DESCLASSIFICADO," ",15.3,5.1
"84314200 FACA DA CACAMBA 25MM",0,2,DESCLASSIFICADO," ",6822,3411
"73182900 ANEL DE ACO",0,12,DESCLASSIFICADO," ",795.6,66.3
"73182900 PINO DE ACO DA CACAMBA CARRO",0,12,DESCLASSIFICADO," ",2436,203
"84314929 BUCHA DE ACO",0,4,DESCLASSIFICADO," ",342,85.5
"73181500 CJ PINO DE ACO. CILINDRO",0,2,DESCLASSIFICADO," ",1454,727
"73182900 PINO DE ACO",0,2,DESCLASSIFICADO," ",2648,1324
"73182200 ARRUELA DE ACO",0,4,DESCLASSIFICADO," ",1.92,0.48
"73182900 CALCO DE ACO DE REGULAGEM",0,6,DESCLASSIFICADO," ",47.4,7.9
"73182900 PINO DE ACO",0,2,DESCLASSIFICADO," ",550,275
"84314929 BUCHA DE ACO",0,4,DESCLASSIFICADO," ",464,116
"84314929 BUCHA DE ACO",0,8,DESCLASSIFICADO," ",744,93
"73181500 PINO DE ACO",0,2,DESCLASSIFICADO," ",312,156
"73182900 PINO DE ACO",0,2,DESCLASSIFICADO," ",586.8,293.4
"40161010 USE 87061147",0,4,DESCLASSIFICADO," ",183.6,45.9
"40161010 RETENTOR BORRACHA P/CILI.",0,8,DESCLASSIFICADO," ",215.2,26.9
"73181500 PINO DE ACO",0,1,DESCLASSIFICADO," ",275,275
"73182900 KIT TRAVA ANEL PINO BUCHA",0,1,DESCLASSIFICADO," ",234,234
"73181500 PINO DE ACO",0,1,DESCLASSIFICADO," ",232,232
"84833090 BUCHA DE ACO DA RETRO",0,12,DESCLASSIFICADO," ",840,70
"73182900 TIRANTE DE ACO",0,2,DESCLASSIFICADO," ",264,132
"84841000 JUNTA UNIVERSAL DE ACO",0,2,DESCLASSIFICADO," ",618,309
"84314929 CABO DE ACO FLEXIVEL ESTAB.",0,4,DESCLASSIFICADO," ",1260,315
"84314929 CJ. MANOPLA DO BLOQUEIO",0,1,DESCLASSIFICADO," ",1136,1136
"73181500 CJ PINO FIXACAO SAPATA",0,2,DESCLASSIFICADO," ",546,273
"84314929 CJ TRAVA DA SAPATA",0,2,DESCLASSIFICADO," ",576,288
"73182900 BUCHA DE ACO",0,2,DESCLASSIFICADO," ",394,197
"84314929 BUCHA",0,2,DESCLASSIFICADO," ",350,175
"73182900 PINO DE ACO",0,2,DESCLASSIFICADO," ",428,214
"73182900 PINO DE ACO CILINDRO ESTABI",0,2,DESCLASSIFICADO," ",444,222
"84314929 BUCHA DO CHASSI OSCILANTE",0,4,DESCLASSIFICADO," ",660,165
"84314929 BUCHA DE ACO CHASSI OSCILANTE",0,4,DESCLASSIFICADO," ",616,154
"84314929 BUCHA CHAS OSCILANT 45MM",0,8,DESCLASSIFICADO," ",1120,140
"73182900 PINO ACO DO CILINDRO RATACA",0,4,DESCLASSIFICADO," ",688,172
"84314929 CJ.PINO PIVOT.SUPERIOR",0,2,DESCLASSIFICADO," ",944.2,472.1
"83023000 KIT TRAVA DO CAPO",0,1,DESCLASSIFICADO," ",951.2,951.2
"70071100 VIDRO LAMINADO TEMP. PARABRISA",0,1,DESCLASSIFICADO," ",2716,2716
"70071100 VIDRO TEMP.FRONTAL INFER ESQUERDO",0,1,DESCLASSIFICADO," ",544,544
"70071100 VIDRO FRONTAL INFER DIREITO",0,1,DESCLASSIFICADO," ",544,544
"70091000 CJ.ESPELHO RETROVISOR EXTER",0,2,DESCLASSIFICADO," ",718,359
"84219999 ELEMENTO P/FILTRO COMB. ACO",0,60,DESCLASSIFICADO," ",2032.2,33.87
"84219999 ELEMENTO FILTRO DE AR",0,30,DESCLASSIFICADO," ",4020,134
"84219999 ELEMENTO DO FILTRO DE AR",0,30,DESCLASSIFICADO," ",1899,63.3
"84212300 FILTRO. OLEO HIDRAULICO",0,30,DESCLASSIFICADO," ",15840,528
"84212300 FILTRO DE COMBUSTIVEL DO MOTOR",0,60,DESCLASSIFICADO," ",7740,129
"84212300 FILTRO OLEO USE",0,60,DESCLASSIFICADO," ",7860,131
"84212300 FILTRO DA TRANSMISSAO",0,50,DESCLASSIFICADO," ",14500,290
"27101932 MASTER GOLD HSP 15W40",0,12,DESCLASSIFICADO," ",2724,227
"27101932 AMBRA MULTI G 10W30",0,12,DESCLASSIFICADO," ",2976,248
"27101932 AMBRA TRX 80W-140",0,12,DESCLASSIFICADO," ",6072,506
"27101932 AMBRA HI-TECH 68",0,36,DESCLASSIFICADO," ",9036,251
"38200000 AGRIFLU",0,48,DESCLASSIFICADO," ",1037.28,21.61
"MAO DE OBRA MECANICA",0,250,DESCLASSIFICADO," ",21250,85
"MAO DE OBRA MECANICA",0,2500,PERDEU," ",192900,77.16
