descricao,idItem,numero,quantidade,situacao,unidadeMedida,valorTotal,valorUnitario
"BATERIA 110AH",1285842,49,2,ATIVO,UNIDADE,1101.58,550.79
"MOTOR DE PARTIDA(12 DENTES) 24V",1285843,50,2,ATIVO,UNIDADE,13321.7,6660.85
"CHAVE MAGNETICA DA PARTIDA",1285844,57,2,ATIVO,UNIDADE,1037.92,518.96
"INTERRUPTOR DO OLEO.",1285845,48,1,ATIVO,UNIDADE,60.44,60.44
"MANCAL DE PARTIDA DIANTEIRO",1285846,51,2,ATIVO,UNIDADE,932.78,466.39
"MANCAL DE PARTIDA TRASEIRO",1285847,52,2,ATIVO,UNIDADE,401.16,200.58
"PORTA ESCOVAS DA PARTIDA",1285848,53,2,ATIVO,UNIDADE,430.36,215.18
"JOGO REPARO DA PARTIDA",1285849,54,2,ATIVO,UNIDADE,259,129.5
"REPARO ENGRENAGEM DA PLANETARIA",1285850,55,2,ATIVO,UNIDADE,288.2,144.1
"INDUZIDO MOTOR DE PARTIDA",1285851,56,2,ATIVO,UNIDADE,2301.74,1150.87
"RELE AUX DE PARTIDA",1285852,58,2,ATIVO,UNIDADE,510.2,255.1
"ROTOR DO ALTERNADOR",1285853,66,2,ATIVO,UNIDADE,1363.14,681.57
"IMPULSOR DE PARTIDA.",1285854,60,2,ATIVO,UNIDADE,1472.18,736.09
"KIT BUCHAS DA PARTIDA",1285855,61,2,ATIVO,UNIDADE,159.68,79.84
"ALTERNADOR 24V 70A",1285856,62,2,ATIVO,UNIDADE,5102.02,2551.01
"CORREIA ALTERNADOR.",1285857,63,2,ATIVO,UNIDADE,445.94,222.97
"Conjunto retificador",1285858,64,2,ATIVO,UNIDADE,553.04,276.52
"REGULADOR DE VOLTAGEM",1285859,65,2,ATIVO,UNIDADE,695.2,347.6
"ESTATOR P/ALTERNADOR",1285860,67,2,ATIVO,UNIDADE,1096.34,548.17
"ROLAMENTO ALTERNADOR INTERMEDIARIO",1285861,69,2,ATIVO,UNIDADE,188.9,94.45
"INTERRUPTOR LUZ DE FREIO",1285862,47,1,ATIVO,UNIDADE,66.29,66.29
"ROLAMENTO ALTERNADOR LADO MANCAL",1285863,68,2,ATIVO,UNIDADE,208.36,104.18
"EMBREAGEM DA PARTIDA",1285864,59,2,ATIVO,UNIDADE,636.78,318.39
"VELA AQUECEDORA",1285865,46,2,ATIVO,UNIDADE,179.38,89.69
"PALHETA DO LIMPADOR",1285866,31,2,ATIVO,UNIDADE,140.38,70.19
"LAMPADA 1 POLO PEQUENA 5W",1285867,44,4,ATIVO,UNIDADE,19.48,4.87
"RELE TEMPORIZADOR DO LIMPADOR",1285868,36,1,ATIVO,UNIDADE,81.89,81.89
"ANEL DO AJUSTE DO ROLAMENTO BOSCH",1285869,70,2,ATIVO,UNIDADE,42.84,21.42
"BICO EJETOR DE AGUA (BRUCUTU) LIMPADOR",1285870,35,2,ATIVO,UNIDADE,40.94,20.47
"BOMBA DO LAVADOR DE PARABRISAS",1285871,34,2,ATIVO,UNIDADE,97.48,48.74
"BARRA DO LIMPADOR",1285872,33,2,ATIVO,UNIDADE,81.88,40.94
"PIVO DO LIMPADOR",1285873,32,2,ATIVO,UNIDADE,356.8,178.4
"MOTOR DO LIMPADOR  PARABRISAS",1285874,30,1,ATIVO,UNIDADE,424.06,424.06
"TENSOR DA CORREIA DO ALTERNADOR",1285875,29,1,ATIVO,UNIDADE,368.5,368.5
"POLIA DO ALTERNADOR",1285876,28,1,ATIVO,UNIDADE,175.47,175.47
"MANCAL P/ALTERNADOR DIANTEIRO",1285877,27,1,ATIVO,UNIDADE,358.75,358.75
"MANCAL P/ALTERNADOR TRASEIRO",1285878,26,1,ATIVO,UNIDADE,107.23,107.23
"PLANETARIA COMPLETA  C/ENGRENAGEM",1285879,25,1,ATIVO,UNIDADE,310.98,310.98
"REPARO COMPLETO ALTERNADOR",1285880,24,1,ATIVO,UNIDADE,117.96,117.96
"ANEL DO AJUSTE DO ROLAMENTO",1285881,23,2,ATIVO,UNIDADE,42.9,21.45
"ROLAMENTO ALTERNADOR INTERMEDIARIO",1285882,22,1,ATIVO,UNIDADE,94.56,94.56
"ROLAMENTO ALTERNADOR LADO MANCAL",1285883,21,1,ATIVO,UNIDADE,104.31,104.31
"BRACO DO LIMPADOR ES/DIR",1285884,37,2,ATIVO,UNIDADE,232.02,116.01
"FAROL PRINCIPAL H4 LE",1285885,38,1,ATIVO,UNIDADE,357.77,357.77
"FAROL PRINCIPAL H4 LD",1285886,39,1,ATIVO,UNIDADE,357.77,357.77
"CHICOTE DO FAROL",1285887,40,2,ATIVO,UNIDADE,155.98,77.99
"LAMPADA DE FAROL H4",1285888,41,4,ATIVO,UNIDADE,171.56,42.89
"LÂMPADA 2 POLOS",1285889,42,4,ATIVO,UNIDADE,27.28,6.82
"LAMPADA 1 POLO.",1285890,43,4,ATIVO,UNIDADE,23.4,5.85
"LAMPADA 1 POLO PEQUENA 10W",1285891,45,4,ATIVO,UNIDADE,23.4,5.85
"REPARO COMPLETO ALTERNADOR BOSCH",1285892,71,2,ATIVO,UNIDADE,237.58,118.79
"PLANETARIA COMPLETA C/ENGRENAGEM",1285893,72,2,ATIVO,UNIDADE,621.2,310.6
"MANCAL P/ALTERNADOR TRASEIRO BOSCH",1285894,73,2,ATIVO,UNIDADE,1324.18,662.09
"INDICADOR ELETRICO TEMPERATURAAGUA",1285895,179,2,ATIVO,UNIDADE,502.24,251.12
"FAROL PRINCIPAL H4 LD",1285896,178,2,ATIVO,UNIDADE,948.04,474.02
"FAROL PRINCIPAL H4 LE",1285897,177,2,ATIVO,UNIDADE,948.04,474.02
"RELE TEMPORIZADOR DO LIMPADOR",1285898,176,2,ATIVO,UNIDADE,231.66,115.83
"BICO EJETOR DE AGUA (BRUCUTU) LIMPADOR",1285899,175,4,ATIVO,UNIDADE,50.6,12.65
"BOMBA DO LAVADOR DE PARABRISAS",1285900,174,2,ATIVO,UNIDADE,114.86,57.43
"BARRA DO LIMPADOR",1285901,173,2,ATIVO,UNIDADE,262.8,131.4
"PIVO DO LIMPADOR",1285902,172,4,ATIVO,UNIDADE,658,164.5
"PALHETA DO LIMPADOR",1285903,171,6,ATIVO,UNIDADE,414.66,69.11
"MOTOR DO LIMPADOR",1285904,170,2,ATIVO,UNIDADE,1169.96,584.98
"TENSOR DA CORREIA DO ALTERNADOR",1285905,169,2,ATIVO,UNIDADE,905.22,452.61
"POLIA DO ALTERNADOR",1285906,168,2,ATIVO,UNIDADE,469.16,234.58
"MANCAL P/ALTERNADOR DIANTEIRO",1285907,167,2,ATIVO,UNIDADE,671.62,335.81
"MANCAL P/ALTERNADOR TRASEIRO",1285908,166,2,ATIVO,UNIDADE,484.72,242.36
"PLANETARIA COMPLETA C/ENGRENAGEM",1285909,165,2,ATIVO,UNIDADE,508.08,254.04
"CHICOTE DO FAROL",1285910,180,4,ATIVO,UNIDADE,311.48,77.87
"REPARO COMPLETO ALTERNADOR",1285911,164,2,ATIVO,UNIDADE,235.56,117.78
"ROLAMENTO ALTERNADOR INTERMEDIARIO",1285912,162,2,ATIVO,UNIDADE,188.82,94.41
"ROLAMENTO ALTERNADOR LADO MANCAL",1285913,161,2,ATIVO,UNIDADE,208.3,104.15
"ESTATOR P/ALTERNADOR",1285914,160,2,ATIVO,UNIDADE,1251.72,625.86
"ROTOR DO ALTERNADOR",1285915,159,2,ATIVO,UNIDADE,1415.24,707.62
"REGULADOR DE VOLTAGEM",1285916,158,2,ATIVO,UNIDADE,784.52,392.26
"Conjunto retificador",1285917,157,2,ATIVO,UNIDADE,515.88,257.94
CORREIAALTERNADOR,1285918,156,2,ATIVO,UNIDADE,251.12,125.56
ALTERNADOR50/90AH,1285919,155,2,ATIVO,UNIDADE,4543.58,2271.79
"KIT BUCHAS DA PARTIDA",1285920,154,2,ATIVO,UNIDADE,161.58,80.79
"GARFO MOTOR DE PARTIDA",1285921,153,2,ATIVO,UNIDADE,241.4,120.7
"BOBINA DE CAMPO",1285922,152,2,ATIVO,UNIDADE,1008.38,504.19
"IMPULSOR DE PARTIDA.",1285923,151,2,ATIVO,UNIDADE,1105.72,552.86
"CHAVE MAGNETICA DA PARTIDA",1285924,150,2,ATIVO,UNIDADE,1545.68,772.84
"INDUZIDO MOTOR DE PARTIDA",1285925,149,2,ATIVO,UNIDADE,1777.34,888.67
"PLANETARIA COMPLETA C/ENGRENAGEM",1285926,148,2,ATIVO,UNIDADE,852.66,426.33
"ANEL DO AJUSTE DO ROLAMENTO",1285927,163,2,ATIVO,UNIDADE,29.2,14.6
"LAMPADA DE FAROL H4",1285928,181,8,ATIVO,UNIDADE,342.64,42.83
"LÂMPADA 2 POLOS",1285929,182,8,ATIVO,UNIDADE,46.72,5.84
"LAMPADA 1 POLO.",1285930,183,8,ATIVO,UNIDADE,46.72,5.84
"MANCAL P/ALTERNADOR TRASEIRO",1285931,216,2,ATIVO,UNIDADE,482.66,241.33
"PLANETARIA COMPLETA C/ENGRENAGEM",1285932,215,2,ATIVO,UNIDADE,507.96,253.98
"REPARO COMPLETO ALTERNADOR",1285933,214,2,ATIVO,UNIDADE,235.48,117.74
"ANEL DO AJUSTE DO ROLAMENTO",1285934,213,2,ATIVO,UNIDADE,46.7,23.35
"ROLAMENTO ALTERNADOR INTERMEDIARIO",1285935,212,2,ATIVO,UNIDADE,188.78,94.39
"ROLAMENTO ALTERNADOR LADO MANCAL",1285936,211,2,ATIVO,UNIDADE,208.24,104.12
"ESTATOR P/ALTERNADOR",1285937,210,2,ATIVO,UNIDADE,1251.4,625.7
"ROTOR DO ALTERNADOR",1285938,209,2,ATIVO,UNIDADE,1416.82,708.41
"REGULADOR DE VOLTAGEM",1285939,208,2,ATIVO,UNIDADE,784.32,392.16
"Conjunto retificador",1285940,207,2,ATIVO,UNIDADE,515.74,257.87
CORREIAALTERNADOR,1285941,206,2,ATIVO,UNIDADE,251.06,125.53
ALTERNADOR50/90AH,1285942,205,2,ATIVO,UNIDADE,4542.38,2271.19
"KIT BUCHAS DA PARTIDA",1285943,204,2,ATIVO,UNIDADE,163.48,81.74
"GARFO MOTOR DE PARTIDA",1285944,203,2,ATIVO,UNIDADE,241.32,120.66
"BOBINA DE CAMPO",1285945,202,2,ATIVO,UNIDADE,1010.06,505.03
"IMPULSOR DE PARTIDA.",1285946,201,2,ATIVO,UNIDADE,1105.44,552.72
"CHAVE MAGNETICA DA PARTIDA",1285947,200,2,ATIVO,UNIDADE,1545.26,772.63
"INDUZIDO MOTOR DE PARTIDA",1285948,199,2,ATIVO,UNIDADE,1776.86,888.43
"PLANETARIA COMPLETA C/ENGRENAGEM",1285949,198,2,ATIVO,UNIDADE,852.42,426.21
"REPARO ENGRENAGEM DA PLANETARIA",1285950,197,2,ATIVO,UNIDADE,381.46,190.73
"JOGO REPARO DA PARTIDA",1285951,196,2,ATIVO,UNIDADE,258.84,129.42
"PORTA ESCOVAS DA PARTIDA",1285952,195,2,ATIVO,UNIDADE,535.2,267.6
"MANCAL DE PARTIDA DIANTEIRO",1285953,194,2,ATIVO,UNIDADE,829.08,414.54
"MANCAL INTERMEDIARIOPARTIDA",1285954,193,2,ATIVO,UNIDADE,632.5,316.25
"MOTOR DE PARTIDA (10 DENTES)",1285955,192,2,ATIVO,UNIDADE,13317.72,6658.86
"FILTRO DE AR COM VEDACAO",1285956,191,2,ATIVO,UNIDADE,198.56,99.28
"COMPRESSOR AR-CONDICIONADO",1285957,190,2,ATIVO,UNIDADE,5472.16,2736.08
"CASCO DE BATERIA 180AH",1285958,189,2,ATIVO,UNIDADE,290.06,145.03
"BATERIA 180AH",1285959,188,2,ATIVO,UNIDADE,1448.34,724.17
"SENSOR TEMPERATURA.",1285960,187,2,ATIVO,UNIDADE,153.78,76.89
"INTERRUPTOR PRESSAO DO OLEO",1285961,186,2,ATIVO,UNIDADE,120.7,60.35
"LAMPADA 1 POLO PEQUENA 10W",1285962,185,8,ATIVO,UNIDADE,23.36,2.92
"LAMPADA 1 POLO PEQUENA 5W",1285963,184,8,ATIVO,UNIDADE,31.12,3.89
"REPARO ENGRENAGEM DA PLANETARIA",1285964,147,2,ATIVO,UNIDADE,381.56,190.78
"JOGO REPARO DA PARTIDA",1285965,146,2,ATIVO,UNIDADE,258.92,129.46
"PORTA ESCOVAS DA PARTIDA",1285966,145,2,ATIVO,UNIDADE,535.34,267.67
"MANCAL DE PARTIDA DIANTEIRO",1285967,144,2,ATIVO,UNIDADE,829.3,414.65
"IMPULSOR DE PARTIDA.",1285968,106,2,ATIVO,UNIDADE,1477.4,738.7
"EMBREAGEM DA PARTIDA",1285969,105,2,ATIVO,UNIDADE,639.04,319.52
"RELE AUX DE PARTIDA",1285970,104,2,ATIVO,UNIDADE,512,256
"CHAVE MAGNETICA DA PARTIDA",1285971,103,2,ATIVO,UNIDADE,1039.64,519.82
"INDUZIDO MOTOR DE PARTIDA",1285972,102,2,ATIVO,UNIDADE,2309.9,1154.95
"REPARO ENGRENAGEM DA PLANETARIA",1285973,101,2,ATIVO,UNIDADE,289.22,144.61
"JOGO REPARO DA PARTIDA",1285974,100,2,ATIVO,UNIDADE,259.92,129.96
"PORTA ESCOVAS DA PARTIDA",1285975,99,2,ATIVO,UNIDADE,431.88,215.94
"MANCAL DE PARTIDA TRASEIRO",1285976,98,2,ATIVO,UNIDADE,402.58,201.29
"MANCAL DE PARTIDA DIANTEIRO",1285977,97,2,ATIVO,UNIDADE,936.08,468.04
"MOTOR DE PARTIDA(12 DENTES) 24V",1285978,96,2,ATIVO,UNIDADE,13368.86,6684.43
"CASCO DE BATERIA 180AH",1285979,95,4,ATIVO,UNIDADE,580.32,145.08
"BATERIA 180AH",1285980,94,4,ATIVO,UNIDADE,3072.88,768.22
"LAMPADA 1 POLO PEQUENA 10W",1285981,93,15,ATIVO,UNIDADE,87.6,5.84
"LAMPADA 1 POLO PEQUENA 5W",1285982,92,15,ATIVO,UNIDADE,73.05,4.87
"LAMPADA 1 POLO.",1285983,91,15,ATIVO,UNIDADE,102.3,6.82
"LÂMPADA 2 POLOS",1285984,90,8,ATIVO,UNIDADE,46.72,5.84
"LAMPADA DE FAROL",1285985,89,6,ATIVO,UNIDADE,257.04,42.84
"CHICOTE DO FAROL",1285986,88,4,ATIVO,UNIDADE,1090.52,272.63
"FAROL REDONDO     H3",1285987,87,4,ATIVO,UNIDADE,1405.96,351.49
"BRACO DO LIMPADOR ES/DIR",1285988,86,6,ATIVO,UNIDADE,695.22,115.87
"RELE TEMPORIZADOR DO LIMPADOR 24V",1285989,85,2,ATIVO,UNIDADE,358.3,179.15
"BICO EJETOR DE AGUA (BRUCUTU) LIMPADOR",1285990,84,4,ATIVO,UNIDADE,89.56,22.39
"BOMBA DO LAVADOR DE PARABRISAS 24V",1285991,83,4,ATIVO,UNIDADE,260.96,65.24
"BARRA DO LIMPADOR LD",1285992,82,4,ATIVO,UNIDADE,155.8,38.95
"PIVO DO LIMPADOR",1285993,81,4,ATIVO,UNIDADE,712.72,178.18
"PALHETA DO LIMPADOR BOSCH PC",1285994,80,6,ATIVO,UNIDADE,420.6,70.1
"MOTOR DO LIMPADOR PARABRISAS",1285995,79,2,ATIVO,UNIDADE,2560.74,1280.37
"VALVULA ELETROMAGNETICA (CAV)",1285996,78,2,ATIVO,UNIDADE,368.04,184.02
"VALVULA SOLENOIDE (ESTRANGULADOR)",1285997,77,3,ATIVO,UNIDADE,1612.38,537.46
"TENSOR DA CORREIA DO ALTERNADOR",1285998,76,2,ATIVO,UNIDADE,736.1,368.05
"POLIA DO ALTERNADOR",1285999,75,2,ATIVO,UNIDADE,352.46,176.23
"MANCAL P/ALTERNADOR DIANTEIRO BOSCH",1286000,74,2,ATIVO,UNIDADE,876.3,438.15
"KIT BUCHAS DA PARTIDA",1286001,107,2,ATIVO,UNIDADE,160.24,80.12
"VENTOINHA DO ALTERNADOR",1286002,20,1,ATIVO,UNIDADE,103.33,103.33
"ALTERNADOR 24V 70A",1286003,108,2,ATIVO,UNIDADE,5120.06,2560.03
"Conjunto retificador",1286004,110,2,ATIVO,UNIDADE,555,277.5
"MANCAL INTERMEDIARIOPARTIDA",1286005,143,2,ATIVO,UNIDADE,632.68,316.34
"MOTOR DE PARTIDA (10 DENTES)",1286006,142,2,ATIVO,UNIDADE,13321.24,6660.62
"CASCO DE BATERIA 180AH",1286007,141,2,ATIVO,UNIDADE,291.18,145.59
"BATERIA 180AH",1286008,140,2,ATIVO,UNIDADE,1541.88,770.94
"LAMPADA 1 POLO PEQUENA 10W",1286009,139,8,ATIVO,UNIDADE,46.88,5.86
"LAMPADA 1 POLO PEQUENA 5W",1286010,138,8,ATIVO,UNIDADE,39.12,4.89
"LAMPADA 1 POLO.",1286011,137,8,ATIVO,UNIDADE,54.72,6.84
"LÂMPADA 2 POLOS",1286012,136,8,ATIVO,UNIDADE,46.88,5.86
"LAMPADA DE FAROL",1286013,135,8,ATIVO,UNIDADE,343.92,42.99
"CHICOTE DO FAROL",1286014,134,4,ATIVO,UNIDADE,1094.36,273.59
"FAROL REDONDO     H3",1286015,133,6,ATIVO,UNIDADE,2116.44,352.74
"BRACO DO LIMPADOR ES/DIR",1286016,132,4,ATIVO,UNIDADE,469,117.25
"RELE TEMPORIZADOR DO LIMPADOR 24V",1286017,131,2,ATIVO,UNIDADE,359.58,179.79
"BICO EJETOR DE AGUA (BRUCUTU) LIMPADOR",1286018,130,4,ATIVO,UNIDADE,89.88,22.47
"BOMBA DO LAVADOR DE PARABRISAS 24V",1286019,129,2,ATIVO,UNIDADE,132.88,66.44
"BARRA DO LIMPADOR LD",1286020,128,2,ATIVO,UNIDADE,78.16,39.08
"PIVO DO LIMPADOR",1286021,127,4,ATIVO,UNIDADE,715.24,178.81
"PALHETA DO LIMPADORBOSCH PC",1286022,126,6,ATIVO,UNIDADE,422.1,70.35
"MOTOR DO LIMPADORPARABRISAS",1286023,125,2,ATIVO,UNIDADE,2569.8,1284.9
"VALVULA ELETROMAGNETICA (CAV)",1286024,124,2,ATIVO,UNIDADE,369.34,184.67
"VALVULA SOLENOIDE (ESTRANGULADOR)",1286025,123,2,ATIVO,UNIDADE,1078.74,539.37
"TENSOR DA CORREIA DO ALTERNADOR",1286026,122,2,ATIVO,UNIDADE,738.7,369.35
"POLIA DO ALTERNADOR",1286027,121,2,ATIVO,UNIDADE,353.72,176.86
"MANCAL P/ALTERNADOR DIANTEIRO BOSCH",1286028,120,2,ATIVO,UNIDADE,879.4,439.7
"MANCAL P/ALTERNADOR TRASEIRO BOSCH",1286029,119,2,ATIVO,UNIDADE,1328.88,664.44
"PLANETARIA COMPLETA C/ENGRENAGEM",1286030,118,2,ATIVO,UNIDADE,623.4,311.7
"REPARO COMPLETO ALTERNADOR BOSCH",1286031,117,2,ATIVO,UNIDADE,236.46,118.23
"ANEL DO AJUSTE DO ROLAMENTO BOSCH",1286032,116,2,ATIVO,UNIDADE,43,21.5
"ROLAMENTO ALTERNADOR INTERMEDIARIO",1286033,115,2,ATIVO,UNIDADE,191.52,95.76
"ROLAMENTO ALTERNADOR LADO MANCAL",1286034,114,2,ATIVO,UNIDADE,209.1,104.55
"ESTATOR P/ALTERNADOR",1286035,113,2,ATIVO,UNIDADE,1100.22,550.11
"ROTOR DO ALTERNADOR",1286036,112,2,ATIVO,UNIDADE,1367.96,683.98
"REGULADOR DE VOLTAGEM",1286037,111,2,ATIVO,UNIDADE,504.2,252.1
CORREIAALTERNADOR,1286038,109,2,ATIVO,UNIDADE,449.48,224.74
"ESTATOR P/ALTERNADOR",1286039,19,1,ATIVO,UNIDADE,496.2,496.2
"POLIA DO ALTERNADOR",1286040,218,2,ATIVO,UNIDADE,469.02,234.51
"REGULADOR DE VOLTAGEM",1286041,17,1,ATIVO,UNIDADE,286.61,286.61
"ROTOR DO ALTERNADOR",1286042,18,1,ATIVO,UNIDADE,767.21,767.21
"MANCAL P/ALTERNADOR DIANTEIRO",1286043,217,2,ATIVO,UNIDADE,671.44,335.72
"MOTOR DE PARTIDA (10 DENTES)",1286044,1,1,ATIVO,UNIDADE,3441.24,3441.24
"MANCAL DE PARTIDA DIANTEIRO",1286045,2,1,ATIVO,UNIDADE,316.83,316.83
"MANCAL DE PARTIDA TRASEIRO",1286046,3,1,ATIVO,UNIDADE,102.36,102.36
"JOGO REPARO DA PARTIDA",1286047,5,1,ATIVO,UNIDADE,129.66,129.66
"REPARO ENGRENAGEM DA PLANETARIA",1286048,6,2,ATIVO,UNIDADE,288.56,144.28
"PLANETARIA COMPLETA",1286049,7,1,ATIVO,UNIDADE,426.99,426.99
"PORTA ESCOVAS DA PARTIDA",1286050,4,1,ATIVO,UNIDADE,248.59,248.59
"CHAVE MAGNETICA DA PARTIDA",1286051,9,1,ATIVO,UNIDADE,521.55,521.55
"IMPULSOR DE PARTIDA.",1286052,10,1,ATIVO,UNIDADE,426.01,426.01
"BOBINA DE CAMPO",1286053,11,1,ATIVO,UNIDADE,448.43,448.43
"GARFO DA PARTIDA",1286054,12,2,ATIVO,UNIDADE,144.28,72.14
"KIT BUCHAS DA PARTIDA",1286055,13,2,ATIVO,UNIDADE,132.58,66.29
ALTERNADOR,1286056,14,1,ATIVO,UNIDADE,3101.99,3101.99
"CORREIA ALTERNADOR  POLY V",1286057,15,1,ATIVO,UNIDADE,125.76,125.76
"Conjunto retificador",1286058,16,1,ATIVO,UNIDADE,311.95,311.95
"INDUZIDO MOTOR DE PARTIDA",1286059,8,1,ATIVO,UNIDADE,488.4,488.4
"IMPULSOR DE PARTIDA 24V BOSCH",1286060,714,4,ATIVO,UNIDADE,852.88,213.22
"BRACO DO LIMPADOR ES/DIR",1286061,1051,6,ATIVO,UNIDADE,700.56,116.76
"RELE TEMPORIZADOR DO LIMPADOR 12V",1286062,1050,8,ATIVO,UNIDADE,661.68,82.71
"CHAVE SETA COMUT/LAMPEJO",1286063,1049,4,ATIVO,UNIDADE,3514.56,878.64
"BICO EJETOR DE AGUA (BRUCUTU) LIMPADOR",1286064,1048,12,ATIVO,UNIDADE,245.16,20.43
"BOMBA DO LAVADOR DE PARABRISAS 12V",1286065,1047,12,ATIVO,UNIDADE,583.8,48.65
"CONJUNTO MONT. LIMPADOR (MECANISMO)",1286066,1046,8,ATIVO,UNIDADE,6071.68,758.96
"BARRA DO LIMPADOR LE",1286067,1045,4,ATIVO,UNIDADE,163.48,40.87
"BARRA DO LIMPADOR LD",1286068,1044,4,ATIVO,UNIDADE,163.48,40.87
"PIVO DO LIMPADOR LE",1286069,1043,5,ATIVO,UNIDADE,895.2,179.04
"PIVO DO LIMPADOR LD",1286070,1042,5,ATIVO,UNIDADE,895.2,179.04
"PALHETA DO LIMPADOR",1286071,1041,32,ATIVO,UNIDADE,2241.92,70.06
"MOTOR DO LIMPADORPARABRISAS 12V",1286072,1040,8,ATIVO,UNIDADE,3386.16,423.27
"TENSOR DA CORREIA DO ALTERNADOR",1286073,1039,8,ATIVO,UNIDADE,2950.24,368.78
"POLIA DO ALTERNADOR",1286074,1038,8,ATIVO,UNIDADE,1416.72,177.09
"MANCAL P/ALTERNADOR DIANTEIRO",1286075,1037,8,ATIVO,UNIDADE,910.72,113.84
"MANCAL P/ALTERNADOR TRASEIRO",1286076,1036,8,ATIVO,UNIDADE,1385.6,173.2
"PLANETARIA COMPLETA C/ENGRENAGEM",1286077,1035,8,ATIVO,UNIDADE,2483.2,310.4
"REPARO COMPLETO ALTERNADOR",1286078,1034,8,ATIVO,UNIDADE,949.68,118.71
"ANEL DO AJUSTE DO ROLAMENTO",1286079,1033,8,ATIVO,UNIDADE,171.28,21.41
"ROLAMENTO ALTERNADOR INTERMEDIARIO",1286080,1032,10,ATIVO,UNIDADE,953.6,95.36
"ROLAMENTO ALTERNADOR LADO MANCAL",1286081,1031,10,ATIVO,UNIDADE,1050.9,105.09
"ESTATOR P/ALTERNADOR 12V",1286082,1030,6,ATIVO,UNIDADE,3286.86,547.81
"ROTOR DO ALTERNADOR12V",1286083,1029,8,ATIVO,UNIDADE,3837.6,479.7
"REGULADOR DE VOLTAGEM",1286084,1028,8,ATIVO,UNIDADE,2786.72,348.34
"CONJUNTO RETIFICADOR12V",1286085,1027,8,ATIVO,UNIDADE,2210.72,276.34
"CORREIA ALTERNADORPOLY V",1286086,1026,8,ATIVO,UNIDADE,1004.16,125.52
"ALTERNADOR 12V 60A",1286087,1025,5,ATIVO,UNIDADE,12688.25,2537.65
"FAROL PRINCIPAL H4 LE",1286088,1052,10,ATIVO,UNIDADE,3580.7,358.07
"KIT BUCHAS DA PARTIDA",1286089,1024,8,ATIVO,UNIDADE,529.36,66.17
"FAROL PRINCIPAL H4 LD",1286090,1053,10,ATIVO,UNIDADE,3580.7,358.07
"LAMPADA DE FAROL H4 24V",1286091,1055,15,ATIVO,UNIDADE,569.25,37.95
"RESERVATORIO CLIMAT. 14/L FIX.ESCADA",1286092,1082,8,ATIVO,UNIDADE,957.44,119.68
"PLACA DE CLIMATIZADOR (02 BOMBAS)",1286093,1081,8,ATIVO,UNIDADE,3417.28,427.16
"CLIMATIZADOR RESFRIAR SERIE 6 UNIVERSAL",1286094,1080,8,ATIVO,UNIDADE,13536.72,1692.09
"COMPRESSOR AR-CONDICIONADO",1286095,1079,8,ATIVO,UNIDADE,20231.2,2528.9
"CORREIA DO AR-CONDICIONADO",1286096,1078,5,ATIVO,UNIDADE,831.95,166.39
"CASCO BATERIA 180AH",1286097,1077,5,ATIVO,UNIDADE,724.9,144.98
"BATERIA 180AH",1286098,1076,10,ATIVO,UNIDADE,7239.3,723.93
"INTERRUPTORLUZ DE RE",1286099,1075,8,ATIVO,UNIDADE,755.04,94.38
"INTERRUPTOR PRESSAO DO OLEO",1286100,1074,8,ATIVO,UNIDADE,973.04,121.63
"INTERRUPTOR DO VENTILADOR",1286101,1073,8,ATIVO,UNIDADE,700.56,87.57
"MOTOR VENTILADOR INTERNO",1286102,1072,8,ATIVO,UNIDADE,4763.92,595.49
"RELOGIO IND.DE COMBUSTIVEL",1286103,1071,8,ATIVO,UNIDADE,1665.84,208.23
"MEDIDOR DE COMBUSTIVEL (BOIA)",1286104,1070,8,ATIVO,UNIDADE,2218.48,277.31
"RELOGIO INDICADOR TEMPERTURA",1286105,1069,8,ATIVO,UNIDADE,2856.8,357.1
"SENSOR DE TEMPERATURA",1286106,1068,8,ATIVO,UNIDADE,1105.36,138.17
"RELE DE PISCA",1286107,1067,8,ATIVO,UNIDADE,381.44,47.68
"RELE AUXILIAR",1286108,1066,8,ATIVO,UNIDADE,217.92,27.24
"VALVULA FREIO MOTOR/REDUZIDA",1286109,1065,8,ATIVO,UNIDADE,2086.16,260.77
"SOLENOIDE DESLIGAMENTO(ESTRANGULADOR)",1286110,1064,8,ATIVO,UNIDADE,5464.56,683.07
"CHICOTE PARCIAL",1286111,1063,8,ATIVO,UNIDADE,9722.48,1215.31
"LENTE LANTERNA TRASEIRA LD/LE",1286112,1062,8,ATIVO,UNIDADE,171.28,21.41
"LANTERNA TRASEIRA C/VIGIA LE",1286113,1061,8,ATIVO,UNIDADE,630.56,78.82
"LANTERNA TRASEIRA S/VIGIA LD",1286114,1060,8,ATIVO,UNIDADE,630.56,78.82
"LAMPADA 1 POLO PEQUENA 10W 24V",1286115,1059,30,ATIVO,UNIDADE,175.2,5.84
"LAMPADA 1 POLO PEQUENA 5W 24V",1286116,1058,30,ATIVO,UNIDADE,116.7,3.89
"LAMPADA 1 POLO 24V",1286117,1057,30,ATIVO,UNIDADE,175.2,5.84
"LAMPADA 2 POLOS 24V",1286118,1056,30,ATIVO,UNIDADE,146.1,4.87
"CHICOTE DO FAROL",1286119,1054,6,ATIVO,UNIDADE,472.92,78.82
"ESCADA CLIMATIZADOR PRETA ECON",1286120,1083,8,ATIVO,UNIDADE,3105.92,388.24
"IMPULSOR DE PARTIDA 12V",1286121,1023,8,ATIVO,UNIDADE,1556.88,194.61
"CHAVE MAGNETICA DA PARTIDA 12V",1286122,1021,8,ATIVO,UNIDADE,4141.2,517.65
"PALHETA LIMPADOR PARABRISA",1286123,989,4,ATIVO,UNIDADE,311.8,77.95
"CONJUNTO MONTADO (MECANISMO) LIMP.",1286124,988,2,ATIVO,UNIDADE,1572.6,786.3
"PIVO DO LIMPADOR PARABRISAS LE",1286125,987,3,ATIVO,UNIDADE,192.93,64.31
"PIVO DO LIMPADOR PARABRISAS LD",1286126,986,3,ATIVO,UNIDADE,192.93,64.31
"BARRA DO LIMPADOR PARABRISAS LE",1286127,985,2,ATIVO,UNIDADE,124.72,62.36
"BARRA DO LIMPADOR PARABRISAS LD",1286128,984,2,ATIVO,UNIDADE,124.72,62.36
"BRACO LIMPADOR PARABRISAS LD/LE",1286129,983,2,ATIVO,UNIDADE,231.9,115.95
"MOTOR DO LIMPADOR PARABRISAS24V",1286130,982,2,ATIVO,UNIDADE,1533.64,766.82
"TENSOR DA CORREIA ALTERNADOR",1286131,981,2,ATIVO,UNIDADE,834.04,417.02
"POLIA DO ALTERNADOR",1286132,980,2,ATIVO,UNIDADE,302.04,151.02
"CONJUNTO RETIFICADOR 24V",1286133,979,2,ATIVO,UNIDADE,847.68,423.84
"ANEL DE AJUSTE DO ROLAMENTO BOSCH",1286134,978,2,ATIVO,UNIDADE,44.82,22.41
"ROLAMENTO ALT.INTERMEDIARIO",1286135,977,2,ATIVO,UNIDADE,99.38,49.69
"ROLAMENTO ALT. LADO MANCAL",1286136,976,2,ATIVO,UNIDADE,358.56,179.28
"MANCAL DO ALTERNADOR TRASEIRO 24V",1286137,975,2,ATIVO,UNIDADE,789.22,394.61
"ESTATOR P/ALTERNADOR 24V",1286138,974,2,ATIVO,UNIDADE,672.3,336.15
"ROTOR P/ALTERNADOR 24V",1286139,973,2,ATIVO,UNIDADE,917.84,458.92
"REGULADOR DE VOLTAGEM 24V",1286140,972,2,ATIVO,UNIDADE,878.86,439.43
ALTERNADOR24V,1286141,971,2,ATIVO,UNIDADE,3710.34,1855.17
"CHAVE MAGNETICA PARTIDA24V",1286142,970,2,ATIVO,UNIDADE,748.3,374.15
"KIT BUCHA PARTIDA",1286143,969,2,ATIVO,UNIDADE,163.7,81.85
"REPARO DA PARTIDA24V",1286144,968,2,ATIVO,UNIDADE,333.22,166.61
"PORTA ESCOVAS PARTIDA24V",1286145,967,2,ATIVO,UNIDADE,155.9,77.95
"MANCAL DE PARTIDA TRASEIRO",1286146,966,2,ATIVO,UNIDADE,305.94,152.97
"MANCAL DE PARTIDA DIANTEIRO",1286147,965,2,ATIVO,UNIDADE,572.92,286.46
"BOBINA DE CAMPO24V",1286148,964,2,ATIVO,UNIDADE,650.86,325.43
PLANETARIA,1286149,963,2,ATIVO,UNIDADE,898.36,449.18
"FAROL PRINCIPAL DUPLO H1/H1LD",1286150,990,2,ATIVO,UNIDADE,765.84,382.92
"RELE AUX DE PARTIDA12V",1286151,1022,8,ATIVO,UNIDADE,1564.64,195.58
"FAROL PRINCIPAL DUPLO H1/H1 LE",1286152,991,2,ATIVO,UNIDADE,765.84,382.92
"CHAVE SETA C/FAROL ALTO E BAIXO",1286153,993,2,ATIVO,UNIDADE,1935.06,967.53
"INDUZIDO MOTOR DE PARTIDA 12V",1286154,1020,5,ATIVO,UNIDADE,3157.45,631.49
"REPARO ENGRENAGEM DA PLANETARIA",1286155,1019,8,ATIVO,UNIDADE,1152.08,144.01
"JOGO REPARO DA PARTIDA",1286156,1018,8,ATIVO,UNIDADE,1035.28,129.41
"PORTA ESCOVAS DA PARTIDA",1286157,1017,8,ATIVO,UNIDADE,2942.4,367.8
"MANCAL DE PARTIDA TRASEIRO",1286158,1016,8,ATIVO,UNIDADE,1930.48,241.31
"MANCAL DE PARTIDA DIANTEIRO",1286159,1015,8,ATIVO,UNIDADE,4094.48,511.81
"MOTOR DE PARTIDA 12V (10 DENTES)",1286160,1014,5,ATIVO,UNIDADE,17290.7,3458.14
"BOMBA AGUA CLIMATIZADOR",1286161,1013,2,ATIVO,UNIDADE,136.4,68.2
"MOTOR P/CLIMATIZADOR",1286162,1012,2,ATIVO,UNIDADE,381.94,190.97
"PALHA CLIMATIZADOR REFIL (RESFRIAR)",1286163,1011,2,ATIVO,UNIDADE,134.46,67.23
"ESCADA CLIMATIZADOR PRETA ECON",1286164,1010,2,ATIVO,UNIDADE,777.54,388.77
"RESERVATORIO CLIMAT. 14/L FIX.ESCADA",1286165,1009,2,ATIVO,UNIDADE,239.7,119.85
"PLACA DE CLIMATIZADOR (02 BOMBAS)",1286166,1008,2,ATIVO,UNIDADE,855.48,427.74
"CLIMATIZADOR RESFRIAR SERIE 6 UNIVERSAL",1286167,1007,2,ATIVO,UNIDADE,3388.8,1694.4
"CASCO BATERIA",1286168,1006,2,ATIVO,UNIDADE,290.36,145.18
"BATERIA 180AH",1286169,1005,2,ATIVO,UNIDADE,1449.84,724.92
"CONECTOR DA LANTERNA TRASEIRA",1286170,1004,2,ATIVO,UNIDADE,74.06,37.03
"LENTE LANTERNA TRASEIRA.",1286171,1003,2,ATIVO,UNIDADE,103.28,51.64
"LANTERNA TRASEIRA COMPLETA S/VIGIA",1286172,1002,2,ATIVO,UNIDADE,500.82,250.41
"LANTERNA TRASEIRA COMPLETA C/VIGIA",1286173,1001,2,ATIVO,UNIDADE,500.82,250.41
"LAMPADA 1 POLO GRANDE 24V 21W AMBAR",1286174,1000,10,ATIVO,UNIDADE,224.1,22.41
"LAMPADA 1 POLO PEQUENA 24V 10W",1286175,999,10,ATIVO,UNIDADE,58.5,5.85
"LAMPADA 1 POLO PEQUENA 24V 5W",1286176,998,10,ATIVO,UNIDADE,48.7,4.87
"LAMPADA 2 POLOS PINO DESENCONTRADO 24V",1286177,997,10,ATIVO,UNIDADE,58.5,5.85
"LAMAPADA 1POLO GRANDE 24V 21W",1286178,996,10,ATIVO,UNIDADE,68.2,6.82
"CHICOTE DO FAROL",1286179,995,4,ATIVO,UNIDADE,315.68,78.92
"SOQUETE FAROL LAMPADA H1",1286180,994,2,ATIVO,UNIDADE,29.24,14.62
"LAMPADA H1 24V",1286181,992,2,ATIVO,UNIDADE,76,38
"GARFO MOTOR DE PARTIDA",1286182,962,2,ATIVO,UNIDADE,111.08,55.54
"PALHA CLIMATIZADOR REFIL (RESFRIAR)",1286183,1084,8,ATIVO,UNIDADE,537.12,67.14
"BOMBA AGUA CLIMATIZADOR",1286184,1086,8,ATIVO,UNIDADE,544.88,68.11
"MANCAL P/ALTERNADOR TRASEIRO BOSCH",1286185,1175,2,ATIVO,UNIDADE,349.18,174.59
"PLANETARIA COMPLETA C/ENGRENAGEM",1286186,1174,1,ATIVO,UNIDADE,311.15,311.15
"REPARO COMPLETO ALTERNADOR BOSCH",1286187,1173,1,ATIVO,UNIDADE,119,119
"ANEL DO AJUSTE DO ROLAMENTO BOSCH",1286188,1172,1,ATIVO,UNIDADE,21.46,21.46
"ROLAMENTO ALTERNADOR INTERMEDIARIO",1286189,1171,2,ATIVO,UNIDADE,189.22,94.61
"ROLAMENTO ALTERNADOR LADO MANCAL",1286190,1170,2,ATIVO,UNIDADE,208.74,104.37
"ESTATOR P/ALTERNADOR",1286191,1169,1,ATIVO,UNIDADE,549.14,549.14
"ROTOR DO ALTERNADOR",1286192,1168,1,ATIVO,UNIDADE,1227.03,1227.03
"REGULADOR DE VOLTAGEM BOSCH",1286193,1167,1,ATIVO,UNIDADE,349.19,349.19
"Conjunto retificador",1286194,1166,1,ATIVO,UNIDADE,302.37,302.37
"CORREIAALTERNADOR POLY V",1286195,1165,1,ATIVO,UNIDADE,126.8,126.8
ALTERNADOR,1286196,1164,1,ATIVO,UNIDADE,3588.44,3588.44
"GARFO COMPLETO DA PARTIDA",1286197,1163,1,ATIVO,UNIDADE,65.35,65.35
"BOBINA DE CAMPO",1286198,1162,1,ATIVO,UNIDADE,604.74,604.74
"KIT BUCHAS DA PARTIDA",1286199,1161,2,ATIVO,UNIDADE,152.16,76.08
"IMPULSOR DE PARTIDA.",1286200,1160,1,ATIVO,UNIDADE,528.66,528.66
"RELE AUX DE PARTIDA",1286201,1159,1,ATIVO,UNIDADE,377.47,377.47
"CHAVE MAGNETICA DA PARTIDA",1286202,1158,1,ATIVO,UNIDADE,518.91,518.91
"INDUZIDO MOTOR DE PARTIDA",1286203,1157,1,ATIVO,UNIDADE,633.03,633.03
"REPARO ENGRENAGEM DA PLANETARIA",1286204,1156,1,ATIVO,UNIDADE,144.36,144.36
"JOGO REPARO DA PARTIDA",1286205,1155,2,ATIVO,UNIDADE,288.72,144.36
"PORTA ESCOVAS DA PARTIDA",1286206,1154,1,ATIVO,UNIDADE,351.14,351.14
"MANCAL DE PARTIDA TRASEIRO BOSCH",1286207,1153,1,ATIVO,UNIDADE,144.36,144.36
"MANCAL DE PARTIDA DIANTEIROBOSCH",1286208,1152,1,ATIVO,UNIDADE,363.82,363.82
"MOTOR DE PARTIDA.",1286209,1151,1,ATIVO,UNIDADE,3330.94,3330.94
"BOMBA AGUA CLIMATIZADOR",1286210,1150,3,ATIVO,UNIDADE,204.51,68.17
"MOTOR P/CLIMATIZADOR",1286211,1149,3,ATIVO,UNIDADE,572.67,190.89
"MANCAL P/ALTERNADOR DIANTEIRO BOSCH",1286212,1176,1,ATIVO,UNIDADE,211.66,211.66
"PALHA CLIMATIZADOR REFIL (RESFRIAR)",1286213,1148,3,ATIVO,UNIDADE,201.6,67.2
"POLIA DO ALTERNADOR",1286214,1177,1,ATIVO,UNIDADE,176.54,176.54
"MOTOR DO LIMPADORPARABRISAS",1286215,1179,1,ATIVO,UNIDADE,713.01,713.01
"KIT BUCHAS DA PARTIDA",1286216,1206,1,ATIVO,UNIDADE,75.99,75.99
"IMPULSOR DE PARTIDA.",1286217,1205,1,ATIVO,UNIDADE,528.06,528.06
"RELE AUX DE PARTIDA",1286218,1204,1,ATIVO,UNIDADE,377.05,377.05
"CHAVE MAGNETICA DA PARTIDA",1286219,1203,1,ATIVO,UNIDADE,518.32,518.32
"INDUZIDO MOTOR DE PARTIDA",1286220,1202,1,ATIVO,UNIDADE,632.31,632.31
"REPARO ENGRENAGEM DA PLANETARIA",1286221,1201,1,ATIVO,UNIDADE,145.17,145.17
"JOGO REPARO DA PARTIDA",1286222,1200,1,ATIVO,UNIDADE,145.17,145.17
"PORTA ESCOVAS DA PARTIDA",1286223,1199,1,ATIVO,UNIDADE,350.74,350.74
"MANCAL DE PARTIDA TRASEIRO BOSCH",1286224,1198,1,ATIVO,UNIDADE,144.19,144.19
"MANCAL DE PARTIDA DIANTEIROBOSCH",1286225,1197,1,ATIVO,UNIDADE,363.41,363.41
"MOTOR DE PARTIDA.",1286226,1196,1,ATIVO,UNIDADE,3327.17,3327.17
"CASCO DE BATERIA 180AH",1286227,1195,1,ATIVO,UNIDADE,145.33,145.33
"BATERIA 180AH",1286228,1194,2,ATIVO,UNIDADE,1539.16,769.58
"LAMPADA 1 POLO PEQUENA 10W",1286229,1193,12,ATIVO,UNIDADE,70.2,5.85
"LAMPADA 1 POLO PEQUENA 5W",1286230,1192,12,ATIVO,UNIDADE,58.56,4.88
"LAMPADA 1 POLO.",1286231,1191,12,ATIVO,UNIDADE,81.96,6.83
"LÂMPADA 2 POLOS",1286232,1190,12,ATIVO,UNIDADE,70.2,5.85
"LAMPADA DE FAROL H3",1286233,1189,6,ATIVO,UNIDADE,228.24,38.04
"LAMPADA DE FAROL H4",1286234,1188,6,ATIVO,UNIDADE,257.52,42.92
"CHICOTE DO FAROL",1286235,1187,2,ATIVO,UNIDADE,546.22,273.11
"BRACO DO LIMPADOR",1286236,1186,4,ATIVO,UNIDADE,464.28,116.07
"RELE TEMPORIZADOR DO LIMPADOR 24V",1286237,1185,1,ATIVO,UNIDADE,179.47,179.47
"BICO EJETOR DE AGUA (BRUCUTU) LIMPADOR",1286238,1184,3,ATIVO,UNIDADE,96.57,32.19
"BOMBA DO LAVADOR DE PARABRISAS",1286239,1183,2,ATIVO,UNIDADE,132.66,66.33
"BARRA DO LIMPADOR",1286240,1182,2,ATIVO,UNIDADE,177.52,88.76
"PIVO DO LIMPADOR",1286241,1181,2,ATIVO,UNIDADE,357,178.5
"PALHETA DO LIMPADORBOSCH PC",1286242,1180,4,ATIVO,UNIDADE,280.92,70.23
"TENSOR DA CORREIA DO ALTERNADOR",1286243,1178,1,ATIVO,UNIDADE,369.67,369.67
"MOTOR P/CLIMATIZADOR",1286244,1085,8,ATIVO,UNIDADE,1525.68,190.71
"ESCADA CLIMATIZADOR PRETA ECON",1286245,1147,3,ATIVO,UNIDADE,1165.77,388.59
"PLACA DE CLIMATIZADOR (02 BOMBAS)",1286246,1145,3,ATIVO,UNIDADE,1282.65,427.55
"PALHETA DO LIMPADORBOSCH PC",1286247,1113,8,ATIVO,UNIDADE,560.96,70.12
"MOTOR DO LIMPADORPARABRISAS 12V",1286248,1112,3,ATIVO,UNIDADE,993.39,331.13
"TENSOR DA CORREIA DO ALTERNADOR",1286249,1111,3,ATIVO,UNIDADE,628.17,209.39
"POLIA DO ALTERNADOR",1286250,1110,3,ATIVO,UNIDADE,490.86,163.62
"MANCAL P/ALTERNADOR DIANTEIRO BOSCH",1286251,1109,3,ATIVO,UNIDADE,920.34,306.78
"MANCAL P/ALTERNADOR TRASEIRO BOSCH",1286252,1108,3,ATIVO,UNIDADE,520.08,173.36
"PLANETARIA COMPLETA C/ENGRENAGEM",1286253,1107,3,ATIVO,UNIDADE,742.11,247.37
"REPARO COMPLETO ALTERNADOR BOSCH",1286254,1106,3,ATIVO,UNIDADE,356.46,118.82
"ANEL DO AJUSTE DO ROLAMENTO BOSCH",1286255,1105,3,ATIVO,UNIDADE,43.83,14.61
"ROLAMENTO ALTERNADOR INTERMEDIARIO",1286256,1104,3,ATIVO,UNIDADE,283.41,94.47
"ROLAMENTO ALTERNADOR LADO MANCAL",1286257,1103,3,ATIVO,UNIDADE,312.63,104.21
"ESTATOR P/ALTERNADOR 12V",1286258,1102,3,ATIVO,UNIDADE,1931.25,643.75
"ROTOR DO ALTERNADOR12V",1286259,1101,3,ATIVO,UNIDADE,1530.99,510.33
"REGULADOR DE VOLTAGEM",1286260,1100,3,ATIVO,UNIDADE,812.25,270.75
"CONJUNTO RETIFICADOR12V",1286261,1099,3,ATIVO,UNIDADE,765.48,255.16
"CORREIA ALTERNADOR POLY V",1286262,1098,3,ATIVO,UNIDADE,376.89,125.63
"ALTERNADOR 12V 55AH",1286263,1097,3,ATIVO,UNIDADE,7780.56,2593.52
"KIT BUCHAS DA PARTIDA",1286264,1096,3,ATIVO,UNIDADE,210.36,70.12
"IMPULSOR DE PARTIDA 12V",1286265,1095,3,ATIVO,UNIDADE,987.54,329.18
"CHAVE MAGNETICA DA PARTIDA 12V",1286266,1094,3,ATIVO,UNIDADE,861.9,287.3
"INDUZIDO MOTOR DE PARTIDA 12V",1286267,1093,3,ATIVO,UNIDADE,2053.98,684.66
"REPARO ENGRENAGEM DA PLANETARIA",1286268,1092,3,ATIVO,UNIDADE,260.04,86.68
"JOGO REPARO DA PARTIDA",1286269,1091,3,ATIVO,UNIDADE,391.5,130.5
"PORTA ESCOVAS DA PARTIDA",1286270,1090,3,ATIVO,UNIDADE,376.89,125.63
"MANCAL DE PARTIDA TRASEIRO",1286271,1089,3,ATIVO,UNIDADE,485.01,161.67
"MANCAL DE PARTIDA DIANTEIRO",1286272,1088,3,ATIVO,UNIDADE,660.3,220.1
"MOTOR DE PARTIDA 12V (10 DENTES)",1286273,1087,3,ATIVO,UNIDADE,7310.16,2436.72
"PIVO DO LIMPADOR LD",1286274,1114,3,ATIVO,UNIDADE,409.05,136.35
"RESERVATORIO CLIMAT. 14/L FIX.ESCADA",1286275,1146,3,ATIVO,UNIDADE,359.37,119.79
"PIVO DO LIMPADOR LE",1286276,1115,3,ATIVO,UNIDADE,409.05,136.35
"BARRA DO LIMPADOR LE",1286277,1117,2,ATIVO,UNIDADE,159.72,79.86
"CLIMATIZADOR RESFRIAR SERIE 6 UNIVERSAL",1286278,1144,3,ATIVO,UNIDADE,4496.55,1498.85
"MOTOR DO VENTILADOR INTERNO",1286279,1143,3,ATIVO,UNIDADE,1460.85,486.95
"PAINEL DE INSTRUMENTOS",1286280,1142,3,ATIVO,UNIDADE,6705.36,2235.12
"RELOGIO INDICADOR DE TEMPERATURA",1286281,1141,3,ATIVO,UNIDADE,686.61,228.87
"MEDIDOR DE COMBUSTIVEL (BOIA)",1286282,1140,3,ATIVO,UNIDADE,1025.52,341.84
"CASCO DE BATERIA180AH",1286283,1139,3,ATIVO,UNIDADE,435.33,145.11
"BATERIA 180AH",1286284,1138,4,ATIVO,UNIDADE,2898.36,724.59
"CONTAGIROESCALA 200-2000 RPM",1286285,1137,3,ATIVO,UNIDADE,1811.46,603.82
"LENTE LANTERNA TRASEIRA LD/LE",1286286,1136,5,ATIVO,UNIDADE,116.85,23.37
"LANTERNA TRASEIRA C/VIGIA LE",1286287,1135,3,ATIVO,UNIDADE,341.85,113.95
"LANTERNA TRASEIRA S/VIGIA LD",1286288,1134,3,ATIVO,UNIDADE,236.67,78.89
"LAMPADA 1 POLO PEQUENA 10W 12V",1286289,1133,20,ATIVO,UNIDADE,78,3.9
"LAMPADA 1 POLO PEQUENA 5W 12V",1286290,1132,20,ATIVO,UNIDADE,97.4,4.87
"LAMPADA 1 POLO 12V",1286291,1131,20,ATIVO,UNIDADE,97.4,4.87
"LAMPADA 2 POLOS 12V",1286292,1130,20,ATIVO,UNIDADE,97.4,4.87
"LAMPADA DE FAROL H4 12V",1286293,1129,10,ATIVO,UNIDADE,379.8,37.98
"RELE DE PISCA",1286294,1128,3,ATIVO,UNIDADE,227.88,75.96
"CHAVE SETA",1286295,1127,3,ATIVO,UNIDADE,1037.22,345.74
CHICOTEPARCIAL,1286296,1126,2,ATIVO,UNIDADE,2432.82,1216.41
"CHICOTE DO FAROL",1286297,1125,6,ATIVO,UNIDADE,467.46,77.91
"FAROL PRINCIPAL H4 LD",1286298,1124,3,ATIVO,UNIDADE,707.07,235.69
"FAROL PRINCIPAL H4 LE",1286299,1123,3,ATIVO,UNIDADE,707.07,235.69
"BRACO DO LIMPADOR ES/DIR",1286300,1122,4,ATIVO,UNIDADE,467.48,116.87
"RELE TEMPORIZADOR DO LIMPADOR 12V",1286301,1121,3,ATIVO,UNIDADE,248.34,82.78
"BICO EJETOR DE AGUA (BRUCUTU) LIMPADOR",1286302,1120,6,ATIVO,UNIDADE,128.58,21.43
"BOMBA DO LAVADOR DE PARABRISAS 12V",1286303,1119,4,ATIVO,UNIDADE,194.8,48.7
"CONJUNTO MONT. (MECANISMO)LIMPADOR",1286304,1118,3,ATIVO,UNIDADE,1472.55,490.85
"BARRA DO LIMPADOR LD",1286305,1116,2,ATIVO,UNIDADE,159.72,79.86
"BOBINA DE CAMPO",1286306,1207,1,ATIVO,UNIDADE,604.05,604.05
"IMPULSOR DE PARTIDA.",1286307,961,2,ATIVO,UNIDADE,487.18,243.59
"BOMBA AGUA CLIMATIZADOR",1286308,959,2,ATIVO,UNIDADE,136.62,68.31
"FAROL PRINCIPAL H4 LE",1286309,803,3,ATIVO,UNIDADE,1240.74,413.58
"BRACO DO LIMPADOR ES/DIR",1286310,802,4,ATIVO,UNIDADE,467.12,116.78
"RELE TEMPORIZADOR DO LIMPADOR 12V",1286311,801,3,ATIVO,UNIDADE,248.16,82.72
"BICO EJETOR DE AGUA (BRUCUTU) LIMPADOR",1286312,800,10,ATIVO,UNIDADE,126.5,12.65
"BOMBA DO LAVADOR DE PARABRISAS 12V",1286313,799,4,ATIVO,UNIDADE,194.64,48.66
"CONJUNTO MONTADO LIMPADOR (MECANISMO)",1286314,798,3,ATIVO,UNIDADE,1471.38,490.46
"BARRA DO LIMPADOR LE",1286315,797,3,ATIVO,UNIDADE,87.57,29.19
"BARRA DO LIMPADOR LD",1286316,796,3,ATIVO,UNIDADE,87.57,29.19
"PIVO DO LIMPADOR LE",1286317,795,3,ATIVO,UNIDADE,195.6,65.2
"PIVO DO LIMPADOR LD",1286318,794,3,ATIVO,UNIDADE,195.6,65.2
"PALHETA DO LIMPADORBOSCH PC",1286319,793,9,ATIVO,UNIDADE,630.63,70.07
"MOTOR DO LIMPADORPARABRISAS 12V",1286320,792,3,ATIVO,UNIDADE,1611.51,537.17
"TENSOR DA CORREIA DO ALTERNADOR",1286321,791,3,ATIVO,UNIDADE,627.66,209.22
"POLIA DO ALTERNADOR",1286322,790,3,ATIVO,UNIDADE,490.47,163.49
"MANCAL P/ALTERNADOR DIANTEIRO BOSCH",1286323,789,3,ATIVO,UNIDADE,919.62,306.54
"MANCAL P/ALTERNADOR TRASEIRO BOSCH",1286324,788,3,ATIVO,UNIDADE,522.57,174.19
"PLANETARIA COMPLETA C/ENGRENAGEM",1286325,787,3,ATIVO,UNIDADE,741.54,247.18
"REPARO COMPLETO ALTERNADOR BOSCH",1286326,786,3,ATIVO,UNIDADE,356.16,118.72
"ANEL DO AJUSTE DO ROLAMENTO BOSCH",1286327,785,3,ATIVO,UNIDADE,43.8,14.6
"ROLAMENTO ALTERNADOR INTERMEDIARIO",1286328,784,3,ATIVO,UNIDADE,283.17,94.39
"ROLAMENTO ALTERNADOR LADO MANCAL",1286329,783,3,ATIVO,UNIDADE,312.39,104.13
"ESTATOR P/ALTERNADOR 12V BOSCH",1286330,782,3,ATIVO,UNIDADE,1512.24,504.08
"ROTOR DO ALTERNADOR12V BOSCH",1286331,781,3,ATIVO,UNIDADE,1375.05,458.35
"REGULADOR DE VOLTAGEM BOSCH",1286332,780,3,ATIVO,UNIDADE,505.05,168.35
"CONJUNTO RETIFICADOR12V",1286333,779,3,ATIVO,UNIDADE,761.97,253.99
"CORREIA ALTERNADOR POLY V",1286334,778,3,ATIVO,UNIDADE,919.62,306.54
"ALTERNADOR 12V 50/90AH BOSCH",1286335,777,3,ATIVO,UNIDADE,7613.79,2537.93
"FAROL PRINCIPAL H4 LD",1286336,804,3,ATIVO,UNIDADE,1240.74,413.58
"KIT BUCHAS DA PARTIDA",1286337,776,3,ATIVO,UNIDADE,87.57,29.19
"CHICOTE DO FAROL",1286338,805,4,ATIVO,UNIDADE,315.28,78.82
"LAMPADA 2 POLOS 12V",1286339,807,8,ATIVO,UNIDADE,38.96,4.87
"BOMBA AGUA CLIMATIZADOR",1286340,834,3,ATIVO,UNIDADE,204.36,68.12
"MOTOR P/CLIMATIZADOR",1286341,833,3,ATIVO,UNIDADE,572.19,190.73
"PALHA CLIMATIZADOR REFIL (RESFRIAR)",1286342,832,3,ATIVO,UNIDADE,201.45,67.15
"ESCADA CLIMATIZADOR PRETA ECON",1286343,831,3,ATIVO,UNIDADE,1164.84,388.28
"RESERVATORIO CLIMAT. 14/L FIX.ESCADA",1286344,830,3,ATIVO,UNIDADE,359.1,119.7
"PLACA DE CLIMATIZADOR (02 BOMBAS)",1286345,829,3,ATIVO,UNIDADE,1281.63,427.21
"CLIMATIZADOR RESFRIAR SERIE 6 UNIVERSAL",1286346,828,3,ATIVO,UNIDADE,4492.95,1497.65
"CASCO BATERIA 180AH",1286347,827,3,ATIVO,UNIDADE,435,145
"BATERIA 180AH",1286348,826,3,ATIVO,UNIDADE,2303.4,767.8
"SENSOR DE TEMPERATURA",1286349,825,3,ATIVO,UNIDADE,411.63,137.21
"INTERRUPTOR FREIO MOTOR",1286350,824,3,ATIVO,UNIDADE,528.42,176.14
"INTERRUPTOR DO VENTILADOR",1286351,823,3,ATIVO,UNIDADE,259.83,86.61
"INTERRUPTOR DE FAROL",1286352,822,3,ATIVO,UNIDADE,256.92,85.64
"INTERRUPTOR PRESSAO DO OLEO",1286353,821,3,ATIVO,UNIDADE,364.92,121.64
"INTERRUPTOR FREIO",1286354,820,3,ATIVO,UNIDADE,362.01,120.67
"INTERRUPTOR DA REDUZIDA",1286355,819,3,ATIVO,UNIDADE,207.27,69.09
"VALVULA ACION.FREIO MOTOR E REDUZIDA",1286356,818,3,ATIVO,UNIDADE,779.49,259.83
"SOLENOIDE DESLIGAMENTO",1286357,817,3,ATIVO,UNIDADE,2049.42,683.14
"CHICOTE PARCIAL",1286358,816,3,ATIVO,UNIDADE,3649.26,1216.42
"RELE DE PISCA",1286359,815,3,ATIVO,UNIDADE,96.33,32.11
"RELE AUXILIAR",1286360,814,3,ATIVO,UNIDADE,72.99,24.33
"LENTE LANTERNA TRASEIRA LD/LE",1286361,813,3,ATIVO,UNIDADE,78.81,26.27
"LANTERNA TRASEIRAC/VIGIA LE",1286362,812,3,ATIVO,UNIDADE,236.46,78.82
"LANTERNA TRASEIRA S/VIGIA LD",1286363,811,3,ATIVO,UNIDADE,236.46,78.82
"LAMPADA 1 POLO PEQUENA 10W 12V",1286364,810,8,ATIVO,UNIDADE,31.12,3.89
"LAMPADA 1 POLO PEQUENA 5W 12V",1286365,809,8,ATIVO,UNIDADE,31.12,3.89
"LAMPADA 1 POLO 12V",1286366,808,8,ATIVO,UNIDADE,38.96,4.87
"LAMPADA DE FAROL H4 12V",1286367,806,4,ATIVO,UNIDADE,171.28,42.82
"MEDIDOR DE COMBUSTIVEL (BOIA) TANQUE",1286368,835,3,ATIVO,UNIDADE,829.11,276.37
"IMPULSOR DE PARTIDA 12V BOSCH",1286369,775,3,ATIVO,UNIDADE,782.4,260.8
"INDUZIDO MOTOR DE PARTIDA 12V BOSCH",1286370,773,3,ATIVO,UNIDADE,4586.37,1528.79
"BRACO DO LIMPADOR ES/DIR",1286371,741,6,ATIVO,UNIDADE,1425.36,237.56
"RELE TEMPORIZADOR DO LIMPADOR 24V",1286372,740,4,ATIVO,UNIDADE,327.12,81.78
"BICO EJETOR DE AGUA (BRUCUTU) LIMPADOR",1286373,739,10,ATIVO,UNIDADE,126.6,12.66
"BOMBA DO LAVADOR DE PARABRISAS 24V",1286374,738,6,ATIVO,UNIDADE,292.08,48.68
"CONJUNTO MONTADO LIMPADOR (MECANISMO)",1286375,737,4,ATIVO,UNIDADE,4712.28,1178.07
"BARRA DO LIMPADOR LE",1286376,736,2,ATIVO,UNIDADE,75.94,37.97
"BARRA DO LIMPADOR LD",1286377,735,2,ATIVO,UNIDADE,75.94,37.97
"PIVO DO LIMPADOR LE",1286378,734,4,ATIVO,UNIDADE,720.48,180.12
"PIVO DO LIMPADOR LD",1286379,733,4,ATIVO,UNIDADE,720.48,180.12
"PALHETA DO LIMPADORBOSCH PC",1286380,732,16,ATIVO,UNIDADE,1106.08,69.13
"MOTOR DO LIMPADORPARABRISAS 24V",1286381,731,4,ATIVO,UNIDADE,2149.72,537.43
"TENSOR DA CORREIA DO ALTERNADOR",1286382,730,4,ATIVO,UNIDADE,899.6,224.9
"POLIA DO ALTERNADOR",1286383,729,4,ATIVO,UNIDADE,654.28,163.57
"MANCAL P/ALTERNADOR DIANTEIRO BOSCH",1286384,728,4,ATIVO,UNIDADE,2768.96,692.24
"MANCAL P/ALTERNADOR TRASEIRO BOSCH",1286385,727,4,ATIVO,UNIDADE,985.28,246.32
"PLANETARIA COMPLETA C/ENGRENAGEM",1286386,726,4,ATIVO,UNIDADE,989.2,247.3
"REPARO COMPLETO ALTERNADOR BOSCH",1286387,725,4,ATIVO,UNIDADE,958.04,239.51
"ANEL DO AJUSTE DO ROLAMENTO BOSCH",1286388,724,4,ATIVO,UNIDADE,58.4,14.6
"ROLAMENTO ALTERNADOR INTERMEDIARIO",1286389,723,4,ATIVO,UNIDADE,377.76,94.44
"ROLAMENTO ALTERNADOR LADO MANCAL",1286390,722,4,ATIVO,UNIDADE,416.72,104.18
"ESTATOR P/ALTERNADOR 24V BOSCH",1286391,721,4,ATIVO,UNIDADE,2975.36,743.84
"ROTOR DO ALTERNADOR24V BOSCH",1286392,720,4,ATIVO,UNIDADE,2831.24,707.81
"REGULADOR DE VOLTAGEM BOSCH",1286393,719,4,ATIVO,UNIDADE,1733.04,433.26
"CONJUNTO RETIFICADOR24V",1286394,718,4,ATIVO,UNIDADE,3318.08,829.52
"CORREIA ALTERNADOR POLY V",1286395,717,4,ATIVO,UNIDADE,693.2,173.3
"ALTERNADOR 24V 50/90AH BOSCH",1286396,716,4,ATIVO,UNIDADE,22576.04,5644.01
"KIT BUCHAS DA PARTIDA",1286397,715,4,ATIVO,UNIDADE,260.92,65.23
"FAROL PRINCIPAL H4 LE",1286398,742,4,ATIVO,UNIDADE,1651.24,412.81
"CHAVE MAGNETICA DA PARTIDA 12V BOSCH",1286399,774,3,ATIVO,UNIDADE,1123.98,374.66
"FAROL PRINCIPAL H4 LD",1286400,743,4,ATIVO,UNIDADE,1651.24,412.81
"LAMPADA DE FAROL H4 24V",1286401,745,4,ATIVO,UNIDADE,171.36,42.84
"REPARO ENGRENAGEM DA PLANETARIA",1286402,772,3,ATIVO,UNIDADE,551.76,183.92
"JOGO REPARO DA PARTIDA",1286403,771,3,ATIVO,UNIDADE,391.2,130.4
"PORTA ESCOVAS DA PARTIDA",1286404,770,3,ATIVO,UNIDADE,1194.03,398.01
"MANCAL DE PARTIDA TRASEIRO BOSCH",1286405,769,3,ATIVO,UNIDADE,490.47,163.49
"MANCAL DE PARTIDA DIANTEIROBOSCH",1286406,768,3,ATIVO,UNIDADE,1100.61,366.87
"MOTOR DE PARTIDA 12V (9 DENTES) BOSCH",1286407,767,3,ATIVO,UNIDADE,11972.46,3990.82
"BOMBA AGUA CLIMATIZADOR",1286408,766,4,ATIVO,UNIDADE,272.6,68.15
"MOTOR P/CLIMATIZADOR",1286409,765,4,ATIVO,UNIDADE,763.32,190.83
"PALHA CLIMATIZADOR REFIL (RESFRIAR)",1286410,764,4,ATIVO,UNIDADE,268.72,67.18
"ESCADA CLIMATIZADOR PRETA ECON",1286411,763,4,ATIVO,UNIDADE,1553.88,388.47
"RESERVATORIO CLIMAT. 14/L FIX.ESCADA",1286412,762,4,ATIVO,UNIDADE,479,119.75
"PLACA DE CLIMATIZADOR (02 BOMBAS)",1286413,761,4,ATIVO,UNIDADE,1709.64,427.41
"CLIMATIZADOR RESFRIAR SERIE 6 UNIVERSAL",1286414,760,4,ATIVO,UNIDADE,5993.52,1498.38
"CASCO BATERIA 180AH",1286415,759,4,ATIVO,UNIDADE,580.28,145.07
"BATERIA 180AH",1286416,758,4,ATIVO,UNIDADE,3072.72,768.18
"RELE DE PISCA 24V",1286417,757,4,ATIVO,UNIDADE,210.28,52.57
"RELE TEMPORIZADOR LIMPADOR 24V",1286418,756,4,ATIVO,UNIDADE,276.52,69.13
"LANTERNA DIANTEIRA AMBAR",1286419,755,4,ATIVO,UNIDADE,225.88,56.47
"SOQUETE LANTERNA TRASEIRA.",1286420,754,4,ATIVO,UNIDADE,190.84,47.71
"LENTE LANTERNA TRASEIRA LD/LE",1286421,753,4,ATIVO,UNIDADE,81.8,20.45
"LANTERNA PISCA LATERAL",1286422,752,4,ATIVO,UNIDADE,264.84,66.21
"LANTERNA TRASEIRALE",1286423,751,4,ATIVO,UNIDADE,315.44,78.86
"LANTERNA TRASEIRALD",1286424,750,4,ATIVO,UNIDADE,315.44,78.86
"LAMPADA 1 POLO PEQUENA 10W 24V",1286425,749,8,ATIVO,UNIDADE,31.12,3.89
"LAMPADA 1 POLO PEQUENA 5W 24V",1286426,748,8,ATIVO,UNIDADE,38.96,4.87
"LAMPADA 1 POLO 24V",1286427,747,8,ATIVO,UNIDADE,38.96,4.87
"LAMPADA 2 POLOS 24V",1286428,746,8,ATIVO,UNIDADE,54.56,6.82
"CHICOTE DO FAROL",1286429,744,4,ATIVO,UNIDADE,311.56,77.89
"MOTOR DE PARTIDA24V 4,0 KW",1286430,960,2,ATIVO,UNIDADE,4363.14,2181.57
"RELOGIO IND. COMBUSTIVEL",1286431,836,3,ATIVO,UNIDADE,624.75,208.25
"RELOGIO IND. PRESSAO DO AR",1286432,838,3,ATIVO,UNIDADE,724.02,241.34
"PIVO DO LIMPADOR LD",1286433,927,3,ATIVO,UNIDADE,193.23,64.41
"PALHETA DO LIMPADORPC",1286434,926,4,ATIVO,UNIDADE,277.16,69.29
"MOTOR DO LIMPADORPARABRISAS 12V",1286435,925,2,ATIVO,UNIDADE,1077.36,538.68
"TENSOR DA CORREIA DO ALTERNADOR",1286436,924,2,ATIVO,UNIDADE,419.62,209.81
"POLIA DO ALTERNADOR",1286437,923,2,ATIVO,UNIDADE,327.9,163.95
"MANCAL P/ALTERNADOR DIANTEIRO",1286438,922,2,ATIVO,UNIDADE,614.8,307.4
"MANCAL P/ALTERNADOR TRASEIRO",1286439,921,2,ATIVO,UNIDADE,347.42,173.71
"PLANETARIA COMPLETA C/ENGRENAGEM",1286440,920,2,ATIVO,UNIDADE,495.74,247.87
"REPARO COMPLETO ALTERNADOR",1286441,919,2,ATIVO,UNIDADE,236.16,118.08
"ANEL DO AJUSTE DO ROLAMENTO",1286442,918,2,ATIVO,UNIDADE,27.32,13.66
"ROLAMENTO ALTERNADOR INTERMEDIARIO",1286443,917,2,ATIVO,UNIDADE,189.32,94.66
"ROLAMENTO ALTERNADOR LADO MANCAL",1286444,916,2,ATIVO,UNIDADE,208.84,104.42
"ESTATOR P/ALTERNADOR 12V BOSCH",1286445,915,2,ATIVO,UNIDADE,827.54,413.77
"ROTOR DO ALTERNADOR12V",1286446,914,2,ATIVO,UNIDADE,1094.92,547.46
"REGULADOR DE VOLTAGEM",1286447,913,2,ATIVO,UNIDADE,337.66,168.83
"CONJUNTO RETIFICADOR12V",1286448,912,2,ATIVO,UNIDADE,509.4,254.7
"CORREIA ALTERNADOR POLY V",1286449,911,2,ATIVO,UNIDADE,251.78,125.89
"ALTERNADOR 12V 50/90AH",1286450,910,2,ATIVO,UNIDADE,3780.52,1890.26
"KIT BUCHAS DA PARTIDA",1286451,909,2,ATIVO,UNIDADE,46.84,23.42
"IMPULSOR DE PARTIDA 12V",1286452,908,2,ATIVO,UNIDADE,341.56,170.78
"CHAVE MAGNETICA DA PARTIDA 12V",1286453,907,2,ATIVO,UNIDADE,374.74,187.37
"INDUZIDO MOTOR DE PARTIDA 12V",1286454,906,2,ATIVO,UNIDADE,1372.08,686.04
"REPARO ENGRENAGEM DA PLANETARIA",1286455,905,2,ATIVO,UNIDADE,323.98,161.99
"JOGO REPARO DA PARTIDA",1286456,904,2,ATIVO,UNIDADE,259.58,129.79
"PORTA ESCOVAS DA PARTIDA",1286457,903,2,ATIVO,UNIDADE,228.36,114.18
"MANCAL DE PARTIDA TRASEIRO",1286458,902,2,ATIVO,UNIDADE,204.94,102.47
"MANCAL DE PARTIDA DIANTEIRO",1286459,901,2,ATIVO,UNIDADE,735.8,367.9
"PIVO DO LIMPADOR LE",1286460,928,3,ATIVO,UNIDADE,193.23,64.41
"MOTOR DE PARTIDA 12V (9 DENTES)",1286461,900,2,ATIVO,UNIDADE,3981.56,1990.78
"BARRA DO LIMPADOR LD",1286462,929,2,ATIVO,UNIDADE,56.6,28.3
"CONJUNTO MONTADO LIMPADOR (MECANISMO)",1286463,931,2,ATIVO,UNIDADE,981.72,490.86
"MOTOR P/CLIMATIZADOR",1286464,958,2,ATIVO,UNIDADE,382.54,191.27
"PALHA CLIMATIZADOR REFIL (RESFRIAR)",1286465,957,2,ATIVO,UNIDADE,134.68,67.34
"ESCADA CLIMATIZADOR PRETA ECON",1286466,956,2,ATIVO,UNIDADE,778.74,389.37
"RESERVATORIO CLIMAT. 14/L FIX.ESCADA",1286467,955,2,ATIVO,UNIDADE,240.06,120.03
"PLACA DE CLIMATIZADOR (02 BOMBAS)",1286468,954,2,ATIVO,UNIDADE,856.82,428.41
"CLIMATIZADOR RESFRIAR SERIE 6 UNIVERSAL",1286469,953,2,ATIVO,UNIDADE,3003.74,1501.87
"MOTOR DO VENTILADOR INTERNO",1286470,952,2,ATIVO,UNIDADE,1173,586.5
"CASCO BATERIA 180AH",1286471,951,2,ATIVO,UNIDADE,290.8,145.4
"BATERIA 180AH",1286472,950,2,ATIVO,UNIDADE,1450.14,725.07
"MEDIDOR DE COMBUSTIVEL (BOIA)",1286473,949,2,ATIVO,UNIDADE,314.24,157.12
"INTERRUPTOR ALERTA (BOTAO)",1286474,948,2,ATIVO,UNIDADE,144.42,72.21
"SENSOR VELOCIDADE INDUTIVO",1286475,947,2,ATIVO,UNIDADE,874.38,437.19
"LENTE LANTERNA TRASEIRA LD/LE",1286476,946,2,ATIVO,UNIDADE,40.98,20.49
"LANTERNA TRASEIRA C/VIGIA LE",1286477,945,2,ATIVO,UNIDADE,158.1,79.05
"LANTERNA TRASEIRA S/VIGIA LD",1286478,944,2,ATIVO,UNIDADE,158.1,79.05
"LAMPADA 1 POLO PEQUENA 10W 12V",1286479,943,10,ATIVO,UNIDADE,39,3.9
"LAMPADA 1 POLO PEQUENA 5W 12V",1286480,942,10,ATIVO,UNIDADE,39,3.9
"LAMPADA 1 POLO 12V",1286481,941,10,ATIVO,UNIDADE,48.8,4.88
"LAMPADA 2 POLOS 12V",1286482,940,10,ATIVO,UNIDADE,48.8,4.88
"LAMPADA DE FAROL H4 12V",1286483,939,4,ATIVO,UNIDADE,171.76,42.94
"CHICOTE DO FAROL",1286484,938,4,ATIVO,UNIDADE,312.28,78.07
"FAROL PRINCIPAL H4 LD",1286485,937,2,ATIVO,UNIDADE,950.5,475.25
"FAROL PRINCIPAL H4 LE",1286486,936,2,ATIVO,UNIDADE,950.5,475.25
"BRACO DO LIMPADOR ES/DIR",1286487,935,4,ATIVO,UNIDADE,464.52,116.13
"RELE TEMPORIZADOR DO LIMPADOR 12V",1286488,934,2,ATIVO,UNIDADE,163.94,81.97
"BICO EJETOR DE AGUA (BRUCUTU) LIMPADOR",1286489,933,6,ATIVO,UNIDADE,122.94,20.49
"BOMBA DO LAVADOR DE PARABRISAS 12V",1286490,932,4,ATIVO,UNIDADE,191.28,47.82
"BARRA DO LIMPADOR LE",1286491,930,2,ATIVO,UNIDADE,56.6,28.3
"RELOGIO IND.DE TEMPERATURA",1286492,837,3,ATIVO,UNIDADE,1071.42,357.14
"BOMBA AGUA CLIMATIZADOR",1286493,899,2,ATIVO,UNIDADE,136.48,68.24
"PALHA CLIMATIZADOR REFIL (RESFRIAR)",1286494,897,2,ATIVO,UNIDADE,134.54,67.27
"MANCAL P/ALTERNADOR DIANTEIRO BOSCH",1286495,865,2,ATIVO,UNIDADE,614.2,307.1
"MANCAL P/ALTERNADOR TRASEIRO BOSCH",1286496,864,2,ATIVO,UNIDADE,347.08,173.54
"PLANETARIA COMPLETA C/ENGRENAGEM",1286497,863,2,ATIVO,UNIDADE,495.26,247.63
"REPARO COMPLETO ALTERNADOR BOSCH",1286498,862,2,ATIVO,UNIDADE,235.94,117.97
"ANEL DO AJUSTE DO ROLAMENTO BOSCH",1286499,861,2,ATIVO,UNIDADE,29.24,14.62
"ROLAMENTO ALTERNADOR INTERMEDIARIO",1286500,860,2,ATIVO,UNIDADE,189.14,94.57
"ROLAMENTO ALTERNADOR LADO MANCAL",1286501,859,2,ATIVO,UNIDADE,208.64,104.32
"ESTATOR P/ALTERNADOR 12V BOSCH",1286502,858,2,ATIVO,UNIDADE,994.42,497.21
"ROTOR DO ALTERNADOR12V BOSCH",1286503,857,2,ATIVO,UNIDADE,1719.76,859.88
"REGULADOR DE VOLTAGEM BOSCH",1286504,856,2,ATIVO,UNIDADE,584.96,292.48
"CONJUNTO RETIFICADOR12V",1286505,855,2,ATIVO,UNIDADE,508.9,254.45
"CORREIA ALTERNADOR POLY V",1286506,854,2,ATIVO,UNIDADE,251.52,125.76
"ALTERNADOR 24V 35/80AH",1286507,853,2,ATIVO,UNIDADE,4665.96,2332.98
"KIT BUCHAS DA PARTIDA",1286508,852,2,ATIVO,UNIDADE,163.78,81.89
"CARCACA POLAR C/BOBINA24V",1286509,851,2,ATIVO,UNIDADE,1657.36,828.68
"PINHAO (DELCO 10 DENTES)",1286510,850,2,ATIVO,UNIDADE,181.34,90.67
"IMPULSOR DE PARTIDA 24V BOSCH",1286511,849,2,ATIVO,UNIDADE,222.28,111.14
"CHAVE MAGNETICA DA PARTIDA 24V BOSCH",1286512,848,2,ATIVO,UNIDADE,374.36,187.18
"INDUZIDO MOTOR DE PARTIDA 24V BOSCH",1286513,847,2,ATIVO,UNIDADE,1286.9,643.45
"ENGRENAGEM DA PLANETARIA",1286514,846,2,ATIVO,UNIDADE,1041.22,520.61
"JOGO REPARO DA PARTIDA",1286515,845,2,ATIVO,UNIDADE,259.32,129.66
"PORTA ESCOVAS DA PARTIDA",1286516,844,2,ATIVO,UNIDADE,105.3,52.65
"MANCAL DE PARTIDA TRASEIRO BOSCH",1286517,843,2,ATIVO,UNIDADE,514.76,257.38
"MANCAL DE PARTIDA DIANTEIROBOSCH",1286518,842,2,ATIVO,UNIDADE,735.1,367.55
"MOTOR DE PARTIDA 24V (10 DENTES) BOSCH",1286519,841,2,ATIVO,UNIDADE,5172.92,2586.46
"MOTOR DO VENTILADOR INTERNO",1286520,840,3,ATIVO,UNIDADE,1786.68,595.56
"TACOGRAFO ELETRONICO",1286521,839,3,ATIVO,UNIDADE,9359.58,3119.86
"POLIA DO ALTERNADOR",1286522,866,2,ATIVO,UNIDADE,343.18,171.59
"MOTOR P/CLIMATIZADOR",1286523,898,2,ATIVO,UNIDADE,382.16,191.08
"TENSOR DA CORREIA DO ALTERNADOR",1286524,867,2,ATIVO,UNIDADE,419.22,209.61
"MOTOR DO LIMPADORPARABRISAS 24V",1286525,869,2,ATIVO,UNIDADE,1688.56,844.28
"ESCADA CLIMATIZADOR PRETA ECON",1286526,896,2,ATIVO,UNIDADE,777.98,388.99
"RESERVATORIO CLIMAT. 14/L FIX.ESCADA",1286527,895,2,ATIVO,UNIDADE,239.84,119.92
"PLACA DE CLIMATIZADOR (02 BOMBAS)",1286528,894,2,ATIVO,UNIDADE,855.98,427.99
"CLIMATIZADOR RESFRIAR SERIE 6 UNIVERSAL",1286529,893,2,ATIVO,UNIDADE,3000.8,1500.4
"CASCO BATERIA 180AH",1286530,892,2,ATIVO,UNIDADE,290.52,145.26
"BATERIA 180AH",1286531,891,2,ATIVO,UNIDADE,1448.74,724.37
"LENTE LANTERNA TRASEIRA LD/LE",1286532,890,2,ATIVO,UNIDADE,42.9,21.45
"LANTERNA TRASEIRA C/VIGIA LE",1286533,889,2,ATIVO,UNIDADE,157.94,78.97
"LANTERNA TRASEIRA S/VIGIA LD",1286534,888,2,ATIVO,UNIDADE,157.94,78.97
"LAMPADA 1 POLO PEQUENA 10W 12V",1286535,887,10,ATIVO,UNIDADE,39,3.9
"LAMPADA 1 POLO PEQUENA 5W 12V",1286536,886,10,ATIVO,UNIDADE,39,3.9
"LAMPADA 1 POLO 12V",1286537,885,10,ATIVO,UNIDADE,48.7,4.87
"LAMPADA 2 POLOS 24V",1286538,884,10,ATIVO,UNIDADE,48.7,4.87
"LAMPADA DE FAROL H4 24V",1286539,883,4,ATIVO,UNIDADE,171.6,42.9
"CHICOTE DO FAROL",1286540,882,4,ATIVO,UNIDADE,311.96,77.99
"FAROL PRINCIPAL H4 LD",1286541,881,2,ATIVO,UNIDADE,826.74,413.37
"FAROL PRINCIPAL H4 LE",1286542,880,2,ATIVO,UNIDADE,826.74,413.37
"BRACO DO LIMPADOR ES/DIR",1286543,879,4,ATIVO,UNIDADE,464.08,116.02
"RELE TEMPORIZADOR DO LIMPADOR 24V",1286544,878,2,ATIVO,UNIDADE,274.92,137.46
"BICO EJETOR DE AGUA (BRUCUTU) LIMPADOR",1286545,877,6,ATIVO,UNIDADE,122.82,20.47
"BOMBA DO LAVADOR DE PARABRISAS 24V",1286546,876,4,ATIVO,UNIDADE,191.08,47.77
"CONJUNTO MONTADO LIMPADOR(MECANISMO)",1286547,875,2,ATIVO,UNIDADE,2150.68,1075.34
"BARRA DO LIMPADOR LE",1286548,874,2,ATIVO,UNIDADE,115.04,57.52
"BARRA DO LIMPADOR LD",1286549,873,2,ATIVO,UNIDADE,115.04,57.52
"PIVO DO LIMPADOR LE",1286550,872,3,ATIVO,UNIDADE,424.08,141.36
"PIVO DO LIMPADOR LD",1286551,871,3,ATIVO,UNIDADE,424.08,141.36
"PALHETA DO LIMPADORBOSCH PC",1286552,870,6,ATIVO,UNIDADE,415.32,69.22
"CHICOTE DO ALTERNADOR",1286553,868,2,ATIVO,UNIDADE,237.88,118.94
"GARFO COMPLETO DA PARTIDA",1286554,1208,1,ATIVO,UNIDADE,65.28,65.28
"TENSOR DA CORREIA DO ALTERNADOR",1286555,219,2,ATIVO,UNIDADE,904.98,452.49
"IMPULSOR DE PARTIDA.",1286556,556,2,ATIVO,UNIDADE,757.36,378.68
"RELE AUX DE PARTIDA",1286557,555,2,ATIVO,UNIDADE,391.34,195.67
"CHAVE MAGNETICA DA PARTIDA",1286558,554,2,ATIVO,UNIDADE,1545.86,772.93
"INDUZIDO MOTOR DE PARTIDA",1286559,553,2,ATIVO,UNIDADE,1469.92,734.96
"BOBINA DE CAMPO",1286560,552,2,ATIVO,UNIDADE,1010.46,505.23
"PLANETARIA COMPLETA C/ENGRENAGENS",1286561,551,2,ATIVO,UNIDADE,852.76,426.38
"REPARO ENGRENAGEM DA PLANETARIA",1286562,550,2,ATIVO,UNIDADE,494.52,247.26
"JOGO REPARO DA PARTIDA",1286563,549,2,ATIVO,UNIDADE,260.88,130.44
"PORTA ESCOVAS DA PARTIDA",1286564,548,2,ATIVO,UNIDADE,496.46,248.23
"MANCAL DE PARTIDA TRASEIRO BOSCH",1286565,547,2,ATIVO,UNIDADE,288.14,144.07
"MANCAL DE PARTIDA DIANTEIROBOSCH",1286566,546,2,ATIVO,UNIDADE,829.38,414.69
"MOTOR DE PARTIDA(10 DENTES)",1286567,545,2,ATIVO,UNIDADE,5091.2,2545.6
"CASCO BATERIA 180AH",1286568,544,2,ATIVO,UNIDADE,290.28,145.14
"BATERIA 180AH",1286569,543,2,ATIVO,UNIDADE,1537.08,768.54
"LAMPADA 1 POLO PEQUENA 10W",1286570,542,6,ATIVO,UNIDADE,35.04,5.84
"LAMPADA 1 POLO PEQUENA 5W",1286571,541,6,ATIVO,UNIDADE,29.22,4.87
"LAMPADA 1 POLO.",1286572,540,6,ATIVO,UNIDADE,40.92,6.82
"LÂMPADA 2 POLOS",1286573,539,6,ATIVO,UNIDADE,35.04,5.84
"LAMPADA DE FAROL H3",1286574,538,4,ATIVO,UNIDADE,171.44,42.86
"CHICOTE DO FAROL",1286575,537,4,ATIVO,UNIDADE,701.32,175.33
"FAROL AUXILIAR H3",1286576,536,1,ATIVO,UNIDADE,351.64,351.64
"BRACO DO LIMPADOR ES/DIR",1286577,535,2,ATIVO,UNIDADE,231.82,115.91
"RELE TEMPORIZADOR DO LIMPADOR",1286578,534,1,ATIVO,UNIDADE,179.23,179.23
"CHAVE SETA COMUT/LAMPEJO",1286579,533,1,ATIVO,UNIDADE,878.61,878.61
"BICO EJETOR DE AGUA (BRUCUTU) LIMPADOR",1286580,532,3,ATIVO,UNIDADE,67.2,22.4
"BOMBA DO LAVADOR DE PARABRISAS",1286581,531,2,ATIVO,UNIDADE,151.96,75.98
"BARRA DO LIMPADOR",1286582,530,2,ATIVO,UNIDADE,77.92,38.96
"KIT BUCHAS DA PARTIDA",1286583,557,2,ATIVO,UNIDADE,107.08,53.54
"PIVO DO LIMPADOR",1286584,529,2,ATIVO,UNIDADE,358.46,179.23
ALTERNADOR120A,1286585,558,2,ATIVO,UNIDADE,4544.12,2272.06
"Conjunto retificador",1286586,560,2,ATIVO,UNIDADE,623.02,311.51
"CHICOTE DO FAROL",1286587,587,4,ATIVO,UNIDADE,700.88,175.22
"FAROL AUXILIAR H3",1286588,586,2,ATIVO,UNIDADE,702.84,351.42
"BRACO DO LIMPADOR ES/DIR",1286589,585,4,ATIVO,UNIDADE,463.36,115.84
"RELE TEMPORIZADOR DO LIMPADOR",1286590,584,2,ATIVO,UNIDADE,358.24,179.12
"CHAVE SETA COMUT/LAMPEJO",1286591,583,2,ATIVO,UNIDADE,1756.12,878.06
"BICO EJETOR DE AGUA (BRUCUTU) LIMPADOR",1286592,582,4,ATIVO,UNIDADE,89.56,22.39
"BOMBA DO LAVADOR DE PARABRISAS",1286593,581,2,ATIVO,UNIDADE,151.86,75.93
"BARRA DO LIMPADOR",1286594,580,4,ATIVO,UNIDADE,159.64,39.91
"PIVO DO LIMPADOR",1286595,579,4,ATIVO,UNIDADE,716.48,179.12
"PALHETA DO LIMPADORBOSCH PC",1286596,578,6,ATIVO,UNIDADE,414.72,69.12
"MOTOR DO LIMPADORPARABRISAS",1286597,577,2,ATIVO,UNIDADE,1423.2,711.6
"COMPRESSOR AR-CONDICIONADO",1286598,576,2,ATIVO,UNIDADE,5472.8,2736.4
"INTERRUPTORLUZ DE FREIO",1286599,575,2,ATIVO,UNIDADE,311.5,155.75
"INTERRUPTOR PRESSAO DO OLEO",1286600,574,2,ATIVO,UNIDADE,188.86,94.43
"TENSOR DA CORREIA DO ALTERNADOR",1286601,573,2,ATIVO,UNIDADE,735.94,367.97
"POLIA DO ALTERNADOR",1286602,572,2,ATIVO,UNIDADE,469.2,234.6
"MANCAL P/ALTERNADOR DIANTEIRO BOSCH",1286603,571,2,ATIVO,UNIDADE,227.8,113.9
"MANCAL P/ALTERNADOR TRASEIRO BOSCH",1286604,570,2,ATIVO,UNIDADE,348.5,174.25
"REPARO DA PLANETARIA",1286605,569,2,ATIVO,UNIDADE,329.04,164.52
"PLANETARIA COMPLETA C/ENGRENAGEM",1286606,568,2,ATIVO,UNIDADE,621.06,310.53
"REPARO COMPLETO ALTERNADOR BOSCH",1286607,567,2,ATIVO,UNIDADE,237.52,118.76
"ANEL DO AJUSTE DO ROLAMENTO BOSCH",1286608,566,2,ATIVO,UNIDADE,42.84,21.42
"ROLAMENTO ALTERNADOR INTERMEDIARIO",1286609,565,2,ATIVO,UNIDADE,188.86,94.43
"ROLAMENTO ALTERNADOR LADO MANCAL",1286610,564,2,ATIVO,UNIDADE,210.26,105.13
"ESTATOR P/ALTERNADORBOSCH",1286611,563,2,ATIVO,UNIDADE,1253.82,626.91
"ROTOR DO ALTERNADORBOSCH",1286612,562,2,ATIVO,UNIDADE,1479.66,739.83
"REGULADOR DE VOLTAGEM BOSCH",1286613,561,2,ATIVO,UNIDADE,697,348.5
CORREIAALTERNADOR,1286614,559,2,ATIVO,UNIDADE,251.16,125.58
"LAMPADA DE FAROL H3",1286615,588,8,ATIVO,UNIDADE,342.64,42.83
"PALHETA DO LIMPADORBOSCH PC",1286616,528,4,ATIVO,UNIDADE,280.52,70.13
"COMPRESSOR AR-CONDICIONADO",1286617,526,1,ATIVO,UNIDADE,2738.1,2738.1
"CASCO BATERIA 110AH",1286618,494,2,ATIVO,UNIDADE,134.54,67.27
"BATERIA 110AH",1286619,493,2,ATIVO,UNIDADE,1103.6,551.8
"INTERRUPTOR DO OLEO.",1286620,492,2,ATIVO,UNIDADE,120.88,60.44
"INTERRUPTOR LUZ DE FREIO",1286621,491,2,ATIVO,UNIDADE,132.58,66.29
"VELA AQUECEDORA",1286622,490,2,ATIVO,UNIDADE,179.38,89.69
"LAMPADA 1 POLO PEQUENA 10W",1286623,489,4,ATIVO,UNIDADE,23.4,5.85
"LAMPADA 1 POLO PEQUENA 5W",1286624,488,6,ATIVO,UNIDADE,29.22,4.87
"LAMPADA 1 POLO.",1286625,487,6,ATIVO,UNIDADE,35.1,5.85
"LÂMPADA 2 POLOS",1286626,486,6,ATIVO,UNIDADE,40.92,6.82
"LAMPADA DE FAROL H4",1286627,485,4,ATIVO,UNIDADE,171.6,42.9
"CHICOTE DO FAROL",1286628,484,4,ATIVO,UNIDADE,311.96,77.99
"FAROL PRINCIPAL H4 LD",1286629,483,1,ATIVO,UNIDADE,357.79,357.79
"FAROL PRINCIPAL H4 LE",1286630,482,1,ATIVO,UNIDADE,357.79,357.79
"BRACO DO LIMPADOR ES/DIR",1286631,481,2,ATIVO,UNIDADE,232.02,116.01
"RELE TEMPORIZADOR DO LIMPADOR",1286632,480,2,ATIVO,UNIDADE,163.78,81.89
"CHAVE SETA COMUT/LAMPEJO",1286633,479,1,ATIVO,UNIDADE,879.37,879.37
"BICO EJETOR DE AGUA (BRUCUTU) LIMPADOR",1286634,478,3,ATIVO,UNIDADE,61.41,20.47
"BOMBA DO LAVADOR DE PARABRISAS",1286635,477,2,ATIVO,UNIDADE,97.5,48.75
"CONJUNTO MONT. LIMPADOR (MECANISMO)",1286636,476,1,ATIVO,UNIDADE,759.45,759.45
"BARRA DO LIMPADOR",1286637,475,2,ATIVO,UNIDADE,79.94,39.97
"PIVO DO LIMPADOR",1286638,474,2,ATIVO,UNIDADE,356.82,178.41
"PALHETA DO LIMPADOR",1286639,473,4,ATIVO,UNIDADE,280.76,70.19
"MOTOR DO LIMPADORPARABRISAS",1286640,472,1,ATIVO,UNIDADE,424.08,424.08
"TENSOR DA CORREIA DO ALTERNADOR",1286641,471,1,ATIVO,UNIDADE,368.52,368.52
"POLIA DO ALTERNADOR",1286642,470,1,ATIVO,UNIDADE,176.46,176.46
"MANCAL P/ALTERNADOR DIANTEIRO",1286643,469,1,ATIVO,UNIDADE,358.77,358.77
"MANCAL P/ALTERNADOR TRASEIRO",1286644,468,1,ATIVO,UNIDADE,107.24,107.24
"MOTOR DE PARTIDA(10 DENTES)",1286645,495,1,ATIVO,UNIDADE,2547.18,2547.18
"MOTOR DO LIMPADORPARABRISAS",1286646,527,1,ATIVO,UNIDADE,712.04,712.04
"MANCAL DE PARTIDA DIANTEIROBOSCH",1286647,496,1,ATIVO,UNIDADE,414.95,414.95
"PORTA ESCOVAS DA PARTIDA",1286648,498,1,ATIVO,UNIDADE,248.39,248.39
"INTERRUPTORLUZ DE FREIO",1286649,525,1,ATIVO,UNIDADE,155.85,155.85
"INTERRUPTOR PRESSAO DO OLEO",1286650,524,1,ATIVO,UNIDADE,94.48,94.48
"TENSOR DA CORREIA DO ALTERNADOR",1286651,523,1,ATIVO,UNIDADE,368.2,368.2
"POLIA DO ALTERNADOR",1286652,522,1,ATIVO,UNIDADE,234.75,234.75
"MANCAL P/ALTERNADOR DIANTEIRO BOSCH",1286653,521,1,ATIVO,UNIDADE,113.97,113.97
"MANCAL P/ALTERNADOR TRASEIRO BOSCH",1286654,520,1,ATIVO,UNIDADE,173.38,173.38
"REPARO DA PLANETARIA",1286655,519,1,ATIVO,UNIDADE,163.64,163.64
"PLANETARIA COMPLETA C/ENGRENAGEM",1286656,518,1,ATIVO,UNIDADE,310.73,310.73
"REPARO COMPLETO ALTERNADOR BOSCH",1286657,517,1,ATIVO,UNIDADE,117.86,117.86
"ANEL DO AJUSTE DO ROLAMENTO BOSCH",1286658,516,1,ATIVO,UNIDADE,21.43,21.43
"ROLAMENTO ALTERNADOR INTERMEDIARIO",1286659,515,1,ATIVO,UNIDADE,94.48,94.48
"ROLAMENTO ALTERNADOR LADO MANCAL",1286660,514,1,ATIVO,UNIDADE,104.23,104.23
"ESTATOR P/ALTERNADORBOSCH",1286661,513,1,ATIVO,UNIDADE,626.32,626.32
"ROTOR DO ALTERNADORBOSCH",1286662,512,1,ATIVO,UNIDADE,740.29,740.29
"REGULADOR DE VOLTAGEM BOSCH",1286663,511,1,ATIVO,UNIDADE,348.72,348.72
"Conjunto retificador",1286664,510,1,ATIVO,UNIDADE,311.7,311.7
CORREIAALTERNADOR,1286665,509,1,ATIVO,UNIDADE,125.65,125.65
ALTERNADOR120A,1286666,508,1,ATIVO,UNIDADE,2273.47,2273.47
"KIT BUCHAS DA PARTIDA",1286667,507,1,ATIVO,UNIDADE,53.57,53.57
"IMPULSOR DE PARTIDA.",1286668,506,1,ATIVO,UNIDADE,378.91,378.91
"RELE AUX DE PARTIDA",1286669,505,1,ATIVO,UNIDADE,195.79,195.79
"CHAVE MAGNETICA DA PARTIDA",1286670,504,1,ATIVO,UNIDADE,773.41,773.41
"INDUZIDO MOTOR DE PARTIDA",1286671,503,1,ATIVO,UNIDADE,735.42,735.42
"BOBINA DE CAMPO",1286672,502,1,ATIVO,UNIDADE,504.57,504.57
"PLANETARIA COMPLETA C/ENGRENAGENS",1286673,501,1,ATIVO,UNIDADE,426.64,426.64
"REPARO ENGRENAGEM DA PLANETARIA",1286674,500,1,ATIVO,UNIDADE,246.44,246.44
"JOGO REPARO DA PARTIDA",1286675,499,1,ATIVO,UNIDADE,130.52,130.52
"MANCAL DE PARTIDA TRASEIRO BOSCH",1286676,497,1,ATIVO,UNIDADE,144.16,144.16
"PLANETARIA COMPLETAC/ENGRENAGEM",1286677,467,1,ATIVO,UNIDADE,311,311
"LÂMPADA 2 POLOS",1286678,589,8,ATIVO,UNIDADE,46.72,5.84
"LAMPADA 1 POLO PEQUENA 5W",1286679,591,8,ATIVO,UNIDADE,38.96,4.87
"BRACO DO LIMPADOR ES/DIR",1286680,680,4,ATIVO,UNIDADE,466.24,116.56
"RELE TEMPORIZADOR DO LIMPADOR 12V",1286681,679,3,ATIVO,UNIDADE,249.78,83.26
"BICO EJETOR DE AGUA (BRUCUTU) LIMPADOR",1286682,678,6,ATIVO,UNIDADE,76.38,12.73
"BOMBA DO LAVADOR DE PARABRISAS 12V",1286683,677,4,ATIVO,UNIDADE,195.88,48.97
"CONJUNTO MONTADO LIMPADOR (MECANISMO)",1286684,676,3,ATIVO,UNIDADE,1478.04,492.68
"BARRA DO LIMPADOR LE",1286685,675,2,ATIVO,UNIDADE,68.56,34.28
"BARRA DO LIMPADOR LD",1286686,674,2,ATIVO,UNIDADE,68.56,34.28
"PIVO DO LIMPADOR LE",1286687,673,4,ATIVO,UNIDADE,270.32,67.58
"PIVO DO LIMPADOR LD",1286688,672,4,ATIVO,UNIDADE,270.32,67.58
"PALHETA DO LIMPADORBOSCH PC",1286689,671,12,ATIVO,UNIDADE,834.48,69.54
"MOTOR DO LIMPADORPARABRISAS 12V",1286690,670,3,ATIVO,UNIDADE,1766.01,588.67
"TENSOR DA CORREIA DO ALTERNADOR",1286691,669,3,ATIVO,UNIDADE,1366.38,455.46
"POLIA DO ALTERNADOR",1286692,668,3,ATIVO,UNIDADE,493.65,164.55
"MANCAL P/ALTERNADOR DIANTEIRO BOSCH",1286693,667,3,ATIVO,UNIDADE,1013.76,337.92
"MANCAL P/ALTERNADOR TRASEIRO BOSCH",1286694,666,3,ATIVO,UNIDADE,728.73,242.91
"PLANETARIA COMPLETA C/ENGRENAGEM",1286695,665,3,ATIVO,UNIDADE,766.92,255.64
"REPARO COMPLETO ALTERNADOR BOSCH",1286696,664,3,ATIVO,UNIDADE,355.56,118.52
"ANEL DO AJUSTE DO ROLAMENTO BOSCH",1286697,663,3,ATIVO,UNIDADE,41.13,13.71
"ROLAMENTO ALTERNADOR INTERMEDIARIO",1286698,662,3,ATIVO,UNIDADE,285.03,95.01
"ROLAMENTO ALTERNADOR LADO MANCAL",1286699,661,3,ATIVO,UNIDADE,314.4,104.8
"ESTATOR P/ALTERNADOR 12V BOSCH",1286700,660,2,ATIVO,UNIDADE,720.9,360.45
"ROTOR DO ALTERNADOR12V BOSCH",1286701,659,2,ATIVO,UNIDADE,1026.5,513.25
"REGULADOR DE VOLTAGEM BOSCH",1286702,658,2,ATIVO,UNIDADE,491.7,245.85
"CONJUNTO RETIFICADOR12V",1286703,657,5,ATIVO,UNIDADE,1278.2,255.64
"CORREIA ALTERNADOR POLY V",1286704,656,2,ATIVO,UNIDADE,252.7,126.35
"ALTERNADOR 12V 50/90AH BOSCH",1286705,655,2,ATIVO,UNIDADE,4006.08,2003.04
"KIT BUCHAS DA PARTIDA",1286706,654,2,ATIVO,UNIDADE,162.6,81.3
"FAROL PRINCIPAL H4 LE",1286707,681,3,ATIVO,UNIDADE,1431.03,477.01
"IMPULSOR DE PARTIDA 12V BOSCH",1286708,653,2,ATIVO,UNIDADE,554.38,277.19
"FAROL PRINCIPAL H4 LD",1286709,682,3,ATIVO,UNIDADE,1431.03,477.01
"LAMPADA DE FAROL H4 12V",1286710,684,10,ATIVO,UNIDADE,333,33.3
"REPARO ENGRENAGEM DA PLANETARIA",1286711,711,4,ATIVO,UNIDADE,732.16,183.04
"JOGO REPARO DA PARTIDA",1286712,710,4,ATIVO,UNIDADE,517.96,129.49
"PORTA ESCOVAS DA PARTIDA",1286713,709,4,ATIVO,UNIDADE,377.76,94.44
"MANCAL DE PARTIDA TRASEIRO BOSCH",1286714,708,4,ATIVO,UNIDADE,471.24,117.81
"MANCAL DE PARTIDA DIANTEIRO BOSCH",1286715,707,4,ATIVO,UNIDADE,1468.2,367.05
"MOTOR DE PARTIDA 24V (10 DENTES) BOSCH",1286716,706,4,ATIVO,UNIDADE,12617.96,3154.49
"BOMBA AGUA CLIMATIZADOR",1286717,705,3,ATIVO,UNIDADE,205.68,68.56
"MOTOR P/CLIMATIZADOR",1286718,704,3,ATIVO,UNIDADE,575.94,191.98
"PALHA CLIMATIZADOR REFIL (RESFRIAR)",1286719,703,3,ATIVO,UNIDADE,202.74,67.58
"ESCADA CLIMATIZADOR PRETA ECON",1286720,702,3,ATIVO,UNIDADE,1172.43,390.81
"RESERVATORIO CLIMAT. 14/L FIX.ESCADA",1286721,701,3,ATIVO,UNIDADE,361.44,120.48
"PLACA DE CLIMATIZADOR (02 BOMBAS)",1286722,700,3,ATIVO,UNIDADE,1289.97,429.99
"CLIMATIZADOR RESFRIAR SERIE 6 UNIVERSAL",1286723,699,5,ATIVO,UNIDADE,7537.1,1507.42
"CASCO BATERIA180AH",1286724,698,4,ATIVO,UNIDADE,583.76,145.94
"BATERIA 180AH",1286725,697,4,ATIVO,UNIDADE,2378.2,594.55
"CHAVE DE LUZ S/REOSTATO",1286726,696,4,ATIVO,UNIDADE,807.08,201.77
"MEDIDOR DE COMBUSTIVEL (BOIA)",1286727,695,4,ATIVO,UNIDADE,767.92,191.98
"SENSOR TEMPERATURA.",1286728,694,4,ATIVO,UNIDADE,309.52,77.38
"INTERRUPTOR PRESSAO DO OLEO",1286729,693,4,ATIVO,UNIDADE,246.84,61.71
"INTERRUPTOR DE LUZ C/REOSTATO",1286730,692,4,ATIVO,UNIDADE,807.08,201.77
"LENTE LANTERNA TRASEIRA LD/LE",1286731,691,4,ATIVO,UNIDADE,82.28,20.57
"LANTERNA TRASEIRA C/VIGIA LE",1286732,690,4,ATIVO,UNIDADE,317.36,79.34
"LANTERNA TRASEIRA S/VIGIA LD",1286733,689,4,ATIVO,UNIDADE,317.36,79.34
"LAMPADA 1 POLO PEQUENA 10W 12V",1286734,688,16,ATIVO,UNIDADE,47.04,2.94
"LAMPADA 1 POLO PEQUENA 5W 12V",1286735,687,16,ATIVO,UNIDADE,62.72,3.92
"LAMPADA 1 POLO 12V",1286736,686,16,ATIVO,UNIDADE,94.08,5.88
"LAMPADA 2 POLOS 12V",1286737,685,16,ATIVO,UNIDADE,94.08,5.88
"CHICOTE DO FAROL",1286738,683,6,ATIVO,UNIDADE,470.16,78.36
"LAMPADA 1 POLO.",1286739,590,8,ATIVO,UNIDADE,54.48,6.81
"CHAVE MAGNETICA DA PARTIDA 12V BOSCH",1286740,652,2,ATIVO,UNIDADE,726.78,363.39
"REPARO ENGRENAGEM DA PLANETARIA",1286741,650,3,ATIVO,UNIDADE,555.36,185.12
"PLANETARIA COMPLETA C/ENGRENAGEM",1286742,618,1,ATIVO,UNIDADE,244.71,244.71
"REPARO COMPLETO ALTERNADOR",1286743,617,1,ATIVO,UNIDADE,117.97,117.97
"ANEL DO AJUSTE DO ROLAMENTO",1286744,616,2,ATIVO,UNIDADE,27.3,13.65
"ROLAMENTO ALTERNADOR INTERMEDIARIO",1286745,615,2,ATIVO,UNIDADE,189.14,94.57
"ROLAMENTO ALTERNADOR LADO MANCAL",1286746,614,1,ATIVO,UNIDADE,104.32,104.32
"ESTATOR P/ALTERNADOR",1286747,613,1,ATIVO,UNIDADE,626.89,626.89
"ROTOR DO ALTERNADOR",1286748,612,1,ATIVO,UNIDADE,708.79,708.79
"REGULADOR DE VOLTAGEM",1286749,611,1,ATIVO,UNIDADE,392.91,392.91
"Conjunto retificador",1286750,610,1,ATIVO,UNIDADE,258.36,258.36
"CORREIA ALTERNADOR.",1286751,609,1,ATIVO,UNIDADE,125.77,125.77
"ALTERNADOR 12V 50/90AH BOSCH",1286752,608,1,ATIVO,UNIDADE,2275.54,2275.54
"KIT BUCHAS DA PARTIDA",1286753,607,1,ATIVO,UNIDADE,80.92,80.92
"GARFO MOTOR DE PARTIDA",1286754,606,1,ATIVO,UNIDADE,120.89,120.89
"BOBINA DE CAMPO",1286755,605,1,ATIVO,UNIDADE,505.03,505.03
"IMPULSOR DE PARTIDA.",1286756,604,1,ATIVO,UNIDADE,553.77,553.77
"CHAVE MAGNETICA DA PARTIDA",1286757,603,1,ATIVO,UNIDADE,774.11,774.11
"INDUZIDO MOTOR DE PARTIDA",1286758,602,1,ATIVO,UNIDADE,890.13,890.13
"PLANETARIA COMPLETA C/ENGRENAGEM",1286759,601,1,ATIVO,UNIDADE,427.03,427.03
"REPARO ENGRENAGEM DA PLANETARIA",1286760,600,1,ATIVO,UNIDADE,190.12,190.12
"JOGO REPARO DA PARTIDA",1286761,599,1,ATIVO,UNIDADE,129.67,129.67
"PORTA ESCOVAS DA PARTIDA",1286762,598,1,ATIVO,UNIDADE,268.11,268.11
"MANCAL DE PARTIDA DIANTEIRO",1286763,597,1,ATIVO,UNIDADE,415.33,415.33
"MANCAL INTERMEDIARIOPARTIDA",1286764,596,1,ATIVO,UNIDADE,316.86,316.86
"MOTOR DE PARTIDA 24V (10 DENTES)",1286765,595,1,ATIVO,UNIDADE,2167.32,2167.32
"CASCO BATERIA 180AH",1286766,594,2,ATIVO,UNIDADE,290.1,145.05
"BATERIA 180AH",1286767,593,2,ATIVO,UNIDADE,1536.12,768.06
"LAMPADA 1 POLO PEQUENA 10W",1286768,592,8,ATIVO,UNIDADE,46.72,5.84
"MANCAL P/ALTERNADOR TRASEIRO",1286769,619,1,ATIVO,UNIDADE,241.79,241.79
"INDUZIDO MOTOR DE PARTIDA 12V BOSCH",1286770,651,2,ATIVO,UNIDADE,1292.92,646.46
"MANCAL P/ALTERNADOR DIANTEIRO",1286771,620,1,ATIVO,UNIDADE,336.36,336.36
"TENSOR DA CORREIA DO ALTERNADOR",1286772,622,1,ATIVO,UNIDADE,453.35,453.35
"JOGO REPARO DA PARTIDA",1286773,649,2,ATIVO,UNIDADE,260.54,130.27
"PORTA ESCOVAS DA PARTIDA",1286774,648,3,ATIVO,UNIDADE,264.45,88.15
"MANCAL DE PARTIDA TRASEIRO BOSCH",1286775,647,2,ATIVO,UNIDADE,164.56,82.28
"MANCAL DE PARTIDA DIANTEIROBOSCH",1286776,646,2,ATIVO,UNIDADE,564.18,282.09
"MOTOR DE PARTIDA 12V (9 DENTES) BOSCH",1286777,645,2,ATIVO,UNIDADE,4480.16,2240.08
"FILTRO DE AR COM VEDACAO",1286778,644,2,ATIVO,UNIDADE,198.9,99.45
"COMPRESSOR AR-CONDICIONADO",1286779,643,1,ATIVO,UNIDADE,2740.59,2740.59
"CASCO DE BATERIA 180AH",1286780,642,2,ATIVO,UNIDADE,290.54,145.27
"BATERIA 180AH",1286781,641,2,ATIVO,UNIDADE,1448.78,724.39
"SENSOR TEMPERATURA.",1286782,640,1,ATIVO,UNIDADE,77.02,77.02
"INTERRUPTOR PRESSAO DO OLEO",1286783,639,1,ATIVO,UNIDADE,60.45,60.45
"LAMPADA 1 POLO PEQUENA 10W",1286784,638,8,ATIVO,UNIDADE,23.36,2.92
"LAMPADA 1 POLO PEQUENA 5W",1286785,637,8,ATIVO,UNIDADE,31.2,3.9
"LAMPADA 1 POLO.",1286786,636,8,ATIVO,UNIDADE,46.8,5.85
"LÂMPADA 2 POLOS",1286787,635,8,ATIVO,UNIDADE,54.56,6.82
"LAMPADA DE FAROL H4",1286788,634,4,ATIVO,UNIDADE,171.6,42.9
"CHICOTE DO FAROL",1286789,633,2,ATIVO,UNIDADE,156,78
"INDICADOR ELETRICO TEMPERATURAAGUA",1286790,632,1,ATIVO,UNIDADE,251.54,251.54
"FAROL PRINCIPAL H4 LD",1286791,631,1,ATIVO,UNIDADE,474.8,474.8
"FAROL PRINCIPAL H4 LE",1286792,630,1,ATIVO,UNIDADE,474.8,474.8
"RELE TEMPORIZADOR DO LIMPADOR",1286793,629,1,ATIVO,UNIDADE,116.02,116.02
"BICO EJETOR DE AGUA (BRUCUTU) LIMPADOR",1286794,628,3,ATIVO,UNIDADE,38.01,12.67
"BOMBA DO LAVADOR DE PARABRISAS",1286795,627,2,ATIVO,UNIDADE,117,58.5
"BARRA DO LIMPADOR",1286796,626,2,ATIVO,UNIDADE,263.24,131.62
"PIVO DO LIMPADOR",1286797,625,2,ATIVO,UNIDADE,329.54,164.77
"PALHETA DO LIMPADOR",1286798,624,4,ATIVO,UNIDADE,280.8,70.2
"MOTOR DO LIMPADOR",1286799,623,1,ATIVO,UNIDADE,585.95,585.95
"POLIA DO ALTERNADOR",1286800,621,1,ATIVO,UNIDADE,234.96,234.96
"INDUZIDO MOTOR DE PARTIDA 24V BOSCH",1286801,712,4,ATIVO,UNIDADE,2570.32,642.58
"REPARO COMPLETO ALTERNADOR",1286802,466,1,ATIVO,UNIDADE,117.96,117.96
"ROLAMENTO ALTERNADOR INTERMEDIARIO",1286803,464,1,ATIVO,UNIDADE,94.57,94.57
"REGULADOR DE VOLTAGEM",1286804,308,3,ATIVO,UNIDADE,1178.34,392.78
"Conjunto retificador",1286805,307,4,ATIVO,UNIDADE,1033.12,258.28
CORREIAALTERNADOR,1286806,306,4,ATIVO,UNIDADE,502.92,125.73
ALTERNADOR,1286807,305,2,ATIVO,UNIDADE,5083.76,2541.88
"KIT BUCHAS DA PARTIDA",1286808,304,3,ATIVO,UNIDADE,242.7,80.9
"GARFO MOTOR DE PARTIDA",1286809,303,3,ATIVO,UNIDADE,362.58,120.86
"BOBINA DE CAMPO",1286810,302,3,ATIVO,UNIDADE,1514.61,504.87
"IMPULSOR DE PARTIDA.",1286811,301,3,ATIVO,UNIDADE,1660.8,553.6
"CHAVE MAGNETICA DA PARTIDA",1286812,300,3,ATIVO,UNIDADE,2321.61,773.87
"INDUZIDO MOTOR DE PARTIDA",1286813,299,3,ATIVO,UNIDADE,2669.55,889.85
"PLANETARIA COMPLETA C/ENGRENAGEM",1286814,298,3,ATIVO,UNIDADE,1280.7,426.9
"REPARO ENGRENAGEM DA PLANETARIA",1286815,297,3,ATIVO,UNIDADE,570.18,190.06
"JOGO REPARO DA PARTIDA",1286816,296,4,ATIVO,UNIDADE,518.52,129.63
"PORTA ESCOVAS DA PARTIDA",1286817,295,3,ATIVO,UNIDADE,804.09,268.03
"MANCAL DE PARTIDA DIANTEIRO",1286818,294,3,ATIVO,UNIDADE,1245.6,415.2
"MANCAL INTERMEDIARIOPARTIDA",1286819,293,3,ATIVO,UNIDADE,950.28,316.76
"MOTOR DE PARTIDA (10 DENTES)",1286820,292,2,ATIVO,UNIDADE,6282.58,3141.29
"BATERIA 110AH",1286821,291,2,ATIVO,UNIDADE,1100.62,550.31
"CASCO BATERIA 110AH",1286822,290,2,ATIVO,UNIDADE,134.42,67.21
"VALVULA SOLENOIDE (ESTRANGULADOR)",1286823,289,2,ATIVO,UNIDADE,1077.24,538.62
"LAMPADA 1 POLO PEQUENA 10W",1286824,288,4,ATIVO,UNIDADE,23.36,5.84
"LAMPADA 1 POLO PEQUENA 5W",1286825,287,4,ATIVO,UNIDADE,19.48,4.87
"LAMPADA 1 POLO.",1286826,286,4,ATIVO,UNIDADE,27.28,6.82
"LÂMPADA 2 POLOS",1286827,285,6,ATIVO,UNIDADE,35.04,5.84
"LAMPADA DE FAROL H4",1286828,284,6,ATIVO,UNIDADE,257.16,42.86
"CHICOTE PARCIAL",1286829,283,1,ATIVO,UNIDADE,1791.19,1791.19
"CHICOTE DO FAROL",1286830,282,2,ATIVO,UNIDADE,344.8,172.4
"ROTOR DO ALTERNADOR",1286831,309,2,ATIVO,UNIDADE,1417.14,708.57
"FAROL PRINCIPAL LD",1286832,281,1,ATIVO,UNIDADE,351.61,351.61
"ESTATOR P/ALTERNADOR",1286833,310,2,ATIVO,UNIDADE,1253.4,626.7
"ROLAMENTO ALTERNADOR INTERMEDIARIO",1286834,312,10,ATIVO,UNIDADE,945.4,94.54
"BATERIA 180AH",1286835,339,6,ATIVO,UNIDADE,4344.96,724.16
"SENSOR TEMPERATURA.",1286836,338,3,ATIVO,UNIDADE,231,77
"INTERRUPTOR PRESSAO DO OLEO",1286837,337,3,ATIVO,UNIDADE,181.29,60.43
"LAMPADA 1 POLO PEQUENA 10W",1286838,336,15,ATIVO,UNIDADE,43.8,2.92
"LAMPADA 1 POLO PEQUENA 5W",1286839,335,15,ATIVO,UNIDADE,58.5,3.9
"LAMPADA 1 POLO.",1286840,334,15,ATIVO,UNIDADE,87.75,5.85
"LÂMPADA 2 POLOS",1286841,333,15,ATIVO,UNIDADE,102.3,6.82
"LAMPADA DE FAROL H4",1286842,332,7,ATIVO,UNIDADE,300.16,42.88
"CHICOTE PARCIAL",1286843,331,7,ATIVO,UNIDADE,12546.66,1792.38
"CHICOTE DO FAROL",1286844,330,14,ATIVO,UNIDADE,2456.16,175.44
"INDICADOR ELETRICO TEMPERATURAAGUA",1286845,329,7,ATIVO,UNIDADE,1760.22,251.46
"FAROL PRINCIPAL H4 LD",1286846,328,7,ATIVO,UNIDADE,3322.55,474.65
"FAROL PRINCIPAL H4 LE",1286847,327,4,ATIVO,UNIDADE,1898.6,474.65
"RELE TEMPORIZADOR DO LIMPADOR",1286848,326,6,ATIVO,UNIDADE,695.88,115.98
"BICO EJETOR DE AGUA (BRUCUTU) LIMPADOR",1286849,325,4,ATIVO,UNIDADE,50.68,12.67
"BOMBA DO LAVADOR DE PARABRISAS",1286850,324,4,ATIVO,UNIDADE,230,57.5
"BARRA DO LIMPADOR",1286851,323,4,ATIVO,UNIDADE,526.32,131.58
"PIVO DO LIMPADOR",1286852,322,6,ATIVO,UNIDADE,988.32,164.72
"PALHETA DO LIMPADOR",1286853,321,12,ATIVO,UNIDADE,830.4,69.2
"MOTOR DO LIMPADOR",1286854,320,3,ATIVO,UNIDADE,1757.28,585.76
"TENSOR DA CORREIA DO ALTERNADOR",1286855,319,3,ATIVO,UNIDADE,1359.63,453.21
"POLIA DO ALTERNADOR",1286856,318,3,ATIVO,UNIDADE,704.67,234.89
"MANCAL P/ALTERNADOR DIANTEIRO",1286857,317,3,ATIVO,UNIDADE,1008.75,336.25
"MANCAL P/ALTERNADOR TRASEIRO",1286858,316,3,ATIVO,UNIDADE,725.13,241.71
"PLANETARIA COMPLETA C/ENGRENAGEM",1286859,315,3,ATIVO,UNIDADE,733.92,244.64
"REPARO COMPLETO ALTERNADOR",1286860,314,5,ATIVO,UNIDADE,589.65,117.93
"ANEL DO AJUSTE DO ROLAMENTO",1286861,313,10,ATIVO,UNIDADE,136.5,13.65
"ROLAMENTO ALTERNADOR LADO MANCAL",1286862,311,5,ATIVO,UNIDADE,521.45,104.29
"CASCO DE BATERIA 180AH",1286863,340,6,ATIVO,UNIDADE,871.32,145.22
"FAROL PRINCIPALLE",1286864,280,1,ATIVO,UNIDADE,351.61,351.61
"RELE TEMPORIZADOR DO LIMPADOR 24V",1286865,278,1,ATIVO,UNIDADE,81.82,81.82
"JOGO REPARO DA PARTIDA",1286866,246,1,ATIVO,UNIDADE,129.54,129.54
"PORTA ESCOVAS DA PARTIDA",1286867,245,1,ATIVO,UNIDADE,106.17,106.17
"MANCAL DE PARTIDA TRASEIRO BOSCH",1286868,244,1,ATIVO,UNIDADE,144.15,144.15
"MANCAL DE PARTIDA DIANTEIRO",1286869,243,1,ATIVO,UNIDADE,424.66,424.66
"MOTOR DE PARTIDA.",1286870,242,1,ATIVO,UNIDADE,3622.31,3622.31
"FILTRO DE AR COM VEDACAO",1286871,241,2,ATIVO,UNIDADE,198.52,99.26
"COMPRESSOR AR-CONDICIONADO",1286872,240,2,ATIVO,UNIDADE,5470.72,2735.36
"CASCO DE BATERIA 180AH",1286873,239,2,ATIVO,UNIDADE,289.98,144.99
"BATERIA 180AH",1286874,238,2,ATIVO,UNIDADE,1446.02,723.01
"SENSOR TEMPERATURA.",1286875,237,2,ATIVO,UNIDADE,153.74,76.87
"INTERRUPTOR PRESSAO DO OLEO",1286876,236,2,ATIVO,UNIDADE,120.66,60.33
"LAMPADA 1 POLO PEQUENA 10W",1286877,235,8,ATIVO,UNIDADE,23.36,2.92
"LAMPADA 1 POLO PEQUENA 5W",1286878,234,8,ATIVO,UNIDADE,31.12,3.89
"LAMPADA 1 POLO.",1286879,233,8,ATIVO,UNIDADE,46.72,5.84
"LÂMPADA 2 POLOS",1286880,232,8,ATIVO,UNIDADE,54.48,6.81
"LAMPADA DE FAROL H4",1286881,231,6,ATIVO,UNIDADE,256.92,42.82
"CHICOTE DO FAROL",1286882,230,4,ATIVO,UNIDADE,311.4,77.85
"INDICADOR ELETRICO TEMPERATURAAGUA",1286883,229,2,ATIVO,UNIDADE,502.12,251.06
"FAROL PRINCIPAL H4 LD",1286884,228,2,ATIVO,UNIDADE,947.78,473.89
"FAROL PRINCIPAL H4 LE",1286885,227,2,ATIVO,UNIDADE,947.78,473.89
"RELE TEMPORIZADOR DO LIMPADOR",1286886,226,2,ATIVO,UNIDADE,231.6,115.8
"BICO EJETOR DE AGUA (BRUCUTU) LIMPADOR",1286887,225,4,ATIVO,UNIDADE,50.6,12.65
"BOMBA DO LAVADOR DE PARABRISAS",1286888,224,2,ATIVO,UNIDADE,116.78,58.39
"BARRA DO LIMPADOR",1286889,223,2,ATIVO,UNIDADE,262.74,131.37
"PIVO DO LIMPADOR",1286890,222,4,ATIVO,UNIDADE,657.8,164.45
"PALHETA DO LIMPADOR",1286891,221,6,ATIVO,UNIDADE,414.54,69.09
"MOTOR DO LIMPADOR",1286892,220,2,ATIVO,UNIDADE,1481.04,740.52
"REPARO ENGRENAGEM DA PLANETARIA",1286893,247,1,ATIVO,UNIDADE,144.15,144.15
"BRACO DO LIMPADOR ES/DIR",1286894,279,2,ATIVO,UNIDADE,231.82,115.91
"INDUZIDO MOTOR DE PARTIDA",1286895,248,1,ATIVO,UNIDADE,552.26,552.26
"RELE AUXILIAR DE PARTIDA",1286896,250,1,ATIVO,UNIDADE,195.77,195.77
"CHAVE SETA COMUT/LAMPEJO",1286897,277,1,ATIVO,UNIDADE,878.55,878.55
"BICO EJETOR DE AGUA (BRUCUTU) LIMPADOR",1286898,276,5,ATIVO,UNIDADE,63.3,12.66
"BOMBA DO LAVADOR DE PARABRISAS",1286899,275,2,ATIVO,UNIDADE,124.68,62.34
"CONJUNTO MONT. LIMPADOR (MECANISMO)",1286900,274,1,ATIVO,UNIDADE,758.75,758.75
"BARRA DO LIMPADOR LD",1286901,273,2,ATIVO,UNIDADE,151.94,75.97
"PIVO DO LIMPADOR",1286902,272,2,ATIVO,UNIDADE,356.48,178.24
"PALHETA DO LIMPADOR",1286903,271,4,ATIVO,UNIDADE,280.52,70.13
"MOTOR DO LIMPADORPARABRISAS",1286904,270,1,ATIVO,UNIDADE,711.99,711.99
"VELA AQUECEDORA",1286905,269,1,ATIVO,UNIDADE,128.57,128.57
"TENSOR DA CORREIA DO ALTERNADOR",1286906,268,1,ATIVO,UNIDADE,368.17,368.17
"POLIA DO ALTERNADOR",1286907,267,1,ATIVO,UNIDADE,234.73,234.73
"MANCAL P/ALTERNADOR DIANTEIRO",1286908,266,1,ATIVO,UNIDADE,272.72,272.72
"MANCAL P/ALTERNADOR TRASEIRO",1286909,265,1,ATIVO,UNIDADE,207.46,207.46
"PLANETARIA COMPLETA C/ENGRENAGEM",1286910,264,1,ATIVO,UNIDADE,310.71,310.71
"REPARO COMPLETO ALTERNADOR",1286911,263,1,ATIVO,UNIDADE,117.85,117.85
"ANEL DO AJUSTE DO ROLAMENTO",1286912,262,1,ATIVO,UNIDADE,21.43,21.43
"ROLAMENTO ALTERNADOR INTERMEDIARIO",1286913,261,1,ATIVO,UNIDADE,94.48,94.48
"ROLAMENTO ALTERNADOR LADO MANCAL",1286914,260,1,ATIVO,UNIDADE,104.22,104.22
"ESTATOR P/ALTERNADOR",1286915,259,1,ATIVO,UNIDADE,1005.17,1005.17
"ROTOR DO ALTERNADOR",1286916,258,1,ATIVO,UNIDADE,758.75,758.75
"REGULADOR DE VOLTAGEM",1286917,257,1,ATIVO,UNIDADE,145.13,145.13
"Conjunto retificador",1286918,256,1,ATIVO,UNIDADE,311.68,311.68
"CORREIA ALTERNADORPOLY V",1286919,255,1,ATIVO,UNIDADE,156.81,156.81
ALTERNADOR,1286920,254,1,ATIVO,UNIDADE,2770.06,2770.06
"KIT BUCHAS DA PARTIDA",1286921,253,1,ATIVO,UNIDADE,93.5,93.5
"IMPULSOR DE PARTIDA.",1286922,252,1,ATIVO,UNIDADE,382.78,382.78
"EMBREAGEM MOTOR PARTIDA",1286923,251,1,ATIVO,UNIDADE,318.5,318.5
"CHAVE MAGNETICA DA PARTIDA",1286924,249,1,ATIVO,UNIDADE,277.59,277.59
"ANEL DO AJUSTE DO ROLAMENTO",1286925,465,1,ATIVO,UNIDADE,21.45,21.45
"COMPRESSOR AR-CONDICIONADO",1286926,341,2,ATIVO,UNIDADE,5479.46,2739.73
"MOTOR DE PARTIDA.",1286927,343,1,ATIVO,UNIDADE,3623.4,3623.4
"LAMPADA DE FAROL H4",1286928,432,4,ATIVO,UNIDADE,171.44,42.86
"CHICOTE PARCIAL",1286929,431,1,ATIVO,UNIDADE,1791.28,1791.28
"CHICOTE DO FAROL",1286930,430,4,ATIVO,UNIDADE,311.68,77.92
"INDICADOR ELETRICO TEMPERATURA AGUA",1286931,429,1,ATIVO,UNIDADE,251.3,251.3
"FAROL PRINCIPAL H4 LD",1286932,428,1,ATIVO,UNIDADE,474.36,474.36
"FAROL PRINCIPAL H4 LE",1286933,427,1,ATIVO,UNIDADE,474.36,474.36
"RELE TEMPORIZADOR DO LIMPADOR",1286934,426,1,ATIVO,UNIDADE,115.91,115.91
"BICO EJETOR DE AGUA (BRUCUTU) LIMPADOR",1286935,425,3,ATIVO,UNIDADE,37.98,12.66
"BOMBA DO LAVADOR DE PARABRISAS",1286936,424,2,ATIVO,UNIDADE,114.94,57.47
"BARRA DO LIMPADOR",1286937,423,2,ATIVO,UNIDADE,263,131.5
"PIVO DO LIMPADOR",1286938,422,2,ATIVO,UNIDADE,329.22,164.61
"PALHETA DO LIMPADOR",1286939,421,4,ATIVO,UNIDADE,276.64,69.16
"MOTOR DO LIMPADOR",1286940,420,1,ATIVO,UNIDADE,585.4,585.4
"TENSOR DA CORREIA DO ALTERNADOR",1286941,419,1,ATIVO,UNIDADE,452.93,452.93
"POLIA DO ALTERNADOR",1286942,418,1,ATIVO,UNIDADE,234.75,234.75
"MANCAL P/ALTERNADOR DIANTEIRO",1286943,417,1,ATIVO,UNIDADE,336.05,336.05
"MANCAL P/ALTERNADOR TRASEIRO",1286944,416,1,ATIVO,UNIDADE,241.56,241.56
"PLANETARIA COMPLETA C/ENGRENAGEM",1286945,415,1,ATIVO,UNIDADE,254.23,254.23
"REPARO COMPLETO ALTERNADOR",1286946,414,1,ATIVO,UNIDADE,117.86,117.86
"ANEL DO AJUSTE DO ROLAMENTO",1286947,413,1,ATIVO,UNIDADE,13.64,13.64
"ROLAMENTO ALTERNADOR INTERMEDIARIO",1286948,412,1,ATIVO,UNIDADE,95.46,95.46
"ROLAMENTO ALTERNADOR LADO MANCAL",1286949,411,1,ATIVO,UNIDADE,105.2,105.2
"ESTATOR P/ALTERNADOR",1286950,410,1,ATIVO,UNIDADE,627.29,627.29
"ROTOR DO ALTERNADOR",1286951,409,1,ATIVO,UNIDADE,709.11,709.11
"REGULADOR DE VOLTAGEM",1286952,408,1,ATIVO,UNIDADE,392.54,392.54
"Conjunto retificador",1286953,407,1,ATIVO,UNIDADE,258.12,258.12
"CORREIA ALTERNADOR.",1286954,406,1,ATIVO,UNIDADE,125.65,125.65
"LÂMPADA 2 POLOS",1286955,433,6,ATIVO,UNIDADE,40.92,6.82
"ALTERNADOR 12V 50/90AH BOSCH",1286956,405,1,ATIVO,UNIDADE,2273.43,2273.43
"LAMPADA 1 POLO.",1286957,434,6,ATIVO,UNIDADE,35.04,5.84
"LAMPADA 1 POLO PEQUENA 10W",1286958,436,4,ATIVO,UNIDADE,11.68,2.92
"ROLAMENTO ALTERNADOR LADO MANCAL",1286959,463,1,ATIVO,UNIDADE,104.32,104.32
"VENTOINHA DO ALTERNADOR",1286960,462,1,ATIVO,UNIDADE,103.34,103.34
"ESTATOR P/ALTERNADOR",1286961,461,1,ATIVO,UNIDADE,496.23,496.23
"ROTOR DO ALTERNADOR",1286962,460,1,ATIVO,UNIDADE,765.3,765.3
"REGULADOR DE VOLTAGEM",1286963,459,1,ATIVO,UNIDADE,287.6,287.6
"Conjunto retificador",1286964,458,1,ATIVO,UNIDADE,311.97,311.97
"CORREIA ALTERNADORPOLY V",1286965,457,1,ATIVO,UNIDADE,125.76,125.76
ALTERNADOR,1286966,456,1,ATIVO,UNIDADE,3102.16,3102.16
"KIT BUCHAS DA PARTIDA",1286967,455,1,ATIVO,UNIDADE,65.32,65.32
"GARFO DA PARTIDA",1286968,454,1,ATIVO,UNIDADE,71.17,71.17
"BOBINA DE CAMPO",1286969,453,1,ATIVO,UNIDADE,449.43,449.43
"IMPULSOR DE PARTIDA.",1286970,452,1,ATIVO,UNIDADE,269.07,269.07
"CHAVE MAGNETICA DA PARTIDA",1286971,451,1,ATIVO,UNIDADE,522.55,522.55
"INDUZIDO MOTOR DE PARTIDA",1286972,450,1,ATIVO,UNIDADE,489.4,489.4
"PLANETARIA COMPLETA",1286973,449,1,ATIVO,UNIDADE,427.01,427.01
"REPARO ENGRENAGEM DA PLANETARIA",1286974,448,1,ATIVO,UNIDADE,144.29,144.29
"JOGO REPARO DA PARTIDA",1286975,447,1,ATIVO,UNIDADE,129.66,129.66
"PORTA ESCOVAS DA PARTIDA",1286976,446,1,ATIVO,UNIDADE,248.6,248.6
"MANCAL DE PARTIDA TRASEIRO",1286977,445,1,ATIVO,UNIDADE,102.37,102.37
"MANCAL DE PARTIDA DIANTEIRO",1286978,444,1,ATIVO,UNIDADE,316.84,316.84
"MOTOR DE PARTIDA (10 DENTES)",1286979,443,1,ATIVO,UNIDADE,3625.68,3625.68
"FILTRO DE AR COM VEDACAO",1286980,442,2,ATIVO,UNIDADE,198.7,99.35
"COMPRESSOR AR-CONDICIONADO",1286981,441,1,ATIVO,UNIDADE,2738.06,2738.06
"CASCO DE BATERIA 180AH",1286982,440,2,ATIVO,UNIDADE,290.26,145.13
"BATERIA 180AH",1286983,439,2,ATIVO,UNIDADE,1447.44,723.72
"SENSOR TEMPERATURA.",1286984,438,1,ATIVO,UNIDADE,76.95,76.95
"INTERRUPTOR PRESSAO DO OLEO",1286985,437,1,ATIVO,UNIDADE,60.39,60.39
"LAMPADA 1 POLO PEQUENA 5W",1286986,435,4,ATIVO,UNIDADE,15.6,3.9
"FILTRO DE AR COM VEDACAO",1286987,342,7,ATIVO,UNIDADE,695.87,99.41
"KIT BUCHAS DA PARTIDA",1286988,404,2,ATIVO,UNIDADE,161.7,80.85
"BOBINA DE CAMPO",1286989,402,1,ATIVO,UNIDADE,504.56,504.56
"VELA AQUECEDORA",1286990,370,1,ATIVO,UNIDADE,128.61,128.61
"TENSOR DA CORREIA DO ALTERNADOR",1286991,369,1,ATIVO,UNIDADE,368.28,368.28
"POLIA DO ALTERNADOR",1286992,368,1,ATIVO,UNIDADE,234.81,234.81
"MANCAL P/ALTERNADOR DIANTEIRO BOSCH",1286993,367,1,ATIVO,UNIDADE,272.8,272.8
"MANCAL P/ALTERNADOR TRASEIRO BOSCH",1286994,366,1,ATIVO,UNIDADE,207.52,207.52
"PLANETARIA COMPLETA C/ENGRENAGEM",1286995,365,1,ATIVO,UNIDADE,310.8,310.8
"REPARO COMPLETO ALTERNADOR BOSCH",1286996,364,1,ATIVO,UNIDADE,117.89,117.89
"ANEL DO AJUSTE DO ROLAMENTO BOSCH",1286997,363,1,ATIVO,UNIDADE,20.46,20.46
"ROLAMENTO ALTERNADOR INTERMEDIARIO",1286998,362,1,ATIVO,UNIDADE,94.51,94.51
"ROLAMENTO ALTERNADOR LADO MANCAL",1286999,361,1,ATIVO,UNIDADE,104.25,104.25
"ESTATOR P/ALTERNADOR",1287000,360,1,ATIVO,UNIDADE,1005.47,1005.47
"ROTOR DO ALTERNADOR",1287001,359,1,ATIVO,UNIDADE,758.98,758.98
"REGULADOR DE VOLTAGEM",1287002,358,1,ATIVO,UNIDADE,145.17,145.17
"Conjunto retificador",1287003,357,1,ATIVO,UNIDADE,311.77,311.77
"CORREIA ALTERNADORPOLY V",1287004,356,1,ATIVO,UNIDADE,156.86,156.86
ALTERNADOR,1287005,355,1,ATIVO,UNIDADE,2770.9,2770.9
"KIT BUCHAS DA PARTIDA",1287006,354,1,ATIVO,UNIDADE,93.53,93.53
"IMPULSOR DE PARTIDA.",1287007,353,1,ATIVO,UNIDADE,382.9,382.9
"EMBREAGEM MOTOR PARTIDA",1287008,352,1,ATIVO,UNIDADE,318.59,318.59
"RELE AUXILIAR DE PARTIDA",1287009,351,1,ATIVO,UNIDADE,195.83,195.83
"CHAVE MAGNETICA DA PARTIDA",1287010,350,1,ATIVO,UNIDADE,277.67,277.67
"INDUZIDO MOTOR DE PARTIDA",1287011,349,1,ATIVO,UNIDADE,552.43,552.43
"REPARO ENGRENAGEM DA PLANETARIA",1287012,348,1,ATIVO,UNIDADE,144.2,144.2
"JOGO REPARO DA PARTIDA",1287013,347,1,ATIVO,UNIDADE,129.58,129.58
"PORTA ESCOVAS DA PARTIDA",1287014,346,1,ATIVO,UNIDADE,106.2,106.2
"MANCAL DE PARTIDA TRASEIRO BOSCH",1287015,345,1,ATIVO,UNIDADE,144.2,144.2
"MANCAL DE PARTIDA DIANTEIRO",1287016,344,1,ATIVO,UNIDADE,424.79,424.79
"MOTOR DO LIMPADORPARABRISAS",1287017,371,1,ATIVO,UNIDADE,712.21,712.21
"GARFO MOTOR DE PARTIDA",1287018,403,2,ATIVO,UNIDADE,241.56,120.78
"PALHETA DO LIMPADORBOSCH PC",1287019,372,4,ATIVO,UNIDADE,280.6,70.15
"BARRA DO LIMPADOR LD",1287020,374,2,ATIVO,UNIDADE,150.04,75.02
"IMPULSOR DE PARTIDA.",1287021,401,1,ATIVO,UNIDADE,553.26,553.26
"CHAVE MAGNETICA DA PARTIDA",1287022,400,1,ATIVO,UNIDADE,773.4,773.4
"INDUZIDO MOTOR DE PARTIDA",1287023,399,1,ATIVO,UNIDADE,889.31,889.31
"PLANETARIA COMPLETA C/ENGRENAGEM",1287024,398,1,ATIVO,UNIDADE,426.63,426.63
"REPARO ENGRENAGEM DA PLANETARIA",1287025,397,1,ATIVO,UNIDADE,189.94,189.94
"JOGO REPARO DA PARTIDA",1287026,396,1,ATIVO,UNIDADE,129.55,129.55
"PORTA ESCOVAS DA PARTIDA",1287027,395,1,ATIVO,UNIDADE,267.86,267.86
"MANCAL DE PARTIDA DIANTEIRO",1287028,394,1,ATIVO,UNIDADE,414.95,414.95
"MANCAL INTERMEDIARIO PARTIDA",1287029,393,1,ATIVO,UNIDADE,316.57,316.57
"MOTOR DE PARTIDA (10 DENTES)",1287030,392,1,ATIVO,UNIDADE,2165.31,2165.31
"BATERIA 110AH",1287031,391,2,ATIVO,UNIDADE,1100.96,550.48
"CASCO BATERIA 110AH",1287032,390,2,ATIVO,UNIDADE,134.46,67.23
"VALVULA SOLENOIDE (ESTRANGULADOR)",1287033,389,2,ATIVO,UNIDADE,1075.62,537.81
"LAMPADA 1 POLO PEQUENA 10W",1287034,388,4,ATIVO,UNIDADE,23.4,5.85
"LAMPADA 1 POLO PEQUENA 5W",1287035,387,4,ATIVO,UNIDADE,19.48,4.87
"LAMPADA 1 POLO.",1287036,386,4,ATIVO,UNIDADE,27.28,6.82
"LÂMPADA 2 POLOS",1287037,385,6,ATIVO,UNIDADE,35.1,5.85
"LAMPADA DE FAROL H4",1287038,384,4,ATIVO,UNIDADE,171.48,42.87
"CHICOTE PARCIAL",1287039,383,1,ATIVO,UNIDADE,1791.73,1791.73
"CHICOTE DO FAROL",1287040,382,4,ATIVO,UNIDADE,689.8,172.45
"FAROL PRINCIPAL LD",1287041,381,1,ATIVO,UNIDADE,351.72,351.72
"FAROL PRINCIPALLE",1287042,380,1,ATIVO,UNIDADE,351.72,351.72
"BRACO DO LIMPADOR ES/DIR",1287043,379,2,ATIVO,UNIDADE,231.88,115.94
"RELE TEMPORIZADOR DO LIMPADOR 24V",1287044,378,1,ATIVO,UNIDADE,81.84,81.84
"BICO EJETOR DE AGUA (BRUCUTU) LIMPADOR",1287045,377,3,ATIVO,UNIDADE,38.01,12.67
"BOMBA DO LAVADOR DE PARABRISAS",1287046,376,2,ATIVO,UNIDADE,122.76,61.38
"CONJUNTO MONT. LIMPADOR (MECANISMO)",1287047,375,1,ATIVO,UNIDADE,758.98,758.98
"PIVO DO LIMPADOR",1287048,373,2,ATIVO,UNIDADE,356.6,178.3
"CHAVE MAGNETICA DA PARTIDA 24V BOSCH",1287049,713,4,ATIVO,UNIDADE,747.72,186.93
ALTERNADOR,1287050,1209,1,ATIVO,UNIDADE,3584.37,3584.37
"MANCAL P/ALTERNADOR TRASEIRO BOSCH",1287051,1400,1,ATIVO,UNIDADE,144.41,144.41
"MANCAL P/ALTERNADOR DIANTEIRO BOSCH",1287052,1401,1,ATIVO,UNIDADE,212.71,212.71
"POLIA DO ALTERNADOR",1287053,1402,1,ATIVO,UNIDADE,177.59,177.59
"TENSOR DA CORREIA DO ALTERNADOR",1287054,1403,1,ATIVO,UNIDADE,369.81,369.81
"MOTOR DO LIMPADORPARABRISAS",1287055,1404,1,ATIVO,UNIDADE,713.28,713.28
"PALHETA DO LIMPADORBOSCH PC",1287056,1405,2,ATIVO,UNIDADE,138.56,69.28
"PIVO DO LIMPADOR",1287057,1406,2,ATIVO,UNIDADE,359.08,179.54
"BARRA DO LIMPADOR",1287058,1407,2,ATIVO,UNIDADE,179.54,89.77
"BOMBA DO LAVADOR DE PARABRISAS",1287059,1408,2,ATIVO,UNIDADE,132.7,66.35
"BICO EJETOR DE AGUA (BRUCUTU) LIMPADOR",1287060,1409,3,ATIVO,UNIDADE,96.6,32.2
"RELE TEMPORIZADOR DO LIMPADOR 24V",1287061,1410,1,ATIVO,UNIDADE,179.54,179.54
"BRACO DO LIMPADOR",1287062,1411,2,ATIVO,UNIDADE,232.22,116.11
"CHICOTE DO FAROL",1287063,1412,2,ATIVO,UNIDADE,546.42,273.21
"LAMPADA DE FAROL H4",1287064,1413,4,ATIVO,UNIDADE,171.72,42.93
"LAMPADA DE FAROL H3",1287065,1414,4,ATIVO,UNIDADE,152.2,38.05
"LÂMPADA 2 POLOS",1287066,1415,8,ATIVO,UNIDADE,46.8,5.85
"PLANETARIA COMPLETA C/ENGRENAGEM",1287067,1399,1,ATIVO,UNIDADE,311.27,311.27
"LAMPADA 1 POLO.",1287068,1416,12,ATIVO,UNIDADE,81.96,6.83
"LAMPADA 1 POLO PEQUENA 10W",1287069,1418,12,ATIVO,UNIDADE,70.2,5.85
"BATERIA 180AH",1287070,1419,2,ATIVO,UNIDADE,1539.74,769.87
"CASCO DE BATERIA 180AH",1287071,1420,1,ATIVO,UNIDADE,145.39,145.39
"MOTOR DE PARTIDA.",1287072,1421,1,ATIVO,UNIDADE,3325.8,3325.8
"MANCAL DE PARTIDA DIANTEIROBOSCH",1287073,1422,1,ATIVO,UNIDADE,364.23,364.23
"MANCAL DE PARTIDA TRASEIRO BOSCH",1287074,1423,1,ATIVO,UNIDADE,144.13,144.13
"PORTA ESCOVAS DA PARTIDA",1287075,1424,1,ATIVO,UNIDADE,351.57,351.57
"JOGO REPARO DA PARTIDA",1287076,1425,1,ATIVO,UNIDADE,145.11,145.11
"REPARO ENGRENAGEM DA PLANETARIA",1287077,1426,1,ATIVO,UNIDADE,145.11,145.11
"INDUZIDO MOTOR DE PARTIDA",1287078,1427,1,ATIVO,UNIDADE,632.05,632.05
"CHAVE MAGNETICA DA PARTIDA",1287079,1428,1,ATIVO,UNIDADE,518.1,518.1
"RELE AUX DE PARTIDA",1287080,1429,1,ATIVO,UNIDADE,377.87,377.87
"IMPULSOR DE PARTIDA.",1287081,1430,1,ATIVO,UNIDADE,528.82,528.82
"KIT BUCHAS DA PARTIDA",1287082,1431,1,ATIVO,UNIDADE,75.96,75.96
"BOBINA DE CAMPO",1287083,1432,1,ATIVO,UNIDADE,603.81,603.81
"GARFO COMPLETO DA PARTIDA",1287084,1433,1,ATIVO,UNIDADE,65.25,65.25
"LAMPADA 1 POLO PEQUENA 5W",1287085,1417,12,ATIVO,UNIDADE,58.56,4.88
ALTERNADOR,1287086,1434,1,ATIVO,UNIDADE,3583.88,3583.88
"REPARO COMPLETO ALTERNADOR BOSCH",1287087,1398,1,ATIVO,UNIDADE,119.04,119.04
"ROLAMENTO ALTERNADOR INTERMEDIARIO",1287088,1396,1,ATIVO,UNIDADE,94.65,94.65
"BARRA DO LIMPADOR",1287089,1362,2,ATIVO,UNIDADE,179.94,89.97
"BOMBA DO LAVADOR DE PARABRISAS",1287090,1363,2,ATIVO,UNIDADE,134.46,67.23
"BICO EJETOR DE AGUA (BRUCUTU) LIMPADOR",1287091,1364,3,ATIVO,UNIDADE,97.89,32.63
"RELE TEMPORIZADOR DO LIMPADOR 24V",1287092,1365,1,ATIVO,UNIDADE,181.92,181.92
"BRACO DO LIMPADOR",1287093,1366,2,ATIVO,UNIDADE,235.3,117.65
"CHICOTE DO FAROL",1287094,1367,2,ATIVO,UNIDADE,553.66,276.83
"LAMPADA DE FAROL H4",1287095,1368,4,ATIVO,UNIDADE,174,43.5
"LAMPADA DE FAROL H3",1287096,1369,4,ATIVO,UNIDADE,154.24,38.56
"LÂMPADA 2 POLOS",1287097,1370,8,ATIVO,UNIDADE,47.44,5.93
"LAMPADA 1 POLO.",1287098,1371,8,ATIVO,UNIDADE,55.36,6.92
"LAMPADA 1 POLO PEQUENA 5W",1287099,1372,8,ATIVO,UNIDADE,39.52,4.94
"LAMPADA 1 POLO PEQUENA 10W",1287100,1373,8,ATIVO,UNIDADE,47.44,5.93
"BATERIA 180AH",1287101,1374,2,ATIVO,UNIDADE,1560.16,780.08
"CASCO DE BATERIA 180AH",1287102,1375,1,ATIVO,UNIDADE,147.32,147.32
"MOTOR DE PARTIDA.",1287103,1376,1,ATIVO,UNIDADE,3332.2,3332.2
"MANCAL DE PARTIDA DIANTEIROBOSCH",1287104,1377,1,ATIVO,UNIDADE,364.93,364.93
"ANEL DO AJUSTE DO ROLAMENTO BOSCH",1287105,1397,1,ATIVO,UNIDADE,21.47,21.47
"MANCAL DE PARTIDA TRASEIRO BOSCH",1287106,1378,1,ATIVO,UNIDADE,145.39,145.39
"JOGO REPARO DA PARTIDA",1287107,1380,1,ATIVO,UNIDADE,145.39,145.39
"REPARO ENGRENAGEM DA PLANETARIA",1287108,1381,1,ATIVO,UNIDADE,145.39,145.39
"INDUZIDO MOTOR DE PARTIDA",1287109,1382,1,ATIVO,UNIDADE,633.26,633.26
"CHAVE MAGNETICA DA PARTIDA",1287110,1383,1,ATIVO,UNIDADE,520.08,520.08
"RELE AUX DE PARTIDA",1287111,1384,1,ATIVO,UNIDADE,378.59,378.59
"IMPULSOR DE PARTIDA.",1287112,1385,1,ATIVO,UNIDADE,529.83,529.83
"KIT BUCHAS DA PARTIDA",1287113,1386,1,ATIVO,UNIDADE,76.11,76.11
"BOBINA DE CAMPO",1287114,1387,1,ATIVO,UNIDADE,604.97,604.97
"GARFO COMPLETO DA PARTIDA",1287115,1388,1,ATIVO,UNIDADE,65.38,65.38
ALTERNADOR,1287116,1389,1,ATIVO,UNIDADE,3589.8,3589.8
"CORREIAALTERNADOR POLY V",1287117,1390,1,ATIVO,UNIDADE,126.85,126.85
"Conjunto retificador",1287118,1391,1,ATIVO,UNIDADE,303.46,303.46
"REGULADOR DE VOLTAGEM BOSCH",1287119,1392,1,ATIVO,UNIDADE,349.32,349.32
"ROTOR DO ALTERNADOR",1287120,1393,1,ATIVO,UNIDADE,1227.5,1227.5
"ESTATOR P/ALTERNADOR",1287121,1394,1,ATIVO,UNIDADE,550.33,550.33
"ROLAMENTO ALTERNADOR LADO MANCAL",1287122,1395,1,ATIVO,UNIDADE,104.41,104.41
"PORTA ESCOVAS DA PARTIDA",1287123,1379,1,ATIVO,UNIDADE,352.25,352.25
"PIVO DO LIMPADOR",1287124,1361,2,ATIVO,UNIDADE,363.84,181.92
"CORREIAALTERNADOR POLY V",1287125,1435,1,ATIVO,UNIDADE,125.63,125.63
"REGULADOR DE VOLTAGEM BOSCH",1287126,1437,1,ATIVO,UNIDADE,348.65,348.65
"BOBINA DE CAMPO",1287127,1477,1,ATIVO,UNIDADE,603.99,603.99
"GARFO COMPLETO DA PARTIDA",1287128,1478,1,ATIVO,UNIDADE,65.27,65.27
ALTERNADOR,1287129,1479,1,ATIVO,UNIDADE,3584.02,3584.02
"CORREIAALTERNADOR POLY V",1287130,1480,1,ATIVO,UNIDADE,125.67,125.67
"Conjunto retificador",1287131,1481,1,ATIVO,UNIDADE,302,302
"REGULADOR DE VOLTAGEM BOSCH",1287132,1482,1,ATIVO,UNIDADE,348.76,348.76
"ROTOR DO ALTERNADOR",1287133,1483,1,ATIVO,UNIDADE,1225.52,1225.52
"ESTATOR P/ALTERNADOR",1287134,1484,1,ATIVO,UNIDADE,548.47,548.47
"ROLAMENTO ALTERNADOR LADO MANCAL",1287135,1485,1,ATIVO,UNIDADE,104.24,104.24
"ROLAMENTO ALTERNADOR INTERMEDIARIO",1287136,1486,1,ATIVO,UNIDADE,94.5,94.5
"ANEL DO AJUSTE DO ROLAMENTO BOSCH",1287137,1487,1,ATIVO,UNIDADE,21.43,21.43
"REPARO COMPLETO ALTERNADOR BOSCH",1287138,1488,1,ATIVO,UNIDADE,117.88,117.88
"PLANETARIA COMPLETA C/ENGRENAGEM",1287139,1489,1,ATIVO,UNIDADE,310.76,310.76
"MANCAL P/ALTERNADOR TRASEIRO BOSCH",1287140,1490,1,ATIVO,UNIDADE,174.38,174.38
"MANCAL P/ALTERNADOR DIANTEIRO BOSCH",1287141,1491,1,ATIVO,UNIDADE,211.4,211.4
"POLIA DO ALTERNADOR",1287142,1492,1,ATIVO,UNIDADE,176.33,176.33
"KIT BUCHAS DA PARTIDA",1287143,1476,1,ATIVO,UNIDADE,75.99,75.99
"TENSOR DA CORREIA DO ALTERNADOR",1287144,1493,1,ATIVO,UNIDADE,369.22,369.22
"PALHETA DO LIMPADORBOSCH PC",1287145,1495,2,ATIVO,UNIDADE,140.28,70.14
"PIVO DO LIMPADOR",1287146,1496,2,ATIVO,UNIDADE,358.5,179.25
"BARRA DO LIMPADOR",1287147,1497,2,ATIVO,UNIDADE,179.24,89.62
"BOMBA DO LAVADOR DE PARABRISAS",1287148,1498,2,ATIVO,UNIDADE,132.48,66.24
"BICO EJETOR DE AGUA (BRUCUTU) LIMPADOR",1287149,1499,3,ATIVO,UNIDADE,96.45,32.15
"RELE TEMPORIZADOR DO LIMPADOR 24V",1287150,1500,1,ATIVO,UNIDADE,179.25,179.25
"BRACO DO LIMPADOR",1287151,1501,2,ATIVO,UNIDADE,231.86,115.93
"CHICOTE DO FAROL",1287152,1502,2,ATIVO,UNIDADE,545.54,272.77
"LAMPADA DE FAROL H4",1287153,1503,4,ATIVO,UNIDADE,171.44,42.86
"LAMPADA DE FAROL H3",1287154,1504,4,ATIVO,UNIDADE,151.96,37.99
"LÂMPADA 2 POLOS",1287155,1505,8,ATIVO,UNIDADE,46.8,5.85
"LAMPADA 1 POLO.",1287156,1506,8,ATIVO,UNIDADE,54.56,6.82
"LAMPADA 1 POLO PEQUENA 5W",1287157,1507,10,ATIVO,UNIDADE,48.7,4.87
"LAMPADA 1 POLO PEQUENA 10W",1287158,1508,8,ATIVO,UNIDADE,46.8,5.85
"BATERIA 180AH",1287159,1509,2,ATIVO,UNIDADE,1537.26,768.63
"CASCO DE BATERIA 180AH",1287160,1510,1,ATIVO,UNIDADE,145.15,145.15
"MOTOR DO LIMPADORPARABRISAS",1287161,1494,1,ATIVO,UNIDADE,712.13,712.13
"Conjunto retificador",1287162,1436,1,ATIVO,UNIDADE,302.88,302.88
"IMPULSOR DE PARTIDA.",1287163,1475,1,ATIVO,UNIDADE,528.98,528.98
"CHAVE MAGNETICA DA PARTIDA",1287164,1473,1,ATIVO,UNIDADE,518.27,518.27
"ROTOR DO ALTERNADOR",1287165,1438,1,ATIVO,UNIDADE,1226.12,1226.12
"ESTATOR P/ALTERNADOR",1287166,1439,1,ATIVO,UNIDADE,549.27,549.27
"ROLAMENTO ALTERNADOR LADO MANCAL",1287167,1440,1,ATIVO,UNIDADE,105.18,105.18
"ROLAMENTO ALTERNADOR INTERMEDIARIO",1287168,1441,1,ATIVO,UNIDADE,94.47,94.47
"ANEL DO AJUSTE DO ROLAMENTO BOSCH",1287169,1442,1,ATIVO,UNIDADE,21.43,21.43
"REPARO COMPLETO ALTERNADOR BOSCH",1287170,1443,1,ATIVO,UNIDADE,118.81,118.81
"PLANETARIA COMPLETA C/ENGRENAGEM",1287171,1444,1,ATIVO,UNIDADE,310.67,310.67
"MANCAL P/ALTERNADOR TRASEIRO BOSCH",1287172,1445,1,ATIVO,UNIDADE,174.32,174.32
"MANCAL P/ALTERNADOR DIANTEIRO BOSCH",1287173,1446,1,ATIVO,UNIDADE,211.33,211.33
"POLIA DO ALTERNADOR",1287174,1447,1,ATIVO,UNIDADE,176.27,176.27
"TENSOR DA CORREIA DO ALTERNADOR",1287175,1448,1,ATIVO,UNIDADE,369.1,369.1
"MOTOR DO LIMPADORPARABRISAS",1287176,1449,1,ATIVO,UNIDADE,711.91,711.91
"PALHETA DO LIMPADORBOSCH PC",1287177,1450,2,ATIVO,UNIDADE,140.24,70.12
"PIVO DO LIMPADOR",1287178,1451,2,ATIVO,UNIDADE,356.44,178.22
"BARRA DO LIMPADOR",1287179,1452,2,ATIVO,UNIDADE,179.2,89.6
"BOMBA DO LAVADOR DE PARABRISAS",1287180,1453,2,ATIVO,UNIDADE,132.44,66.22
"RELE AUX DE PARTIDA",1287181,1474,1,ATIVO,UNIDADE,377.01,377.01
"BICO EJETOR DE AGUA (BRUCUTU) LIMPADOR",1287182,1454,3,ATIVO,UNIDADE,96.42,32.14
"CHICOTE DO FAROL",1287183,1457,2,ATIVO,UNIDADE,545.38,272.69
"LAMPADA DE FAROL H4",1287184,1458,4,ATIVO,UNIDADE,171.4,42.85
"LAMPADA DE FAROL H3",1287185,1459,4,ATIVO,UNIDADE,151.92,37.98
"LÂMPADA 2 POLOS",1287186,1460,8,ATIVO,UNIDADE,46.72,5.84
"LAMPADA 1 POLO.",1287187,1461,8,ATIVO,UNIDADE,54.56,6.82
"LAMPADA 1 POLO PEQUENA 5W",1287188,1462,8,ATIVO,UNIDADE,38.96,4.87
"LAMPADA 1 POLO PEQUENA 10W",1287189,1463,8,ATIVO,UNIDADE,46.72,5.84
"BATERIA 180AH",1287190,1464,2,ATIVO,UNIDADE,1536.78,768.39
"CASCO DE BATERIA 180AH",1287191,1465,1,ATIVO,UNIDADE,145.11,145.11
"MOTOR DE PARTIDA.",1287192,1466,1,ATIVO,UNIDADE,3326.84,3326.84
"MANCAL DE PARTIDA DIANTEIROBOSCH",1287193,1467,1,ATIVO,UNIDADE,364.34,364.34
"MANCAL DE PARTIDA TRASEIRO BOSCH",1287194,1468,1,ATIVO,UNIDADE,145.15,145.15
"PORTA ESCOVAS DA PARTIDA",1287195,1469,1,ATIVO,UNIDADE,351.68,351.68
"JOGO REPARO DA PARTIDA",1287196,1470,1,ATIVO,UNIDADE,145.15,145.15
"REPARO ENGRENAGEM DA PLANETARIA",1287197,1471,1,ATIVO,UNIDADE,145.15,145.15
"INDUZIDO MOTOR DE PARTIDA",1287198,1472,1,ATIVO,UNIDADE,632.25,632.25
"RELE TEMPORIZADOR DO LIMPADOR 24V",1287199,1455,1,ATIVO,UNIDADE,180.17,180.17
"PALHETA DO LIMPADORBOSCH PC",1287200,1360,2,ATIVO,UNIDADE,142.38,71.19
"BRACO DO LIMPADOR",1287201,1456,2,ATIVO,UNIDADE,231.78,115.89
"TENSOR DA CORREIA DO ALTERNADOR",1287202,1358,1,ATIVO,UNIDADE,374.71,374.71
"INDUZIDO MOTOR DE PARTIDA",1287203,1247,1,ATIVO,UNIDADE,632.92,632.92
"CHAVE MAGNETICA DA PARTIDA",1287204,1248,1,ATIVO,UNIDADE,518.82,518.82
"IMPULSOR DE PARTIDA.",1287205,1250,1,ATIVO,UNIDADE,529.55,529.55
"KIT BUCHAS DA PARTIDA",1287206,1251,1,ATIVO,UNIDADE,75.09,75.09
"BOBINA DE CAMPO",1287207,1252,1,ATIVO,UNIDADE,604.64,604.64
"GARFO COMPLETO DA PARTIDA",1287208,1253,1,ATIVO,UNIDADE,65.34,65.34
ALTERNADOR,1287209,1254,1,ATIVO,UNIDADE,3587.85,3587.85
"CORREIAALTERNADOR POLY V",1287210,1255,1,ATIVO,UNIDADE,125.8,125.8
"Conjunto retificador",1287211,1256,1,ATIVO,UNIDADE,302.32,302.32
"REGULADOR DE VOLTAGEM BOSCH",1287212,1257,1,ATIVO,UNIDADE,349.13,349.13
"ROTOR DO ALTERNADOR",1287213,1258,1,ATIVO,UNIDADE,1226.83,1226.83
"ESTATOR P/ALTERNADOR",1287214,1259,1,ATIVO,UNIDADE,549.05,549.05
"ROLAMENTO ALTERNADOR LADO MANCAL",1287215,1260,1,ATIVO,UNIDADE,104.35,104.35
"ROLAMENTO ALTERNADOR INTERMEDIARIO",1287216,1261,1,ATIVO,UNIDADE,94.6,94.6
"ANEL DO AJUSTE DO ROLAMENTO BOSCH",1287217,1262,1,ATIVO,UNIDADE,20.48,20.48
"REPARO COMPLETO ALTERNADOR BOSCH",1287218,1263,1,ATIVO,UNIDADE,118,118
"REPARO ENGRENAGEM DA PLANETARIA",1287219,1246,1,ATIVO,UNIDADE,144.33,144.33
"PLANETARIA COMPLETA C/ENGRENAGEM",1287220,1264,1,ATIVO,UNIDADE,311.1,311.1
"MANCAL P/ALTERNADOR DIANTEIRO BOSCH",1287221,1266,1,ATIVO,UNIDADE,211.62,211.62
"POLIA DO ALTERNADOR",1287222,1267,1,ATIVO,UNIDADE,176.52,176.52
"TENSOR DA CORREIA DO ALTERNADOR",1287223,1268,1,ATIVO,UNIDADE,368.63,368.63
"MOTOR DO LIMPADORPARABRISAS",1287224,1269,1,ATIVO,UNIDADE,712.89,712.89
"PALHETA DO LIMPADORBOSCH PC",1287225,1270,4,ATIVO,UNIDADE,276.96,69.24
"PIVO DO LIMPADOR",1287226,1271,2,ATIVO,UNIDADE,356.94,178.47
"BARRA DO LIMPADOR",1287227,1272,2,ATIVO,UNIDADE,177.5,88.75
"BOMBA DO LAVADOR DE PARABRISAS",1287228,1273,2,ATIVO,UNIDADE,130.68,65.34
"BICO EJETOR DE AGUA (BRUCUTU) LIMPADOR",1287229,1274,3,ATIVO,UNIDADE,96.54,32.18
"RELE TEMPORIZADOR DO LIMPADOR 24V",1287230,1275,1,ATIVO,UNIDADE,179.44,179.44
"BRACO DO LIMPADOR",1287231,1276,2,ATIVO,UNIDADE,232.1,116.05
"CHICOTE DO FAROL",1287232,1277,2,ATIVO,UNIDADE,546.12,273.06
"LAMPADA DE FAROL H4",1287233,1278,4,ATIVO,UNIDADE,171.64,42.91
"LAMPADA DE FAROL H3",1287234,1279,4,ATIVO,UNIDADE,152.12,38.03
"LÂMPADA 2 POLOS",1287235,1280,8,ATIVO,UNIDADE,46.8,5.85
"LAMPADA 1 POLO.",1287236,1281,12,ATIVO,UNIDADE,81.96,6.83
"MANCAL P/ALTERNADOR TRASEIRO BOSCH",1287237,1265,1,ATIVO,UNIDADE,173.59,173.59
"LAMPADA 1 POLO PEQUENA 5W",1287238,1282,10,ATIVO,UNIDADE,48.8,4.88
"JOGO REPARO DA PARTIDA",1287239,1245,1,ATIVO,UNIDADE,144.33,144.33
"MANCAL DE PARTIDA TRASEIRO BOSCH",1287240,1243,1,ATIVO,UNIDADE,144.33,144.33
"MOTOR DO LIMPADORPARABRISAS",1287241,1359,1,ATIVO,UNIDADE,722.73,722.73
"CORREIAALTERNADOR POLY V",1287242,1210,1,ATIVO,UNIDADE,125.68,125.68
"Conjunto retificador",1287243,1211,1,ATIVO,UNIDADE,302.03,302.03
"REGULADOR DE VOLTAGEM BOSCH",1287244,1212,1,ATIVO,UNIDADE,348.79,348.79
"ROTOR DO ALTERNADOR",1287245,1213,1,ATIVO,UNIDADE,1225.64,1225.64
"ESTATOR P/ALTERNADOR",1287246,1214,1,ATIVO,UNIDADE,548.52,548.52
"ROLAMENTO ALTERNADOR LADO MANCAL",1287247,1215,1,ATIVO,UNIDADE,104.25,104.25
"ROLAMENTO ALTERNADOR INTERMEDIARIO",1287248,1216,1,ATIVO,UNIDADE,94.51,94.51
"ANEL DO AJUSTE DO ROLAMENTO BOSCH",1287249,1217,1,ATIVO,UNIDADE,21.43,21.43
"REPARO COMPLETO ALTERNADOR BOSCH",1287250,1218,1,ATIVO,UNIDADE,117.89,117.89
"PLANETARIA COMPLETA C/ENGRENAGEM",1287251,1219,1,ATIVO,UNIDADE,310.8,310.8
"MANCAL P/ALTERNADOR TRASEIRO BOSCH",1287252,1220,1,ATIVO,UNIDADE,174.4,174.4
"MANCAL P/ALTERNADOR DIANTEIRO BOSCH",1287253,1221,1,ATIVO,UNIDADE,211.42,211.42
"POLIA DO ALTERNADOR",1287254,1222,1,ATIVO,UNIDADE,176.34,176.34
"TENSOR DA CORREIA DO ALTERNADOR",1287255,1223,1,ATIVO,UNIDADE,369.25,369.25
"MOTOR DO LIMPADORPARABRISAS",1287256,1224,1,ATIVO,UNIDADE,712.2,712.2
"PORTA ESCOVAS DA PARTIDA",1287257,1244,1,ATIVO,UNIDADE,351.08,351.08
"PALHETA DO LIMPADORBOSCH PC",1287258,1225,4,ATIVO,UNIDADE,280.6,70.15
"BARRA DO LIMPADOR",1287259,1227,2,ATIVO,UNIDADE,177.32,88.66
"BOMBA DO LAVADOR DE PARABRISAS",1287260,1228,2,ATIVO,UNIDADE,130.56,65.28
"BICO EJETOR DE AGUA (BRUCUTU) LIMPADOR",1287261,1229,3,ATIVO,UNIDADE,96.45,32.15
"RELE TEMPORIZADOR DO LIMPADOR 24V",1287262,1230,1,ATIVO,UNIDADE,179.27,179.27
"BRACO DO LIMPADOR",1287263,1231,2,ATIVO,UNIDADE,231.88,115.94
"CHICOTE DO FAROL",1287264,1232,2,ATIVO,UNIDADE,545.6,272.8
"LAMPADA DE FAROL H4",1287265,1233,4,ATIVO,UNIDADE,171.48,42.87
"LAMPADA DE FAROL H3",1287266,1234,4,ATIVO,UNIDADE,152,38
"LÂMPADA 2 POLOS",1287267,1235,6,ATIVO,UNIDADE,35.1,5.85
"LAMPADA 1 POLO.",1287268,1236,6,ATIVO,UNIDADE,40.92,6.82
"LAMPADA 1 POLO PEQUENA 5W",1287269,1237,6,ATIVO,UNIDADE,29.22,4.87
"LAMPADA 1 POLO PEQUENA 10W",1287270,1238,6,ATIVO,UNIDADE,35.1,5.85
"BATERIA 180AH",1287271,1239,2,ATIVO,UNIDADE,1537.42,768.71
"CASCO DE BATERIA 180AH",1287272,1240,1,ATIVO,UNIDADE,145.17,145.17
"MOTOR DE PARTIDA.",1287273,1241,1,ATIVO,UNIDADE,3331.37,3331.37
"MANCAL DE PARTIDA DIANTEIROBOSCH",1287274,1242,1,ATIVO,UNIDADE,364.73,364.73
"PIVO DO LIMPADOR",1287275,1226,2,ATIVO,UNIDADE,356.58,178.29
"LAMPADA 1 POLO PEQUENA 10W",1287276,1283,10,ATIVO,UNIDADE,58.5,5.85
"RELE AUX DE PARTIDA",1287277,1249,1,ATIVO,UNIDADE,377.41,377.41
"CASCO DE BATERIA 180AH",1287278,1285,1,ATIVO,UNIDADE,145.31,145.31
"LAMPADA DE FAROL H4",1287279,1323,4,ATIVO,UNIDADE,171.56,42.89
"LAMPADA DE FAROL H3",1287280,1324,4,ATIVO,UNIDADE,152.08,38.02
"LÂMPADA 2 POLOS",1287281,1325,8,ATIVO,UNIDADE,46.8,5.85
"LAMPADA 1 POLO.",1287282,1326,8,ATIVO,UNIDADE,54.56,6.82
"LAMPADA 1 POLO PEQUENA 5W",1287283,1327,8,ATIVO,UNIDADE,38.96,4.87
"LAMPADA 1 POLO PEQUENA 10W",1287284,1328,8,ATIVO,UNIDADE,46.8,5.85
"BATERIA 180AH",1287285,1329,2,ATIVO,UNIDADE,1538.24,769.12
"CASCO DE BATERIA 180AH",1287286,1330,1,ATIVO,UNIDADE,145.25,145.25
"MOTOR DE PARTIDA.",1287287,1331,1,ATIVO,UNIDADE,3376.39,3376.39
"MANCAL DE PARTIDA DIANTEIROBOSCH",1287288,1332,1,ATIVO,UNIDADE,369.77,369.77
"MANCAL DE PARTIDA TRASEIRO BOSCH",1287289,1333,1,ATIVO,UNIDADE,146.33,146.33
"PORTA ESCOVAS DA PARTIDA",1287290,1334,1,ATIVO,UNIDADE,355.93,355.93
"JOGO REPARO DA PARTIDA",1287291,1335,1,ATIVO,UNIDADE,146.33,146.33
"REPARO ENGRENAGEM DA PLANETARIA",1287292,1336,1,ATIVO,UNIDADE,146.33,146.33
"INDUZIDO MOTOR DE PARTIDA",1287293,1337,1,ATIVO,UNIDADE,641.66,641.66
"CHAVE MAGNETICA DA PARTIDA",1287294,1338,1,ATIVO,UNIDADE,526.97,526.97
"RELE AUX DE PARTIDA",1287295,1339,1,ATIVO,UNIDADE,383.61,383.61
"IMPULSOR DE PARTIDA.",1287296,1340,1,ATIVO,UNIDADE,536.86,536.86
"KIT BUCHAS DA PARTIDA",1287297,1341,1,ATIVO,UNIDADE,77.12,77.12
"BOBINA DE CAMPO",1287298,1342,1,ATIVO,UNIDADE,316.38,316.38
"GARFO COMPLETO DA PARTIDA",1287299,1343,1,ATIVO,UNIDADE,66.24,66.24
ALTERNADOR,1287300,1344,1,ATIVO,UNIDADE,3637.4,3637.4
"CORREIAALTERNADOR POLY V",1287301,1345,1,ATIVO,UNIDADE,127.54,127.54
"Conjunto retificador",1287302,1346,1,ATIVO,UNIDADE,306.49,306.49
"REGULADOR DE VOLTAGEM BOSCH",1287303,1347,1,ATIVO,UNIDADE,353.95,353.95
"ROTOR DO ALTERNADOR",1287304,1348,1,ATIVO,UNIDADE,1243.78,1243.78
"ESTATOR P/ALTERNADOR",1287305,1349,1,ATIVO,UNIDADE,557.62,557.62
"ROLAMENTO ALTERNADOR LADO MANCAL",1287306,1350,1,ATIVO,UNIDADE,106.78,106.78
"ROLAMENTO ALTERNADOR INTERMEDIARIO",1287307,1351,1,ATIVO,UNIDADE,96.89,96.89
"ANEL DO AJUSTE DO ROLAMENTO BOSCH",1287308,1352,1,ATIVO,UNIDADE,21.75,21.75
"REPARO COMPLETO ALTERNADOR BOSCH",1287309,1353,1,ATIVO,UNIDADE,120.62,120.62
"PLANETARIA COMPLETA C/ENGRENAGEM",1287310,1354,1,ATIVO,UNIDADE,315.39,315.39
"BATERIA 180AH",1287311,1284,2,ATIVO,UNIDADE,1538.9,769.45
"MANCAL P/ALTERNADOR DIANTEIRO BOSCH",1287312,1356,1,ATIVO,UNIDADE,215.54,215.54
"POLIA DO ALTERNADOR",1287313,1357,1,ATIVO,UNIDADE,179.94,179.94
"CHICOTE DO FAROL",1287314,1322,2,ATIVO,UNIDADE,545.88,272.94
"BRACO DO LIMPADOR",1287315,1321,2,ATIVO,UNIDADE,232,116
"MANCAL P/ALTERNADOR TRASEIRO BOSCH",1287316,1355,1,ATIVO,UNIDADE,175.99,175.99
"BICO EJETOR DE AGUA (BRUCUTU) LIMPADOR",1287317,1319,3,ATIVO,UNIDADE,96.51,32.17
"MANCAL DE PARTIDA DIANTEIROBOSCH",1287318,1287,1,ATIVO,UNIDADE,364.58,364.58
"MANCAL DE PARTIDA TRASEIRO BOSCH",1287319,1288,1,ATIVO,UNIDADE,144.27,144.27
"PORTA ESCOVAS DA PARTIDA",1287320,1289,1,ATIVO,UNIDADE,350.93,350.93
"JOGO REPARO DA PARTIDA",1287321,1290,1,ATIVO,UNIDADE,144.27,144.27
"REPARO ENGRENAGEM DA PLANETARIA",1287322,1291,1,ATIVO,UNIDADE,144.27,144.27
"INDUZIDO MOTOR DE PARTIDA",1287323,1292,1,ATIVO,UNIDADE,632.65,632.65
"CHAVE MAGNETICA DA PARTIDA",1287324,1293,1,ATIVO,UNIDADE,518.59,518.59
"RELE AUX DE PARTIDA",1287325,1294,1,ATIVO,UNIDADE,377.25,377.25
"IMPULSOR DE PARTIDA.",1287326,1295,1,ATIVO,UNIDADE,528.34,528.34
"KIT BUCHAS DA PARTIDA",1287327,1296,1,ATIVO,UNIDADE,75.06,75.06
"BOBINA DE CAMPO",1287328,1297,1,ATIVO,UNIDADE,604.38,604.38
"GARFO COMPLETO DA PARTIDA",1287329,1298,1,ATIVO,UNIDADE,65.31,65.31
ALTERNADOR,1287330,1299,1,ATIVO,UNIDADE,3587.27,3587.27
"CORREIAALTERNADOR POLY V",1287331,1300,1,ATIVO,UNIDADE,125.75,125.75
"Conjunto retificador",1287332,1301,1,ATIVO,UNIDADE,302.19,302.19
"REGULADOR DE VOLTAGEM BOSCH",1287333,1302,1,ATIVO,UNIDADE,348,348
"ROTOR DO ALTERNADOR",1287334,1303,1,ATIVO,UNIDADE,1226.3,1226.3
"ESTATOR P/ALTERNADOR",1287335,1304,1,ATIVO,UNIDADE,548.81,548.81
"ROLAMENTO ALTERNADOR LADO MANCAL",1287336,1305,1,ATIVO,UNIDADE,104.3,104.3
"ROLAMENTO ALTERNADOR INTERMEDIARIO",1287337,1306,1,ATIVO,UNIDADE,94.56,94.56
"ANEL DO AJUSTE DO ROLAMENTO BOSCH",1287338,1307,1,ATIVO,UNIDADE,21.45,21.45
"REPARO COMPLETO ALTERNADOR BOSCH",1287339,1308,1,ATIVO,UNIDADE,117.95,117.95
"PLANETARIA COMPLETA C/ENGRENAGEM",1287340,1309,1,ATIVO,UNIDADE,310.96,310.96
"MANCAL P/ALTERNADOR TRASEIRO BOSCH",1287341,1310,1,ATIVO,UNIDADE,173.51,173.51
"MANCAL P/ALTERNADOR DIANTEIRO BOSCH",1287342,1311,1,ATIVO,UNIDADE,211.53,211.53
"POLIA DO ALTERNADOR",1287343,1312,1,ATIVO,UNIDADE,176.44,176.44
"TENSOR DA CORREIA DO ALTERNADOR",1287344,1313,1,ATIVO,UNIDADE,368.48,368.48
"MOTOR DO LIMPADOR PARABRISAS",1287345,1314,1,ATIVO,UNIDADE,712.58,712.58
"PALHETA DO LIMPADORBOSCH PC",1287346,1315,1,ATIVO,UNIDADE,69.21,69.21
"PIVO DO LIMPADOR",1287347,1316,2,ATIVO,UNIDADE,356.78,178.39
"BARRA DO LIMPADOR",1287348,1317,2,ATIVO,UNIDADE,177.42,88.71
"MOTOR DE PARTIDA.",1287349,1286,1,ATIVO,UNIDADE,3328.95,3328.95
"BOMBA DO LAVADOR DE PARABRISAS",1287350,1318,2,ATIVO,UNIDADE,130.62,65.31
"RELE TEMPORIZADOR DO LIMPADOR 24V",1287351,1320,1,ATIVO,UNIDADE,179.36,179.36
