nomeEntidade,numeroProcesso,anoProcesso,numeroLicitacao,anoLicitacao,dataPublicacao,objeto,modalidade,tipoObjeto,formaJulgamento,dataHomologacao,situacao,adesao,atasRegistroPrecos,cidadeCertame,contratos,dataAberturaEnvelopes,dataAnulacao,dataCriacao,dataJulgamento,dataRevogacao,despesas,documentosRelacionados,emailContato,empenhos,enderecoCertame,enderecoEntrega,estadoCertame,formaContratacao,"inicioRecebimentoEnvelopes",itensVencedores,meioDivulgacao,motivoAnulacao,motivoRevogacao,nomeContato,participantes,registroPrecos,telefoneContato,"terminoRecebimentoEnvelopes",fundamentoLegal,valorEstimado,valorHomologado
"FUNDAÇÃO MUNICIPAL DE ESPORTES DE CRICIÚMA",3,2015,3,2015,2015-05-14,"Contratação de empresa do ramo pertinente, para confecção de medalhas, para uso nas diversas competições esportivas da Fundação Municipal de Esportes de Criciúma/SC.",Convite,"Compras e Serviços","MENOR PRECO GLOBAL",2015-06-15,Homologado," "," ",Criciúma,"contratos_852431bf-7a24-446e-9785-238346f59d6c.csv",2015-05-26T11:00:00Z," ",2015-05-14,2015-05-26," ","despesas_d38c4a59-42a7-4665-b582-6848fc8e2c9a.csv","documentosRelacionados_1f2fd99a-7228-48d8-a761-2627c499e5c9.csv"," "," "," "," ",SC,Licitação,2015-05-26T08:00:00Z,"itensVencedores_6976a178-cdae-480e-aa22-c1c3edff888f.csv","Mural Público"," "," ","NELI SEHNEM DOS SANTOS","participantes_4439a892-b710-4e74-9754-7b61cacaf732.csv",NÃO," ",2015-05-26T10:45:00Z," "," "," "
"FUNDAÇÃO MUNICIPAL DE ESPORTES DE CRICIÚMA",5,2015,5,2015,2015-05-26,"Aquisição de jogos de xadrez gigante, para atendimento as escolas e projetos ao ar livre da Fundação Municipal de Esportes de Criciúma/SC.","Pregão presencial","Compras e Serviços","MENOR PRECO POR ITEM",2015-07-30,Homologado," "," ",Criciúma,"contratos_ede9d13b-bc0e-45bd-8613-7d8cc4f58b3c.csv",2015-07-30T09:00:00Z," ",2015-05-26,2015-07-30," ","despesas_365efa3f-71d8-40df-bee3-8d2ec026a17a.csv","documentosRelacionados_2dd60cb3-427d-4089-910e-bbc8cfcbcd3b.csv"," "," "," "," ",SC,Licitação,2015-07-30T08:00:00Z,"itensVencedores_29690f38-b824-4428-82eb-4ad508503084.csv","Mural Público"," "," ","NELI SEHNEM DOS SANTOS","participantes_4b2e576e-1b2c-4054-b4c1-fd73c80be8bd.csv",NÃO," ",2015-07-30T09:00:00Z," "," "," "
"FUNDAÇÃO MUNICIPAL DE ESPORTES DE CRICIÚMA",6,2015,6,2015,2015-08-05,"Contratação de empresa do ramo pertinente, para confecção de uniformes esportivos (Kit com camisa e bermuda) para o PROJETO CIDADE EM AÇÃO pertencente a Fundação Municipal de Esportes de Criciúma/SC.","Pregão presencial","Compras e Serviços","MENOR PRECO GLOBAL",2015-08-21,Homologado," "," ",Criciúma,"contratos_c893b7cb-2f7e-4a65-a310-b6a80df3614f.csv",2015-08-17T15:30:00Z," ",2015-08-04,2015-08-17," ","despesas_9a848dad-f415-45f2-bc6a-1016f3d1e2e4.csv","documentosRelacionados_2e2cba06-f6b8-4c7e-b05f-7d4a15be453f.csv"," "," "," "," ",SC,Licitação,2015-08-17T08:00:00Z,"itensVencedores_2f003391-7e43-46c5-aafd-fdd2b3c90a81.csv",Internet," "," ","NELI SEHNEM DOS SANTOS","participantes_e3eb7fd4-cf76-4fbc-ab8d-be6269c055a5.csv",NÃO," ",2015-08-17T15:30:00Z," "," "," "
"FUNDAÇÃO MUNICIPAL DE ESPORTES DE CRICIÚMA",4,2015,4,2015,2015-05-22,"Aquisição de materiais esportivos, para uso nas diversas modalidades esportivas e nos Projetos de Inclusão Social da Fundação Municipal de Esportes de Criciúma/SC.","Pregão presencial","Compras e Serviços","MENOR PRECO POR ITEM",2015-08-11,Homologado," "," ",Criciúma,"contratos_73827958-188e-440a-8519-891cf0148306.csv",2015-07-29T09:00:00Z," ",2015-05-22,2015-08-06," ","despesas_30fbf01c-9949-4be2-9d98-8b72e34a888d.csv","documentosRelacionados_87dafcba-b985-4929-919c-83415db63350.csv"," "," "," "," ",SC,Licitação,2015-07-29T08:00:00Z,"itensVencedores_e7768163-5d56-4ed0-a8fe-5e954dd7eec1.csv","Mural Público"," "," ","NELI SEHNEM DOS SANTOS","participantes_9441319c-92a4-4e3a-a8a4-396f21593b98.csv",NÃO," ",2015-07-29T09:00:00Z," "," "," "
"FUNDAÇÃO MUNICIPAL DE ESPORTES DE CRICIÚMA",7,2015,7,2015,2015-08-12,"Registro de preços, para aquisições futura de troféus para as competições da Fundação Municipal de Esportes de Criciúma/SC.","Pregão presencial","Compras e Serviços","MENOR PRECO GLOBAL",2015-08-28,Homologado," ","atasRegistroPrecos_4a1e2eac-e8bd-4df3-8b65-f297ec5ea930.csv",Criciúma," ",2015-08-26T09:00:00Z," ",2015-08-12,2015-08-26," ","despesas_a9406375-af41-45e3-a495-1690286f34e4.csv","documentosRelacionados_3829cd25-8744-4ba6-9755-d46c97667dbb.csv"," "," "," "," ",SC,Licitação,2015-08-26T08:00:00Z,"itensVencedores_a6b88a55-391f-4d70-a182-bead7f2915dc.csv","Mural Público"," "," ","NELI SEHNEM DOS SANTOS","participantes_a4217f9a-cc35-432d-99e3-604cef105fca.csv",SIM," ",2015-08-26T09:00:00Z," "," "," "
"PREFEITURA MUNICIPAL DE CRICIUMA",244,2015,244,2015,2015-11-27,"Contratação de serviço de tecnologia da informação, no âmbito do Programa de Gestão Tributária aprovado pela CIGA - onde integra nota fiscal eletrônico, REGIN, atualização de cadastro na Junta Comercial.","Inexigibilidade de licitação","Compras e Serviços","MENOR PRECO",2015-11-26,HOMOLOGADO," "," "," ","contratos_c1df9d9d-d1c5-4536-9d58-f9cbe89770ab.csv",2015-11-26T14:00:00Z," ",2015-11-26,2015-11-26," "," "," ","tributos@criciuma.sc.gov.br"," ","Rua Domênico Sônego","Rua Domênico Sônego",SC,"Inexigibilidade de licitação",2015-11-26T12:30:00Z,"itensVencedores_aea11668-0bdb-4dce-a894-37bb37eced1b.csv",INTERNET,,," ","participantes_e3c0d20b-773d-44d3-a2fa-42a493f90423.csv",NÃO," ",2015-11-26T13:45:00Z,," "," "
"PREFEITURA MUNICIPAL DE CRICIUMA",247,2015,247,2015,2015-12-09,"Contratação de empresa(s) do ramo pertinente,  para execução de serviços necessários á realização das obras de reforma da 1ª etapa do edifício sede da Prefeitura Municipal de Criciúma - Paço Municipal Marcos Rovaris -, localizado na rua Domênico Sônego nº 542 - bairro Pinheirinho, distribuídos em 3 (três)  lotes. CONVENIO - ESTADO DE SANTA CATARINA/FUNDOSOCIAL - subação 11106.",Concorrência,"Obras e Serviços de Engenharia","MENOR PREÇO GLOBAL POR LOTE",2016-08-19,HOMOLOGADO," "," "," ","contratos_ef77b333-f62b-4289-adcb-a618540d5af9.csv",2016-01-11T14:00:00Z," ",2015-12-03,2016-01-11," ","despesas_57664910-5733-4e11-8c4b-73d57052ead2.csv"," ","tributos@criciuma.sc.gov.br"," ","Rua Domênico Sônego","Rua Domênico Sônego",SC,Concorrência,2016-01-11T12:30:00Z,"itensVencedores_42b97bea-ad9e-4397-8737-4ead557eb4e4.csv",DIARIO_OFICIAL_UNIAO,,," ","participantes_6376c004-1a29-4d2b-a391-57b46c57514b.csv",NÃO," ",2016-01-11T13:45:00Z,"Lei 8666/1993, Art. 22, I"," "," "
"PREFEITURA MUNICIPAL DE CRICIUMA",240,2015,240,2015,2015-11-27,"Registro de preços de Materiais para aquisições futuras destinados à conserto, restauração e manutenção predial na CIRETRAN de Criciúma/SC., de acordo com Convênio PMC SSP TRÂNSITO.","Pregão presencial","Compras e Serviços","MENOR PRECO GLOBAL",2015-12-15,HOMOLOGADO," ","atasRegistroPrecos_c67fa2bf-44d8-4d17-85d9-0c3a9f7ea2b4.csv"," "," ",2015-12-14T14:01:00Z," ",2015-11-23,2015-12-14," "," "," ","tributos@criciuma.sc.gov.br"," ","Rua Domênico Sônego","Rua Domênico Sônego",SC,"Pregão presencial",2015-12-14T12:30:00Z,"itensVencedores_c56e11be-ab34-46ed-9fb2-e7d099ee9931.csv",INTERNET,,," ","participantes_89bed342-9571-4cf3-a946-612f6c417024.csv",SIM," ",2015-12-14T14:00:00Z,," "," "
"PREFEITURA MUNICIPAL DE CRICIUMA",242,2015,242,2015,2015-11-26,"Seleção de instituição financeira para concessão com exclusividade dos direitos referentes á administração das contas salários dos servidores ativos, inativos e pensionistas da administração direta e indireta do Município de Criciúma, bem como a concessão real de uso de espaço físico para instalação de PAB - Posto de Atendimento Bancário e Postos de Auto-Atendimento/Caixas Eletrônicos.","Outras Modalidades","Compras e Serviços","MENOR PRECO",2015-11-25,HOMOLOGADO," "," "," ","contratos_fc284f81-bddb-49b9-a7e3-ecfde55e6b1c.csv"," "," ",2015-11-25,," ","despesas_78472892-ecee-46ce-b06e-bcd2e72e70e0.csv"," ","tributos@criciuma.sc.gov.br"," ","Rua Domênico Sônego","Rua Domênico Sônego",SC,"Outras Modalidades"," ","itensVencedores_95beec6e-852c-408e-92dd-4620a2e75718.csv",INTERNET,,," ","participantes_4d97159f-9adf-4835-a829-b14351cc2398.csv",NÃO," "," ",," "," "
"PREFEITURA MUNICIPAL DE CRICIUMA",245,2015,245,2015,2015-12-02,"O presente Termo Contratual tem por objetivo o fornecimento, de forma parcelada, de água mineral na CIRETRAN de Criciúma/SC, para o período de janeiro à dezembro de 2016","Dispensa de licitação","Compras e Serviços","MENOR PRECO",2015-12-01,HOMOLOGADO," "," "," ","contratos_260c6d27-ed57-432d-a51d-7378cdf64774.csv",2015-12-01T14:00:00Z," ",2015-12-01,2015-12-01," ","despesas_dd46e26d-1c20-4136-8a0e-876044689fe0.csv"," ","tributos@criciuma.sc.gov.br"," ","Rua Domênico Sônego","Rua Domênico Sônego",SC,"Dispensa de licitação",2015-12-01T12:30:00Z,"itensVencedores_37bf2555-f924-4865-b09c-4a3ec7373045.csv",DIARIO_OFICIAL_UNIAO,,," ","participantes_41bcd4b7-ab9f-474e-9382-5798489f9962.csv",NÃO," ",2015-12-01T13:45:00Z,," "," "
"PREFEITURA MUNICIPAL DE CRICIUMA",246,2015,246,2015,2015-12-07,"Aquisição de APARELHOS DE AR SPLIT para uso na Sede do Conselho Tutelar do Município de Criciúma - SC.","Pregão presencial","Compras e Serviços","MENOR PRECO GLOBAL",2015-12-28,HOMOLOGADO," "," "," ","contratos_22e8b886-8b54-4cbd-a4a1-63ef7597219e.csv",2015-12-18T16:01:00Z," ",2015-12-02,2015-12-18," ","despesas_40693540-abd1-4574-82eb-0798f8ac4d19.csv"," ","tributos@criciuma.sc.gov.br"," ","Rua Domênico Sônego","Rua Domênico Sônego",SC,"Pregão presencial",2015-12-18T12:30:00Z,"itensVencedores_36b3ea20-7490-45ac-8ad8-381865a382fb.csv",INTERNET,,," ","participantes_d4cfca9b-adf5-49af-9e47-88bd4fb52a68.csv",NÃO," ",2015-12-18T16:00:00Z,," "," "
"PREFEITURA MUNICIPAL DE CRICIUMA",248,2015,248,2015,2015-12-07,"O presente Edital tem por objetivo a contratação de prestação de serviço técnico especializado na elaboração, análise e conferência de prestações de contas dos recursos de convênios do Governo junto aos Órgãos do Governo Federal e do Estado de Santa Catarina, com o objetivo de proporcionar eficiência nos serviços públicos municipais oferecidos aos cidadãos do município de Criciúma/SC",Convite,"Compras e Serviços","MENOR PREÇO MENSAL",2015-12-14,HOMOLOGADO," "," "," ","contratos_67efec91-eb66-4871-808c-1d83be76ec96.csv",2015-12-14T17:00:00Z," ",2015-12-07,2015-12-14," ","despesas_3c2109d7-0b43-4042-9ec9-bc354438f906.csv"," ","tributos@criciuma.sc.gov.br"," ","Rua Domênico Sônego","Rua Domênico Sônego",SC,Convite,2015-12-14T12:30:00Z,"itensVencedores_f44541e3-4560-46d7-8e1f-7dede3b9c063.csv",MURAL_PUBLICO,,," ","participantes_45c30e29-8d50-41ec-a882-ff702fad85b3.csv",NÃO," ",2015-12-14T16:45:00Z,"Lei 8666/1993, Art. 22, III"," "," "
"PREFEITURA MUNICIPAL DE CRICIUMA",250,2015,250,2015,2015-12-22,"Aquisição de peças e mão de obra para conserto e manutenção geral da frota de viaturas da CIRETRAN de Criciúma.","Pregão presencial","Compras e Serviços","MENOR PREÇO GLOBAL POR LOTE",2016-01-26,HOMOLOGADO," ","atasRegistroPrecos_c9ecea58-9837-4ea8-8274-63ae13d97af8.csv"," "," ",2016-01-14T14:01:00Z," ",2015-12-09,2016-01-14," ","despesas_1dc520c8-fb64-4d50-92cb-0d16f88ee629.csv"," ","tributos@criciuma.sc.gov.br"," ","Rua Domênico Sônego","Rua Domênico Sônego",SC,"Pregão presencial",2016-01-14T13:00:00Z,"itensVencedores_9837b577-3b75-487b-b89a-6cc205e381c5.csv",INTERNET,,," ","participantes_55014422-3ddb-4e39-a260-59fafc1549f1.csv",SIM," ",2016-01-14T14:00:00Z,," "," "
"PREFEITURA MUNICIPAL DE CRICIUMA",252,2015,252,2015,2016-01-03,"Contratação de empresa para execução de drenagem pluvial, sem o fornecimento dos tubos de concreto, nas ruas Cecília Novakoski Espíndola - bairro Vila Rica; Engº Jorge Becker - bairro Nossa Senhora da Salete;  Oswaldo Hülse - bairro Pio Corrêa e na rodovia SC445 - bairro Próspera, município de Criciúma-SC.",Convite,"Obras e Serviços de Engenharia","MENOR PRECO GLOBAL",2016-01-21,HOMOLOGADO," "," "," ","contratos_4635c40d-3302-45a6-8d33-19b6c27aeeac.csv",2016-01-20T14:00:00Z," ",2015-12-14,2016-01-20," ","despesas_9d075935-79cc-403e-9d8c-198e5bc67737.csv"," ","tributos@criciuma.sc.gov.br"," ","Rua Domênico Sônego","Rua Domênico Sônego",SC,Convite,2016-01-20T12:30:00Z,"itensVencedores_5089e71a-8e8d-4e13-acbd-f792317e9024.csv",MURAL_PUBLICO,,," ","participantes_56585279-dd41-4328-91c6-1fbeb23ed5e2.csv",NÃO," ",2016-01-20T13:45:00Z,"Lei 8666/1993, Art. 22, III"," "," "
"PREFEITURA MUNICIPAL DE CRICIUMA",256,2015,256,2015,2016-01-13,"Registro de preços de pneus novos, câmaras de ar novas e protetores de câmaras de ar novas, para aquisições futuras, na reposição e manutenção de viaturas do 9º Batalhão de Polícia Militar de Criciúma/SC.","Pregão presencial","Compras e Serviços","MENOR PRECO POR ITEM",2016-02-11,HOMOLOGADO," ","atasRegistroPrecos_7dfd9b82-0487-4c83-97ec-f44bde0eea7d.csv"," "," ",2016-01-26T14:01:00Z," ",2015-12-28,2016-01-26," "," "," ","tributos@criciuma.sc.gov.br"," ","Rua Domênico Sônego","Rua Domênico Sônego",SC,"Pregão presencial",2016-01-26T12:30:00Z,"itensVencedores_425cffb2-73df-4635-b6f3-977e68d918fe.csv",INTERNET,,," ","participantes_4de0aa05-ef7f-48fa-84d0-3edb36afe5af.csv",SIM," ",2016-01-26T14:00:00Z,," "," "
"PREFEITURA MUNICIPAL DE CRICIUMA",260,2015,260,2015,2016-01-04,"Registro de preços de telas milimétricas e guarda-corpo metálico, compreendendo a instalação e equipamentos necessários, para aquisições futiras, no atendimento a Rede Municipal de Ensino de Criciúma/SC.","Pregão presencial","Compras e Serviços","MENOR PRECO POR ITEM",2016-01-21,HOMOLOGADO," ","atasRegistroPrecos_8068b49b-c5a7-48f3-93da-45315de2d724.csv"," "," ",2016-01-20T16:01:00Z," ",2015-12-29,2016-01-20," ","despesas_26d9016f-0289-4d41-94c3-601444d5c7cf.csv"," ","tributos@criciuma.sc.gov.br"," ","Rua Domênico Sônego","Rua Domênico Sônego",SC,"Pregão presencial",2016-01-20T12:30:00Z,"itensVencedores_462cb24b-4f1b-4600-9b5f-94f8ec9af5ab.csv",INTERNET,,," ","participantes_7fbc6ece-3250-4ebb-b358-dc4b0070c505.csv",SIM," ",2016-01-20T16:00:00Z,," "," "
"PREFEITURA MUNICIPAL DE CRICIUMA",261,2015,261,2015,2016-01-11,"Contratação de empresa de engenharia, para execução da reforma parcial da cobertura (área 502,78m²) do prédio da E.M.E.I.E.F. PROF.° VILSON LALAU, localizada na rua Joanilde de Oliveira - Bairro Cristo Redendor no município de Criciúma.",Convite,"Obras e Serviços de Engenharia","MENOR PRECO GLOBAL",2016-01-21,HOMOLOGADO," "," "," ","contratos_918c91cf-e890-4e96-9e8b-c8dc4aab9035.csv",2016-01-20T17:00:00Z," ",2015-12-29,2016-01-20," ","despesas_7e3882c1-11dd-4e3c-9990-f99c33d3edf1.csv"," ","tributos@criciuma.sc.gov.br"," ","Rua Domênico Sônego","Rua Domênico Sônego",SC,Convite,2016-01-20T12:30:00Z,"itensVencedores_8658e5af-f578-414d-bf18-35f93f8cfb4c.csv",MURAL_PUBLICO,,," ","participantes_e4bd2822-94ac-4bba-9a71-f2dc6f95dd0f.csv",NÃO," ",2016-01-20T16:45:00Z,"Lei 8666/1993, Art. 22, III"," "," "
"PREFEITURA MUNICIPAL DE CRICIUMA",262,2015,262,2015,2015-12-29,"Contratação de empresa do ramo pertinente, para execução da substituição (883,43m²) do telhado do prédio da E.ME.I.E.F. GIÁCOMO ZANETTE, localizada na rua Blumenau - bairro Santo Antônio no Município de Criciúma.","Tomada de Preço","Obras e Serviços de Engenharia","MENOR PRECO",2016-03-09,HOMOLOGADO," "," "," ","contratos_1e91ec2b-57cf-497f-9888-092a05d601c2.csv",2016-02-03T14:00:00Z," ",2015-12-29,2016-02-03," ","despesas_2cee617b-884d-46b0-a47c-97adf45c3db3.csv"," ","tributos@criciuma.sc.gov.br"," ","Rua Domênico Sônego","Rua Domênico Sônego",SC,"Tomada de Preço",2016-02-03T12:30:00Z,"itensVencedores_19b7673f-3558-4c46-99ac-0bce4193bbf2.csv",MURAL_PUBLICO,,," ","participantes_b2a8c166-3dee-4d3c-8a04-0108af6fbf46.csv",NÃO," ",2016-02-03T13:45:00Z,"Lei 8666/1993, Art. 22, II"," "," "
"PREFEITURA MUNICIPAL DE CRICIUMA",219,2015,219,2015,2015-09-25,"REGISTRO DE PREÇOS DE CARGAS DE GÁS (GLP P-13 e P-45), PARA AQUISIÇÕES FUTURAS, NO ATENDIMENTO AO MUNICÍPIO, ESCOLAS DA REDE MUNICIPAL DE ENSINO, FUNDO MUNICIPAL DE SAÚDE E FUNDO MUNICIPAL DE ASSISTENCIA SOCIAL DE CRICIÚMA/SC.","Pregão presencial","Compras e Serviços","MENOR PRECO POR ITEM",2015-10-15,HOMOLOGADO," ","atasRegistroPrecos_da3f5e02-26ee-4be6-8825-9b02253c6066.csv"," "," ",2015-10-08T15:01:00Z," ",2015-09-24,2015-10-08," ","despesas_dfa6ab22-01d3-4a4d-a2bc-3371eaa2e849.csv"," ","tributos@criciuma.sc.gov.br"," ","Rua Domênico Sônego","Rua Domênico Sônego",SC,"Pregão presencial",2015-10-08T08:00:00Z,"itensVencedores_67072b76-812d-436b-bc09-7c8a81114cef.csv",INTERNET,,," ","participantes_d7f44be8-066b-405f-82aa-c61b0afaf064.csv",SIM," ",2015-10-08T15:00:00Z,," "," "
"PREFEITURA MUNICIPAL DE CRICIUMA",197,2015,197,2015,2015-08-24,"O presente edital tem por objetivo a contratação de Serviço para Realização de Processo Seletivo Simplificado para contratação dos professores e especialistas em assuntos educacionais em caráter temporário nas escolas da Rede de Ensino do município de Criciúma/SC",Convite,"Compras e Serviços","MENOR PRECO GLOBAL",2015-09-10,HOMOLOGADO," "," "," ","contratos_1e46f546-a939-4a23-8872-a75862ee1f6b.csv",2015-09-08T15:00:00Z," ",2015-08-24,2015-09-08," ","despesas_9b4d7ecc-ddc2-41f9-8819-0d5a2c737b02.csv"," ","tributos@criciuma.sc.gov.br"," ","Rua Domênico Sônego","Rua Domênico Sônego",SC,Convite,2015-09-08T08:00:00Z,"itensVencedores_119f9ceb-10c4-486d-9356-59f6156c2868.csv",MURAL_PUBLICO,,," ","participantes_715cd9ae-3355-494a-9143-eef86d3f491f.csv",NÃO," ",2015-09-08T14:45:00Z,"Lei 8666/1993, Art. 22, III"," "," "
"PREFEITURA MUNICIPAL DE CRICIUMA",198,2015,198,2015,2015-08-28,"Contratação de serviços técnicos profissionais especializados para elaboração, em caráter emergencial, do projeto Hidrossanitário da nova infraestrutura do prédio do Paço Municipal Marcos Rovaris, localizado na rua Domenico Sonego n° 542, bairo Pinheirinho, em virtude dos sinistros (incêndios) ocorridos no dias 27/05 e 07/06/2015, com base nos Decretos de Situação de Emergência n° 859/15 e 910/15.","Dispensa de licitação","Compras e Serviços","MENOR PRECO",2015-08-27,HOMOLOGADO," "," "," ","contratos_e943db8d-dc43-49dd-96ca-b0958b740287.csv",2015-08-26T08:01:00Z," ",2015-08-26,2015-08-26," ","despesas_aed25923-be1a-4f0e-b5e7-8985151657f9.csv"," ","tributos@criciuma.sc.gov.br"," ","Rua Domênico Sônego","Rua Domênico Sônego",SC,"Dispensa de licitação",2015-08-26T08:00:00Z,"itensVencedores_cc3e3744-3e5a-46e7-985c-6d1ec5255609.csv",INTERNET,,," ","participantes_99a5db92-55bf-4e2e-8aa0-744338878c13.csv",NÃO," ",2015-08-26T08:00:00Z,," "," "
"PREFEITURA MUNICIPAL DE CRICIUMA",203,2015,203,2015,2015-09-09,"O presente edital tem por objetivo, receber propostas para contratação de empresa jornalística para prestação de serviços diários de publicação legal e de atos oficiais do município que devam produzir efeitos externos, assim entendidos aqueles não alcançados pela divulgação no Diário Oficial Eletrônico, para publicação na imprensa escrita, em jornal de circulação diária no município de Criciúma.","Pregão presencial","Compras e Serviços","MENOR PRECO GLOBAL",2015-09-24,HOMOLOGADO," "," "," ","contratos_cd09a58e-ad46-478b-a563-65f2ac961b6e.csv",2015-09-21T14:01:00Z," ",2015-09-08,2015-09-21," ","despesas_81a2c133-de26-4266-8be4-48d90d58619f.csv"," ","tributos@criciuma.sc.gov.br"," ","Rua Domênico Sônego","Rua Domênico Sônego",SC,"Pregão presencial",2015-09-21T08:00:00Z,"itensVencedores_3f90da3a-64b3-4503-a4a1-0cf14699b130.csv",INTERNET,,," ","participantes_875674f5-f58e-4a48-b58b-20ec3a71a273.csv",NÃO," ",2015-09-21T14:00:00Z,," "," "
"PREFEITURA MUNICIPAL DE CRICIUMA",204,2015,204,2015,2015-09-10,"REGISTRO DE PREÇOS DE MATERIAIS ELÉTRICOS, PARA RESTAURAÇÃO DA REDE ELÉTRICA DAS ESCOLAS DA REDE MUNÍCIPAL DE ENSINO DE CRICIÚMA-SC.","Pregão presencial","Compras e Serviços","MENOR PRECO GLOBAL",2015-09-24,HOMOLOGADO," ","atasRegistroPrecos_e04a720b-389a-4d8c-8c4d-fc46a89af45e.csv"," "," ",2015-09-22T17:01:00Z," ",2015-09-08,2015-09-22," ","despesas_d2c6e969-fcec-4447-91ec-71c7d7062ea6.csv"," ","tributos@criciuma.sc.gov.br"," ","Rua Domênico Sônego","Rua Domênico Sônego",SC,"Pregão presencial",2015-09-22T08:00:00Z,"itensVencedores_7be46648-4e38-49f3-94f1-ec2f1c72303f.csv",INTERNET,,," ","participantes_9adde16c-c513-4795-a51a-a8af03989c28.csv",SIM," ",2015-09-22T17:00:00Z,," "," "
"PREFEITURA MUNICIPAL DE CRICIUMA",205,2015,205,2015,2015-09-10,"Contratação de empresa de engenharia para execução da etapa 2 do prolongamento do CANAL AUXILIAR  DO RIO CRICIÚMA (Lotes I e II), no município de Criciúma-SC. 
CONVENIO: MINISTÉRIO DAS CIDADES / CAIXA ECONÔMICA FEDERAL  X MUNICÍPIO DE CRICIÚMA - Lote I - PAC1  =  TC Nº.  0292756-99/2009 e Lote 2 - PAC2 = TC Nº. 0446039-81/2014.",Concorrência,"Obras e Serviços de Engenharia","MENOR PRECO GLOBAL",2015-11-04,HOMOLOGADO," "," "," "," ",2015-10-14T14:00:00Z," ",2015-09-09,2015-10-14," ","despesas_3d78dab7-47de-4c9a-8a7b-5b5ba9406c79.csv"," ","tributos@criciuma.sc.gov.br"," ","Rua Domênico Sônego","Rua Domênico Sônego",SC,Concorrência,2015-10-14T08:00:00Z,"itensVencedores_4cf471b3-53a1-45dd-9c76-635ca3780d04.csv",DIARIO_OFICIAL_ESTADO,,," ","participantes_9a154387-0d23-4d1f-9ece-d91974a0a4af.csv",NÃO," ",2015-10-14T13:45:00Z,"Lei 8666/1993, Art. 22, I"," "," "
"PREFEITURA MUNICIPAL DE CRICIUMA",208,2015,208,2015,2015-11-20,"Contratação de empresa de engenharia, para execução dos serviços necessários a reforma do muro com alambrado da E.M.E.I.E.F. HERCILIO AMANTE, localizada no bairro Vila Floresta - município de Criciúma.",Convite,"Obras e Serviços de Engenharia","MENOR PRECO GLOBAL",2016-01-04,HOMOLOGADO," "," "," ","contratos_15d35252-87c3-4ad1-a77d-a80a454ec576.csv",2015-12-07T14:00:00Z," ",2015-09-14,2015-12-07," ","despesas_59d5dac1-d400-46a7-8970-8eb01fc32321.csv"," ","tributos@criciuma.sc.gov.br"," ","Rua Domênico Sônego","Rua Domênico Sônego",SC,Convite,2015-12-07T08:00:00Z,"itensVencedores_4443b582-295d-4098-8bb4-137dc8a159e7.csv",MURAL_PUBLICO,,," ","participantes_89375b5c-4da7-4173-9203-3871f91b756f.csv",NÃO," ",2015-12-07T13:45:00Z,"Lei 8666/1993, Art. 22, III"," "," "
"PREFEITURA MUNICIPAL DE CRICIUMA",209,2015,209,2015,2015-09-16,"Registro de preços de materiais de pavimentação, para aquisições futuras, no atendimento a diversos logradouros públicos atendidos pelos serviços da CASAN, no município de Criciúma/SC.CONVÊNIO: Contrato de Programa nº277/2012 - CASAN","Pregão presencial","Compras e Serviços","MENOR PRECO POR ITEM",2015-10-08,HOMOLOGADO," ","atasRegistroPrecos_ecf8c066-eb0d-42e6-8a3e-6f7f91334d41.csv"," ","contratos_0452f646-aa76-470c-8b25-378dc81177cd.csv",2015-09-29T14:01:00Z," ",2015-09-14,2015-09-29," ","despesas_b3811d3e-1b5e-4837-b2e7-116d662d0629.csv"," ","tributos@criciuma.sc.gov.br"," ","Rua Domênico Sônego","Rua Domênico Sônego",SC,"Pregão presencial",2015-09-29T08:00:00Z,"itensVencedores_763a4ebe-c9be-4dba-98a4-58b29a1db439.csv",INTERNET,,," ","participantes_01c86ce3-390f-4ce6-b030-f5464591e162.csv",SIM," ",2015-09-29T14:00:00Z,," "," "
"PREFEITURA MUNICIPAL DE CRICIUMA",213,2015,213,2015,2015-09-22,"Registro de preços de peças e serviços para aquisições futuras, na manutenção mecânica da frota de veículos leves e caminhões do 9º BPM do município de criciúma. CONVÊNIO: PMC/CONV. TRANSITO/PMSC, PMC/CONV. POL. MILITAR(053/2014) e PMC/CONV. RADIO PATRULHA(003/2015).","Pregão presencial","Compras e Serviços","MAIOR DESCONTO SOBRE TABELA",2015-10-08,HOMOLOGADO," ","atasRegistroPrecos_0dede05f-bacf-49ee-89bd-9918f8795102.csv"," ","contratos_601abf1f-bc3e-422f-892c-262a7558f434.csv",2015-10-05T15:31:00Z," ",2015-09-21,2015-10-05," ","despesas_f58ca7ee-eb3b-49c9-90d3-bb4d33c47fbd.csv"," ","tributos@criciuma.sc.gov.br"," ","Rua Domênico Sônego","Rua Domênico Sônego",SC,"Pregão presencial",2015-10-05T08:00:00Z,"itensVencedores_d156c801-ba5f-469a-9d36-9a68464e634b.csv",INTERNET,,," ","participantes_c3efb22e-12d9-42b6-9d9c-869d91cb5a29.csv",SIM," ",2015-10-05T15:30:00Z,," "," "
"PREFEITURA MUNICIPAL DE CRICIUMA",215,2015,215,2015,2015-09-25,"Contratação de serviços de telefonia móvel pessoal, para atendimento ao 4º batalhão de bombeiro militar de Criciúma/SC.","Pregão presencial","Compras e Serviços","MENOR PRECO GLOBAL",2015-10-26,HOMOLOGADO," "," "," ","contratos_49fcca01-a5c9-4f02-944c-16491dd5a4c2.csv",2015-10-22T14:01:00Z," ",2015-09-23,2015-10-22," ","despesas_9361d390-e820-404e-ae52-2f00bea02735.csv"," ","tributos@criciuma.sc.gov.br"," ","Rua Domênico Sônego","Rua Domênico Sônego",SC,"Pregão presencial",2015-10-22T12:30:00Z,"itensVencedores_30cf935f-a8a0-4242-98f6-2eac72fafe56.csv",MURAL_PUBLICO,,," ","participantes_305feed2-663c-4542-a797-22e789e3e529.csv",NÃO," ",2015-10-22T14:00:00Z,," "," "
"PREFEITURA MUNICIPAL DE CRICIUMA",216,2015,216,2015,2015-09-25,"Contratação de serviços de telefonia móvel pessoal, para atendimento ao 9º batalhão de policia militar de Criciúma/SC. CONVÊNIO Nº.: PMC/CONV. POLÍCIA MILITAR(053/2014) E PMC/CONV.  RÁDIO PATRULHA(003/2015).","Pregão presencial","Compras e Serviços","MENOR PRECO GLOBAL",2015-10-26,HOMOLOGADO," "," "," ","contratos_c64ff5e3-cd49-4902-8873-a38cc7f0a1c4.csv",2015-10-08T17:01:00Z," ",2015-09-23,2015-10-08," ","despesas_1eeec0dd-249a-4393-a5e5-cedd9e3c925f.csv"," ","tributos@criciuma.sc.gov.br"," ","Rua Domênico Sônego","Rua Domênico Sônego",SC,"Pregão presencial",2015-10-08T12:30:00Z,"itensVencedores_5523fde6-5eeb-4349-b6df-778a2263c583.csv",INTERNET,,," ","participantes_5b8c7007-a821-4e76-84f2-6c8cf80a119f.csv",NÃO," ",2015-10-08T17:00:00Z,," "," "
"PREFEITURA MUNICIPAL DE CRICIUMA",222,2015,222,2015,2015-10-07,"Locação de imóvel (sala comercial medindo 270m²) localizado á Rua João Pessoa, N° 741, sala 02 , Bairro Centro, Criciúma/SC, destinado a instalação do CONSELHO TUTELAR do Município de Criciúma/SC.","Dispensa de licitação","Compras e Serviços","MENOR PRECO",2015-10-06,HOMOLOGADO," "," "," ","contratos_9e97ce55-68f4-41a1-b2c7-3e7b20bbe58c.csv",2015-10-06T13:01:00Z," ",2015-10-06,2015-10-06," ","despesas_18f11c7b-b4d8-4e1d-90bd-4e0ce061d3db.csv"," ","tributos@criciuma.sc.gov.br"," ","Rua Domênico Sônego","Rua Domênico Sônego",SC,"Dispensa de licitação",2015-10-06T12:30:00Z,"itensVencedores_3667cddc-2e4a-45e5-b537-acfed56c03b6.csv",INTERNET,,," ","participantes_c7855726-e29a-4c0e-8f81-6a63673c6bd5.csv",NÃO," ",2015-10-06T13:00:00Z,," "," "
"PREFEITURA MUNICIPAL DE CRICIUMA",225,2015,225,2015,2015-10-16,"Contratação de empresa especializada em serviços de limpeza e desentupimento de fossas, rede coletora de esgoto, filtros anaeróbicos, sumidouros e caixas de gorduras, através de equipamentos/caminhões apropriados, em escolas e demais edificações de uso do poder público e ruas do município de Criciúma/SC.","Pregão presencial","Compras e Serviços","MENOR PRECO GLOBAL",2015-11-20,HOMOLOGADO," "," "," ","contratos_16997dd1-027c-4c75-b55d-c1635013111a.csv",2015-10-28T14:01:00Z," ",2015-10-13,2015-10-28," ","despesas_c95d5eea-6003-4415-ab2e-d018537ff6ba.csv"," ","tributos@criciuma.sc.gov.br"," ","Rua Domênico Sônego","Rua Domênico Sônego",SC,"Pregão presencial",2015-10-28T08:00:00Z,"itensVencedores_85a31800-11c4-466b-9615-07a8221c65cf.csv",INTERNET,,," ","participantes_cf24ac2f-ca7d-4080-8ba1-4a2fa5c87961.csv",NÃO," ",2015-10-28T14:00:00Z,," "," "
"PREFEITURA MUNICIPAL DE CRICIUMA",196,2015,196,2015,2015-08-25,"Registro de preços de serviços de agenciamento e fornecimento de passagens aéreas, no âmbito nacional e internacional, para aquisições futuras, no atendimento às secretarias, diretorias, fundos e fundações da administração municipal de Criciúma/SC.","Pregão presencial","Compras e Serviços","MENOR PRECO GLOBAL",2015-10-16,HOMOLOGADO," "," "," "," ",2015-09-08T09:01:00Z," ",2015-08-24,2015-09-08," ","despesas_c89fd4f0-d976-43c7-8203-6332cfbdb2b7.csv"," ","tributos@criciuma.sc.gov.br"," ","Rua Domênico Sônego","Rua Domênico Sônego",SC,"Pregão presencial",2015-09-08T08:00:00Z,"itensVencedores_be4d1dfe-17af-46f7-85d1-d68b4a0f643d.csv",INTERNET,,," ","participantes_722343dc-23ab-46e4-a479-cc41da0d7647.csv",SIM," ",2015-09-08T09:00:00Z,," "," "
"PREFEITURA MUNICIPAL DE CRICIUMA",199,2015,199,2015,2015-08-27,"Contratação de empresa de engenharia, para execução da cobertura (área 176,00m²) do pátio interno da E.M.E.I.E.F. JOSÉ CESÁRIO DA SILVA, localizada na rua Indaial - Bairro Nossa Senhora da Salete no município de Criciúma.",Convite,"Obras e Serviços de Engenharia","MENOR PRECO GLOBAL",2015-11-20,HOMOLOGADO," "," "," ","contratos_603daf99-4fa2-433f-9f0e-a66bdc221643.csv",2015-09-09T14:00:00Z," ",2015-08-27,2015-09-09," ","despesas_510a85de-2c91-48aa-b1b5-f52d635430aa.csv"," ","tributos@criciuma.sc.gov.br"," ","Rua Domênico Sônego","Rua Domênico Sônego",SC,Convite,2015-09-09T12:30:00Z,"itensVencedores_7282af46-6083-48cc-8200-d7080b63d5f4.csv",MURAL_PUBLICO,,," ","participantes_33a9e142-f1fb-4839-b2e1-a33627f186a6.csv",NÃO," ",2015-09-09T13:45:00Z,"Lei 8666/1993, Art. 22, III"," "," "
"PREFEITURA MUNICIPAL DE CRICIUMA",206,2015,206,2015,2015-09-11,"Registro de preços de serviços de recauchutagem e vulcanização de pneus, para aquisições futuras, na manutenção de veículos e equipamentos rodoviários que compõem a frota oficial do Município de Criciúma/SC.","Pregão presencial","Compras e Serviços","MENOR PRECO GLOBAL",2015-09-25,HOMOLOGADO," ","atasRegistroPrecos_f9f8e2b0-4e79-4cde-8859-7cd2fe01fbda.csv"," "," ",2015-09-24T16:01:00Z," ",2015-09-09,2015-09-24," ","despesas_9d61e083-405f-4692-929e-e1bfadf2d7e0.csv"," ","tributos@criciuma.sc.gov.br"," ","Rua Domênico Sônego","Rua Domênico Sônego",SC,"Pregão presencial",2015-09-24T08:00:00Z,"itensVencedores_4a1fc337-3c9c-48c2-928e-68da5691f6fd.csv",INTERNET,,," ","participantes_0f7c8157-1428-4a2c-a43f-107a39376cbc.csv",SIM," ",2015-09-24T16:00:00Z,," "," "
"PREFEITURA MUNICIPAL DE CRICIUMA",207,2015,207,2015,2015-09-11,"Registro de preços de lubrificantes e filtros, para aquisições futuras, na reposição e manutenção de veículos e equipamentos rodoviários que compõem a frota oficial do Município de Criciúma/SC.","Pregão presencial","Compras e Serviços","MENOR PREÇO GLOBAL POR LOTE",2015-09-25,HOMOLOGADO," ","atasRegistroPrecos_cbcf1a9d-7e2d-4252-b15d-d75ce376acd2.csv"," "," ",2015-09-23T14:01:00Z," ",2015-09-10,2015-09-23," ","despesas_886e6c25-e563-4fc3-983c-634c67485457.csv"," ","tributos@criciuma.sc.gov.br"," ","Rua Domênico Sônego","Rua Domênico Sônego",SC,"Pregão presencial",2015-09-23T08:00:00Z,"itensVencedores_d07da2cc-5d0e-456c-bb26-acc69c5adc09.csv",INTERNET,,," ","participantes_a11fb2f3-7c88-438c-8b19-a496eab83177.csv",SIM," ",2015-09-23T14:00:00Z,," "," "
"PREFEITURA MUNICIPAL DE CRICIUMA",221,2015,221,2015,2015-10-05,"Contratação de empresa de engenharia, para execução de muro de contenção e cercamento da E.ME.I.E.F. JOSÉ CESÁRIO DA SILVA, localizada na rua Indaial - bairro Nossa Senhora da Salete no Município de Criciúma.","Tomada de Preço","Obras e Serviços de Engenharia","MENOR PRECO GLOBAL",2015-11-20,HOMOLOGADO," "," "," ","contratos_f7a80fd1-95e2-401c-8174-d65ab6cb12ef.csv",2015-10-20T14:00:00Z," ",2015-10-01,2015-10-20," ","despesas_b2ffccd3-17ed-43da-8448-e90630562fe9.csv"," ","tributos@criciuma.sc.gov.br"," ","Rua Domênico Sônego","Rua Domênico Sônego",SC,"Tomada de Preço",2015-10-20T12:30:00Z,"itensVencedores_43f805c2-9e4e-4d6b-89ec-e2495cd6226f.csv",DIARIO_OFICIAL_UNIAO,,," ","participantes_1deba0d4-af77-4fcb-b81e-cd6344653416.csv",NÃO," ",2015-10-20T13:45:00Z,"Lei 8666/1993, Art. 22, II"," "," "
"PREFEITURA MUNICIPAL DE CRICIUMA",212,2015,212,2015,2015-09-22,"Registro de preços de peças e serviços para aquisições futuras, na manutenção mecânica, funilaria e pintura da frota de motocicletas do 9º BPM do município de criciúma. CONVÊNIO: PMC/CONV. TRANSITO/PMSC, PMC/CONV. POL. MILITAR(053/2014) e PMC/CONV. RADIO PATRULHA(003/2015).","Pregão presencial","Compras e Serviços","MAIOR DESCONTO SOBRE TABELA",2015-10-08,HOMOLOGADO," ","atasRegistroPrecos_e0708283-0862-498b-b447-1679adbdd341.csv"," ","contratos_7806001b-7ff6-49a3-abc7-5163d2a2c8aa.csv",2015-10-05T14:01:00Z," ",2015-09-21,2015-10-05," ","despesas_0c98a90e-1073-4540-8d22-1a0ae4721f92.csv"," ","tributos@criciuma.sc.gov.br"," ","Rua Domênico Sônego","Rua Domênico Sônego",SC,"Pregão presencial",2015-10-05T08:00:00Z,"itensVencedores_1ba8f33a-6b72-46ec-9cd0-0bb665e76668.csv",INTERNET,,," ","participantes_c2c6b32c-b9c7-4bc4-89a5-1395debd91db.csv",SIM," ",2015-10-05T14:00:00Z,," "," "
"PREFEITURA MUNICIPAL DE CRICIUMA",214,2015,214,2015,2015-09-22,"Registro de preços de peças e serviços para aquisições futuras, nos serviços de funilaria de pintura, para manutenção da frota de veículos leves e caminhões do 9º BPM do município de criciúma. CONVÊNIO: PMC/CONV. TRANSITO/PMSC, PMC/CONV. POL. MILITAR(053/2014) e PMC/CONV. RADIO PATRULHA(003/2015).","Pregão presencial","Compras e Serviços","MAIOR DESCONTO SOBRE TABELA",2015-10-09,HOMOLOGADO," "," "," ","contratos_c08365c1-92d6-4471-8d26-fb37506db790.csv",2015-10-05T17:01:00Z," ",2015-09-21,2015-10-05," ","despesas_38729b92-2144-4e34-9aa8-b612d089c520.csv"," ","tributos@criciuma.sc.gov.br"," ","Rua Domênico Sônego","Rua Domênico Sônego",SC,"Pregão presencial",2015-10-05T08:00:00Z,"itensVencedores_c59e41b5-dba3-41ff-8564-c0efee0daca3.csv",INTERNET,,," ","participantes_c24eed88-193b-4bce-914a-bf6ea4da0e19.csv",SIM," ",2015-10-05T17:00:00Z,," "," "
"PREFEITURA MUNICIPAL DE CRICIUMA",218,2015,218,2015,2015-09-28,"Execução de serviços necessários á realização das obras de terraplenagem, implantação de drenagem e galerias de águas pluviais e pavimentação com revestimento em concreto asfáltico usinado à quente - CAUQ, em ruas do município de Criciúma-SC",Concorrência,"Obras e Serviços de Engenharia","MENOR PREÇO GLOBAL POR LOTE",2015-11-19,HOMOLOGADO," "," "," ","contratos_2758937a-e8c7-4716-9382-602df0f40a4a.csv",2015-10-29T14:00:00Z," ",2015-09-24,2015-10-29," ","despesas_d167b948-4772-423c-8fab-a5df9d091565.csv"," ","tributos@criciuma.sc.gov.br"," ","Rua Domênico Sônego","Rua Domênico Sônego",SC,Concorrência,2015-10-29T12:30:00Z,"itensVencedores_3e6f231e-8c41-4bc1-bddf-b2e812b82cb7.csv",DIARIO_OFICIAL_UNIAO,,," ","participantes_d65f945d-24b6-449a-886a-01f3278f46ea.csv",NÃO," ",2015-10-29T13:45:00Z,"Lei 8666/1993, Art. 22, I"," "," "
"FUNDO MUNICIPAL DE SAUDE DE CRICIUMA",12,2015,12,2015,2015-02-10,"A presente licitação tem por objetivo a aquisição de equipamentos médico-hospitalares, instrumentais odontológicos, mobiliário, Eletrodomésticos, eletroeletrônicos, climatização, material de consumo e Placas de identificação, para atendimento a Unidade Básica de Saúde - Porte II do Bairro Santa Luzia, pertencente ao Sistema de Saúde do município de Criciúma/SC.","Pregão presencial","Compras e Serviços","MENOR PRECO POR ITEM",2015-04-07,HOMOLOGADO," "," "," ","contratos_c9e3eb1d-bf06-40d9-a7d6-4864191d11b6.csv",2015-02-26T09:01:00Z," ",2015-02-05,2015-02-26," ","despesas_a3063030-92f6-4eda-9b5e-585eb1d1f05b.csv"," ",saude@criciuma.sc.gov.br," ","Rua Domênico Sônego","Rua Domênico Sônego",SC,Licitação,2015-02-26T08:00:00Z,"itensVencedores_72b509c9-d488-494b-9c0e-84fb09bcd1b7.csv",INTERNET," "," "," ","participantes_31531e03-51f3-4b16-8258-b9d4a8be0dcb.csv",NÃO," ",2015-02-26T09:00:00Z,,239947,108102.21
"FUNDO MUNICIPAL DE SAUDE DE CRICIUMA",13,2015,13,2015,2015-02-10,"Aquisição de motocicletas novas, zero kilometro e acessórios/vestimentas para atendimento à Vigilância em Saúde - Programa da Dengue do Município de Criciúma/SC.","Pregão presencial","Compras e Serviços","MENOR PRECO POR ITEM",2015-03-09,HOMOLOGADO," "," "," ","contratos_c5632f70-e4ce-4472-a881-ad398cdb34bb.csv",2015-02-27T14:01:00Z," ",2015-02-05,2015-02-27," ","despesas_d2b2fba7-10e5-447d-8036-124f0470425b.csv"," ",saude@criciuma.sc.gov.br," ","Rua Domênico Sônego","Rua Domênico Sônego",SC,Licitação,2015-02-27T08:00:00Z,"itensVencedores_4326d26f-7b18-45c9-ba16-302dee53adf5.csv",INTERNET," "," "," ","participantes_7373e965-f4ad-48e8-9438-d63674d159b3.csv",NÃO," ",2015-02-27T14:00:00Z,,92230,99000
"FUNDO MUNICIPAL DE SAUDE DE CRICIUMA",16,2015,16,2015,2015-02-21,"A presente licitação tem por objetivo a aquisição de microcomputadores e periféricos, para utilização de software do Ministério da Saúde, Programa Nacional de Imunizações (SI-PNI) nas salas de vacinas das unidades de saúde, com o propósito de alimentar metas pactuadas no Programa de Qualificação das Ações de vigilância em Saúde (PQAVS).","Pregão presencial","Compras e Serviços","MENOR PRECO GLOBAL",2015-03-09,HOMOLOGADO," "," "," ","contratos_0fff7de7-1484-4bb8-9556-c106e5cdc01f.csv",2015-03-05T09:01:00Z," ",2015-02-13,2015-03-05," ","despesas_3cb8ebbb-a8a4-457e-a825-ea48b7a7f09b.csv"," ",saude@criciuma.sc.gov.br," ","Rua Domênico Sônego","Rua Domênico Sônego",SC,Licitação,2015-03-05T08:00:00Z,"itensVencedores_af8a704a-ead7-4b13-8960-401cbeba264e.csv",INTERNET," "," "," ","participantes_3825ac40-d515-4b87-90dd-97687f09644e.csv",NÃO," ",2015-03-05T09:00:00Z,,96800,81664
"FUNDO MUNICIPAL DE SAUDE DE CRICIUMA",31,2015,31,2015,2015-04-16,"REGISTRO DE PREÇOS DE GENEROS ALIMENTÍCIOS, MATERIAIS DE LIMPEZA E DESCARTÁVEIS, PARA FUTURAS AQUISIÇÕES NO ATENDIMENTO AS CAMPANHAS DE VACINAÇÃO DA INFLUENZA, GRIPE DO IDOSO, E DAS CAMPANHAS DA POLIOMIELITE DA VIGILÂNCIA EPIDEMIOLÓGICA DO FUNDO MUNICIPAL DE SAÚDE DE  CRICIÚMA/SC.","Pregão presencial","Compras e Serviços","MENOR PREÇO GLOBAL POR LOTE",2015-04-29,HOMOLOGADO," ","atasRegistroPrecos_70794377-7394-4e06-a311-72b21d2d25ce.csv"," "," ",2015-04-29T09:01:00Z," ",2015-04-13,2015-04-29," ","despesas_26a1f86a-dfd6-4adb-8b02-36b15157b872.csv"," ",saude@criciuma.sc.gov.br," ","Rua Domênico Sônego","Rua Domênico Sônego",SC,Licitação,2015-04-29T08:00:00Z,"itensVencedores_65816065-67fb-45ce-9bf1-b5a0e2ec38fd.csv",INTERNET," "," "," ","participantes_631d5fc8-962f-4552-b679-36a6f037e0ca.csv",SIM," ",2015-04-29T09:00:00Z,,26511.7,22647.25
"FUNDO MUNICIPAL DE SAUDE DE CRICIUMA",26,2015,26,2015,2015-03-19,"O presente CONTRATO DE GESTÃO tem por objeto estabelecer, em caráter emergencial, o compromisso entre as partes para o gerenciamento, operacionalização e a execução, pela CONTRATADA das ações e serviços de saúde, no HOSPITAL MATERNO INFANTIL SANTA CATARINA, em regime de 24 horas/dia, exclusivamente aos usuários do Sistema Único de Saúde - SUS.","Dispensa de licitação","Compras e Serviços","MENOR PRECO",2015-03-19,HOMOLOGADO," "," "," ","contratos_960b38b2-0f47-4dad-b773-87467606ed8c.csv",2015-03-16T09:01:00Z," ",2015-03-16,2015-03-16," ","despesas_7e16c67c-a3e7-43eb-adda-07011b0fa094.csv"," ",saude@criciuma.sc.gov.br," ","Rua Domênico Sônego","Rua Domênico Sônego",SC,Licitação,2015-03-16T08:00:00Z,"itensVencedores_3113854f-4461-4cac-842f-b048e07bf88b.csv","JORNAL_DIVULGACAO_REGIONAL"," "," "," ","participantes_09244a1f-c7e0-4137-85c3-731af566b405.csv",NÃO," ",2015-03-16T09:00:00Z,,2680000,2680000
"FUNDO MUNICIPAL DE SAUDE DE CRICIUMA",30,2015,30,2015,2015-04-13,"Aquisição de veículos utilitários, TIPO PERUA/WAGGON, MINIBUS, TRANSPORTE DE PASSAGEIROS, TRANSPORTE DE CARGAS E CAMINHONETE CABINE DUPLA, para atendimento de diversos serviços da saúde da Rede Municipal de Saúde de Criciúma/SC.","Pregão presencial","Compras e Serviços","MENOR PRECO POR ITEM",2015-04-28,HOMOLOGADO," "," "," ","contratos_c799d653-2f31-4912-a832-e10b1bebfecb.csv",2015-04-24T09:01:00Z," ",2015-04-10,2015-04-24," ","despesas_0a1b88c6-5f31-4f02-9f74-2f13af6f5c7d.csv"," ",saude@criciuma.sc.gov.br," ","Rua Domênico Sônego","Rua Domênico Sônego",SC,Licitação,2015-04-24T08:00:00Z,"itensVencedores_c398fb6a-57f2-4844-9316-90cf6c367c09.csv",INTERNET," "," "," ","participantes_c5a9da0a-a87a-466c-89a7-de37a510bfef.csv",NÃO," ",2015-04-24T09:00:00Z,,1177000,1144400
"FUNDO MUNICIPAL DE SAUDE DE CRICIUMA",25,2015,25,2015,2015-03-14,"REGISTRO DE PREÇOS DE MEDICAMENTOS, PARA AQUISIÇÕES FUTURAS E EVENTUAIS, DESTINADOS AO ATENDIMENTO ÀS NECESSIDADES DAS UNIDADES DE SAÚDE PERTECENTES À REDE MUNICIPAL DE CRICIÚMA/SC.","Pregão presencial","Compras e Serviços","MENOR PRECO POR ITEM",2015-04-14,HOMOLOGADO," ","atasRegistroPrecos_646f81f4-8305-4238-bbe0-84aac69a7b3e.csv"," "," ",2015-03-30T09:31:00Z," ",2015-03-12,2015-03-30," ","despesas_76f20b21-7ca3-4cca-9e1b-ee0b562e6e0d.csv"," ",saude@criciuma.sc.gov.br," ","Rua Domênico Sônego","Rua Domênico Sônego",SC,Licitação,2015-03-30T08:00:00Z,"itensVencedores_9791276b-6929-4cf7-905d-fd8cb203e37f.csv",INTERNET," "," "," ","participantes_bc2c7a42-9837-4231-bc72-5c0276b0fdd1.csv",SIM," ",2015-03-30T09:30:00Z,,9405666.5,5982640.91
"FUNDO MUNICIPAL DE SAUDE DE CRICIUMA",29,2015,29,2015,2015-04-07,"A presente Licitação tem por objetivo a contratação de serviços veterinários para a realização, por demanda, de 550 (quinhentos e cinqüenta) procedimentos cirúrgicos em cães errantes no município favorecendo o controle populacional desses animais, bem como na transmissão de Zoonoses, em atendimento à Vigilância Sanitária e Epidemiológica da Secretaria Municipal de Saúde do Município de Criciúma/SC",Convite,"Compras e Serviços","MENOR PRECO GLOBAL",2015-04-24,HOMOLOGADO," "," "," ","contratos_fa39ce0d-3a03-4fe8-8de0-556e10b6500a.csv",2015-04-22T16:00:00Z," ",2015-04-07,2015-04-22," ","despesas_22c3f0bb-4518-48a1-87e0-93302ecde4dc.csv"," ",saude@criciuma.sc.gov.br," ","Rua Domênico Sônego","Rua Domênico Sônego",SC,Licitação,2015-04-22T08:00:00Z,"itensVencedores_bcfb7a8a-86bb-431e-a22f-5ee3bdfbed39.csv",MURAL_PUBLICO," "," "," ","participantes_ab335b68-85d7-4339-b052-fb122be59e66.csv",NÃO," ",2015-04-22T15:45:00Z,"Lei 8666/1993, Art. 22, III",57750,57750
"FUNDO MUNICIPAL DE SAUDE DE CRICIUMA",32,2015,32,2015,2015-04-20,"Registro de preços para aquisições futuras de fraldas descartáveis, para atendimento à Rede Municipal de Saúde de Criciúma/SC.","Pregão presencial","Compras e Serviços","MENOR PRECO POR ITEM",2015-07-24,HOMOLOGADO," ","atasRegistroPrecos_e02860a2-55a7-4dff-9e14-412fb0775eef.csv"," "," ",2015-05-13T09:01:00Z," ",2015-04-13,2015-05-13," ","despesas_b89b730b-5d62-42df-88f3-1213dba4d912.csv"," ",saude@criciuma.sc.gov.br," ","Rua Domênico Sônego","Rua Domênico Sônego",SC,Licitação,2015-05-13T08:00:00Z,"itensVencedores_78195052-4b8e-4b66-9648-7466a729d62f.csv",INTERNET," "," "," ","participantes_ad1175ee-15b2-4b13-853d-23c3b61571d5.csv",SIM," ",2015-05-13T09:00:00Z,,183410,137300
"FUNDO MUNICIPAL DE SAUDE DE CRICIUMA",35,2015,35,2015,2015-04-16,"Tem por objetivo a aquisição de 01 servidor de dados com acessórios, incluindo serviços de instalação e garantia on site, pelo período de 12 (doze) meses,  para o Hospital Materno Infantil Santa Catarina - HMISC em Criciúma/SC.",Convite,"Compras e Serviços","MENOR PRECO GLOBAL",2015-05-13,HOMOLOGADO," "," "," ","contratos_24e2e9c2-d31c-4033-917a-e83a17f97207.csv",2015-05-06T16:00:00Z," ",2015-04-16,2015-05-06," ","despesas_2f3ae4d5-e2f0-459c-8535-bf0eb1c50941.csv"," ",saude@criciuma.sc.gov.br," ","Rua Domênico Sônego","Rua Domênico Sônego",SC,Licitação,2015-05-06T08:00:00Z,"itensVencedores_2322b954-acd5-411f-a91e-8d9be424c9fc.csv",MURAL_PUBLICO," "," "," ","participantes_ca68dbe4-3e8c-4835-81aa-4160316dfb01.csv",NÃO," ",2015-05-06T15:45:00Z,"Lei 8666/1993, Art. 22, III",28415.49,27283
"FUNDO MUNICIPAL DE SAUDE DE CRICIUMA",33,2015,33,2015,2015-04-16,"Registro de Preços de MATERIAIS DIDÁTICOS - FONOAUDIÓLOGOS para aquisições futuras em atendimento ao setor de Coordenação de Atenção Especializada da Secretaria Municipal de Saúde de Criciúma/SC.","Pregão presencial","Compras e Serviços","MENOR PRECO POR ITEM",2015-05-07,HOMOLOGADO," ","atasRegistroPrecos_f5b05ae7-b273-482a-a7ab-05ffa508cc8e.csv"," "," ",2015-04-30T09:01:00Z," ",2015-04-14,2015-04-30," ","despesas_b6902149-79fe-446a-94fb-2da2a26dd84c.csv"," ",saude@criciuma.sc.gov.br," ","Rua Domênico Sônego","Rua Domênico Sônego",SC,Licitação,2015-04-30T08:00:00Z,"itensVencedores_197513c4-56fb-4c02-b751-1aaad38eb5c9.csv",INTERNET," "," "," ","participantes_c13e8240-2b23-4133-8fad-9fc24456ee73.csv",SIM," ",2015-04-30T09:00:00Z,,8992.57,5501.69
"FUNDO MUNICIPAL DE SAUDE DE CRICIUMA",37,2015,37,2015,2015-05-13,"Aquisição de acessórios e vestimentas para moto, em atendimento a vigilância em Saúde  - programa da dengue pertencente a Secretaria Municipal de Saúde de Criciúma/SC.","Pregão presencial","Compras e Serviços","MENOR PRECO POR ITEM"," ",REVOGADO," "," "," "," ",2015-05-27T14:01:00Z," ",2015-05-13,2015-05-27,2015-07-09," "," ",saude@criciuma.sc.gov.br," ","Rua Domênico Sônego","Rua Domênico Sônego",SC,Licitação,2015-05-27T08:00:00Z," ",MURAL_PUBLICO," ","Razões de Interesse Público"," "," ",NÃO," ",2015-05-27T14:00:00Z,,6372," "
"FUNDO MUNICIPAL DE SAUDE DE CRICIUMA",61,2015,61,2015,2015-11-23,"Contratação de empresa especializada em prestação de serviços de capacitação: I SEMINÁRIO DE COMBATE AO ASSÉDIO MORAL NO TRABALHO, para os 45 municípios de abrangência do CEREST - Macrorregional de criciúma, incluindo HOTELARIA, AUDITÓRIO, ALIMENTAÇÃO, PALESTRANTE, EQUIPAMENTOS E MATERIAIS AUDIOVISUAIS E TRANSLADOS no dia 10 de dezembro de 2015, no município de Criciúma/SC.","Pregão presencial","Compras e Serviços","MENOR PRECO GLOBAL",2016-01-11,HOMOLOGADO," "," "," ","contratos_fb426600-b3fd-4687-bee7-5e6bc643cf9a.csv",2015-12-03T14:01:00Z," ",2015-11-20,2015-12-03," ","despesas_73af85b4-886a-497b-b81a-ea68aa1aaeb3.csv"," ",saude@criciuma.sc.gov.br," ","Rua Domênico Sônego","Rua Domênico Sônego",SC,Licitação,2015-12-03T12:30:00Z,"itensVencedores_920a220c-1072-425b-a4e2-22ea2a8a4c6d.csv",INTERNET," "," "," ","participantes_c5dd03e3-6f55-4e04-9c0a-1e7ee3781e21.csv",NÃO," ",2015-12-03T14:00:00Z,,20423,20423
"FUNDO MUNICIPAL DE SAUDE DE CRICIUMA",60,2015,60,2015,2015-11-23,"REGISTRO DE PREÇOS PARA AQUISIÇÃO FUTURA DE MATERIAIS MÉDICOS HOSPITALARES, PARA ATENDIMENTO À REDE MUNICIPAL DE SAÚDE DE CRICIÚMA/SC.","Pregão presencial","Compras e Serviços","MENOR PRECO POR ITEM",2015-12-28,HOMOLOGADO," ","atasRegistroPrecos_72f65b02-4b13-4518-ac2c-1b2a4bd8a0ac.csv"," "," ",2015-12-15T14:01:00Z," ",2015-11-19,2015-12-15," "," "," ",saude@criciuma.sc.gov.br," ","Rua Domênico Sônego","Rua Domênico Sônego",SC,Licitação,2015-12-15T12:30:00Z,"itensVencedores_2343151a-a4ca-4937-b15b-a0517957a783.csv",INTERNET," "," "," ","participantes_fb7f780e-0ad6-4057-9386-41120374377b.csv",SIM," ",2015-12-15T14:00:00Z,,6919513.88,2619572.81
"FUNDO MUNICIPAL DE SAUDE DE CRICIUMA",57,2015,57,2015,2015-10-27,"Registro de preços de Órteses e Próteses, para aquisições futuras, no atendimento a pessoas carentes do Fundo Municipal de Saúde de Criciúma/SC.","Pregão presencial","Compras e Serviços","MENOR PRECO POR ITEM",2015-11-18,HOMOLOGADO," ","atasRegistroPrecos_6c3efafc-9753-43e7-86fe-43cf209f9bbb.csv"," "," ",2015-11-11T16:01:00Z," ",2015-10-26,2015-11-11," ","despesas_2e304772-945b-42fa-9b91-7739546d0556.csv"," ",saude@criciuma.sc.gov.br," ","Rua Domênico Sônego","Rua Domênico Sônego",SC,Licitação,2015-11-11T12:30:00Z,"itensVencedores_0eb30efb-c3ac-48b9-8c7c-48d5f9ac5903.csv",MURAL_PUBLICO," "," "," ","participantes_77b21868-5cef-4641-b772-5f6abb1f7fed.csv",SIM," ",2015-11-11T16:00:00Z,,123449.5,95011.3
"FUNDO MUNICIPAL DE SAUDE DE CRICIUMA",59,2015,59,2015,2015-11-19,"Contratação de empresa especializada para execução de serviços de instalação de rede elétrica, de dados e telefonia nas Unidades de Saúde do São Defende, Santa Luzia, Metropol e Maria Céu - município de Criciúma.",Convite,"Compras e Serviços","MENOR PRECO GLOBAL",2015-12-03,HOMOLOGADO," "," "," ","contratos_a2f7d1a0-f7d0-4c5c-a58f-120ecb652bdf.csv",2015-12-03T15:00:00Z," ",2015-11-16,2015-12-03," ","despesas_c7e85fdd-ba0c-4b9b-87bc-404ac7e06027.csv"," ",saude@criciuma.sc.gov.br," ","Rua Domênico Sônego","Rua Domênico Sônego",SC,Licitação,2015-12-03T12:30:00Z,"itensVencedores_9b05706d-250c-4af3-bfc5-3a84add7c5cf.csv",MURAL_PUBLICO," "," "," ","participantes_c7963ab1-103c-411d-9ebe-460a40a34e0a.csv",NÃO," ",2015-12-03T14:45:00Z,"Lei 8666/1993, Art. 22, III",75151.7,72779.6
"FUNDO MUNICIPAL DE SAUDE DE CRICIUMA",54,2015,54,2015,2015-10-13,"Registro de preços de exame - TOMOGRAFIA COMPUTADORIZADA DE FACE - CONE BEAN, para o diagnóstico de procedimentos odontológicos realizados no CEO - Centro de Especialidades Odontológicas, no atendimento aos usuários do Sistema único de Saúde (SUS) do município de Criciúma SC.","Pregão presencial","Compras e Serviços","MENOR PRECO POR ITEM",2015-11-06,HOMOLOGADO," ","atasRegistroPrecos_fc997325-cfe5-4c37-9c0b-b0b51bf15ca5.csv"," "," ",2015-10-27T16:01:00Z," ",2015-10-07,2015-10-27," ","despesas_0dc36f51-c315-462e-85d5-3ae618a0cc90.csv"," ",saude@criciuma.sc.gov.br," ","Rua Domênico Sônego","Rua Domênico Sônego",SC,Licitação,2015-10-27T12:30:00Z,"itensVencedores_11ceaae8-68b1-41c6-82ed-115d1953f31e.csv",INTERNET," "," "," ","participantes_a276d421-465d-48d1-be83-202671193043.csv",SIM," ",2015-10-27T16:00:00Z,,23500,23500
"FUNDO MUNICIPAL DE SAUDE DE CRICIUMA",55,2015,55,2015,2015-10-26,"REGISTRO DE PREÇOS PARA AQUISIÇÃO FUTURA DE EQUIPAMENTOS E MATERIAIS MÉDICOS HOSPITALARES, PARA ATENDIMENTO AO CENTRO DE CONTROLE DE ZOONOSES (CCZ) E LABORATÓRIO MUNICIPAL, PERTENCENTES À REDE MUNICIPAL DE SAÚDE DE CRICIÚMA/SC.","Pregão presencial","Compras e Serviços","MENOR PRECO POR ITEM",2015-11-11,HOMOLOGADO," ","atasRegistroPrecos_c2da3dfe-b215-4cc2-8350-304c060a1879.csv"," "," ",2015-11-09T16:01:00Z," ",2015-10-19,2015-11-09," ","despesas_d0ef82ef-9b33-488d-bda8-03f9f76ffc9c.csv"," ",saude@criciuma.sc.gov.br," ","Rua Domênico Sônego","Rua Domênico Sônego",SC,Licitação,2015-11-09T12:30:00Z,"itensVencedores_876c1e2f-1c14-4f9f-b5e8-a77cffb565a9.csv",INTERNET," "," "," ","participantes_2640f59a-119d-4f63-880e-fda80cccbd9f.csv",SIM," ",2015-11-09T16:00:00Z,,31676,32313.84
"FUNDO MUNICIPAL DE SAUDE DE CRICIUMA",56,2015,56,2015,2015-10-26,"Contratação de empresa para execução de CURSO DE CAPACITAÇÃO DAS NORMAS REGULAMENTADORAS, para fiscais e controle social, dos 45 (quarenta e cinco) municípios de abrangência do CEREST, Macroregiomal de Criciúma, compreendendo os serviços de hotelaria, auditório, palestrante e outros, de acordo com termo de referencia, no período de 16 a 20 de novembro de 2015, no município de CRICIÚMA/SC.","Pregão presencial","Compras e Serviços","MENOR PRECO GLOBAL",2015-11-11,HOMOLOGADO," "," "," ","contratos_4e92a49d-6f34-4fd4-b42f-2359be10ea9d.csv",2015-11-09T14:01:00Z," ",2015-10-23,2015-11-09," ","despesas_90713fd8-896e-4580-afa9-05f07feda886.csv"," ",saude@criciuma.sc.gov.br," ","Rua Domênico Sônego","Rua Domênico Sônego",SC,Licitação,2015-11-09T12:30:00Z,"itensVencedores_d5cccf3c-8327-44a5-8de3-e17a7241357b.csv",INTERNET," "," "," ","participantes_5cf136be-a223-4e2f-bbb7-5e18b3e8e887.csv",NÃO," ",2015-11-09T14:00:00Z,,86255,46000
"FUNDO MUNICIPAL DE SAUDE DE CRICIUMA",58,2015,58,2015,2015-11-10,"Aquisição de termômetros digitais, termo hidrometros digitais e caixas termicas, para utilização nas geladeiras e caixas térmicas do setor de imunização da Vigilância Epidemiológica da rede Municipal de Saúde do Município de Criciúma/SC.","Pregão presencial","Compras e Serviços","MENOR PRECO POR ITEM",2015-11-25,HOMOLOGADO," "," "," ","contratos_a84d84d1-c765-46d5-9989-319ea86f0cc2.csv",2015-11-24T14:01:00Z," ",2015-11-10,2015-11-24," ","despesas_1b02779b-1b04-413e-9093-e9a6303fc693.csv"," ",saude@criciuma.sc.gov.br," ","Rua Domênico Sônego","Rua Domênico Sônego",SC,Licitação,2015-11-24T08:00:00Z,"itensVencedores_b6a247ea-ba02-4fd0-bb6f-c00d09883d14.csv",MURAL_PUBLICO," "," "," ","participantes_372b1d52-9fb5-4c36-bd92-06203928cda0.csv",NÃO," ",2015-11-24T14:00:00Z,,38885,21340.09
"FUNDO MUNICIPAL DE SAUDE DE CRICIUMA",62,2015,62,2015,2015-12-21,"Registro de Preços de equipamentos, instrumentais e materiais de consumo odontológicos para aquisições futuras em atendimento aos consultórios odontológicos da Rede Municipal de Saúde de Criciúma/SC.","Pregão presencial","Compras e Serviços","MENOR PRECO POR ITEM",2016-01-28,HOMOLOGADO," ","atasRegistroPrecos_77ec1270-1476-4dd0-9d27-18d7f64ad474.csv"," "," ",2016-01-12T14:01:00Z," ",2015-11-23,2016-01-12," "," "," ",saude@criciuma.sc.gov.br," ","Rua Domênico Sônego","Rua Domênico Sônego",SC,Licitação,2016-01-12T12:30:00Z,"itensVencedores_20d10f7a-1830-43a5-8793-71fbb18d42de.csv",INTERNET," "," "," ","participantes_c24445c2-3f30-4159-9965-7020fc84e2a2.csv",SIM," ",2016-01-12T14:00:00Z,,1367704.43,911044.86
"FUNDO MUNICIPAL DE SAUDE DE CRICIUMA",44,2015,44,2015,2015-08-25,"Contratação de empresa para prestação de serviços de hospedagem, alimentação e translados para os participantes do CURSO DE CAPACITAÇÃO EM ERGONOMIA PARA FORMAÇÃO  DE AET E FERRAMENTAS, PARA FISCAIS E CONTROLE SOCIAL DOS 45 MUNICÍPIOS DE ABRABNGÊNCIA DO CEREST - MACROREGIOMAL DE CRICIÚMA, no período de 09 a 11 de setembro de 2015, no município de CRICIÚMA/SC.","Pregão presencial","Compras e Serviços","MENOR PRECO GLOBAL",2015-09-04,HOMOLOGADO," "," "," ","contratos_638de7a8-f250-4526-9169-0d4141fd30d8.csv",2015-09-04T15:31:00Z," ",2015-08-24,2015-09-04," ","despesas_179f1143-816c-43f5-b830-25a864f43f5d.csv"," ",saude@criciuma.sc.gov.br," ","Rua Domênico Sônego","Rua Domênico Sônego",SC,Licitação,2015-09-04T08:00:00Z,"itensVencedores_fb3219b4-e7e0-4d00-b780-1123da137f05.csv",INTERNET," "," "," ","participantes_8929a408-0b0f-4bdc-9f9e-a5d062df653f.csv",NÃO," ",2015-09-04T15:30:00Z,,38000,27900
"FUNDO MUNICIPAL DE SAUDE DE CRICIUMA",38,2015,38,2015,2015-05-13,"Contratação de empres(s) para fornecer materiais e serviços, conforme anexo, a fim de executar a INSTALAÇÃO ELEÉTRICA E LÓGICA ( prédio em construção da UPA PRÓSPERA). A contratação se faz necessária devido ação de vandalismo, conforme Boletim de ocorrência - Registro n°00107-2015-00989. Para atendimento aos usuários do SUS do Município de Criciúma/SC.",Convite,"Compras e Serviços","MENOR PRECO GLOBAL",2015-05-22,HOMOLOGADO," "," "," ","contratos_4bdbab50-ce3e-45ea-90e1-cfaf8e3b3a6e.csv",2015-05-21T16:00:00Z," ",2015-05-13,2015-05-21," ","despesas_c6f05c74-ec1a-422c-881c-c3beb8960ed4.csv"," ",saude@criciuma.sc.gov.br," ","Rua Domênico Sônego","Rua Domênico Sônego",SC,Licitação,2015-05-21T08:00:00Z,"itensVencedores_e11ee210-e5a4-4b0b-8a06-36702866f6c5.csv",MURAL_PUBLICO," "," "," ","participantes_1e2709b6-3762-4e0c-a198-6eee53245dd2.csv",NÃO," ",2015-05-21T15:45:00Z,"Lei 8666/1993, Art. 22, III",145000,21849.41
"FUNDO MUNICIPAL DE SAUDE DE CRICIUMA",41,2015,41,2015,2015-07-28,"Aquisição de Tablets, para atendimento dos Agentes Comunitários de Saúde (ACS) da Rede Municipal de Criciúma/SC.","Pregão presencial","Compras e Serviços","MENOR PRECO POR ITEM",2015-03-11,HOMOLOGADO," "," "," "," ",2015-08-07T09:01:00Z," ",2015-07-24,2015-08-07," ","despesas_0a5b71d9-1ce2-4a8c-8c69-f0bcd49ba763.csv"," ",saude@criciuma.sc.gov.br," ","Rua Domênico Sônego","Rua Domênico Sônego",SC,Licitação,2015-08-07T08:00:00Z,"itensVencedores_2af4aff2-d73b-4727-9d52-bbfd901301d9.csv",INTERNET," "," "," ","participantes_7c5be57c-8d34-4f59-902d-51a015558a1d.csv",NÃO," ",2015-08-07T09:00:00Z,,230160,214377.6
"FUNDO MUNICIPAL DE SAUDE DE CRICIUMA",39,2015,39,2015,2015-05-22,"Registro de preços para aquisição de materiais para exames do Laboratório Municipal de Criciúma, para atendimento aos usuários do SUS do Município de Criciúma/SC.","Pregão presencial","Compras e Serviços","MENOR PRECO POR ITEM",2015-08-04,HOMOLOGADO," ","atasRegistroPrecos_78066600-44ab-482a-a191-8c0505a34719.csv"," "," ",2015-07-23T09:01:00Z," ",2015-05-20,2015-07-23," ","despesas_9331858c-aa8c-40a6-a04f-18b9288d539f.csv"," ",saude@criciuma.sc.gov.br," ","Rua Domênico Sônego","Rua Domênico Sônego",SC,Licitação,2015-07-23T08:00:00Z,"itensVencedores_3217ef7e-b8bc-4401-93dc-9cdba81f8143.csv",INTERNET," "," "," ","participantes_2633abb1-3efc-4a49-8a9d-64ec81883a2b.csv",SIM," ",2015-07-23T09:00:00Z,,375220.83,269164.96
"FUNDO MUNICIPAL DE SAUDE DE CRICIUMA",34,2015,34,2015,2015-04-14,"Contratação de Serviços de Consultorias em Informática, treinamento de usuários, locação de software e cessão de uso dos programas por tempo determinado, exclusivamente para o Laboratório de Analises Clinicas da Rede Municipal de Saúde/SC.","Pregão presencial","Compras e Serviços","MENOR PRECO GLOBAL",2015-05-06,HOMOLOGADO," "," "," ","contratos_77c65f86-733f-4b98-8337-e11122db57a4.csv",2015-05-04T14:01:00Z," ",2015-04-14,2015-05-04," ","despesas_31b7affd-9c23-459a-a5be-b8b23b828a7f.csv"," ",saude@criciuma.sc.gov.br," ","Rua Domênico Sônego","Rua Domênico Sônego",SC,Licitação,2015-05-04T08:00:00Z,"itensVencedores_0f289504-b130-4b72-9e86-6331b4780e14.csv",INTERNET," "," "," ","participantes_f7d90835-2065-4d3c-918f-514f4c36c50b.csv",NÃO," ",2015-05-04T14:00:00Z,,26400,24600
"FUNDO MUNICIPAL DE SAUDE DE CRICIUMA",40,2015,40,2015,2015-07-30,"Aquisição de mesas para trabalho em L, estrutura de madeira em MDF, para atendimento ao Centro de Referência em Saúde do Trabalhador, no Município de Criciúma/SC.","Pregão presencial","Compras e Serviços","MENOR PRECO POR ITEM",2015-08-13,HOMOLOGADO," "," "," ","contratos_bb54362c-0e4e-4db1-9f32-bfc105f4c095.csv",2015-08-13T09:01:00Z," ",2015-07-24,2015-08-13," ","despesas_cdcc94c9-ef90-4a26-8583-6ce51231e9b5.csv"," ",saude@criciuma.sc.gov.br," ","Rua Domênico Sônego","Rua Domênico Sônego",SC,Licitação,2015-08-13T08:00:00Z,"itensVencedores_8ac03342-54c0-43a8-a9c0-5dcfadb1da71.csv",INTERNET," "," "," ","participantes_23dcd3fe-2eb6-47d1-b241-bc676850c54a.csv",NÃO," ",2015-08-13T09:00:00Z,,9800,9000
"FUNDO MUNICIPAL DE SAUDE DE CRICIUMA",42,2015,42,2015,2015-08-05,"Contratação de empresa de engenharia, para execução das obras de reforma e ampliação do prédio da Policlínica Rio Maina, localizada na rua Amália Medeiros - Distrito de Rio Maina no Município de Criciúma.","Tomada de Preço","Obras e Serviços de Engenharia","MENOR PRECO GLOBAL",2015-09-03,HOMOLOGADO," "," "," ","contratos_c58965fb-06b8-4978-8a63-46274016ba38.csv",2015-08-24T14:00:00Z," ",2015-08-04,2015-08-24," ","despesas_abfccb61-2342-4c9d-aca9-f3d7fd274954.csv"," ",saude@criciuma.sc.gov.br," ","Rua Domênico Sônego","Rua Domênico Sônego",SC,Licitação,2015-08-24T08:00:00Z,"itensVencedores_12dda8c8-8d1c-4180-bd03-f0494bfadd8a.csv",INTERNET," "," "," ","participantes_bdb73896-85bd-433d-b542-baa63e94c3e8.csv",NÃO," ",2015-08-24T13:45:00Z,"Lei 8666/1993, Art. 22, II",419171.37,363068.78
"FUNDO MUNICIPAL DE SAUDE DE CRICIUMA",49,2015,49,2015,2015-09-21,"Contratação de empresa especializada em confecção de camisetas, para atendimento às campanhas realizadas pela Secretaria de Saúde do município de CRICIÚMA/SC.","Pregão presencial","Compras e Serviços","MENOR PRECO GLOBAL",2015-10-05,HOMOLOGADO," "," "," ","contratos_fed8cb5f-6925-440a-990c-7e4ae0a56de4.csv",2015-10-01T16:01:00Z," ",2015-09-18,2015-10-01," ","despesas_894c4646-2285-4b5e-8419-70e3024c19b2.csv"," ",saude@criciuma.sc.gov.br," ","Rua Domênico Sônego","Rua Domênico Sônego",SC,Licitação,2015-10-01T08:00:00Z,"itensVencedores_c6bcae11-b977-4bdd-8c88-dca6a400a592.csv",INTERNET," "," "," ","participantes_bafc4b7f-b4d8-4d4a-ac48-9828e18e2bc3.csv",NÃO," ",2015-10-01T16:00:00Z,,32515.5,16155.5
"FUNDO MUNICIPAL DE SAUDE DE CRICIUMA",46,2015,46,2015,2015-09-10,"Registro de preços de tiras reagentes para medição da glicemia, para aquisições futuras, no atendimento ao programa de alto monitoramento glicêmico e unidades descentralizadas de saúde da rede municipal de Saúde de Criciúma/SC.","Pregão presencial","Compras e Serviços","MENOR PRECO POR ITEM",2015-09-24,HOMOLOGADO," ","atasRegistroPrecos_dc9a86ae-070f-443a-90ae-e892bcd2492e.csv"," "," ",2015-09-22T14:01:00Z," ",2015-09-09,2015-09-22," ","despesas_7d3d9e16-7258-436f-b20b-0ab7e3013b4d.csv"," ",saude@criciuma.sc.gov.br," ","Rua Domênico Sônego","Rua Domênico Sônego",SC,Licitação,2015-09-22T08:00:00Z,"itensVencedores_6f0eb1ed-01a2-4517-8d40-86d049ed1a75.csv",INTERNET," "," "," ","participantes_be40a157-6ecd-4ce8-a920-faa3b8448d3e.csv",SIM," ",2015-09-22T14:00:00Z,,792000,810000
"FUNDO MUNICIPAL DE SAUDE DE CRICIUMA",48,2015,48,2015,2015-09-18,"A presente Licitação tem por objeto a contratação de empresa especializada para coleta, transporte, tratamento através de autoclave e destinação final de resíduos provenientes de serviços de saúde, para atendimento dos vários Programas e em todas as Unidades da Rede Municipal de Saúde, do município de Criciúma/SC.","Pregão presencial","Compras e Serviços","MENOR PRECO GLOBAL",2015-11-06,HOMOLOGADO," "," "," ","contratos_71cef8e9-37e7-4469-ac7b-9077d53ddf7b.csv",2015-09-30T16:01:00Z," ",2015-09-17,2015-09-30," ","despesas_19402abb-cd56-4550-8dd8-965e62cc8184.csv"," ",saude@criciuma.sc.gov.br," ","Rua Domênico Sônego","Rua Domênico Sônego",SC,Licitação,2015-09-30T12:30:00Z,"itensVencedores_0eafe7c3-bf0c-4593-be3f-cdc8e29d90a7.csv",INTERNET," "," "," ","participantes_5ba822c2-23c3-48d0-89b7-75698e7de3d9.csv",NÃO," ",2015-09-30T16:00:00Z,,265146,263730
"FUNDO MUNICIPAL DE SAUDE DE CRICIUMA",43,2015,43,2015,2015-08-31,"REGISTRO DE PREÇOS PARA AQUISIÇÃO FUTURA DE EQUIPAMENTOS E MATERIAIS MÉDICOS HOSPITALARES (AGULHAS, SERINGAS, CATETER, ETC.), PARA ATENDIMENTO À REDE MUNICIPAL DE SAÚDE DE CRICIÚMA/SC.","Pregão presencial","Compras e Serviços","MENOR PRECO POR ITEM",2015-09-02,HOMOLOGADO," ","atasRegistroPrecos_fe5a7844-72e4-4257-9286-31238127f76c.csv"," "," ",2015-09-01T09:01:00Z," ",2015-08-04,2015-09-01," ","despesas_ff5ec5f2-1679-4b94-b947-d45a434c8942.csv"," ",saude@criciuma.sc.gov.br," ","Rua Domênico Sônego","Rua Domênico Sônego",SC,Licitação,2015-09-01T08:00:00Z,"itensVencedores_51602b7b-f416-410e-8ccd-c2711ffe93ea.csv",INTERNET," "," "," ","participantes_1ad4ba53-dbce-4de7-bff7-428163bfc6d1.csv",SIM," ",2015-09-01T09:00:00Z,,1415677,1153709.6
"FUNDO MUNICIPAL DE SAUDE DE CRICIUMA",47,2015,47,2015,2015-09-11,"A presente licitação tem por objetivo a contratação, através de empresas especializadas, para prestação de serviços de manutenção de aparelhos de ar condicionado na Secretaria Municipal e nas Unidades Descentralizadas de Saúde de Criciúma/SC., compreendendo o fornecimento dos materiais, mão-de-obra, peças, equipamentos, máquinas e ferramentas normais e especiais necessárias.","Pregão presencial","Compras e Serviços","MENOR PRECO GLOBAL",2015-09-25,HOMOLOGADO," "," "," ","contratos_6cea30d0-7b08-4e9f-8b3d-89e7791febb2.csv",2015-09-23T16:01:00Z," ",2015-09-09,2015-09-23," ","despesas_b330b2aa-03a4-462f-a7a0-135217915210.csv"," ",saude@criciuma.sc.gov.br," ","Rua Domênico Sônego","Rua Domênico Sônego",SC,Licitação,2015-09-23T08:00:00Z,"itensVencedores_cebfe748-63f5-442d-8c5b-659667abdf7b.csv",INTERNET," "," "," ","participantes_e1f46c19-7c3b-442e-a5f0-911ca3764969.csv",NÃO," ",2015-09-23T16:00:00Z,,84440,65098.71
"FUNDO MUNICIPAL DE SAUDE DE CRICIUMA",21,2015,21,2015,2015-02-26,"Aquisição de 02 (dois) veículos novos, TIPO FURGÃO, zero kilometro, (01 movido a diesel, e 01 Flex - gasolina/álcool), com transformação dos mesmos em AMBULÂNCIA, para atendimento à Secretaria Municipal de Saúde/Central de Ambulância de Criciúma/SC.","Pregão presencial","Compras e Serviços","MENOR PRECO POR ITEM",2015-03-23,HOMOLOGADO," "," "," ","contratos_310d6ba4-2b86-40d6-a954-263cc47f3387.csv",2015-03-18T09:01:00Z," ",2015-02-24,2015-03-18," ","despesas_7f294d9f-81b7-45b3-a421-d1c5592516b5.csv"," ",saude@criciuma.sc.gov.br," ","Rua Domênico Sônego","Rua Domênico Sônego",SC,Licitação,2015-03-18T08:00:00Z,"itensVencedores_5782c6e3-ea61-465b-8207-3f8b6c743bcd.csv",INTERNET," "," "," ","participantes_51006fca-99ec-4e7c-bc71-89c4aab7cfba.csv",NÃO," ",2015-03-18T09:00:00Z,,237000,237000
"FUNDO MUNICIPAL DE SAUDE DE CRICIUMA",23,2015,23,2015,2015-02-27,"Credenciamento de Unidades Prestadoras de Serviços especializados em Assistência á Saúde, na área ambulatorial e hospital (urgência, emergência e eletivo), no conjunto de procediemtnos dos grupos da tabela unificada do SUS, para atendimento a demanda da população dos municípios das regiões da AMREC, AMESC, AMUREL, e todos os pacientes de qualquer região quando se tratar de urgencia e emergência.","Outras Modalidades","Compras e Serviços","TABELA DO SUS",2015-09-01,HOMOLOGADO," "," "," ","contratos_81181bef-d8f8-48d0-a3f6-2e3ee382320a.csv"," "," ",2015-02-26,," ","despesas_fb48cae6-d7a8-48ec-a25d-58fdc2692577.csv"," ",saude@criciuma.sc.gov.br," ","Rua Domênico Sônego","Rua Domênico Sônego",SC,"Chamada pública / credenciamento"," ","itensVencedores_00c0f194-3938-49a6-8dab-cee2059b3e69.csv",DIARIO_OFICIAL_ESTADO," "," "," ","participantes_5f8ac3f8-5d47-4a26-9b0d-cc0c1c9e8696.csv",NÃO," "," ",,0.04,0.4
"FUNDO MUNICIPAL DE SAUDE DE CRICIUMA",24,2015,24,2015,2015-05-05,"O presente edital tem por objetivo a contratação de empresa especializada, para fornecimento, eventual, de alimentos (coffee break) para os eventos a serem realizados pela secretaria municipal de saúde, durante o exercício de 2015.",Convite,"Compras e Serviços","MENOR PRECO GLOBAL",2015-04-24,HOMOLOGADO," "," "," ","contratos_f737a14f-1d82-4874-8a1f-04be326222f8.csv",2015-04-13T11:00:00Z," ",2015-03-05,2015-04-13," ","despesas_6b8dbb40-5467-43c4-9917-98701a36b6a6.csv"," ",saude@criciuma.sc.gov.br," ","Rua Domênico Sônego","Rua Domênico Sônego",SC,Licitação,2015-04-13T08:00:00Z,"itensVencedores_e6977f2b-62cb-446e-bd07-bab1130f655c.csv",MURAL_PUBLICO," "," "," ","participantes_31e1bdac-8670-4f5a-8a26-65b120700ad9.csv",NÃO," ",2015-04-13T10:45:00Z,"Lei 8666/1993, Art. 22, III",42817,41535
"FUNDO MUNICIPAL DE SAUDE DE CRICIUMA",27,2015,27,2015,2015-04-01,"Seleção de Instituição sem fins lucrativos como ORGANIZAÇÃO SOCIAL NA ÁREA DA SAÚDE, devidamente qualificada no âmbito do Município de Criciúma, para celebração de Contrato de Gestão, objetvando o Gerenciamento o qual envolve a Operacionalização e Eexecução pela Contratada, das rotinas e serviços de atendimento a saúde, exclusivamente aos usuários do sistema unico de saúde - SUS. do Hospital Materno Infantil Santa Catarina - CRICIUMA - SC.","Outras Modalidades","Compras e Serviços","MENOR PRECO",2015-05-20,HOMOLOGADO," "," "," ","contratos_21b39ff2-d486-4f03-85cb-5f593eb6ab0e.csv"," "," ",2015-03-16,," ","despesas_5d9a07f2-1d3a-4e98-868f-9aede5cd8887.csv"," ",saude@criciuma.sc.gov.br," ","Rua Domênico Sônego","Rua Domênico Sônego",SC,"Chamada pública / credenciamento"," ","itensVencedores_442c6eae-356a-4d01-bd1a-f3861e87d2d1.csv",INTERNET," "," "," ","participantes_c986b745-c80c-42b7-b5bd-4f36fa6b49c7.csv",NÃO," "," ",,15000000,15000000
"FUNDO MUNICIPAL DE SAUDE DE CRICIUMA",20,2015,20,2015,2015-02-24,"A presente licitação tem por objetivo a contratação de empresa especializada para execução, instalação e configuração de redes de comunicação de voz e dados nas Unidades de Vigilância Sanitária e Casa de Hepatite, do município de Criciúma/SC",Convite,"Compras e Serviços","MENOR PRECO GLOBAL",2015-03-16,HOMOLOGADO," "," "," ","contratos_c5d4b66b-318e-4a8d-adff-96f13270473d.csv",2015-03-10T14:00:00Z," ",2015-02-24,2015-03-10," ","despesas_d61888ee-5fe4-41e1-a4f7-57e9b7ffbd60.csv"," ",saude@criciuma.sc.gov.br," ","Rua Domênico Sônego","Rua Domênico Sônego",SC,Licitação,2015-03-10T08:00:00Z,"itensVencedores_3a629fb6-e951-4c65-b80d-b15c0d03057b.csv",MURAL_PUBLICO," "," "," ","participantes_ac8d7d1e-7a7e-43df-9a90-1a896c46f0bf.csv",NÃO," ",2015-03-10T13:45:00Z,"Lei 8666/1993, Art. 22, III",26301.7,25779.61
"FUNDO MUNICIPAL DE SAUDE DE CRICIUMA",15,2015,15,2015,2015-02-13,"CONTRATAÇÃO DE EMPRESA ESPECIALIZADA EM CONFECÇÃO DE BOLSAS EM NYLON 600, PARA OS AGENTES COMUNITÁRIOS DE SAUDE DA REDE MUNICIPAL DE SAÚDE DE CRICIÚMA - SC.","Pregão presencial","Compras e Serviços","MENOR PRECO GLOBAL",2015-03-26,HOMOLOGADO," "," "," ","contratos_5867fbf9-316d-4dda-bc07-75a01345552c.csv",2015-02-27T09:01:00Z," ",2015-02-11,2015-02-27," ","despesas_edf7c221-fcb3-4c40-b817-74851f03465e.csv"," ",saude@criciuma.sc.gov.br," ","Rua Domênico Sônego","Rua Domênico Sônego",SC,Licitação,2015-02-27T08:00:00Z,"itensVencedores_5493fe15-b491-4b6f-82a2-4d77d1f05029.csv",INTERNET," "," "," ","participantes_88c824ff-5ae0-4764-b272-7c1be05c6ebf.csv",NÃO," ",2015-02-27T09:00:00Z,,6600,6237
"FUNDO MUNICIPAL DE SAUDE DE CRICIUMA",28,2015,28,2015,2015-03-23,"A presente Licitação por objetivo a contratação de empresa especializada para prestação de serviços de assessoria técnica, para dar suporte aos serviços contábeis, administrativos e operacionais nas prestações de contas e disponibilização de informações",Convite,"Compras e Serviços","MENOR PRECO",2015-04-09,HOMOLOGADO," "," "," ","contratos_ee091bbd-3a82-48aa-a64c-5ebd80682341.csv",2015-04-02T11:00:00Z," ",2015-03-23,2015-04-02," ","despesas_2037feb8-d968-4380-9806-a89d8a386ac1.csv"," ",saude@criciuma.sc.gov.br," ","Rua Domênico Sônego","Rua Domênico Sônego",SC,Licitação,2015-04-02T08:00:00Z,"itensVencedores_fa610af5-d46b-4ad3-ac78-bafeac2f06ba.csv",MURAL_PUBLICO," "," "," ","participantes_13e4d27e-ca8d-45e7-a3ef-408df78a3339.csv",NÃO," ",2015-04-02T10:45:00Z,"Lei 8666/1993, Art. 22, III",66000,62950
"FUNDO MUNICIPAL DE SAUDE DE CRICIUMA",5,2015,5,2015,2015-02-04,"REGISTRO DE PREÇOS DE GENEROS ALIMENTÍCIOS E DESCARTÁVEIS, PARA FUTURAS AQUISIÇÕES NO ATENDIMENTO AOS USUÁRIOS DOS PROGRAMAS CAPS II, CAPS II AD, CAPS III e CAPS INFANTIL, DA REDE MUNICIPAL DE SAÚDE DE  CRICIÚMA/SC.","Pregão presencial","Compras e Serviços","MENOR PREÇO GLOBAL POR LOTE",2015-03-20,HOMOLOGADO," ","atasRegistroPrecos_f343f6c5-b0ee-49ce-abb1-006654a4ef40.csv"," "," ",2015-03-16T09:00:00Z," ",2015-01-29,2015-03-16," ","despesas_18f86b11-206b-414b-ad64-5e9b0b9a1501.csv"," ",saude@criciuma.sc.gov.br," ","Rua Domênico Sônego","Rua Domênico Sônego",SC,Licitação,2015-03-16T08:00:00Z,"itensVencedores_0b9ffa07-f491-4a62-96d5-635cfe72ff8d.csv",INTERNET," "," "," ","participantes_09d8ad0e-2f6b-4fcc-a88b-8c3118075534.csv",SIM," ",2015-03-16T08:00:00Z,,417015.04,389758.64
"FUNDO MUNICIPAL DE SAUDE DE CRICIUMA",7,2015,7,2015,2015-02-02,"A presente Licitação tem por objeto, a contratação de empresa, para execução de forma parcelada, de 200 (duzentas) horas de serviços de limpeza e desentupimento de fossas, rede coletora de esgoto, filtros anaeróbicos, sumidouros e caixas de gordura, nas unidades de Saúde e demais órgãos pertencentes e de responsabilidade da Secretaria Municipal de Saúde",Convite,"Compras e Serviços","MENOR PRECO GLOBAL",2015-03-11,HOMOLOGADO," "," "," ","contratos_b899dbe1-aca3-4ac1-a3d9-1aa2084809c8.csv",2015-03-09T15:00:00Z," ",2015-02-02,2015-03-09," ","despesas_7c4a043a-0afd-4268-ad16-0498717ba6a4.csv"," ",saude@criciuma.sc.gov.br," ","Rua Domênico Sônego","Rua Domênico Sônego",SC,Licitação,2015-03-09T08:00:00Z,"itensVencedores_a01a86ce-c971-4dd6-b55c-92f94cf6acbf.csv",MURAL_PUBLICO," "," "," ","participantes_e27a8b34-81c9-4620-ad71-05958846c02c.csv",NÃO," ",2015-03-09T14:45:00Z,"Lei 8666/1993, Art. 22, III",33600,33500
"FUNDO MUNICIPAL DE SAUDE DE CRICIUMA",2,2015,2,2015,2015-01-31,"Registro de Preços de Ração animal e insumos veterinários para aquisições futuras, no atendimento ao Centro de Controle de Zoonozes do Município de Criciúma/SC.","Pregão presencial","Compras e Serviços","MENOR PRECO POR ITEM",2015-03-17,HOMOLOGADO," ","atasRegistroPrecos_7b0ede80-656c-45f6-8bf7-7ca2a3e2f230.csv"," "," ",2015-02-12T13:30:00Z," ",2015-01-29,2015-02-12," ","despesas_f97b31d8-6a4c-4cbf-9ce5-caff339a0eec.csv"," ",saude@criciuma.sc.gov.br," ","Rua Domênico Sônego","Rua Domênico Sônego",SC,Licitação,2015-02-12T08:00:00Z,"itensVencedores_326fb410-dde8-4c79-8ac7-2d612d4b4de9.csv",INTERNET," "," "," ","participantes_0d2b67a0-66ec-40f0-ae84-069d99f7cb08.csv",SIM," ",2015-02-12T13:00:00Z,,125884.37,54033.0
"FUNDO MUNICIPAL DE SAUDE DE CRICIUMA",3,2015,3,2015,2015-01-31,"CONTRATAÇÃO DE SERVIÇOS ESPECIALIZADOS PARA LAVAÇÃO E ALISAMENTO DE ROUPAS EM USO NAS UNIDADES PERTENCENTES A REDE MUNICIPAL DE SAÚDE DE CRICIÚMA - SC.","Pregão presencial","Compras e Serviços","MENOR PRECO",2015-02-27,HOMOLOGADO," "," "," ","contratos_6a81f7b5-4677-46cd-89a4-d99b8ff13859.csv",2015-02-11T16:31:00Z," ",2015-01-29,2015-02-11," ","despesas_f6258d93-971c-4765-8787-fbe41ec9c28f.csv"," ",saude@criciuma.sc.gov.br," ","Rua Domênico Sônego","Rua Domênico Sônego",SC,Licitação,2015-02-11T08:00:00Z,"itensVencedores_f1067dff-e8ae-4857-be2c-d9f247000751.csv",INTERNET," "," "," ","participantes_a797ce1e-2078-46a2-83b3-dfa1caa0c6d4.csv",NÃO," ",2015-02-11T16:30:00Z,,258000,306000
"FUNDO MUNICIPAL DE SAUDE DE CRICIUMA",9,2015,9,2015,2015-02-10,"A presente licitação tem por objetivo a aquisição de equipamentos médico-hospitalares, instrumentais odontológicos, mobiliário, Eletrodomésticos, eletroeletrônicos, climatização, material de consumo e Placas de identificação, para atendimento a Unidade Básica de Saúde - Porte II do Bairro Maria Céu, pertencente ao Sistema de Saúde do município de Criciúma/SC.","Pregão presencial","Compras e Serviços","MENOR PRECO POR ITEM",2015-03-25,HOMOLOGADO," "," "," ","contratos_fa2261de-a599-49d2-b4d4-9a8ce08dc178.csv",2015-02-24T14:01:00Z," ",2015-02-04,2015-02-24," ","despesas_3a4aba8e-9e81-4b41-8a3c-f0865de552e0.csv"," ",saude@criciuma.sc.gov.br," ","Rua Domênico Sônego","Rua Domênico Sônego",SC,Licitação,2015-02-24T08:00:00Z,"itensVencedores_b9fb5e93-8541-4ca3-948c-59ee6c345dc5.csv",INTERNET," "," "," ","participantes_1a0807a9-0a0f-4109-a974-4854449f8461.csv",NÃO," ",2015-02-24T14:00:00Z,,207489,84956.35
"FUNDO MUNICIPAL DE SAUDE DE CRICIUMA",4,2015,4,2015,2015-02-02,"A presente licitação tem por objetivo a aquisição de equipamentos médico-hospitalares, mobiliário, climatização, material de consumo e eletrônicos, para atendimento a Unidade Básica de Saúde ESF do Bairro São Sebastião, pertencente ao Sistema de Saúde do município de Criciúma/SC","Pregão presencial","Compras e Serviços","MENOR PRECO POR ITEM",2015-02-23,HOMOLOGADO," "," "," ","contratos_dc136677-aeb0-4704-aaea-46cd66325884.csv",2015-02-20T13:31:00Z," ",2015-01-29,2015-02-20," ","despesas_126e6d3d-6291-46e8-92ef-26f6c7d65e45.csv"," ",saude@criciuma.sc.gov.br," ","Rua Domênico Sônego","Rua Domênico Sônego",SC,Licitação,2015-02-20T08:00:00Z,"itensVencedores_53a1d2f2-fc4e-41b5-8419-8568997a4710.csv",MURAL_PUBLICO," "," "," ","participantes_fb28efd2-7f74-46a9-b792-4395d3d8c8e1.csv",NÃO," ",2015-02-20T13:30:00Z,,76264,64939.04
"FUNDO MUNICIPAL DE SAUDE DE CRICIUMA",8,2015,8,2015,2015-02-10,"A presente licitação tem por objetivo a aquisição de equipamentos médico-hospitalares, instrumentais odontológicos, mobiliário, Eletrodomésticos, eletroeletrônicos, climatização, material de consumo e Placas de identificação, para atendimento a Unidade Básica de Saúde - Porte II do Bairro Metropol, pertencente ao Sistema de Saúde do município de Criciúma/SC.","Pregão presencial","Compras e Serviços","MENOR PRECO POR ITEM",2015-03-25,HOMOLOGADO," "," "," ","contratos_3329d426-5039-437a-ba83-306ea9645f09.csv",2015-03-09T09:01:00Z," ",2015-02-04,2015-03-09," ","despesas_6fba64fc-820f-49b5-bf9e-62dbe67f7d0f.csv"," ",saude@criciuma.sc.gov.br," ","Rua Domênico Sônego","Rua Domênico Sônego",SC,Licitação,2015-03-09T08:00:00Z,"itensVencedores_3ed6b1cd-671b-4932-b07b-bdde297473e4.csv",INTERNET," "," "," ","participantes_5b870482-575b-4428-9ce7-4e9bbde856af.csv",NÃO," ",2015-03-09T09:00:00Z,,207489,87133.15
"FUNDO MUNICIPAL DE SAUDE DE CRICIUMA",63,2015,63,2015,2015-12-01,"CONTRATAÇÃO DE EMPRESA PARA AQUISIÇÃO DE MEDICAMENTOS CONSTANTES DO GUIA DA FARMÁCIA, PARA USO EMERGENCIAL E CUMPRIMENTO DE MANDADOS JUDICIAIS, PERANTE PRESCRIÇÃO MÉDICA, NO ATENDIMENTO A PESSOAS CARENTES DO MUNICÍPIO DE CRICIÚMA-SC. DURANTE EXERCÍCIO DE 2016","Pregão presencial","Compras e Serviços","MENOR PRECO",2015-12-18,HOMOLOGADO," "," "," ","contratos_96f7bf5a-1626-4425-a31d-2477549a77d0.csv",2015-12-17T14:01:00Z," ",2015-11-30,2015-12-17," ","despesas_2da2b6d1-1985-4cdc-8749-4a530a53e6e5.csv"," ",saude@criciuma.sc.gov.br," ","Rua Domênico Sônego","Rua Domênico Sônego",SC,Licitação,2015-12-17T12:30:00Z,"itensVencedores_4f3aeea2-1380-4f18-8e7f-6a84c1628af9.csv",INTERNET," "," "," ","participantes_7b5e360c-a24d-4ebc-b737-6a807dfeeec0.csv",NÃO," ",2015-12-17T14:00:00Z,,550000,555000
"FUNDO MUNICIPAL DE SAUDE DE CRICIUMA",65,2015,65,2015,2015-12-11,"REGISTRO DE PREÇOS PARA AQUISIÇÃO FUTURA DE MATERIAIS MÉDICOS HOSPITALARES, PARA ATENDIMENTO AO SAMU - SERVIÇO DE ATENDIMENTO MÓVEL DE URGÊNCIA, PERTENCENTE À REDE MUNICIPAL DE SAÚDE DE CRICIÚMA/SC.","Pregão presencial","Compras e Serviços","MENOR PRECO POR ITEM",2016-01-13,HOMOLOGADO," ","atasRegistroPrecos_151681ca-9696-47be-ab45-d401a9c55dc3.csv"," "," ",2016-01-05T14:01:00Z," ",2015-12-03,2016-01-05," ","despesas_8369f89c-763c-4414-b44b-89ee59bcc081.csv"," ",saude@criciuma.sc.gov.br," ","Rua Domênico Sônego","Rua Domênico Sônego",SC,Licitação,2016-01-05T14:00:00Z,"itensVencedores_cb9e7740-914b-472e-bfe0-76067c5392ee.csv",INTERNET," "," "," ","participantes_4d7f72e5-2c80-468d-b8e7-b5611b65da46.csv",SIM," ",2016-01-05T14:00:00Z,,37090.7,20103.1
"FUNDO MUNICIPAL DE SAUDE DE CRICIUMA",68,2015,68,2015,2016-01-04,"Registro de Preços de COFFEE BREAK, para aquisições futuras, no atendimento em eventos realizados pela Secretaria Municipal de Saúde de Criciúma","Pregão presencial","Compras e Serviços","MENOR PRECO GLOBAL",2016-03-14,HOMOLOGADO," ","atasRegistroPrecos_4b134231-8331-48e1-9671-ddf5440a1011.csv"," "," ",2016-01-18T14:01:00Z," ",2015-12-28,2016-01-18," ","despesas_08f8f081-ca60-4057-bb31-333531b5a8a2.csv"," ",saude@criciuma.sc.gov.br," ","Rua Domênico Sônego","Rua Domênico Sônego",SC,Licitação,2016-01-18T12:30:00Z,"itensVencedores_faf2a52a-7909-4b03-96f9-8f8d0ff8744c.csv",INTERNET," "," "," ","participantes_a7d65508-12d5-4e84-96d3-b0b3c8ae10ae.csv",SIM," ",2016-01-18T14:00:00Z,,45324.5,45307.5
"FUNDO MUNICIPAL DE SAUDE DE CRICIUMA",66,2015,66,2015,2015-12-09,"Registro de preços de exame complementar radiográfico - RADIOGRAFIA PANORÂMICA DA FACE, para o diagnóstico e planejamento de procedimentos odontológicos no atendimento aos usuários do Sistema único de Saúde (SUS) do município de Criciúma SC.","Pregão presencial","Compras e Serviços","MENOR PRECO POR ITEM",2016-01-04,HOMOLOGADO," ","atasRegistroPrecos_8eddb319-2c10-4645-9123-8c10f35e9b3c.csv"," "," ",2015-12-23T16:01:00Z," ",2015-12-09,2015-12-23," ","despesas_7d69882f-fd3c-47f8-baf9-9781c12e0215.csv"," ",saude@criciuma.sc.gov.br," ","Rua Domênico Sônego","Rua Domênico Sônego",SC,Licitação,2015-12-23T12:30:00Z,"itensVencedores_9499e09f-3bc0-47ec-acc4-9862433dd103.csv",MURAL_PUBLICO," "," "," ","participantes_e04acd67-091e-42f4-a579-a140152f5319.csv",SIM," ",2015-12-23T16:00:00Z,,8400,8400
"FUNDO MUNICIPAL DE SAUDE DE CRICIUMA",1,2015,1,2015,2015-01-12,"A presente Licitação tem por objeto, a contratação de empresa para execução por demanda, de serviços de manutenção, conserto e assistência técnica de geladeiras/freezer (lote 1) e fogão (lote 2) com fornecimento de peças, pertencentes e de responsabilidade dos órgãos administrados pela Secretaria de Saúde",Convite,"Compras e Serviços","MENOR PREÇO GLOBAL POR LOTE",2015-03-11,HOMOLOGADO," "," "," ","contratos_09f70d5b-4c83-4d24-b566-2dd2bc90a923.csv",2015-01-23T16:00:00Z," ",2015-01-12,2015-01-23," ","despesas_d19278ba-9ed0-4449-ae09-c50fa30e6e78.csv"," ",saude@criciuma.sc.gov.br," ","Rua Domênico Sônego","Rua Domênico Sônego",SC,Licitação,2015-01-23T08:00:00Z,"itensVencedores_fc653320-eb32-4b77-871b-ef658af9b5b3.csv",MURAL_PUBLICO," "," "," ","participantes_56584544-3c5d-4f21-bd51-c48ee6602922.csv",NÃO," ",2015-01-23T15:45:00Z,"Lei 8666/1993, Art. 22, III",38267.54,35601.79
"FUNDO MUNICIPAL DE SAUDE DE CRICIUMA",64,2015,64,2015,2015-12-01,"Prestação de serviços Laboratório de Anatomia Patológica, para viabilizar o funcionamento do Serviço de Verificação de Óbitos (SVO - macrorregional), para os município de Criciúma, Cocal do Sul, Forquilhinha, Içara, Lauro Muller, Morro da Fumaça, Nova Veneza, Siderópolis, Treviso, Balneário Rincão e Urussanga, em atendimento ao Termo de Cooperação Técnica nº 005/2010.","Pregão presencial","Compras e Serviços","PREÇO GLOBAL MENSAL"," ",REVOGADO," "," "," "," ",2015-12-17T16:01:00Z," ",2015-11-30,2015-12-17,2015-12-18," "," ",saude@criciuma.sc.gov.br," ","Rua Domênico Sônego","Rua Domênico Sônego",SC,Licitação,2015-12-17T12:30:00Z,"itensVencedores_c0f214d5-8aef-4de6-8ddb-69fda70a5ae2.csv",INTERNET," ","Razões de Interesse Público"," ","participantes_b3239eb0-edde-4367-9236-9d3f5a584af4.csv",NÃO," ",2015-12-17T16:00:00Z,,570000,197760
"FUNDO MUNICIPAL DE SAUDE DE CRICIUMA",67,2015,67,2015,2015-12-15,"Aquisição de medicamento Bevacizumabe (Avastin) 400mg e Bevacizumabe (Avastin) 100mg para cumprimento de ação judicial N° 0312392-68.20158.24.0020, cujo autor é o paciente é Andrea Baldini Mendes.","Dispensa de licitação","Compras e Serviços","MENOR PRECO",2015-12-11,HOMOLOGADO," "," "," ","contratos_ea011ede-77d1-4c6f-b705-2e61af85cc45.csv",2015-12-11T14:01:00Z," ",2015-12-11,2015-12-11," ","despesas_dd8030e9-831e-42c1-a67b-26d715c7f74c.csv"," ",saude@criciuma.sc.gov.br," ","Rua Domênico Sônego","Rua Domênico Sônego",SC,Licitação,2015-12-11T12:30:00Z,"itensVencedores_0f54ee00-b756-4f75-a9b0-ca49dc33e140.csv",INTERNET," "," "," ","participantes_eceb658a-e05e-45de-a82f-b6160e250797.csv",NÃO," ",2015-12-11T14:00:00Z,,18217.8,18217.8
"FUNDO MUNICIPAL DE SAUDE DE CRICIUMA",51,2015,51,2015,2015-09-24,"O presente Edital tem pôr objetivo a aquisição, de forma parcelada, de suprimentos de informática através de empresas do ramo pertinente, para atendimento as unidades da rede municipal de saúde de Criciúma/SC",Convite,"Compras e Serviços","MENOR PRECO GLOBAL",2015-11-05,HOMOLOGADO," "," "," ","contratos_0c3743f1-3c6a-4186-a7d3-aecbed2893c1.csv",2015-10-09T16:00:00Z," ",2015-09-24,2015-10-09," ","despesas_fade3490-73bb-4a17-8b8e-1897966ae8ac.csv"," ",saude@criciuma.sc.gov.br," ","Rua Domênico Sônego","Rua Domênico Sônego",SC,Licitação,2015-10-09T08:00:00Z,"itensVencedores_6b91da2b-04ed-48f7-95df-a6013b67d5af.csv",MURAL_PUBLICO," "," "," ","participantes_32c968b7-ff94-4d07-8161-51f98bbf8914.csv",NÃO," ",2015-10-09T15:45:00Z,"Lei 8666/1993, Art. 22, III",64240,63913
"FUNDO MUNICIPAL DE SAUDE DE CRICIUMA",53,2015,53,2015,2015-10-13,"Registro de preços de exame complementar radiográfico - RADIOGRAFIA PERIAPICAL ADULTO / INFANTIL E OCLUSAL, para o diagnóstico e planejamento de procedimentos odontológicos no atendimento aos usuários do Sistema único de Saúde (SUS) do município de Criciúma SC.","Pregão presencial","Compras e Serviços","MENOR PRECO POR ITEM",2015-11-06,HOMOLOGADO," ","atasRegistroPrecos_a68d3221-d830-4c08-b3bb-1bf7bf25bcdf.csv"," "," ",2015-10-27T13:31:00Z," ",2015-10-07,2015-10-27," ","despesas_2451e2c3-b5da-4a4c-9a2c-ffa49eaad6c0.csv"," ",saude@criciuma.sc.gov.br," ","Rua Domênico Sônego","Rua Domênico Sônego",SC,Licitação,2015-10-27T12:30:00Z,"itensVencedores_58314a01-ed4b-4577-8023-d4f9edc0bd64.csv",INTERNET," "," "," ","participantes_587a997e-b03e-446c-9aa4-93a78fa02769.csv",SIM," ",2015-10-27T13:30:00Z,,115200,115200
"FUNDO MUNICIPAL DE SAUDE DE CRICIUMA",52,2015,52,2015,2015-09-28,"REGISTRO DE PREÇOS DE MEDICAMENTOS PARA CUMPRIMENTO DE AÇÃO JUDICIAL: (Lucentis 10mg/ml 0,23ml - paciente GELSON FERNANDES) e (Entecavir 0,5mg - paciente IVO SCOTTI).","Pregão presencial","Compras e Serviços","MENOR PRECO POR ITEM",2015-10-14,HOMOLOGADO," ","atasRegistroPrecos_cdb6f809-0f51-4932-92a4-cce951abfcba.csv"," "," ",2015-10-09T14:01:00Z," ",2015-09-24,2015-10-09," ","despesas_060474d9-24d2-4d22-bc72-445f0f9e0487.csv"," ",saude@criciuma.sc.gov.br," ","Rua Domênico Sônego","Rua Domênico Sônego",SC,Licitação,2015-10-09T12:30:00Z,"itensVencedores_0add1798-fa0c-4d4d-b525-e0dc5110ffc7.csv",INTERNET," "," "," ","participantes_6b206434-a121-4190-9151-20ff72affc78.csv",SIM," ",2015-10-09T14:00:00Z,,32997.48,29874.48
"FUNDO MUNICIPAL DE SAUDE DE CRICIUMA",50,2015,50,2015,2015-09-22,"Registro de preços de Órteses e Próteses, para aquisições futuras, no atendimento a pessoas carentes do Fundo Municipal de Saúde de Criciúma/SC.","Pregão presencial","Compras e Serviços","MENOR PRECO POR ITEM",2015-10-21,HOMOLOGADO," ","atasRegistroPrecos_f1c5633b-87e9-4cf8-9910-4cd114b310eb.csv"," "," ",2015-10-07T14:01:00Z," ",2015-09-22,2015-10-07," ","despesas_c4fba3b6-9a6d-4c4f-82f0-871576773b29.csv"," ",saude@criciuma.sc.gov.br," ","Rua Domênico Sônego","Rua Domênico Sônego",SC,Licitação,2015-10-07T08:00:00Z,"itensVencedores_bb39798a-37fd-4eb6-90d9-28e32ba12daa.csv",INTERNET," "," "," ","participantes_d29a86b6-87a1-4679-8be7-059d4ec5f1d7.csv",SIM," ",2015-10-07T14:00:00Z,,304121.5,164380
"FUNDO MUNICIPAL DE SAUDE DE CRICIUMA",11,2015,11,2015,2015-02-10,"A presente licitação tem por objetivo a aquisição de equipamentos médico-hospitalares, instrumentais odontológicos, mobiliário, Eletrodomésticos, eletroeletrônicos, climatização, material de consumo e Placas de identificação, para atendimento a Unidade Básica de Saúde - Porte I do Bairro Verdinho, pertencente ao Sistema de Saúde do município de Criciúma/SC.","Pregão presencial","Compras e Serviços","MENOR PRECO POR ITEM",2015-03-30,HOMOLOGADO," "," "," ","contratos_66cf0ada-b176-42cc-8b2e-35d8822a2288.csv",2015-02-25T14:01:00Z," ",2015-02-04,2015-02-25," ","despesas_51100a54-1410-49fa-aaed-07ce5658d120.csv"," ",saude@criciuma.sc.gov.br," ","Rua Domênico Sônego","Rua Domênico Sônego",SC,Licitação,2015-02-25T08:00:00Z,"itensVencedores_2f479b99-217c-476e-b8fb-056e44075787.csv",INTERNET," "," "," ","participantes_62bddd1e-f727-4a4a-95d1-d2f81e9e7a30.csv",NÃO," ",2015-02-25T14:00:00Z,,195585,91774.46
"FUNDO MUNICIPAL DE SAUDE DE CRICIUMA",10,2015,10,2015,2015-02-10,"A presente licitação tem por objetivo a aquisição de equipamentos médico-hospitalares, instrumentais odontológicos, mobiliário, Eletrodomésticos, eletroeletrônicos, climatização, material de consumo e Placas de identificação, para atendimento a Unidade Básica de Saúde - Porte II do Bairro São Defende, pertencente ao Sistema de Saúde do município de Criciúma/SC.","Pregão presencial","Compras e Serviços","MENOR PRECO POR ITEM",2015-04-07,HOMOLOGADO," "," "," ","contratos_1283f2f9-fbc1-4acc-8ead-c15f9a5c5d77.csv",2015-02-25T09:01:00Z," ",2015-02-04,2015-02-25," ","despesas_5bdbea62-1c79-4dff-bd60-dd40ca0da60a.csv"," ",saude@criciuma.sc.gov.br," ","Rua Domênico Sônego","Rua Domênico Sônego",SC,Licitação,2015-02-25T08:00:00Z,"itensVencedores_0ebb3e95-7788-4b24-9d7d-84c77b9f202b.csv",INTERNET," "," "," ","participantes_9fc63d7b-20f6-426e-b1e1-68865f222d2a.csv",NÃO," ",2015-02-25T09:00:00Z,,227289,100379.38
"FUNDO MUNICIPAL DE SAUDE DE CRICIUMA",14,2015,14,2015,2015-02-05,"O presente Edital tem por objetivo a contratação de empresa especializada para fazer o transporte de pacientes do sistema único de saúde - SUS, atendidos pelas unidades de Saúde da Secretaria Municipal de Saúde residentes no município de Criciúma/SC",Convite,"Compras e Serviços","MENOR PRECO",2015-03-12,HOMOLOGADO," "," "," ","contratos_74b34ff2-0ea1-4b4d-8887-04df10be2f92.csv",2015-02-24T14:00:00Z," ",2015-02-05,2015-02-24," ","despesas_e796fea3-69b0-45bc-bae3-2bdd6fc11030.csv"," ",saude@criciuma.sc.gov.br," ","Rua Domênico Sônego","Rua Domênico Sônego",SC,Licitação,2015-02-24T08:00:00Z,"itensVencedores_0c266e41-0b8a-4347-b887-ca5d79c6ffb2.csv",MURAL_PUBLICO," "," "," ","participantes_93c3229c-5566-4508-9c6a-35a8e8da3b97.csv",NÃO," ",2015-02-24T13:45:00Z,"Lei 8666/1993, Art. 22, III",65000,57750
"PREFEITURA MUNICIPAL DE CRICIUMA",253,2015,253,2015,2015-12-21,"Contratação de empresa de engenharia para execução da etapa 2 do prolongamento do CANAL AUXILIAR  DO RIO CRICIÚMA (Lotes I e II), no município de Criciúma-SC. 
CONVENIO: MINISTÉRIO DAS CIDADES / CAIXA ECONÔMICA FEDERAL  X MUNICÍPIO DE CRICIÚMA - Lote I - PAC1  =  TC Nº.  0292756-99/2009 e Lote 2 - PAC2 = TC Nº. 0446039-81/2014.",Concorrência,"Obras e Serviços de Engenharia","MENOR PREÇO GLOBAL POR LOTE",2016-01-22,HOMOLOGADO," "," "," ","contratos_c3087aeb-9bda-49e6-9f06-62fc56895751.csv",2016-01-21T14:00:00Z," ",2015-12-18,2016-01-21," ","despesas_b333d43b-84b9-45d5-ac6b-e36f3516b8ff.csv"," ","tributos@criciuma.sc.gov.br"," ","Rua Domênico Sônego","Rua Domênico Sônego",SC,Concorrência,2016-01-21T12:30:00Z,"itensVencedores_ae172951-39c2-4351-b288-449c710f6bda.csv",DIARIO_OFICIAL_UNIAO,,," ","participantes_64a61f64-c4d4-40fd-8a42-b9fc69a3f006.csv",NÃO," ",2016-01-21T13:45:00Z,"Lei 8666/1993, Art. 22, I"," "," "
"PREFEITURA MUNICIPAL DE CRICIUMA",191,2015,191,2015,2015-08-18,"Registro de preços de água mineral, para aquisições futuras, no atendimento as Secretarias, Fundos e Fundações do Município de Criciúma/SC.","Pregão presencial","Compras e Serviços","MENOR PRECO GLOBAL",2015-09-18,HOMOLOGADO," ","atasRegistroPrecos_7bd14cc6-1cd4-4656-bd93-f8796e064559.csv"," "," ",2015-09-01T15:31:00Z," ",2015-08-18,2015-09-01," ","despesas_0586104e-3048-42f6-8202-69f93886e5d9.csv"," ","tributos@criciuma.sc.gov.br"," ","Rua Domênico Sônego","Rua Domênico Sônego",SC,"Pregão presencial",2015-09-01T08:00:00Z,"itensVencedores_3609a790-a08b-45ba-9f28-7130728c2322.csv",INTERNET,,," ","participantes_2a0dd051-d851-4b9d-ab0c-6aba67d07cb4.csv",SIM," ",2015-09-01T15:30:00Z,," "," "
"PREFEITURA MUNICIPAL DE CRICIUMA",230,2015,230,2015,2015-11-19,"Registro de preços de materiais de limpeza, para aquisições futuras, no atendimento ao Município de Criciúma, Fundo Municipal de Saúde, Fundo Municipal de Assistência Social, Fundação municipal de Esportes, Fundação Municipal de Meio Ambiente e Fundação Cultural de Criciúma/SC.","Pregão presencial","Compras e Serviços","MENOR PRECO POR ITEM",2016-01-15,HOMOLOGADO," ","atasRegistroPrecos_1cd227c5-4768-464a-98e1-f18a85432720.csv"," "," ",2015-11-10T14:01:00Z," ",2015-10-19,2015-11-10," ","despesas_8d908ccb-9f95-4033-9b66-24a043568363.csv"," ","tributos@criciuma.sc.gov.br"," ","Rua Domênico Sônego","Rua Domênico Sônego",SC,"Pregão presencial",2015-11-10T12:30:00Z,"itensVencedores_d45e79d1-2040-434c-bb6f-c1ca342513fb.csv",MURAL_PUBLICO,,," ","participantes_6241d58d-a93a-4eab-ba03-90ae46f18253.csv",SIM," ",2015-11-10T14:00:00Z,," "," "
"PREFEITURA MUNICIPAL DE CRICIUMA",236,2015,236,2015,2015-11-17,"Registro de preços de FOGOS DE ARTIFÍCIO E SHOW PIROTÉCNICOS, através de empresa do ramo pertinente para aquisições futuras, no atendimento à eventos da administração pública municipal de Criciúma/SC.","Pregão presencial","Compras e Serviços","MENOR PRECO GLOBAL"," ",ANULADO," "," "," "," ",2015-12-02T14:01:00Z,2015-12-02,2015-11-16,2015-12-02," ","despesas_b886c972-2e9b-4bc7-bfd5-f09391eed869.csv"," ","tributos@criciuma.sc.gov.br"," ","Rua Domênico Sônego","Rua Domênico Sônego",SC,"Pregão presencial",2015-12-02T12:30:00Z," ",MURAL_PUBLICO,Ilegalidade,Ilegalidade," "," ",SIM," ",2015-12-02T14:00:00Z,," "," "
"PREFEITURA MUNICIPAL DE CRICIUMA",239,2015,239,2015,2015-12-02,"Execução de cabeceira da ponte sobre o Rio das Antas (Rodovia que liga bairro Linha Batista ao bairro Demboski), localizado no bairro Demboski - no Município de Criciúma.",Convite,"Obras e Serviços de Engenharia","MENOR PRECO GLOBAL",2015-12-11,HOMOLOGADO," "," "," ","contratos_ce69d963-fd98-474e-8406-3c541b4f5c10.csv",2015-12-10T14:00:00Z," ",2015-11-18,2015-12-10," ","despesas_0552b1a8-410a-4646-8a95-84d2849207ed.csv"," ","tributos@criciuma.sc.gov.br"," ","Rua Domênico Sônego","Rua Domênico Sônego",SC,Convite,2015-12-10T08:00:00Z,"itensVencedores_735e3ab3-dd31-4a6a-81fb-8e0d200fad18.csv",MURAL_PUBLICO,,," ","participantes_90f789ee-c1fb-402f-bfc6-cd7847e52f5e.csv",NÃO," ",2015-12-10T13:45:00Z,"Lei 8666/1993, Art. 22, III"," "," "
"PREFEITURA MUNICIPAL DE CRICIUMA",241,2015,241,2015,2015-11-23,"A presente Licitação tem por objeto a contratação, através de empresas do ramo pertinente, para execução de forma parcelada, de serviços de conserto e reparação de 430 (quatrocentos e trinta) móveis de escritório (cadeiras, sofás e mesas), da  6ª CIRETRAN  de Criciúma para o período de janeiro a dezembro de 2016 - Convênio PMC SSP Trânsito.","Pregão presencial","Compras e Serviços","MENOR PRECO GLOBAL",2016-01-21,HOMOLOGADO," "," "," ","contratos_a88cc949-1f1e-4189-9101-6251a122693e.csv",2015-12-17T17:31:00Z," ",2015-11-23,2015-12-17," ","despesas_ac391a75-8d6c-4b9b-9418-bf0ef37b40af.csv"," ","tributos@criciuma.sc.gov.br"," ","Rua Domênico Sônego","Rua Domênico Sônego",SC,"Pregão presencial",2015-12-17T12:30:00Z,"itensVencedores_d422a6d5-70f1-420c-be89-490eb56cd188.csv",MURAL_PUBLICO,,," ","participantes_e912556b-cbc3-4b4f-ad8f-4b27935f6785.csv",NÃO," ",2015-12-17T17:30:00Z,," "," "
"PREFEITURA MUNICIPAL DE CRICIUMA",243,2015,243,2015,2015-12-01,"REGISTRO DE PREÇOS DE PEÇAS E SERVIÇOS PARA AQUISIÇÕES FUTURAS NA MANUTENÇÃO (ELÉTRICA) DA FROTA DE VEÍCULOS LEVES DO MUNICÍPIO, FUNDO MUNICIPAL DE SAÚDE, FUNDO MUNICIPAL DE ASSISTÊNCIA SOCIAL,  FUNDAÇÃO MUNICIPAL DE ESPORTES, FUNDAÇÃO CULTURAL, FUNDAÇÃO DE MEIO AMBIENTE DE CRICIÚMA E COSIP.","Pregão presencial","Compras e Serviços","MENOR PREÇO GLOBAL POR LOTE",2015-12-28,HOMOLOGADO," ","atasRegistroPrecos_b29fe12b-a670-4bfe-b960-df0df20a407b.csv"," "," ",2015-12-14T16:01:00Z," ",2015-11-25,2015-12-14," "," "," ","tributos@criciuma.sc.gov.br"," ","Rua Domênico Sônego","Rua Domênico Sônego",SC,"Pregão presencial",2015-12-14T12:30:00Z,"itensVencedores_ebb66a3a-b428-48e7-b0f4-a2b75bd62126.csv",INTERNET,,," ","participantes_defc5559-da67-41c5-9726-4f88fb463b9f.csv",SIM," ",2015-12-14T16:00:00Z,," "," "
"PREFEITURA MUNICIPAL DE CRICIUMA",251,2015,251,2015,2015-12-09,"O presente edital tem por objetivo a aquisição de grelhas de ferro, contendo as resistências mínimas especificadas em normas brasileiras (ABNT), para drenagem em diversas ruas do município de Criciúma - SC.","Pregão presencial","Compras e Serviços","MENOR PRECO GLOBAL",2016-01-13,HOMOLOGADO," ","atasRegistroPrecos_c09f471c-e9ba-4bab-8c35-1c8d14e329e9.csv"," ","contratos_591e5ce4-5ef6-43ae-8125-5896494c1c9a.csv",2016-01-07T14:01:00Z," ",2015-12-09,2016-01-07," ","despesas_5ac972dc-25e1-4df4-9e34-313b5beae107.csv"," ","tributos@criciuma.sc.gov.br"," ","Rua Domênico Sônego","Rua Domênico Sônego",SC,"Pregão presencial",2016-01-07T12:30:00Z,"itensVencedores_40801c6b-60c0-492b-b576-635d718ba2be.csv",INTERNET,,," ","participantes_733a4afa-892e-40d9-9d5f-c659e2d2311f.csv",SIM," ",2016-01-07T14:00:00Z,," "," "
"PREFEITURA MUNICIPAL DE CRICIUMA",254,2015,254,2015,2015-12-21,"Fornecimento de mão de obra para manutenção preventiva, corretiva e assistência técnica, inclusive emergencial de 24 horas, nas centrais de redes telefônicas da Ciretran de Criciúma/SC (média de 230 horas trabalhadas), para o período de janeiro a dezembro de 2016, em conformidade com o convênio PMC SSP Trânsito","Dispensa de licitação","Compras e Serviços","MENOR PRECO",2015-12-18,HOMOLOGADO," "," "," ","contratos_6e82832d-1f4f-4e45-a326-bc27c5f8fe2d.csv",2015-12-18T14:01:00Z," ",2015-12-18,2015-12-18," "," "," ","tributos@criciuma.sc.gov.br"," ","Rua Domênico Sônego","Rua Domênico Sônego",SC,"Dispensa de licitação",2015-12-18T12:30:00Z,"itensVencedores_e6b8d81c-992b-4c92-8f4f-2cb8fa0c8efb.csv",INTERNET,,," ","participantes_8c1fab03-6457-4339-96af-2f2b4774afc6.csv",NÃO," ",2015-12-18T14:00:00Z,," "," "
"PREFEITURA MUNICIPAL DE CRICIUMA",255,2015,255,2015,2015-12-22,"Locação de Imóvel (Sa Comercial Medindo 300m²) Localizado a Rua Padre Baldosini Bairro Centro Criciúma/SC Destinado a Instalação do Restaurante Popular Conforme Lei 6.653/2015.","Dispensa de licitação","Compras e Serviços","MENOR PREÇO MENSAL",2015-12-18,HOMOLOGADO," "," "," ","contratos_1cb62119-34e3-4a6f-a520-162ef453aae6.csv",2015-12-18T12:31:00Z," ",2015-12-18,2015-12-18," ","despesas_96f62623-f81c-4b0b-897e-6e8d4a44592b.csv"," ","tributos@criciuma.sc.gov.br"," ","Rua Domênico Sônego","Rua Domênico Sônego",SC,"Dispensa de licitação",2015-12-18T12:30:00Z,"itensVencedores_8d1549a6-7021-465b-b859-d3b734d1365f.csv",INTERNET,,," ","participantes_91cee056-7c11-4052-935f-892add61714a.csv",NÃO," ",2015-12-18T12:30:00Z,," "," "
"PREFEITURA MUNICIPAL DE CRICIUMA",73,2015,73,2015,2015-03-20,"Contratação de empresa especializada para execução por demanda, de serviços de instalação, manutenção, remanejamento, montagem e desmontagem de estruturas divisórias e instalação de painéis de vidro, com aplicação de todo o material e  acessórios, a fim de atender as necessidades nos prédios públicos municipais.",Convite,"Compras e Serviços","MENOR PRECO GLOBAL",2015-05-20,HOMOLOGADO," "," "," ","contratos_5072d40f-9458-40f6-9c22-73866d36bd9f.csv",2015-05-15T16:00:00Z," ",2015-03-20,2015-05-15," ","despesas_e0748b39-4b99-4077-91d5-ab8560c9c198.csv"," ","tributos@criciuma.sc.gov.br"," ","Rua Domênico Sônego","Rua Domênico Sônego",SC,Convite,2015-05-15T08:00:00Z,"itensVencedores_39896573-2aeb-4442-ae38-d9e26a4ade71.csv",MURAL_PUBLICO,,," ","participantes_643c8d59-04f9-4eea-93bf-f3908400e8c8.csv",NÃO," ",2015-05-15T15:45:00Z,"Lei 8666/1993, Art. 22, III"," "," "
"PREFEITURA MUNICIPAL DE CRICIUMA",75,2015,75,2015,2015-03-27,"Registro de preços de pneus novos para veículos automotores, para aquisições futuras, na reposição e manutenção de viaturas do 4º Batalhão de Bombeiro Militar de Criciúma/SC.","Pregão presencial","Compras e Serviços","MENOR PRECO POR ITEM",2015-04-14,HOMOLOGADO," ","atasRegistroPrecos_96764a4f-bac5-4a75-a44e-f40f760cb9d4.csv"," "," ",2015-04-10T09:01:00Z," ",2015-03-24,2015-04-10," ","despesas_99ac1209-5d93-4355-a700-90d5038d2687.csv"," ","tributos@criciuma.sc.gov.br"," ","Rua Domênico Sônego","Rua Domênico Sônego",SC,"Pregão presencial",2015-04-10T08:00:00Z,"itensVencedores_87684b73-8ce1-4ea8-8f9f-7d7bba814126.csv",INTERNET,,," ","participantes_8c0b5710-7d11-4164-8343-c6e1b7e834c7.csv",SIM," ",2015-04-10T09:00:00Z,," "," "
"PREFEITURA MUNICIPAL DE CRICIUMA",46,2015,46,2015,2015-02-13,"A presente licitação tem por objetivo a contratação de empresa do ramo pertinente para execução, de forma parcelada, de serviços especializados que consistem na reforma, manutenção e conserto de móveis para escritório de uso na administração municipal de Criciúma/SC.",Convite,"Compras e Serviços","MENOR PRECO GLOBAL",2015-03-16,HOMOLOGADO," "," "," ","contratos_bac52bd3-636e-4198-ab72-a175146b2825.csv",2015-03-05T14:00:00Z," ",2015-02-13,2015-03-05," ","despesas_fb3abc9f-b3d6-4905-b4e9-59e61d3cdbfa.csv"," ","tributos@criciuma.sc.gov.br"," ","Rua Domênico Sônego","Rua Domênico Sônego",SC,Convite,2015-03-05T08:00:00Z,"itensVencedores_beb08ff5-3b99-477b-ba08-bbe441f5a5b2.csv",MURAL_PUBLICO,,," ","participantes_4cbbcb3e-3396-4d26-b351-e8308e19c41d.csv",NÃO," ",2015-03-05T13:45:00Z,"Lei 8666/1993, Art. 22, III"," "," "
"PREFEITURA MUNICIPAL DE CRICIUMA",47,2015,47,2015,2015-03-13,"O presente Edital tem por objetivo a aquisição de forma parcelada de Lubrificantes e filtros, através de empresas do ramo pertinente, para reposição e manutenção de veículos e equipamentos rodoviários que compõem a frota oficial do Município de Criciúma/SC",Convite,"Compras e Serviços","MENOR PRECO GLOBAL",2015-03-31,HOMOLOGADO," "," "," ","contratos_e53ee293-e50c-4cd0-9ee8-e9ab232921cc.csv",2015-03-30T16:00:00Z," ",2015-03-13,2015-03-30," ","despesas_24a40cba-f395-4bf5-ad51-7c0a1c6a912b.csv"," ","tributos@criciuma.sc.gov.br"," ","Rua Domênico Sônego","Rua Domênico Sônego",SC,Convite,2015-03-30T08:00:00Z,"itensVencedores_c2d3ebec-7057-44ac-9d7e-fb537533d662.csv",MURAL_PUBLICO,,," ","participantes_f5be9adb-37dd-4551-8938-accf93cda75b.csv",NÃO," ",2015-03-30T15:45:00Z,"Lei 8666/1993, Art. 22, III"," "," "
"PREFEITURA MUNICIPAL DE CRICIUMA",49,2015,49,2015,2015-03-11,"Permissão de Uso, a título oneroso, de espaço físico interno predeterminado nas dependências do Paço Municipal Marcos Rovaris, destinado única e exclusivamente à prestação de serviços de reprografia, impressão e encadernação de documentos.",Concorrência,"Compras e Serviços","MENOR PRECO GLOBAL",2015-04-15,HOMOLOGADO," "," "," ","contratos_f3cb5cb4-f6be-4e20-a239-d34b58bb04d7.csv",2015-04-13T14:00:00Z," ",2015-02-23,2015-04-13," ","despesas_538cd1da-c4c5-413f-a65b-e3323135a2f4.csv"," ","tributos@criciuma.sc.gov.br"," ","Rua Domênico Sônego","Rua Domênico Sônego",SC,Concorrência,2015-04-13T08:00:00Z,"itensVencedores_0b3bdd60-9ac2-4f09-b7bd-92b7515e2c52.csv",INTERNET,,," ","participantes_e762d47d-764d-499a-bd85-5a2873cd9654.csv",NÃO," ",2015-04-13T13:45:00Z,"Lei 8666/1993, Art. 22, I"," "," "
"PREFEITURA MUNICIPAL DE CRICIUMA",50,2015,50,2015,2015-02-25,"Aquisição de leitores biométricos para as Escolas da Rede Municipal de Ensino de Criciúma e demais órgãos pertencentes e de responsabilidade da Secretaria Municipal de Educação de Criciúma - SC.","Pregão presencial","Compras e Serviços","MENOR PRECO GLOBAL",2015-03-27,HOMOLOGADO," "," "," ","contratos_9c53f0c9-7066-4106-91fa-4a24325ab32e.csv",2015-03-17T14:01:00Z," ",2015-02-24,2015-03-17," ","despesas_e01468f8-92ba-4d61-a4a4-a2c5e6a40d09.csv"," ","tributos@criciuma.sc.gov.br"," ","Rua Domênico Sônego","Rua Domênico Sônego",SC,"Pregão presencial",2015-03-17T08:00:00Z,"itensVencedores_62dbfb06-7439-4cda-b317-9cf1c3f6b62d.csv",INTERNET,,," ","participantes_75a26fe7-0b46-4116-81df-794d865d6cc0.csv",NÃO," ",2015-03-17T14:00:00Z,," "," "
"PREFEITURA MUNICIPAL DE CRICIUMA",53,2015,53,2015,2015-02-25,"Constitui objeto desta licitação a contratação de empresa para confecção de uniformes para uso dos vigilantes do Município de Criciúma/SC",Convite,"Compras e Serviços","MENOR PRECO GLOBAL",2015-03-26,HOMOLOGADO," "," "," ","contratos_4457e553-5f92-4739-9ac9-3c51f9abfbb4.csv",2015-03-13T15:00:00Z," ",2015-02-25,2015-03-13," ","despesas_09a0cbfc-2e42-4d43-a31e-986e21494a50.csv"," ","tributos@criciuma.sc.gov.br"," ","Rua Domênico Sônego","Rua Domênico Sônego",SC,Convite,2015-03-13T08:00:00Z,"itensVencedores_bc92702d-a60f-4a5d-aebd-8ea4afd52255.csv",MURAL_PUBLICO,,," ","participantes_f4c8ba6f-6255-45c6-9c92-801ce21a758c.csv",NÃO," ",2015-03-13T14:45:00Z,"Lei 8666/1993, Art. 22, III"," "," "
"PREFEITURA MUNICIPAL DE CRICIUMA",59,2015,59,2015,2015-03-18,"Contratação de empresa para construção de quadra poliesportiva, muro e alambrado na E.M.E.I.E.F. JOSÉ ROSSO, localizada na rua Pompeu Rosso Menegon - Bairro Quarta Linha no  município de Criciúma.",Convite,"Obras e Serviços de Engenharia","MENOR PRECO GLOBAL",2015-03-30,HOMOLOGADO," "," "," ","contratos_5fe8f8e1-85cc-4313-98eb-a370665820d1.csv",2015-03-27T10:00:00Z," ",2015-03-16,2015-03-27," ","despesas_269a37b9-dd62-4da0-8c87-ca072b07eea1.csv"," ","tributos@criciuma.sc.gov.br"," ","Rua Domênico Sônego","Rua Domênico Sônego",SC,Convite,2015-03-27T08:00:00Z,"itensVencedores_995aaefb-b322-4267-b8a7-6d28ad733b09.csv",MURAL_PUBLICO,,," ","participantes_1e6d6f1c-399e-4d5a-b1cd-d75d2f1bc94a.csv",NÃO," ",2015-03-27T09:45:00Z,"Lei 8666/1993, Art. 22, III"," "," "
"PREFEITURA MUNICIPAL DE CRICIUMA",61,2015,61,2015," ","Constitui objeto do presente contrato a locação de imóvel localizado à Rua Agrimensor Cassimiro Milioli, Nº 123, Bairro Comerciário, Criciúma/SC, destinado a instalação da CASA DA CIDADANIA da região central de Criciúma/SC.","Dispensa de licitação","Compras e Serviços","MENOR PRECO",2015-03-16,HOMOLOGADO," "," "," ","contratos_5c3595f2-fcb1-4fdf-a0cf-808b54fc40ed.csv",2015-03-16T08:01:00Z," ",2015-03-16,2015-03-16," ","despesas_d1e324a8-58a5-4ad1-96a0-0ed8e3a3c755.csv"," ","tributos@criciuma.sc.gov.br"," ","Rua Domênico Sônego","Rua Domênico Sônego",SC,"Dispensa de licitação",2015-03-16T08:00:00Z,"itensVencedores_85483367-d894-46b3-971b-284d34e98097.csv"," ",,," ","participantes_950e60e5-06c3-4a02-9ed9-5568b5a84f15.csv",NÃO," ",2015-03-16T08:00:00Z,," "," "
"PREFEITURA MUNICIPAL DE CRICIUMA",66,2015,66,2015,2015-03-20,"Registro de preços de produtos betuminosos, através de empresas do ramo pertinente, para aquisições futuras, no atendimento a diversas ruas do Município de Criciúma /SC.","Pregão presencial","Compras e Serviços","MENOR PRECO GLOBAL",2015-04-02,HOMOLOGADO," ","atasRegistroPrecos_ba24e672-4f66-4613-9cb8-15df5f1c80d7.csv"," ","contratos_4640b544-4d93-4783-8ee5-5587af10b249.csv",2015-04-01T09:01:00Z," ",2015-03-18,2015-04-01," ","despesas_f4f7bbd7-4c16-4c98-afc6-3c4f12e77b80.csv"," ","tributos@criciuma.sc.gov.br"," ","Rua Domênico Sônego","Rua Domênico Sônego",SC,"Pregão presencial",2015-04-01T08:00:00Z,"itensVencedores_7868bb82-1544-42eb-a54e-5dd14a860c01.csv",INTERNET,,," ","participantes_ae5fd60a-67c4-4abc-82b7-ef21a16cf7ff.csv",SIM," ",2015-04-01T09:00:00Z,," "," "
"PREFEITURA MUNICIPAL DE CRICIUMA",67,2015,67,2015,2015-03-20,"Registro de preços de materiais de expediente, para aquisições futuras, no atendimento ao Município de Criciúma, Fundo Municipal de Saúde, Fundo Municipal de Assistência Social, Fundação municipal de Esportes, Fundação Cultural e Fundação de Meio Ambiente de Criciúma/SC.","Pregão presencial","Compras e Serviços","MENOR PRECO POR ITEM",2015-04-17,HOMOLOGADO," ","atasRegistroPrecos_6f1395da-676e-4cb2-bac7-f50d79fd4172.csv"," "," ",2015-04-13T09:01:00Z," ",2015-03-18,2015-04-13," ","despesas_1d047f9e-1e11-443e-95d1-98fe4534f3f0.csv"," ","tributos@criciuma.sc.gov.br"," ","Rua Domênico Sônego","Rua Domênico Sônego",SC,"Pregão presencial",2015-04-13T08:00:00Z,"itensVencedores_13af1861-f285-4aa7-b48d-04b38de857d6.csv",INTERNET,,," ","participantes_881d7233-18f6-4598-81b9-8496ec3729c9.csv",SIM," ",2015-04-13T09:00:00Z,," "," "
"PREFEITURA MUNICIPAL DE CRICIUMA",70,2015,70,2015,2015-03-25,"Contratação de serviços de telefonia móvel pessoal, para atendimento ao 4º batalhão de bombeiro militar de Criciúma/SC.","Pregão presencial","Compras e Serviços","MENOR PRECO GLOBAL"," ",REVOGADO," "," "," "," ",2015-04-08T09:01:00Z," ",2015-03-19,2015-04-08,2015-04-08," "," ","tributos@criciuma.sc.gov.br"," ","Rua Domênico Sônego","Rua Domênico Sônego",SC,"Pregão presencial",2015-04-08T08:00:00Z," ",INTERNET,"Razões de Interesse Público","Razões de Interesse Público"," "," ",NÃO," ",2015-04-08T09:00:00Z,," "," "
"PREFEITURA MUNICIPAL DE CRICIUMA",71,2015,71,2015,2015-03-25,"Registro de preços de Materiais e equipamentos de atendimento pré-hospitalar, para aquisições futuras, no atendimento ao 4º Batalhão de Bombeiro Militar do Município de Criciúma /SC., de acordo com Convênio FUNREBOM.","Pregão presencial","Compras e Serviços","MENOR PRECO POR ITEM",2015-04-14,HOMOLOGADO," ","atasRegistroPrecos_d8b7fd01-5950-4a95-870e-8b626caa4163.csv"," "," ",2015-04-08T14:01:00Z," ",2015-03-19,2015-04-08," ","despesas_fa462874-4c64-458c-a6d9-71d6cdc60cd0.csv"," ","tributos@criciuma.sc.gov.br"," ","Rua Domênico Sônego","Rua Domênico Sônego",SC,"Pregão presencial",2015-04-08T08:00:00Z,"itensVencedores_94c10ab5-1cd1-4af9-9ec6-93d3adb8ba7d.csv",INTERNET,,," ","participantes_5b96074e-749e-407b-b15c-a366cc10a5e9.csv",SIM," ",2015-04-08T14:00:00Z,," "," "
"PREFEITURA MUNICIPAL DE CRICIUMA",84,2015,84,2015,2015-04-07,"Contratação de empresa, para execução de serviços de assentamento com blocos de concreto (tipo lajotas) e de meios-fios, e confecção de caixas coletoras de águas pluviais na rua Manoel Quintino dos Santos (trecho: da rua Otávio Antonio Vicente até a avenida  Diomicio Freitas = 212,00m),   localizada no bairro Ceará - Criciúma-SC.",Convite,"Obras e Serviços de Engenharia","MENOR PRECO GLOBAL",2015-04-16,HOMOLOGADO," "," "," ","contratos_9cb28142-94d0-4c6e-be38-acc367d30b5c.csv",2015-04-16T09:00:00Z," ",2015-03-26,2015-04-16," ","despesas_54e95460-0870-40a7-acbc-ab785a08575e.csv"," ","tributos@criciuma.sc.gov.br"," ","Rua Domênico Sônego","Rua Domênico Sônego",SC,Convite,2015-04-16T08:00:00Z,"itensVencedores_b8576c73-c45e-4b16-aee9-defd73d17c4c.csv",MURAL_PUBLICO,,," ","participantes_5f67b11d-414f-43a5-9063-37e01a4ded64.csv",NÃO," ",2015-04-16T08:45:00Z,"Lei 8666/1993, Art. 22, III"," "," "
"PREFEITURA MUNICIPAL DE CRICIUMA",89,2015,89,2015,2015-04-07,"O presente Edital tem por objetivo a aquisição de sementes certificadas de pastagens de outono e inverno, para agricultores fazerem o plantio para alimentar seus animais, também para proteger e recuperar os solos durante as estações de frio e de chuvas no município de Criciúma/SC.","Pregão presencial","Compras e Serviços","MENOR PRECO POR ITEM",2015-04-22,HOMOLOGADO," "," "," ","contratos_2a71a855-36af-47de-ba2e-de6ec9ec94da.csv",2015-04-17T09:01:00Z," ",2015-03-11,2015-04-17," ","despesas_7b69ac06-a44b-4674-9789-18ef06cda1d7.csv"," ","tributos@criciuma.sc.gov.br"," ","Rua Domênico Sônego","Rua Domênico Sônego",SC,"Pregão presencial",2015-04-17T08:00:00Z,"itensVencedores_943bad14-3ac6-4796-bb02-897a767c7df3.csv",INTERNET,,," ","participantes_fbe47831-bcdc-4019-ae78-6081f52034d1.csv",NÃO," ",2015-04-17T09:00:00Z,," "," "
"PREFEITURA MUNICIPAL DE CRICIUMA",90,2015,90,2015,2015-04-07,"Aquisição de Máquinas e equipamentos para o desenvolvimento do Setor  Agropecuário do Município de Criciúma/SC.","Pregão presencial","Compras e Serviços","MENOR PRECO POR ITEM",2015-04-22,HOMOLOGADO," "," "," ","contratos_27e66345-d892-4204-be09-4c4301e1f39d.csv",2015-04-17T14:00:00Z," ",2015-04-06,2015-04-17," ","despesas_594d473a-4cbc-4f16-baf7-092aa5bfa2d4.csv"," ","tributos@criciuma.sc.gov.br"," ","Rua Domênico Sônego","Rua Domênico Sônego",SC,"Pregão presencial",2015-04-17T08:00:00Z,"itensVencedores_451b1e50-b92b-49ce-b6e0-520a3290f7a6.csv",INTERNET,,," ","participantes_e2be33fd-1853-459f-ad72-c819ff614291.csv",NÃO," ",2015-04-17T08:00:00Z,," "," "
"PREFEITURA MUNICIPAL DE CRICIUMA",91,2015,91,2015,2015-04-07,"A  presente  Licitação tem por objeto, a aquisição e instalação, de forma parcelada,  de móveis para escritório, a fim de atender as necessidades da Administração",Convite,"Compras e Serviços","MENOR PRECO GLOBAL",2015-05-06,HOMOLOGADO," "," "," ","contratos_0517ad65-10be-4623-bbd3-039d4952decf.csv",2015-04-17T11:00:00Z," ",2015-04-07,2015-04-17," ","despesas_44703939-1f60-4a95-9e4f-331999dd443d.csv"," ","tributos@criciuma.sc.gov.br"," ","Rua Domênico Sônego","Rua Domênico Sônego",SC,Convite,2015-04-17T08:00:00Z,"itensVencedores_029fe484-3e10-4331-86cd-0c8c4bd162c4.csv",MURAL_PUBLICO,,," ","participantes_3442973d-bcf3-49b9-a2d1-79ce0a332b3f.csv",NÃO," ",2015-04-17T10:45:00Z,"Lei 8666/1993, Art. 22, III"," "," "
"PREFEITURA MUNICIPAL DE CRICIUMA",94,2015,94,2015,2015-04-14,"Registro de preços de Concreto Asfáltico Usinado a Quente - CAUQ, através de empresas do ramo pertinente, para aquisições futuras, no atendimento a reabilitação e recapeamento da Rua Osvaldo Pinto da Veiga e Avenida Centenário, nos trechos contemplados pela rede de esgoto - etapa 2, no Município de Criciúma /SC.","Pregão presencial","Compras e Serviços","MENOR PRECO GLOBAL",2015-06-09,HOMOLOGADO," ","atasRegistroPrecos_09f21de6-77be-439c-a00f-8cbaecd3d82e.csv"," ","contratos_24120c9e-dd85-404e-a271-8382b649d9d0.csv",2015-04-27T14:01:00Z," ",2015-04-13,2015-04-27," ","despesas_f6733d5f-b97b-44ea-85bd-a705e0d1aa2d.csv"," ","tributos@criciuma.sc.gov.br"," ","Rua Domênico Sônego","Rua Domênico Sônego",SC,"Pregão presencial",2015-04-27T08:00:00Z,"itensVencedores_26662cc8-ae8a-411a-bb38-06668d464815.csv",DIARIO_OFICIAL_MUNICIPIO,,," ","participantes_e807c52f-7a5c-45d5-9cdf-a4a714484ec0.csv",SIM," ",2015-04-27T14:00:00Z,," "," "
"PREFEITURA MUNICIPAL DE CRICIUMA",101,2015,101,2015,2015-04-16,"Constitui  objeto do presente contrato,  a execução em caráter emergencial, através de equipamentos rodoviários e caminhões basculante, de serviços de limpeza  dos rios e canais (drenagem),  nos locais descritivos no memorial descritivo, atingidos pelas enxurradas, de acordo com o DECRETO DE SITUAÇÃO DE EMERGÊNCIA SG/nº 481","Dispensa de licitação","Obras e Serviços de Engenharia","MENOR PRECO",2015-04-15,HOMOLOGADO," "," "," ","contratos_8be572f4-d577-4abf-adb2-1864fdb98188.csv",2015-04-15T09:00:00Z," ",2015-04-14,2015-04-15," ","despesas_48b3db1a-4bd2-4106-a621-05a736e635cf.csv"," ","tributos@criciuma.sc.gov.br"," ","Rua Domênico Sônego","Rua Domênico Sônego",SC,"Dispensa de licitação",2015-04-15T08:00:00Z,"itensVencedores_ba9d389e-3ed1-4f76-a69c-36efea088439.csv",INTERNET,,," ","participantes_70c7e66a-e38d-42b1-9af5-ddc636904ceb.csv",NÃO," ",2015-04-15T08:00:00Z,," "," "
"PREFEITURA MUNICIPAL DE CRICIUMA",102,2015,102,2015,2015-04-14,"Contratação de empresa de engenharia, para execução das obras de ampliação de 45,80m² do prédio da E.M.E.I.E.F. ANGELO DE LUCA, localizada na rua Norberto Martins - bairro Pedro Zanivan no Município de Criciúma.",Convite,"Obras e Serviços de Engenharia","MENOR PRECO GLOBAL",2015-05-11,HOMOLOGADO," "," "," ","contratos_74ad757c-ff50-41f4-be9e-ace84b902c3a.csv",2015-04-27T10:00:00Z," ",2015-04-14,2015-04-27," ","despesas_769d2ec7-c1fa-4000-82b0-87b152949b72.csv"," ","tributos@criciuma.sc.gov.br"," ","Rua Domênico Sônego","Rua Domênico Sônego",SC,Convite,2015-04-27T08:00:00Z,"itensVencedores_3190e389-3b97-4b74-bf95-917bfe016f5e.csv",MURAL_PUBLICO,,," ","participantes_fbefdc88-e664-4d62-a057-b2ad5b7717c8.csv",NÃO," ",2015-04-27T09:45:00Z,"Lei 8666/1993, Art. 22, III"," "," "
"PREFEITURA MUNICIPAL DE CRICIUMA",141,2015,141,2015,2015-05-25,"Contratação de empresa para execução de serviços de pavimentação a base de blocos de concreto (tipo briquete) das ruas: José Salvador, Maria Dagostin Honorato, Pompeo Menegon e Cleber Conti, localizadas no bairro Quarta Linha - Criciúma-SC. Convenio: Cooperativa Pioneira de Eletrificação - COOPERA x Município de Criciúma.","Tomada de Preço","Obras e Serviços de Engenharia","MENOR PRECO",2015-08-24,HOMOLOGADO," "," "," ","contratos_606e3016-a355-46ec-bfcc-dd9191da5268.csv",2015-08-10T14:00:00Z," ",2015-05-25,2015-08-10," ","despesas_55ecf665-2262-4207-8ab8-6bea9f3399d9.csv"," ","tributos@criciuma.sc.gov.br"," ","Rua Domênico Sônego","Rua Domênico Sônego",SC,"Tomada de Preço",2015-08-10T08:00:00Z,"itensVencedores_1571018f-c717-4b70-a26b-ee8b2ba4f85c.csv",MURAL_PUBLICO,,," ","participantes_ee3ffe21-06d9-499c-a346-a7e4a46ac662.csv",NÃO," ",2015-08-10T13:45:00Z,"Lei 8666/1993, Art. 22, II"," "," "
"PREFEITURA MUNICIPAL DE CRICIUMA",145,2015,145,2015,2015-06-10,"Contratação, em regime de emergência, de empresa especializada em montagem, instalação, configuração e implantação da infra estrutura de redes elétricas, de dados e telefonia, abrangendo o fornecimento de materiais e mão de obra, a fim de atender os setores que não foram atingidos pelo incêndio (sinistro), ocorrido na madrugada do dia 27/05/2015, bem como adaptações para departamentos deslocados para outros próprios municipais, com base no decreto de Situação de Emergência.","Dispensa de licitação","Compras e Serviços","MENOR PRECO",2015-06-03,HOMOLOGADO," "," "," ","contratos_64ec25bf-d989-46c6-b641-8a0320b035ad.csv",2015-06-03T08:01:00Z," ",2015-06-03,2015-06-03," ","despesas_d7083bb0-8b30-415d-afdc-e1f2de29a7be.csv"," ","tributos@criciuma.sc.gov.br"," ","Rua Domênico Sônego","Rua Domênico Sônego",SC,"Dispensa de licitação",2015-06-03T08:00:00Z,"itensVencedores_27b7edcc-2e2f-424b-93f2-3a4db667f2bc.csv","JORNAL_DIVULGACAO_REGIONAL",,," ","participantes_ccff06dd-e0c6-40ad-b89d-67de2bce572b.csv",NÃO," ",2015-06-03T08:00:00Z,," "," "
"PREFEITURA MUNICIPAL DE CRICIUMA",149,2015,149,2015,2015-07-07,"Contratação de empresa especializada, para execução em caráter emergencial, de implantação de servidores virtuais, Proxy, Firewall, AD, Servidores Web, configuração de Vpns, Instalação de rede Wifi-Fi e recuperação de dados, nos departamentos de Sistema de Tributos e Setor de Cadastro, Secretaria de Infraestrutura e Mobilidade Urbana (Teatro Municipal) e Secretaria de Planejamento (Pavilhão de Eventos), em razão dos incêndios ocorridos no prédio da prefeitura municiapl de Criciúma.","Dispensa de licitação","Compras e Serviços","MENOR PREÇO GLOBAL POR LOTE",2015-06-25,HOMOLOGADO," "," "," ","contratos_e5a7f290-9f7d-4ac7-bdbe-bc583dfc81c1.csv",2015-06-25T08:01:00Z," ",2015-06-25,2015-06-25," ","despesas_d5f21405-f0a2-4661-9478-38f7ae57c777.csv"," ","tributos@criciuma.sc.gov.br"," ","Rua Domênico Sônego","Rua Domênico Sônego",SC,"Dispensa de licitação",2015-06-25T08:00:00Z,"itensVencedores_a3b24473-1ac3-450c-8181-0a68edf50e29.csv",INTERNET,,," ","participantes_777619d5-027b-4960-a0f7-5f8b112e23d4.csv",NÃO," ",2015-06-25T08:00:00Z,," "," "
"PREFEITURA MUNICIPAL DE CRICIUMA",152,2015,152,2015,2015-07-10,"Contratação de empresa especializada, para execução em caráter emergencia, de serviços de montagem e desmontagem de divisórias em eucatex, confecção de persianas verticais em tecido e de móveis de escritório, necessários e imprescindíveis, a fim de restabelecer o pronto atendimento ao público em razão dos incêndios ocorridos no prédio da Prefeitura Municipal de Criciúma nos dias 27/05 e 07/06/2015, com base nos Decretos de Situação de Emergência n° 859/15 e 910/15.","Dispensa de licitação","Compras e Serviços","MENOR PRECO",2015-06-30,HOMOLOGADO," "," "," ","contratos_14ccfe4c-796c-4e28-bfbf-1c7a6a440e4a.csv",2015-06-30T08:01:00Z," ",2015-06-30,2015-06-30," ","despesas_437d18ed-a8ba-4cf7-af0f-ffcc61cfc1ad.csv"," ","tributos@criciuma.sc.gov.br"," ","Rua Domênico Sônego","Rua Domênico Sônego",SC,"Dispensa de licitação",2015-06-30T08:00:00Z,"itensVencedores_c8ae6a59-b809-4254-beae-b82f20957899.csv",INTERNET,,," ","participantes_60d54e89-038c-490f-83de-3299be31a8a0.csv",NÃO," ",2015-06-30T08:00:00Z,," "," "
"PREFEITURA MUNICIPAL DE CRICIUMA",153,2015,153,2015,2015-07-10,"Contratação de empresa especializada, para fornecimento de móveis para escritório (mesas, cadeiras, armários e outros), a fim de suprir a demanda necessária para o pronto restabelecimento ao  público, em razão dos incêndios ocorridos no prédio da Prefeitura Municipal de Criciúma nos dias 27/05 e 07/06/2015, com base nos Decretos de Situação de Emergência n° 859/15 e 910/15.","Dispensa de licitação","Compras e Serviços","MENOR PRECO",2015-06-30,HOMOLOGADO," "," "," ","contratos_2e90155a-1788-48e4-986e-61e1d1c58f9d.csv",2015-06-30T08:01:00Z," ",2015-06-30,2015-06-30," ","despesas_b23fa5ca-10e0-465e-996e-5ff619f7404d.csv"," ","tributos@criciuma.sc.gov.br"," ","Rua Domênico Sônego","Rua Domênico Sônego",SC,"Dispensa de licitação",2015-06-30T08:00:00Z,"itensVencedores_f296072a-76cf-4589-a27e-b35041fd1631.csv",INTERNET,,," ","participantes_e8b64d31-65ac-47c0-8a17-1c8bfa652fbe.csv",NÃO," ",2015-06-30T08:00:00Z,," "," "
"PREFEITURA MUNICIPAL DE CRICIUMA",155,2015,155,2015,2015-07-10,"Contratação de empresa especializada, para fornecimento em caráter emergencial, de mateirais elétricos, para adequação de redes elétricas em locais que irão abrigar as secretarias e departamentos municipais e construção de uma nova rede de alta tensão, no prédio onde funcionará temporariamente parte de administração municipal, devido ás instalações existentens não comportar a demanda em razão dos incêndios ocorridos no prédio da prefeitura municipal de Criciúma nos dias 27/05 e 07/06/2015.","Dispensa de licitação","Compras e Serviços","MENOR PRECO",2015-06-30,HOMOLOGADO," "," "," ","contratos_208153c2-a545-48f0-b331-6966ec787cdf.csv",2015-06-30T08:01:00Z," ",2015-06-30,2015-06-30," ","despesas_efe768d4-b943-48d4-92e4-6e9a83d65021.csv"," ","tributos@criciuma.sc.gov.br"," ","Rua Domênico Sônego","Rua Domênico Sônego",SC,"Dispensa de licitação",2015-06-30T08:00:00Z,"itensVencedores_5763992e-b854-443f-a445-1cd701dc8fc4.csv",INTERNET,,," ","participantes_8d8eee22-0367-4a27-9da0-bb6f577f2f68.csv",NÃO," ",2015-06-30T08:00:00Z,," "," "
"PREFEITURA MUNICIPAL DE CRICIUMA",156,2015,156,2015,2015-07-10,"Contratação de empresa especializada, para fornecimento em caráter emergencial, de placas em compensado maderite cola branca, para uso na construção do patume que irá isolar todo o prédio do Paço Municipal em razão dos incêndios ocorridos no prédio da prefeitura municipal de Criciúma nos dias 27/05 e 07/06/2015, com base nos Decretos de Situação de Emergência n°859/15 e 910/15, para impedir o acesso de pessoas não autorizadas, a fim de evitar possíveis incidentes.","Dispensa de licitação","Compras e Serviços","MENOR PRECO GLOBAL",2015-06-30,HOMOLOGADO," "," "," ","contratos_041010c3-e696-4c12-a2f3-eef6548cc431.csv",2015-06-30T08:01:00Z," ",2015-06-30,2015-06-30," ","despesas_72b9f5f3-4d83-4ec3-8625-2eb5b7dcb0ab.csv"," ","tributos@criciuma.sc.gov.br"," ","Rua Domênico Sônego","Rua Domênico Sônego",SC,"Dispensa de licitação",2015-06-30T08:00:00Z,"itensVencedores_801ca14f-5900-4a71-9a8c-7a47da477b72.csv",INTERNET,,," ","participantes_f0d008dd-407e-47da-8954-ddd6f76a1f29.csv",NÃO," ",2015-06-30T08:00:00Z,," "," "
"PREFEITURA MUNICIPAL DE CRICIUMA",159,2015,159,2015,2015-07-27,"Aquisição, em caráter emergencial, de produtos de limpeza, necessários e imprescindíveis para higienização dos ambientes dos prédios de propriedade do município e outros cedidos a ele, para instalação das secretarias da administração pública municipal, a fim restabelecer o pronto atendimento ao público em razão dos incêndios ocorridos no prédio da prefeitura municipal de criciúma nos dias 27/05 e 07/06/2015, com base nos Decretos de Situação de Emergência n°859/15 e 910/15.","Dispensa de licitação","Compras e Serviços","MENOR PRECO GLOBAL",2015-06-30,HOMOLOGADO," "," "," ","contratos_1c216874-bd83-4da8-8369-af3092353071.csv",2015-06-30T08:01:00Z," ",2015-06-30,2015-06-30," ","despesas_9910cd0c-8284-4ba0-b212-1537f55376fd.csv"," ","tributos@criciuma.sc.gov.br"," ","Rua Domênico Sônego","Rua Domênico Sônego",SC,"Dispensa de licitação",2015-06-30T08:00:00Z,"itensVencedores_3436fa12-17a8-4b54-8f2f-ad1979a491c2.csv",INTERNET,,," ","participantes_3556e697-8227-4cbf-87bf-f6db473240f4.csv",NÃO," ",2015-06-30T08:00:00Z,," "," "
"PREFEITURA MUNICIPAL DE CRICIUMA",161,2015,161,2015,2015-07-27,"Contratação de empresa em caráter emergencial, para execução de serviços de mão de obra para lavação e higienização de estofados, móveis de escritório e persianas, afetados pelo incêndio (sinistro) ocorrido no prédio da prefeitura municipal de criciúma nos dias 27/05 e 07/06/2015, com base nos Decretos de Situação de Emergência n° 859/15 e 910/15, afim de reaproveitamento dos mesmos.","Dispensa de licitação","Compras e Serviços","MENOR PRECO GLOBAL",2015-06-30,HOMOLOGADO," "," "," ","contratos_faa9f2a1-ccf7-4c3e-80b1-564194d3fb9f.csv",2015-06-30T08:01:00Z," ",2015-06-30,2015-06-30," ","despesas_0e6f10a1-0f55-4823-bc50-8d94a1385591.csv"," ","tributos@criciuma.sc.gov.br"," ","Rua Domênico Sônego","Rua Domênico Sônego",SC,"Dispensa de licitação",2015-06-30T08:00:00Z,"itensVencedores_cdb0ba97-f02a-4cdc-a1d1-e6bc94e4a819.csv",INTERNET,,," ","participantes_0b47b4e7-cc39-4a34-8971-a0ba65f5e44c.csv",NÃO," ",2015-06-30T08:00:00Z,," "," "
"PREFEITURA MUNICIPAL DE CRICIUMA",163,2015,163,2015,2015-08-07,"Contratação de Empresa especializada para elaboração de ampliação, adequação e compatibilização do projeto elétrico, comunicação e preventivo de incêndio no prédio da Prefeitura Municipal de Criciúma - Paço Municipal Marcos Rovaris.","Inexigibilidade de licitação","Compras e Serviços","MENOR PRECO",2015-07-13,HOMOLOGADO," "," "," ","contratos_ada88b83-4011-4e41-b9bc-ef377f72b0d3.csv",2015-07-13T08:01:00Z," ",2015-07-13,2015-07-13," ","despesas_4a6f09ce-5e0f-4843-81d7-432291aea82c.csv"," ","tributos@criciuma.sc.gov.br"," ","Rua Domênico Sônego","Rua Domênico Sônego",SC,"Inexigibilidade de licitação",2015-07-13T08:00:00Z,"itensVencedores_5fd41ff1-6453-4689-92dc-598ed5e378cd.csv",INTERNET,,," ","participantes_39a861c3-9c7b-48b5-917c-879177a33a07.csv",NÃO," ",2015-07-13T08:00:00Z,," "," "
"PREFEITURA MUNICIPAL DE CRICIUMA",164,2015,164,2015,2015-10-13,"Contratação de empresa de engenharia, para execução das obras de recuperação da cobertura do ginásio de esportes e pavimentação e drenagem na área do pátio da E.M.E.I.E.F. PROF.° VILSON LALAU, localizada na rua Joanilde de Oliveira - bairro Cristo Redentor no município de Criciúma.",Convite,"Obras e Serviços de Engenharia","MENOR PRECO GLOBAL",2015-11-19,HOMOLOGADO," "," "," ","contratos_d6b65966-7e63-4a1a-9e4d-c5c3bdeb623c.csv",2015-10-26T16:00:00Z," ",2015-07-13,2015-10-26," ","despesas_0b8b1bcc-cf49-4c94-b6e9-a59d0a7c31da.csv"," ","tributos@criciuma.sc.gov.br"," ","Rua Domênico Sônego","Rua Domênico Sônego",SC,Convite,2015-10-26T12:30:00Z,"itensVencedores_8ee98a44-90c2-4e57-8661-462e1ad96791.csv",MURAL_PUBLICO,,," ","participantes_aa7b1752-51f8-4051-ae03-572944892b9d.csv",NÃO," ",2015-10-26T15:45:00Z,"Lei 8666/1993, Art. 22, III"," "," "
"PREFEITURA MUNICIPAL DE CRICIUMA",168,2015,168,2015,2015-07-16,"O presente Edital tem pôr objetivo a aquisição de livros, para uso nas unidades escolares da Rede Municipal de Ensino de Criciúma/SC.","Pregão presencial","Compras e Serviços","MENOR PRECO POR ITEM",2015-07-30,HOMOLOGADO," "," "," ","contratos_e6007287-2975-4647-98f3-8758cee5955a.csv",2015-07-29T14:01:00Z," ",2015-07-14,2015-07-29," ","despesas_12b18cdf-b4e1-433f-840f-73fb7fbd785c.csv"," ","tributos@criciuma.sc.gov.br"," ","Rua Domênico Sônego","Rua Domênico Sônego",SC,"Pregão presencial",2015-07-29T08:00:00Z,"itensVencedores_d94392f5-0f98-438f-a037-0fbdad3041c0.csv",INTERNET,,," ","participantes_ff8564c9-2bb1-469a-b7ff-8af3fd71d48f.csv",NÃO," ",2015-07-29T14:00:00Z,," "," "
"PREFEITURA MUNICIPAL DE CRICIUMA",169,2015,169,2015,2015-07-16,"A presente Licitação tem por objeto, a contratação de empresa do ramo pertinente, para execução de serviços de mão-de-obra na recuperação e manutenção das academias de ginásticas ao ar livre, (com fornecimento de materiais), de acordo com as normas da Associação Brasileira de Normas Técnicas - ABNT",Convite,"Compras e Serviços","MENOR PRECO GLOBAL",2015-08-10,HOMOLOGADO," "," "," ","contratos_7cbbe9a7-e347-4a4a-bee7-ce753838458d.csv",2015-07-31T11:00:00Z," ",2015-07-16,2015-07-31," ","despesas_60c347c7-27c6-4a3a-9358-d05a9a2a808a.csv"," ","tributos@criciuma.sc.gov.br"," ","Rua Domênico Sônego","Rua Domênico Sônego",SC,Convite,2015-07-31T08:00:00Z,"itensVencedores_b3f13786-516c-492f-82b2-1a841ef5834a.csv",MURAL_PUBLICO,,," ","participantes_07a3d000-9cc8-4b21-939a-18d38ab5a18c.csv",NÃO," ",2015-07-31T10:45:00Z,"Lei 8666/1993, Art. 22, III"," "," "
"PREFEITURA MUNICIPAL DE CRICIUMA",172,2015,172,2015,2015-07-21,"A presente licitação tem por objetivo a aquisição de materiais e equipamentos, para manutenção e ampliação da  rede de iluminação pública no município de Criciúma-SC",Convite,"Compras e Serviços","MENOR PRECO POR ITEM",2015-09-22,HOMOLOGADO," "," "," ","contratos_fbf74ce7-6aad-4ca6-8235-74944671d4e0.csv",2015-08-03T10:00:00Z," ",2015-07-21,2015-08-03," ","despesas_42e08d56-b1ac-484e-8391-be92f77862d0.csv"," ","tributos@criciuma.sc.gov.br"," ","Rua Domênico Sônego","Rua Domênico Sônego",SC,Convite,2015-08-03T08:00:00Z,"itensVencedores_0b9c81a2-30d6-4005-b060-a6a0de9240c1.csv",MURAL_PUBLICO,,," ","participantes_9d976e97-1794-4386-81d7-7cf02dc3fe0f.csv",NÃO," ",2015-08-03T09:45:00Z,"Lei 8666/1993, Art. 22, III"," "," "
"PREFEITURA MUNICIPAL DE CRICIUMA",173,2015,173,2015,2015-08-04,"Contratação de empresa de engenharia, para execução das obras de urbanização e drenagem na E.M.E.I.E.F. Pe. JOSÉ FRANCISCO BERTERO, localizada na rua Venâncio Martinello - bairro São Simão no município de Criciúma.",Convite,"Obras e Serviços de Engenharia","MENOR PRECO GLOBAL",2015-08-14,HOMOLOGADO," "," "," ","contratos_03aaf522-855b-46d7-a45d-94bc5b21eba6.csv",2015-08-13T16:00:00Z," ",2015-07-21,2015-08-13," ","despesas_9ad8177d-ebe9-4912-ba6a-9de68c54c9b4.csv"," ","tributos@criciuma.sc.gov.br"," ","Rua Domênico Sônego","Rua Domênico Sônego",SC,Convite,2015-08-13T08:00:00Z,"itensVencedores_868c04fd-27fa-4e34-bd2c-4a9c67588dce.csv",MURAL_PUBLICO,,," ","participantes_9085f93d-c40e-4d02-afbb-f61b1bfd7ad1.csv",NÃO," ",2015-08-13T15:45:00Z,"Lei 8666/1993, Art. 22, III"," "," "
"PREFEITURA MUNICIPAL DE CRICIUMA",174,2015,174,2015,2015-07-23,"A presente licitação tem por objetivo a contratação de empresa do ramo pertinente, para efetuar retífica em motor do VTR Jipe -Troller (placa MHV 6003), para o 4º Batalhão de Bombeiros Militar de Criciúma - SC",Convite,"Compras e Serviços","MENOR PRECO GLOBAL",2015-08-07,HOMOLOGADO," "," "," ","contratos_2352ded1-b0c2-40ef-ac4f-0da2036c7058.csv",2015-07-30T11:00:00Z," ",2015-07-23,2015-07-30," ","despesas_bbd06a4a-eb76-44e3-b281-906bf1e3bea7.csv"," ","tributos@criciuma.sc.gov.br"," ","Rua Domênico Sônego","Rua Domênico Sônego",SC,Convite,2015-07-30T08:00:00Z,"itensVencedores_631a1ac7-3a77-41b5-bea5-e791c55d6089.csv",MURAL_PUBLICO,,," ","participantes_eb7488f0-eca0-4a5e-a266-d1d8998be37d.csv",NÃO," ",2015-07-30T10:45:00Z,"Lei 8666/1993, Art. 22, III"," "," "
"PREFEITURA MUNICIPAL DE CRICIUMA",175,2015,175,2015,2015-07-24,"Contratação de empresa especializada, licenciada e legalizada, para disposição final dos resíduos provenientes da construção civil (construção/demolição/reforma) e serviços urbanos (poda/varrição/limpeza de terrenos baldios e galerias) no município de Criciúma/SC.","Pregão presencial","Compras e Serviços","MENOR PRECO"," ",REVOGADO," "," "," "," ",2015-08-14T09:01:00Z," ",2015-07-24,2015-08-14,2015-08-14,"despesas_8d105a41-d905-4108-8c6a-b07fa7e9f164.csv"," ","tributos@criciuma.sc.gov.br"," ","Rua Domênico Sônego","Rua Domênico Sônego",SC,"Pregão presencial",2015-08-14T08:00:00Z," ",MURAL_PUBLICO,"Razões de Interesse Público","Razões de Interesse Público"," "," ",NÃO," ",2015-08-14T09:00:00Z,," "," "
"PREFEITURA MUNICIPAL DE CRICIUMA",165,2015,165,2015,2015-08-04,"Contratação de empresa de engenharia, para execução das obras de reforma parcial (384,00m²) da cobertura do prédio da E.M.E.I.E.F. Profª. CLOTILDES MARIA MARTINS LALAU, localizada na rua Antonio Lima - bairro Renascer no município de Criciúma.",Convite,"Obras e Serviços de Engenharia","MENOR PRECO GLOBAL",2015-08-14,HOMOLOGADO," "," "," ","contratos_cae1abb2-458b-4b4a-93af-3d7de35f2a2b.csv",2015-08-13T14:00:00Z," ",2015-07-13,2015-08-13," ","despesas_ef608fc2-1324-46af-8da4-9ce8f51e1df8.csv"," ","tributos@criciuma.sc.gov.br"," ","Rua Domênico Sônego","Rua Domênico Sônego",SC,Convite,2015-08-13T08:00:00Z,"itensVencedores_fe0ec2e4-9928-4785-aece-f230b0522bea.csv",MURAL_PUBLICO,,," ","participantes_2c695369-dda1-4980-939a-d8a660cbcbaa.csv",NÃO," ",2015-08-13T13:45:00Z,"Lei 8666/1993, Art. 22, III"," "," "
"PREFEITURA MUNICIPAL DE CRICIUMA",166,2015,166,2015,2015-08-06,"Constitui objeto  do presente contrato, a  elaboração, em caráter emergencial, do projeto executivo  de recuperação e reforço da estrutura de concreto armado do prédio do Paço Municipal Marcos Rovaris, localizado na rua Domenico Sonego nº 542,  comprometida em razão dos incêndios ocorridos nos dias 27/05 e 07/06/2015,  com base nos Decretos de Situação de Emergência nº 859/15 e 910/15","Dispensa de licitação","Compras e Serviços","MENOR PRECO",2015-07-14,HOMOLOGADO," "," "," ","contratos_6fdfcab8-dd57-47d5-ab2c-d8243c8acaef.csv",2015-07-13T08:01:00Z," ",2015-07-13,2015-07-13," ","despesas_643b0ffc-7519-487a-b10c-7854ac1af013.csv"," ","tributos@criciuma.sc.gov.br"," ","Rua Domênico Sônego","Rua Domênico Sônego",SC,"Dispensa de licitação",2015-07-13T08:00:00Z,"itensVencedores_e5328de6-9463-4803-9871-85b381a9efb7.csv",INTERNET,,," ","participantes_c85a1549-4753-4879-9a02-9fc50c27b280.csv",NÃO," "," ",," "," "
"PREFEITURA MUNICIPAL DE CRICIUMA",167,2015,167,2015,2015-07-14,"Contratação de assessoria técnica especializada na área de orientação de projetos e acompanhamento de processos, âmbito do Distrito Federal, junto aos órgãos Governamentais Federais, organismos Internacionais e Embaixadas, e na área de captação de recursos junto ao Governo Federal, Instituições Financeiras Nacionais e Internacionais e Organismos Internacionais, com o objetivo de proporcionar melhorias nos serviços públicos municipais oferecidos aos cidadãos do município de Criciúma/SC.","Pregão presencial","Compras e Serviços","MENOR PRECO GLOBAL",2015-07-28,HOMOLOGADO," "," "," ","contratos_f60b5425-9332-44cd-b535-2cf62b9355e5.csv",2015-07-24T11:01:00Z," ",2015-07-13,2015-07-24," ","despesas_f0cd787a-6634-45a7-af7d-2cbbe52e979c.csv"," ","tributos@criciuma.sc.gov.br"," ","Rua Domênico Sônego","Rua Domênico Sônego",SC,"Pregão presencial",2015-07-24T08:00:00Z,"itensVencedores_435186c8-989d-4dc1-92e9-b6a7ebceb3db.csv",INTERNET,,," ","participantes_3acb974c-701b-4cc9-8e58-3c4f740ceb54.csv",NÃO," ",2015-07-24T11:00:00Z,," "," "
"PREFEITURA MUNICIPAL DE CRICIUMA",170,2015,170,2015,2015-07-24,"Registro de preços de gêneros alimentícios, para aquisições futuras, no atendimento ao 4º Batalhão da Bombeiro Militar do Município de Criciúma /SC., de acordo com Convênio 001/BM.","Pregão presencial","Compras e Serviços","MENOR PRECO POR ITEM",2015-08-07,HOMOLOGADO," ","atasRegistroPrecos_b73b8e8d-350f-4598-b9e6-9b6eae188837.csv"," "," ",2015-08-05T09:00:00Z," ",2015-05-19,2015-08-05," ","despesas_32545978-f300-48a2-8af5-1405ed59c4b3.csv"," ","tributos@criciuma.sc.gov.br"," ","Rua Domênico Sônego","Rua Domênico Sônego",SC,"Pregão presencial",2015-08-05T08:00:00Z,"itensVencedores_ce0bd5ac-aedd-48f2-929b-dffc58915cf8.csv",INTERNET,,," ","participantes_c76ec961-9f9e-4e74-8e80-9b70e7296197.csv",SIM," ",2015-08-05T08:00:00Z,," "," "
"PREFEITURA MUNICIPAL DE CRICIUMA",171,2015,171,2015,2015-07-27,"Registro de preços de Materiais de Construção e esquadrias de vidros temperados e alumínios para aquisições futuras destinados à manutenção de instalações e obras, do 4º Batalhão da Bombeiro Militar do Município de Criciúma /SC., de acordo com Convênio 001/BM.","Pregão presencial","Compras e Serviços","MENOR PREÇO GLOBAL POR LOTE",2015-08-11,HOMOLOGADO," ","atasRegistroPrecos_5a7a4b93-4adb-478e-95fc-77cbb74a957e.csv"," "," ",2015-08-06T09:01:00Z," ",2015-07-16,2015-08-06," ","despesas_6a327c9f-8e9c-46dd-a4e6-45bf0fd4f29d.csv"," ","tributos@criciuma.sc.gov.br"," ","Rua Domênico Sônego","Rua Domênico Sônego",SC,"Pregão presencial",2015-08-06T08:00:00Z,"itensVencedores_b0d7b1b9-f1f3-47de-af8f-8d8263eda4d3.csv",INTERNET,,," ","participantes_c34eaa70-2888-45cd-af1e-52827cd5f86b.csv",SIM," ",2015-08-06T09:00:00Z,," "," "
"PREFEITURA MUNICIPAL DE CRICIUMA",176,2015,176,2015,2015-08-04,"Execução das obras de restauração do revestimento em paralelepípedos da rua Gal. Osvaldo Pinto da Veiga, localizada no bairro Próspera - município de Criciúma.",Convite,"Obras e Serviços de Engenharia","MENOR PRECO GLOBAL",2015-08-27,HOMOLOGADO," "," "," ","contratos_f31c8c9f-045f-4846-8d8f-a19586b1a51b.csv",2015-08-14T14:00:00Z," ",2015-08-03,2015-08-14," ","despesas_7d482874-4da3-41e1-b816-c11c7a7cc964.csv"," ","tributos@criciuma.sc.gov.br"," ","Rua Domênico Sônego","Rua Domênico Sônego",SC,Convite,2015-08-14T08:00:00Z,"itensVencedores_b58609b2-f991-4ef3-8acf-622d660ea0dc.csv",MURAL_PUBLICO,,," ","participantes_00542178-5eab-4a3e-8c9e-28d3e976a2f9.csv",NÃO," ",2015-08-14T13:45:00Z,"Lei 8666/1993, Art. 22, III"," "," "
"PREFEITURA MUNICIPAL DE CRICIUMA",178,2015,178,2015,2015-08-06,"Constitui objeto do presente contrato, a execução em caráter emergencial, de serviços de instalação, configuração e implantação de software para o sistema de Alvarás e para atender exigências legais da Receita Federal, necessários e imprescindíveis para o pronto restabelecimento do atendimento ao público, em razão dos incêndios ocorridos no prédio da prefeitura municipal de Criciúma nos dias 27/05 e 07/06/2015, com base nos Decretos de Situação de Emergência nº 859/15 e 910/15","Dispensa de licitação","Compras e Serviços","MENOR PRECO",2015-08-05,HOMOLOGADO," "," "," ","contratos_089ca07e-ecb8-4a1b-a944-83a150d04c5a.csv",2015-08-05T08:01:00Z," ",2015-08-05,2015-08-05," ","despesas_dd05b99b-6c1b-4fe7-bf99-7f911ce6ae57.csv"," ","tributos@criciuma.sc.gov.br"," ","Rua Domênico Sônego","Rua Domênico Sônego",SC,"Dispensa de licitação",2015-08-05T08:00:00Z,"itensVencedores_71bf9fb6-f2d0-4d12-9891-9c42dab2397a.csv",INTERNET,,," ","participantes_0f5bcbe9-50c1-47e8-95ae-6cb6954551e1.csv",NÃO," ",2015-08-05T08:00:00Z,," "," "
"PREFEITURA MUNICIPAL DE CRICIUMA",179,2015,179,2015,2015-08-05,"A presente licitação tem por objetivo a aquisição de placas de mármore e granito, através de empresas do ramo pertinente, para aquisições futuras, no atendimento a inaugurações de obras da administração do Município de Criciúma/SC, durante o exercício de 2015",Convite,"Compras e Serviços","MENOR PRECO GLOBAL",2015-09-16,HOMOLOGADO," "," "," ","contratos_a629f0a7-e43e-4bb2-bf13-ff82719c6945.csv",2015-08-17T11:00:00Z," ",2015-08-05,2015-08-17," ","despesas_c5cc7e8d-061d-43c1-95fe-125fff026fe7.csv"," ","tributos@criciuma.sc.gov.br"," ","Rua Domênico Sônego","Rua Domênico Sônego",SC,Convite,2015-08-17T08:00:00Z,"itensVencedores_819a61c9-e859-48f0-b949-9707ad826e51.csv",MURAL_PUBLICO,,," ","participantes_dfc5085c-1876-4aa4-bc4d-e732dc47beb4.csv",NÃO," ",2015-08-17T10:45:00Z,"Lei 8666/1993, Art. 22, III"," "," "
"PREFEITURA MUNICIPAL DE CRICIUMA",181,2015,181,2015,2015-08-10,"Constitui objeto do presente contrato a Locação de um pavilhão, medindo 480 m², sito a Rua Men de Sá, 855, bairro Michel para a Instalação da Secretaria Municipal de Infraestrutura e Mobilidade Urbana, em razão dos incêndios ocorridos nos dias 27/05 e 07/06/2015, com base nos Decretos de Situação de Emergência nº 859/15 e 910/15.","Dispensa de licitação","Compras e Serviços","MENOR PRECO",2015-08-06,HOMOLOGADO," "," "," ","contratos_cc93339a-8add-44f4-bc40-159559871618.csv",2015-08-06T08:01:00Z," ",2015-08-06,2015-08-06," ","despesas_52cc85b8-3263-4018-b407-4b773bb3ed14.csv"," ","tributos@criciuma.sc.gov.br"," ","Rua Domênico Sônego","Rua Domênico Sônego",SC,"Dispensa de licitação",2015-08-06T08:00:00Z,"itensVencedores_8a3a4ecd-2821-44a5-aa54-9763268911a4.csv",INTERNET,,," ","participantes_b4b369be-918a-4394-b8c9-40272ec5bcf0.csv",NÃO," ",2015-08-06T08:00:00Z,," "," "
"PREFEITURA MUNICIPAL DE CRICIUMA",182,2015,182,2015,2015-08-07,"A presente Licitação tem por objeto, a contratação de empresa, para execução de serviços de equipe de segurança, para realização da 5ª Agroponte( feira de agronegócios e agricultura familiar), que ocorrerá no período de 19 a 23 de agosto de 2015, no pavilhão José Ijair Conti - Criciúma-SC",Convite,"Compras e Serviços","MENOR PRECO GLOBAL",2015-08-14,HOMOLOGADO," "," "," ","contratos_277c82c3-3176-4c40-8ea1-d87971742e42.csv",2015-08-14T11:00:00Z," ",2015-08-07,2015-08-14," ","despesas_1f42c370-e3b7-4111-b14b-5c2b301196bb.csv"," ","tributos@criciuma.sc.gov.br"," ","Rua Domênico Sônego","Rua Domênico Sônego",SC,Convite,2015-08-14T08:00:00Z,"itensVencedores_33f23b20-275c-4d51-8126-d9b14b9ec730.csv",MURAL_PUBLICO,,," ","participantes_606f3915-30e9-4794-a34c-9f58aa93380d.csv",NÃO," ",2015-08-14T10:45:00Z,"Lei 8666/1993, Art. 22, III"," "," "
"PREFEITURA MUNICIPAL DE CRICIUMA",183,2015,183,2015,2015-08-07,"Contratação de empresa especializada em locação e montagem de Tendas e Estande para realização da 5° Agroponte (feira de agronegócios e agricultura familiar), que ocorrerá no período de 19 á 23 de agosto de 2015, no pavilhão de Exposições José Ijair Conti - Paço Municipal, no Município de Criciúma/SC.",Convite,"Compras e Serviços","MENOR PRECO GLOBAL",2015-08-14,HOMOLOGADO," "," "," ","contratos_65433724-ed07-46ee-981c-636860847179.csv",2015-08-14T15:00:00Z," ",2015-08-07,2015-08-14," ","despesas_fb779d3d-22b8-4cc2-8538-d85f989d3987.csv"," ","tributos@criciuma.sc.gov.br"," ","Rua Domênico Sônego","Rua Domênico Sônego",SC,Convite,2015-08-14T08:00:00Z,"itensVencedores_ceede9a6-a2d5-4e5c-b074-a2b302d0a968.csv",MURAL_PUBLICO,,," ","participantes_ccb61c0f-e051-46ba-89d7-3bebd96db6e9.csv",NÃO," ",2015-08-14T14:45:00Z,"Lei 8666/1993, Art. 22, III"," "," "
"PREFEITURA MUNICIPAL DE CRICIUMA",184,2015,184,2015,2015-08-11,"O presente Edital tem por objetivo a aquisição de MATERIAIS DE CONSTRUÇÃO, para execução de serviços de recuperação de passeios praças ruas, prédios públicos e outros, para atendimento as necessidades da subprefeitura do Distrito de Rio Maina, Criciúma - SC.","Pregão presencial","Compras e Serviços","MENOR PRECO GLOBAL",2015-08-21,HOMOLOGADO," "," "," ","contratos_2c9feffe-07ee-48c5-8502-f157a7f58b19.csv",2015-08-21T09:01:00Z," ",2015-08-10,2015-08-21," ","despesas_f19aa3a7-4bab-4dfa-a719-1532ba8e7622.csv"," ","tributos@criciuma.sc.gov.br"," ","Rua Domênico Sônego","Rua Domênico Sônego",SC,"Pregão presencial",2015-08-21T08:00:00Z,"itensVencedores_91910795-e958-4139-9abd-d12d6b624508.csv",INTERNET,,," ","participantes_e31692ec-2c20-4817-bdd5-81f066005799.csv",NÃO," ",2015-08-21T09:00:00Z,," "," "
"PREFEITURA MUNICIPAL DE CRICIUMA",185,2015,185,2015,2015-08-19,"Contração de empresa para execução das obras de recuperação da drenagem danificada existente sob a residência nº 34, localizada na rua número 682 - bairro São Simão, com posterior recuperação da moradia.",Convite,"Compras e Serviços","MENOR PRECO GLOBAL",2015-09-02,HOMOLOGADO," "," "," ","contratos_95e254a4-6ff2-4960-8224-c26b36867174.csv",2015-09-01T14:00:00Z," ",2015-08-10,2015-09-01," ","despesas_480ba041-d79e-4984-903c-705648bf6fb5.csv"," ","tributos@criciuma.sc.gov.br"," ","Rua Domênico Sônego","Rua Domênico Sônego",SC,Convite,2015-09-01T08:00:00Z,"itensVencedores_e4a20f2b-71bc-46f0-b377-29143e3a2459.csv",MURAL_PUBLICO,,," ","participantes_d83d64be-bd8c-4704-8906-662fc4fcd9d6.csv",NÃO," ",2015-09-01T13:45:00Z,"Lei 8666/1993, Art. 22, III"," "," "
"PREFEITURA MUNICIPAL DE CRICIUMA",186,2015,186,2015,2015-08-11,"Registro de preços de combustíveis, para aquisições futuras, no atendimento ao 4º Batalhão de Bombeiro Militar do Município de Criciúma /SC., de acordo com Convênio 001/BM.","Pregão presencial","Compras e Serviços","MENOR PRECO POR ITEM",2015-08-27,HOMOLOGADO," ","atasRegistroPrecos_660bbd44-386c-4725-9f70-7b06c5f3ce40.csv"," "," ",2015-08-24T15:31:00Z," ",2015-08-11,2015-08-24," ","despesas_eb95152a-f963-41f9-a879-7936351658c5.csv"," ","tributos@criciuma.sc.gov.br"," ","Rua Domênico Sônego","Rua Domênico Sônego",SC,"Pregão presencial",2015-08-24T08:00:00Z,"itensVencedores_60bc0058-f48f-44f8-9737-cb0c7b9fe6ae.csv",INTERNET,,," ","participantes_24e55fb0-a793-421c-a699-102dfcfa1518.csv",SIM," ",2015-08-24T15:30:00Z,," "," "
"PREFEITURA MUNICIPAL DE CRICIUMA",188,2015,188,2015,2015-08-20,"Registro de preços de materiais de construção, para aquisições futuras, no atendimento a Prédios Públicos do Município e para Diversas  Secretarias, Diretorias, Fundos e Fundações da Administração Municipal de Criciúma/SC.","Pregão presencial","Compras e Serviços","MENOR PRECO POR ITEM",2015-09-10,HOMOLOGADO," ","atasRegistroPrecos_9aaa55c1-13b7-4a5a-a52c-36120584c8a6.csv"," "," ",2015-09-02T09:01:00Z," ",2015-01-01,2015-09-02," ","despesas_d28bace0-dd29-4bfa-ac01-9b772c716e8c.csv"," ","tributos@criciuma.sc.gov.br"," ","Rua Domênico Sônego","Rua Domênico Sônego",SC,"Pregão presencial",2015-09-02T08:00:00Z,"itensVencedores_1402b873-fbc2-4280-aadd-7884ec5146f8.csv",INTERNET,,," ","participantes_8710ce04-f1c7-487c-932a-1f94fa0f2078.csv",SIM," ",2015-09-02T09:00:00Z,," "," "
"PREFEITURA MUNICIPAL DE CRICIUMA",194,2015,194,2015,2015-08-25,"Contratação de serviços técnicos profissionais especializadas para elaboração, em caráter emergencial, do projeto Preventivo de Incêndio da nova infraestrutura do prédio do Paço Municipal Marcos Rovaris, localizado na rua Domenico Sonego n° 542, bairro Pìnheirinho, em virtude dos sinistros (incêndios) ocorridos nos dias 27/05 e 07/06/2015, com base nos Decretos de Situação de Emergência n° 859/15 e 910/15.","Dispensa de licitação","Compras e Serviços","MENOR PRECO",2015-08-21,HOMOLOGADO," "," "," ","contratos_01c93016-223e-433f-8b83-101c7fea5271.csv",2015-08-21T08:01:00Z," ",2015-08-21,2015-08-21," ","despesas_1cc658c4-35aa-46b7-8e8f-fe10cf05fe50.csv"," ","tributos@criciuma.sc.gov.br"," ","Rua Domênico Sônego","Rua Domênico Sônego",SC,"Dispensa de licitação",2015-08-21T08:00:00Z,"itensVencedores_d3095893-3f03-44e2-b0c4-ce8b8ff13b14.csv",INTERNET,,," ","participantes_c7985993-ad88-4e6d-b44b-732cdc8ce61b.csv",NÃO," ",2015-08-21T08:00:00Z,," "," "
"PREFEITURA MUNICIPAL DE CRICIUMA",200,2015,200,2015,2015-08-28,"Contratação de empresa de engenharia para execução dos serviços necessários a implantação do PARQUE DOS IMIGRANTES, numa área total de 61.094,00m² localizada as margens do anel viário - Vila Francesa no Distrito de Rio Mina - Município de Criciúma-SC. Convênio nº. 2015TR001194 entre GOVERNO DO ESTADO x MUNICÍPIO DE CRICIÚMA",Concorrência,"Obras e Serviços de Engenharia","MENOR PRECO GLOBAL",2015-11-11,HOMOLOGADO," "," "," ","contratos_3d370411-90b6-4e14-b544-6d85666d3abc.csv",2015-09-30T14:00:00Z," ",2015-08-27,2015-09-30," ","despesas_8bb1ad92-b5fc-45b1-b64f-54f86e1e1765.csv"," ","tributos@criciuma.sc.gov.br"," ","Rua Domênico Sônego","Rua Domênico Sônego",SC,Concorrência,2015-09-30T08:00:00Z,"itensVencedores_77e29a71-20a7-4ac1-b5fe-6240ed11042e.csv","JORNAL_DIVULGACAO_REGIONAL",,," ","participantes_823044d6-775e-4ed2-befa-54eba6181e30.csv",NÃO," ",2015-09-30T13:45:00Z,"Lei 8666/1993, Art. 22, I"," "," "
"PREFEITURA MUNICIPAL DE CRICIUMA",202,2015,202,2015,2015-08-30,"Registro de preços de Concreto Asfáltico Usinado a Quente - CAUQ, através de empresas do ramo pertinente, para aquisições futuras, no atendimento a reabilitação, capeamento e pavimentação em diversas ruas do Município de Criciúma /SC.CONVÊNIO: Subação 11126 Apoio ao Sistema Viário - FUNDOSOCIAL.","Pregão presencial","Compras e Serviços","MENOR PRECO GLOBAL",2015-09-18,HOMOLOGADO," ","atasRegistroPrecos_096cc97b-fd0a-4cc7-a5f7-c4feeaa16f46.csv"," ","contratos_da841707-f233-474b-80ac-d4506d711901.csv",2015-09-11T10:01:00Z," ",2015-08-28,2015-09-11," ","despesas_05834cce-e269-49d4-8019-76a856d7528c.csv"," ","tributos@criciuma.sc.gov.br"," ","Rua Domênico Sônego","Rua Domênico Sônego",SC,"Pregão presencial",2015-09-11T08:00:00Z,"itensVencedores_1456b5b9-3a05-4a8c-9017-2a2ac45ce217.csv",DIARIO_OFICIAL_UNIAO,,," ","participantes_ed4a27e7-0810-41ac-bf51-c29b9e2028ab.csv",SIM," ",2015-09-11T10:00:00Z,," "," "
"PREFEITURA MUNICIPAL DE CRICIUMA",177,2015,177,2015,2015-08-07,"AQUISIÇÃO DE 03 (TRÊS) VEÍCULOS NOVOS 4X4, ZERO KM, PARA ATENDIMENTO AO 4º BATALHÃO DE BOMBEIRO MILITAR DE CRICIÚMA/SC. CONVÊNIO 001/BM.","Pregão presencial","Compras e Serviços","MENOR PRECO GLOBAL",2015-08-24,HOMOLOGADO," "," "," ","contratos_724d1c10-e3b4-4ac5-850b-1e201740dbe2.csv",2015-08-19T14:01:00Z," ",2015-08-03,2015-08-19," ","despesas_497b2c96-32ce-4c99-81dc-988b0f1a457c.csv"," ","tributos@criciuma.sc.gov.br"," ","Rua Domênico Sônego","Rua Domênico Sônego",SC,"Pregão presencial",2015-08-19T08:00:00Z,"itensVencedores_f3863ca9-22d4-4506-9263-7bb37ca9e895.csv",INTERNET,,," ","participantes_2175678b-d989-4af3-81c8-b264d5b6d94f.csv",NÃO," ",2015-08-19T14:00:00Z,," "," "
"PREFEITURA MUNICIPAL DE CRICIUMA",187,2015,187,2015,2015-08-12,"Contratação de serviços de telefonia móvel pessoal, para atendimento ao 9º batalhão de policia militar de Criciúma/SC.","Pregão presencial","Compras e Serviços","MENOR PRECO GLOBAL"," ",REVOGADO," "," "," "," ",2015-08-25T09:01:00Z," ",2015-08-12,2015-08-25,2015-08-25,"despesas_e0571f2b-b07b-49e8-a481-6deb08ba87fc.csv"," ","tributos@criciuma.sc.gov.br"," ","Rua Domênico Sônego","Rua Domênico Sônego",SC,"Pregão presencial",2015-08-25T08:00:00Z," ",MURAL_PUBLICO,"Razões de Interesse Público","Razões de Interesse Público"," "," ",NÃO," ",2015-08-25T09:00:00Z,," "," "
"PREFEITURA MUNICIPAL DE CRICIUMA",189,2015,189,2015,2015-08-14,"presente Edital tem por objetivo a contratação de prestação de serviço técnico especializado na elaboração e cadastros de projetos e propostas de captação de recursos junto aos Órgãos do Governo do Estado de Santa Catarina, através do sistema de Integração de Planejamento e Gestão Fiscal/SIGEF, com o objetivo de proporcionar eficiência nos serviços públicos municipais oferecidos aos cidadãos do município de Criciúma/SC.",Convite,"Compras e Serviços","MENOR PREÇO MENSAL",2015-10-05,HOMOLOGADO," "," "," ","contratos_78ab8616-b424-4ce3-962d-7053fdf25318.csv",2015-08-25T11:00:00Z," ",2015-08-14,2015-08-25," ","despesas_182dfd80-97a6-4953-8e8d-a159be7d8edb.csv"," ","tributos@criciuma.sc.gov.br"," ","Rua Domênico Sônego","Rua Domênico Sônego",SC,Convite,2015-08-25T08:00:00Z,"itensVencedores_c0b0df5e-f159-4dde-8b9d-7d0269712ea5.csv",MURAL_PUBLICO,,," ","participantes_2178d501-4408-40e3-a798-571000820724.csv",NÃO," ",2015-08-25T10:45:00Z,"Lei 8666/1993, Art. 22, III"," "," "
"PREFEITURA MUNICIPAL DE CRICIUMA",190,2015,190,2015,2015-08-18,"Aquisição de eletrodomésticos para uso nas Escolas da Rede Municipal de Ensino de Criciúma - SC.","Pregão presencial","Compras e Serviços","MENOR PRECO POR ITEM",2015-09-08,HOMOLOGADO," "," "," ","contratos_23245a9e-4c30-4e40-8c5c-80b86a8aa75d.csv",2015-09-04T09:01:00Z," ",2015-08-18,2015-09-04," ","despesas_5eb51351-afaa-4977-988f-33ec6c269c53.csv"," ","tributos@criciuma.sc.gov.br"," ","Rua Domênico Sônego","Rua Domênico Sônego",SC,"Pregão presencial",2015-09-04T08:00:00Z,"itensVencedores_e471e287-1545-4ad0-9ceb-eef0ce70e750.csv",MURAL_PUBLICO,,," ","participantes_335c3bf0-06ca-4c46-97c8-fe3538a368c9.csv",NÃO," ",2015-09-04T09:00:00Z,," "," "
"PREFEITURA MUNICIPAL DE CRICIUMA",192,2015,192,2015,2015-08-21,"REGISTRO DE PREÇOS DE CARGAS DE GÁS (GLP P-13 e P-45), PARA AQUISIÇÕES FUTURAS, NO ATENDIMENTO AO MUNICÍPIO, ESCOLAS DA REDE MUNICIPAL DE ENSINO, FUNDO MUNICIPAL DE SAÚDE E FUNDO MUNICIPAL DE ASSISTENCIA SOCIAL DE CRICIÚMA/SC.","Pregão presencial","Compras e Serviços","MENOR PRECO POR ITEM"," ",REVOGADO," "," "," "," ",2015-09-03T14:01:00Z," ",2015-08-18,2015-09-03,2015-09-15,"despesas_0d38b190-f1e6-48ed-9bea-ad28a78dbb1b.csv"," ","tributos@criciuma.sc.gov.br"," ","Rua Domênico Sônego","Rua Domênico Sônego",SC,"Pregão presencial",2015-09-03T08:00:00Z,"itensVencedores_52ba62bc-c4fc-4415-ad37-2fc32f53b925.csv",INTERNET,"Razões de Interesse Público","Razões de Interesse Público"," ","participantes_cfa1d44b-aae1-419e-b465-4d77b1907e6d.csv",SIM," ",2015-09-03T14:00:00Z,," "," "
"PREFEITURA MUNICIPAL DE CRICIUMA",201,2015,201,2015,2015-08-31,"Registro de preços de monólitos para serem instalados em diversos pontos do município de Criciúma/SC.","Pregão presencial","Compras e Serviços","MENOR PRECO GLOBAL"," ",REVOGADO," "," "," "," ",2015-09-14T09:01:00Z," ",2015-08-27,2015-09-14,2015-09-14,"despesas_4adf6b45-a6a1-4c5b-b269-3c7a018bf3cd.csv"," ","tributos@criciuma.sc.gov.br"," ","Rua Domênico Sônego","Rua Domênico Sônego",SC,"Pregão presencial",2015-09-14T08:00:00Z," ",MURAL_PUBLICO,"Razões de Interesse Público","Razões de Interesse Público"," "," ",SIM," ",2015-09-14T09:00:00Z,," "," "
"PREFEITURA MUNICIPAL DE CRICIUMA",4,2015,4,2015,2015-01-14,"O presente Edital tem por objetivo a aquisição de móveis sob medida e cadeiras para a sede da CIRETRAN.",Convite,"Compras e Serviços","MENOR PREÇO GLOBAL POR LOTE",2015-01-28,HOMOLOGADO," "," "," ","contratos_8a808441-39ae-4390-b088-6df09d55811b.csv",2015-01-28T16:00:00Z," ",2015-01-14,2015-01-28," ","despesas_366a1ca2-9d9c-460f-b0e5-c03628bcc067.csv"," ","tributos@criciuma.sc.gov.br"," ","Rua Domênico Sônego","Rua Domênico Sônego",SC,Convite,2015-01-28T08:00:00Z,"itensVencedores_f072b305-2e03-4127-98cb-18b739f8cf52.csv",MURAL_PUBLICO,,," ","participantes_2013f9dd-6521-4340-afce-d0fc73b63f27.csv",NÃO," ",2015-01-28T15:45:00Z,"Lei 8666/1993, Art. 22, III"," "," "
"PREFEITURA MUNICIPAL DE CRICIUMA",7,2015,7,2015,2015-01-20,"REGISTRO DE PREÇOS DE UNIFORMES, PARA ATENDIMENTO AOS ALUNOS DAS ESCOLAS DA REDE MUNICIPAL DE ENSINO DE CRICIÚMA/SC.","Pregão presencial","Compras e Serviços","MENOR PRECO GLOBAL",2015-02-19,HOMOLOGADO," ","atasRegistroPrecos_228887ab-c0c1-49cf-a4b6-03bbd9c1a769.csv"," "," ",2015-01-30T13:31:00Z," ",2015-01-19,2015-01-30," ","despesas_9282bd1f-16cc-4c22-b9d1-bc4666c8331e.csv"," ","tributos@criciuma.sc.gov.br"," ","Rua Domênico Sônego","Rua Domênico Sônego",SC,"Pregão presencial",2015-01-30T08:00:00Z,"itensVencedores_8880c1d7-da47-4093-b8b6-eb4ef797335b.csv",INTERNET,,," ","participantes_aa0faa1f-69c8-4e77-8e4b-db56b2acf9fc.csv",SIM," ",2015-01-30T13:30:00Z,," "," "
"PREFEITURA MUNICIPAL DE CRICIUMA",8,2015,8,2015,2015-01-27,"Serviços de borracharia para conserto e/ou manutenção da frota de viaturas da CIRETRAN de Criciúma/SC.","Dispensa de licitação","Compras e Serviços","MENOR PRECO",2015-01-27,HOMOLOGADO," "," "," ","contratos_7a3b43a1-9db7-407d-ae24-463eeaf094f5.csv",2015-01-27T08:01:00Z," ",2015-01-27,2015-01-27," ","despesas_52c40a06-d9f1-4b8c-9122-de9448a5ea79.csv"," ","tributos@criciuma.sc.gov.br"," ","Rua Domênico Sônego","Rua Domênico Sônego",SC,"Dispensa de licitação",2015-01-27T08:00:00Z,"itensVencedores_ad2c96bf-c7ca-44da-9dc8-92ade0fe6459.csv",INTERNET,,," ","participantes_d59dcdb8-b498-4e0f-8d26-e6be1d00e30d.csv",NÃO," ",2015-01-27T08:00:00Z,," "," "
"PREFEITURA MUNICIPAL DE CRICIUMA",12,2015,12,2015,2015-02-02,"Registro de preços de materiais de pavimentação, para aquisições futuras, no atendimento a diversos locais do município de Criciúma/SC.","Pregão presencial","Compras e Serviços","MENOR PRECO POR ITEM",2015-02-25,HOMOLOGADO," ","atasRegistroPrecos_dd04ea6e-3ad3-44df-89c6-616b721a3e69.csv"," ","contratos_02e6f5ce-4e9a-4c73-9469-500dc339cb7a.csv",2015-02-18T16:01:00Z," ",2015-01-29,2015-02-18," ","despesas_e71c7974-a9f6-46d8-87d4-c6b347ef2338.csv"," ","tributos@criciuma.sc.gov.br"," ","Rua Domênico Sônego","Rua Domênico Sônego",SC,"Pregão presencial",2015-02-18T08:00:00Z,"itensVencedores_28819160-4e9b-4942-babc-d32b821d7a09.csv",MURAL_PUBLICO,,," ","participantes_4a144303-d15e-40b2-894a-156ac61599a4.csv",SIM," ",2015-02-18T16:00:00Z,," "," "
"PREFEITURA MUNICIPAL DE CRICIUMA",25,2015,25,2015,2015-02-03,"O presente Edital tem por objetivo a contratação de serviços especializados na verificação de dados dos balancetes mensais, licitações e contratos para a elaboração e execução do E-SFINGE (SECRETARIA DO SISTEMA ECONÔMICO), do município de Criciúma",Convite,"Compras e Serviços","MENOR PRECO",2015-03-04,HOMOLOGADO," "," "," ","contratos_a155656c-1fed-4fc2-b13f-18d50beb43f0.csv",2015-02-19T17:00:00Z," ",2015-02-03,2015-02-19," ","despesas_d8b6208e-f382-4e2d-8eeb-179249b806bc.csv"," ","tributos@criciuma.sc.gov.br"," ","Rua Domênico Sônego","Rua Domênico Sônego",SC,Convite,2015-02-19T08:00:00Z,"itensVencedores_b05841fb-330b-4c40-ad31-f294d49bb960.csv",MURAL_PUBLICO,,," ","participantes_b7da7daa-4aef-49da-8a2e-02df514f0872.csv",NÃO," ",2015-02-19T16:45:00Z,"Lei 8666/1993, Art. 22, III"," "," "
"PREFEITURA MUNICIPAL DE CRICIUMA",27,2015,27,2015,2015-02-03,"A presente licitação tem por objetivo a contratação de empresa do ramo pertinente, para execução de serviços de manutenção em radiadores, afim de atender as necessidades dos veículos e equipamentos da frota do município de Criciúma/SC",Convite,"Compras e Serviços","MENOR PRECO GLOBAL",2015-03-19,HOMOLOGADO," "," "," ","contratos_c184d62c-041e-4f11-8d69-c2c434631e99.csv",2015-02-20T14:00:00Z," ",2015-02-03,2015-02-20," ","despesas_19c282f2-9b17-48ba-b195-e74bdc708451.csv"," ","tributos@criciuma.sc.gov.br"," ","Rua Domênico Sônego","Rua Domênico Sônego",SC,Convite,2015-02-20T08:00:00Z,"itensVencedores_9df26953-efd0-46e0-a32d-a4b3193d67b5.csv",MURAL_PUBLICO,,," ","participantes_ce83cf7c-3d02-4599-89e3-73ccdfa12533.csv",NÃO," ",2015-02-20T13:45:00Z,"Lei 8666/1993, Art. 22, III"," "," "
"PREFEITURA MUNICIPAL DE CRICIUMA",30,2015,30,2015,2015-02-03,"presente licitação tem por objetivo a contratação de empresa do ramo pertinente, para executar a substituição do conjunto do gira círculo da motoniveladora RG 170B nº 412 pertencente ao patrimônio do município de Criciúma/SC",Convite,"Compras e Serviços","MENOR PRECO GLOBAL",2015-03-03,HOMOLOGADO," "," "," ","contratos_83342946-838f-4f1d-bb38-ce5487764f15.csv",2015-02-24T15:00:00Z," ",2015-02-03,2015-02-24," ","despesas_7e455925-4da4-47f0-9a2a-e08768399ef0.csv"," ","tributos@criciuma.sc.gov.br"," ","Rua Domênico Sônego","Rua Domênico Sônego",SC,Convite,2015-02-24T08:00:00Z,"itensVencedores_a7d3d467-bd5d-4f09-b194-04ceefa04757.csv",MURAL_PUBLICO,,," ","participantes_4fc690ab-5d48-4a9d-bc61-14cbeadd4f07.csv",NÃO," ",2015-02-24T14:45:00Z,"Lei 8666/1993, Art. 22, III"," "," "
"PREFEITURA MUNICIPAL DE CRICIUMA",31,2015,31,2015,2015-02-09,"O presente edital tem por objetivo a contratação de empresa para fornecimento, peças e serviços para uso na manutenção dos aparelhos de ar condicionado do município de Criciúma/SC",Convite,"Compras e Serviços","MENOR PRECO GLOBAL",2015-03-31,HOMOLOGADO," "," "," ","contratos_703359ed-7b87-4c4c-ad54-ef3b013cbfaa.csv",2015-03-13T16:00:00Z," ",2015-02-09,2015-03-13," ","despesas_148a0629-8cf5-49fc-a413-aff12da58322.csv"," ","tributos@criciuma.sc.gov.br"," ","Rua Domênico Sônego","Rua Domênico Sônego",SC,Convite,2015-03-13T08:00:00Z,"itensVencedores_3c2aaf77-e734-49b1-825e-c7ebdfba56b7.csv",MURAL_PUBLICO,,," ","participantes_5207fdb1-af16-4630-b610-2c59dbe607e9.csv",NÃO," ",2015-03-13T15:45:00Z,"Lei 8666/1993, Art. 22, III"," "," "
"PREFEITURA MUNICIPAL DE CRICIUMA",35,2015,35,2015,2015-02-09,"O presente Edital  tem  por  objetivo a contratação de empresa  do ramo pertinente para fornecimento, de forma parcelada, durante o exercicio de 2015, de toners e cartuchos de impressão, ambos originais e novos (primeiro uso), com vistas a atender as Secretarias da Administração Municipal de Criciúma/SC",Convite,"Compras e Serviços","MENOR PRECO GLOBAL",2015-03-12,HOMOLOGADO," "," "," ","contratos_a7a66531-ddc8-4c8f-b112-4c99fc5991ab.csv",2015-02-27T16:30:00Z," ",2015-02-09,2015-02-27," ","despesas_7b450250-4ffc-4d9d-8059-8f61017aed2d.csv"," ","tributos@criciuma.sc.gov.br"," ","Rua Domênico Sônego","Rua Domênico Sônego",SC,Convite,2015-02-27T08:00:00Z,"itensVencedores_426f359e-9f8e-41d8-ba5d-7a8cb6405a42.csv",MURAL_PUBLICO,,," ","participantes_52122f4d-7d3f-4e8a-8e0e-dcaa573c7fff.csv",NÃO," ",2015-02-27T16:15:00Z,"Lei 8666/1993, Art. 22, III"," "," "
"PREFEITURA MUNICIPAL DE CRICIUMA",38,2015,38,2015,2015-02-10,"O objeto da presente licitação consiste na contratação de empresa especializada na execução de serviços de limpeza de caixas-dágua (incluindo desinfecção) nas escolas da rede municipal de ensino e demais órgãos pertencentes e de responsabilidade do Sistema de Educação do município de Criciúma/SC.",Convite,"Compras e Serviços","MENOR PRECO GLOBAL",2015-04-15,HOMOLOGADO," "," "," ","contratos_171641ef-06ad-4c2f-81da-f5178a90ca3a.csv",2015-03-02T16:00:00Z," ",2015-02-10,2015-03-02," ","despesas_1c29cb9e-4c34-4dab-a5d6-35a595270eca.csv"," ","tributos@criciuma.sc.gov.br"," ","Rua Domênico Sônego","Rua Domênico Sônego",SC,Convite,2015-03-02T08:00:00Z,"itensVencedores_1c995c15-98b4-4c9d-b1e1-16031e839c36.csv",MURAL_PUBLICO,,," ","participantes_6808d930-ff25-46da-9b0f-f2819c10e917.csv",NÃO," ",2015-03-02T15:45:00Z,"Lei 8666/1993, Art. 22, III"," "," "
"PREFEITURA MUNICIPAL DE CRICIUMA",40,2015,40,2015,2015-02-11,"Constitui objeto desta licitação a contratação de empresa para confecção de uniformes para uso dos funcionários da Secretaria de Infra Estrutura e Mobilidade Urbana do Município de Criciúma/SC",Convite,"Compras e Serviços","MENOR PRECO GLOBAL",2015-03-19,HOMOLOGADO," "," "," ","contratos_420f6550-4faa-4c1f-8802-be90cc013fad.csv",2015-03-02T16:30:00Z," ",2015-02-11,2015-03-02," ","despesas_57228883-e2ec-4c19-9366-183fe329f317.csv"," ","tributos@criciuma.sc.gov.br"," ","Rua Domênico Sônego","Rua Domênico Sônego",SC,Convite,2015-03-02T08:00:00Z,"itensVencedores_9d2c9162-1119-4576-8edf-864ac522cee6.csv",MURAL_PUBLICO,,," ","participantes_68dd9bbe-5fb5-4ce1-91e7-f9210aa153c2.csv",NÃO," ",2015-03-02T16:15:00Z,"Lei 8666/1993, Art. 22, III"," "," "
"PREFEITURA MUNICIPAL DE CRICIUMA",42,2015,42,2015,2015-02-21,"Registro de preços de Materiais de expediente e escritório, para aquisições futuras, no atendimento ao 9º Batalhão da Policia Militar do Município de Criciúma /SC., de acordo com Convênio: POLÍCIA MILITAR e TRANSITO/PMSC.","Pregão presencial","Compras e Serviços","MENOR PRECO GLOBAL",2015-03-06,HOMOLOGADO," ","atasRegistroPrecos_4222bb5f-2d9b-417c-b086-e2a3e08d55c0.csv"," "," ",2015-03-05T11:01:00Z," ",2015-02-13,2015-03-05," ","despesas_b640c7b1-0d3e-4d64-ac7a-0f8936a38332.csv"," ","tributos@criciuma.sc.gov.br"," ","Rua Domênico Sônego","Rua Domênico Sônego",SC,"Pregão presencial",2015-03-05T08:00:00Z,"itensVencedores_ab9c34a7-546a-40fb-bc99-4f2019664a2e.csv",INTERNET,,," ","participantes_a81f02df-28cf-4dd8-9e00-6700c3f8f1d4.csv",SIM," ",2015-03-05T11:00:00Z,," "," "
"PREFEITURA MUNICIPAL DE CRICIUMA",43,2015,43,2015,2015-02-13,"A presente licitação tem por objetivo a aquisição de madeiras, de forma parcelada para uso na manutenção, recuperação e reconstrução de pontes e pontilhões no território do Município de Criciúma/SC",Convite,"Compras e Serviços","MENOR PRECO GLOBAL",2015-03-25,HOMOLOGADO," "," "," ","contratos_4c26032b-0f51-464a-ac03-9d1d830a2836.csv",2015-03-04T14:00:00Z," ",2015-02-13,2015-03-04," ","despesas_3f1561c8-bdef-4112-b9b7-fe9c1d1fa59b.csv"," ","tributos@criciuma.sc.gov.br"," ","Rua Domênico Sônego","Rua Domênico Sônego",SC,Convite,2015-03-04T08:00:00Z,"itensVencedores_d2974702-7862-4ea2-ad0b-100663ebc523.csv",MURAL_PUBLICO,,," ","participantes_ed253354-7f49-450d-8a1a-8bceb5472a6e.csv",NÃO," ",2015-03-04T13:45:00Z,"Lei 8666/1993, Art. 22, III"," "," "
"PREFEITURA MUNICIPAL DE CRICIUMA",45,2015,45,2015,2015-02-13,"O presente Edital tem  por  objetivo a aquisição de veículo, através de empresa do ramo pertinente, para atendimento ao Gabinete do Prefeito de Criciúma SC.",Convite,"Compras e Serviços","MENOR PRECO GLOBAL",2015-03-24,HOMOLOGADO," "," "," ","contratos_6c30b4a4-a441-4e2a-8b45-d47475996d58.csv",2015-02-25T13:00:00Z," ",2015-02-13,2015-02-25," ","despesas_862ed967-5dfe-4673-a72f-68467adc3410.csv"," ","tributos@criciuma.sc.gov.br"," ","Rua Domênico Sônego","Rua Domênico Sônego",SC,Convite,2015-02-25T08:00:00Z,"itensVencedores_c63c7cd3-a1e7-4733-9b05-dd9f26b2ba24.csv",MURAL_PUBLICO,,," ","participantes_b59a540b-6f5a-4428-baf2-07cb3cb83121.csv",NÃO," ",2015-02-25T12:45:00Z,"Lei 8666/1993, Art. 22, III"," "," "
"PREFEITURA MUNICIPAL DE CRICIUMA",37,2015,37,2015,2015-02-09,"O presente Edital tem por objetivo a contratação de empresa do ramo pertinente, para execução por demanda, durante o exercicio de 2015, de serviços de cópias de engenharia e plotagens, com vistas a atender as Secretarias da Administração Municipal de Criciúma/SC",Convite,"Compras e Serviços","MENOR PRECO GLOBAL",2015-03-16,HOMOLOGADO," "," "," ","contratos_30072637-1dda-4506-90b2-1084c2f3b671.csv",2015-03-04T13:00:00Z," ",2015-02-09,2015-03-04," ","despesas_238f50c9-7134-4c13-80e0-2e7baab879de.csv"," ","tributos@criciuma.sc.gov.br"," ","Rua Domênico Sônego","Rua Domênico Sônego",SC,Convite,2015-03-04T08:00:00Z,"itensVencedores_0e96da42-cf5e-4a9c-ae11-55301814d4e7.csv",MURAL_PUBLICO,,," ","participantes_bb792639-ee35-46a5-85de-c05f1537950a.csv",NÃO," ",2015-03-04T12:45:00Z,"Lei 8666/1993, Art. 22, III"," "," "
"PREFEITURA MUNICIPAL DE CRICIUMA",51,2015,51,2015,2015-03-17,"O presente Edital tem pôr objetivo a aquisição e instalação de divisórias e móveis, para atendimento as novas instalações do Conselho Tutelar do Município de Criciúma - SC.","Pregão presencial","Compras e Serviços","MENOR PREÇO GLOBAL POR LOTE",2015-03-20,HOMOLOGADO," "," "," ","contratos_31cc2a5c-882c-47e9-85fe-d25a314b3fef.csv",2015-03-18T14:00:00Z," ",2015-02-24,2015-03-18," ","despesas_9758ef3c-80ac-402b-a7d6-ba4a447513ac.csv"," ","tributos@criciuma.sc.gov.br"," ","Rua Domênico Sônego","Rua Domênico Sônego",SC,"Pregão presencial",2015-03-18T08:00:00Z,"itensVencedores_671ef125-b3e8-49a6-adc9-2e600c6e1d98.csv",INTERNET,,," ","participantes_0f6b771d-c815-46d3-8d6f-84dd0351b14f.csv",NÃO," ",2015-03-18T13:00:00Z,," "," "
"PREFEITURA MUNICIPAL DE CRICIUMA",52,2015,52,2015,2015-02-28,"Registro de preços para fornecimento e plantio de grama em leiva dos tipos sempre verde e esmeralda em praças, parques, rótulas, passeios e demais áreas públicas do Município de Criciúma.","Pregão presencial","Compras e Serviços","MENOR PRECO",2015-03-19,HOMOLOGADO," ","atasRegistroPrecos_f36494fa-6b4e-45f2-9a1c-04e6cb283ee5.csv"," ","contratos_61bd122c-60c8-44fb-b4b4-a56beda46289.csv",2015-03-17T15:31:00Z," ",2015-02-25,2015-03-17," ","despesas_9f60ef29-eea9-4372-9bbd-d63c02a23598.csv"," ","tributos@criciuma.sc.gov.br"," ","Rua Domênico Sônego","Rua Domênico Sônego",SC,"Pregão presencial",2015-03-17T08:00:00Z,"itensVencedores_43a15a5f-230d-4846-a702-6c27fcd3c884.csv",INTERNET,,," ","participantes_af6fe25b-7946-4741-9bb7-c08546fef033.csv",SIM," ",2015-03-17T15:30:00Z,," "," "
"PREFEITURA MUNICIPAL DE CRICIUMA",56,2015,56,2015,2015-03-11,"Aquisição de aparelho de ar condicionado instalado - Split, para a padaria do Centro de Processamento da Merenda Escolar, pertencente à Rede Municipal de Ensino de Criciúma/SC.","Pregão presencial","Compras e Serviços","MENOR PRECO GLOBAL",2015-03-31,HOMOLOGADO," "," "," ","contratos_7a009584-235f-449c-ac37-89dc14c7a1c9.csv",2015-03-30T09:00:00Z," ",2015-03-10,2015-03-30," ","despesas_aea00bd9-0a47-4692-a77a-2ef394b664a7.csv"," ","tributos@criciuma.sc.gov.br"," ","Rua Domênico Sônego","Rua Domênico Sônego",SC,"Pregão presencial",2015-03-30T08:00:00Z,"itensVencedores_a6418dd3-e760-4f39-a57c-d8d6ccd1d7b6.csv",INTERNET,,," ","participantes_8c173089-4d7f-4875-afd5-63cc66c955cb.csv",NÃO," ",2015-03-30T08:00:00Z,," "," "
"PREFEITURA MUNICIPAL DE CRICIUMA",63,2015,63,2015,2015-03-17,"Contratação de empresa para execução das obras de reforma geral (275,00m²) da cobertura da quadra de esportes da E.M.E.I.E.F. DIONÍSIO MILIOLI, localizada na rua Telésforo Machado - Bairro Ana Maria no  município de Criciúma.",Convite,"Obras e Serviços de Engenharia","MENOR PRECO GLOBAL",2015-03-27,HOMOLOGADO," "," "," ","contratos_353355ef-0b84-4633-81dd-8786a939175b.csv",2015-03-25T15:00:00Z," ",2015-03-16,2015-03-25," ","despesas_00a103b1-ba93-4580-be0b-b6d6425639b4.csv"," ","tributos@criciuma.sc.gov.br"," ","Rua Domênico Sônego","Rua Domênico Sônego",SC,Convite,2015-03-25T08:00:00Z,"itensVencedores_99131a53-b6e3-4cb9-8c80-fe4301a1afdc.csv",MURAL_PUBLICO,,," ","participantes_5ccba56d-a169-4e2a-9321-2ab27100218a.csv",NÃO," ",2015-03-25T08:00:00Z,"Lei 8666/1993, Art. 22, III"," "," "
"PREFEITURA MUNICIPAL DE CRICIUMA",65,2015,65,2015,2015-03-23,"Registro de preços de equipamentos, materiais e serviços para aquisições futuras, no atendimento a prevenção contra incêndios, nos diversos prédios públicos, do município de Criciúma/SC.","Pregão presencial","Compras e Serviços","MENOR PRECO GLOBAL",2015-04-07,HOMOLOGADO," ","atasRegistroPrecos_06f14036-0d26-4b82-8091-eb974d07ae56.csv"," "," ",2015-04-02T09:01:00Z," ",2015-03-18,2015-04-02," ","despesas_ecfba534-902b-49ed-b135-e3e5e17365c4.csv"," ","tributos@criciuma.sc.gov.br"," ","Rua Domênico Sônego","Rua Domênico Sônego",SC,"Pregão presencial",2015-04-02T08:00:00Z,"itensVencedores_a62783b6-fe53-49a5-942a-cdd9cc18e875.csv",INTERNET,,," ","participantes_c3755cf6-3e25-4de0-afe4-09f5f71a4443.csv",SIM," ",2015-04-02T09:00:00Z,," "," "
"PREFEITURA MUNICIPAL DE CRICIUMA",10,2015,10,2015,2015-02-03,"O presente edital tem pôr objetivo a contratação de empresa para fornecimento de peças e mão de obra para reparação e manutenção de equipamentos para o Centro de Processamento da Merenda Escolar, da rede municipal de Educação de Criciúma","Pregão presencial","Compras e Serviços","MENOR PREÇO GLOBAL MENSAL",2015-02-19,HOMOLOGADO," "," "," ","contratos_25b80158-58e8-40eb-b430-2f89992fbd36.csv",2015-02-13T13:01:00Z," ",2015-01-29,2015-02-13," ","despesas_aefc0389-db23-45b8-aa83-c50247659c15.csv"," ","tributos@criciuma.sc.gov.br"," ","Rua Domênico Sônego","Rua Domênico Sônego",SC,"Pregão presencial",2015-02-13T08:00:00Z,"itensVencedores_40ebd8cb-fc70-4343-a7b9-cbc3da21995b.csv",INTERNET,,," ","participantes_98f66b7a-651d-4225-8ed9-6ab36d0ced49.csv",NÃO," ",2015-02-13T13:00:00Z,," "," "
"PREFEITURA MUNICIPAL DE CRICIUMA",15,2015,15,2015,2015-01-29,"Contratação de empresa para execução por demanda, das obras de implantação, ampliação e manutenção do sistema de drenagem pluvial, em ruas e logradouros públicos municipais.","Tomada de Preço","Obras e Serviços de Engenharia","MENOR PRECO GLOBAL",2015-03-20,HOMOLOGADO," "," "," ","contratos_ae0b63f2-b646-4f2f-867d-c9a20f9eccb3.csv",2015-02-19T14:00:00Z," ",2015-01-29,2015-02-19," ","despesas_e97e6e14-9edc-40db-98ef-0f279795d880.csv"," ","tributos@criciuma.sc.gov.br"," ","Rua Domênico Sônego","Rua Domênico Sônego",SC,"Tomada de Preço",2015-02-19T08:00:00Z,"itensVencedores_f021b703-6d01-4622-aa1e-d187d3ec4eaf.csv",MURAL_PUBLICO,,," ","participantes_e79fdec6-4efc-4779-9149-d3a6b736b5f5.csv",NÃO," ",2015-02-19T13:45:00Z,"Lei 8666/1993, Art. 22, II"," "," "
"PREFEITURA MUNICIPAL DE CRICIUMA",16,2015,16,2015,2015-02-04,"Aquisição de cadeiras escolares adaptadas para os alunos portadores de necessidades especiais da Rede Municipal de Ensino de Criciúma - SC.","Pregão presencial","Compras e Serviços","MENOR PRECO GLOBAL",2015-02-25,HOMOLOGADO," "," "," ","contratos_9f231b8c-9a23-48dc-bcec-3f0ec01e575a.csv",2015-02-23T09:01:00Z," ",2015-01-29,2015-02-23," ","despesas_5cf4e23f-613d-4bc2-b375-66ccf6842aac.csv"," ","tributos@criciuma.sc.gov.br"," ","Rua Domênico Sônego","Rua Domênico Sônego",SC,"Pregão presencial",2015-02-23T08:00:00Z,"itensVencedores_26e776bc-4b0a-4593-9fe8-bf4e5ea9b205.csv",INTERNET,,," ","participantes_5e47c914-3058-4aff-b684-5d774c4b2655.csv",NÃO," ",2015-02-23T09:00:00Z,," "," "
"PREFEITURA MUNICIPAL DE CRICIUMA",20,2015,20,2015,2015-02-02,"O presente Edital tem por objetivo a contratação de empresa especializada na prestação de serviços de assessoria técnica nas áreas contábil, administrativa e financeira da Administração Municipal de Criciúma, com execução de carga horária mínima de 600 horas, durante o exercício de 2015",Convite,"Compras e Serviços","MENOR PREÇO POR HORA TRABALHADA",2015-02-23,HOMOLOGADO," "," "," ","contratos_c353984e-799e-4bf2-a7fa-0dfd973a99ec.csv",2015-02-10T15:00:00Z," ",2015-02-02,2015-02-10," ","despesas_0feb8cb7-d509-4990-b066-6c1c0cb1c44e.csv"," ","tributos@criciuma.sc.gov.br"," ","Rua Domênico Sônego","Rua Domênico Sônego",SC,Convite,2015-02-10T08:00:00Z,"itensVencedores_2789d4ab-8b37-4404-9780-4f55fa0ae17a.csv",MURAL_PUBLICO,,," ","participantes_395ac5bc-efd8-4bec-95c2-1aea193651a5.csv",NÃO," ",2015-02-10T14:45:00Z,"Lei 8666/1993, Art. 22, III"," "," "
"PREFEITURA MUNICIPAL DE CRICIUMA",22,2015,22,2015,2015-02-02,"A presente licitação tem por objetivo a Contratação de empresa  especializada  para  fornecimento  de  Central Telefônica em regime de comodato , contemplando serviços de  manutenção mensal, programação e garantia de peças de reposição , para atendimento do Paço Municipal",Convite,"Compras e Serviços","MENOR PRECO GLOBAL",2015-02-25,HOMOLOGADO," "," "," ","contratos_4b3db6d8-2de9-45fa-b9ff-29c919ec3de2.csv",2015-02-18T15:00:00Z," ",2015-02-02,2015-02-18," ","despesas_654ed859-4926-4c1a-9c15-277ab8e1f038.csv"," ","tributos@criciuma.sc.gov.br"," ","Rua Domênico Sônego","Rua Domênico Sônego",SC,Convite,2015-02-18T08:00:00Z,"itensVencedores_a88f1449-90ef-4e2c-9424-b684b3f008ca.csv",MURAL_PUBLICO,,," ","participantes_169afcbf-b2d4-4abe-b843-acc0e3be6b1f.csv",NÃO," ",2015-02-18T14:45:00Z,"Lei 8666/1993, Art. 22, III"," "," "
"PREFEITURA MUNICIPAL DE CRICIUMA",24,2015,24,2015,2015-02-03,"A presente licitação tem por objetivo a contratação de empresa para execução, por demanda,  durante o exercício de 2015, de serviços de manutenção de roçadeira costal e motoserra, pertencentes ao patrimônio do município, a fim de atender as necessidades das equipes de limpeza e corte de grama da Secretaria de Infraestrutura",Convite,"Compras e Serviços","MENOR PRECO GLOBAL",2015-03-23,HOMOLOGADO," "," "," ","contratos_e8c55104-012f-4fe1-9a59-d3eb6d8c0fb9.csv",2015-02-18T17:00:00Z," ",2015-02-03,2015-02-18," ","despesas_4f07f9e1-c93b-49ee-a82d-b2262294e10a.csv"," ","tributos@criciuma.sc.gov.br"," ","Rua Domênico Sônego","Rua Domênico Sônego",SC,Convite,2015-02-18T08:00:00Z,"itensVencedores_a94ace5f-b496-4621-a2e1-f7fbf05fb267.csv",MURAL_PUBLICO,,," ","participantes_1b6c76f0-8997-4082-91b0-cb8615487b90.csv",NÃO," ",2015-02-18T16:45:00Z,"Lei 8666/1993, Art. 22, III"," "," "
"PREFEITURA MUNICIPAL DE CRICIUMA",26,2015,26,2015,2015-02-10,"Registro de preços de combustíveis (óleo diesel S500, óleo diesel S10, gasolina comum e álcool), para aquisições futuras, no atendimento a frota de veículos e equipamentos do Município de Criciúma, Secretaria de Educação, Fundo Municipal de Saúde, Fundo Municipal de Assistência Social, Fundação municipal de Esportes, Fundação Cultural, Fundação de Meio Ambiente, Fundo Municipal de Saneamento Básico, Fundo Municipal de Habitação e Interesse Social de Criciúma/SC.","Pregão presencial","Compras e Serviços","MENOR PRECO POR ITEM",2015-02-27,HOMOLOGADO," ","atasRegistroPrecos_e9e223d7-0af3-433a-969a-05789ff69aa3.csv"," "," ",2015-02-26T14:01:00Z," ",2015-02-03,2015-02-26," ","despesas_d85953d4-8edc-4902-8a5b-6b077e05cade.csv"," ","tributos@criciuma.sc.gov.br"," ","Rua Domênico Sônego","Rua Domênico Sônego",SC,"Pregão presencial",2015-02-26T08:00:00Z,"itensVencedores_eada03cd-707c-40d9-9e05-913ff0d955b1.csv",INTERNET,,," ","participantes_4e8849c8-f60d-4b99-8d59-5074d0340ae5.csv",SIM," ",2015-02-26T14:00:00Z,," "," "
"PREFEITURA MUNICIPAL DE CRICIUMA",1,2015,1,2015,2015-01-12,"A presente licitação tem por objetivo a prestação de serviços de mão-de-obra para conserto de equipamentos de informática, contemplando as áreas da Prefeitura Municipal, Secretaria de Educação, Secretaria de Saúde, FME, FCC, FMAS e FAMCRI, durante o exercício de 2015",Convite,"Compras e Serviços","MENOR PRECO GLOBAL",2015-02-02,HOMOLOGADO," "," "," ","contratos_7d2974a8-3602-4e96-b6be-7ebb510e2f6d.csv",2015-01-20T17:00:00Z," ",2015-01-12,2015-01-20," ","despesas_5bd47577-bd87-4bfd-9393-560d943970fd.csv"," ","tributos@criciuma.sc.gov.br"," ","Rua Domênico Sônego","Rua Domênico Sônego",SC,Convite,2015-01-20T08:00:00Z,"itensVencedores_9a15833d-c0f1-4210-9961-3271d8ce5e8d.csv",MURAL_PUBLICO,,," ","participantes_f532332d-e43a-4b78-95a8-105f03ccd0ad.csv",NÃO," ",2015-01-20T16:45:00Z,"Lei 8666/1993, Art. 22, III"," "," "
"PREFEITURA MUNICIPAL DE CRICIUMA",9,2015,9,2015,2015-01-27,"A presente licitação tem por objetivo a contratação de empresa especializada, para prestação de serviços de manutenção preventiva e corretiva de redes de Comunicação de voz e de dados nas escolas da rede municipal de ensino de Criciúma/SC., compreendendo o fornecimento de materiais, mão-de-obra, equipamentos, máquinas e ferramentas normais e especiais necessárias.","Pregão presencial","Compras e Serviços","MENOR PRECO GLOBAL",2015-03-04,HOMOLOGADO," "," "," ","contratos_72df7be2-3461-49ed-ba5c-f9c973054eec.csv",2015-02-11T13:31:00Z," ",2015-01-27,2015-02-11," ","despesas_1be078ac-a758-4d62-84c4-64c146f5c253.csv"," ","tributos@criciuma.sc.gov.br"," ","Rua Domênico Sônego","Rua Domênico Sônego",SC,"Pregão presencial",2015-02-11T08:00:00Z,"itensVencedores_ccbab515-8c05-42cf-9af4-a5899fcc2fed.csv",INTERNET,,," ","participantes_6aa8032b-ef2b-4860-8236-8e20f1aded2c.csv",NÃO," ",2015-02-11T13:30:00Z,," "," "
"PREFEITURA MUNICIPAL DE CRICIUMA",11,2015,11,2015,2015-02-02,"Registro de preços de Concreto Asfáltico Usinado a Quente, através de empresas do ramo pertinente, para aquisições futuras, no atendimento a manutenção e  conservação de diversas ruas do Município de Criciúma /SC.","Pregão presencial","Compras e Serviços","MENOR PRECO GLOBAL",2015-02-25,HOMOLOGADO," ","atasRegistroPrecos_584d527e-795e-4a3c-8fca-9d42959d97c8.csv"," ","contratos_4a934d07-a13d-456e-b3b8-f72c30bd6d52.csv",2015-02-18T13:31:00Z," ",2015-01-29,2015-02-18," ","despesas_01f6b0cb-753c-43d2-81c1-c708d92f50e3.csv"," ","tributos@criciuma.sc.gov.br"," ","Rua Domênico Sônego","Rua Domênico Sônego",SC,"Pregão presencial",2015-02-18T08:00:00Z,"itensVencedores_bcfe93c3-4038-4da0-ac3b-958f260452c7.csv",MURAL_PUBLICO,,," ","participantes_533704ec-faf3-4b47-9a1c-4d7ec86bd66e.csv",SIM," ",2015-02-18T13:30:00Z,," "," "
"PREFEITURA MUNICIPAL DE CRICIUMA",13,2015,13,2015,2015-02-09,"Registro de preços de drenos de concreto, para aquisições futuras, em atendimento a manutenção do sistema de drenagem de ruas e demais logradouros públicos no município de Criciúma/SC.","Pregão presencial","Compras e Serviços","MENOR PRECO POR ITEM",2015-02-23,HOMOLOGADO," ","atasRegistroPrecos_72efa42f-ea18-4e5c-81a4-d5e16ea674dd.csv"," "," ",2015-02-20T09:01:00Z," ",2015-01-29,2015-02-20," ","despesas_be4b066b-2272-49b8-b4af-0cce1511623a.csv"," ","tributos@criciuma.sc.gov.br"," ","Rua Domênico Sônego","Rua Domênico Sônego",SC,"Pregão presencial",2015-02-20T08:00:00Z,"itensVencedores_e9d434b6-6509-467b-8a83-0f138a71c1e8.csv",INTERNET,,," ","participantes_fa5d35b3-4284-494e-bc3b-f8828b86149c.csv",SIM," ",2015-02-20T09:00:00Z,," "," "
"PREFEITURA MUNICIPAL DE CRICIUMA",19,2015,19,2015,2015-02-02,"A presente licitação tem por objeto a aquisição de licenças (350) da ferramenta de antivírus, para atender necessidades pertinentes às atividades da Diretoria Executiva de Tecnologia e Informação, a fim de proteger as rede de dados do Paço Municipal, com licenciamento anual, para o exercício de 2015.",Convite,"Compras e Serviços","MENOR PRECO GLOBAL",2015-02-20,HOMOLOGADO," "," "," ","contratos_ead606c5-d33d-49df-bc6f-1910dd922615.csv",2015-02-10T14:00:00Z," ",2015-02-02,2015-02-10," ","despesas_701cbae3-dbc3-47b7-9b8c-8ae002bc692f.csv"," ","tributos@criciuma.sc.gov.br"," ","Rua Domênico Sônego","Rua Domênico Sônego",SC,Convite,2015-02-10T08:00:00Z,"itensVencedores_d8a8ce61-d9f8-476d-9dff-16f3bc6e58bd.csv",MURAL_PUBLICO,,," ","participantes_8a3c08e7-1f69-4d46-8f37-7dff7831002e.csv",NÃO," ",2015-02-10T13:45:00Z,"Lei 8666/1993, Art. 22, III"," "," "
"PREFEITURA MUNICIPAL DE CRICIUMA",28,2015,28,2015,2015-02-03,"A presente licitação tem por objetivo a execução, por demanda, de serviços gráficos, para impressão a laser duplex, auto envelopado, de Slip da folha de pagamento dos funcionários públicos municipais de Criciúma-SC",Convite,"Compras e Serviços","MENOR PRECO GLOBAL",2015-03-27,HOMOLOGADO," "," "," ","contratos_7485c822-df1a-4904-b077-49453276edcc.csv",2015-02-20T15:00:00Z," ",2015-02-03,2015-02-20," ","despesas_9c00d9f6-16cb-46ba-848e-b6f0c4b3ffa7.csv"," ","tributos@criciuma.sc.gov.br"," ","Rua Domênico Sônego","Rua Domênico Sônego",SC,Convite,2015-02-20T08:00:00Z,"itensVencedores_8feab3e6-3424-407f-b8dd-4383ad51ac9c.csv",MURAL_PUBLICO,,," ","participantes_6e253f6d-650a-49e6-bf9b-8372342bc212.csv",NÃO," ",2015-02-20T14:45:00Z,"Lei 8666/1993, Art. 22, III"," "," "
"PREFEITURA MUNICIPAL DE CRICIUMA",29,2015,29,2015,2015-02-03,"Constitui objeto da presente Licitação a contratação de empresa especializada na prestação de serviços de manutenção preventiva, preditiva  e corretiva,  em 2 (dois) elevadores e 1 (uma) plataforma elevatória pertencentes ao patrimônio do município de Criciúma",Convite,"Compras e Serviços","MENOR PRECO GLOBAL",2015-03-04,HOMOLOGADO," "," "," ","contratos_f74fc89c-926a-4cb9-b4d1-a6f6cce2f7ea.csv",2015-02-20T16:00:00Z," ",2015-02-03,2015-02-20," ","despesas_369128a9-f169-4144-82f4-1763b11b667a.csv"," ","tributos@criciuma.sc.gov.br"," ","Rua Domênico Sônego","Rua Domênico Sônego",SC,Convite,2015-02-20T08:00:00Z,"itensVencedores_6b4cc6c5-fe1b-4d45-ae36-99a17b4672fb.csv",MURAL_PUBLICO,,," ","participantes_3cb223c6-32e1-4521-b48d-c7d74627a527.csv",NÃO," ",2015-02-20T15:45:00Z,"Lei 8666/1993, Art. 22, III"," "," "
"PREFEITURA MUNICIPAL DE CRICIUMA",32,2015,32,2015,2015-02-09,"O presente Edital tem por objetivo a aquisição, de  forma parcelada, materiais de funilaria e pintura para uso na manutenção de veiculos e equipamentos rodoviários do município de Criciúma/SC",Convite,"Compras e Serviços","MENOR PRECO GLOBAL",2015-03-17,HOMOLOGADO," "," "," ","contratos_50e35cbf-0a8a-42fb-8aef-d766aad69978.csv",2015-02-26T15:00:00Z," ",2015-02-09,2015-02-26," ","despesas_f360ccce-9313-4c9c-8e8b-0a71e81660ed.csv"," ","tributos@criciuma.sc.gov.br"," ","Rua Domênico Sônego","Rua Domênico Sônego",SC,Convite,2015-02-26T08:00:00Z,"itensVencedores_b5b783c6-f157-48d4-b5a3-93502ff5dbe9.csv",MURAL_PUBLICO,,," ","participantes_9d79fd99-576d-4c34-8b04-31af38b40bf2.csv",NÃO," ",2015-02-26T14:45:00Z,"Lei 8666/1993, Art. 22, III"," "," "
"PREFEITURA MUNICIPAL DE CRICIUMA",33,2015,33,2015,2015-02-09,"O presente Edital tem por objetivo a aquisição de forma parcelada, de gêneros alimentícios, utensílios domésticos e produtos de limpeza para as necessidades da Administração Municipal",Convite,"Compras e Serviços","MENOR PRECO GLOBAL",2015-03-10,HOMOLOGADO," "," "," ","contratos_73ad8a04-f8dc-4e10-bf3a-c8ad77b7c0ac.csv",2015-02-26T16:00:00Z," ",2015-02-09,2015-02-26," ","despesas_1716f37c-8f5e-4c69-bfa8-ecd3a02431e3.csv"," ","tributos@criciuma.sc.gov.br"," ","Rua Domênico Sônego","Rua Domênico Sônego",SC,Convite,2015-02-26T08:00:00Z,"itensVencedores_a86fbcd4-5440-418b-b202-be0a0515fc74.csv",MURAL_PUBLICO,,," ","participantes_2a571d68-10d6-4d08-80eb-394476ee367b.csv",NÃO," ",2015-02-26T15:45:00Z,"Lei 8666/1993, Art. 22, III"," "," "
"PREFEITURA MUNICIPAL DE CRICIUMA",34,2015,34,2015,2015-02-09,"A presente licitação tem por objetivo a contratação, através de empresas do ramo pertinente, para execução  por demanda, de confecção e aplicação de adesivo vinil (plotagem) em impressão digital para personalização da frota oficial do município de Criciúma",Convite,"Compras e Serviços","MENOR PRECO GLOBAL",2015-03-12,HOMOLOGADO," "," "," ","contratos_3a1cd59d-89c5-44ea-8189-cba07bf62d70.csv",2015-02-27T14:00:00Z," ",2015-02-09,2015-02-27," ","despesas_5878cfa2-f9fe-4059-b5b6-6f43ba7ae9fa.csv"," ","tributos@criciuma.sc.gov.br"," ","Rua Domênico Sônego","Rua Domênico Sônego",SC,Convite,2015-02-27T08:00:00Z,"itensVencedores_28669d5a-4c77-45f1-bd3c-4209491dab1a.csv",MURAL_PUBLICO,,," ","participantes_55a4d720-1d8f-4333-9913-2ba44fd7b4e2.csv",NÃO," ",2015-02-27T13:45:00Z,"Lei 8666/1993, Art. 22, III"," "," "
"PREFEITURA MUNICIPAL DE CRICIUMA",36,2015,36,2015,2015-02-09,"A presente Licitação tem por objeto a contratação empresa para prestar serviços de monitoramento de matérias de interesse direto e indireto do município de Criciúma (clipagem) junto às emissoras de radio e televisão, assim como TV a Cabo, que atuam na região.",Convite,"Compras e Serviços","MENOR PRECO GLOBAL",2015-03-16,HOMOLOGADO," "," "," ","contratos_2f88454d-9b83-4e53-b146-3d1cdc393788.csv",2015-03-02T14:00:00Z," ",2015-02-09,2015-03-02," ","despesas_796bf0e0-03fb-4a26-91ac-745cbc675689.csv"," ","tributos@criciuma.sc.gov.br"," ","Rua Domênico Sônego","Rua Domênico Sônego",SC,Convite,2015-03-02T08:00:00Z,"itensVencedores_66f99cba-f019-46c6-a6de-1ed49acda455.csv",MURAL_PUBLICO,,," ","participantes_fae0404e-bf88-4e46-94ec-899752d8569b.csv",NÃO," ",2015-03-02T13:45:00Z,"Lei 8666/1993, Art. 22, III"," "," "
"PREFEITURA MUNICIPAL DE CRICIUMA",39,2015,39,2015,2015-02-13,"Contratação de empresa para execução, sem fornecimento de materiais, de serviços de recomposição da pavimentação (blocos de concreto e/ou paralelepípedos e ladrilhos hidráulicos ou cerâmicos) removida das valas abertas em vias públicas (pista de rolamento e calçadas),  em decorrência de  obras de implantação e/ou manutenção de redes de abastecimento de água e/ou coleta de esgoto sanitários realizadas pela CASAN no município de Criciúma. - (Convênio CASAN - CONTRATO DE PROGRAMA Nº.  277/PMC/2012)","Tomada de Preço","Obras e Serviços de Engenharia","MENOR PRECO GLOBAL",2015-03-23,HOMOLOGADO," "," "," ","contratos_372406e9-369c-459d-b983-636708b4adba.csv",2015-03-03T16:00:00Z," ",2015-02-11,2015-03-03," ","despesas_6ddaabe9-30ed-4a68-bb85-b63a5ed4da68.csv"," ","tributos@criciuma.sc.gov.br"," ","Rua Domênico Sônego","Rua Domênico Sônego",SC,"Tomada de Preço",2015-03-03T08:00:00Z,"itensVencedores_68e18b0b-f9ba-4b22-84c6-13857e52f492.csv","JORNAL_DIVULGACAO_REGIONAL",,," ","participantes_0406afd4-5c9b-49ac-9079-246cc50472b4.csv",NÃO," ",2015-03-03T15:45:00Z,"Lei 8666/1993, Art. 22, II"," "," "
"PREFEITURA MUNICIPAL DE CRICIUMA",44,2015,44,2015,2015-02-13,"A presente licitação tem por objetivo a contratação de serviços gráficos para o governo do município de Criciúma/SC, durante o exercício de 2015",Convite,"Compras e Serviços","MENOR PRECO GLOBAL",2015-03-26,HOMOLOGADO," "," "," ","contratos_6a80b43a-9678-4142-bf85-aff150c311c4.csv",2015-03-04T16:00:00Z," ",2015-02-13,2015-03-04," ","despesas_5013c30f-ac91-4cab-a344-abfb97402d08.csv"," ","tributos@criciuma.sc.gov.br"," ","Rua Domênico Sônego","Rua Domênico Sônego",SC,Convite,2015-03-04T08:00:00Z,"itensVencedores_ed8886c1-4b05-4cd4-a5f7-2640f188cb62.csv",MURAL_PUBLICO,,," ","participantes_e65774b9-0199-43f0-bd55-38168e5d93f3.csv",NÃO," ",2015-03-04T15:45:00Z,"Lei 8666/1993, Art. 22, III"," "," "
"PREFEITURA MUNICIPAL DE CRICIUMA",48,2015,48,2015,2015-02-13,"O presente edital tem por objetivo a contratação de empresa para a execução de forma parcelada, de serviços de recuperação completa de estofados dos veículos pertencentes a frota oficial do município de Criciúma/SC",Convite,"Compras e Serviços","MENOR PRECO GLOBAL",2015-04-02,HOMOLOGADO," "," "," ","contratos_bde402a8-9968-46eb-9104-dea0c8554acc.csv",2015-03-12T16:00:00Z," ",2015-02-13,2015-03-12," ","despesas_49fc66d9-12a1-4d17-af1a-3b115fe24e29.csv"," ","tributos@criciuma.sc.gov.br"," ","Rua Domênico Sônego","Rua Domênico Sônego",SC,Convite,2015-03-12T08:00:00Z,"itensVencedores_e12ea852-c20a-47f3-8768-1f35b92ab537.csv",MURAL_PUBLICO,,," ","participantes_ec7f8db7-c69d-4909-8071-2f1dbc01f43e.csv",NÃO," ",2015-03-12T15:45:00Z,"Lei 8666/1993, Art. 22, III"," "," "
"PREFEITURA MUNICIPAL DE CRICIUMA",55,2015,55,2015,2015-03-06,"Contratação de empresa para execução de serviços de recuperação da cabeceira da ponte no Rio das Antas, localizada na rua Engenheiro Loja - bairro Próspera no município de Criciúma-SC.",Convite,"Obras e Serviços de Engenharia","MENOR PRECO GLOBAL",2015-03-25,HOMOLOGADO," "," "," ","contratos_1f38ff70-0826-4f98-8434-e27b42d07f2f.csv",2015-03-13T11:01:00Z," ",2015-03-06,2015-03-13," ","despesas_b343cfb0-05c4-4826-a2a4-e7dcde4188bf.csv"," ","tributos@criciuma.sc.gov.br"," ","Rua Domênico Sônego","Rua Domênico Sônego",SC,Convite,2015-03-13T11:00:00Z,"itensVencedores_26b34463-876a-488f-8c0d-4f8c3fdb1b0f.csv",MURAL_PUBLICO,,," ","participantes_3cbb7642-bcef-4b67-b453-8702b5252daf.csv",NÃO," ",2015-03-13T11:00:00Z,"Lei 8666/1993, Art. 22, III"," "," "
"PREFEITURA MUNICIPAL DE CRICIUMA",60,2015,60,2015,2015-03-17,"Contratação de empresa para confecção por demanda, de caixas coletoras de águas pluviais (tipo boca de lobo) e caixas de ligação/passagem (tipo cega) dentro do território do município de Criciúma.",Convite,"Obras e Serviços de Engenharia","MENOR PRECO GLOBAL",2015-04-01,HOMOLOGADO," "," "," ","contratos_465101cd-94b9-40d7-b2b8-1af33254d778.csv",2015-03-24T14:00:00Z," ",2015-03-16,2015-03-24," ","despesas_983c882a-a69a-418d-b3d4-abad749d5c25.csv"," ","tributos@criciuma.sc.gov.br"," ","Rua Domênico Sônego","Rua Domênico Sônego",SC,Convite,2015-03-24T08:00:00Z,"itensVencedores_2a007c44-9b2a-4b80-aed7-33130f6b3fd5.csv",MURAL_PUBLICO,,," ","participantes_f53d0ae1-d2bf-4448-a456-ec1a1b72c12f.csv",NÃO," ",2015-03-24T13:45:00Z,"Lei 8666/1993, Art. 22, III"," "," "
"PREFEITURA MUNICIPAL DE CRICIUMA",62,2015,62,2015,2015-03-17,"A  presente Licitação  tem por objeto, a contratação de empresa,  para execução por demanda, de 390 (trezentos e noventa) horas de serviços de limpeza e desentupimento de fossas, rede coletora de esgoto, filtros anaeróbicos, sumidouros e caixas de gordura, através de equipamento(s)/caminhão(ões) apropriados, em escolas, demais edificações de uso do poder público e ruas do município de Criciúma",Convite,"Compras e Serviços","MENOR PRECO GLOBAL",2015-04-01,HOMOLOGADO," "," "," ","contratos_7d15a49b-4eac-4b54-b1df-eb8ea3adc21f.csv",2015-03-25T14:00:00Z," ",2015-03-16,2015-03-25," ","despesas_b4c8eb4c-01e7-4ea8-8ee3-611a3017dcf4.csv"," ","tributos@criciuma.sc.gov.br"," ","Rua Domênico Sônego","Rua Domênico Sônego",SC,Convite,2015-03-25T08:00:00Z,"itensVencedores_710d8204-989e-4357-ad29-3c7625189d33.csv",MURAL_PUBLICO,,," ","participantes_e2ea0948-25c4-42ef-bd40-4e1b5f661e15.csv",NÃO," ",2015-03-25T13:45:00Z,"Lei 8666/1993, Art. 22, III"," "," "
"PREFEITURA MUNICIPAL DE CRICIUMA",68,2015,68,2015,2015-03-20,"Aquisição de 02 (duas) motocicletas, novas, zero km, através de empresas do ramo pertinente, para atendimento ao pelotão de Motos (ROCAM) do 9º Batalhão da Policia de Criciúma/SC. CONVÊNIO PMC/CONV. TRÂNSITO/PMSC.","Pregão presencial","Compras e Serviços","MENOR PRECO GLOBAL",2015-04-07,HOMOLOGADO," "," "," ","contratos_ec523da3-eae8-4e89-b171-25a2741acefd.csv",2015-04-06T09:01:00Z," ",2015-03-18,2015-04-06," ","despesas_6430c3db-fef8-4c6d-942a-1e65929fd581.csv"," ","tributos@criciuma.sc.gov.br"," ","Rua Domênico Sônego","Rua Domênico Sônego",SC,"Pregão presencial",2015-04-06T08:00:00Z,"itensVencedores_2098354e-f860-478a-8b04-112edfd77de9.csv",INTERNET,,," ","participantes_344b8b5d-1acc-42f1-8a48-b415d82a59b6.csv",NÃO," ",2015-04-06T09:00:00Z,," "," "
"PREFEITURA MUNICIPAL DE CRICIUMA",69,2015,69,2015,2015-03-18,"Contratação de serviços de telefonia móvel pessoal, para atendimento ao 9º batalhão de policia militar de Criciúma/SC.","Pregão presencial","Compras e Serviços","MENOR PRECO GLOBAL"," ",REVOGADO," "," "," "," ",2015-04-06T11:01:00Z," ",2015-03-18,2015-04-06,2015-04-06,"despesas_dd382703-4a54-4b2a-a6fb-bb87d9ae50ca.csv"," ","tributos@criciuma.sc.gov.br"," ","Rua Domênico Sônego","Rua Domênico Sônego",SC,"Pregão presencial",2015-04-06T08:00:00Z," ",MURAL_PUBLICO,"Licitação deserta","Licitação deserta"," "," ",NÃO," ",2015-04-06T11:00:00Z,," "," "
"PREFEITURA MUNICIPAL DE CRICIUMA",72,2015,72,2015,2015-03-25,"AQUISIÇÃO DE 03 (TRÊS) VEÍCULOS NOVOS 4X4, ZERO KM, PARA ATENDIMENTO AO 4º BATALHÃO DE BOMBEIRO MILITAR DE CRICIÚMA/SC. CONVÊNIO 001/BM.","Pregão presencial","Compras e Serviços","MENOR PRECO GLOBAL",2015-04-14,HOMOLOGADO," "," "," ","contratos_d697a17c-5950-46e9-a802-19eff8e16001.csv",2015-04-09T09:01:00Z," ",2015-03-19,2015-04-09," ","despesas_659de86f-a9cb-4e01-a7a2-52450ecf920a.csv"," ","tributos@criciuma.sc.gov.br"," ","Rua Domênico Sônego","Rua Domênico Sônego",SC,"Pregão presencial",2015-04-09T08:00:00Z,"itensVencedores_111e0840-6011-409b-894a-7d6f4286c66a.csv",INTERNET,,," ","participantes_b94e357b-2572-44a4-8481-cec78eae12ff.csv",NÃO," ",2015-04-09T09:00:00Z,," "," "
"PREFEITURA MUNICIPAL DE CRICIUMA",58,2015,58,2015,2015-03-13,"Constitui objeto do presente contrato a locação de imóvel localizado à Rua Henrique Lage, Nº 267, Bairro Centro, Criciúma/SC, destinado a instalação do PROCON de Criciúma/SC.","Dispensa de licitação","Compras e Serviços","MENOR PRECO",2015-03-11,HOMOLOGADO," "," "," ","contratos_82b671e9-9eca-4218-a2e0-bb10f55ec7cf.csv",2015-03-11T08:01:00Z," ",2015-03-11,2015-03-11," ","despesas_f9a570fc-dd99-43a2-b99b-c135d114ec63.csv"," ","tributos@criciuma.sc.gov.br"," ","Rua Domênico Sônego","Rua Domênico Sônego",SC,"Dispensa de licitação",2015-03-11T08:00:00Z,"itensVencedores_45b52ea2-b641-4578-9899-91b6b95c9dd2.csv",INTERNET,,," ","participantes_fb019143-2b25-45fd-b608-4fcfefe40c69.csv",NÃO," ",2015-03-11T08:00:00Z,," "," "
"PREFEITURA MUNICIPAL DE CRICIUMA",74,2015,74,2015,2015-03-23,"Contratação de empresa para execução por demanda, de dispositivos de drenagem urbana e manejo de águas pluviais em diversas ruas e locais no município de Criciúma-SC.",Convite,"Obras e Serviços de Engenharia","MENOR PRECO GLOBAL",2015-04-02,HOMOLOGADO," "," "," ","contratos_ee9125ab-876b-47ef-979d-7f3318b32155.csv",2015-03-31T16:00:00Z," ",2015-03-20,2015-03-31," ","despesas_a7cb7069-aef0-474f-a1c7-b07a49ffd92c.csv"," ","tributos@criciuma.sc.gov.br"," ","Rua Domênico Sônego","Rua Domênico Sônego",SC,Convite,2015-03-31T08:00:00Z,"itensVencedores_cb92b5fd-f271-4688-ae23-697be6358e63.csv",MURAL_PUBLICO,,," ","participantes_1e279376-7cd8-43e1-a2a7-368b8be3045c.csv",NÃO," ",2015-03-31T15:45:00Z,"Lei 8666/1993, Art. 22, III"," "," "
"PREFEITURA MUNICIPAL DE CRICIUMA",78,2015,78,2015,2015-03-24,"Contratação de empresa de engenharia para construção das obras de contenção do escorregamento da rua Otto Maier e demais serviços pertinentes, localizada no bairro Mina Brasil - município de Criciúma/SC. (Convênio Nº. 061/SDC/2013 - ESTADO DE SANTA CATARINA).","Tomada de Preço","Obras e Serviços de Engenharia","MENOR PRECO GLOBAL",2015-05-06,HOMOLOGADO," "," "," ","contratos_5029d0c0-dc54-4f27-a172-a03845eff34b.csv",2015-04-15T14:00:00Z," ",2015-03-24,2015-04-15," ","despesas_f3560fe1-cd0d-41f3-99bd-596b7fa61dd7.csv"," ","tributos@criciuma.sc.gov.br"," ","Rua Domênico Sônego","Rua Domênico Sônego",SC,"Tomada de Preço",2015-04-15T08:00:00Z,"itensVencedores_07803db0-6f25-48eb-b345-7485fdd8508c.csv",MURAL_PUBLICO,,," ","participantes_372421f0-dbd7-4ae0-9a82-5fdd1f1a5c46.csv",NÃO," ",2015-04-15T13:45:00Z,"Lei 8666/1993, Art. 22, II"," "," "
"PREFEITURA MUNICIPAL DE CRICIUMA",79,2015,79,2015,2015-03-24,"A presente licitação tem por objetivo a contratação de empresa do ramo pertinente, para a execução de serviços mecânicos para efetuar a manutenção e conserto da DRAG LINE Nº 435 (material rodante, embuchamento e giro) pertencente a frota oficial do município de Criciúma/SC",Convite,"Compras e Serviços","MENOR PRECO GLOBAL",2015-03-31,HOMOLOGADO," "," "," "," ",2015-03-31T10:00:00Z," ",2015-03-24,2015-03-31," ","despesas_b82285bf-cff2-44cd-a05a-fcc5095f905b.csv"," ","tributos@criciuma.sc.gov.br"," ","Rua Domênico Sônego","Rua Domênico Sônego",SC,Convite,2015-03-31T08:00:00Z,"itensVencedores_a0d25517-c413-44d4-a883-58a82e93703f.csv",MURAL_PUBLICO,,," ","participantes_4ba84146-61fd-4710-909d-d4f7e9ef2322.csv",NÃO," ",2015-03-31T09:45:00Z,"Lei 8666/1993, Art. 22, III"," "," "
"PREFEITURA MUNICIPAL DE CRICIUMA",80,2015,80,2015,2015-03-27,"AQUISIÇÃO DE 2 (DOIS) VEÍCULOS NOVOS, ZERO KM, UTILITÁRIO POPULAR, PARA ATENDIMENTO A SECRETARIA DE PLANEJAMENTO E DESENVOLVIMENTO ECONÔMICO DO MUNICÍPIO DE CRICIÚMA/SC.","Pregão presencial","Compras e Serviços","MENOR PRECO GLOBAL",2015-04-13,HOMOLOGADO," "," "," ","contratos_29f38ee4-c64b-43d1-8e11-70a6ee725a9c.csv",2015-04-09T11:01:00Z," ",2015-03-26,2015-04-09," ","despesas_9ab5fe9e-6d21-4783-b96d-955f1c7d0475.csv"," ","tributos@criciuma.sc.gov.br"," ","Rua Domênico Sônego","Rua Domênico Sônego",SC,"Pregão presencial",2015-04-09T08:00:00Z,"itensVencedores_b50429cb-eda9-4baf-9d4b-2e97ec5d1d7c.csv",INTERNET,,," ","participantes_7460d86b-e579-4e37-b37d-b0e6a5c60bd5.csv",NÃO," ",2015-04-09T11:00:00Z,," "," "
"PREFEITURA MUNICIPAL DE CRICIUMA",81,2015,81,2015,2015-04-14,"Contratação de empresa especializada para instalação de câmeras (ré e frontal) nos ônibus pertecentes a Secretaria de Educação devido as exigências para obtenção do cerfificado do DETER. (Com fornecimentos de equipamentos, materiais e mão de obra).",Convite,"Compras e Serviços","MENOR PRECO GLOBAL",2015-06-30,HOMOLOGADO," "," "," ","contratos_4281b94b-41e2-4df4-83a0-b2117a9b5568.csv",2015-05-28T14:00:00Z," ",2015-03-26,2015-05-28," ","despesas_790719a1-6758-449b-aa6a-8677a49bf72b.csv"," ","tributos@criciuma.sc.gov.br"," ","Rua Domênico Sônego","Rua Domênico Sônego",SC,Convite,2015-05-28T08:00:00Z,"itensVencedores_d626b54b-d7bb-4e18-a490-3c7279ff0275.csv",MURAL_PUBLICO,,," ","participantes_78f7e583-3198-42c2-a62f-145a381bc312.csv",NÃO," ",2015-05-28T13:45:00Z,"Lei 8666/1993, Art. 22, III"," "," "
"PREFEITURA MUNICIPAL DE CRICIUMA",2,2015,2,2015,2015-01-13,"Constitui objeto do presente Edital, a contratação de empresa especializada para prestar suporte técnico local em serviços de manutenção, instalação e configuração de softwares, atendimento básico nas redes sociais, bem como dar suporte aos ambientes operacionais Linux e Windows e aos seus respectivos aplicativos, nas escolas da rede municipal de ensino.",Convite,"Compras e Serviços","MENOR PRECO GLOBAL",2015-02-02,HOMOLOGADO," "," "," ","contratos_0c1426bb-c6cc-462f-a163-0a9a362b4d65.csv",2015-01-22T16:00:00Z," ",2015-01-13,2015-01-22," ","despesas_9a0e4833-6bdc-405a-ba57-b164975dd1e0.csv"," ","tributos@criciuma.sc.gov.br"," ","Rua Domênico Sônego","Rua Domênico Sônego",SC,Convite,2015-01-22T08:00:00Z,"itensVencedores_62808a63-b4bd-4bb1-83b0-68355cbc2f04.csv",MURAL_PUBLICO,,," ","participantes_653389e4-eb3b-477f-8598-de16a76dc4d7.csv",NÃO," ",2015-01-22T15:45:00Z,"Lei 8666/1993, Art. 22, III"," "," "
"PREFEITURA MUNICIPAL DE CRICIUMA",3,2015,3,2015,2015-01-14,"Registro de preços de blocos de concreto e meio fio, para aquisições futuras, para uso na pavimentação, conservação e manutenção de ruas do município de Criciúma/SC.","Pregão presencial","Compras e Serviços","MENOR PRECO POR ITEM",2015-01-29,HOMOLOGADO," ","atasRegistroPrecos_09aed59a-e3da-4246-9c7c-a6e3d19a604c.csv"," "," ",2015-01-26T15:31:00Z," ",2015-01-13,2015-01-26," ","despesas_c255455f-69d6-406b-90e2-68d9eded4ec8.csv"," ","tributos@criciuma.sc.gov.br"," ","Rua Domênico Sônego","Rua Domênico Sônego",SC,"Pregão presencial",2015-01-26T08:00:00Z,"itensVencedores_f2e3c474-3637-4458-b954-a5b99a63a795.csv",INTERNET,,," ","participantes_c0fe6a1f-075e-4632-a5f6-85c3eadb8039.csv",SIM," ",2015-01-26T15:30:00Z,," "," "
"PREFEITURA MUNICIPAL DE CRICIUMA",6,2015,6,2015,2015-01-15,"REGISTRO DE PREÇOS DE GENEROS ALIMENTÍCIOS, PARA AQUISIÇÕES FUTURAS, PARA CONFECÇÃO DA MERENDA ESCOLAR, EM ATENDIMENTO AOS ALUNOS DAS ESCOLAS DA REDE MUNICIPAL DE ENSINO DE CRICIÚMA SC.","Pregão presencial","Compras e Serviços","MENOR PRECO POR ITEM",2015-02-12,HOMOLOGADO," ","atasRegistroPrecos_fde80ede-0f97-4c5e-afd5-89a7c4d86d56.csv"," "," ",2015-02-04T13:31:00Z," ",2015-01-01,2015-02-04," ","despesas_83437f56-35ae-4de1-bba6-c34dcb02f702.csv"," ","tributos@criciuma.sc.gov.br"," ","Rua Domênico Sônego","Rua Domênico Sônego",SC,"Pregão presencial",2015-02-04T08:00:00Z,"itensVencedores_133909f6-552b-49a7-9cd9-06056bfa61c4.csv",INTERNET,,," ","participantes_8eb59122-d567-481e-9e69-ba798d174ba4.csv",SIM," ",2015-02-04T13:30:00Z,," "," "
"PREFEITURA MUNICIPAL DE CRICIUMA",82,2015,82,2015,2015-03-26,"O presente Edital tem por objetivo a contratação de empresa especializada para fornecimento, de forma parcelada, de alimentos (doces, salgados, para coffee break) para consumo durante eventos realizados pela Secretaria Municipal de Educação de Criciúma/SC",Convite,"Compras e Serviços","MENOR PRECO GLOBAL",2015-05-22,HOMOLOGADO," "," "," ","contratos_74f6ff57-ad02-4fd4-abb0-07e7d35c54cc.csv",2015-04-23T16:00:00Z," ",2015-03-26,2015-04-23," ","despesas_f768ac93-481e-406b-beee-44fa0ab86dff.csv"," ","tributos@criciuma.sc.gov.br"," ","Rua Domênico Sônego","Rua Domênico Sônego",SC,Convite,2015-04-23T08:00:00Z,"itensVencedores_e9dd6736-b59f-47f7-bef7-0a3fe9ae6d1e.csv",MURAL_PUBLICO,,," ","participantes_987fc44e-dc74-4634-b6f9-f86fe70aeacd.csv",NÃO," ",2015-04-23T15:45:00Z,"Lei 8666/1993, Art. 22, III"," "," "
"PREFEITURA MUNICIPAL DE CRICIUMA",83,2015,83,2015,2015-03-26,"A aquisição de cal e pó xadrez para aplicação das pinturas de vias públicas no Município de Criciúma/SC.",Convite,"Compras e Serviços","MENOR PRECO GLOBAL",2015-06-30,HOMOLOGADO," "," "," ","contratos_82d3ff25-46cb-4c91-8d68-97c27ea96118.csv",2015-04-30T16:30:00Z," ",2015-03-26,2015-04-30," ","despesas_508ea27b-fb96-4ae7-8562-e8c510c83444.csv"," ","tributos@criciuma.sc.gov.br"," ","Rua Domênico Sônego","Rua Domênico Sônego",SC,Convite,2015-04-30T08:00:00Z,"itensVencedores_fbf42ec5-92dd-45de-9d24-8d6195237ef7.csv",MURAL_PUBLICO,,," ","participantes_91ea0954-4795-493e-9aaa-856c01af7bae.csv",NÃO," ",2015-04-30T16:15:00Z,"Lei 8666/1993, Art. 22, III"," "," "
"PREFEITURA MUNICIPAL DE CRICIUMA",85,2015,85,2015,2015-04-13,"Contratação de empresa para execução, por demanda, de bases e pisos em concreto para instalação de equipamentos de ginásticas e bancos em blocos de concreto, para implantação de futuras praças de academias ao ar livre no município de Criciúma-SC.",Convite,"Obras e Serviços de Engenharia","MENOR PRECO GLOBAL",2015-05-07,HOMOLOGADO," "," "," ","contratos_790ef768-d990-4ef9-8748-5179add5d8b8.csv",2015-04-23T10:00:00Z," ",2015-03-30,2015-04-23," ","despesas_917dd87b-2a74-406a-b883-cb070a280e2c.csv"," ","tributos@criciuma.sc.gov.br"," ","Rua Domênico Sônego","Rua Domênico Sônego",SC,Convite,2015-04-23T08:00:00Z,"itensVencedores_254b182d-c8af-4dbc-b76c-d577a1f59293.csv",MURAL_PUBLICO,,," ","participantes_5093785e-bdc9-48f6-b0d9-84013c091f21.csv",NÃO," ",2015-04-23T09:45:00Z,"Lei 8666/1993, Art. 22, III"," "," "
"PREFEITURA MUNICIPAL DE CRICIUMA",87,2015,87,2015,2015-04-06,"Contratação de empresa para execução da 2ª etapa (137,93m²) das obras de construção do Centro Comunitário do Loteamento Meller - município de Criciúma.",Convite,"Obras e Serviços de Engenharia","MENOR PRECO GLOBAL",2015-04-24,HOMOLOGADO," "," "," ","contratos_e2758148-1fd5-4874-803b-ba0bbe033f8b.csv",2015-04-16T10:00:00Z," ",2015-03-31,2015-04-16," ","despesas_807e538e-ecf6-49cd-80e3-7b574a726c34.csv"," ","tributos@criciuma.sc.gov.br"," ","Rua Domênico Sônego","Rua Domênico Sônego",SC,Convite,2015-04-16T08:00:00Z,"itensVencedores_fee06f6e-6e21-4f4c-bd49-101a58e4f068.csv",MURAL_PUBLICO,,," ","participantes_ee1e1c09-07a2-45a7-b70e-e9ddd1a4539e.csv",NÃO," ",2015-04-16T09:45:00Z,"Lei 8666/1993, Art. 22, III"," "," "
"PREFEITURA MUNICIPAL DE CRICIUMA",88,2015,88,2015,2015-07-01,"Contratação de empresa para construção de muro de arrimo na E.M.E.l.E.F. CARLOS GORINI, localizada na rua Adelino Marcelino - bairro São Marcos no município de Criciúma-SC.",Convite,"Obras e Serviços de Engenharia","MENOR PRECO",2015-07-13,HOMOLOGADO," "," "," ","contratos_af9bfcf7-89d6-4e8e-96a5-9e60f451004e.csv",2015-07-08T14:00:00Z," ",2015-03-31,2015-07-08," ","despesas_64fad7e6-33a1-411c-bd62-58d219c6bb30.csv"," ","tributos@criciuma.sc.gov.br"," ","Rua Domênico Sônego","Rua Domênico Sônego",SC,Convite,2015-07-08T08:00:00Z,"itensVencedores_4de1dc33-8ac9-4e06-adcc-9026a3523d54.csv",MURAL_PUBLICO,,," ","participantes_8da836c0-b417-4549-8a6f-1520d009b724.csv",NÃO," ",2015-07-08T13:45:00Z,"Lei 8666/1993, Art. 22, III"," "," "
"PREFEITURA MUNICIPAL DE CRICIUMA",92,2015,92,2015,2015-04-07,"O presente Edital tem por objetivo a contratação de serviço especializado em folha de pagamento da Prefeitura Municipal de Criciúma, incluindo ajustes de Reforma Administrativa, Ajustes Formulas  Sistema, Ajustes Fiscais, Dirf, Rais, Sefip e Auditoria interna durante o exercício de 2015",Convite,"Compras e Serviços","MENOR PREÇO POR HORA TRABALHADA",2015-04-28,HOMOLOGADO," "," "," ","contratos_f4147401-0d72-4b19-8629-36a4ea2803bf.csv",2015-04-15T16:00:00Z," ",2015-04-07,2015-04-15," ","despesas_66362861-07b5-4a24-bb39-d38dd73c8ad5.csv"," ","tributos@criciuma.sc.gov.br"," ","Rua Domênico Sônego","Rua Domênico Sônego",SC,Convite,2015-04-15T08:00:00Z,"itensVencedores_cd444893-3bb5-4580-8abe-b83b31a7f46c.csv",MURAL_PUBLICO,,," ","participantes_5d36636d-1768-402f-9290-054c289ed4f7.csv",NÃO," ",2015-04-15T15:45:00Z,"Lei 8666/1993, Art. 22, III"," "," "
"PREFEITURA MUNICIPAL DE CRICIUMA",93,2015,93,2015,2015-04-14,"Contratação de empresa especializada para execução dos serviços de inspeção e apoio logístico na atividade de fiscalização de 10.050 (dez mil e cinqüenta) ligações de esgoto sanitário e de fontes alternativas de águas, para identificar lançamentos irregulares na área de abrangência das bacias do rio Criciúma e do rio das Antas, no município de Criciúma-SC. (Convênio CASAN Nº. 690/2014 - Programa Criciúma se Liga na Rede).","Tomada de Preço","Compras e Serviços","MENOR PRECO GLOBAL",2015-05-22,HOMOLOGADO," "," "," ","contratos_6bf79590-92e2-40cb-823a-2c8b42e39524.csv",2015-04-30T14:00:00Z," ",2015-04-13,2015-04-30," ","despesas_1ff312bb-c5a5-4c98-aa9d-9c1f1e883376.csv"," ","tributos@criciuma.sc.gov.br"," ","Rua Domênico Sônego","Rua Domênico Sônego",SC,"Tomada de Preço",2015-04-30T08:00:00Z,"itensVencedores_07f01134-c46f-4abe-9ad7-a858c30cb6ac.csv","JORNAL_DIVULGACAO_ESTADUAL",,," ","participantes_7e3eb861-0df2-4729-b9fe-507cd5ba4727.csv",NÃO," ",2015-04-30T13:45:00Z,"Lei 8666/1993, Art. 22, II"," "," "
"PREFEITURA MUNICIPAL DE CRICIUMA",99,2015,99,2015,2015-04-13,"Aquisição de equipamentos, para uso no Centro de Processamento da Merenda Escolar, pertencente à Rede Municipal de Ensino de Criciúma/SC.","Pregão presencial","Compras e Serviços","MENOR PRECO POR ITEM",2015-05-08,HOMOLOGADO," "," "," ","contratos_781a0d06-ec05-488f-b11a-5c094fa44704.csv",2015-05-07T14:01:00Z," ",2015-04-13,2015-05-07," ","despesas_27eac395-ece9-4c63-ae5a-04c70d97df99.csv"," ","tributos@criciuma.sc.gov.br"," ","Rua Domênico Sônego","Rua Domênico Sônego",SC,"Pregão presencial",2015-05-07T08:00:00Z,"itensVencedores_e803007a-9909-46fd-858b-9eee5b8d85d7.csv",INTERNET,,," ","participantes_b681492a-d85d-408e-9084-a8d36d8b3d20.csv",NÃO," ",2015-05-07T14:00:00Z,," "," "
"PREFEITURA MUNICIPAL DE CRICIUMA",100,2015,100,2015,2015-04-30,"Constitui objeto da  presente licitação a contratação de empresa especializada para prestação de serviços técnicos profissionais especializados na realização de pesquisas quantitativas e qualitativas de opnião no Municipio de Criciúma.",Convite,"Compras e Serviços","MENOR PRECO GLOBAL",2015-06-08,HOMOLOGADO," "," "," ","contratos_02ee75b4-04f4-49b6-89e1-4d385150a870.csv",2015-04-30T15:00:00Z," ",2015-04-30,2015-04-30," ","despesas_580ff503-7d9b-4acd-84ca-dd1f5b326f51.csv"," ","tributos@criciuma.sc.gov.br"," ","Rua Domênico Sônego","Rua Domênico Sônego",SC,Convite,2015-04-30T08:00:00Z,"itensVencedores_f420b4dd-d2ab-4fb6-b1a6-c618c8ee18c3.csv",MURAL_PUBLICO,,," ","participantes_d339f047-731c-4f11-be09-fe96cb614288.csv",NÃO," ",2015-04-30T14:45:00Z,"Lei 8666/1993, Art. 22, III"," "," "
"PREFEITURA MUNICIPAL DE CRICIUMA",257,2015,257,2015,2015-12-30,"A presente licitação tem por objetivo a contratação, através de empresas especializadas, para prestação de serviços de manutenção de aparelhos de ar condicionado no edifício sede da 6ª CIRETRAN de Criciúma-SC., compreendendo o fornecimento dos materiais, mão-de-obra, peças, equipamentos, máquinas e ferramentas normais e especiais necessárias. CONVÊNIO: PMC SSP TRÂNSITO.","Pregão presencial","Compras e Serviços","MENOR PRECO GLOBAL",2016-01-21,HOMOLOGADO," "," "," ","contratos_2b6c88cb-26cc-4ac5-bcf8-357a362e47f2.csv",2016-01-15T14:01:00Z," ",2015-12-28,2016-01-15," ","despesas_171b2a65-e7f3-42ef-9e3f-0197a56c5e71.csv"," ","tributos@criciuma.sc.gov.br"," ","Rua Domênico Sônego","Rua Domênico Sônego",SC,"Pregão presencial",2016-01-15T12:30:00Z,"itensVencedores_e3db7fbf-a313-495a-a6e5-b1d7d1887a63.csv",INTERNET,,," ","participantes_5996d38e-051e-491d-a98e-3f7b85d4b858.csv",NÃO," ",2016-01-15T14:00:00Z,," "," "
"PREFEITURA MUNICIPAL DE CRICIUMA",259,2015,259,2015,2015-12-30,"Aquisição de equipamentos, para uso no Centro de Processamento da Merenda Escolar, pertencente à Rede Municipal de Ensino de Criciúma/SC.","Pregão presencial","Compras e Serviços","MENOR PRECO POR ITEM",2016-01-19,HOMOLOGADO," "," "," ","contratos_d248818f-6582-4285-90d0-d3b45f770bc4.csv",2016-01-15T16:01:00Z," ",2015-12-28,2016-01-15," ","despesas_849321db-bed9-4bc6-bffd-b13772c6e7a5.csv"," ","tributos@criciuma.sc.gov.br"," ","Rua Domênico Sônego","Rua Domênico Sônego",SC,"Pregão presencial",2016-01-15T12:30:00Z,"itensVencedores_36cf4ed5-7f98-4554-9176-fb2b00f6cd9e.csv",INTERNET,,," ","participantes_0b4bcdb9-6b7c-49b8-8f20-720f312c94a1.csv",NÃO," ",2016-01-15T16:00:00Z,," "," "
"PREFEITURA MUNICIPAL DE CRICIUMA",288,2015,288,2015,2016-01-15,"REGISTRO DE PREÇOS DE GENEROS ALIMENTÍCIOS, PARA AQUISIÇÕES FUTURAS, PARA MERENDA ESCOLAR, EM ATENDIMENTO AOS ALUNOS DAS ESCOLAS DA REDE MUNICIPAL DE ENSINO DE CRICIÚMA SC.","Pregão presencial","Compras e Serviços","MENOR PRECO POR ITEM",2016-02-23,HOMOLOGADO," ","atasRegistroPrecos_8795f22c-c19f-44e7-8037-098e27501c04.csv"," "," ",2016-02-12T13:31:00Z," ",2015-12-28,2016-02-12," "," "," ","tributos@criciuma.sc.gov.br"," ","Rua Domênico Sônego","Rua Domênico Sônego",SC,"Pregão presencial",2016-02-12T12:30:00Z,"itensVencedores_c07b6ec7-de3f-45d0-8116-b082495e2251.csv",INTERNET,,," ","participantes_689981de-770c-4c7d-a329-0c71e161a2dd.csv",SIM," ",2016-02-12T13:30:00Z,," "," "
"PREFEITURA MUNICIPAL DE CRICIUMA",95,2015,95,2015,2015-04-20,"Registro de preços de blocos de concreto e meio fio, para aquisições futuras, para uso na pavimentação, conservação e manutenção da Rua Lourenço Zanette (Loteamento Meller) e Rua Constantina Dalmolin Zanette (Bairro Santo Antônio), do município de Criciúma/SC.","Pregão presencial","Compras e Serviços","MENOR PRECO POR ITEM",2015-05-07,HOMOLOGADO," ","atasRegistroPrecos_01a638a1-9f24-4a50-bdc0-7d432ad3f7d3.csv"," "," ",2015-05-05T15:31:00Z," ",2015-04-13,2015-05-05," ","despesas_3f1bbbb1-d37e-43a8-ac00-8f479299fbb1.csv"," ","tributos@criciuma.sc.gov.br"," ","Rua Domênico Sônego","Rua Domênico Sônego",SC,"Pregão presencial",2015-05-05T08:00:00Z,"itensVencedores_5d65f9c8-6ed3-4814-b619-983de8fb4bbd.csv",INTERNET,,," ","participantes_edfd9c34-46af-48df-8286-09d702381da6.csv",SIM," ",2015-05-05T15:30:00Z,," "," "
"PREFEITURA MUNICIPAL DE CRICIUMA",96,2015,96,2015,2015-04-20,"Aquisição de Equipamentos de Informática e TV, para atendimento ao CIRETRAN de Criciúma/SC.","Pregão presencial","Compras e Serviços","MENOR PRECO POR ITEM",2015-05-08,HOMOLOGADO," "," "," ","contratos_98c25d1f-46ff-4515-b69c-f5f8302de0de.csv",2015-05-06T09:01:00Z," ",2015-04-13,2015-05-06," ","despesas_4852bde7-e54c-42e0-80a3-2a8cd3c98c4e.csv"," ","tributos@criciuma.sc.gov.br"," ","Rua Domênico Sônego","Rua Domênico Sônego",SC,"Pregão presencial",2015-05-06T08:00:00Z,"itensVencedores_b5f04f79-0902-447d-b9f9-aa8f1b4f0f47.csv",INTERNET,,," ","participantes_679c2b94-4d23-4937-88a0-2f4b1f5209fc.csv",NÃO," ",2015-05-06T09:00:00Z,," "," "
"PREFEITURA MUNICIPAL DE CRICIUMA",97,2015,97,2015,2015-04-20,"REGISTRO DE PREÇOS DE CAMAS, PARA OS ALUNOS DA EDUCAÇÃO INFANTIL DAS ESCOLAS PERTENCENTES À REDE MUNICIPAL DE ENSINO DE CRICIÚMA/SC.","Pregão presencial","Compras e Serviços","MENOR PRECO POR ITEM",2015-05-19,HOMOLOGADO," ","atasRegistroPrecos_f902e168-315d-4684-bb64-e8aede5428c9.csv"," "," ",2015-05-07T09:01:00Z," ",2015-04-13,2015-05-07," ","despesas_32134426-9a52-45b4-8486-3b1694ee9dbc.csv"," ","tributos@criciuma.sc.gov.br"," ","Rua Domênico Sônego","Rua Domênico Sônego",SC,"Pregão presencial",2015-05-07T08:00:00Z,"itensVencedores_3ab4762d-d4dc-42f3-92da-3244bcc72923.csv",INTERNET,,," ","participantes_463d3af6-ab5c-4b78-b2eb-d316fd3f5529.csv",SIM," ",2015-05-07T09:00:00Z,," "," "
"PREFEITURA MUNICIPAL DE CRICIUMA",103,2015,103,2015,2015-04-17,"REGISTRO DE PREÇOS DE GENEROS ALIMENTÍCIOS, PARA AQUISIÇÕES FUTURAS, PARA MERENDA ESCOLAR, EM ATENDIMENTO AOS ALUNOS DAS ESCOLAS DA REDE MUNICIPAL DE ENSINO DE CRICIÚMA SC.","Pregão presencial","Compras e Serviços","MENOR PRECO POR ITEM",2015-05-07,HOMOLOGADO," ","atasRegistroPrecos_6fdfca2c-6803-47f5-b65f-190fb4202f00.csv"," "," ",2015-05-06T10:31:00Z," ",2015-04-15,2015-05-06," ","despesas_c3035b13-143a-47f0-a311-5899053b8541.csv"," ","tributos@criciuma.sc.gov.br"," ","Rua Domênico Sônego","Rua Domênico Sônego",SC,"Pregão presencial",2015-05-06T08:00:00Z,"itensVencedores_f0fc1e23-10c4-4edf-b246-79ae50810515.csv",INTERNET,,," ","participantes_f7ca5df0-c193-43a0-92d0-fde9f0fe72fa.csv",SIM," ",2015-05-06T10:30:00Z,," "," "
"PREFEITURA MUNICIPAL DE CRICIUMA",105,2015,105,2015,2015-04-16,"Contratação de empresa especializada para elaboração de levantamento topográfico planialtimétrico de uma área de 102.765,00m², para implantação do Parque dos Imigrantes,  no Distrito de Rio Maina -  Município de Criciúma-SC.",Convite,"Compras e Serviços","MENOR PRECO GLOBAL",2015-05-07,HOMOLOGADO," "," "," ","contratos_7ecec899-accd-4e28-b5c9-5a499134d633.csv",2015-04-24T10:00:00Z," ",2015-04-15,2015-04-24," ","despesas_0fccf985-fce7-4ec2-99ce-6a0b7d1e6170.csv"," ","tributos@criciuma.sc.gov.br"," ","Rua Domênico Sônego","Rua Domênico Sônego",SC,Convite,2015-04-24T08:00:00Z,"itensVencedores_be04338d-af4e-4cbd-84e8-781fc6febfad.csv",MURAL_PUBLICO,,," ","participantes_c0ea33fc-e70d-4a94-8606-b8961af5fd9a.csv",NÃO," ",2015-04-24T09:45:00Z,"Lei 8666/1993, Art. 22, III"," "," "
"PREFEITURA MUNICIPAL DE CRICIUMA",108,2015,108,2015,2015-04-16,"O presente edital tem por objetivo a contratação de empresa especializada para a execução dos serviços de transporte de alunos da rede municipal de ensino de Criciúma/SC em viagens de estudo",Convite,"Compras e Serviços","MENOR PRECO GLOBAL",2015-05-12,HOMOLOGADO," "," "," ","contratos_1f3ea9b0-19ac-4d64-981a-a60d4eb5ffd8.csv",2015-05-04T16:00:00Z," ",2015-04-16,2015-05-04," ","despesas_04258b50-d61c-49ee-a945-98828ab0bba5.csv"," ","tributos@criciuma.sc.gov.br"," ","Rua Domênico Sônego","Rua Domênico Sônego",SC,Convite,2015-05-04T08:00:00Z,"itensVencedores_a597e2f8-23c0-41eb-a589-cafedc72cfd3.csv",MURAL_PUBLICO,,," ","participantes_2aa11fe8-0419-4865-ae52-b1e925959033.csv",NÃO," ",2015-05-04T15:45:00Z,"Lei 8666/1993, Art. 22, III"," "," "
"PREFEITURA MUNICIPAL DE CRICIUMA",110,2015,110,2015,2015-04-29,"Contratação de empresa especializada, em serviços de terraplanagem, nivelamento, regularização e execução da estrutura de pavimentos nas diversas ruas do município de Criciúma/SC.","Pregão presencial","Compras e Serviços","MENOR PRECO GLOBAL",2015-05-15,HOMOLOGADO," "," "," ","contratos_e8726b58-a60d-47d5-ad2f-a4a88947c6e6.csv",2015-05-14T09:01:00Z," ",2015-04-27,2015-05-14," ","despesas_820c27d5-a58d-48a7-a579-46c845058546.csv"," ","tributos@criciuma.sc.gov.br"," ","Rua Domênico Sônego","Rua Domênico Sônego",SC,"Pregão presencial",2015-05-14T08:00:00Z,"itensVencedores_b1563356-b5da-4ffe-b4a6-89a9035929f1.csv",INTERNET,,," ","participantes_f818faae-5296-4ce2-8a6c-8b13f60b8295.csv",NÃO," ",2015-05-14T09:00:00Z,," "," "
"PREFEITURA MUNICIPAL DE CRICIUMA",111,2015,111,2015,2015-04-30,"REGISTRO DE PREÇOS DE CARIMBOS, PARA AQUISIÇÕES FUTURAS, NO ATENDIMENTO AO PAÇO MUNICIPAL MARCOS ROVARIS, SECRETÁRIA DE EDUCAÇÃO, FUNDO MUNICIPAL DE SAÚDE, FUNDO MUNICIPAL DE ASSISTENCIA SOCIAL, FUNDAÇÃO MUNICIPAL DE ESPORTES, FUNDAÇÃO CULTURAL E FUNDAÇÃO DE MEIO AMBIENTE DE CRICIÚMA/SC.","Pregão presencial","Compras e Serviços","MENOR PRECO",2015-05-15,HOMOLOGADO," ","atasRegistroPrecos_250f704a-0b00-4dc4-8374-ac4c62df73ea.csv"," "," ",2015-05-14T11:01:00Z," ",2015-04-27,2015-05-14," ","despesas_a983eb5f-780f-409c-a17d-acb3054e5404.csv"," ","tributos@criciuma.sc.gov.br"," ","Rua Domênico Sônego","Rua Domênico Sônego",SC,"Pregão presencial",2015-05-14T08:00:00Z,"itensVencedores_baa5c251-0efb-488b-9fed-52002a72f948.csv",INTERNET,,," ","participantes_9f7a4e25-9d4e-4944-96ed-caa3ba030d2e.csv",SIM," ",2015-05-14T11:00:00Z,," "," "
"PREFEITURA MUNICIPAL DE CRICIUMA",112,2015,112,2015,2015-04-27,"Contratação de empresa do ramo pertinente, para execução de transportes, através de caminhões com basculante, de materiais para execução de drenagem, pavimentação e conservação de vias públicas e demais serviços pertinentes, como também,  dos oriundos de serviços de terraplenagem.",Convite,"Compras e Serviços","MENOR PRECO GLOBAL",2015-05-15,HOMOLOGADO," "," "," ","contratos_7c39764c-5d8d-4e71-81cd-ee4c2c6af88b.csv",2015-05-07T16:00:00Z," ",2015-04-27,2015-05-07," ","despesas_8d1e11ef-e4c0-4b1e-a1ba-3236afe77ee2.csv"," ","tributos@criciuma.sc.gov.br"," ","Rua Domênico Sônego","Rua Domênico Sônego",SC,Convite,2015-05-07T08:00:00Z,"itensVencedores_e6dde7b3-41dc-400f-a5fa-33c184d83c4a.csv",MURAL_PUBLICO,,," ","participantes_082522c6-9ae6-44a4-8e55-5f931efe8f01.csv",NÃO," ",2015-05-07T15:45:00Z,"Lei 8666/1993, Art. 22, III"," "," "
"PREFEITURA MUNICIPAL DE CRICIUMA",113,2015,113,2015,2015-04-27,"Contratação de Empresa especializada em sistemas de Informação em plataforma Web para provimento de funcionalidades que atendam a Secretaria Municipal de Educação e que suportem o PME (Plano Municipal de Educação), sob a forma de cessão de licenciamento para uso dos programas.","Pregão presencial","Compras e Serviços","MENOR PRECO GLOBAL"," ",ANULADO," "," "," "," ",2015-05-14T14:01:00Z,2015-07-09,2015-04-27,2015-05-14," "," "," ","tributos@criciuma.sc.gov.br"," ","Rua Domênico Sônego","Rua Domênico Sônego",SC,"Pregão presencial",2015-05-14T08:00:00Z," ",MURAL_PUBLICO,Ilegalidade,Ilegalidade," "," ",NÃO," ",2015-05-14T14:00:00Z,," "," "
"PREFEITURA MUNICIPAL DE CRICIUMA",114,2015,114,2015,2015-04-30,"A presente licitação tem por objetivo a aquisição de software para cálculo, dimensionamento e detalhamento de estruturas de concreto armado - Município de Criciúma/SC.","Pregão presencial","Compras e Serviços","MENOR PRECO GLOBAL",2015-05-19,HOMOLOGADO," "," "," ","contratos_ad8bc002-b036-429a-b38f-942fc296c57a.csv",2015-05-15T09:01:00Z," ",2015-04-27,2015-05-15," ","despesas_b8857483-ffea-4466-9754-1e7a0aa977b9.csv"," ","tributos@criciuma.sc.gov.br"," ","Rua Domênico Sônego","Rua Domênico Sônego",SC,"Pregão presencial",2015-05-15T08:00:00Z,"itensVencedores_ea93e583-cf00-4f08-a2f9-ece203295dee.csv",INTERNET,,," ","participantes_cc9108b9-8019-45ce-8497-f7989d3b042b.csv",NÃO," ",2015-05-15T09:00:00Z,," "," "
"PREFEITURA MUNICIPAL DE CRICIUMA",98,2015,98,2015,2015-04-23,"Contratação de empresa para execução das obras de reforma do Ginásio de Esportes do Bairro Vila Zuleima, localizado na rua Júlio Bento Cardoso, no município de Criciúma-SC.",Convite,"Obras e Serviços de Engenharia","MENOR PRECO GLOBAL",2015-05-15,HOMOLOGADO," "," "," ","contratos_875535f7-47a9-4448-bcd0-fa060b8cff46.csv",2015-05-11T15:00:00Z," ",2015-04-13,2015-05-11," ","despesas_d6a7b3d3-0f42-4e3f-995c-51c1c9e5f306.csv"," ","tributos@criciuma.sc.gov.br"," ","Rua Domênico Sônego","Rua Domênico Sônego",SC,Convite,2015-05-11T08:00:00Z,"itensVencedores_3834ec95-953e-4434-9181-2915b6d23dc7.csv",MURAL_PUBLICO,,," ","participantes_ff28e875-bfc7-4388-88d4-657a9c23ee53.csv",NÃO," ",2015-05-11T14:45:00Z,"Lei 8666/1993, Art. 22, III"," "," "
"PREFEITURA MUNICIPAL DE CRICIUMA",104,2015,104,2015,2015-04-23,"A presente licitação tem por objetivo a contratação de empresas, para execução, sem fornecimento de materiais, de pequenos reparos nas Unidades da rede municipal de Educação de Criciúma/SC.","Pregão presencial","Compras e Serviços","MENOR PRECO GLOBAL",2015-07-21,HOMOLOGADO," "," "," ","contratos_3b95cbd9-2d27-4113-8080-f5b44c30ea19.csv",2015-05-15T15:00:00Z," ",2015-04-15,2015-05-15," ","despesas_23033b60-4a98-4c04-be5a-c43769323a66.csv"," ","tributos@criciuma.sc.gov.br"," ","Rua Domênico Sônego","Rua Domênico Sônego",SC,"Pregão presencial",2015-05-15T08:00:00Z,"itensVencedores_4c66fa94-54b5-4f56-92de-8580cbf46e41.csv",INTERNET,,," ","participantes_138c177d-f459-4215-a7fd-9fbd0a60d0a8.csv",NÃO," ",2015-05-15T14:45:00Z,," "," "
"PREFEITURA MUNICIPAL DE CRICIUMA",106,2015,106,2015,2015-04-17,"Contratação de empresa, para execução de serviços de assentamento com blocos de concreto (tipo lajotas) e de meios-fios, e confecção de caixas coletoras de águas pluviais nas ruas Emilio Ventura Hulse (bairro Pinheirinho), Sérgio Behenckevaldt (bairro Milanese) e Deonilda Milanez (bairro Milanese), no município de Criciúma-SC.",Convite,"Obras e Serviços de Engenharia","MENOR PRECO GLOBAL",2015-05-22,HOMOLOGADO," "," "," ","contratos_040e8fc2-6871-4bd7-bc6c-2163c172ed92.csv",2015-04-28T10:00:00Z," ",2015-04-16,2015-04-28," ","despesas_b7a0db57-ace7-4276-9cac-956984cb0984.csv"," ","tributos@criciuma.sc.gov.br"," ","Rua Domênico Sônego","Rua Domênico Sônego",SC,Convite,2015-04-28T08:00:00Z,"itensVencedores_f6cf1747-b5b7-4a97-b9ef-4f5e9fcd22f0.csv",MURAL_PUBLICO,,," ","participantes_bcfbd2ae-5451-4135-9344-9e834b35032c.csv",NÃO," ",2015-04-28T09:45:00Z,"Lei 8666/1993, Art. 22, III"," "," "
"PREFEITURA MUNICIPAL DE CRICIUMA",107,2015,107,2015,2015-04-16,"Contratação de empresa para fornecer refeições para o gabinete do prefeito noa eventos e atos oficiais do Governo Municipal.",Convite,"Compras e Serviços","MENOR PRECO GLOBAL",2015-06-30,HOMOLOGADO," "," "," ","contratos_a0e7dcc8-2f9f-4ea7-8a1c-8a1f482863cb.csv",2015-04-30T11:00:00Z," ",2015-04-16,2015-04-30," ","despesas_f2bc865e-c4c1-4154-a037-3662a31a7c0b.csv"," ","tributos@criciuma.sc.gov.br"," ","Rua Domênico Sônego","Rua Domênico Sônego",SC,Convite,2015-04-30T08:00:00Z,"itensVencedores_2dcbfde4-7f69-4ee7-adca-f3425924a85c.csv",MURAL_PUBLICO,,," ","participantes_ebd7012d-32df-48e7-ac11-61881874ee17.csv",NÃO," ",2015-04-30T10:45:00Z,"Lei 8666/1993, Art. 22, III"," "," "
"PREFEITURA MUNICIPAL DE CRICIUMA",109,2015,109,2015,2015-04-28,"REGISTRO DE PREÇOS DE MATERIAIS ELÉTRICOS, PARA USO NA RECUPERAÇÃO E MANUTENÇÃO DA REDE DE ILUMINAÇÃO PÚBLICA DE CRICIÚMA/SC.","Pregão presencial","Compras e Serviços","MENOR PRECO GLOBAL",2015-05-13,HOMOLOGADO," ","atasRegistroPrecos_c180b267-b196-4967-ad0d-28700269733f.csv"," "," ",2015-05-11T14:00:00Z," ",2015-04-27,2015-05-11," ","despesas_fdea2a13-23d4-4a39-b61c-843ed95138df.csv"," ","tributos@criciuma.sc.gov.br"," ","Rua Domênico Sônego","Rua Domênico Sônego",SC,"Pregão presencial",2015-05-11T08:00:00Z,"itensVencedores_6ad7f2ee-0748-4b0b-b3a3-4380e7d3bb73.csv",INTERNET,,," ","participantes_60736689-2c13-4fcb-95ef-fef8e4f13339.csv",SIM," ",2015-05-11T08:00:00Z,," "," "
"PREFEITURA MUNICIPAL DE CRICIUMA",115,2015,115,2015,2015-04-27,"O presente Edital tem por objetivo a contratação de empresa para confecção, de forma parcelada, de crachás, para uso dos funcionários públicos municipais de Criciúma/SC",Convite,"Compras e Serviços","MENOR PRECO GLOBAL",2015-05-15,HOMOLOGADO," "," "," ","contratos_1f5a403b-fdf2-4ef9-a90c-7ba7f3af3f4c.csv",2015-05-08T11:00:00Z," ",2015-04-27,2015-05-08," ","despesas_031032ec-562b-4e0c-806a-980c50690cf4.csv"," ","tributos@criciuma.sc.gov.br"," ","Rua Domênico Sônego","Rua Domênico Sônego",SC,Convite,2015-05-08T08:00:00Z,"itensVencedores_5249d048-b3a2-4a87-a5db-2769c308d578.csv",MURAL_PUBLICO,,," ","participantes_14e0d52b-4290-4824-93df-366df0f9839c.csv",NÃO," ",2015-05-08T10:45:00Z,"Lei 8666/1993, Art. 22, III"," "," "
"PREFEITURA MUNICIPAL DE CRICIUMA",116,2015,116,2015,2015-04-28,"A presente licitação tem por objetivo a aquisição de equipamentos e materiais de Fisioterapia/mobiliários/informática e climatização, para atendimento a Associação Vida Ativa de Criciúma/SC.","Pregão presencial","Compras e Serviços","MENOR PRECO POR ITEM",2015-05-14,HOMOLOGADO," "," "," ","contratos_ec24f109-300f-4829-83f2-fd3205729511.csv",2015-05-13T13:01:00Z," ",2015-04-28,2015-05-13," ","despesas_e44a0010-7f48-488e-a7ad-80f76e125d01.csv"," ","tributos@criciuma.sc.gov.br"," ","Rua Domênico Sônego","Rua Domênico Sônego",SC,"Pregão presencial",2015-05-13T08:00:00Z,"itensVencedores_1f7829ce-449a-4c7e-942b-1046983a533d.csv",MURAL_PUBLICO,,," ","participantes_74bf2b01-ca80-4067-b846-43c7b11562c2.csv",NÃO," ",2015-05-13T13:00:00Z,," "," "
"PREFEITURA MUNICIPAL DE CRICIUMA",123,2015,123,2015,2015-07-06,"Contratação de empresa de engenharia, para execução das obras de ampliação de 28,74m² da sala de atendimento especializado e cobertura de telhado da área existente com laje de (116,20m²) na E.M.E.I.E.F. TANCREDO DE ALMEIDA NEVES, localizada na rua Maria Leopoldina de Jesus - bairro Vila Zuleima no município de Criciúma.",Convite,"Obras e Serviços de Engenharia","MENOR PRECO GLOBAL",2015-07-22,HOMOLOGADO," "," "," ","contratos_1b4bfaeb-1117-4f85-bb52-d139eb560c8f.csv",2015-07-17T14:00:00Z," ",2015-05-13,2015-07-17," ","despesas_c62b6744-1906-4e03-9308-00c371888ebc.csv"," ","tributos@criciuma.sc.gov.br"," ","Rua Domênico Sônego","Rua Domênico Sônego",SC,Convite,2015-07-17T08:00:00Z,"itensVencedores_cb2ead30-2e3b-45f9-a97e-2228e24dc28a.csv",MURAL_PUBLICO,,," ","participantes_3422cb0b-ff43-4f61-b2e9-32bb3a63660c.csv",NÃO," ",2015-07-17T13:45:00Z,"Lei 8666/1993, Art. 22, III"," "," "
"PREFEITURA MUNICIPAL DE CRICIUMA",125,2015,125,2015,2015-05-13,"O presente Edital tem por objetivo a aquisição de MATERIAIS DE CONSTRUÇÃO, para execução de serviços de recuperação de passeios praças ruas, prédios públicos e outros, para atendimento as necessidades da subprefeitura do Distrito de Rio Maina, Criciúma - SC.","Pregão presencial","Compras e Serviços","MENOR PRECO GLOBAL"," ",REVOGADO," "," "," "," ",2015-05-26T09:01:00Z," ",2015-05-13,2015-05-26,2015-05-26," "," ","tributos@criciuma.sc.gov.br"," ","Rua Domênico Sônego","Rua Domênico Sônego",SC,"Pregão presencial",2015-05-26T08:00:00Z," ",MURAL_PUBLICO,"Razões de Interesse Público","Razões de Interesse Público"," ","participantes_1cb55fd9-371e-488c-8ce6-3f215ab80dc0.csv",NÃO," ",2015-05-26T09:00:00Z,," "," "
"PREFEITURA MUNICIPAL DE CRICIUMA",128,2015,128,2015,2015-05-21,"Registro de preços de Materiais de Construção, para aquisições futuras, no atendimento ao 9º Batalhão da Policia Militar do Município de Criciúma /SC., de acordo com Convênio nº003/15 RÁDIO PATRULHA.","Pregão presencial","Compras e Serviços","MENOR PREÇO GLOBAL POR LOTE",2015-07-28,HOMOLOGADO," ","atasRegistroPrecos_2049c560-308b-4d86-8ccf-9f4245ecbeef.csv"," "," ",2015-07-28T09:01:00Z," ",2015-05-13,2015-07-28," ","despesas_b4f60159-6835-4fb7-8d93-5f4846256206.csv"," ","tributos@criciuma.sc.gov.br"," ","Rua Domênico Sônego","Rua Domênico Sônego",SC,"Pregão presencial",2015-07-28T08:00:00Z,"itensVencedores_498e8f4c-9217-4b67-aa85-23b466dd6171.csv",INTERNET,,," ","participantes_75a50ec3-ceb5-4d5b-9e58-5490d38505a1.csv",SIM," ",2015-07-28T09:00:00Z,," "," "
"PREFEITURA MUNICIPAL DE CRICIUMA",129,2015,129,2015,2015-06-05,"A presente  Licitação tem por objeto a contratação,  através de empresas do ramo pertinente, para  execução dos serviços de confecção e instalação de calhas e pingadeiras em chapa de alumínio no Pavilhão de Exposições José Ijair Conti, localizado na avenida Santos Dumont - bairro Pinheirinho no município de Criciúma.",Convite,"Compras e Serviços","MENOR PRECO GLOBAL",2015-06-30,HOMOLOGADO," "," "," ","contratos_1cce7236-7d5f-4585-9b4e-6aac61429e47.csv",2015-06-15T16:00:00Z," ",2015-05-13,2015-06-15," ","despesas_cc1763c1-68a1-4df4-9dd0-5de13ad1ca03.csv"," ","tributos@criciuma.sc.gov.br"," ","Rua Domênico Sônego","Rua Domênico Sônego",SC,Convite,2015-06-15T08:00:00Z,"itensVencedores_e98617d0-6fe5-4a36-b092-d5d156dd91b9.csv",MURAL_PUBLICO,,," ","participantes_d8ab75ad-bf26-49de-bf8b-0902067cac57.csv",NÃO," ",2015-06-15T15:45:00Z,"Lei 8666/1993, Art. 22, III"," "," "
"PREFEITURA MUNICIPAL DE CRICIUMA",130,2015,130,2015,2015-05-14,"Contratação de empresa para construção de muro de contenção com alambrado no pátio de máquinas do Município de Criciúma, localizado na rodovia Luiz Rosso, bairro Primeira Linha - município de Criciúma/SC.",Convite,"Obras e Serviços de Engenharia","MENOR PRECO GLOBAL",2015-06-30,HOMOLOGADO," "," "," ","contratos_bd70b78a-eff3-4e3e-bb4c-378c58728d85.csv",2015-05-22T10:00:00Z," ",2015-05-13,2015-05-22," ","despesas_1c1c31b8-64eb-4f89-9d99-3a9a9b722c96.csv"," ","tributos@criciuma.sc.gov.br"," ","Rua Domênico Sônego","Rua Domênico Sônego",SC,Convite,2015-05-22T08:00:00Z,"itensVencedores_95129864-15f5-4271-b140-317bd982a00a.csv",MURAL_PUBLICO,,," ","participantes_ddfedbdb-ca62-4b87-a224-bc8593dc428d.csv",NÃO," ",2015-05-22T09:45:00Z,"Lei 8666/1993, Art. 22, III"," "," "
"PREFEITURA MUNICIPAL DE CRICIUMA",133,2015,133,2015,2015-05-18,"Contratação dos serviços de tecnologia da informação, no   âmbito do Programa de Gestão Tributária aprovado pelo CIGA.","Dispensa de licitação","Compras e Serviços","MENOR PRECO",2015-05-18,HOMOLOGADO," "," "," ","contratos_476561ff-bc2d-4aa5-81d7-e90ae2091942.csv",2015-05-18T08:01:00Z," ",2015-05-18,2015-05-18," ","despesas_9aed5fd9-b788-4637-ba63-3aad6ec9236b.csv"," ","tributos@criciuma.sc.gov.br"," ","Rua Domênico Sônego","Rua Domênico Sônego",SC,"Dispensa de licitação",2015-05-18T08:00:00Z,"itensVencedores_8c2f59b6-8264-418a-a738-e74416fe5a91.csv",INTERNET,,," ","participantes_355c750c-79c6-4b91-b303-317780ad7aec.csv",NÃO," ",2015-05-18T08:00:00Z,," "," "
"PREFEITURA MUNICIPAL DE CRICIUMA",117,2015,117,2015,2015-04-30,"Contratação de empresa para execução das obras de urbanização (530,27m²) do CENTRO REGIONAL PARA DEPENDENTES QUIMICOS, localizado no bairro Vila São Sebastião - Município de Criciúma, compreendendo o fornecimento dos materiais, mão - de - obra, máquinas, equipamentos, ferramental necessário","Tomada de Preço","Obras e Serviços de Engenharia","MENOR PRECO GLOBAL",2015-07-21,HOMOLOGADO," "," "," ","contratos_7d856d1c-f147-4184-94ac-68d9e23ab175.csv",2015-05-18T14:00:00Z," ",2015-04-28,2015-05-18," ","despesas_4c9b2197-7313-40d2-9d86-56f091e3dc2c.csv"," ","tributos@criciuma.sc.gov.br"," ","Rua Domênico Sônego","Rua Domênico Sônego",SC,"Tomada de Preço",2015-05-18T08:00:00Z,"itensVencedores_06eb616f-df8b-45f9-a46e-84f7abe356d0.csv","JORNAL_DIVULGACAO_REGIONAL",,," ","participantes_154ccb7a-c6e7-48f0-b85e-980cf60fe048.csv",NÃO," ",2015-05-18T13:45:00Z,"Lei 8666/1993, Art. 22, II"," "," "
"PREFEITURA MUNICIPAL DE CRICIUMA",118,2015,118,2015,2015-04-30,"Contratação de empresa para execução por demanda, de serviços de recuperação, limpeza e substituição de tampas danificadas, das caixas coletoras de águas pluviais existentes no Município de Criciúma.",Convite,"Compras e Serviços","MENOR PRECO GLOBAL",2015-06-30,HOMOLOGADO," "," "," ","contratos_1f233699-106b-40b7-a9b8-c1696260fa69.csv",2015-05-11T16:00:00Z," ",2015-04-29,2015-05-11," ","despesas_a755b238-8305-4b25-9c36-efe6618ae8a8.csv"," ","tributos@criciuma.sc.gov.br"," ","Rua Domênico Sônego","Rua Domênico Sônego",SC,Convite,2015-05-11T08:00:00Z,"itensVencedores_7b7ea913-e45b-455d-b533-5488aeadf641.csv",MURAL_PUBLICO,,," ","participantes_daeaf690-d4d9-4c29-bc51-76a34cd6c6ae.csv",NÃO," ",2015-05-11T15:45:00Z,"Lei 8666/1993, Art. 22, III"," "," "
"PREFEITURA MUNICIPAL DE CRICIUMA",119,2015,119,2015,2015-07-22,"Contratação de empresa especializada para execução de serviços técnicos do Projeto de Trabalho Técnico Social - PTTS (Lotes I e II), relacionado à ampliação do sistema de drenagem urbana do Rio Criciúma, com implantação de CANAL AUXILIAR - Bacia Hidrográfica do Rio Criciúma - META 2, no município de Criciúma-SC.","Tomada de Preço","Compras e Serviços","MENOR PRECO",2015-10-21,HOMOLOGADO," "," "," ","contratos_158c37ee-38d2-45b0-889e-6e34dc85f530.csv",2015-06-09T14:00:00Z," ",2015-05-06,2015-06-09," ","despesas_7f739d0d-a49c-492d-81cb-fc6bde2cd69a.csv"," ","tributos@criciuma.sc.gov.br"," ","Rua Domênico Sônego","Rua Domênico Sônego",SC,"Tomada de Preço",2015-06-09T08:00:00Z,"itensVencedores_9fa9ad01-1119-46c8-8c32-1ad73bc561a1.csv",DIARIO_OFICIAL_UNIAO,,," ","participantes_984bce5e-29c8-44ae-be36-87591974c444.csv",NÃO," ",2015-06-09T13:45:00Z,"Lei 8666/1993, Art. 22, II"," "," "
"PREFEITURA MUNICIPAL DE CRICIUMA",120,2015,120,2015,2015-05-14,"Contratação de serviços de telefonia móvel pessoal, para atendimento ao 9º batalhão de policia militar de Criciúma/SC.","Pregão presencial","Compras e Serviços","MENOR PRECO GLOBAL"," ",REVOGADO," "," "," "," ",2015-05-26T15:31:00Z," ",2015-05-08,2015-05-26,2015-05-26," "," ","tributos@criciuma.sc.gov.br"," ","Rua Domênico Sônego","Rua Domênico Sônego",SC,"Pregão presencial",2015-05-26T08:00:00Z," ",INTERNET,"Razões de Interesse Público","Razões de Interesse Público"," ","participantes_550077ed-3b6c-4c61-ac5d-88a0289ca3a5.csv",NÃO," ",2015-05-26T15:30:00Z,," "," "
"PREFEITURA MUNICIPAL DE CRICIUMA",121,2015,121,2015,2015-05-12,"Contratação de empresa especializada na prestação de serviços das redes de dados e voz, envolvendo manutenção corretivas e mudanças de lay-outs, b em como aos itens pertinentes a rede elétrica que servem as citadas redes, no Paço Municipal e demais próprios da Prefeitura Municipal de Criciúma.",Convite,"Compras e Serviços","MENOR PRECO",2015-06-30,HOMOLOGADO," "," "," ","contratos_0137e365-8767-4b08-bfcb-bac0b4325f2a.csv",2015-05-21T14:00:00Z," ",2015-05-12,2015-05-21," ","despesas_2e8888fe-64be-4ed1-a050-1650ace51c1f.csv"," ","tributos@criciuma.sc.gov.br"," ","Rua Domênico Sônego","Rua Domênico Sônego",SC,Convite,2015-05-21T08:00:00Z,"itensVencedores_edeb83b5-90c4-4492-9d43-6a99c5021114.csv",MURAL_PUBLICO,,," ","participantes_e2e6a4ca-cdec-45c1-941d-2c773ce7a8c4.csv",NÃO," ",2015-05-21T13:45:00Z,"Lei 8666/1993, Art. 22, III"," "," "
"PREFEITURA MUNICIPAL DE CRICIUMA",122,2015,122,2015,2015-05-12,"Aquisição de equipamentos de proteção individual (EPI), para uso dos funcionários da administração do município de Criciúma/SC.",Convite,"Compras e Serviços","MENOR PRECO POR ITEM",2015-09-21,HOMOLOGADO," "," "," ","contratos_1751d2ca-ef4c-4025-b5ee-d5b133a351e7.csv",2015-05-22T14:00:00Z," ",2015-05-12,2015-05-22," ","despesas_02f006e8-98d0-48ce-af3f-6c61c7230a10.csv"," ","tributos@criciuma.sc.gov.br"," ","Rua Domênico Sônego","Rua Domênico Sônego",SC,Convite,2015-05-22T08:00:00Z,"itensVencedores_46a99955-a654-45c7-a1d8-7d7950657dd4.csv",MURAL_PUBLICO,,," ","participantes_f4af60b6-5325-484e-9113-b7e11eb94d1f.csv",NÃO," ",2015-05-22T13:45:00Z,"Lei 8666/1993, Art. 22, III"," "," "
"PREFEITURA MUNICIPAL DE CRICIUMA",124,2015,124,2015,2015-05-15,"Aquisição de 82 conjuntos de sistema modular de tratamento de esgoto - Bioreator/Biofiltro em PVC com volume mínimo de 1000L, tendo em vista que os mesmos atendam as normas e padrões de tratamento do tanque séptico (NBR 7229/93), filtro anaeróbico (NBR 13969/97) e caixa de Coloração, para serem usados no Município de Criciúma/SC.","Pregão presencial","Compras e Serviços","MENOR PRECO POR ITEM",2015-09-18,HOMOLOGADO," "," "," ","contratos_e047e71e-9bd0-439f-876f-255209cf354d.csv",2015-06-23T14:01:00Z," ",2015-05-13,2015-06-23," ","despesas_e7beccd3-0705-4cc6-94a0-e52f6c22f046.csv"," ","tributos@criciuma.sc.gov.br"," ","Rua Domênico Sônego","Rua Domênico Sônego",SC,"Pregão presencial",2015-06-23T08:00:00Z,"itensVencedores_c5a9e732-f56d-40cc-9b32-a49fafa38f5a.csv",INTERNET,,," ","participantes_f8a81def-e702-461e-ad3f-f2fbfd9d148d.csv",NÃO," ",2015-06-23T14:00:00Z,," "," "
"PREFEITURA MUNICIPAL DE CRICIUMA",126,2015,126,2015,2015-05-14,"O presente Edital tem por objetivo a aquisição de MATERIAIS DE CONSTRUÇÃO, para execução de serviços de recuperação de passeios praças ruas, prédios públicos e outros, para atendimento as necessidades da subprefeitura da Quarta Linha, Criciúma - SC.","Pregão presencial","Compras e Serviços","MENOR PRECO GLOBAL",2015-07-30,HOMOLOGADO," "," "," ","contratos_cb6119a0-3721-451e-9b7f-59182e9cc101.csv",2015-05-26T14:01:00Z," ",2015-05-13,2015-05-26," ","despesas_486e5b77-a27f-4622-a85c-6b0a40fc06c7.csv"," ","tributos@criciuma.sc.gov.br"," ","Rua Domênico Sônego","Rua Domênico Sônego",SC,"Pregão presencial",2015-05-26T08:00:00Z,"itensVencedores_ebf4540f-68c1-4c3b-9cd5-be9902cd1b73.csv",INTERNET,,," ","participantes_190b7669-0c28-4ef5-8b8e-60c797e2f478.csv",NÃO," ",2015-05-26T14:00:00Z,," "," "
"PREFEITURA MUNICIPAL DE CRICIUMA",127,2015,127,2015,2015-05-19,"Registro de preços de Materiais de limpeza, para aquisições futuras, no atendimento ao 9º Batalhão da Policia Militar do Município de Criciúma /SC., de acordo com Convênio nº003/15 RÁDIO PATRULHA.","Pregão presencial","Compras e Serviços","MENOR PRECO GLOBAL",2015-08-11,HOMOLOGADO," ","atasRegistroPrecos_8d434f2d-38dd-4441-8e68-65daa2e59b1f.csv"," "," ",2015-08-05T14:01:00Z," ",2015-05-13,2015-08-05," ","despesas_a8b624d9-ecdf-44b6-a2ed-83a71e7aafe5.csv"," ","tributos@criciuma.sc.gov.br"," ","Rua Domênico Sônego","Rua Domênico Sônego",SC,"Pregão presencial",2015-08-05T08:00:00Z,"itensVencedores_c4cb8f71-b8f0-4c64-a87b-a4ea7100bbe9.csv",INTERNET,,," ","participantes_59a28e61-43df-4790-afae-5a05d7959f00.csv",SIM," ",2015-08-05T14:00:00Z,," "," "
"PREFEITURA MUNICIPAL DE CRICIUMA",132,2015,132,2015,2015-08-04,"A presente licitação tem por objetivo a contratação de empresa para efetuar, de forma parcelada, a manutenção das máquinas utilizadas no corte de asfalto no município de Criciúma/SC",Convite,"Compras e Serviços","MENOR PRECO GLOBAL",2015-08-19,HOMOLOGADO," "," "," ","contratos_e9424d64-24ba-4c8b-882a-f0a748f8186a.csv",2015-08-18T16:00:00Z," ",2015-05-14,2015-08-18," ","despesas_fd98f6a7-d6b1-4ad5-8f90-4b50b09b95f6.csv"," ","tributos@criciuma.sc.gov.br"," ","Rua Domênico Sônego","Rua Domênico Sônego",SC,Convite,2015-08-18T08:00:00Z,"itensVencedores_41afccba-8626-4e13-95aa-90a6e8558b24.csv",MURAL_PUBLICO,,," ","participantes_8abe7408-cd66-45bd-b50f-ef0c666238f2.csv",NÃO," ",2015-08-18T15:45:00Z,"Lei 8666/1993, Art. 22, III"," "," "
"PREFEITURA MUNICIPAL DE CRICIUMA",136,2015,136,2015,2015-05-19,"REGISTRO DE PREÇOS DE MOBILIÁRIO ESCOLAR, PARA USO NAS ESCOLAS PERTENCENTES À REDE MUNICIPAL DE ENSINO DE CRICIÚMA/SC.","Pregão presencial","Compras e Serviços","MENOR PRECO POR ITEM",2015-07-28,HOMOLOGADO," ","atasRegistroPrecos_8930347c-ea87-44d2-b2bc-deeb2332748e.csv"," ","contratos_435cc39a-a562-48d3-b1c9-97709fb91ed2.csv",2015-07-27T09:01:00Z," ",2015-05-18,2015-07-27," ","despesas_8d40491c-c883-4139-9d6e-fdb2a06a45c9.csv"," ","tributos@criciuma.sc.gov.br"," ","Rua Domênico Sônego","Rua Domênico Sônego",SC,"Pregão presencial",2015-07-27T08:00:00Z,"itensVencedores_56a4fa0f-a898-4b95-a990-9fcd66f30e67.csv",INTERNET,,," ","participantes_4100d7f0-ac10-47c3-890d-e0f308aaab67.csv",SIM," ",2015-07-27T09:00:00Z,," "," "
"PREFEITURA MUNICIPAL DE CRICIUMA",137,2015,137,2015,2015-08-14,"Registro de preços de Materiais gráficos, para aquisições futuras, no atendimento ao 9º Batalhão da Policia Militar do Município de Criciúma /SC.,
CONVÊNIO PMC/CONV. TRANSITO/PMSC e PMC/POLÍCIA MILITAR (CONV 003/2015 RÁDIO PATRULHA).","Pregão presencial","Compras e Serviços","MENOR PRECO GLOBAL",2015-08-27,HOMOLOGADO," ","atasRegistroPrecos_f6c017af-2c88-4f41-b695-0e71a6fb902e.csv"," "," ",2015-08-26T14:00:00Z," ",2015-05-18,2015-08-26," ","despesas_41b71868-9d9a-4a83-85ad-db514e6b11af.csv"," ","tributos@criciuma.sc.gov.br"," ","Rua Domênico Sônego","Rua Domênico Sônego",SC,"Pregão presencial",2015-06-26T08:00:00Z,"itensVencedores_a21010a1-4460-4236-8cd0-234879554fc1.csv",INTERNET,,," ","participantes_f1cb9dc6-fb7e-4f55-89f3-4a15cbaa4f7c.csv",SIM," ",2015-06-26T14:00:00Z,," "," "
"PREFEITURA MUNICIPAL DE CRICIUMA",138,2015,138,2015,2015-05-22,"Aquisição de eletrodomésticos para uso nas Escolas da Rede Municipal de Ensino de Criciúma - SC.","Pregão presencial","Compras e Serviços","MENOR PRECO POR ITEM",2015-08-03,HOMOLOGADO," "," "," ","contratos_2ee9fce1-6093-480e-8961-a873893f437e.csv",2015-07-28T14:01:00Z," ",2015-05-20,2015-07-28," ","despesas_fda98259-2ca8-47bc-a1c2-c634bf5eeff2.csv"," ","tributos@criciuma.sc.gov.br"," ","Rua Domênico Sônego","Rua Domênico Sônego",SC,"Pregão presencial",2015-07-28T08:00:00Z,"itensVencedores_2d3433a9-af73-4be5-a28f-0205d210a9b4.csv",INTERNET,,," ","participantes_4a16ec38-bc9f-430c-a7cf-429ba9f2779c.csv",NÃO," ",2015-07-28T14:00:00Z,," "," "
"PREFEITURA MUNICIPAL DE CRICIUMA",140,2015,140,2015,2015-05-23,"Locação de um terreno comercial com área de 991,00 m², com 19 (dezenove) vagas de estacionamento coberto  localizado à Rua Henrique Lage S/Nº(em frente ao nº 267) , Bairro Centro, Criciúma/SC, destinado ao PROCON de Criciúma/SC.","Dispensa de licitação","Compras e Serviços","MENOR PRECO",2015-05-22,HOMOLOGADO," "," "," ","contratos_b7ce0899-ba0a-4be4-8efd-3b8fe22ef9fc.csv",2015-05-22T09:01:00Z," ",2015-05-22,2015-05-22," ","despesas_d33ee0aa-e646-4b22-9088-c3256b63536e.csv"," ","tributos@criciuma.sc.gov.br"," ","Rua Domênico Sônego","Rua Domênico Sônego",SC,"Dispensa de licitação",2015-05-22T08:00:00Z,"itensVencedores_5ac6cb40-f275-488d-8298-96f2086b98bc.csv",INTERNET,,," ","participantes_abb09446-30fb-4e90-acc9-acb34da18625.csv",NÃO," ",2015-05-22T09:00:00Z,," "," "
"PREFEITURA MUNICIPAL DE CRICIUMA",143,2015,143,2015,2015-06-10,"Contratação de Empresa especializada, em caráter de emergência, devido a incêndio na Prefeitura Municipal de Criciúma, para execução de serviços de mão de obra para limpeza, revisão e recuperação de equipamentos de Informática, abrangendo Pcs, impressoras, switches, monitores, scanners, Notebooks, servidores corporativos e outros.","Dispensa de licitação","Compras e Serviços","MENOR PRECO",2015-06-03,HOMOLOGADO," "," "," ","contratos_24c1b5b8-f3af-4fde-a17b-a1ba396fa2e3.csv",2015-06-03T08:01:00Z," ",2015-06-03,2015-06-03," ","despesas_aed21667-0b62-4a9d-bdc6-af741fa790db.csv"," ","tributos@criciuma.sc.gov.br"," ","Rua Domênico Sônego","Rua Domênico Sônego",SC,"Dispensa de licitação",2015-06-03T08:00:00Z,"itensVencedores_3943da0a-4499-4452-ab36-485bc1ddb6f8.csv","JORNAL_DIVULGACAO_ESTADUAL",,," ","participantes_f67fd248-2b45-445b-a77f-59bca26678dc.csv",NÃO," ",2015-06-03T08:00:00Z,," "," "
"PREFEITURA MUNICIPAL DE CRICIUMA",144,2015,144,2015,2015-06-10,"Execução de serviços completa do sistema eletropreventivo no prédio da prefeitura municipal, com exceção da parte sinistrada, compreendendo o fornecimento dos materiais, mão de obra, equipamentos e ferramentas necessárias, afim de atender os setores que não foram atingidos pelo incêndio (sinstro) ocorrido na madrugada do dia 27 de maio de 2015, com base no Decreto de Situação de Emergência n° 859/15 de 27 de maio de 2015","Dispensa de licitação","Compras e Serviços","MENOR PRECO",2015-06-03,HOMOLOGADO," "," "," ","contratos_6a86d8a0-bbbe-4563-b758-34c2b5a52ba1.csv",2015-06-03T08:01:00Z," ",2015-06-03,2015-06-03," ","despesas_b7f48c8a-8bf7-475c-af3d-d0285ca92bc2.csv"," ","tributos@criciuma.sc.gov.br"," ","Rua Domênico Sônego","Rua Domênico Sônego",SC,"Dispensa de licitação",2015-06-03T08:00:00Z,"itensVencedores_fd70e051-4db9-46e3-82fe-18771f63ed6b.csv","JORNAL_DIVULGACAO_REGIONAL",,," ","participantes_1ca4d57c-da84-482b-9b95-902552de9bc1.csv",NÃO," ",2015-06-03T08:00:00Z,," "," "
"PREFEITURA MUNICIPAL DE CRICIUMA",146,2015,146,2015,2015-06-24,"Aquisição com instalação, em carater emergencial, de 01 (um) Nobreak 02 (dois) Estabilzadores 50 KWA, visando atender a nova acomodação da área administrativa do município de Criciúma, localizada na avenida Estevão Emilio de Souza - Bairro Ceará, em razão dos incêndios ocorridos no prédio da prefeitura municipal de Criciúma nos dias 27/05 e 07/06/2015, com base nos Decretos de Situação de Emergência n° 859/15 e 910/15.","Dispensa de licitação","Compras e Serviços","MENOR PRECO",2015-06-22,HOMOLOGADO," "," "," ","contratos_2bb25857-3fb5-417c-8689-9d1c85036ddd.csv",2015-06-22T08:01:00Z," ",2015-06-22,2015-06-22," ","despesas_3f3c661b-1c04-43f2-83af-f0ccf2de7124.csv"," ","tributos@criciuma.sc.gov.br"," ","Rua Domênico Sônego","Rua Domênico Sônego",SC,"Dispensa de licitação",2015-06-22T08:00:00Z,"itensVencedores_b91d4f70-21ad-4dff-a1ff-36a6a6f5bef9.csv",INTERNET,,," ","participantes_567d2543-8c83-4175-b75d-db84098d99b4.csv",NÃO," ",2015-06-22T08:00:00Z,," "," "
"PREFEITURA MUNICIPAL DE CRICIUMA",147,2015,147,2015,2015-06-26,"Serviços gerais de limpeza, carregamento, movimentação e demais serviços correlatos nas edificações onde serão instalados as Secretarias da Administração pública municipal de Criciúma/SC, em razão dos incêndios ocorridos no prédio da prefeitura minicipal de criciúma nos dias 27/05 e 07/06/2015, com base nos Decretos de Situação de Emergência n° 859/15 e 910/15","Dispensa de licitação","Compras e Serviços","MENOR PRECO",2015-06-23,HOMOLOGADO," "," "," ","contratos_2c05ff71-34f6-4fc8-b6e1-a3945194c694.csv",2015-06-23T08:01:00Z," ",2015-06-23,2015-06-23," ","despesas_d92210ed-7385-45f5-9d16-8583ac46bc68.csv"," ","tributos@criciuma.sc.gov.br"," ","Rua Domênico Sônego","Rua Domênico Sônego",SC,"Dispensa de licitação",2015-06-23T08:00:00Z,"itensVencedores_68ddfdbe-24ec-4a1b-a67e-7f8d0ae00cff.csv",INTERNET,,," ","participantes_72fa91f0-2af9-41b8-9715-58476cad5ea6.csv",NÃO," ",2015-06-23T08:00:00Z,," "," "
"PREFEITURA MUNICIPAL DE CRICIUMA",148,2015,148,2015,2015-06-26,"Aquisição de equipamentos de informática, para atendimento a Procuradoria Geral do Município de Criciúma/SC. Em razão dos incêndios ocorridos no prédio da prefeitura municipal de criciúma nos dias 27/05 e 07/06/2015, com base nos Decretos de Situação de Emergência n° 859/15 e 910/15","Dispensa de licitação","Compras e Serviços","MENOR PRECO GLOBAL",2015-06-23,HOMOLOGADO," "," "," ","contratos_1051ac8d-1d63-427d-a476-1603df842659.csv",2015-06-22T08:01:00Z," ",2015-06-22,2015-06-22," ","despesas_e3768e2b-8034-4ab8-baa4-b8d3a554c63a.csv"," ","tributos@criciuma.sc.gov.br"," ","Rua Domênico Sônego","Rua Domênico Sônego",SC,"Dispensa de licitação",2015-06-22T08:00:00Z,"itensVencedores_2f5895c0-4057-4d32-b8bd-b25b17fc2886.csv",INTERNET,,," ","participantes_44e5e2ab-68f1-487b-9503-8d80e8bd799a.csv",NÃO," ",2015-06-22T08:00:00Z,," "," "
"PREFEITURA MUNICIPAL DE CRICIUMA",150,2015,150,2015,2015-07-06,"Aquisição de equipamentos de informática (servidores e microcomputadores), visando atender as novas acomodações das áreas administrativas do município de Criciúma, em razão dos incêndios ocorridos no prédio da prefeitura municipal de criciúma nos dias 27/05 e 07/06/2015, com base nos Decretos de Situação de Emergência n°859/15 e 910/15.","Dispensa de licitação","Compras e Serviços","MENOR PRECO GLOBAL",2015-06-30,HOMOLOGADO," "," "," ","contratos_2f82bca3-6ad6-4618-8a30-cecdb231b65a.csv",2015-06-30T08:01:00Z," ",2015-06-30,2015-06-30," ","despesas_f746e71d-f68b-4343-bf77-4919e5e0deac.csv"," ","tributos@criciuma.sc.gov.br"," ","Rua Domênico Sônego","Rua Domênico Sônego",SC,"Dispensa de licitação",2015-06-30T08:00:00Z,"itensVencedores_7e809284-75ff-41a0-89d8-1e0a197dcc41.csv",INTERNET,,," ","participantes_d08d3a21-476b-408a-a233-90bdcd214d70.csv",NÃO," ",2015-06-30T08:00:00Z,," "," "
"PREFEITURA MUNICIPAL DE CRICIUMA",151,2015,151,2015,2015-07-08,"Contratação de empresa especializada, para execução de serviços em caráter emergencia, para montagem, instalação, configuração e implantação da infra estrutura de redes elétrica, de dados e telefonia, abrangendo o fornecimento de materiais e mão de obra, a fim de atender o prédio principal da Prefeitura.Necessários em razão dos incêndios ocorridos no prédio da prefeitura municipal de Criciúma nos dias 27/05 e 07/06/2015, com base nos Decretos de Situação de Emergência n°859/15 e 910/15","Dispensa de licitação","Compras e Serviços","MENOR PRECO",2015-06-30,HOMOLOGADO," "," "," ","contratos_4bb12abd-bd5a-4332-946f-322e0d9a64ae.csv",2015-06-30T08:01:00Z," ",2015-06-30,2015-06-30," ","despesas_e959cda3-b160-491b-b807-f7088863033d.csv"," ","tributos@criciuma.sc.gov.br"," ","Rua Domênico Sônego","Rua Domênico Sônego",SC,"Dispensa de licitação",2015-06-30T08:00:00Z,"itensVencedores_5b8be54a-5b11-4d9d-a4e1-407e1e4d4431.csv",INTERNET,,," ","participantes_208a1174-66f0-438b-a350-1c90abcbb8a1.csv",NÃO," ",2015-06-30T08:00:00Z,," "," "
"PREFEITURA MUNICIPAL DE CRICIUMA",154,2015,154,2015,2015-07-10,"Contratação de empresa para instalação de tapumes no entorno do prédio da Prefeitura (Paço Municipal Marcos Rovaris localizado na rua Domênico Sonego) a fim de impedir a entrada de pessoas não autorizadas no interior do bem público sinistrado pelos incêndios ocorridos nos dias 27/05 e 07/06/2015, com base nos Decretos de Situação de Emergência n° 859/15 e 910/15.","Dispensa de licitação","Obras e Serviços de Engenharia","MENOR PRECO",2015-06-30,HOMOLOGADO," "," "," ","contratos_25d585c7-a073-42ef-bc66-038b3d8cd87c.csv",2015-06-30T08:01:00Z," ",2015-06-30,2015-06-30," ","despesas_ddf89922-7c27-4537-8458-2aacf4f38884.csv"," ","tributos@criciuma.sc.gov.br"," ","Rua Domênico Sônego","Rua Domênico Sônego",SC,"Dispensa de licitação",2015-06-30T08:00:00Z,"itensVencedores_0e1abf1b-1585-4bea-a13c-5c760fc0db25.csv",INTERNET,,," ","participantes_bf4af9e6-45ca-40e4-9079-bc3c54c82a65.csv",NÃO," ",2015-06-30T08:00:00Z,," "," "
"PREFEITURA MUNICIPAL DE CRICIUMA",157,2015,157,2015,2015-07-27,"Contratação de empresa para fornecimento em caráter emergencial, de eletrdomésticos, utensílios e móveis domésticos, necessários e imprescindíveis, a fim repor os destruídos em razão dos incêndios ocorridos no prédio da prefeitura municipal de criciúma nos dias 27/05 e 07/06/2015, com base nos Decretos de Situação de Emergência n°859/15 e 910/15.","Dispensa de licitação","Compras e Serviços","MENOR PRECO GLOBAL",2015-06-30,HOMOLOGADO," "," "," ","contratos_ed5c73d3-44ea-4467-add0-0eef61a33812.csv",2015-06-30T08:01:00Z," ",2015-06-30,2015-06-30," ","despesas_2ea8e398-a86b-4ad0-a98f-db93b323e62e.csv"," ","tributos@criciuma.sc.gov.br"," ","Rua Domênico Sônego","Rua Domênico Sônego",SC,"Dispensa de licitação",2015-06-30T08:00:00Z,"itensVencedores_a6a8efb1-9e79-471e-af10-e9eaf44689ea.csv",INTERNET,,," ","participantes_6ce79d64-a72c-4692-b8f1-1a43e960dc18.csv",NÃO," ",2015-06-30T08:00:00Z,," "," "
"PREFEITURA MUNICIPAL DE CRICIUMA",158,2015,158,2015,2015-07-27,"Aquisição em caráter emergencial, de materiais de expedinete, necessários e imprescindíveis a serem utilizados pelas Secretarias da Administração pública, em razão dos incêndios ocorridos no prédio da prefeitura municipal de criciúma nos dias 27/05 e 07/06/2015, com base nos Decretos de Situação de Emergência n°859/15 e 910/15, a fim restabelecer o pronto atendimento ao público.","Dispensa de licitação","Compras e Serviços","MENOR PRECO",2015-06-30,HOMOLOGADO," "," "," ","contratos_1dc095e2-78b9-4e9f-b169-393a4dfac283.csv",2015-06-30T08:01:00Z," ",2015-06-30,2015-06-30," ","despesas_a0582592-3793-443e-82bb-9bc432f6ad63.csv"," ","tributos@criciuma.sc.gov.br"," ","Rua Domênico Sônego","Rua Domênico Sônego",SC,"Dispensa de licitação",2015-06-30T08:00:00Z,"itensVencedores_38f27ab4-61bb-4954-8dbe-c8bb889c6a48.csv",INTERNET,,," ","participantes_5699bf04-51cd-4523-9ed1-421499a220ce.csv",NÃO," ",2015-06-30T08:00:00Z,," "," "
"PREFEITURA MUNICIPAL DE CRICIUMA",160,2015,160,2015,2015-07-27,"Aquisição em carater emergencial, de tintas a serem utilizados nos edifícios cedidos ao município, para a instalação dos departamentos deslocados do Paço Municipal em razão dos incêndios ocorridos no prédio da prefeitura municipal de criciúma nos dias 27/05 e 07/06/2015, com base nos Decretos de Situação de Emergência n°859/15 e 910/15, a fim restabelecer o pronto atendimento ao público.","Dispensa de licitação","Compras e Serviços","MENOR PRECO",2015-06-30,HOMOLOGADO," "," "," ","contratos_e3d3291b-f803-49f0-85f6-f7fa4411cd41.csv",2015-06-30T08:01:00Z," ",2015-06-30,2015-06-30," ","despesas_c19ff9ef-7f05-4679-8766-241f211a9228.csv"," ","tributos@criciuma.sc.gov.br"," ","Rua Domênico Sônego","Rua Domênico Sônego",SC,"Dispensa de licitação",2015-06-30T08:00:00Z,"itensVencedores_028030c5-a780-4095-9ac8-65e22f96997c.csv",INTERNET,,," ","participantes_614a0b43-3975-46fa-851d-b71bbddf1ee4.csv",NÃO," ",2015-06-30T08:00:00Z,," "," "
"PREFEITURA MUNICIPAL DE CRICIUMA",229,2015,229,2015,2015-10-20,"Contratação, em regime de emergência, de empresa especializada em montagem, instalação, configuração e implantação da infra- estrutura de redes elétrica, de dados e telefonia, abrangendo o fornecimento de materiais e mão de obra, referente a distribuição de diversos setores da Prefeitura atingidos por ocasião do 2° incêndio, ocorrido no dia 07/06/2015 e coberto pelo Decreto no.910/15 de 11 de Junho de 2015.","Dispensa de licitação","Compras e Serviços","MENOR PRECO",2015-10-19,HOMOLOGADO," "," "," ","contratos_e32cb6c1-a9c5-4311-8b00-f160b70e5f9e.csv",2015-10-19T13:01:00Z," ",2015-10-19,2015-10-19," ","despesas_fda48b22-34fe-49e3-99ce-bc91e8f64ff5.csv"," ","tributos@criciuma.sc.gov.br"," ","Rua Domênico Sônego","Rua Domênico Sônego",SC,"Dispensa de licitação",2015-10-19T12:30:00Z,"itensVencedores_e3609536-617d-4153-82e2-13b6edf7443d.csv",INTERNET,,," ","participantes_b92eba52-0f4e-4cd1-90d8-24bb0c1626e5.csv",NÃO," ",2015-10-19T13:00:00Z,," "," "
"PREFEITURA MUNICIPAL DE CRICIUMA",234,2015,234,2015,2015-11-11,"Contratação de empresa especializada para implantação do projeto elétrico da subestação de 750kVA, na área externa do edifício sede do Município de Criciúma - Paço Municipal Marcos Rovaris, localizado na rua Domenico Sonego nº 542 - bairro Santa Barbara, incluindo a construção da subestação (Padrão CELESC), assim como a entrada de energia.","Tomada de Preço","Obras e Serviços de Engenharia","MENOR PRECO GLOBAL",2016-01-15,HOMOLOGADO," "," "," ","contratos_4190bd09-5e63-47a2-960a-9fb076dee0ba.csv",2015-11-30T14:00:00Z," ",2015-11-10,2015-11-30," ","despesas_4fc99075-0a24-4956-91ab-1b21edb99258.csv"," ","tributos@criciuma.sc.gov.br"," ","Rua Domênico Sônego","Rua Domênico Sônego",SC,"Tomada de Preço",2015-11-30T12:30:00Z,"itensVencedores_4dac55c0-8589-4665-a25b-dc022cdde62b.csv",DIARIO_OFICIAL_ESTADO,,," ","participantes_5b887673-12c0-4531-bf56-3f002e1748ff.csv",NÃO," ",2015-11-30T13:45:00Z,"Lei 8666/1993, Art. 22, II"," "," "
"PREFEITURA MUNICIPAL DE CRICIUMA",235,2015,235,2015,2015-11-13,"Registro de preços de material escolar, através de empresas do ramo pertinente, para aquisições futuras, no atendimento as escolas da rede municipal de ensino de Criciúma/SC.","Pregão presencial","Compras e Serviços","MENOR PRECO POR ITEM",2015-12-11,HOMOLOGADO," ","atasRegistroPrecos_0f3a6d6b-03b8-4585-97fe-d422b8881a91.csv"," "," ",2015-12-08T14:01:00Z," ",2015-11-10,2015-12-08," "," "," ","tributos@criciuma.sc.gov.br"," ","Rua Domênico Sônego","Rua Domênico Sônego",SC,"Pregão presencial",2015-12-08T08:00:00Z,"itensVencedores_c1c653d5-0484-4b60-8e78-19f6d43bc933.csv",INTERNET,,," ","participantes_1f515def-cf6c-4294-b565-7cb276f41e8c.csv",SIM," ",2015-12-08T14:00:00Z,," "," "
"PREFEITURA MUNICIPAL DE CRICIUMA",237,2015,237,2015,2015-11-24,"Registro de preços de equipamentos e materiais de informática e escritório para aquisições futuras no atendimento a CIRETRAN de Criciúma/SC., de acordo com Convênio PMC SSP TRÂNSITO.","Pregão presencial","Compras e Serviços","MENOR PREÇO GLOBAL POR LOTE",2016-01-21,HOMOLOGADO," ","atasRegistroPrecos_78622cad-f6e1-4b64-95f0-b202528a21a9.csv"," "," ",2016-01-08T14:01:00Z," ",2015-11-18,2016-01-08," ","despesas_41647478-a957-49a2-a53a-ef96a42a9e11.csv"," ","tributos@criciuma.sc.gov.br"," ","Rua Domênico Sônego","Rua Domênico Sônego",SC,"Pregão presencial",2016-01-08T12:30:00Z,"itensVencedores_1c24c929-12f5-4e83-bf5c-a7ff064148db.csv",INTERNET,,," ","participantes_6ccf1c0e-d6eb-4b7a-b2c7-bbfc437d6145.csv",SIM," ",2016-01-08T14:00:00Z,," "," "
"PREFEITURA MUNICIPAL DE CRICIUMA",238,2015,238,2015,2015-11-24,"A presente Licitação tem por objeto, a contratação de empresa, para execução de forma parcelada, de 1000 (mil) horas de serviços de mão-de-obra especializada, para conserto, restauração e manutenção das redes elétrica e hidráulica, assim como de pedreiro e carpintaria no edifício sede da 6ª CIRETRAN de Criciúma-SC, CONVÊNIO: PMC SSP TRÂNSITO.","Pregão presencial","Compras e Serviços","MENOR PRECO GLOBAL",2015-12-11,HOMOLOGADO," "," "," ","contratos_5580bb5c-19fe-4a82-b1b1-0644e7fc42cb.csv",2015-12-09T16:01:00Z," ",2015-11-18,2015-12-09," ","despesas_cbcf17e5-f46b-41c4-a8dc-24a634c65fdb.csv"," ","tributos@criciuma.sc.gov.br"," ","Rua Domênico Sônego","Rua Domênico Sônego",SC,"Pregão presencial",2015-12-09T12:30:00Z,"itensVencedores_f733d087-3d1f-45f6-be9b-d2e4aac5766f.csv",INTERNET,,," ","participantes_870bd0a5-68e7-4332-b28d-fa2315f82c6f.csv",NÃO," ",2015-12-09T16:00:00Z,," "," "
"PREFEITURA MUNICIPAL DE CRICIUMA",228,2015,228,2015,2015-10-20,"Registro de preços de materiais de funilaria e pintura, para aquisições futuras, no atendimento a manutenção de veículos e equipamentos rodoviários do município de Criciúma/SC.","Pregão presencial","Compras e Serviços","MENOR PRECO GLOBAL",2015-11-05,HOMOLOGADO," ","atasRegistroPrecos_51ba21d7-1d8a-4864-af28-b349f629ff08.csv"," "," ",2015-11-04T14:01:00Z," ",2015-10-15,2015-11-04," ","despesas_ba7f007d-fc44-4e6f-b917-432702541771.csv"," ","tributos@criciuma.sc.gov.br"," ","Rua Domênico Sônego","Rua Domênico Sônego",SC,"Pregão presencial",2015-11-04T12:30:00Z,"itensVencedores_a4429d79-eda8-40b9-a00c-f0e1afa54668.csv",INTERNET,,," ","participantes_b405a3a9-46dd-482a-a09b-68a7e9469d02.csv",SIM," ",2015-11-04T14:00:00Z,," "," "
"PREFEITURA MUNICIPAL DE CRICIUMA",226,2015,226,2015,2015-10-20,"REGISTRO DE PREÇOS DE PEÇAS E SERVIÇOS PARA AQUISIÇÕES FUTURAS, NA MANUTENÇÃO DE MÁQUINAS PESADAS (RETROESCAVADEIRA, MOTONIVELADORA, ROLO COMPACTADOR, PÁ CARREGADEIRA, TRATOR DE ESTEIRA E ESCAVADEIRA HIDRÁULICA), DA FROTA MUNICIPAL DE CRICIÚMA.","Pregão presencial","Compras e Serviços","MENOR PREÇO GLOBAL POR LOTE",2015-11-12,HOMOLOGADO," ","atasRegistroPrecos_ee5abef0-2e78-4920-8430-20570419df35.csv"," "," ",2015-11-03T16:01:00Z," ",2015-10-15,2015-11-03," ","despesas_4763060a-0609-4ac0-807a-f87c2fdd092d.csv"," ","tributos@criciuma.sc.gov.br"," ","Rua Domênico Sônego","Rua Domênico Sônego",SC,"Pregão presencial",2015-11-03T12:30:00Z,"itensVencedores_7ef523fe-3cb0-4d1e-a367-892b5f7a81be.csv",INTERNET,,," ","participantes_86bad28b-335d-4e8e-81b4-bbfbddfbee25.csv",SIM," ",2015-11-03T16:00:00Z,," "," "
"FUNDAÇÃO CULTURAL DE CRICIÚMA",2,2015,2,2015,2015-02-25,"O presente Edital tem por objetivo a contratação de empresa para fornecimento, de forma parcelada, de produtos diversos, para manutenção nos eventos promovidos ou apoiados  pela Fundação Cultural de Criciúma SC",Convite,"Compras e Serviços","MENOR PRECO GLOBAL",2015-03-27,HOMOLOGADO," "," "," ","contratos_f22abafa-ee97-49b2-912b-39e1334f2ac5.csv",2015-03-13T14:00:00Z," ",2015-02-25,2015-03-13," ","despesas_300f8cf8-b9e7-44cf-84d3-e331c4a5fe74.csv"," ",fcc@criciuma.sc.gov.br," ","Rua Coronel Pedro Benedet","Rua Coronel Pedro Benedet",SC,Licitação,2015-03-13T08:00:00Z,"itensVencedores_18db4ffc-289d-44f4-8518-9f160b7ef28a.csv",MURAL_PUBLICO," "," "," ","participantes_e5304e8c-eb29-4872-973c-d316b99beaf0.csv",NÃO," ",2015-03-13T13:45:00Z,"Lei 8666/1993, Art. 22, III",64954,62740.4
"FUNDAÇÃO CULTURAL DE CRICIÚMA",3,2015,3,2015,2015-03-11,"Contratação de empresa, para execução de serviços de hotelaria, de forma parcelada, para hospedagem de artistas, palestrantes e atores em eventos promovidos ou apoiados  pela Fundação Cultural de Criciúma-SC.","Pregão presencial","Compras e Serviços","MENOR PRECO GLOBAL",2015-03-31,HOMOLOGADO," "," "," ","contratos_031d922e-f9eb-417e-b309-3a8dffecd720.csv",2015-03-30T14:01:00Z," ",2015-02-26,2015-03-30," ","despesas_c017b9aa-6261-45f0-a94c-58cbb06a07f3.csv"," ",fcc@criciuma.sc.gov.br," ","Rua Coronel Pedro Benedet","Rua Coronel Pedro Benedet",SC,Licitação,2015-03-30T08:00:00Z,"itensVencedores_05c3e047-d646-4a3f-b79f-dc087a5a0b61.csv",INTERNET," "," "," ","participantes_666d46ce-8b2a-47e5-a5bf-a4f1d2998440.csv",NÃO," ",2015-03-30T14:00:00Z,,144000,142025
"FUNDAÇÃO CULTURAL DE CRICIÚMA",4,2015,4,2015,2015-03-11,"A presente licitação tem por objetivo a contratação de serviços de refeições (restaurante), de forma parcelada, para artistas, palestrantes e atores, em eventos promovidos ou apoiados pela Fundação Cultural de Criciúma.","Pregão presencial","Compras e Serviços","MENOR PRECO GLOBAL",2015-03-31,HOMOLOGADO," "," "," ","contratos_7588fa5a-5c41-48a3-9795-85a16f0663f5.csv",2015-03-31T09:01:00Z," ",2015-02-26,2015-03-31," ","despesas_8f434061-d73d-4d6a-861f-b5276b68f10c.csv"," ",fcc@criciuma.sc.gov.br," ","Rua Coronel Pedro Benedet","Rua Coronel Pedro Benedet",SC,Licitação,2015-03-31T08:00:00Z,"itensVencedores_c954e6ef-bba9-44ef-abfe-6e528bb43c79.csv",INTERNET," "," "," ","participantes_c4bcab81-1126-4e32-b2fc-1983bef8709a.csv",NÃO," ",2015-03-31T09:00:00Z,,120000,119400
"FUNDAÇÃO CULTURAL DE CRICIÚMA",12,2015,12,2015,2015-07-29,"Contratação de empresa, para execução de serviços de equipe de segurança, para realização da XXVII Festa das Etnias, que ocorrerá no período de 01 à 06 de setembro de 2015, no Pavilhão de Exposições José Ijair Conti - Paço Municipal, no Município Criciúma/SC.","Pregão presencial","Compras e Serviços","MENOR PRECO GLOBAL",2015-08-13,HOMOLOGADO," "," "," ","contratos_85a5da6f-c3ad-4b7d-87cb-fe37977e11cf.csv",2015-08-12T14:01:00Z," ",2015-07-29,2015-08-12," ","despesas_8068c607-40cf-45bc-8b92-b362abb1a922.csv"," ",fcc@criciuma.sc.gov.br," ","Rua Coronel Pedro Benedet","Rua Coronel Pedro Benedet",SC,Licitação,2015-08-12T08:00:00Z,"itensVencedores_9608071e-89d8-42d4-8e84-95b80c1f7a48.csv",MURAL_PUBLICO," "," "," ","participantes_eb1fd39c-bbbe-4f6b-938b-55f013431554.csv",NÃO," ",2015-08-12T14:00:00Z,,59940,59940
"FUNDAÇÃO CULTURAL DE CRICIÚMA",16,2015,16,2015,2015-08-27,"Constitui objeto do presente instrumento a contratação de produção e organização de 01 (UM) Show Artístico Musical nacional, para única apresentação no dia 05/09/2015 na XXVII FESTA DAS ETNIAS, a ser realizado no período de 01 a 06 de setembro de 2015, no Pavilhão de Exposições José Ijair Conti, localizado na área do Parque Centenário, Rua Domenico Sonego, bairro Santa Bárbara no Município de Criciúma","Inexigibilidade de licitação","Compras e Serviços","MENOR PRECO",2015-08-24,HOMOLOGADO," "," "," ","contratos_ed10e017-6b92-4288-ab05-6d2484b061ad.csv",2015-08-24T09:01:00Z," ",2015-08-24,2015-08-24," ","despesas_9ae19b87-6d23-47bd-b887-f10cd58adae3.csv"," ",fcc@criciuma.sc.gov.br," ","Rua Coronel Pedro Benedet","Rua Coronel Pedro Benedet",SC,Licitação,2015-08-24T08:00:00Z,"itensVencedores_08ffd5e9-6874-457a-9c16-17d61b79bcbb.csv",INTERNET," "," "," ","participantes_98eb14a4-6c7d-4b58-9ca9-17ae914be4d8.csv",NÃO," ",2015-08-24T09:00:00Z,,20000,20000
"FUNDAÇÃO CULTURAL DE CRICIÚMA",23,2015,23,2015,2015-10-28,"Contratação de empresa, para locação, com montagem e instalação, de forma parcelada, de materiais e equipamentos de sonorização e iluminação, para realização de eventos culturais no município de Criciúma-SC.","Pregão presencial","Compras e Serviços","MENOR PREÇO GLOBAL POR LOTE",2015-11-12,HOMOLOGADO," ","atasRegistroPrecos_2953f552-b179-41dc-aceb-fb3f939de4e8.csv"," "," ",2015-11-11T14:01:00Z," ",2015-10-19,2015-11-11," ","despesas_ff719324-b8ae-4023-af5e-a704cfc710fb.csv"," ",fcc@criciuma.sc.gov.br," ","Rua Coronel Pedro Benedet","Rua Coronel Pedro Benedet",SC,Licitação,2015-11-11T12:30:00Z,"itensVencedores_3cb6b88d-5030-494a-bfdd-88d48ba99672.csv",INTERNET," "," "," ","participantes_b2a879c9-53a9-4f6e-9090-20f5f28da151.csv",SIM," ",2015-11-11T14:00:00Z,,233040,101850.08
"FUNDAÇÃO CULTURAL DE CRICIÚMA",13,2015,13,2015,2015-08-03,"Locação de banheiros químicos, para realização da XXVII Festa das Etnias, que ocorrerá no período de 01 à 06 de setembro de 2015, no Pavilhão de Exposições José Ijair Conti - Paço Municipal, no Município Criciúma/SC.","Pregão presencial","Compras e Serviços","MENOR PRECO GLOBAL",2015-08-18,HOMOLOGADO," "," "," ","contratos_11c9ce7b-842c-4389-838c-fe893d4126c5.csv",2015-08-17T14:01:00Z," ",2015-07-30,2015-08-17," ","despesas_4cdcd6a1-cade-42f5-9b48-4931804cb178.csv"," ",fcc@criciuma.sc.gov.br," ","Rua Coronel Pedro Benedet","Rua Coronel Pedro Benedet",SC,Licitação,2015-08-17T08:00:00Z,"itensVencedores_854c646c-59a7-498a-9d14-cf5b275edf24.csv",INTERNET," "," "," ","participantes_a6509ad5-dace-41a7-aff0-0cb648dd705c.csv",NÃO," ",2015-08-17T14:00:00Z,,13204.5,13000.0
"FUNDAÇÃO CULTURAL DE CRICIÚMA",10,2015,10,2015,2015-07-29,"PERMISSÃO REMUNERADA DE USO DE ESPAÇOS/ÁREAS DO PAVILHÃO DE EXPOSIÇÕES JOSÉ IJAIR CONTI, A TÍTULO PRECÁRIO, VISANDO A EXPLORAÇÃO COMERCIAL DE BEBIDAS, PARA A REALIZAÇÃO DA XXVII FESTA DAS ETNIAS, QUE OCORRERÁ NO PERÍODO DE 01 À 06 DE SETEMBRO DE 2015.",Concorrência,"Compras e Serviços","MENOR PRECO"," ",REVOGADO," "," "," "," ",2015-08-28T09:00:00Z," ",2015-07-28,2015-08-28,2015-08-28," "," ",fcc@criciuma.sc.gov.br," ","Rua Coronel Pedro Benedet","Rua Coronel Pedro Benedet",SC,Licitação,2015-08-28T08:00:00Z," ",INTERNET," ","Razões de Interesse Público"," "," ",NÃO," ",2015-08-28T08:45:00Z,"Lei 8666/1993, Art. 22, I",12000," "
"FUNDAÇÃO CULTURAL DE CRICIÚMA",14,2015,14,2015,2015-08-03,"Locação de estrutura, para realização da XXVII Festa das Etnias, que ocorrerá no período de 01 à 06 de setembro de 2015, no Pavilhão de Exposições José Ijair Conti - Paço Municipal, no Município Criciúma/SC.","Pregão presencial","Compras e Serviços","MENOR PRECO GLOBAL",2015-08-18,HOMOLOGADO," "," "," ","contratos_94d9cb41-c308-4bb7-8ed1-8c2de8c09f08.csv",2015-08-18T09:01:00Z," ",2015-07-30,2015-08-18," ","despesas_40a32efd-4ee4-4a1d-85b1-e833d28b6fdd.csv"," ",fcc@criciuma.sc.gov.br," ","Rua Coronel Pedro Benedet","Rua Coronel Pedro Benedet",SC,Licitação,2015-08-18T08:00:00Z,"itensVencedores_82686000-33db-4f1c-8e75-b4aa3c1354df.csv",INTERNET," "," "," ","participantes_a0725e15-420d-47e8-a172-b03ab57d54f5.csv",NÃO," ",2015-08-18T09:00:00Z,,128551.2,76900.22
"FUNDAÇÃO CULTURAL DE CRICIÚMA",15,2015,15,2015,2015-08-27,"Constitui objeto do presente instrumento a contratação de produção e organização de 01 (UM) Show Artístico Musical nacional, para única apresentação no dia 04/09/2015 na XXVII FESTA DAS ETNIAS, a ser realizado no período de 01 a 06 de setembro de 2015, no Pavilhão de Exposições José Ijair Conti, localizado na área do Parque Centenário, Rua Domenico Sonego, bairro Santa Bárbara no Município de Criciúma","Inexigibilidade de licitação","Compras e Serviços","MENOR PRECO",2015-08-24,HOMOLOGADO," "," "," ","contratos_3585f916-db84-41e0-a88c-cb74acf8fd37.csv",2015-08-24T08:01:00Z," ",2015-08-24,2015-08-24," ","despesas_6fe4791e-fb65-4c40-96c2-5e3010a7a54e.csv"," ",fcc@criciuma.sc.gov.br," ","Rua Coronel Pedro Benedet","Rua Coronel Pedro Benedet",SC,Licitação,2015-08-24T08:00:00Z,"itensVencedores_d4998f40-0cac-4f5d-b4ea-e3edd2b2a581.csv",INTERNET," "," "," ","participantes_6e5653cb-a197-4557-b151-96ab0e4f4e68.csv",NÃO," ",2015-08-24T08:00:00Z,,20000,20000
"FUNDAÇÃO CULTURAL DE CRICIÚMA",5,2015,5,2015,2015-03-17,"Contratação de empresa, para locação, com montagem e instalação, de forma parcelada, de tendas, para realização de eventos culturais, no município de Criciúma-SC., durante o exercício de 2015.","Pregão presencial","Compras e Serviços","MENOR PRECO GLOBAL",2015-03-31,HOMOLOGADO," "," "," ","contratos_74a9b3fe-997c-42d8-8cc7-61564cc27ae4.csv",2015-03-31T11:00:00Z," ",2015-03-10,2015-03-31," ","despesas_0acedb1f-e451-4e6b-95d3-3f4acb86f4ca.csv"," ",fcc@criciuma.sc.gov.br," ","Rua Coronel Pedro Benedet","Rua Coronel Pedro Benedet",SC,Licitação,2015-03-31T08:00:00Z,"itensVencedores_afad1c8c-cc5c-47d8-9d77-f8d6dd03c957.csv",INTERNET," "," "," ","participantes_ae8c5024-caae-4888-94da-6096333b4074.csv",NÃO," ",2015-03-31T08:00:00Z,,112412,69499.43
"FUNDAÇÃO CULTURAL DE CRICIÚMA",19,2015,19,2015,2015-08-27,"Constitui objeto do presente instrumento a contratação de produção e organização de 01 (UM) Show Artístico Musical nacional, para única apresentação no dia 06/09/2015 na XXVII FESTA DAS ETNIAS, a ser realizada no período de 01 a 06 de setembro de 2015, no Pavilhão de Exposições José Ijair Conti, localizado na área do Parque Centenário, Rua Domenico Sonego, bairro Santa Bárbara no Município de Criciúma","Inexigibilidade de licitação","Compras e Serviços","MENOR PRECO",2015-08-24,HOMOLOGADO," "," "," ","contratos_1dd3d75d-960e-49cf-9b35-5917000b94af.csv",2015-08-24T09:31:00Z," ",2015-08-24,2015-08-24," ","despesas_b39843d4-7c27-4130-a27c-f7b7718eba70.csv"," ",fcc@criciuma.sc.gov.br," ","Rua Coronel Pedro Benedet","Rua Coronel Pedro Benedet",SC,Licitação,2015-08-24T08:00:00Z,"itensVencedores_4cf43641-0d0a-417c-92bd-949a76c3aeb2.csv",MURAL_PUBLICO," "," "," ","participantes_0df71692-ea08-4c3c-ad56-c21573e3057f.csv",NÃO," ",2015-08-24T09:30:00Z,,125000,125000
"FUNDAÇÃO CULTURAL DE CRICIÚMA",22,2015,22,2015,2015-09-22,"Registro de Preços para locação, com montagem e instalação, de forma parcelada, de tendas e palcos, para realização de eventos culturais, no município de Criciúma-SC.","Pregão presencial","Compras e Serviços","MENOR PRECO GLOBAL",2015-10-07,HOMOLOGADO," ","atasRegistroPrecos_c7e2d8a4-f936-4df3-ac70-5b5f98bf3bd4.csv"," "," ",2015-10-06T14:01:00Z," ",2015-09-17,2015-10-06," ","despesas_596d8861-9a8d-4338-9b56-8bcf952932b5.csv"," ",fcc@criciuma.sc.gov.br," ","Rua Coronel Pedro Benedet","Rua Coronel Pedro Benedet",SC,Licitação,2015-10-06T08:00:00Z,"itensVencedores_13363f03-b969-46ef-b15b-1e0f7fa477fb.csv",INTERNET," "," "," ","participantes_0f434328-d6ca-48f0-a4fe-4a855cbd322c.csv",SIM," ",2015-10-06T14:00:00Z,,200000,114500.0
"FUNDAÇÃO CULTURAL DE CRICIÚMA",7,2015,7,2015,2015-03-20,"A presente licitação tem por objetivo a Aquisição de 25 (vinte e cinco) bicicletas,02 (dois) suportes e de 50 (cinqüenta) adesivos (conforme modelo anexo) para bicicletas, objetivando a implementação do Projeto Bike das Nações, no Parque das Nações Cincinato Naspolini pela Fundação Cultural de Criciúma/SC",Convite,"Compras e Serviços","MENOR PRECO GLOBAL",2015-04-10,HOMOLOGADO," "," "," ","contratos_3b67b476-eef8-45be-8e42-89e8ac196547.csv",2015-04-02T16:00:00Z," ",2015-03-20,2015-04-02," ","despesas_7103a6e9-aec3-49ce-a807-2ddfc237b728.csv"," ",fcc@criciuma.sc.gov.br," ","Rua Coronel Pedro Benedet","Rua Coronel Pedro Benedet",SC,Licitação,2015-04-02T08:00:00Z,"itensVencedores_799c247c-8ca6-4578-855c-29fe17c6f7ed.csv",MURAL_PUBLICO," "," "," ","participantes_818c0a3d-897a-4b30-bb41-1c9bb57be5c2.csv",NÃO," ",2015-04-02T15:45:00Z,"Lei 8666/1993, Art. 22, III",15000,14912.5
"FUNDAÇÃO CULTURAL DE CRICIÚMA",17,2015,17,2015,2015-08-27,"Constitui objeto do presente instrumento a contratação de produção e organização de 01 (UM) Show Artístico Musical nacional, para única apresentação no dia 06/09/2015 na XXVII FESTA DAS ETNIAS, a ser realizado no período de 01 a 06 de setembro de 2015, no Pavilhão de Exposições José Ijair Conti, localizado na área do Parque Centenário, Rua Domenico Sonego, bairro Santa Bárbara no Município de Criciúma","Inexigibilidade de licitação","Compras e Serviços","MENOR PRECO",2015-08-24,HOMOLOGADO," "," "," ","contratos_ac56db64-4a77-4ff9-a019-ef16512ea9c8.csv",2015-08-24T08:31:00Z," ",2015-08-24,2015-08-24," ","despesas_eb945bbf-96a4-419b-95f6-bbbb211c7d85.csv"," ",fcc@criciuma.sc.gov.br," ","Rua Coronel Pedro Benedet","Rua Coronel Pedro Benedet",SC,Licitação,2015-08-24T08:00:00Z,"itensVencedores_452cb01a-4c1d-4951-bebf-056c1efe20b0.csv",INTERNET," "," "," ","participantes_1e9df4d1-597b-4e53-b367-8cdb33f6aa5d.csv",NÃO," ",2015-08-24T08:30:00Z,,20000,20000
"FUNDAÇÃO CULTURAL DE CRICIÚMA",21,2015,21,2015,2015-09-01,"O presente Edital tem por objetivo a contratação de prestador de serviços para assessoria, consultoria, orientação em direito administrativo e defensoria jurídica na FUNDAÇÃO CULTURAL de Criciúma/SC",Convite,"Compras e Serviços","MENOR PRECO GLOBAL",2015-09-15,HOMOLOGADO," "," "," ","contratos_99ac5113-d54b-4249-b9d2-cc06c39a3f15.csv",2015-09-11T14:00:00Z," ",2015-09-01,2015-09-11," ","despesas_1eed4703-0e52-441b-933b-6a7a774ce6df.csv"," ",fcc@criciuma.sc.gov.br," ","Rua Coronel Pedro Benedet","Rua Coronel Pedro Benedet",SC,Licitação,2015-09-11T08:00:00Z,"itensVencedores_c71c84be-6c15-45d9-b76c-f43325024d91.csv",MURAL_PUBLICO," "," "," ","participantes_0e19d626-ecd8-47e3-a5ac-a42e8d3d1e7f.csv",NÃO," ",2015-09-11T13:45:00Z,"Lei 8666/1993, Art. 22, III",62400,62400
"FUNDAÇÃO CULTURAL DE CRICIÚMA",24,2015,24,2015,2015-11-17,"Contratação de empresa especializada em show pirotécnico para o evento Natal dos Sonhos 2015, que será realizado pela Fundação Cultura de Criciúma/SC.","Pregão presencial","Compras e Serviços","MENOR PRECO GLOBAL",2015-11-27,REVOGADO," "," "," "," ",2015-11-27T14:01:00Z," ",2015-11-10,2015-11-27,2015-12-14,"despesas_d89ddcbb-d441-48a9-887c-5ceafa9c0f1a.csv"," ",fcc@criciuma.sc.gov.br," ","Rua Coronel Pedro Benedet","Rua Coronel Pedro Benedet",SC,Licitação,2015-11-27T12:30:00Z,"itensVencedores_6936da40-4175-4c43-90d6-3b7d66bc9b92.csv",INTERNET," ","Razões de Interesse Público"," ","participantes_b52ac4ef-ef01-426a-9eb4-e121e32ddaf6.csv",NÃO," ",2015-11-27T14:00:00Z,,24125,21712.5
"FUNDAÇÃO CULTURAL DE CRICIÚMA",6,2015,6,2015,2015-03-20,"Contratação de empresa, para fornecimento de bandeiras, para uso em prédios e parques mantidos pela Fundação Cultural de Criciúma-SC.","Pregão presencial","Compras e Serviços","MENOR PRECO GLOBAL",2015-04-08,HOMOLOGADO," "," "," ","contratos_eaf18852-3262-46a7-9455-7c7777c5ac5f.csv",2015-04-06T14:01:00Z," ",2015-03-18,2015-04-06," ","despesas_2c59d01d-03bb-42bd-8c32-6b1055f9123b.csv"," ",fcc@criciuma.sc.gov.br," ","Rua Coronel Pedro Benedet","Rua Coronel Pedro Benedet",SC,Licitação,2015-04-06T08:00:00Z,"itensVencedores_58f9cd76-2b2e-4ee0-8915-acf113d51e28.csv",INTERNET," "," "," ","participantes_012e050a-91ca-4abc-b08c-42fe064742b5.csv",NÃO," ",2015-04-06T14:00:00Z,,15420,15418.6
"FUNDAÇÃO CULTURAL DE CRICIÚMA",11,2015,11,2015,2015-07-30,"Contratação de empresa, para execução de serviços de limpeza e conservação, para realização da XXVII Festa das Etnias, que ocorrerá no período de 01 à 06 de setembro de 2015, no Pavilhão de Exposições José Ijair Conti - Paço Municipal, no Município Criciúma/SC.","Pregão presencial","Compras e Serviços","MENOR PRECO GLOBAL",2015-08-12,HOMOLOGADO," "," "," ","contratos_1b893882-e7f8-4dc1-8c71-15fb31b12a0f.csv",2015-08-12T09:01:00Z," ",2015-07-29,2015-08-12," ","despesas_f854b2fb-87a7-45eb-bfaa-aec1d88a48ae.csv"," ",fcc@criciuma.sc.gov.br," ","Rua Coronel Pedro Benedet","Rua Coronel Pedro Benedet",SC,Licitação,2015-08-12T08:00:00Z,"itensVencedores_282ea452-8e75-455d-9a63-ead059fbe22b.csv",INTERNET," "," "," ","participantes_a1d62e0c-37e8-4832-b2d0-ab638ea8e906.csv",NÃO," ",2015-08-12T09:00:00Z,,26700,26700
"FUNDAÇÃO CULTURAL DE CRICIÚMA",8,2015,8,2015,2015-03-26,"A presente licitação tem por objetivo a contratação de empresa para fornecimento, de forma parcelada, para impressão de material gráfico, utilizados nos eventos promovidos ou apoiados pela Fundação Cultural de Criciúma/SC",Convite,"Compras e Serviços","MENOR PRECO GLOBAL",2015-04-10,HOMOLOGADO," "," "," ","contratos_123a501d-cbe8-447d-a6a5-1497da962894.csv",2015-04-06T16:00:00Z," ",2015-03-26,2015-04-06," ","despesas_dc13a9f9-9962-421c-b2ea-ab7d17e2c59a.csv"," ",fcc@criciuma.sc.gov.br," ","Rua Coronel Pedro Benedet","Rua Coronel Pedro Benedet",SC,Licitação,2015-04-06T08:00:00Z,"itensVencedores_595a65b2-63ec-48c8-adc1-9a7969f3bd07.csv",MURAL_PUBLICO," "," "," ","participantes_cf90c0de-2a04-4f08-9a4b-01df56022810.csv",NÃO," ",2015-04-06T15:45:00Z,"Lei 8666/1993, Art. 22, III",78565,74112
"FUNDAÇÃO CULTURAL DE CRICIÚMA",20,2015,20,2015,2015-08-28,"Constitui objeto do presente instrumento a contratação de produção e organização de 01 (UM) Show Artístico Musical nacional, para única apresentação no dia 02/09/2015 na XXVII FESTA DAS ETNIAS, a ser realizada no período de 01 a 06 de setembro de 2015, no Pavilhão de Exposições José Ijair Conti, localizado na área do Parque Centenário, Rua Domenico Sonego, bairro Santa Bárbara no Município de Criciúma","Inexigibilidade de licitação","Compras e Serviços","MENOR PRECO",2015-08-27,HOMOLOGADO," "," "," ","contratos_c59948ff-5455-435d-9a09-1dbe76f85ebb.csv",2015-08-27T08:01:00Z," ",2015-08-27,2015-08-27," ","despesas_6fa60439-b2fa-4fc3-bb8d-e148f0d581a4.csv"," ",fcc@criciuma.sc.gov.br," ","Rua Coronel Pedro Benedet","Rua Coronel Pedro Benedet",SC,Licitação,2015-08-27T08:00:00Z,"itensVencedores_6789e5c4-8704-4d11-bbf9-51ab1f609f01.csv",MURAL_PUBLICO," "," "," ","participantes_bdd9e2af-b5ce-4343-9aac-3e99b8c6aeac.csv",NÃO," ",2015-08-27T08:00:00Z,,40000,40000
"FUNDAÇÃO CULTURAL DE CRICIÚMA",9,2015,9,2015,2015-03-27,"Contratação de empresa para fornecimento, de forma parcelada, de produtos diversos, para realização de coquetéis e Coffe Break, utilizados em eventos promovidos ou apoiados pela Fundação Cultural de Criciúma/SC.",Convite,"Compras e Serviços","MENOR PRECO GLOBAL",2015-07-14,HOMOLOGADO," "," "," ","contratos_e6255411-b8e5-42e8-a646-b2a8e0f5db3f.csv",2015-05-14T16:00:00Z," ",2015-03-27,2015-05-14," ","despesas_78996e3e-2c06-4062-acd9-c961bb388b4b.csv"," ",fcc@criciuma.sc.gov.br," ","Rua Coronel Pedro Benedet","Rua Coronel Pedro Benedet",SC,Licitação,2015-05-14T08:00:00Z,"itensVencedores_541e63c5-baf3-4e92-9671-7e476d3073fd.csv",MURAL_PUBLICO," "," "," ","participantes_7957092c-42b6-48a9-ad8d-d2a55bf6064a.csv",NÃO," ",2015-05-14T15:45:00Z,"Lei 8666/1993, Art. 22, III",44368,44217.85
"FUNDO M.DOS DIR.DA CRIANCA E DO ADOLESC.- CRICIUMA",1,2015,1,2015,2015-03-24,"O presente edital tem por objetivo a Aquisição de Material Gráfico para suprir as necessidades do FIA (Fundo Municipal dos Direitos da Criança e do Adolescente) do Municipio de Criciuma - SC, de acordo com as especificações e determinações previstas nos termos da minuta contratual (anexo V), demais anexos que fazem parte integrante deste edital.",Convite,"Compras e Serviços","MENOR PRECO GLOBAL",2015-04-16,Homologado," "," ",Criciúma,"contratos_112770d8-5a6e-4325-92c5-762864592868.csv",2015-04-01T11:00:00Z," ",2015-03-24,2015-04-01," ","despesas_0df30cde-f238-427e-b745-c08fbeb2fa11.csv","documentosRelacionados_b654bef8-2a7c-4657-b5d6-597d392b3365.csv"," "," "," "," ",SC,Licitação,2015-04-01T08:00:00Z,"itensVencedores_3d18925b-6644-4f18-a4bb-db870095a0af.csv","Mural Público"," "," ","NELI SEHNEM DOS SANTOS","participantes_dcbd5f1b-481e-4fff-ad74-90b6a2c608db.csv",NÃO," ",2015-04-01T10:45:00Z," "," "," "
"FUNDO M.DOS DIR.DA CRIANCA E DO ADOLESC.- CRICIUMA",2,2015,2,2015,2015-12-02,"Registro de Preços de COFFEE BREAK, para aquisições futuras, no atendimento em eventos realizados no FUNDO MUNICIPAL DOS DIREITOS DAS CRIANÇAS E ADOLESCENTES de Criciúma.","Pregão presencial","Compras e Serviços","MENOR PRECO GLOBAL",2016-01-13,Homologado," ","atasRegistroPrecos_77cae88f-6027-4bfb-a9b2-8e0f01d4a267.csv",Criciúma," ",2016-01-04T14:00:00Z," ",2015-12-02,2016-01-04," ","despesas_960588b1-efa4-40d6-a64a-3bd878344bc5.csv","documentosRelacionados_3d3e2f84-36dd-4c0e-a25e-927c493fafb2.csv"," "," "," "," ",SC,Licitação,2016-01-04T12:30:00Z,"itensVencedores_0ec98283-b528-4f26-b1cb-9e291256524f.csv","Mural Público"," "," ","NELI SEHNEM DOS SANTOS","participantes_a844c563-ae2f-49f2-88fc-488e46b2ca05.csv",SIM," ",2016-01-04T14:00:00Z," "," "," "
"FUNDO MUNICIPAL DE ASSISTENCIA SOCIAL DE CRICIUMA",13,2015,13,2015,2015-05-04,"O presente edital tem por objetivo a contratação de empresa do ramo de LOCAÇÃO DE AUTOMÓVEL para uso do Abrigo Lar Azul, da Secretaria Municipal de Assistência Social do Município de Criciúma - SC.","Pregão presencial","Compras e Serviços","MENOR PRECO GLOBAL",2015-05-25,HOMOLOGADO," "," "," ","contratos_87c5021e-8d7a-4d7b-ab68-1cdc2545a3fc.csv",2015-05-15T14:01:00Z," ",2015-04-29,2015-05-15," ","despesas_25cad03a-3553-4a11-9a22-8766f3e93975.csv"," ",," ","Rua Domênico Sônego.","Rua Domênico Sônego.",SC,Licitação,2015-05-15T08:00:00Z,"itensVencedores_167c4105-cb9f-4c00-8451-da3968f93d00.csv",INTERNET," "," "," ","participantes_763f8df8-c86c-4afb-9c33-bfe009ff0f76.csv",NÃO," ",2015-05-15T14:00:00Z,,43200,26400
"FUNDO MUNICIPAL DE ASSISTENCIA SOCIAL DE CRICIUMA",17,2015,17,2015,2015-07-17,"Aquisição de 5.000 exemplares da Revista Especial em quadrinhos sobre o tema Toda Criança que ser Criança  da Turma da Mônica, destinados ao desenvolvimento das Ações Estratégicas do PETI - PROGRAMA DE ERRADICAÇÃO DO TRABALHO INFANTIL do Município de Criciúma/SC.","Inexigibilidade de licitação","Compras e Serviços","MENOR PRECO GLOBAL",2015-07-16,HOMOLOGADO," "," "," ","contratos_ae52abd9-a8a5-404a-808b-c6e8ef6d4611.csv",2015-07-16T08:01:00Z," ",2015-07-16,2015-07-16," ","despesas_ce9b6cc3-f203-4730-80d1-9009df581aa4.csv"," ",," ","Rua Domênico Sônego.","Rua Domênico Sônego.",SC,Licitação,2015-07-16T08:00:00Z,"itensVencedores_2dcd4254-611f-466f-a2af-95d8f2773b22.csv",MURAL_PUBLICO," "," "," ","participantes_c86b5aa0-7763-4960-89b9-d6dcb09263b7.csv",NÃO," ",2015-07-16T08:00:00Z,,9972,9972
"FUNDO MUNICIPAL DE ASSISTENCIA SOCIAL DE CRICIUMA",12,2015,12,2015,2015-05-04,"Contratação de serviços  especializados para realização de palestras, seminários e/ou conferencias, para capacitar a equipe técnica do CREAS, de forma a torná-los aptos para melhor atender a demanda de usuários desta Unidade, firmado pela Secretaria Municipal de Assistência Social do Município de Criciúma - SC.","Pregão presencial","Compras e Serviços","MENOR PRECO GLOBAL",2015-05-19,HOMOLOGADO," "," "," ","contratos_285a5840-8564-4eb4-9f3d-cd157d28cea7.csv",2015-05-15T11:01:00Z," ",2015-04-28,2015-05-15," ","despesas_6925e90a-a1c3-48bd-a27b-871f21449089.csv"," ",," ","Rua Domênico Sônego.","Rua Domênico Sônego.",SC,Licitação,2015-05-15T08:00:00Z,"itensVencedores_5acde536-c1ed-45f4-859b-6f360cdc552f.csv",INTERNET," "," "," ","participantes_591764ee-ba72-4981-961a-fec51360189d.csv",NÃO," ",2015-05-15T11:00:00Z,,9900,9900
"FUNDO MUNICIPAL DE ASSISTENCIA SOCIAL DE CRICIUMA",18,2015,18,2015,2015-07-23,"Contratação de empresa de engenharia, para execução das obras de reforma do prédio da CASA DE PASSAGEM SÃO JOSÉ, com área total de 406,85 m², localizado na rua Giácomo Sonego Netto - bairro Pinheirinho no município de Criciúma.","Tomada de Preço","Obras e Serviços de Engenharia","MENOR PRECO GLOBAL",2015-08-26,HOMOLOGADO," "," "," ","contratos_13c79cec-fc44-4b75-9d46-8a293145a8b7.csv",2015-08-11T14:00:00Z," ",2015-07-21,2015-08-11," ","despesas_7b7f7316-ec68-4023-9165-3492bdc5a298.csv"," ",," ","Rua Domênico Sônego.","Rua Domênico Sônego.",SC,Licitação,2015-08-11T08:00:00Z,"itensVencedores_6876bb08-1b1b-4e82-8e01-caf47469aacd.csv",DIARIO_OFICIAL_UNIAO," "," "," ","participantes_148791d5-4886-46e3-8cb2-776991d08448.csv",NÃO," ",2015-08-11T13:45:00Z,"Lei 8666/1993, Art. 22, II",326055.91,277800
"FUNDO MUNICIPAL DE ASSISTENCIA SOCIAL DE CRICIUMA",1,2015,1,2015,2015-02-11,"Contratação de empresa de engenharia, para execução das obras de reforma de uma área de 256,15m² do prédio do CRAS TEREZA CRISTINA,  localizado na rua João Spillere - bairro  Tereza Cristina no Município de Criciúma.","Tomada de Preço","Obras e Serviços de Engenharia","MENOR PRECO GLOBAL",2015-03-26,HOMOLOGADO," "," "," ","contratos_59656ec0-4b9e-484c-8594-012a24cfe7ee.csv",2015-03-03T14:00:00Z," ",2015-02-11,2015-03-03," ","despesas_87b7b59c-68b4-4f76-a2fc-4df4106e9ae8.csv"," ",," ","Rua Domênico Sônego.","Rua Domênico Sônego.",SC,Licitação,2015-03-03T08:00:00Z,"itensVencedores_31a726a8-6abb-4314-8c0f-e7ebcb523b26.csv",MURAL_PUBLICO," "," "," ","participantes_3bad350b-d0c7-4455-baa6-f2621e560cd8.csv",NÃO," ",2015-03-03T13:45:00Z,"Lei 8666/1993, Art. 22, II",303539.16,270764.11
"FUNDO MUNICIPAL DE ASSISTENCIA SOCIAL DE CRICIUMA",14,2015,14,2015,2015-05-15,"Registro de Preços de material gráfico, para atendimento as atividades do CRAS (Centro de Referencia de Assistência Social) e CREAS (Centro de Referencia Especializado de Assistência Social) da Secretaria do Fundo Municipal de Assistência Social de Criciúma/SC.","Pregão presencial","Compras e Serviços","MENOR PRECO GLOBAL",2015-08-04,HOMOLOGADO," ","atasRegistroPrecos_c09167db-988e-44b9-b77e-62d1bc7ca9fb.csv"," "," ",2015-08-03T14:01:00Z," ",2015-05-13,2015-08-03," ","despesas_af484ed1-cb8b-4f69-b745-c821fa93c9a3.csv"," ",," ","Rua Domênico Sônego.","Rua Domênico Sônego.",SC,Licitação,2015-08-03T08:00:00Z,"itensVencedores_10f6b4b2-dc7c-41a4-b938-2eb7f8365d9f.csv",INTERNET," "," "," ","participantes_98536c7a-7057-450d-a60f-9464f3ccf7ec.csv",SIM," ",2015-08-03T14:00:00Z,,183655,152590
"FUNDO MUNICIPAL DE ASSISTENCIA SOCIAL DE CRICIUMA",16,2015,16,2015,2015-07-14,"A presente Licitação tem por objeto, a contratação de serviços especializados no controle ambiental de insetos (desinsetização, desratização e descupinização) das unidades da rede e demais órgãos pertencentes e de responsabilidade da Secretaria Municipal de Assistência Social de Criciúma-SC",Convite,"Compras e Serviços","MENOR PRECO GLOBAL",2015-08-06,HOMOLOGADO," "," "," ","contratos_8df1ea7f-e41d-41cb-b844-c4135daf9787.csv",2015-07-24T16:00:00Z," ",2015-07-14,2015-07-24," ","despesas_7427b3f6-1c8d-4715-9309-fbcd69a4a48b.csv"," ",," ","Rua Domênico Sônego.","Rua Domênico Sônego.",SC,Licitação,2015-07-24T08:00:00Z,"itensVencedores_8b999ae7-a10d-42cd-84ce-1e06df19e5f7.csv",MURAL_PUBLICO," "," "," ","participantes_e3783d8f-adad-49f5-9782-a9512f318cb7.csv",NÃO," ",2015-07-24T15:45:00Z,"Lei 8666/1993, Art. 22, III",23400,21840
"FUNDO MUNICIPAL DE ASSISTENCIA SOCIAL DE CRICIUMA",15,2015,15,2015,2015-05-21,"Registro de Preços de ROUPAS MASCULINAS, GENEROS ALIMENTÍCIOS/GULOSEIMAS E CAMA/MESA, para aquisições futuras no atendimento aos usuários do Abrigo Lar Azul da Secretaria do Sistema Social de Criciúma/SC.","Pregão presencial","Compras e Serviços","MENOR PREÇO GLOBAL POR LOTE",2015-07-28,HOMOLOGADO," ","atasRegistroPrecos_6fc6ebac-14d6-437c-a2c3-7e1ca876a749.csv"," "," ",2015-07-27T14:01:00Z," ",2015-05-18,2015-07-27," ","despesas_ee2e7915-106c-4a96-8ddb-921b818b6e3b.csv"," ",," ","Rua Domênico Sônego.","Rua Domênico Sônego.",SC,Licitação,2015-07-27T08:00:00Z,"itensVencedores_cac32034-26e3-4937-b531-04eeb7a75f07.csv",INTERNET," "," "," ","participantes_139f0996-f648-4764-ba63-41eb07a763b5.csv",SIM," ",2015-07-27T14:00:00Z,,37299.69,24921.6
"FUNDO MUNICIPAL DE ASSISTENCIA SOCIAL DE CRICIUMA",19,2015,19,2015,2015-07-28,"Registro de preços de GÊNEROS ALIMENTÍCIOS PARA COMPOSIÇÃO DE CESTAS BÁSICAS, para aquisições futuras no atendimento as famílias em situação de vulnerabilidade social atendidas pelo CRAS (Centro de Referência de Assistência Social), pertencente a Secretaria de Assistência Social de Criciúma/SC.","Pregão presencial","Compras e Serviços","MENOR PRECO GLOBAL",2015-08-11,HOMOLOGADO," ","atasRegistroPrecos_641c8f8a-cfc4-457d-b230-40c48b9be03f.csv"," "," ",2015-08-11T09:01:00Z," ",2015-07-24,2015-08-11," ","despesas_041a5690-ea4c-42fe-95f4-80eceb7af500.csv"," ",," ","Rua Domênico Sônego.","Rua Domênico Sônego.",SC,Licitação,2015-08-11T08:00:00Z,"itensVencedores_015ef4a1-5fec-45f2-877d-f0c5ea644719.csv",INTERNET," "," "," ","participantes_74c0182f-ccf8-4d28-bf20-51d1d95bec59.csv",SIM," ",2015-08-11T09:00:00Z,,15887.7,14363.0
"FUNDO MUNICIPAL DE ASSISTENCIA SOCIAL DE CRICIUMA",23,2015,23,2015,2015-11-19,"O presente Edital tem por objetivo a aquisição de microcomputadores, para atendimento ao CREAS (Centro de Referência de Assistência Social), pertencente a Secretaria Municipal de Assistência Social de Criciúma/SC.","Pregão presencial","Compras e Serviços","MENOR PRECO POR ITEM",2015-12-03,HOMOLOGADO," "," "," ","contratos_0df3ed78-8562-44ba-ab05-f6dbf9dd44ec.csv",2015-12-02T16:01:00Z," ",2015-11-16,2015-12-02," ","despesas_fa28a6d7-65a1-4274-9f3c-68ad9d0a0b42.csv"," ",," ","Rua Domênico Sônego.","Rua Domênico Sônego.",SC,Licitação,2015-12-02T12:30:00Z,"itensVencedores_7749d517-f571-4a70-9a53-c6f48f47ac45.csv",INTERNET," "," "," ","participantes_5688253c-4459-412b-88ac-6513e62b6502.csv",NÃO," ",2015-12-02T16:00:00Z,,23922,23922
"FUNDO MUNICIPAL DE ASSISTENCIA SOCIAL DE CRICIUMA",2,2015,2,2015,2015-02-20,"Registro de preços de GÊNEROS ALIMENTÍCIOS E MATERIAL DE HIGIENE PARA COMPOSIÇÃO DE CESTAS BÁSICAS, para aquisições futuras no atendimento a famílias acompanhadas pelos benefícios eventuais atendidas pela Secretaria de Assistência Social de Criciúma/SC.","Pregão presencial","Compras e Serviços","MENOR PREÇO GLOBAL POR LOTE",2015-03-04,HOMOLOGADO," ","atasRegistroPrecos_7e5d17fd-d8cd-4c14-81c5-8589d95cc3f6.csv"," "," ",2015-03-04T11:01:00Z," ",2015-02-13,2015-03-04," ","despesas_6d2a3b4b-daa1-45c2-bf64-8cd1e5224f70.csv"," ",," ","Rua Domênico Sônego.","Rua Domênico Sônego.",SC,Licitação,2015-03-04T08:00:00Z,"itensVencedores_4299240a-d6f1-40db-ad38-fb662d66779d.csv",INTERNET," "," "," ","participantes_42bfac3d-dad4-4253-8117-eeadd5422ee1.csv",SIM," ",2015-03-04T11:00:00Z,,340128,290448.0
"FUNDO MUNICIPAL DE ASSISTENCIA SOCIAL DE CRICIUMA",3,2015,3,2015,2015-02-25,"REGISTRO DE PREÇOS de PRODUTOS DE HIGIENE PESSOAL, para suprir as necessidades do Abrigo Lar Azul, Casa de Passagem, Centro POP e Abrigo da Mulher da Secretaria Municipal de Assistência Social de Criciúma/SC.","Pregão presencial","Compras e Serviços","MENOR PRECO POR ITEM",2015-03-20,HOMOLOGADO," ","atasRegistroPrecos_e5e633dd-e5fa-4892-b841-adde94f50219.csv"," "," ",2015-03-17T09:01:00Z," ",2015-02-24,2015-03-17," ","despesas_130ea176-1609-4179-9b75-6b165b75b365.csv"," ",," ","Rua Domênico Sônego.","Rua Domênico Sônego.",SC,Licitação,2015-03-17T08:00:00Z,"itensVencedores_1c05d035-df00-43e5-8a68-785ebf8abb63.csv",INTERNET," "," "," ","participantes_2ef559a7-a325-4b09-addb-0993f8c0eff1.csv",SIM," ",2015-03-17T09:00:00Z,,25604.7,13305.4
"FUNDO MUNICIPAL DE ASSISTENCIA SOCIAL DE CRICIUMA",10,2015,10,2015,2015-04-13,"Registro de preços de GÊNEROS ALIMENTÍCIOS PARA COMPOSIÇÃO DE CESTAS BÁSICAS, para aquisições futuras no atendimento aos beneficiários do programa Inclusão Social (Lei 4291/02), e Programa de Integração Profissional Mudando o Rumo (lei 6.505/2014), pertencente a Secretaria de Assistência Social de Criciúma/SC.","Pregão presencial","Compras e Serviços","MENOR PRECO GLOBAL",2015-05-12,HOMOLOGADO," ","atasRegistroPrecos_58b03e38-6430-421b-a0c1-62f7b6f09a9c.csv"," "," ",2015-05-08T09:01:00Z," ",2015-04-13,2015-05-08," ","despesas_5c7ca41b-897e-403d-b7c8-24a7ee7c1dc4.csv"," ",," ","Rua Domênico Sônego.","Rua Domênico Sônego.",SC,Licitação,2015-05-08T08:00:00Z,"itensVencedores_09d2f9b1-e956-4d42-a6b3-fa69c5ae177a.csv",INTERNET," "," "," ","participantes_58b256fa-5811-4b1f-a1ba-63f86baa20ae.csv",SIM," ",2015-05-08T09:00:00Z,,248130,210499.99
"FUNDO MUNICIPAL DE ASSISTENCIA SOCIAL DE CRICIUMA",24,2015,24,2015,2015-12-09,"O presente Edital tem por objetivo a aquisição de móveis, ar condicionado e microcomputadores, para atendimento as unidades de proteção básica, pertencente a Secretaria Municipal de Assistência Social de Criciúma/SC. CONVÊNIO: Nº813648/14.","Pregão presencial","Compras e Serviços","MENOR PRECO POR ITEM",2016-01-04,HOMOLOGADO," "," "," ","contratos_d5d4b811-8346-4c9c-8a5e-f6118344034b.csv",2015-12-23T13:31:00Z," ",2015-11-18,2015-12-23," ","despesas_f77a852f-bae4-4f62-a3ae-a0ba89f09d41.csv"," ",," ","Rua Domênico Sônego.","Rua Domênico Sônego.",SC,Licitação,2015-12-23T12:30:00Z,"itensVencedores_6f66c024-8fbf-4892-9c88-149146fa6636.csv",INTERNET," "," "," ","participantes_edd9a6c7-b4f1-4599-be14-60edefdabfd7.csv",NÃO," ",2015-12-23T13:30:00Z,,105671,86764.3
"FUNDO MUNICIPAL DE ASSISTENCIA SOCIAL DE CRICIUMA",26,2015,26,2015,2015-12-01,"O presente Edital tem por objetivo a aquisição e instalação de grades para portas e janelas do CENTRO POP, pertencente a Secretaria Municipal de Assistência Social de Criciúma/SC.","Pregão presencial","Compras e Serviços","MENOR PRECO GLOBAL",2016-01-04,HOMOLOGADO," "," "," ","contratos_3aa6dfc6-7d43-4f9c-96af-422be7692e1f.csv",2015-12-18T14:00:00Z," ",2015-11-30,2015-12-18," ","despesas_f9d14f47-7722-4c4c-9529-d6a20e67bd58.csv"," ",," ","Rua Domênico Sônego.","Rua Domênico Sônego.",SC,Licitação,2015-12-18T12:30:00Z,"itensVencedores_91f5cb11-9998-4079-b350-127770d3c0d8.csv",INTERNET," "," "," ","participantes_a813503f-7b98-4078-96b5-d208028e92c0.csv",NÃO," ",2015-12-18T12:30:00Z,,9615.33,9614
"FUNDO MUNICIPAL DE ASSISTENCIA SOCIAL DE CRICIUMA",21,2015,21,2015,2015-08-27,"A presente licitação tem por objetivo a contratação de empresa especializada, para fornecimento de peças e serviços, para uso na manutenção dos aparelhos de ar condicionado, em atendimento às Unidades de CRAS (Centro de Referência de Assistência Social), CREAS (Centro de Referência Especializado de Assistência Social), Casa de Passagem e Abrigos da Secretaria do Sistema Social de Criciúma - SC.","Pregão presencial","Compras e Serviços","MENOR PRECO GLOBAL",2015-09-18,HOMOLOGADO," "," "," ","contratos_2aa56998-f031-4768-ba60-963d84f14fa6.csv",2015-09-10T09:01:00Z," ",2015-08-24,2015-09-10," ","despesas_6412e4c4-d11e-4582-afc9-75ca6e51e7b3.csv"," ",," ","Rua Domênico Sônego.","Rua Domênico Sônego.",SC,Licitação,2015-09-10T08:00:00Z,"itensVencedores_fb65737d-ef4a-454e-aaf9-3df0d19a050e.csv",INTERNET," "," "," ","participantes_9f433825-d1dd-447d-8cae-cfd272ec69d6.csv",NÃO," ",2015-09-10T09:00:00Z,,39968.7,30100.4
"FUNDO MUNICIPAL DE ASSISTENCIA SOCIAL DE CRICIUMA",4,2015,4,2015,2015-02-25,"O presente Edital tem por objetivo a contratação de empresa do ramo de locação de automóvel para uso do (CREAS)  Centro de Referência Especializada de Assistência Social, da Secretaria Municipal de Assistência Social de Criciúma/SC",Convite,"Compras e Serviços","MENOR PRECO GLOBAL",2015-03-25,HOMOLOGADO," "," "," ","contratos_666953d3-b1c2-4048-9612-5b4e822f5383.csv",2015-03-12T14:00:00Z," ",2015-02-25,2015-03-12," ","despesas_3f5ef790-0e40-41c2-afbf-59c9ea2e1c48.csv"," ",," ","Rua Domênico Sônego.","Rua Domênico Sônego.",SC,Licitação,2015-03-12T08:00:00Z,"itensVencedores_4a85155e-16e6-4894-872a-48aef0a1f98c.csv",MURAL_PUBLICO," "," "," ","participantes_c7933d84-cc9e-4de6-9ef5-80b07ad27ea2.csv",NÃO," ",2015-03-12T13:45:00Z,"Lei 8666/1993, Art. 22, III",46800,46320
"FUNDO MUNICIPAL DE ASSISTENCIA SOCIAL DE CRICIUMA",9,2015,9,2015,2015-04-16,"Aquisições de camisetas para suprir as necessidades do CRAS (Centro de Referência de Assistência Social), IGD (Bolsa Família), CREAS (Centro de Referência Especializado de Assistência Social), Projovem Adolescente, Abrigos (Lar Azul, Mulher e Casa de Passagem) e FIA (Fundo Municipal dos Direitos da Criança e do Adolescente) do município de Criciúma/SC.","Pregão presencial","Compras e Serviços","MENOR PRECO GLOBAL",2015-05-07,HOMOLOGADO," ","atasRegistroPrecos_91f98e6d-97bc-4708-9b6f-4b4b56d06341.csv"," "," ",2015-05-05T14:01:00Z," ",2015-04-13,2015-05-05," ","despesas_8a5efa24-7820-49f3-b75b-b1f684f4762b.csv"," ",," ","Rua Domênico Sônego.","Rua Domênico Sônego.",SC,Licitação,2015-05-05T08:00:00Z,"itensVencedores_57bb9ff1-edd4-468e-8e1b-22c66ba9e33a.csv",INTERNET," "," "," ","participantes_abe881de-a1c8-48c2-bf2d-9b69714bd00a.csv",SIM," ",2015-05-05T14:00:00Z,,47250,40000
"FUNDO MUNICIPAL DE ASSISTENCIA SOCIAL DE CRICIUMA",7,2015,7,2015,2015-04-16,"O presente edital tem por objetivo a contratação de empresa especializada em realização de evento, para realização da Capacitação, Assessoria e Supervisão Técnica para implementação do Serviço de Família Acolhedora no SUAS, firmado pela Secretaria Municipal de Assistência Social do Município de Criciúma - SC.","Pregão presencial","Compras e Serviços","MENOR PRECO GLOBAL",2015-05-07,HOMOLOGADO," "," "," ","contratos_f1ee65a1-35d9-4119-a00f-d443317e4fb0.csv",2015-05-05T09:01:00Z," ",2015-04-13,2015-05-05," ","despesas_62dba682-48a1-466a-bd21-226a6f62b6d6.csv"," ",," ","Rua Domênico Sônego.","Rua Domênico Sônego.",SC,Licitação,2015-05-05T08:00:00Z,"itensVencedores_623b15e3-0aca-463f-8d09-59f4771e5fd9.csv",INTERNET," "," "," ","participantes_eb98a779-c2f4-4224-8a6e-2669838b6975.csv",NÃO," ",2015-05-05T09:00:00Z,,20001.6,19968
"FUNDO MUNICIPAL DE ASSISTENCIA SOCIAL DE CRICIUMA",8,2015,8,2015,2015-05-08,"A presente licitação tem por objetivo a contratação de empresas, para execução, sem fornecimento de materiais, de pequenos reparos nas Unidades da Secretaria de Assistência Social do Município de Criciúma/SC.","Pregão presencial","Compras e Serviços","MENOR PRECO GLOBAL",2015-05-13,HOMOLOGADO," "," "," ","contratos_ac59cc03-8651-4518-aa1d-79019ccb33b1.csv",2015-05-08T15:31:00Z," ",2015-04-13,2015-05-08," ","despesas_aaa017d0-2348-41bd-a203-ac94abc18b87.csv"," ",," ","Rua Domênico Sônego.","Rua Domênico Sônego.",SC,Licitação,2015-05-08T08:00:00Z,"itensVencedores_9ab7d4ca-15c9-4098-9783-aefa382f4f3e.csv",INTERNET," "," "," ","participantes_22d32cd5-a1a6-4da4-91fe-3d76806ec1d6.csv",NÃO," ",2015-05-08T15:30:00Z,,195000,195000
"FUNDO MUNICIPAL DE ASSISTENCIA SOCIAL DE CRICIUMA",20,2015,20,2015,2015-08-21,"O presente edital tem por objetivo a contratação de empresa especializada em realização de evento, para realização de uma apresentação teatral com o tema: CARTÃO VERMELHO AO TRABALHO AO TRABALHO INFANTIL, firmado pela Secretaria Municipal de Assistência Social do Município de Criciúma - SC.","Pregão presencial","Compras e Serviços","MENOR PRECO GLOBAL",2015-09-08,HOMOLOGADO," "," "," ","contratos_ac96474e-600e-487d-8885-ecc9f5f62076.csv",2015-09-04T14:01:00Z," ",2015-08-19,2015-09-04," ","despesas_775e99df-db84-4f95-abb5-d0bd14980a63.csv"," ",," ","Rua Domênico Sônego.","Rua Domênico Sônego.",SC,Licitação,2015-09-04T08:00:00Z,"itensVencedores_807991ed-926c-4fef-9af7-2cbdf1ff5b52.csv",INTERNET," "," "," ","participantes_77877987-2cf1-4b19-8d08-55794681b5f9.csv",NÃO," ",2015-09-04T14:00:00Z,,8500,7700
"FUNDO MUNICIPAL DE ASSISTENCIA SOCIAL DE CRICIUMA",6,2015,6,2015,2015-04-23,"REGISTRO DE PREÇOS DE GENEROS ALIMENTÍCIOS, para atendimento às unidades sócio-educativas dos CRAS (Centro de Referencia de Assistência Social), CREAS (Centros de Referencia Especializados em Assistência Social), Casa de Passagem e Abrigos da Secretaria do Sistema Social de Criciúma/SC.","Pregão presencial","Compras e Serviços","MENOR PRECO POR ITEM",2015-07-08,HOMOLOGADO," ","atasRegistroPrecos_bc571f75-6ef5-4d16-8b91-c1c9a5171c9d.csv"," "," ",2015-05-12T09:01:00Z," ",2015-04-13,2015-05-12," ","despesas_d74d68e8-8bba-4324-9b48-beec2cc6273e.csv"," ",," ","Rua Domênico Sônego.","Rua Domênico Sônego.",SC,Licitação,2015-05-12T08:00:00Z,"itensVencedores_71ef260a-5b3e-4ffe-a29c-75fbd338755b.csv",INTERNET," "," "," ","participantes_6d23e65e-13af-4d91-aa78-09f30608d68c.csv",SIM," ",2015-05-12T09:00:00Z,,1426904.7,1067120.0
"FUNDO MUNICIPAL DE ASSISTENCIA SOCIAL DE CRICIUMA",25,2015,25,2015,2016-12-16,"Registro de Preços de COFFEE BREAK, para aquisições futuras, no atendimento em eventos realizados da Secretaria Municipal de Assistência Social do Município de Criciúma","Pregão presencial","Compras e Serviços","MENOR PRECO GLOBAL",2016-01-13,HOMOLOGADO," ","atasRegistroPrecos_45b3cb22-8fea-4e3b-aacb-b0ec6373b939.csv"," "," ",2016-01-04T15:31:00Z," ",2015-11-23,2016-01-04," ","despesas_35190739-7549-42b7-91f2-d042d8215fc7.csv"," ",," ","Rua Domênico Sônego.","Rua Domênico Sônego.",SC,Licitação,2016-01-04T12:30:00Z,"itensVencedores_4b3d0186-5518-4e83-97e5-65dd3fb149be.csv",INTERNET," "," "," ","participantes_4ddadf02-29d1-4392-87be-0f1775e2c71c.csv",SIM," ",2016-01-04T15:30:00Z,,80099,78197.93
"FUNDO MUNICIPAL DE ASSISTENCIA SOCIAL DE CRICIUMA",22,2015,22,2015,2015-09-01,"Constitui objeto do presente contrato a locação de imóvel(01 casa) situado no endereço: Rua Rodrigues Alves, nº 31, Bairro Michel, Criciúma/SC, para funcionamento do Serviço de Acolhimento aos usuários da Casa de Passagem São José, da Secretaria de Assistência Social de Criciúma/SC.","Dispensa de licitação","Compras e Serviços","MENOR PRECO GLOBAL",2015-08-31,HOMOLOGADO," "," "," ","contratos_fc4778df-24b3-4304-a5f3-5fb83f15bb35.csv",2015-08-31T08:01:00Z," ",2015-08-31,2015-08-31," ","despesas_cbae4be6-a909-43c6-a723-7d1320494286.csv"," ",," ","Rua Domênico Sônego.","Rua Domênico Sônego.",SC,Licitação,2015-08-31T08:00:00Z,"itensVencedores_7f821ce0-2e7b-4103-9b85-595e9cc16a29.csv",INTERNET," "," "," ","participantes_a6196267-76a3-433a-987f-0dcf9fb62153.csv",NÃO," ",2015-08-31T08:00:00Z,,27600,27600
