descricao,id,quantidade,situacao,unidadeMedida,valorTotal,valorUnitario
"ALTERNADOR DR37A 14V 120ª",0,1,VENCEU," ",2390.87,2390.87
"ANEL DE AJUSTE ROLAMENTO",0,1,VENCEU," ",17.93,17.93
"BARRA DO LIMPADOR LE/LD",0,1,VENCEU," ",78.2,78.2
"BATERIA 60AH",0,1,VENCEU," ",322.77,322.77
"BOBINA DE IGNICAO 4 PINOS",0,1,VENCEU," ",662.47,662.47
"BOMBA DE COMBUSTIVEL (REFIL) 3,0 BAR",0,1,VENCEU," ",306.83,306.83
"BRACO DO LIMPADOR LE/LD",0,1,VENCEU," ",106.59,106.59
"BUZINA UNIVERSAL",0,1,VENCEU," ",87.67,87.67
"CHAVE MAGNETICA PARTIDA 12V",0,1,VENCEU," ",490.63,490.63
"CHAVE SETA INTERMITENTE C/VELOCIDADE",0,1,VENCEU," ",1985.42,1985.42
"CHICOTE FAROL",0,1,VENCEU," ",99.62,99.62
"COMUTADOR DE IGNIÇÃO",0,1,VENCEU," ",137.48,137.48
CORREIA,0,1,VENCEU," ",89.66,89.66
"ESTATOR P/ ALTERNADOR 12V 70ª",0,1,VENCEU," ",657.49,657.49
"FAROL AUXILIAR H11 LD/LE",0,1,VENCEU," ",739.18,739.18
"FAROL PRINCIPAL H4/W5W/ PY21W LE",0,1,VENCEU," ",1926.64,1926.64
"FAROL PRINCIPAL H4/W5W/PY21W LD",0,1,VENCEU," ",1926.64,1926.64
"GARFO DA PARTIDA CITROEN",0,1,VENCEU," ",34.87,34.87
"IMPULSOR DE PARTIDA 9 DENTES",0,1,VENCEU," ",154.41,154.41
"INTERRUPTOR LUZ DE RE",0,1,VENCEU," ",89.66,89.66
"INTERRUPTOR DE TEMPERATURA.",0,1,VENCEU," ",144.45,144.45
"KIT BUCHAS MOTOR DE PARTIDA",0,1,VENCEU," ",51.8,51.8
"LAMPADA 1 POLO GRANDE 12V",0,2,VENCEU," ",13.94,6.97
"LAMPADA 1 POLO GRANDE 12V 21W AMBAR",0,2,VENCEU," ",39.84,19.92
"LAMPADA 1 POLO PEQUENA 12V 10W",0,2,VENCEU," ",13.94,6.97
"LAMPADA 1 POLO PEQUENA 12V 5W",0,2,VENCEU," ",11.96,5.98
"LAMPADA 2 POLOS PINO DESENCONTRADO 12V",0,2,VENCEU," ",13.94,6.97
"LAMPADA ALOGENA H11 12V   55W",0,2,VENCEU," ",274.96,137.48
"LAMPADA H4 12V BI-IODO 60/55W",0,2,VENCEU," ",89.66,44.83
"LANTERNA PISCA LD",0,1,VENCEU," ",184.3,184.3
"LANTERNA PISCA LE",0,1,VENCEU," ",184.3,184.3
"LANTERNA TRASEIRA COMPLETA",0,1,VENCEU," ",1049.99,1049.99
"MANCAL DO ALTERNADOR DIANTEIRO",0,1,VENCEU," ",168.36,168.36
"MANCAL DO ALTERNADOR TRASEIRO",0,1,VENCEU," ",117.55,117.55
"MOTOR DE PARTIDA PG 260D 12V",0,1,VENCEU," ",927.46,927.46
"MOTOR LIMPADOR PARABRISAS  12V",0,1,VENCEU," ",599.71,599.71
"PALHETA LIMPADOR DIANTEIRA",0,2,VENCEU," ",221.16,110.58
"PALHETA LIMPADOR TRASEIRA",0,2,VENCEU," ",99.62,49.81
"PISTAO P/CHAVE MAGNETICA",0,1,VENCEU," ",69.73,69.73
"PIVO DO LIMPADOR LE/LD",0,1,VENCEU," ",97.63,97.63
"PLANETARIA DA PARTIDA",0,1,VENCEU," ",108.59,108.59
"POLIA DA CORREIA ALTERNADOR",0,1,VENCEU," ",117.55,117.55
"POLIA RODA LIVRE",0,1,VENCEU," ",301.85,301.85
"PORTA ESCOVA DA PARTIDA",0,1,VENCEU," ",277.94,277.94
"REGULADOR DE VOLTAGEM  14V",0,1,VENCEU," ",411.43,411.43
RELE.,0,1,VENCEU," ",92.65,92.65
"REPARO ALETERNADOR   12V 70ª",0,1,VENCEU," ",58.78,58.78
"REPARO MOTOR DE PARTIDA",0,1,VENCEU," ",111.57,111.57
"ROLAMENTO ALT.INTERMEDIARIO",0,1,VENCEU," ",58.78,58.78
"ROLAMENTO ALT.LADO MANCAL",0,1,VENCEU," ",61.76,61.76
"ROTOR P/ALTERNADOR  12V 70ª",0,1,VENCEU," ",346.68,346.68
"SOQUETE FAROL S/LAMPADA",0,1,VENCEU," ",27.89,27.89
"TENSOR DA CORREIA DO ALTERNADOR",0,1,VENCEU," ",377.56,377.56
"TERMINAL DE BATERIA",0,1,VENCEU," ",18.93,18.93
"SERVIÇO DE MÃO DE OBRA;",0,40,VENCEU," ",2948.8,73.72
"ALTERNADOR 14V 110ª",0,2,VENCEU," ",5137.32,2568.66
"ANEL DE AJUSTE ROLAMENTO",0,2,VENCEU," ",33.62,16.81
"BARRA DO LIMPADOR LE/LD",0,2,VENCEU," ",154.24,77.12
"BATERIA 60AH",0,2,VENCEU," ",640.68,320.34
"BOBINA DE IGNICAO 4 PINOS",0,2,VENCEU," ",1314.98,657.49
"BOMBA DE COMBUSTIVEL (REFIL) 3,0 BAR",0,2,VENCEU," ",609.04,304.52
"BRACO DO LIMPADOR LE/LD",0,2,VENCEU," ",213.56,106.78
"BUZINA UNIVERSAL",0,2,VENCEU," ",174.02,87.01
"CHAVE MAGNETICA PARTIDA 12V",0,2,VENCEU," ",500.28,250.14
"CHAVE SETA C/LIMP.TRASEIRO",0,2,VENCEU," ",2105.94,1052.97
"CHICOTE FAROL",0,2,VENCEU," ",197.74,98.87
"COMUTADOR DE IGNICAO C/TRAVA DIR.",0,2,VENCEU," ",587.3,293.65
CORREIA,0,2,VENCEU," ",176,88
"ESTATOR P/ ALTERNADOR 12V",0,2,VENCEU," ",947.18,473.59
"FAROL AUXILIAR LD/LE",0,2,VENCEU," ",502.26,251.13
"FAROL PRINCIPAL",0,2,VENCEU," ",1714.42,857.21
"GARFO DA PARTIDA",0,2,VENCEU," ",148.3,74.15
"IMPULSOR DE PARTIDA 10 DENTES",0,2,VENCEU," ",205.66,102.83
"INTERRUPTOR DE TEMPERATURA.",0,2,VENCEU," ",286.72,143.36
"INTERRUPTOR LUZ DE RE",0,2,VENCEU," ",221.48,110.74
"KIT BUCHAS MOTOR DE PARTIDA",0,2,VENCEU," ",71.18,35.59
"LAMPADA 1 POLO GRANDE 12V",0,4,VENCEU," ",27.68,6.92
"LAMPADA 1 POLO GRANDE 12V 21W AMBAR",0,4,VENCEU," ",79.08,19.77
"LAMPADA 1 POLO PEQUENA 12V 10W",0,4,VENCEU," ",27.68,6.92
"LAMPADA 1 POLO PEQUENA 12V 5W",0,4,VENCEU," ",23.72,5.93
"LAMPADA 2 POLOS PINO DESENCONTRADO 12V",0,4,VENCEU," ",27.68,6.92
"LAMPADA H1 12V",0,4,VENCEU," ",177.96,44.49
"LAMPADA H3 12V",0,4,VENCEU," ",201.68,50.42
"LANTERNA TRASEIRA COMPLETA",0,2,VENCEU," ",1839,919.5
"MANCAL DO ALTERNADOR DIANTEIRO",0,2,VENCEU," ",474.58,237.29
"MANCAL DO ALTERNADOR TRASEIRO",0,2,VENCEU," ",927.4,463.7
"MOTOR DE PARTIDA RF70 12V 10DENTES",0,2,VENCEU," ",2351.14,1175.57
"MOTOR LIMPADOR PARABRISAS  12V",0,2,VENCEU," ",1716.4,858.2
"PALHETA LIMPADOR DIANTEIRA",0,4,VENCEU," ",391.52,97.88
"PALHETA LIMPADOR TRASEIRA",0,4,VENCEU," ",237.28,59.32
"PLANETARIA DA PARTIDA",0,2,VENCEU," ",211.58,105.79
"POLIA DA CORREIA ALTERNADOR",0,2,VENCEU," ",302.54,151.27
"POLIA RODA LIVRE",0,2,VENCEU," ",326.28,163.14
"PORTA ESCOVA DA PARTIDA",0,2,VENCEU," ",176,88
"REGULADOR DE VOLTAGEM 12V",0,2,VENCEU," ",579.38,289.69
RELE.,0,2,VENCEU," ",183.9,91.95
"REPARO ALETERNADOR   12V",0,2,VENCEU," ",126.56,63.28
"REPARO MOTOR DE PARTIDA",0,2,VENCEU," ",118.64,59.32
"ROLAMENTO ALT.INTERMEDIARIO",0,2,VENCEU," ",116.66,58.33
"ROLAMENTO ALT.LADO MANCAL",0,2,VENCEU," ",124.58,62.29
"ROTOR P/ALTERNADOR  12V 80ª",0,2,VENCEU," ",1789.56,894.78
"SOQUETE FAROL S/LAMPADA",0,2,VENCEU," ",57.34,28.67
"TENSOR DA CORREIA DO ALTERNADOR",0,2,VENCEU," ",751.42,375.71
"TERMINAL DE BATERIA",0,2,VENCEU," ",37.58,18.79
"SERVIÇO DE MÃO DE OBRA;",0,80,VENCEU," ",5852.8,73.16
"ALTERNADOR 14V 110ª",0,1,PERDEU," ",2587.5,2587.5
"ANEL DE AJUSTE ROLAMENTO",0,1,PERDEU," ",17.92,17.92
"BARRA DO LIMPADOR LE/LD",0,1,PERDEU," ",78.65,78.65
"BATERIA 60AH",0,1,PERDEU," ",322.57,322.57
"BOBINA DE IGNICAO 4 PINOS",0,1,PERDEU," ",663.05,663.05
"BOMBA DE COMBUSTIVEL (REFIL) 3,0 BAR",0,1,PERDEU," ",307.63,307.63
"BRACO DO LIMPADOR LE/LD",0,1,PERDEU," ",107.52,107.52
"BUZINA UNIVERSAL",0,1,PERDEU," ",87.61,87.61
"CHAVE MAGNETICA PARTIDA 12V",0,1,PERDEU," ",252.88,252.88
"CHAVE SETA C/LIMP.TRASEIRO",0,1,PERDEU," ",1061.28,1061.28
"CHICOTE FAROL",0,1,PERDEU," ",100.55,100.55
"COMUTADOR DE IGNICAO C/TRAVA DIR.",0,1,PERDEU," ",296.68,296.68
CORREIA,0,1,PERDEU," ",89.6,89.6
"ESTATOR P/ ALTERNADOR 12V",0,1,PERDEU," ",476.88,476.88
"FAROL AUXILIAR LD/LE",0,1,PERDEU," ",252.88,252.88
"FAROL PRINCIPAL",0,1,PERDEU," ",864.16,864.16
"GARFO DA PARTIDA",0,1,PERDEU," ",103.54,103.54
"IMPULSOR DE PARTIDA 10 DENTES",0,1,PERDEU," ",103.54,103.54
"INTERRUPTOR LUZ DE RE",0,1,PERDEU," ",112.5,112.5
"INTERRUPTOR DE TEMPERATURA.",0,1,PERDEU," ",144.36,144.36
"KIT BUCHAS MOTOR DE PARTIDA",0,1,PERDEU," ",36.84,36.84
"LAMPADA 1 POLO GRANDE 12V",0,2,PERDEU," ",13.94,6.97
"LAMPADA H3 12V",0,2,PERDEU," ",103.54,51.77
"LAMPADA 1 POLO GRANDE 12V 21W AMBAR",0,2,PERDEU," ",41.82,20.91
"LAMPADA 1 POLO PEQUENA 12V 10W",0,2,PERDEU," ",13.94,6.97
"LAMPADA 1 POLO PEQUENA 12V 5W",0,2,PERDEU," ",11.94,5.97
"LAMPADA 2 POLOS PINO DESENCONTRADO 12V",0,2,PERDEU," ",13.94,6.97
"AMPADA H1 12V",0,2,PERDEU," ",89.6,44.8
"LANTERNA TRASEIRA COMPLETA",0,1,PERDEU," ",926.88,926.88
"MANCAL DO ALTERNADOR DIANTEIRO",0,1,PERDEU," ",466.92,466.92
"MANCAL DO ALTERNADOR TRASEIRO",0,1,PERDEU," ",466.92,466.92
"MOTOR DE PARTIDA RF70 12V 10DENTES",0,1,PERDEU," ",1184.73,1184.73
"MOTOR LIMPADOR PARABRISAS  12V",0,1,PERDEU," ",864.16,864.16
"PALHETA LIMPADOR TRASEIRA",0,2,PERDEU," ",121.46,60.73
"PALHETA LIMPADOR DIANTEIRA",0,2,PERDEU," ",197.12,98.56
"PLANETARIA DA PARTIDA",0,1,PERDEU," ",106.53,106.53
"POLIA DA CORREIA ALTERNADOR",0,1,PERDEU," ",152.32,152.32
"POLIA RODA LIVRE",0,1,PERDEU," ",164.27,164.27
"PORTA ESCOVA DA PARTIDA",0,1,PERDEU," ",88.61,88.61
"REGULADOR DE VOLTAGEM 12V",0,1,PERDEU," ",291.7,291.7
RELE.,0,1,PERDEU," ",92.59,92.59
"REPARO ALETERNADOR 12V",0,1,PERDEU," ",63.72,63.72
"REPARO MOTOR DE PARTIDA",0,1,PERDEU," ",59.73,59.73
"ROLAMENTO ALT.INTERMEDIARIO",0,1,PERDEU," ",58.74,58.74
"ROLAMENTO ALT.LADO MANCAL",0,1,PERDEU," ",62.72,62.72
"ROTOR P/ALTERNADOR 12V 80ª",0,1,PERDEU," ",901,901
"SOQUETE FAROL S/LAMPADA",0,1,PERDEU," ",28.87,28.87
"TENSOR DA CORREIA DO ALTERNADOR",0,1,PERDEU," ",378.32,378.32
"TERMINAL DE BATERIA",0,1,PERDEU," ",18.92,18.92
"SERVIÇO DE MÃO DE OBRA;",0,40,PERDEU," ",2946.8,73.67
"ALTERNADOR 14V 110ª",0,1,PERDEU," ",2588.05,2588.05
"ANEL DE AJUSTE ROLAMENTO",0,1,PERDEU," ",17.92,17.92
"BARRA DO LIMPADOR LE/LD",0,1,PERDEU," ",77.67,77.67
"BATERIA 60AH",0,1,PERDEU," ",322.64,322.64
"BOBINA DE IGNICAO 4 PINOS",0,1,PERDEU," ",662.2,662.2
"BOMBA DE COMBUSTIVEL (REFIL) 3,0 BAR",0,1,PERDEU," ",306.7,306.7
"BRACO DO LIMPADOR LE/LD",0,1,PERDEU," ",107.55,107.55
"BUZINA UNIVERSAL",0,1,PERDEU," ",87.63,87.63
"CHAVE MAGNETICA PARTIDA 12V",0,1,PERDEU," ",252.93,252.93
"CHAVE SETA C/LIMP.TRASEIRO",0,1,PERDEU," ",1060.51,1060.51
"CHICOTE FAROL",0,1,PERDEU," ",99.58,99.58
"COMUTADOR DE IGNICAO C/TRAVA DIR.",0,1,PERDEU," ",296.74,296.74
CORREIA,0,1,PERDEU," ",89.62,89.62
"ESTATOR P/ ALTERNADOR 12V",0,1,PERDEU," ",476.98,476.98
"FAROL AUXILIAR LD/LE",0,1,PERDEU," ",252.93,252.93
"FAROL PRINCIPAL",0,1,PERDEU," ",864.34,864.34
"GARFO DA PARTIDA",0,1,PERDEU," ",74.68,74.68
"IMPULSOR DE PARTIDA 10 DENTES",0,1,PERDEU," ",103.56,103.56
"INTERRUPTOR LUZ DE RE",0,1,PERDEU," ",112.52,112.52
"INTERRUPTOR DE TEMPERATURA.",0,1,PERDEU," ",144.39,144.39
"KIT BUCHAS MOTOR DE PARTIDA",0,1,PERDEU," ",36.84,36.84
"LAMPADA 1 POLO GRANDE 12V",0,2,PERDEU," ",13.94,6.97
"LAMPADA H3 12V",0,2,PERDEU," ",101.58,50.79
"LAMPADA 1 POLO GRANDE 12V 21W AMBAR",0,2,PERDEU," ",41.82,20.91
"LAMPADA 1 POLO PEQUENA 12V 10W",0,2,PERDEU," ",13.94,6.97
"LAMPADA 1 POLO PEQUENA 12V 5W",0,2,PERDEU," ",11.94,5.97
"LAMPADA 2 POLOS PINO DESENCONTRADO 12V",0,2,PERDEU," ",13.94,6.97
"LAMPADA H1 12V",0,2,PERDEU," ",89.62,44.81
"LANTERNA TRASEIRA COMPLETA",0,1,PERDEU," ",926.08,926.08
"MANCAL DO ALTERNADOR DIANTEIRO",0,1,PERDEU," ",467.02,467.02
"MANCAL DO ALTERNADOR TRASEIRO",0,1,PERDEU," ",467.02,467.02
"MOTOR DE PARTIDA RF70 12V 10DENTES",0,1,PERDEU," ",1183.99,1183.99
"MOTOR LIMPADOR PARABRISAS  12V",0,1,PERDEU," ",864.34,864.34
"PALHETA LIMPADOR TRASEIRA",0,2,PERDEU," ",119.5,59.75
"PALHETA LIMPADOR DIANTEIRA",0,2,PERDEU," ",197.16,98.58
"PLANETARIA DA PARTIDA",0,1,PERDEU," ",105.55,105.55
"POLIA DA CORREIA ALTERNADOR",0,1,PERDEU," ",151.36,151.36
"POLIA RODA LIVRE",0,1,PERDEU," ",164.3,164.3
"PORTA ESCOVA DA PARTIDA",0,1,PERDEU," ",88.63,88.63
"REGULADOR DE VOLTAGEM 12V",0,1,PERDEU," ",291.77,291.77
RELE.,0,1,PERDEU," ",92.61,92.61
"REPARO ALETERNADOR   12V",0,1,PERDEU," ",63.73,63.73
"REPARO MOTOR DE PARTIDA",0,1,PERDEU," ",298.74,298.74
"ROLAMENTO ALT.INTERMEDIARIO",0,1,PERDEU," ",58.75,58.75
"ROLAMENTO ALT.LADO MANCAL",0,1,PERDEU," ",61.74,61.74
"ROTOR P/ALTERNADOR  12V 80ª",0,1,PERDEU," ",901.19,901.19
"SOQUETE FAROL S/LAMPADA",0,1,PERDEU," ",28.88,28.88
"TENSOR DA CORREIA DO ALTERNADOR",0,1,PERDEU," ",378.4,378.4
"TERMINAL DE BATERIA",0,1,PERDEU," ",18.92,18.92
"SERVIÇO DE MÃO DE OBRA;",0,40,PERDEU," ",2947.6,73.69
"ALTERNADOR 14V 120A",0,1,VENCEU," ",3172.26,3172.26
"ANEL DE AJUSTE ROLAMENTO",0,1,VENCEU," ",36.92,36.92
"BARRA DO LIMPADOR LE/LD",0,1,VENCEU," ",88.81,88.81
"BATERIA 90AH",0,1,VENCEU," ",511.91,511.91
"BUZINA UNIVERSAL",0,1,VENCEU," ",87.81,87.81
"BOBINA DE CAMPO PARTIDA",0,1,VENCEU," ",202.57,202.57
"BRACO DO LIMPADOR LE/LD",0,1,VENCEU," ",172.63,172.63
"CHAVE MAGNETICA PARTIDA",0,1,VENCEU," ",280.9,280.9
"CHAVE SETA DUCATO",0,1,VENCEU," ",963.95,963.95
"CHICOTE FAROL",0,1,VENCEU," ",100.79,100.79
"COMUTADOR DE IGNIÇÃO",0,1,VENCEU," ",145.69,145.69
"CONJUNTO RETIFICADOR;",0,1,VENCEU," ",329.3,329.3
CORREIA,0,1,VENCEU," ",370.21,370.21
"EXTINTOR PO VALVULA DE METAL 4KG",0,1,VENCEU," ",408.13,408.13
"FAROL AUXILIAR LD/LE",0,1,VENCEU," ",346.26,346.26
"FAROL PRINCIPAL DUPLO H7/H1 LD",0,1,VENCEU," ",533.87,533.87
"FAROL PRINCIPAL DUPLO H7/H1 LE",0,1,VENCEU," ",533.87,533.87
"GARFO DA PARTIDA",0,1,VENCEU," ",87.81,87.81
"IMPULSOR DE PARTIDA 9 DENTES",0,1,VENCEU," ",296.37,296.37
"INDUZIDO DA PARTIDA",0,1,VENCEU," ",744.42,744.42
"INTERRUPTOR LUZ DE FREIO",0,1,VENCEU," ",112.76,112.76
"INTERRUPTOR PRESSAO DO OLEO",0,1,VENCEU," ",100.79,100.79
"KIT BUCHAS MOTOR DE PARTIDA",0,1,VENCEU," ",69.85,69.85
"LAMPADA 1 POLO GRANDE 12V",0,2,VENCEU," ",13.98,6.99
"LAMPADA H7 12V   55W-IODO",0,2,VENCEU," ",102.78,51.39
"LAMPADA 1 POLO GRANDE 12V 21W AMBAR",0,2,VENCEU," ",41.92,20.96
"LAMPADA 1 POLO PEQUENA 12V 10W",0,2,VENCEU," ",13.98,6.99
"LAMPADA 1 POLO PEQUENA 12V 5W",0,2,VENCEU," ",11.98,5.99
"LAMPADA 2 POLOS PINO DESENCONTRADO 12V",0,2,VENCEU," ",13.98,6.99
"LAMPADA H1 12V   55W-IODO",0,2,VENCEU," ",89.8,44.9
"LANTERNA TRASEIRA COMPLETA",0,1,VENCEU," ",323.31,323.31
"MANCAL DO ALTERNADOR DIANTEIRO",0,1,VENCEU," ",468.01,468.01
"MANCAL DO ALTERNADOR TRASEIRO",0,1,VENCEU," ",468.01,468.01
"MANIVELA DO LIMPADOR",0,1,VENCEU," ",47.9,47.9
"MAQ.VIDRO ELETRICO DUCATO LD/LE",0,1,VENCEU," ",192.59,192.59
"MOTOR DE PARTIDA EV (R) 12V 2.3 KW (9DT)",0,1,VENCEU," ",3782.97,3782.97
"MOTOR DO VENTILADOR INTERNO",0,1,VENCEU," ",757.39,757.39
"MOTOR LIMPADOR PARABRISAS",0,1,VENCEU," ",776.35,776.35
"PALHETA LIMPADOR DIANTEIRA",0,2,VENCEU," ",219.54,109.77
"PLANETARIA DA PARTIDA",0,2,VENCEU," ",910.06,455.03
"POLIA DA CORREIA ALTERNADOR",0,1,VENCEU," ",233.5,233.5
"POLIA RODA LIVRE",0,1,VENCEU," ",296.37,296.37
"PORTA ESCOVA DA PARTIDA",0,1,VENCEU," ",489.96,489.96
"REGULADOR DE VOLTAGEM  12V",0,1,VENCEU," ",277.41,277.41
"REPARO ALETERNADOR   12V",0,1,VENCEU," ",105.78,105.78
"REPARO MOTOR DE PARTIDA",0,1,VENCEU," ",299.36,299.36
"ROLAMENTO ALT.INTERMEDIARIO",0,1,VENCEU," ",81.83,81.83
"ROLAMENTO ALT.LADO MANCAL",0,1,VENCEU," ",103.78,103.78
"ROTOR P/ALTERNADOR 2.8 14V 90A",0,1,VENCEU," ",489.96,489.96
"SENSOR DE NIVEL COMBUSTIVEL",0,1,VENCEU," ",387.18,387.18
"SOQUETE FAROL S/LAMPADA",0,1,VENCEU," ",28.94,28.94
"TENSOR DA CORREIA DO ALTERNADOR",0,1,VENCEU," ",476.99,476.99
"TERMINAL DE BATERIA",0,1,VENCEU," ",18.96,18.96
"VELA AQUECEDORA 12V (68MM)",0,1,VENCEU," ",73.84,73.84
"SERVIÇO DE MÃO DE OBRA;",0,40,VENCEU," ",2953.6,73.84
"ALTERNADOR 14V 120A",0,2,PERDEU," ",6342.98,3171.49
"ANEL DE AJUSTE ROLAMENTO",0,2,PERDEU," ",73.82,36.91
"BARRA DO LIMPADOR LE/LD",0,2,PERDEU," ",177.58,88.79
"BATERIA 90AH",0,2,PERDEU," ",1023.58,511.79
"BUZINA UNIVERSAL",0,2,PERDEU," ",175.58,87.79
"BOBINA DE CAMPO PARTIDA",0,2,PERDEU," ",506.8,253.4
"BRACO DO LIMPADOR LE/LD",0,2,PERDEU," ",345.18,172.59
"CHAVE MAGNETICA PARTIDA",0,2,PERDEU," ",560.68,280.34
"CHAVE SETA DUCATO",0,2,PERDEU," ",1927.44,963.72
"CHICOTE FAROL",0,2,PERDEU," ",201.52,100.76
"COMUTADOR DE IGNIÇÃO",0,2,PERDEU," ",291.32,145.66
"CONJUNTO RETIFICADOR.",0,2,PERDEU," ",658.44,329.22
CORREIA,0,2,PERDEU," ",740.24,370.12
"EXTINTOR PO VALVULA DE METAL 4KG",0,2,PERDEU," ",816.06,408.03
"FAROL AUXILIAR LD/LE",0,2,PERDEU," ",692.36,346.18
"FAROL PRINCIPAL DUPLO H7/H1 LD",0,2,PERDEU," ",1067.48,533.74
"FAROL PRINCIPAL DUPLO H7/H1 LE",0,2,PERDEU," ",1067.48,533.74
"GARFO DA PARTIDA",0,2,PERDEU," ",175.58,87.79
"IMPULSOR DE PARTIDA 9 DENTES",0,2,PERDEU," ",592.6,296.3
"INDUZIDO DA PARTIDA",0,2,PERDEU," ",1488.48,744.24
"INTERRUPTOR LUZ DE FREIO",0,2,PERDEU," ",225.46,112.73
"INTERRUPTOR PRESSAO DO OLEO",0,2,PERDEU," ",201.52,100.76
"KIT BUCHAS MOTOR DE PARTIDA",0,2,PERDEU," ",139.66,69.83
"LAMPADA 1 POLO GRANDE 12V",0,4,PERDEU," ",27.92,6.98
"LAMPADA H7 12V   55W-IODO",0,4,PERDEU," ",203.52,50.88
"LAMPADA 1 POLO GRANDE 12V 21W AMBAR",0,4,PERDEU," ",83.8,20.95
"LAMPADA 1 POLO PEQUENA 12V 10W",0,4,PERDEU," ",27.92,6.98
"LAMPADA 1 POLO PEQUENA 12V 5W",0,4,PERDEU," ",23.96,5.99
"LAMPADA 2 POLOS PINO DESENCONTRADO 12V",0,4,PERDEU," ",27.92,6.98
"LAMPADA H1 12V   55W-IODO",0,4,PERDEU," ",179.56,44.89
"LANTERNA TRASEIRA COMPLETA",0,2,PERDEU," ",646.46,323.23
"MANCAL DO ALTERNADOR DIANTEIRO",0,2,PERDEU," ",935.78,467.89
"MANCAL DO ALTERNADOR TRASEIRO",0,2,PERDEU," ",935.78,467.89
"MANIVELA DO LIMPADOR",0,2,PERDEU," ",95.78,47.89
"MAQ.VIDRO ELETRICO DUCATO LD/LE",0,2,PERDEU," ",385.08,192.54
"MOTOR DE PARTIDA EV (R) 12V 2.3 KW (9DT)",0,2,PERDEU," ",7564.08,3782.04
"MOTOR DO VENTILADOR INTERNO",0,2,PERDEU," ",1165.24,582.62
"MOTOR LIMPADOR PARABRISAS",0,2,PERDEU," ",1165.24,582.62
"PALHETA LIMPADOR DIANTEIRA",0,4,PERDEU," ",339.2,84.8
"PLANETARIA DA PARTIDA",0,4,PERDEU," ",1400.68,350.17
"POLIA DA CORREIA ALTERNADOR",0,2,PERDEU," ",466.9,233.45
"POLIA RODA LIVRE",0,2,PERDEU," ",592.6,296.3
"PORTA ESCOVA DA PARTIDA",0,2,PERDEU," ",754.22,377.11
"REGULADOR DE VOLTAGEM  12V",0,2,PERDEU," ",556.68,278.34
"REPARO ALETERNADOR   12V",0,2,PERDEU," ",211.5,105.75
"REPARO MOTOR DE PARTIDA",0,2,PERDEU," ",598.58,299.29
"ROLAMENTO ALT.INTERMEDIARIO",0,2,PERDEU," ",163.62,81.81
"ROLAMENTO ALT.LADO MANCAL",0,2,PERDEU," ",207.5,103.75
"ROTOR P/ALTERNADOR 2.8 14V 90A",0,2,PERDEU," ",752.22,376.11
"SENSOR DE NIVEL COMBUSTIVEL",0,2,PERDEU," ",596.58,298.29
"SOQUETE FAROL S/LAMPADA",0,2,PERDEU," ",57.86,28.93
"TENSOR DA CORREIA DO ALTERNADOR",0,2,PERDEU," ",734.26,367.13
"TERMINAL DE BATERIA",0,2,PERDEU," ",37.92,18.96
"VELA AQUECEDORA 12V (68MM)",0,2,PERDEU," ",113.74,56.87
"SERVIÇO DE MÃO DE OBRA;",0,80,PERDEU," ",5906.4,73.83
"ALTERNADOR 14V 120A",0,1,VENCEU," ",3156.73,3156.73
"ANEL DE AJUSTE ROLAMENTO",0,1,VENCEU," ",36.74,36.74
"BARRA DO LIMPADOR LE/LD",0,1,VENCEU," ",78.45,78.45
"BATERIA 90AH",0,1,VENCEU," ",509.41,509.41
"BUZINA UNIVERSAL",0,1,VENCEU," ",87.38,87.38
"BOBINA DE CAMPO PARTIDA",0,1,VENCEU," ",201.58,201.58
"BRACO DO LIMPADOR LE/LD",0,1,VENCEU," ",171.79,171.79
"CHAVE MAGNETICA PARTIDA",0,1,VENCEU," ",279.03,279.03
"CHAVE SETA DUCATO",0,1,VENCEU," ",737.8,737.8
"CHICOTE FAROL",0,1,VENCEU," ",100.29,100.29
"COMUTADOR DE IGNIÇÃO",0,1,VENCEU," ",144.98,144.98
"CONJUNTO RETIFICADOR.",0,1,VENCEU," ",251.23,251.23
CORREIA,0,1,VENCEU," ",283,283
"EXTINTOR PO VALVULA DE METAL 4KG",0,1,VENCEU," ",311.8,311.8
"FAROL AUXILIAR LD/LE",0,1,VENCEU," ",265.13,265.13
"FAROL PRINCIPAL DUPLO H7/H1 LD",0,1,VENCEU," ",409.11,409.11
"FAROL PRINCIPAL DUPLO H7/H1 LE",0,1,VENCEU," ",409.11,409.11
"GARFO DA PARTIDA",0,1,VENCEU," ",87.38,87.38
"IMPULSOR DE PARTIDA 9 DENTES",0,1,VENCEU," ",294.92,294.92
"INDUZIDO DA PARTIDA",0,1,VENCEU," ",569.98,569.98
"INTERRUPTOR LUZ DE FREIO",0,1,VENCEU," ",112.21,112.21
"INTERRUPTOR PRESSAO DO OLEO",0,1,VENCEU," ",100.29,100.29
"KIT BUCHAS MOTOR DE PARTIDA",0,1,VENCEU," ",53.62,53.62
"LAMPADA 1 POLO GRANDE 12V",0,2,VENCEU," ",13.9,6.95
"LAMPADA H7 12V   55W-IODO",0,2,VENCEU," ",99.3,49.65
"LAMPADA 1 POLO GRANDE 12V 21W AMBAR",0,2,VENCEU," ",41.7,20.85
"LAMPADA 1 POLO PEQUENA 12V 10W",0,2,VENCEU," ",13.9,6.95
"LAMPADA 1 POLO PEQUENA 12V 5W",0,2,VENCEU," ",11.92,5.96
"LAMPADA 2 POLOS PINO DESENCONTRADO 12V",0,2,VENCEU," ",13.9,6.95
"LAMPADA H1 12V   55W-IODO",0,2,VENCEU," ",89.36,44.68
"LANTERNA TRASEIRA COMPLETA",0,1,VENCEU," ",247.26,247.26
"MANCAL DO ALTERNADOR DIANTEIRO",0,1,VENCEU," ",358.47,358.47
"MANCAL DO ALTERNADOR TRASEIRO",0,1,VENCEU," ",358.47,358.47
"MANIVELA DO LIMPADOR",0,1,VENCEU," ",47.66,47.66
"MAQ.VIDRO ELETRICO DUCATO LD/LE",0,1,VENCEU," ",191.65,191.65
"MOTOR DE PARTIDA EV (R) 12V 2.3 KW (9DT)",0,1,VENCEU," ",3764.45,3764.45
"MOTOR DO VENTILADOR INTERNO",0,1,VENCEU," ",579.91,579.91
"MOTOR LIMPADOR PARABRISAS",0,1,VENCEU," ",593.81,593.81
"PALHETA LIMPADOR DIANTEIRA",0,2,VENCEU," ",168.8,84.4
"PLANETARIA DA PARTIDA",0,2,VENCEU," ",697.08,348.54
"POLIA DA CORREIA ALTERNADOR",0,1,VENCEU," ",178.74,178.74
"POLIA RODA LIVRE",0,1,VENCEU," ",227.4,227.4
"CHAVE SETA DUCATO",0,1,VENCEU," ",375.35,375.35
"REGULADOR DE VOLTAGEM  12V",0,1,VENCEU," ",276.05,276.05
"REPARO ALETERNADOR   12V",0,1,VENCEU," ",81.43,81.43
"REPARO MOTOR DE PARTIDA",0,1,VENCEU," ",228.39,228.39
"ROLAMENTO ALT.INTERMEDIARIO",0,1,VENCEU," ",62.56,62.56
"ROLAMENTO ALT.LADO MANCAL",0,1,VENCEU," ",79.44,79.44
"ROTOR P/ALTERNADOR 2.8 14V 90A",0,1,VENCEU," ",374.36,374.36
"SENSOR DE NIVEL COMBUSTIVEL",0,1,VENCEU," ",296.91,296.91
"SOQUETE FAROL S/LAMPADA",0,1,VENCEU," ",28.8,28.8
"TENSOR DA CORREIA DO ALTERNADOR",0,1,VENCEU," ",365.42,365.42
"TERMINAL DE BATERIA",0,1,VENCEU," ",18.87,18.87
"VELA AQUECEDORA 12V (68MM)",0,1,VENCEU," ",73.48,73.48
"SERVIÇO DE MÃO DE OBRA;",0,40,VENCEU," ",2939.2,73.48
"ALTERNADOR 14V 120A",0,2,VENCEU," ",6325.1,3162.55
"ANEL DE AJUSTE ROLAMENTO",0,2,VENCEU," ",73.62,36.81
"BARRA DO LIMPADOR LE/LD",0,2,VENCEU," ",177.08,88.54
"BATERIA 110AH",0,2,VENCEU," ",1126.14,563.07
"BOBINA DE CAMPO PARTIDA",0,2,VENCEU," ",310.38,155.19
"BRACO DO LIMPADOR LE/LD",0,2,VENCEU," ",264.62,132.31
"BUZINA UNIVERSAL",0,2,VENCEU," ",175.08,87.54
"CHAVE MAGNETICA PARTIDA",0,2,VENCEU," ",505.38,252.69
"CHAVE SETA DUCATO",0,2,VENCEU," ",1922,961
"CHICOTE FAROL",0,2,VENCEU," ",200.96,100.48
"COMUTADOR DE IGNIÇÃO",0,2,VENCEU," ",290.48,145.24
"CONJUNTO RETIFICADOR.",0,2,VENCEU," ",505.38,252.69
CORREIA,0,2,VENCEU," ",567.06,283.53
"EXTINTOR PO VALVULA DE METAL 4KG",0,2,VENCEU," ",624.76,312.38
"FAROL AUXILIAR LD/LE",0,2,VENCEU," ",531.24,265.62
"FAROL PRINCIPAL DUPLO H7/H1 LD",0,2,VENCEU," ",819.74,409.87
"FAROL PRINCIPAL DUPLO H7/H1 LE",0,2,VENCEU," ",819.74,409.87
"GARFO DA PARTIDA",0,2,VENCEU," ",135.3,67.65
"IMPULSOR DE PARTIDA 9 DENTES",0,2,VENCEU," ",590.92,295.46
"INDUZIDO DA PARTIDA",0,2,VENCEU," ",1142.06,571.03
"INTERRUPTOR LUZ DE FREIO",0,2,VENCEU," ",173.1,86.55
"INTERRUPTOR PRESSAO DO OLEO",0,2,VENCEU," ",155.2,77.6
"KIT BUCHAS MOTOR DE PARTIDA",0,2,VENCEU," ",139.28,69.64
"LAMPADA 1 POLO GRANDE 12V",0,4,VENCEU," ",27.84,6.96
"LAMPADA H7 12V   55W-IODO",0,4,VENCEU," ",202.96,50.74
"LAMPADA 1 POLO GRANDE 12V 21W AMBAR",0,4,VENCEU," ",83.56,20.89
"LAMPADA 1 POLO PEQUENA 12V 10W",0,4,VENCEU," ",27.84,6.96
"LAMPADA 1 POLO PEQUENA 12V 5W",0,4,VENCEU," ",23.88,5.97
"LAMPADA 2 POLOS PINO DESENCONTRADO 12V",0,4,VENCEU," ",27.84,6.96
"LAMPADA H1 12V   55W-IODO",0,4,VENCEU," ",179.08,44.77
"LANTERNA TRASEIRA COMPLETA",0,2,VENCEU," ",644.64,322.32
"MANCAL DO ALTERNADOR DIANTEIRO",0,2,VENCEU," ",718.26,359.13
"MANCAL DO ALTERNADOR TRASEIRO",0,2,VENCEU," ",718.26,359.13
"MANIVELA DO LIMPADOR",0,2,VENCEU," ",73.62,36.81
"MAQ.VIDRO ELETRICO DUCATO LD/LE",0,2,VENCEU," ",294.46,147.23
"MOTOR DE PARTIDA EV (R) 12V 2.3 KW (9DT)",0,2,VENCEU," ",7542.78,3771.39
"MOTOR DO VENTILADOR INTERNO",0,2,VENCEU," ",1161.96,580.98
"MOTOR LIMPADOR PARABRISAS",0,2,VENCEU," ",1189.82,594.91
"PALHETA LIMPADOR DIANTEIRA",0,4,VENCEU," ",338.24,84.56
"PLANETARIA DA PARTIDA",0,4,VENCEU," ",1396.72,349.18
"POLIA DA CORREIA ALTERNADOR",0,2,VENCEU," ",358.14,179.07
"POLIA RODA LIVRE",0,2,VENCEU," ",455.64,227.82
"PORTA ESCOVA DA PARTIDA",0,2,VENCEU," ",752.08,376.04
"REGULADOR DE VOLTAGEM  12V",0,2,VENCEU," ",553.12,276.56
"REPARO ALETERNADOR   12V",0,2,VENCEU," ",163.16,81.58
"REPARO MOTOR DE PARTIDA",0,2,VENCEU," ",457.62,228.81
"ROLAMENTO ALT.INTERMEDIARIO",0,2,VENCEU," ",125.34,62.67
"ROLAMENTO ALT.LADO MANCAL",0,2,VENCEU," ",159.18,79.59
"ROTOR P/ALTERNADOR 2.8 14V 90A",0,2,VENCEU," ",750.1,375.05
"SENSOR DE NIVEL COMBUSTIVEL",0,2,VENCEU," ",594.9,297.45
"SOQUETE FAROL S/LAMPADA",0,2,VENCEU," ",57.7,28.85
"TENSOR DA CORREIA DO ALTERNADOR",0,2,VENCEU," ",732.2,366.1
"TERMINAL DE BATERIA",0,2,VENCEU," ",37.8,18.9
"VELA AQUECEDORA 12V (68MM)",0,2,VENCEU," ",147.24,73.62
"SERVIÇO DE MÃO DE OBRA;",0,80,VENCEU," ",5889.6,73.62
"ALTERNADOR   KBC1 14V 50=>90A",0,3,VENCEU," ",7758.33,2586.11
"ANEL DE AJUSTE ROLAMENTO",0,3,VENCEU," ",110.46,36.82
"BARRA DO LIMPADOR LE/LD",0,3,VENCEU," ",149.25,49.75
"BATERIA 60AH",0,3,VENCEU," ",970.17,323.39
"BOBINA DE CAMPO PARTIDA",0,3,VENCEU," ",722.4,240.8
"BRACO DO LIMPADOR LE/LD",0,3,VENCEU," ",256.71,85.57
"BUZINA UNIVERSAL",0,3,VENCEU," ",262.68,87.56
"CHAVE MAGNETICA PARTIDA",0,3,VENCEU," ",949.26,316.42
"CHAVE SETA S/LIMP.TRASEIRO",0,3,VENCEU," ",1423.89,474.63
"CHICOTE FAROL",0,3,VENCEU," ",247.77,82.59
"CIRCUITO DA LANTERNA TRASEIRA",0,3,VENCEU," ",259.71,86.57
"COMUTADOR DE IGNICAOC/TRAVA",0,3,VENCEU," ",1065.69,355.23
"CONJUNTO RETIFICADOR.",0,3,VENCEU," ",465.69,155.23
CORREIA,0,3,VENCEU," ",202.98,67.66
"EXTINTOR P1 4 POLEGADAS (0,9KG) BARRIGUDO",0,3,VENCEU," ",358.2,119.4
"FAROL AUXILIAR",0,3,VENCEU," ",1140.33,380.11
"FAROL PRINCIPAL H4 LD",0,3,VENCEU," ",2038.83,679.61
"FAROL PRINCIPAL H4 LE",0,3,VENCEU," ",2038.83,679.61
"GARFO DA PARTIDA",0,3,VENCEU," ",253.74,84.58
"IMPULSOR DE PARTIDA 9 DENTES",0,3,VENCEU," ",477.63,159.21
"INDUZIDO DA PARTIDA",0,3,VENCEU," ",1007.49,335.83
"INTERRUPTOR LUZ DE FREIO",0,3,VENCEU," ",95.52,31.84
"KIT BUCHAS MOTOR DE PARTIDA",0,3,VENCEU," ",176.13,58.71
"LAMPADA 1 POLO GRANDE 12V",0,6,VENCEU," ",41.82,6.97
"LAMPADA H3 12V   55W-IODO",0,6,VENCEU," ",307.44,51.24
"LAMPADA 1 POLO GRANDE 12V 21W AMBAR",0,6,VENCEU," ",125.4,20.9
"LAMPADA 1 POLO PEQUENA 12V 10W",0,6,VENCEU," ",41.82,6.97
"LAMPADA 2 POLOS PINO DESENCONTRADO 12V",0,6,VENCEU," ",35.82,5.97
"LAMPADA H4 12V   55W-IODO",0,6,VENCEU," ",268.68,44.78
"LANTERNA PISCA DIANTEIRA",0,3,VENCEU," ",352.23,117.41
"LANTERNA TRASEIRA COMPLETA",0,3,VENCEU," ",1098.51,366.17
"MANCAL DA PARTIDA DIANTEIRO",0,3,VENCEU," ",376.14,125.38
"MANCAL DO ALTERNADOR DIANTEIRO",0,3,VENCEU," ",280.59,93.53
"MANCAL DO ALTERNADOR TRASEIRO",0,3,VENCEU," ",379.11,126.37
"MANIVELA DO LIMPADOR",0,3,VENCEU," ",143.28,47.76
"MAQ.VIDRO ELETRICO DUCATO LD/LE",0,3,VENCEU," ",650.76,216.92
"MOTOR DE PARTIDA DM (R) 12V 0.8KW",0,3,VENCEU," ",3250.8,1083.6
"MOTOR DO VENTILADOR INTERNO",0,3,VENCEU," ",1483.59,494.53
"MOTOR LIMPADOR PARABRISAS",0,3,VENCEU," ",1994.07,664.69
"PALHETA LIMPADOR DIANTEIRA",0,6,VENCEU," ",573.12,95.52
"PLANETARIA DA PARTIDA",0,6,VENCEU," ",835.86,139.31
"POLIA DA CORREIA ALTERNADOR",0,3,VENCEU," ",328.35,109.45
"POLIA RODA LIVRE",0,3,VENCEU," ",256.71,85.57
"REPARO ALETERNADOR   12V",0,3,VENCEU," ",262.68,87.56
"INTERRUPTOR PRESSAO DO OLEO",0,3,VENCEU," ",116.43,38.81
"PORTA ESCOVA DA PARTIDA",0,3,VENCEU," ",331.35,110.45
"REGULADOR DE VOLTAGEM",0,3,VENCEU," ",414.93,138.31
"REPARO MOTOR DE PARTIDA",0,3,VENCEU," ",182.1,60.7
"ROLAMENTO ALT.INTERMEDIARIO",0,3,VENCEU," ",188.07,62.69
"ROLAMENTO ALT.LADO MANCAL",0,3,VENCEU," ",173.13,57.71
"ROTOR P/ALTERNADOR 14V   45A",0,3,VENCEU," ",2014.95,671.65
"SENSOR DE NIVEL COMBUSTIVEL",0,3,VENCEU," ",304.47,101.49
"SOQUETE FAROL S/LAMPADA",0,3,VENCEU," ",86.58,28.86
"TENSOR DA CORREIA DO ALTERNADOR",0,3,VENCEU," ",626.88,208.96
"TERMINAL DE BATERIA",0,3,VENCEU," ",56.73,18.91
"SERVIÇO DE MÃO DE OBRA;",0,120,VENCEU," ",8835.6,73.63
"ALTERNADOR   KBC1 14V 50=>90A",0,1,VENCEU," ",2597.58,2597.58
"ANEL DE AJUSTE ROLAMENTO",0,1,VENCEU," ",36.98,36.98
"BARRA DO LIMPADOR LE/LD",0,1,VENCEU," ",49.97,49.97
"BATERIA 60AH",0,1,VENCEU," ",323.82,323.82
"BOBINA DE CAMPO PARTIDA",0,1,VENCEU," ",185.9,185.9
"BRACO DO LIMPADOR LE/LD",0,1,VENCEU," ",85.95,85.95
"BUZINA UNIVERSAL",0,1,VENCEU," ",87.95,87.95
"CHAVE MAGNETICA PARTIDA",0,1,VENCEU," ",243.87,243.87
"CHAVE SETA S/LIMP.TRASEIRO",0,1,VENCEU," ",476.74,476.74
"CHICOTE FAROL",0,1,VENCEU," ",82.95,82.95
"CIRCUITO DA LANTERNA TRASEIRA",0,1,VENCEU," ",86.95,86.95
"COMUTADOR DE IGNICAOC/TRAVA",0,1,VENCEU," ",356.81,356.81
"CONJUNTO RETIFICADOR.",0,1,VENCEU," ",155.91,155.91
CORREIA,0,1,VENCEU," ",51.97,51.97
"EXTINTOR P1 4 POLEGADAS (0,9KG) BARRIGUDO",0,1,VENCEU," ",119.93,119.93
"FAROL AUXILIAR",0,1,VENCEU," ",381.79,381.79
"FAROL PRINCIPAL H4 LD",0,1,VENCEU," ",682.63,682.63
"FAROL PRINCIPAL H4 LE",0,1,VENCEU," ",682.63,682.63
"GARFO DA PARTIDA",0,1,VENCEU," ",84.95,84.95
"IMPULSOR DE PARTIDA 9 DENTES",0,1,VENCEU," ",159.91,159.91
"INDUZIDO DA PARTIDA",0,1,VENCEU," ",336.82,336.82
"INTERRUPTOR LUZ DE FREIO",0,1,VENCEU," ",47.97,47.97
"KIT BUCHAS MOTOR DE PARTIDA",0,1,VENCEU," ",44.98,44.98
"LAMPADA 1 POLO GRANDE 12V",0,2,VENCEU," ",14,7
"LAMPADA 1 POLO GRANDE 12V 21W AMBAR",0,2,VENCEU," ",41.98,20.99
"LAMPADA 1 POLO PEQUENA 12V 10W",0,2,VENCEU," ",14,7
"LAMPADA 2 POLOS PINO DESENCONTRADO 12V",0,2,VENCEU," ",12,6
"LAMPADA H3 12V   55W-IODO",0,2,VENCEU," ",101.94,50.97
"LAMPADA H4 12V   55W-IODO",0,2,VENCEU," ",101.94,50.97
"LANTERNA PISCA DIANTEIRA",0,2,VENCEU," ",235.88,117.94
"LANTERNA TRASEIRA COMPLETA",0,1,VENCEU," ",367.8,367.8
"MANCAL DA PARTIDA DIANTEIRO",0,1,VENCEU," ",125.93,125.93
"MANCAL DO ALTERNADOR DIANTEIRO",0,1,VENCEU," ",93.95,93.95
"MANCAL DO ALTERNADOR TRASEIRO",0,1,VENCEU," ",125.93,125.93
"MANIVELA DO LIMPADOR",0,1,VENCEU," ",47.97,47.97
"MAQ.VIDRO ELETRICO DUCATO LD/LE",0,1,VENCEU," ",166.91,166.91
"MOTOR DE PARTIDA DM (R) 12V 0.8KW",0,1,VENCEU," ",1088.41,1088.41
"MOTOR DO VENTILADOR INTERNO",0,1,VENCEU," ",496.73,496.73
"MOTOR LIMPADOR PARABRISAS",0,1,VENCEU," ",667.64,667.64
"PALHETA LIMPADOR DIANTEIRA",0,2,VENCEU," ",147.92,73.96
"PLANETARIA DA PARTIDA",0,2,VENCEU," ",363.8,181.9
"POLIA DA CORREIA ALTERNADOR",0,1,VENCEU," ",142.92,142.92
"POLIA RODA LIVRE",0,1,VENCEU," ",85.95,85.95
"REPARO ALETERNADOR   12V",0,1,VENCEU," ",87.95,87.95
"INTERRUPTOR PRESSAO DO OLEO",0,1,VENCEU," ",38.98,38.98
"PORTA ESCOVA DA PARTIDA",0,1,VENCEU," ",143.92,143.92
"REGULADOR DE VOLTAGEM",0,1,VENCEU," ",180.9,180.9
"REPARO MOTOR DE PARTIDA",0,1,VENCEU," ",79.96,79.96
"ROLAMENTO ALT.INTERMEDIARIO",0,1,VENCEU," ",81.96,81.96
"ROLAMENTO ALT.LADO MANCAL",0,1,VENCEU," ",74.96,74.96
"ROTOR P/ALTERNADOR 14V   45A",0,1,VENCEU," ",674.63,674.63
"SENSOR DE NIVEL COMBUSTIVEL",0,1,VENCEU," ",101.94,101.94
"SOQUETE FAROL S/LAMPADA",0,1,VENCEU," ",28.98,28.98
"TENSOR DA CORREIA DO ALTERNADOR",0,1,VENCEU," ",209.89,209.89
"TERMINAL DE BATERIA",0,1,VENCEU," ",18.99,18.99
"SERVIÇO DE MÃO DE OBRA;",0,40,VENCEU," ",2958.4,73.96
"ALTERNADOR   KBC1 14V 50=>90A",0,1,PERDEU," ",1990.35,1990.35
"ANEL DE AJUSTE ROLAMENTO",0,1,PERDEU," ",36.84,36.84
"BARRA DO LIMPADOR LE/LD",0,1,PERDEU," ",37.84,37.84
"BATERIA 60AH",0,1,PERDEU," ",322.6,322.6
"BOBINA DE CAMPO PARTIDA",0,1,PERDEU," ",240.95,240.95
"BRACO DO LIMPADOR LE/LD",0,1,PERDEU," ",65.71,65.71
"BUZINA UNIVERSAL",0,1,PERDEU," ",66.71,66.71
"CHAVE MAGNETICA PARTIDA",0,1,PERDEU," ",316.62,316.62
"CHAVE SETA S/LIMP.TRASEIRO",0,1,PERDEU," ",474.94,474.94
"CHICOTE FAROL",0,1,PERDEU," ",63.72,63.72
"CIRCUITO DA LANTERNA TRASEIRA",0,1,PERDEU," ",86.62,86.62
"COMUTADOR DE IGNICAOC/TRAVA",0,1,PERDEU," ",355.46,355.46
"CONJUNTO RETIFICADOR.",0,1,PERDEU," ",154.33,154.33
CORREIA,0,1,PERDEU," ",51.78,51.78
"ESTATOR P/ALTERNADOR  14V 105A",0,1,PERDEU," ",366.41,366.41
"EXTINTOR P1 4 POLEGADAS (0,9KG) BARRIGUDO",0,1,PERDEU," ",119.48,119.48
"FAROL AUXILIAR",0,1,PERDEU," ",380.35,380.35
"FAROL PRINCIPAL H4 LD",0,1,PERDEU," ",680.05,680.05
"FAROL PRINCIPAL H4 LE",0,1,PERDEU," ",680.05,680.05
"GARFO DA PARTIDA",0,1,PERDEU," ",84.63,84.63
"IMPULSOR DE PARTIDA 9 DENTES",0,1,PERDEU," ",159.31,159.31
"INDUZIDO DA PARTIDA",0,1,PERDEU," ",335.54,335.54
"INTERRUPTOR LUZ DE FREIO",0,1,PERDEU," ",47.79,47.79
"KIT BUCHAS MOTOR DE PARTIDA",0,1,PERDEU," ",58.74,58.74
"LAMPADA 1 POLO GRANDE 12V",0,2,PERDEU," ",13.94,6.97
"LAMPADA  H3 12V   55W-IODO",0,2,PERDEU," ",101.56,50.78
"LAMPADA 1 POLO GRANDE 12V 21W AMBAR",0,2,PERDEU," ",41.82,20.91
"LAMPADA 1 POLO PEQUENA 12V 10W",0,2,PERDEU," ",13.94,6.97
"LAMPADA 2 POLOS PINO DESENCONTRADO 12V",0,2,PERDEU," ",11.94,5.97
"LAMPADA H4 12V   55W-IODO",0,2,PERDEU," ",101.56,50.78
"LANTERNA PISCA DIANTEIRA",0,1,PERDEU," ",117.49,117.49
"LANTERNA TRASEIRA COMPLETA",0,1,PERDEU," ",366.41,366.41
"MANCAL DA PARTIDA DIANTEIRO",0,1,PERDEU," ",125.45,125.45
"MANCAL DO ALTERNADOR DIANTEIRO",0,1,PERDEU," ",93.59,93.59
"MANCAL DO ALTERNADOR TRASEIRO",0,1,PERDEU," ",125.45,125.45
"MANIVELA DO LIMPADOR",0,1,PERDEU," ",47.79,47.79
"MAQ.VIDRO ELETRICO DUCATO LD/LE",0,1,PERDEU," ",166.28,166.28
"MOTOR DE PARTIDA DM (R) 12V 0.8KW",0,1,PERDEU," ",1409.87,1409.87
"MOTOR DO VENTILADOR INTERNO",0,1,PERDEU," ",494.85,494.85
"MOTOR LIMPADOR PARABRISAS",0,1,PERDEU," ",665.11,665.11
"PALHETA LIMPADOR DIANTEIRA",0,2,PERDEU," ",147.36,73.68
"PARAFUSO  FIXACAO ALTERNADOR",0,2,PERDEU," ",27.88,13.94
"PLANETARIA DA PARTIDA",0,1,PERDEU," ",181.21,181.21
"POLIA DA CORREIA ALTERNADOR",0,1,PERDEU," ",109.52,109.52
"POLIA RODA LIVRE",0,1,PERDEU," ",85.63,85.63
"REPARO ALETERNADOR   12V",0,1,PERDEU," ",87.62,87.62
"INTERRUPTOR PRESSAO DO OLEO",0,1,PERDEU," ",38.83,38.83
"PORTA ESCOVA DA PARTIDA",0,1,PERDEU," ",143.38,143.38
"REGULADOR DE VOLTAGEM",0,1,PERDEU," ",138.4,138.4
"REPARO MOTOR DE PARTIDA",0,1,PERDEU," ",79.65,79.65
"ROLAMENTO ALT.INTERMEDIARIO",0,1,PERDEU," ",81.65,81.65
"ROLAMENTO ALT.LADO MANCAL",0,1,PERDEU," ",74.68,74.68
"ROTOR P/ALTERNADOR 14V   150A",0,1,PERDEU," ",672.08,672.08
"SENSOR DE NIVEL COMBUSTIVEL",0,1,PERDEU," ",131.43,131.43
"SOQUETE FAROL S/LAMPADA",0,1,PERDEU," ",28.87,28.87
"TENSOR DA CORREIA DO ALTERNADOR",0,1,PERDEU," ",271.82,271.82
"TERMINAL DE BATERIA",0,1,PERDEU," ",18.92,18.92
"SERVIÇO DE MÃO DE OBRA;",0,40,PERDEU," ",2947.2,73.68
"ALTERNADOR   KBC1 14V 50=>90A",0,4,VENCEU," ",10395.28,2598.82
"ANEL DE AJUSTE ROLAMENTO",0,4,VENCEU," ",148,37
"BARRA DO LIMPADOR LE/LD",0,4,VENCEU," ",200,50
"BATERIA 60AH",0,4,VENCEU," ",1299.92,324.98
"BOBINA DE CAMPO PARTIDA",0,4,VENCEU," ",743.96,185.99
"BRACO DO LIMPADOR LE/LD",0,4,VENCEU," ",343.96,85.99
"BUZINA UNIVERSAL",0,4,VENCEU," ",351.96,87.99
"CHAVE MAGNETICA PARTIDA",0,4,VENCEU," ",1271.92,317.98
"CHAVE SETA S/LIMP.TRASEIRO",0,4,VENCEU," ",1907.88,476.97
"CHICOTE FAROL",0,4,VENCEU," ",331.96,82.99
"CIRCUITO DA LANTERNA TRASEIRA",0,4,VENCEU," ",455.96,113.99
"COMUTADOR DE IGNICAOC/TRAVA",0,4,VENCEU," ",1855.88,463.97
"CONJUNTO RETIFICADOR.",0,4,VENCEU," ",807.96,201.99
CORREIA,0,4,VENCEU," ",208,52
"ESTATOR P/ALTERNADOR  14V 105A",0,4,VENCEU," ",1471.88,367.97
"EXTINTOR P1 4 POLEGADAS (0,9KG) BARRIGUDO",0,4,VENCEU," ",479.96,119.99
"FAROL AUXILIAR",0,4,VENCEU," ",1527.88,381.97
"FAROL PRINCIPAL H4 LD",0,4,VENCEU," ",2731.8,682.95
"FAROL PRINCIPAL H4 LE",0,4,VENCEU," ",2731.8,682.95
"GARFO DA PARTIDA",0,4,VENCEU," ",260,65
"IMPULSOR DE PARTIDA 9 DENTES",0,4,VENCEU," ",639.96,159.99
"INDUZIDO DA PARTIDA",0,4,VENCEU," ",1347.92,336.98
"INTERRUPTOR LUZ DE FREIO",0,4,VENCEU," ",248,62
"KIT BUCHAS MOTOR DE PARTIDA",0,4,VENCEU," ",236,59
"LAMPADA 1 POLO GRANDE 12V",0,8,VENCEU," ",56,7
"LAMPADA  H3 12V   55W-IODO",0,8,VENCEU," ",408,51
"LAMPADA 1 POLO GRANDE 12V 21W AMBAR",0,8,VENCEU," ",168,21
"LAMPADA 1 POLO PEQUENA 12V 10W",0,8,VENCEU," ",56,7
"LAMPADA 2 POLOS PINO DESENCONTRADO 12V",0,8,VENCEU," ",48,6
"LAMPADA H4 12V   55W-IODO",0,8,VENCEU," ",408,51
"LANTERNA PISCA DIANTEIRA",0,4,VENCEU," ",471.96,117.99
"LANTERNA TRASEIRA COMPLETA",0,4,VENCEU," ",1471.88,367.97
"MANCAL DA PARTIDA DIANTEIRO",0,4,VENCEU," ",503.96,125.99
"MANCAL DO ALTERNADOR DIANTEIRO",0,4,VENCEU," ",487.96,121.99
"MANCAL DO ALTERNADOR TRASEIRO",0,4,VENCEU," ",503.96,125.99
"MANIVELA DO LIMPADOR",0,4,VENCEU," ",192,48
"MAQ.VIDRO ELETRICO DUCATO LD/LE",0,4,VENCEU," ",871.92,217.98
"MOTOR DE PARTIDA DM (R) 12V 0.8KW",0,4,VENCEU," ",4355.68,1088.92
"MOTOR DO VENTILADOR INTERNO",0,4,VENCEU," ",1987.88,496.97
"MOTOR LIMPADOR PARABRISAS",0,4,VENCEU," ",2671.8,667.95
"PALHETA LIMPADOR DIANTEIRA",0,8,VENCEU," ",591.92,73.99
"PARAFUSO  FIXACAO ALTERNADOR",0,4,VENCEU," ",56,14
"PLANETARIA DA PARTIDA",0,4,VENCEU," ",731.96,182.99
"POLIA DA CORREIA ALTERNADOR",0,4,VENCEU," ",571.96,142.99
"POLIA RODA LIVRE",0,4,VENCEU," ",447.96,111.99
"REPARO ALETERNADOR   12V",0,4,VENCEU," ",459.96,114.99
"INTERRUPTOR PRESSAO DO OLEO",0,4,VENCEU," ",156,39
"PORTA ESCOVA DA PARTIDA",0,4,VENCEU," ",575.96,143.99
"REGULADOR DE VOLTAGEM",0,4,VENCEU," ",723.96,180.99
"REPARO MOTOR DE PARTIDA",0,4,VENCEU," ",319.96,79.99
"ROLAMENTO ALT.INTERMEDIARIO",0,4,VENCEU," ",327.96,81.99
"ROLAMENTO ALT.LADO MANCAL",0,4,VENCEU," ",299.96,74.99
"ROTOR P/ALTERNADOR 14V   150A",0,4,VENCEU," ",2699.8,674.95
"SENSOR DE NIVEL COMBUSTIVEL",0,4,VENCEU," ",527.96,131.99
"SOQUETE FAROL S/LAMPADA",0,4,VENCEU," ",116,29
"TENSOR DA CORREIA DO ALTERNADOR",0,210.5,VENCEU," ",736.75,3.5
"TERMINAL DE BATERIA",0,4,VENCEU," ",76,19
"SERVIÇO DE MÃO DE OBRA;",0,160,VENCEU," ",11838.4,73.99
"ALTERNADOR   KBC1 14V 50=>90A",0,2,VENCEU," ",4260.82,2130.41
"ANEL DE AJUSTE ROLAMENTO",0,2,VENCEU," ",73.74,36.87
"BARRA DO LIMPADOR LE/LD",0,2,VENCEU," ",99.64,49.82
"BATERIA 60AH",0,2,VENCEU," ",647.7,323.85
"BOBINA DE CAMPO PARTIDA",0,2,VENCEU," ",442.42,221.21
"BRACO DO LIMPADOR LE/LD",0,2,VENCEU," ",171.38,85.69
"BUZINA UNIVERSAL",0,2,VENCEU," ",175.38,87.69
"CHAVE MAGNETICA PARTIDA",0,2,VENCEU," ",486.26,243.13
"CHAVE SETA S/LIMP.TRASEIRO",0,2,VENCEU," ",950.62,475.31
"CHICOTE FAROL",0,2,VENCEU," ",165.42,82.71
"CIRCUITO DA LANTERNA TRASEIRA",0,2,VENCEU," ",173.38,86.69
"COMUTADOR DE IGNICAOC/TRAVA",0,2,VENCEU," ",711.46,355.73
"CONJUNTO RETIFICADOR.",0,2,VENCEU," ",310.9,155.45
CORREIA,0,2,VENCEU," ",135.52,67.76
"ESTATOR P/ALTERNADOR  14V 105A",0,2,VENCEU," ",733.38,366.69
"EXTINTOR P1 4 POLEGADAS (0,9KG) BARRIGUDO",0,2,VENCEU," ",239.14,119.57
"FAROL AUXILIAR",0,2,VENCEU," ",761.28,380.64
"FAROL PRINCIPAL H4 LD",0,2,VENCEU," ",1361.16,680.58
"FAROL PRINCIPAL H4 LE",0,2,VENCEU," ",1361.16,680.58
"GARFO DA PARTIDA",0,2,VENCEU," ",169.4,84.7
"IMPULSOR DE PARTIDA 9 DENTES",0,2,VENCEU," ",436.44,218.22
"INDUZIDO DA PARTIDA",0,2,VENCEU," ",673.6,336.8
"INTERRUPTOR LUZ DE FREIO",0,2,VENCEU," ",123.56,61.78
"KIT BUCHAS MOTOR DE PARTIDA",0,2,VENCEU," ",89.68,44.84
"LAMPADA 1 POLO GRANDE 12V",0,4,VENCEU," ",27.92,6.98
"LAMPADA  H3 12V   55W-IODO",0,4,VENCEU," ",203.28,50.82
"LAMPADA 1 POLO GRANDE 12V 21W AMBAR",0,4,VENCEU," ",83.72,20.93
"LAMPADA 1 POLO PEQUENA 12V 10W",0,4,VENCEU," ",27.92,6.98
"LAMPADA 2 POLOS PINO DESENCONTRADO 12V",0,4,VENCEU," ",27.92,6.98
"LAMPADA H4 12V   55W-IODO",0,4,VENCEU," ",203.28,50.82
"LANTERNA PISCA DIANTEIRA",0,2,VENCEU," ",235.16,117.58
"LANTERNA TRASEIRA COMPLETA",0,2,VENCEU," ",733.38,366.69
"MANCAL DA PARTIDA DIANTEIRO",0,2,VENCEU," ",251.1,125.55
"MANCAL DO ALTERNADOR DIANTEIRO",0,2,VENCEU," ",251.1,125.55
"MANCAL DO ALTERNADOR TRASEIRO",0,2,VENCEU," ",251.1,125.55
"MANIVELA DO LIMPADOR",0,2,VENCEU," ",95.66,47.83
"MAQ.VIDRO ELETRICO DUCATO LD/LE",0,2,VENCEU," ",332.82,166.41
"MOTOR DE PARTIDA DM (R) 12V 0.8KW",0,2,VENCEU," ",2728.28,1364.14
"MOTOR DO VENTILADOR INTERNO",0,2,VENCEU," ",990.48,495.24
"MOTOR LIMPADOR PARABRISAS",0,2,VENCEU," ",990.48,495.24
"PALHETA LIMPADOR DIANTEIRA",0,4,VENCEU," ",294.96,73.74
"PARAFUSO  FIXACAO ALTERNADOR",0,2,VENCEU," ",27.9,13.95
"PLANETARIA DA PARTIDA",0,2,VENCEU," ",279,139.5
"POLIA DA CORREIA ALTERNADOR",0,2,VENCEU," ",219.22,109.61
"POLIA RODA LIVRE",0,2,VENCEU," ",219.22,109.61
"REPARO ALETERNADOR   12V",0,2,VENCEU," ",175.38,87.69
"INTERRUPTOR PRESSAO DO OLEO",0,2,VENCEU," ",59.78,29.89
"PORTA ESCOVA DA PARTIDA",0,2,VENCEU," ",221.22,110.61
"REGULADOR DE VOLTAGEM",0,2,VENCEU," ",277.02,138.51
"REPARO MOTOR DE PARTIDA",0,2,VENCEU," ",121.56,60.78
"ROLAMENTO ALT.INTERMEDIARIO",0,2,VENCEU," ",125.56,62.78
"ROLAMENTO ALT.LADO MANCAL",0,2,VENCEU," ",115.58,57.79
"ROTOR P/ALTERNADOR 14V   150A",0,2,VENCEU," ",1345.2,672.6
"SENSOR DE NIVEL COMBUSTIVEL",0,2,VENCEU," ",203.28,101.64
"SOQUETE FAROL S/LAMPADA",0,2,VENCEU," ",57.8,28.9
"TENSOR DA CORREIA DO ALTERNADOR",0,2,VENCEU," ",418.5,209.25
"TERMINAL DE BATERIA",0,2,VENCEU," ",37.86,18.93
"SERVIÇO DE MÃO DE OBRA;",0,80,VENCEU," ",5899.2,73.74
"ALTERNADOR   KBC1 14V 50=>90A",0,1,VENCEU," ",2583.32,2583.32
"ANEL DE AJUSTE ROLAMENTO",0,1,VENCEU," ",36.78,36.78
"BARRA DO LIMPADOR LE/LD",0,1,VENCEU," ",49.7,49.7
"BATERIA 60AH",0,1,VENCEU," ",322.04,322.04
"BOBINA DE CAMPO PARTIDA",0,1,VENCEU," ",184.88,184.88
"BRACO DO LIMPADOR LE/LD",0,1,VENCEU," ",85.48,85.48
"BUZINA UNIVERSAL",0,1,VENCEU," ",87.47,87.47
"CHAVE MAGNETICA PARTIDA",0,1,VENCEU," ",242.53,242.53
"CHAVE SETA S/LIMP.TRASEIRO",0,1,VENCEU," ",474.12,474.12
"CHICOTE FAROL",0,1,VENCEU," ",82.5,82.5
"CIRCUITO DA LANTERNA TRASEIRA",0,1,VENCEU," ",113.31,113.31
"COMUTADOR DE IGNICAOC/TRAVA",0,1,VENCEU," ",354.85,354.85
"CONJUNTO RETIFICADOR.",0,1,VENCEU," ",155.06,155.06
CORREIA,0,1,VENCEU," ",51.69,51.69
"ESTATOR P/ALTERNADOR  14V 105A",0,1,VENCEU," ",365.78,365.78
"EXTINTOR P1 4 POLEGADAS (0,9KG) BARRIGUDO",0,1,VENCEU," ",119.28,119.28
"FAROL AUXILIAR",0,1,VENCEU," ",379.69,379.69
"FAROL PRINCIPAL H4 LD",0,1,VENCEU," ",678.88,678.88
"FAROL PRINCIPAL H4 LE",0,1,VENCEU," ",678.88,678.88
"GARFO DA PARTIDA",0,1,VENCEU," ",84.49,84.49
"IMPULSOR DE PARTIDA 9 DENTES",0,1,VENCEU," ",160.03,160.03
"INDUZIDO DA PARTIDA",0,1,VENCEU," ",335.96,335.96
"INTERRUPTOR LUZ DE FREIO",0,1,VENCEU," ",61.63,61.63
"KIT BUCHAS MOTOR DE PARTIDA",0,1,VENCEU," ",58.64,58.64
"LAMPADA 1 POLO GRANDE 12V",0,2,VENCEU," ",13.92,6.96
"LAMPADA  H3 12V   55W-IODO",0,2,VENCEU," ",101.38,50.69
"LAMPADA 1 POLO GRANDE 12V 21W AMBAR",0,2,VENCEU," ",41.74,20.87
"LAMPADA 1 POLO PEQUENA 12V 10W",0,2,VENCEU," ",13.92,6.96
"LAMPADA 2 POLOS PINO DESENCONTRADO 12V",0,2,VENCEU," ",11.92,5.96
"LAMPADA H4 12V   55W-IODO",0,2,VENCEU," ",101.38,50.69
"LANTERNA PISCA DIANTEIRA",0,1,VENCEU," ",117.29,117.29
"LANTERNA TRASEIRA COMPLETA",0,1,VENCEU," ",365.78,365.78
"MANCAL DA PARTIDA DIANTEIRO",0,1,VENCEU," ",125.24,125.24
"MANCAL DO ALTERNADOR DIANTEIRO",0,1,VENCEU," ",121.26,121.26
"MANCAL DO ALTERNADOR TRASEIRO",0,1,VENCEU," ",125.24,125.24
"MANIVELA DO LIMPADOR",0,1,VENCEU," ",47.71,47.71
"MAQ.VIDRO ELETRICO DUCATO LD/LE",0,1,VENCEU," ",166.99,166.99
"MOTOR DE PARTIDA DM (R) 12V 0.8KW",0,1,VENCEU," ",1082.43,1082.43
"MOTOR DO VENTILADOR INTERNO",0,1,VENCEU," ",494,494
"MOTOR LIMPADOR PARABRISAS",0,1,VENCEU," ",663.97,663.97
"PALHETA LIMPADOR DIANTEIRA",0,2,VENCEU," ",147.1,73.55
"PARAFUSO  FIXACAO ALTERNADOR",0,1,VENCEU," ",13.92,13.92
"PLANETARIA DA PARTIDA",0,1,VENCEU," ",139.16,139.16
"POLIA DA CORREIA ALTERNADOR",0,1,VENCEU," ",109.34,109.34
"POLIA RODA LIVRE",0,1,VENCEU," ",111.32,111.32
"REPARO ALETERNADOR   12V",0,1,VENCEU," ",114.31,114.31
"INTERRUPTOR PRESSAO DO OLEO",0,1,VENCEU," ",38.76,38.76
"PORTA ESCOVA DA PARTIDA",0,1,VENCEU," ",110.33,110.33
"REGULADOR DE VOLTAGEM",0,1,VENCEU," ",138.16,138.16
"REPARO MOTOR DE PARTIDA",0,1,VENCEU," ",79.52,79.52
"ROLAMENTO ALT.INTERMEDIARIO",0,1,VENCEU," ",81.51,81.51
"ROLAMENTO ALT.LADO MANCAL",0,1,VENCEU," ",74.55,74.55
"ROTOR P/ALTERNADOR 14V   150A",0,1,VENCEU," ",670.93,670.93
"SENSOR DE NIVEL COMBUSTIVEL",0,1,VENCEU," ",101.38,101.38
"SOQUETE FAROL S/LAMPADA",0,1,VENCEU," ",28.82,28.82
"TENSOR DA CORREIA DO ALTERNADOR",0,1,VENCEU," ",208.73,208.73
"TERMINAL DE BATERIA",0,1,VENCEU," ",18.89,18.89
"SERVIÇO DE MÃO DE OBRA;",0,40,VENCEU," ",2942,73.55
"ALTERNADOR   KBC1 14V 50=>90A",0,1,VENCEU," ",2591.92,2591.92
"ANEL DE AJUSTE ROLAMENTO",0,1,VENCEU," ",36.9,36.9
"BARRA DO LIMPADOR LE/LD",0,1,VENCEU," ",49.86,49.86
"BATERIA 60AH",0,1,VENCEU," ",323.12,323.12
"BOBINA DE CAMPO PARTIDA",0,1,VENCEU," ",185.49,185.49
"BRACO DO LIMPADOR LE/LD",0,1,VENCEU," ",85.77,85.77
"BUZINA UNIVERSAL",0,1,VENCEU," ",87.76,87.76
"CHAVE MAGNETICA PARTIDA",0,1,VENCEU," ",243.34,243.34
"CHAVE SETA S/LIMP.TRASEIRO",0,1,VENCEU," ",475.7,475.7
"CHICOTE FAROL",0,1,VENCEU," ",82.77,82.77
"CIRCUITO DA LANTERNA TRASEIRA",0,1,VENCEU," ",113.69,113.69
"COMUTADOR DE IGNICAOC/TRAVA",0,1,VENCEU," ",356.03,356.03
"CONJUNTO RETIFICADOR.",0,1,VENCEU," ",154.58,154.58
CORREIA,0,1,VENCEU," ",67.81,67.81
"ESTATOR P/ALTERNADOR  14V 105A",0,1,VENCEU," ",367,367
"EXTINTOR P1 4 POLEGADAS (0,9KG) BARRIGUDO",0,1,VENCEU," ",119.67,119.67
"FAROL AUXILIAR",0,1,VENCEU," ",380.96,380.96
"FAROL PRINCIPAL H4 LD",0,1,VENCEU," ",681.14,681.14
"FAROL PRINCIPAL H4 LE",0,1,VENCEU," ",681.14,681.14
"GARFO DA PARTIDA",0,1,VENCEU," ",84.77,84.77
"IMPULSOR DE PARTIDA 9 DENTES",0,1,VENCEU," ",159.56,159.56
"INDUZIDO DA PARTIDA",0,1,VENCEU," ",336.08,336.08
"INTERRUPTOR LUZ DE FREIO",0,1,VENCEU," ",61.83,61.83
"KIT BUCHAS MOTOR DE PARTIDA",0,1,VENCEU," ",58.84,58.84
"LAMPADA 1 POLO GRANDE 12V",0,2,VENCEU," ",13.96,6.98
"LAMPADA  H3 12V   55W-IODO",0,2,VENCEU," ",101.72,50.86
"LAMPADA 1 POLO GRANDE 12V 21W AMBAR",0,2,VENCEU," ",41.88,20.94
"LAMPADA 1 POLO PEQUENA 12V 10W",0,2,VENCEU," ",13.96,6.98
"LAMPADA 2 POLOS PINO DESENCONTRADO 12V",0,2,VENCEU," ",13.96,6.98
"LAMPADA H4 12V   55W-IODO",0,2,VENCEU," ",101.72,50.86
"LANTERNA PISCA DIANTEIRA",0,1,VENCEU," ",117.68,117.68
"LANTERNA TRASEIRA COMPLETA",0,1,VENCEU," ",367,367
"MANCAL DA PARTIDA DIANTEIRO",0,1,VENCEU," ",125.66,125.66
"MANCAL DO ALTERNADOR DIANTEIRO",0,1,VENCEU," ",121.67,121.67
"MANCAL DO ALTERNADOR TRASEIRO",0,1,VENCEU," ",125.66,125.66
"MANIVELA DO LIMPADOR",0,1,VENCEU," ",47.87,47.87
"MAQ.VIDRO ELETRICO DUCATO LD/LE",0,1,VENCEU," ",217.41,217.41
"MOTOR DE PARTIDA DM (R) 12V 0.8KW",0,1,VENCEU," ",1086.03,1086.03
"MOTOR DO VENTILADOR INTERNO",0,1,VENCEU," ",495.65,495.65
"MOTOR LIMPADOR PARABRISAS",0,1,VENCEU," ",666.18,666.18
"PALHETA LIMPADOR DIANTEIRA",0,2,VENCEU," ",147.6,73.8
"PARAFUSO  FIXACAO ALTERNADOR",0,1,VENCEU," ",13.96,13.96
"PLANETARIA DA PARTIDA",0,1,VENCEU," ",139.62,139.62
"POLIA DA CORREIA ALTERNADOR",0,1,VENCEU," ",109.7,109.7
"POLIA RODA LIVRE",0,1,VENCEU," ",111.69,111.69
"REPARO ALETERNADOR   12V",0,1,VENCEU," ",114.69,114.69
"INTERRUPTOR PRESSAO DO OLEO",0,1,VENCEU," ",38.89,38.89
"PORTA ESCOVA DA PARTIDA",0,1,VENCEU," ",110.7,110.7
"REGULADOR DE VOLTAGEM",0,1,VENCEU," ",180.51,180.51
"REPARO MOTOR DE PARTIDA",0,1,VENCEU," ",7978.21,7978.21
"ROLAMENTO ALT.INTERMEDIARIO",0,1,VENCEU," ",81.78,81.78
"ROLAMENTO ALT.LADO MANCAL",0,1,VENCEU," ",74.8,74.8
"ROTOR P/ALTERNADOR 14V   150A",0,1,VENCEU," ",673.16,673.16
"SENSOR DE NIVEL COMBUSTIVEL",0,1,VENCEU," ",101.72,101.72
"SOQUETE FAROL S/LAMPADA",0,1,VENCEU," ",28.92,28.92
"TENSOR DA CORREIA DO ALTERNADOR",0,1,VENCEU," ",209.43,209.43
"TERMINAL DE BATERIA",0,1,VENCEU," ",18.95,18.95
"SERVIÇO DE MÃO DE OBRA;",0,40,VENCEU," ",2952,73.8
"ALTERNADOR   KBC1 14V 50=>90A",0,1,PERDEU," ",2599,2599
"ANEL DE AJUSTE ROLAMENTO",0,1,PERDEU," ",37,37
"BARRA DO LIMPADOR LE/LD",0,1,PERDEU," ",50,50
"BATERIA 60AH",0,1,PERDEU," ",324,324
"BOBINA DE CAMPO PARTIDA",0,1,PERDEU," ",186,186
"BRACO DO LIMPADOR LE/LD",0,1,PERDEU," ",86,86
"BUZINA UNIVERSAL",0,1,PERDEU," ",88,88
"CHAVE MAGNETICA PARTIDA",0,1,PERDEU," ",244,244
"CHAVE SETA S/LIMP.TRASEIRO",0,1,PERDEU," ",477,477
"CHICOTE FAROL",0,1,PERDEU," ",83,83
"CIRCUITO DA LANTERNA TRASEIRA",0,1,PERDEU," ",114,114
"COMUTADOR DE IGNICAOC/TRAVA",0,1,PERDEU," ",357,357
"CONJUNTO RETIFICADOR.",0,1,PERDEU," ",155,155
CORREIA,0,1,PERDEU," ",68,68
"ESTATOR P/ALTERNADOR  14V 105A",0,1,PERDEU," ",368,368
"EXTINTOR P1 4 POLEGADAS (0,9KG) BARRIGUDO",0,1,PERDEU," ",120,120
"FAROL AUXILIAR",0,1,PERDEU," ",382,382
"FAROL PRINCIPAL H4 LD",0,1,PERDEU," ",683,683
"FAROL PRINCIPAL H4 LE",0,1,PERDEU," ",683,683
"GARFO DA PARTIDA",0,1,PERDEU," ",85,85
"IMPULSOR DE PARTIDA 9 DENTES",0,1,PERDEU," ",123,123
"INDUZIDO DA PARTIDA",0,1,PERDEU," ",338,338
"INTERRUPTOR LUZ DE FREIO",0,1,PERDEU," ",62,62
"KIT BUCHAS MOTOR DE PARTIDA",0,1,PERDEU," ",59,59
"LAMPADA 1 POLO GRANDE 12V",0,2,PERDEU," ",14,7
"LAMPADA  H3 12V   55W-IODO",0,2,PERDEU," ",102,51
"LAMPADA 1 POLO GRANDE 12V 21W AMBAR",0,2,PERDEU," ",42,21
"LAMPADA 1 POLO PEQUENA 12V 10W",0,2,PERDEU," ",14,7
"LAMPADA 2 POLOS PINO DESENCONTRADO 12V",0,2,PERDEU," ",12,6
"LAMPADA H4 12V   55W-IODO",0,2,PERDEU," ",102,51
"LANTERNA PISCA DIANTEIRA",0,1,PERDEU," ",118,118
"LANTERNA TRASEIRA COMPLETA",0,1,PERDEU," ",368,368
"MANCAL DA PARTIDA DIANTEIRO",0,1,PERDEU," ",126,126
"MANCAL DO ALTERNADOR DIANTEIRO",0,1,PERDEU," ",94,94
"MANCAL DO ALTERNADOR TRASEIRO",0,1,PERDEU," ",126,126
"MANIVELA DO LIMPADOR",0,1,PERDEU," ",48,48
"MAQ.VIDRO ELETRICO DUCATO LD/LE",0,1,PERDEU," ",167,167
"MOTOR DE PARTIDA DM (R) 12V 0.8KW",0,1,PERDEU," ",1089,1089
"MOTOR DO VENTILADOR INTERNO",0,1,PERDEU," ",497,497
"MOTOR LIMPADOR PARABRISAS",0,1,PERDEU," ",668,668
"PALHETA LIMPADOR DIANTEIRA",0,2,PERDEU," ",148,74
"PARAFUSO  FIXACAO ALTERNADOR",0,1,PERDEU," ",14,14
"PLANETARIA DA PARTIDA",0,1,PERDEU," ",140,140
"POLIA DA CORREIA ALTERNADOR",0,1,PERDEU," ",110,110
"POLIA RODA LIVRE",0,1,PERDEU," ",112,112
"REPARO ALETERNADOR   12V",0,1,PERDEU," ",115,115
"INTERRUPTOR PRESSAO DO OLEO",0,1,PERDEU," ",39,39
"PORTA ESCOVA DA PARTIDA",0,1,PERDEU," ",111,111
"REGULADOR DE VOLTAGEM",0,1,PERDEU," ",139,139
"REPARO MOTOR DE PARTIDA",0,1,PERDEU," ",80,80
"ROLAMENTO ALT.INTERMEDIARIO",0,1,PERDEU," ",82,82
"ROLAMENTO ALT.LADO MANCAL",0,1,PERDEU," ",75,75
"ROTOR P/ALTERNADOR 14V   150A",0,1,PERDEU," ",675,675
"SENSOR DE NIVEL COMBUSTIVEL",0,1,PERDEU," ",102,102
"SOQUETE FAROL S/LAMPADA",0,1,PERDEU," ",29,29
"TENSOR DA CORREIA DO ALTERNADOR",0,1,PERDEU," ",210,210
"TERMINAL DE BATERIA",0,1,PERDEU," ",19,19
"SERVIÇO DE MÃO DE OBRA;",0,40,PERDEU," ",2960,74
"ALTERNADOR   KBC1 14V 50=>90A",0,5,VENCEU," ",12949.6,2589.92
"ANEL DE AJUSTE ROLAMENTO",0,5,VENCEU," ",184.35,36.87
"BARRA DO LIMPADOR LE/LD",0,5,VENCEU," ",249.15,49.83
"BATERIA 60AH",0,5,VENCEU," ",1614.35,322.87
"BOBINA DE CAMPO PARTIDA",0,5,VENCEU," ",926.75,185.35
"BRACO DO LIMPADOR LE/LD",0,5,VENCEU," ",558.05,111.61
"BUZINA UNIVERSAL",0,5,VENCEU," ",568,113.6
"CHAVE MAGNETICA PARTIDA",0,5,VENCEU," ",1215.75,243.15
"CHAVE SETA S/LIMP.TRASEIRO",0,5,VENCEU," ",2376.65,475.33
"CHICOTE FAROL",0,5,VENCEU," ",413.55,82.71
"CIRCUITO DA LANTERNA TRASEIRA",0,5,VENCEU," ",568,113.6
"COMUTADOR DE IGNICAOC/TRAVA",0,5,VENCEU," ",1778.75,355.75
"CONJUNTO RETIFICADOR.",0,5,VENCEU," ",772.3,154.46
CORREIA,0,5,VENCEU," ",338.8,67.76
"ESTATOR P/ALTERNADOR  14V 105A",0,5,VENCEU," ",1833.55,366.71
"EXTINTOR P1 4 POLEGADAS (0,9KG) BARRIGUDO",0,5,VENCEU," ",597.9,119.58
"FAROL AUXILIAR",0,5,VENCEU," ",1903.3,380.66
"FAROL PRINCIPAL H4 LD",0,5,VENCEU," ",3403.05,680.61
"FAROL PRINCIPAL H4 LE",0,5,VENCEU," ",3403.05,680.61
"GARFO DA PARTIDA",0,5,VENCEU," ",423.5,84.7
"IMPULSOR DE PARTIDA 9 DENTES",0,5,VENCEU," ",612.85,122.57
"INDUZIDO DA PARTIDA",0,5,VENCEU," ",1679.1,335.82
"INTERRUPTOR LUZ DE FREIO",0,5,VENCEU," ",308.9,61.78
"KIT BUCHAS MOTOR DE PARTIDA",0,5,VENCEU," ",293.95,58.79
"LAMPADA 1 POLO GRANDE 12V",0,10,VENCEU," ",69.8,6.98
"LAMPADA  H3 12V   55W-IODO",0,10,VENCEU," ",508.2,50.82
"LAMPADA 1 POLO GRANDE 12V 21W AMBAR",0,10,VENCEU," ",209.3,20.93
"LAMPADA 1 POLO PEQUENA 12V 10W",0,10,VENCEU," ",69.8,6.98
"LAMPADA 2 POLOS PINO DESENCONTRADO 12V",0,10,VENCEU," ",69.8,6.98
"LAMPADA H4 12V   55W-IODO",0,10,VENCEU," ",508.2,50.82
"LANTERNA PISCA DIANTEIRA",0,5,VENCEU," ",587.95,117.59
"LANTERNA TRASEIRA COMPLETA",0,5,VENCEU," ",1828.6,365.72
"MANCAL DA PARTIDA DIANTEIRO",0,5,VENCEU," ",627.8,125.56
"MANCAL DO ALTERNADOR DIANTEIRO",0,5,VENCEU," ",607.85,121.57
"MANCAL DO ALTERNADOR TRASEIRO",0,5,VENCEU," ",627.8,125.56
"MANIVELA DO LIMPADOR",0,5,VENCEU," ",239.15,47.83
"MAQ.VIDRO ELETRICO DUCATO LD/LE",0,5,VENCEU," ",832.1,166.42
"MOTOR DE PARTIDA DM (R) 12V 0.8KW",0,5,VENCEU," ",5425.95,1085.19
"MOTOR DO VENTILADOR INTERNO",0,5,VENCEU," ",2476.3,495.26
"MOTOR LIMPADOR PARABRISAS",0,5,VENCEU," ",3328.35,665.67
"PALHETA LIMPADOR DIANTEIRA",0,10,VENCEU," ",727.4,72.74
"PARAFUSO  FIXACAO ALTERNADOR",0,5,VENCEU," ",69.75,13.95
"PLANETARIA DA PARTIDA",0,5,VENCEU," ",697.55,139.51
"POLIA DA CORREIA ALTERNADOR",0,5,VENCEU," ",548.1,109.62
"POLIA RODA LIVRE",0,5,VENCEU," ",558.05,111.61
"REPARO ALETERNADOR   12V",0,5,VENCEU," ",573,114.6
"INTERRUPTOR PRESSAO DO OLEO",0,5,VENCEU," ",194.3,38.86
"PORTA ESCOVA DA PARTIDA",0,5,VENCEU," ",553.05,110.61
"REGULADOR DE VOLTAGEM",0,5,VENCEU," ",692.55,138.51
"REPARO MOTOR DE PARTIDA",0,5,VENCEU," ",398.6,79.72
"ROLAMENTO ALT.INTERMEDIARIO",0,5,VENCEU," ",408.55,81.71
"ROLAMENTO ALT.LADO MANCAL",0,5,VENCEU," ",373.7,74.74
"ROTOR P/ALTERNADOR 14V   150A",0,5,VENCEU," ",3358.2,671.64
"SENSOR DE NIVEL COMBUSTIVEL",0,5,VENCEU," ",508.2,101.64
"SOQUETE FAROL S/LAMPADA",0,5,VENCEU," ",144.5,28.9
"TENSOR DA CORREIA DO ALTERNADOR",0,5,VENCEU," ",1046.35,209.27
"TERMINAL DE BATERIA",0,5,VENCEU," ",94.65,18.93
"SERVIÇO DE MÃO DE OBRA;",0,200,VENCEU," ",14748,73.74
"ALTERNADOR   KBC1 14V 50=>90A",0,1,VENCEU," ",2585,2585
"ANEL DE AJUSTE ROLAMENTO",0,1,VENCEU," ",36.8,36.8
"BARRA DO LIMPADOR LE/LD",0,1,VENCEU," ",49.73,49.73
"BATERIA 60AH",0,1,VENCEU," ",322.25,322.25
"BOBINA DE CAMPO PARTIDA",0,1,VENCEU," ",185,185
"BRACO DO LIMPADOR LE/LD",0,1,VENCEU," ",85.54,85.54
"BUZINA UNIVERSAL",0,1,VENCEU," ",87.53,87.53
"CHAVE MAGNETICA PARTIDA",0,1,VENCEU," ",242.69,242.69
"CHAVE SETA S/LIMP.TRASEIRO",0,1,VENCEU," ",474.43,474.43
"CHICOTE FAROL",0,1,VENCEU," ",82.55,82.55
"CIRCUITO DA LANTERNA TRASEIRA",0,1,VENCEU," ",113.39,113.39
"COMUTADOR DE IGNICAOC/TRAVA",0,1,VENCEU," ",355.08,355.08
"CONJUNTO RETIFICADOR.",0,1,VENCEU," ",155.16,155.16
CORREIA,0,1,VENCEU," ",51.72,51.72
"ESTATOR P/ALTERNADOR  14V 105A",0,1,VENCEU," ",366.02,366.02
"EXTINTOR P1 4 POLEGADAS (0,9KG) BARRIGUDO",0,1,VENCEU," ",119.35,119.35
"FAROL AUXILIAR",0,1,VENCEU," ",379.94,379.94
"FAROL PRINCIPAL H4 LD",0,1,VENCEU," ",679.32,679.32
"FAROL PRINCIPAL H4 LE",0,1,VENCEU," ",679.32,679.32
"GARFO DA PARTIDA",0,1,VENCEU," ",84.54,84.54
"IMPULSOR DE PARTIDA 9 DENTES",0,1,VENCEU," ",122.34,122.34
"INDUZIDO DA PARTIDA",0,1,VENCEU," ",336.18,336.18
"INTERRUPTOR LUZ DE FREIO",0,1,VENCEU," ",61.67,61.67
"KIT BUCHAS MOTOR DE PARTIDA",0,1,VENCEU," ",44.76,44.76
"LAMPADA 1 POLO GRANDE 12V",0,2,VENCEU," ",13.92,6.96
"LAMPADA  H3 12V   55W-IODO",0,2,VENCEU," ",101.46,50.73
"LAMPADA 1 POLO GRANDE 12V 21W AMBAR",0,2,VENCEU," ",41.78,20.89
"LAMPADA 1 POLO PEQUENA 12V 10W",0,2,VENCEU," ",11.94,5.97
"LAMPADA 2 POLOS PINO DESENCONTRADO 12V",0,2,VENCEU," ",13.92,6.96
"LAMPADA H4 12V   55W-IODO",0,2,VENCEU," ",101.46,50.73
"LANTERNA PISCA DIANTEIRA",0,1,VENCEU," ",117.36,117.36
"LANTERNA TRASEIRA COMPLETA",0,1,VENCEU," ",366.02,366.02
"MANCAL DA PARTIDA DIANTEIRO",0,1,VENCEU," ",126.32,126.32
"MANCAL DO ALTERNADOR DIANTEIRO",0,1,VENCEU," ",121.34,121.34
"MANCAL DO ALTERNADOR TRASEIRO",0,1,VENCEU," ",126.32,126.32
"MANIVELA DO LIMPADOR",0,1,VENCEU," ",47.74,47.74
"MAQ.VIDRO ELETRICO DUCATO LD/LE",0,1,VENCEU," ",166.1,166.1
"MOTOR DE PARTIDA DM (R) 12V 0.8KW",0,1,VENCEU," ",1083.13,1083.13
"MOTOR DO VENTILADOR INTERNO",0,1,VENCEU," ",494.32,494.32
"MOTOR LIMPADOR PARABRISAS",0,1,VENCEU," ",664.4,664.4
"PALHETA LIMPADOR DIANTEIRA",0,2,VENCEU," ",147.2,73.6
"PARAFUSO  FIXACAO ALTERNADOR",0,1,VENCEU," ",13.92,13.92
"PLANETARIA DA PARTIDA",0,1,VENCEU," ",139.25,139.25
"POLIA DA CORREIA ALTERNADOR",0,1,VENCEU," ",109.41,109.41
"POLIA RODA LIVRE",0,1,VENCEU," ",111.4,111.4
"REPARO ALETERNADOR   12V",0,1,VENCEU," ",114.38,114.38
"INTERRUPTOR PRESSAO DO OLEO",0,1,VENCEU," ",38.79,38.79
"PORTA ESCOVA DA PARTIDA",0,1,VENCEU," ",110.4,110.4
"REGULADOR DE VOLTAGEM",0,1,VENCEU," ",138.25,138.25
"REPARO MOTOR DE PARTIDA",0,1,VENCEU," ",79.57,79.57
"ROLAMENTO ALT.INTERMEDIARIO",0,1,VENCEU," ",81.56,81.56
"ROLAMENTO ALT.LADO MANCAL",0,1,VENCEU," ",74.6,74.6
"ROTOR P/ALTERNADOR 14V   150A",0,1,VENCEU," ",671.36,671.36
"SENSOR DE NIVEL COMBUSTIVEL",0,1,VENCEU," ",101.45,101.45
"SOQUETE FAROL S/LAMPADA",0,1,VENCEU," ",28.84,28.84
"TENSOR DA CORREIA DO ALTERNADOR",0,1,VENCEU," ",208.87,208.87
"TERMINAL DE BATERIA",0,1,VENCEU," ",18.9,18.9
"SERVIÇO DE MÃO DE OBRA;",0,40,VENCEU," ",2944,73.6
"ALTERNADOR   KBC1 14V 50=>90A",0,4,VENCEU," ",10351.24,2587.81
"ANEL DE AJUSTE ROLAMENTO",0,4,VENCEU," ",147.36,36.84
"BARRA DO LIMPADOR LE/LD",0,4,VENCEU," ",199.12,49.78
"BATERIA 60AH",0,4,VENCEU," ",1290.44,322.61
"BOBINA DE CAMPO PARTIDA",0,4,VENCEU," ",740.8,185.2
"BRACO DO LIMPADOR LE/LD",0,4,VENCEU," ",342.52,85.63
"BUZINA UNIVERSAL",0,4,VENCEU," ",350.48,87.62
"CHAVE MAGNETICA PARTIDA",0,4,VENCEU," ",971.8,242.95
"CHAVE SETA S/LIMP.TRASEIRO",0,4,VENCEU," ",1899.8,474.95
"CHICOTE FAROL",0,4,VENCEU," ",330.56,82.64
"CIRCUITO DA LANTERNA TRASEIRA",0,4,VENCEU," ",454.04,113.51
"COMUTADOR DE IGNICAOC/TRAVA",0,4,VENCEU," ",1421.84,355.46
"CONJUNTO RETIFICADOR.",0,4,VENCEU," ",617.32,154.33
CORREIA,0,4,VENCEU," ",270.84,67.71
"ESTATOR P/ALTERNADOR  14V 105A",0,4,VENCEU," ",1465.68,366.42
"EXTINTOR P1 4 POLEGADAS (0,9KG) BARRIGUDO",0,4,VENCEU," ",477.92,119.48
"FAROL AUXILIAR",0,4,VENCEU," ",1521.44,380.36
"FAROL PRINCIPAL H4 LD",0,4,VENCEU," ",2720.24,680.06
"FAROL PRINCIPAL H4 LE",0,4,VENCEU," ",2720.24,680.06
"GARFO DA PARTIDA",0,4,VENCEU," ",338.52,84.63
"IMPULSOR DE PARTIDA 9 DENTES",0,4,VENCEU," ",489.88,122.47
"INDUZIDO DA PARTIDA",0,4,VENCEU," ",1342.2,335.55
"INTERRUPTOR LUZ DE FREIO",0,4,VENCEU," ",246.92,61.73
"KIT BUCHAS MOTOR DE PARTIDA",0,4,VENCEU," ",27.88,6.97
"LAMPADA 1 POLO GRANDE 12V",0,8,VENCEU," ",55.76,6.97
"LAMPADA  H3 12V   55W-IODO",0,8,VENCEU," ",390.32,48.79
"LAMPADA 1 POLO GRANDE 12V 21W AMBAR",0,8,VENCEU," ",167.28,20.91
"LAMPADA 1 POLO PEQUENA 12V 10W",0,8,VENCEU," ",55.76,6.97
"LAMPADA 2 POLOS PINO DESENCONTRADO 12V",0,8,VENCEU," ",55.76,6.97
"LAMPADA H4 12V   55W-IODO",0,8,VENCEU," ",406.24,50.78
"LANTERNA PISCA DIANTEIRA",0,4,VENCEU," ",469.96,117.49
"LANTERNA TRASEIRA COMPLETA",0,4,VENCEU," ",1465.68,366.42
"MANCAL DA PARTIDA DIANTEIRO",0,4,VENCEU," ",501.84,125.46
"MANCAL DO ALTERNADOR DIANTEIRO",0,4,VENCEU," ",485.88,121.47
"MANCAL DO ALTERNADOR TRASEIRO",0,4,VENCEU," ",501.84,125.46
"MANIVELA DO LIMPADOR",0,4,VENCEU," ",191.16,47.79
"MAQ.VIDRO ELETRICO DUCATO LD/LE",0,4,VENCEU," ",665.12,166.28
"MOTOR DE PARTIDA DM (R) 12V 0.8KW",0,4,VENCEU," ",4337.24,1084.31
"MOTOR DO VENTILADOR INTERNO",0,4,VENCEU," ",1979.44,494.86
"MOTOR LIMPADOR PARABRISAS",0,4,VENCEU," ",2660.48,665.12
"PALHETA LIMPADOR DIANTEIRA",0,8,VENCEU," ",589.44,73.68
"PARAFUSO  FIXACAO ALTERNADOR",0,4,VENCEU," ",55.76,13.94
"PLANETARIA DA PARTIDA",0,4,VENCEU," ",557.6,139.4
"POLIA DA CORREIA ALTERNADOR",0,4,VENCEU," ",438.12,109.53
"POLIA RODA LIVRE",0,4,VENCEU," ",446.08,111.52
"REPARO ALETERNADOR   12V",0,4,VENCEU," ",458,114.5
"INTERRUPTOR PRESSAO DO OLEO",0,4,VENCEU," ",155.32,38.83
"PORTA ESCOVA DA PARTIDA",0,4,VENCEU," ",442.08,110.52
"REGULADOR DE VOLTAGEM",0,4,VENCEU," ",553.6,138.4
"REPARO MOTOR DE PARTIDA",0,4,VENCEU," ",318.64,79.66
"ROLAMENTO ALT.INTERMEDIARIO",0,4,VENCEU," ",326.6,81.65
"ROLAMENTO ALT.LADO MANCAL",0,4,VENCEU," ",298.72,74.68
"ROTOR P/ALTERNADOR 14V   150A",0,4,VENCEU," ",2688.36,672.09
"SENSOR DE NIVEL COMBUSTIVEL",0,4,VENCEU," ",406.24,101.56
"SOQUETE FAROL S/LAMPADA",0,4,VENCEU," ",115.52,28.88
"TENSOR DA CORREIA DO ALTERNADOR",0,4,VENCEU," ",836.4,209.1
"TERMINAL DE BATERIA",0,4,VENCEU," ",75.68,18.92
"SERVIÇO DE MÃO DE OBRA;",0,160,VENCEU," ",11788.8,73.68
"ALTERNADOR   KBC1 14V 50=>90A",0,2,PERDEU," ",4261.76,2130.88
"ANEL DE AJUSTE ROLAMENTO",0,2,PERDEU," ",73.76,36.88
"BARRA DO LIMPADOR LE/LD",0,2,PERDEU," ",99.66,49.83
"BATERIA 60AH",0,2,PERDEU," ",645.84,322.92
"BOBINA DE CAMPO PARTIDA",0,2,PERDEU," ",442.52,221.26
"BRACO DO LIMPADOR LE/LD",0,2,PERDEU," ",171.42,85.71
"BUZINA UNIVERSAL",0,2,PERDEU," ",175.42,87.71
"CHAVE MAGNETICA PARTIDA",0,2,PERDEU," ",486.38,243.19
"CHAVE SETA S/LIMP.TRASEIRO",0,2,PERDEU," ",950.82,475.41
"CHICOTE FAROL",0,2,PERDEU," ",165.44,82.72
"CIRCUITO DA LANTERNA TRASEIRA",0,2,PERDEU," ",227.24,113.62
"COMUTADOR DE IGNICAOC/TRAVA",0,2,PERDEU," ",711.62,355.81
"CONJUNTO RETIFICADOR.",0,2,PERDEU," ",308.96,154.48
CORREIA,0,2,PERDEU," ",135.54,67.77
"ESTATOR P/ALTERNADOR  14V 105A",0,2,PERDEU," ",733.56,366.78
"EXTINTOR P1 4 POLEGADAS (0,9KG) BARRIGUDO",0,2,PERDEU," ",239.2,119.6
"FAROL AUXILIAR",0,2,PERDEU," ",761.46,380.73
"FAROL PRINCIPAL H4 LD",0,2,PERDEU," ",1361.46,680.73
"FAROL PRINCIPAL H4 LE",0,2,PERDEU," ",1361.46,680.73
"GARFO DA PARTIDA",0,2,PERDEU," ",169.44,84.72
"IMPULSOR DE PARTIDA 9 DENTES",0,2,PERDEU," ",334.88,167.44
"INDUZIDO DA PARTIDA",0,2,PERDEU," ",671.76,335.88
"INTERRUPTOR LUZ DE FREIO",0,2,PERDEU," ",123.58,61.79
"KIT BUCHAS MOTOR DE PARTIDA",0,2,PERDEU," ",117.6,58.8
"LAMPADA 1 POLO GRANDE 12V",0,4,PERDEU," ",27.92,6.98
"LAMPADA  H3 12V   55W-IODO",0,4,PERDEU," ",195.36,48.84
"LAMPADA 1 POLO GRANDE 12V 21W AMBAR",0,4,PERDEU," ",83.72,20.93
"LAMPADA 1 POLO PEQUENA 12V 10W",0,4,PERDEU," ",27.92,6.98
"LAMPADA 2 POLOS PINO DESENCONTRADO 12V",0,4,PERDEU," ",27.92,6.98
"LAMPADA H4 12V   55W-IODO",0,4,PERDEU," ",203.32,50.83
"LANTERNA PISCA DIANTEIRA",0,2,PERDEU," ",235.22,117.61
"LANTERNA TRASEIRA COMPLETA",0,2,PERDEU," ",733.56,366.78
"MANCAL DA PARTIDA DIANTEIRO",0,2,PERDEU," ",251.16,125.58
"MANCAL DO ALTERNADOR DIANTEIRO",0,2,PERDEU," ",243.18,121.59
"MANCAL DO ALTERNADOR TRASEIRO",0,2,PERDEU," ",251.16,125.58
"MANIVELA DO LIMPADOR",0,2,PERDEU," ",95.68,47.84
"MAQ.VIDRO ELETRICO DUCATO LD/LE",0,2,PERDEU," ",332.88,166.44
"MOTOR DE PARTIDA DM (R) 12V 0.8KW",0,2,PERDEU," ",2728.88,1364.44
"MOTOR DO VENTILADOR INTERNO",0,2,PERDEU," ",990.7,495.35
"MOTOR LIMPADOR PARABRISAS",0,2,PERDEU," ",1331.56,665.78
"PALHETA LIMPADOR DIANTEIRA",0,4,PERDEU," ",295,73.75
"PARAFUSO  FIXACAO ALTERNADOR",0,2,PERDEU," ",27.9,13.95
"PLANETARIA DA PARTIDA",0,2,PERDEU," ",279.06,139.53
"POLIA DA CORREIA ALTERNADOR",0,2,PERDEU," ",219.26,109.63
"POLIA RODA LIVRE",0,2,PERDEU," ",223.26,111.63
"REPARO ALETERNADOR   12V",0,2,PERDEU," ",229.24,114.62
"INTERRUPTOR PRESSAO DO OLEO",0,2,PERDEU," ",77.74,38.87
"PORTA ESCOVA DA PARTIDA",0,2,PERDEU," ",221.26,110.63
"ROLAMENTO ALT.INTERMEDIARIO",0,2,PERDEU," ",163.46,81.73
"ROLAMENTO ALT.LADO MANCAL",0,2,PERDEU," ",149.5,74.75
"ROTOR P/ALTERNADOR 14V   150A",0,2,PERDEU," ",1345.5,672.75
"SENSOR DE NIVEL COMBUSTIVEL",0,2,PERDEU," ",203.32,101.66
"SOQUETE FAROL S/LAMPADA",0,2,PERDEU," ",57.8,28.9
"TENSOR DA CORREIA DO ALTERNADOR",0,2,PERDEU," ",418.6,209.3
"TERMINAL DE BATERIA",0,2,PERDEU," ",37.88,18.94
"SERVIÇO DE MÃO DE OBRA;",0,80,PERDEU," ",5900,73.75
"ALTERNADOR   KBC1 14V 50=>90A",0,2,PERDEU," ",4260.64,2130.32
"ANEL DE AJUSTE ROLAMENTO",0,2,PERDEU," ",73.74,36.87
"BARRA DO LIMPADOR LE/LD",0,2,PERDEU," ",99.64,49.82
"BATERIA 60AH",0,2,PERDEU," ",645.68,322.84
"BOBINA DE CAMPO PARTIDA",0,2,PERDEU," ",442.4,221.2
"BRACO DO LIMPADOR LE/LD",0,2,PERDEU," ",171.38,85.69
"BUZINA UNIVERSAL",0,2,PERDEU," ",175.36,87.68
"CHAVE MAGNETICA PARTIDA",0,2,PERDEU," ",486.24,243.12
"CHAVE SETA S/LIMP.TRASEIRO",0,2,PERDEU," ",950.58,475.29
"CHICOTE FAROL",0,2,PERDEU," ",165.4,82.7
"CIRCUITO DA LANTERNA TRASEIRA",0,2,PERDEU," ",227.18,113.59
"COMUTADOR DE IGNICAOC/TRAVA",0,2,PERDEU," ",711.44,355.72
"CONJUNTO RETIFICADOR.",0,2,PERDEU," ",308.88,154.44
CORREIA,0,2,PERDEU," ",135.52,67.76
"ESTATOR P/ALTERNADOR  14V 105A",0,2,PERDEU," ",733.36,366.68
"EXTINTOR P1 4 POLEGADAS (0,9KG) BARRIGUDO",0,2,PERDEU," ",239.14,119.57
"FAROL AUXILIAR",0,2,PERDEU," ",761.26,380.63
"FAROL PRINCIPAL H4 LD",0,2,PERDEU," ",1361.1,680.55
"FAROL PRINCIPAL H4 LE",0,2,PERDEU," ",1361.1,680.55
"GARFO DA PARTIDA",0,2,PERDEU," ",169.38,84.69
"IMPULSOR DE PARTIDA 9 DENTES",0,2,PERDEU," ",334.8,167.4
"INDUZIDO DA PARTIDA",0,2,PERDEU," ",671.58,335.79
"INTERRUPTOR LUZ DE FREIO",0,2,PERDEU," ",123.56,61.78
"KIT BUCHAS MOTOR DE PARTIDA",0,2,PERDEU," ",117.58,58.79
"LAMPADA 1 POLO GRANDE 12V",0,4,PERDEU," ",27.88,6.97
"LAMPADA  H3 12V   55W-IODO",0,4,PERDEU," ",195.28,48.82
"LAMPADA 1 POLO GRANDE 12V 21W AMBAR",0,4,PERDEU," ",83.68,20.92
"LAMPADA 1 POLO PEQUENA 12V 10W",0,4,PERDEU," ",27.88,6.97
"LAMPADA 2 POLOS PINO DESENCONTRADO 12V",0,4,PERDEU," ",27.88,6.97
"LAMPADA H4 12V   55W-IODO",0,4,PERDEU," ",203.28,50.82
"LANTERNA PISCA DIANTEIRA",0,2,PERDEU," ",235.16,117.58
"LANTERNA TRASEIRA COMPLETA",0,2,PERDEU," ",733.36,366.68
"MANCAL DA PARTIDA DIANTEIRO",0,2,PERDEU," ",251.1,125.55
"MANCAL DO ALTERNADOR DIANTEIRO",0,2,PERDEU," ",243.12,121.56
"MANCAL DO ALTERNADOR TRASEIRO",0,2,PERDEU," ",251.1,125.55
"MANIVELA DO LIMPADOR",0,2,PERDEU," ",95.66,47.83
"MAQ.VIDRO ELETRICO DUCATO LD/LE",0,2,PERDEU," ",332.8,166.4
"MOTOR DE PARTIDA DM (R) 12V 0.8KW",0,2,PERDEU," ",2728.16,1364.08
"MOTOR DO VENTILADOR INTERNO",0,2,PERDEU," ",990.42,495.21
"MOTOR LIMPADOR PARABRISAS",0,2,PERDEU," ",1331.2,665.6
"PALHETA LIMPADOR DIANTEIRA",0,4,PERDEU," ",294.92,73.73
"PARAFUSO  FIXACAO ALTERNADOR",0,2,PERDEU," ",27.9,13.95
"PLANETARIA DA PARTIDA",0,2,PERDEU," ",279,139.5
"POLIA DA CORREIA ALTERNADOR",0,2,PERDEU," ",219.2,109.6
"POLIA RODA LIVRE",0,2,PERDEU," ",223.2,111.6
"REPARO ALETERNADOR   12V",0,2,PERDEU," ",229.18,114.59
"INTERRUPTOR PRESSAO DO OLEO",0,2,PERDEU," ",77.72,38.86
"PORTA ESCOVA DA PARTIDA",0,2,PERDEU," ",221.2,110.6
"REGULADOR DE VOLTAGEM",0,2,PERDEU," ",277,138.5
"REPARO MOTOR DE PARTIDA",0,2,PERDEU," ",121.56,60.78
"ROLAMENTO ALT.INTERMEDIARIO",0,2,PERDEU," ",163.42,81.71
"ROLAMENTO ALT.LADO MANCAL",0,2,PERDEU," ",149.46,74.73
"ROTOR P/ALTERNADOR 14V   150A",0,2,PERDEU," ",1345.16,672.58
"SENSOR DE NIVEL COMBUSTIVEL",0,2,PERDEU," ",203.26,101.63
"SOQUETE FAROL S/LAMPADA",0,2,PERDEU," ",57.8,28.9
"TENSOR DA CORREIA DO ALTERNADOR",0,2,PERDEU," ",418.5,209.25
"TERMINAL DE BATERIA",0,2,PERDEU," ",37.86,18.93
"SERVIÇO DE MÃO DE OBRA;",0,80,PERDEU," ",5898.4,73.73
"ALTERNADOR   KBC1 14V 50=>90A",0,3,PERDEU," ",6414,2138
"ANEL DE AJUSTE ROLAMENTO",0,3,PERDEU," ",111,37
"BARRA DO LIMPADOR LE/LD",0,3,PERDEU," ",150,50
"BATERIA 60AH",0,3,PERDEU," ",972,324
"BOBINA DE CAMPO PARTIDA",0,3,PERDEU," ",666,222
"BRACO DO LIMPADOR LE/LD",0,3,PERDEU," ",258,86
"BUZINA UNIVERSAL",0,3,PERDEU," ",264,88
"CHAVE MAGNETICA PARTIDA",0,3,PERDEU," ",732,244
"CHAVE SETA S/LIMP.TRASEIRO",0,3,PERDEU," ",1431,477
"CHICOTE FAROL",0,3,PERDEU," ",249,83
"CIRCUITO DA LANTERNA TRASEIRA",0,3,PERDEU," ",342,114
"COMUTADOR DE IGNICAOC/TRAVA",0,3,PERDEU," ",1071,357
"CONJUNTO RETIFICADOR.",0,3,PERDEU," ",465,155
CORREIA,0,3,PERDEU," ",204,68
"ESTATOR P/ALTERNADOR  14V 105A",0,3,PERDEU," ",1104,368
"EXTINTOR P1 4 POLEGADAS (0,9KG) BARRIGUDO",0,3,PERDEU," ",360,120
"FAROL AUXILIAR",0,3,PERDEU," ",1146,382
"FAROL PRINCIPAL H4 LD",0,3,PERDEU," ",2049,683
"FAROL PRINCIPAL H4 LE",0,3,PERDEU," ",2049,683
"GARFO DA PARTIDA",0,3,PERDEU," ",255,85
"IMPULSOR DE PARTIDA 9 DENTES",0,3,PERDEU," ",504,168
"INDUZIDO DA PARTIDA",0,3,PERDEU," ",1011,337
"INTERRUPTOR LUZ DE FREIO",0,3,PERDEU," ",186,62
"KIT BUCHAS MOTOR DE PARTIDA",0,3,PERDEU," ",177,59
"LAMPADA 1 POLO GRANDE 12V",0,6,PERDEU," ",42,7
"LAMPADA  H3 12V   55W-IODO",0,6,PERDEU," ",294,49
"LAMPADA 1 POLO GRANDE 12V 21W AMBAR",0,6,PERDEU," ",126,21
"LAMPADA 1 POLO PEQUENA 12V 10W",0,6,PERDEU," ",42,7
"LAMPADA 2 POLOS PINO DESENCONTRADO 12V",0,6,PERDEU," ",42,7
"LAMPADA H4 12V   55W-IODO",0,6,PERDEU," ",306,51
"LANTERNA PISCA DIANTEIRA",0,3,PERDEU," ",354,118
"LANTERNA TRASEIRA COMPLETA",0,3,PERDEU," ",1104,368
"MANCAL DA PARTIDA DIANTEIRO",0,3,PERDEU," ",378,126
"MANCAL DO ALTERNADOR DIANTEIRO",0,3,PERDEU," ",282,94
"MANCAL DO ALTERNADOR TRASEIRO",0,3,PERDEU," ",378,126
"MANIVELA DO LIMPADOR",0,3,PERDEU," ",144,48
"MAQ.VIDRO ELETRICO DUCATO LD/LE",0,3,PERDEU," ",504,168
"MOTOR DE PARTIDA  DM  12V 0.9KW",0,3,PERDEU," ",4326,1442
"MOTOR DO VENTILADOR INTERNO",0,3,PERDEU," ",1491,497
"MOTOR LIMPADOR PARABRISAS",0,3,PERDEU," ",2004,668
"PALHETA LIMPADOR DIANTEIRA",0,6,PERDEU," ",444,74
"PARAFUSO  FIXACAO ALTERNADOR",0,3,PERDEU," ",42,14
"PLANETARIA DA PARTIDA",0,3,PERDEU," ",420,140
"POLIA DA CORREIA ALTERNADOR",0,3,PERDEU," ",330,110
"POLIA RODA LIVRE",0,3,PERDEU," ",336,112
"REPARO ALETERNADOR   12V",0,3,PERDEU," ",345,115
"INTERRUPTOR PRESSAO DO OLEO",0,3,PERDEU," ",117,39
"PORTA ESCOVA DA PARTIDA",0,3,PERDEU," ",333,111
"REGULADOR DE VOLTAGEM",0,3,PERDEU," ",417,139
"REPARO MOTOR DE PARTIDA",0,3,PERDEU," ",183,61
"ROLAMENTO ALT.INTERMEDIARIO",0,3,PERDEU," ",246,82
"ROLAMENTO ALT.LADO MANCAL",0,3,PERDEU," ",225,75
"ROTOR P/ALTERNADOR 14V   150A",0,3,PERDEU," ",2025,675
"SENSOR DE NIVEL COMBUSTIVEL",0,3,PERDEU," ",306,102
"SOQUETE FAROL S/LAMPADA",0,3,PERDEU," ",87,29
"TENSOR DA CORREIA DO ALTERNADOR",0,3,PERDEU," ",630,210
"TERMINAL DE BATERIA",0,3,PERDEU," ",57,19
"SERVIÇO DE MÃO DE OBRA;",0,120,PERDEU," ",8880,74
"ALTERNADOR   KBC1 14V 50=>90A",0,3,VENCEU," ",6368.76,2122.92
"ANEL DE AJUSTE ROLAMENTO",0,3,VENCEU," ",110.22,36.74
"BARRA DO LIMPADOR LE/LD",0,3,VENCEU," ",148.95,49.65
"BATERIA 60AH",0,3,VENCEU," ",965.16,321.72
"BOBINA DE CAMPO PARTIDA",0,3,VENCEU," ",661.29,220.43
"BRACO DO LIMPADOR LE/LD",0,3,VENCEU," ",256.17,85.39
"BUZINA UNIVERSAL",0,3,VENCEU," ",262.14,87.38
"CHAVE MAGNETICA PARTIDA",0,3,VENCEU," ",726.84,242.28
"CHAVE SETA S/LIMP.TRASEIRO",0,3,VENCEU," ",1420.92,473.64
"CHICOTE FAROL",0,3,VENCEU," ",247.23,82.41
"CIRCUITO DA LANTERNA TRASEIRA",0,3,VENCEU," ",339.6,113.2
"COMUTADOR DE IGNICAOC/TRAVA",0,3,VENCEU," ",1063.44,354.48
"CONJUNTO RETIFICADOR.",0,3,VENCEU," ",461.73,153.91
CORREIA,0,3,VENCEU," ",202.56,67.52
"ESTATOR P/ALTERNADOR  14V 105A",0,3,VENCEU," ",1096.23,365.41
"EXTINTOR P1 4 POLEGADAS (0,9KG) BARRIGUDO",0,3,VENCEU," ",357.45,119.15
"FAROL AUXILIAR",0,3,VENCEU," ",1137.93,379.31
"FAROL PRINCIPAL H4 LD",0,3,VENCEU," ",2034.54,678.18
"FAROL PRINCIPAL H4 LE",0,3,VENCEU," ",2034.54,678.18
"GARFO DA PARTIDA",0,3,VENCEU," ",253.2,84.4
"IMPULSOR DE PARTIDA 9 DENTES",0,3,VENCEU," ",500.46,166.82
"INDUZIDO DA PARTIDA",0,3,VENCEU," ",1006.86,335.62
"INTERRUPTOR LUZ DE FREIO",0,3,VENCEU," ",184.68,61.56
"KIT BUCHAS MOTOR DE PARTIDA",0,3,VENCEU," ",175.74,58.58
"LAMPADA 1 POLO GRANDE 12V",0,6,VENCEU," ",41.7,6.95
"LAMPADA  H3 12V   55W-IODO",0,6,VENCEU," ",291.9,48.65
"LAMPADA 1 POLO GRANDE 12V 21W AMBAR",0,6,VENCEU," ",125.1,20.85
"LAMPADA 1 POLO PEQUENA 12V 10W",0,6,VENCEU," ",41.7,6.95
"LAMPADA 2 POLOS PINO DESENCONTRADO 12V",0,6,VENCEU," ",41.7,6.95
"LAMPADA H4 12V   55W-IODO",0,6,VENCEU," ",303.84,50.64
"LANTERNA PISCA DIANTEIRA",0,3,VENCEU," ",351.51,117.17
"LANTERNA TRASEIRA COMPLETA",0,3,VENCEU," ",1096.23,365.41
"MANCAL DA PARTIDA DIANTEIRO",0,3,VENCEU," ",375.33,125.11
"MANCAL DO ALTERNADOR DIANTEIRO",0,3,VENCEU," ",280.02,93.34
"MANCAL DO ALTERNADOR TRASEIRO",0,3,VENCEU," ",375.33,125.11
"MANIVELA DO LIMPADOR",0,3,VENCEU," ",142.98,47.66
"MAQ.VIDRO ELETRICO DUCATO LD/LE",0,3,VENCEU," ",500.46,166.82
"MOTOR DE PARTIDA  DM  12V 0.9KW",0,3,VENCEU," ",4295.49,1431.83
"MOTOR DO VENTILADOR INTERNO",0,3,VENCEU," ",1480.5,493.5
"MOTOR LIMPADOR PARABRISAS",0,3,VENCEU," ",1989.87,663.29
"PALHETA LIMPADOR DIANTEIRA",0,6,VENCEU," ",440.88,73.48
"PARAFUSO  FIXACAO ALTERNADOR",0,3,VENCEU," ",41.7,13.9
"PLANETARIA DA PARTIDA",0,3,VENCEU," ",417.03,139.01
"POLIA DA CORREIA ALTERNADOR",0,3,VENCEU," ",327.66,109.22
"POLIA RODA LIVRE",0,3,VENCEU," ",333.63,111.21
"REPARO ALETERNADOR   12V",0,3,VENCEU," ",342.57,114.19
"INTERRUPTOR PRESSAO DO OLEO",0,3,VENCEU," ",116.16,38.72
"PORTA ESCOVA DA PARTIDA",0,3,VENCEU," ",330.66,110.22
"REGULADOR DE VOLTAGEM",0,3,VENCEU," ",414.06,138.02
"REPARO MOTOR DE PARTIDA",0,3,VENCEU," ",181.71,60.57
"ROLAMENTO ALT.INTERMEDIARIO",0,3,VENCEU," ",244.26,81.42
"ROLAMENTO ALT.LADO MANCAL",0,3,VENCEU," ",223.41,74.47
"SOQUETE FAROL S/LAMPADA",0,3,VENCEU," ",86.4,28.8
"TENSOR DA CORREIA DO ALTERNADOR",0,3,VENCEU," ",625.56,208.52
"TERMINAL DE BATERIA",0,3,VENCEU," ",56.61,18.87
"SERVIÇO DE MÃO DE OBRA;",0,120,VENCEU," ",8817.6,73.48
"ALTERNADOR   KBC1 14V 50=>90A",0,3,VENCEU," ",6387.12,2129.04
"ANEL DE AJUSTE ROLAMENTO",0,3,VENCEU," ",110.52,36.84
"BARRA DO LIMPADOR LE/LD",0,3,VENCEU," ",149.37,49.79
"BATERIA 60AH",0,3,VENCEU," ",967.92,322.64
"BOBINA DE CAMPO PARTIDA",0,3,VENCEU," ",663.21,221.07
"BRACO DO LIMPADOR LE/LD",0,3,VENCEU," ",256.92,85.64
"BUZINA UNIVERSAL",0,3,VENCEU," ",262.89,87.63
"CHAVE MAGNETICA PARTIDA",0,3,VENCEU," ",728.94,242.98
"CHAVE SETA S/LIMP.TRASEIRO",0,3,VENCEU," ",1425,475
"CHICOTE FAROL",0,3,VENCEU," ",247.95,82.65
"CIRCUITO DA LANTERNA TRASEIRA",0,3,VENCEU," ",340.56,113.52
"COMUTADOR DE IGNICAOC/TRAVA",0,3,VENCEU," ",1066.5,355.5
"CONJUNTO RETIFICADOR.",0,3,VENCEU," ",463.05,154.35
CORREIA,0,3,VENCEU," ",203.16,67.72
"ESTATOR P/ALTERNADOR  14V 105A",0,3,VENCEU," ",1099.38,366.46
"EXTINTOR P1 4 POLEGADAS (0,9KG) BARRIGUDO",0,3,VENCEU," ",358.5,119.5
"FAROL AUXILIAR",0,3,VENCEU," ",1141.2,380.4
"FAROL PRINCIPAL H4 LD",0,3,VENCEU," ",2040.42,680.14
"FAROL PRINCIPAL H4 LE",0,3,VENCEU," ",2040.42,680.14
"GARFO DA PARTIDA",0,3,VENCEU," ",253.92,84.64
"IMPULSOR DE PARTIDA 9 DENTES",0,3,VENCEU," ",501.9,167.3
"INDUZIDO DA PARTIDA",0,3,VENCEU," ",1006.77,335.59
"INTERRUPTOR LUZ DE FREIO",0,3,VENCEU," ",185.22,61.74
"KIT BUCHAS MOTOR DE PARTIDA",0,3,VENCEU," ",176.25,58.75
"LAMPADA 1 POLO GRANDE 12V",0,6,VENCEU," ",41.82,6.97
"LAMPADA  H3 12V   55W-IODO",0,6,VENCEU," ",292.74,48.79
"LAMPADA 1 POLO GRANDE 12V 21W AMBAR",0,6,VENCEU," ",125.46,20.91
"LAMPADA 1 POLO PEQUENA 12V 10W",0,6,VENCEU," ",41.82,6.97
"LAMPADA 2 POLOS PINO DESENCONTRADO 12V",0,6,VENCEU," ",41.82,6.97
"LAMPADA H4 12V   55W-IODO",0,6,VENCEU," ",304.74,50.79
"LANTERNA PISCA DIANTEIRA",0,3,VENCEU," ",352.53,117.51
"LANTERNA TRASEIRA COMPLETA",0,3,VENCEU," ",1099.38,366.46
"MANCAL DA PARTIDA DIANTEIRO",0,3,VENCEU," ",376.41,125.47
"MANCAL DO ALTERNADOR DIANTEIRO",0,3,VENCEU," ",280.83,93.61
"MANCAL DO ALTERNADOR TRASEIRO",0,3,VENCEU," ",376.41,125.47
"MANIVELA DO LIMPADOR",0,3,VENCEU," ",143.4,47.8
"MAQ.VIDRO ELETRICO DUCATO LD/LE",0,3,VENCEU," ",498.9,166.3
"MOTOR DE PARTIDA  DM  12V 0.9KW",0,3,VENCEU," ",4307.88,1435.96
"MOTOR DO VENTILADOR INTERNO",0,3,VENCEU," ",1484.76,494.92
"MOTOR LIMPADOR PARABRISAS",0,3,VENCEU," ",1995.6,665.2
"PALHETA LIMPADOR DIANTEIRA",0,6,VENCEU," ",442.14,73.69
"PARAFUSO  FIXACAO ALTERNADOR",0,3,VENCEU," ",41.82,13.94
"PLANETARIA DA PARTIDA",0,3,VENCEU," ",418.23,139.41
"POLIA DA CORREIA ALTERNADOR",0,3,VENCEU," ",328.62,109.54
"POLIA RODA LIVRE",0,3,VENCEU," ",334.59,111.53
"REPARO ALETERNADOR   12V",0,3,VENCEU," ",343.56,114.52
"INTERRUPTOR PRESSAO DO OLEO",0,3,VENCEU," ",116.52,38.84
"PORTA ESCOVA DA PARTIDA",0,3,VENCEU," ",331.59,110.53
"REGULADOR DE VOLTAGEM",0,3,VENCEU," ",415.26,138.42
"REPARO MOTOR DE PARTIDA",0,3,VENCEU," ",182.22,60.74
"ROLAMENTO ALT.INTERMEDIARIO",0,3,VENCEU," ",244.98,81.66
"ROLAMENTO ALT.LADO MANCAL",0,3,VENCEU," ",224.07,74.69
"ROTOR P/ALTERNADOR 14V   150A",0,3,VENCEU," ",2016.51,672.17
"SENSOR DE NIVEL COMBUSTIVEL",0,3,VENCEU," ",304.71,101.57
"SOQUETE FAROL S/LAMPADA",0,3,VENCEU," ",86.64,28.88
"TENSOR DA CORREIA DO ALTERNADOR",0,3,VENCEU," ",627.36,209.12
"TERMINAL DE BATERIA",0,3,VENCEU," ",56.76,18.92
"SERVIÇO DE MÃO DE OBRA;",0,120,VENCEU," ",8842.8,73.69
"ALTERNADOR   KBC1 14V 50=>90A",0,1,VENCEU," ",2130.32,2130.32
"ANEL DE AJUSTE ROLAMENTO",0,1,VENCEU," ",36.87,36.87
"BARRA DO LIMPADOR LE/LD",0,1,VENCEU," ",49.82,49.82
"BATERIA 60AH",0,1,VENCEU," ",322.84,322.84
"BOBINA DE CAMPO PARTIDA",0,1,VENCEU," ",221.2,221.2
"BRACO DO LIMPADOR LE/LD",0,1,VENCEU," ",85.69,85.69
"BUZINA UNIVERSAL",0,1,VENCEU," ",87.68,87.68
"CHAVE MAGNETICA PARTIDA",0,1,VENCEU," ",243.12,243.12
"CHAVE SETA S/LIMP.TRASEIRO",0,1,VENCEU," ",475.29,475.29
"CHICOTE FAROL",0,1,VENCEU," ",82.7,82.7
"CIRCUITO DA LANTERNA TRASEIRA",0,1,VENCEU," ",113.59,113.59
"COMUTADOR DE IGNICAOC/TRAVA",0,1,VENCEU," ",355.72,355.72
"CONJUNTO RETIFICADOR.",0,1,VENCEU," ",154.44,154.44
CORREIA,0,1,VENCEU," ",67.76,67.76
"ESTATOR P/ALTERNADOR  14V 105A",0,1,VENCEU," ",366.68,366.68
"EXTINTOR P1 4 POLEGADAS (0,9KG) BARRIGUDO",0,1,VENCEU," ",119.57,119.57
"FAROL AUXILIAR",0,1,VENCEU," ",380.63,380.63
"FAROL PRINCIPAL H4 LD",0,1,VENCEU," ",680.55,680.55
"FAROL PRINCIPAL H4 LE",0,1,VENCEU," ",680.55,680.55
"GARFO DA PARTIDA",0,1,VENCEU," ",84.69,84.69
"IMPULSOR DE PARTIDA 9 DENTES",0,1,VENCEU," ",167.4,167.4
"INDUZIDO DA PARTIDA",0,1,VENCEU," ",335.79,335.79
"INTERRUPTOR LUZ DE FREIO",0,1,VENCEU," ",61.78,61.78
"KIT BUCHAS MOTOR DE PARTIDA",0,1,VENCEU," ",58.79,58.79
"KIT TRAVA ELETRICA 4 PORTAS",0,1,VENCEU," ",235.15,235.15
"LAMPADA 1 POLO GRANDE 12V",0,2,VENCEU," ",13.94,6.97
"LAMPADA  H3 12V   55W-IODO",0,2,VENCEU," ",97.64,48.82
"LAMPADA 1 POLO GRANDE 12V 21W AMBAR",0,2,VENCEU," ",41.84,20.92
"LAMPADA 1 POLO PEQUENA 12V 10W",0,2,VENCEU," ",13.94,6.97
"LAMPADA 2 POLOS PINO DESENCONTRADO 12V",0,2,VENCEU," ",13.94,6.97
"LAMPADA H4 12V   55W-IODO",0,2,VENCEU," ",101.64,50.82
"LANTERNA PISCA DIANTEIRA",0,1,VENCEU," ",117.58,117.58
"LANTERNA TRASEIRA COMPLETA",0,1,VENCEU," ",366.68,366.68
"MANCAL DA PARTIDA DIANTEIRO",0,1,VENCEU," ",125.55,125.55
"MANCAL DO ALTERNADOR DIANTEIRO",0,1,VENCEU," ",93.66,93.66
"MANCAL DO ALTERNADOR TRASEIRO",0,1,VENCEU," ",125.55,125.55
"MANIVELA DO LIMPADOR",0,1,VENCEU," ",47.83,47.83
"MAQ.VIDRO ELETRICO  LD/LE",0,1,VENCEU," ",166.4,166.4
"MOTOR DE PARTIDA  DM  12V 0.9KW",0,1,VENCEU," ",1436.82,1436.82
"MOTOR DO VENTILADOR INTERNO",0,1,VENCEU," ",495.21,495.21
"MOTOR LIMPADOR PARABRISAS",0,1,VENCEU," ",665.6,665.6
"PALHETA LIMPADOR DIANTEIRA",0,2,VENCEU," ",147.46,73.73
"PARAFUSO  FIXACAO ALTERNADOR",0,1,VENCEU," ",13.95,13.95
"PLANETARIA DA PARTIDA",0,1,VENCEU," ",139.5,139.5
"POLIA DA CORREIA ALTERNADOR",0,1,VENCEU," ",109.6,109.6
"POLIA RODA LIVRE",0,1,VENCEU," ",111.6,111.6
"REPARO ALETERNADOR   12V",0,1,VENCEU," ",114.59,114.59
"INTERRUPTOR PRESSAO DO OLEO",0,1,VENCEU," ",38.86,38.86
"PORTA ESCOVA DA PARTIDA",0,1,VENCEU," ",110.6,110.6
"REGULADOR DE VOLTAGEM",0,1,VENCEU," ",138.5,138.5
"REPARO MOTOR DE PARTIDA",0,1,VENCEU," ",60.78,60.78
"ROLAMENTO ALT.INTERMEDIARIO",0,1,VENCEU," ",81.71,81.71
"ROLAMENTO ALT.LADO MANCAL",0,1,VENCEU," ",74.73,74.73
"ROTOR P/ALTERNADOR 14V   150A",0,1,VENCEU," ",672.58,672.58
"SENSOR DE NIVEL COMBUSTIVEL",0,1,VENCEU," ",101.63,101.63
"SOQUETE FAROL S/LAMPADA",0,1,VENCEU," ",28.9,28.9
"TENSOR DA CORREIA DO ALTERNADOR",0,1,VENCEU," ",209.25,209.25
"TERMINAL DE BATERIA",0,1,VENCEU," ",18.93,18.93
"SERVIÇO DE MÃO DE OBRA;",0,40,VENCEU," ",2949.2,73.73
"ALTERNADOR   KBC1 14V 50=>90A",0,2,VENCEU," ",4241.7,2120.85
"ANEL DE AJUSTE ROLAMENTO",0,2,VENCEU," ",73.4,36.7
"BARRA DO LIMPADOR LE/LD",0,2,VENCEU," ",99.2,49.6
"BATERIA 60AH",0,2,VENCEU," ",642.8,321.4
"BOBINA DE CAMPO PARTIDA",0,2,VENCEU," ",440.44,220.22
"BRACO DO LIMPADOR LE/LD",0,2,VENCEU," ",170.62,85.31
"BUZINA UNIVERSAL",0,2,VENCEU," ",174.58,87.29
"CHAVE MAGNETICA PARTIDA",0,2,VENCEU," ",484.08,242.04
"CHAVE SETA S/LIMP.TRASEIRO",0,2,VENCEU," ",946.34,473.17
"CHICOTE FAROL",0,2,VENCEU," ",164.66,82.33
"CIRCUITO DA LANTERNA TRASEIRA",0,2,VENCEU," ",226.18,113.09
"COMUTADOR DE IGNICAOC/TRAVA",0,2,VENCEU," ",708.28,354.14
"CONJUNTO RETIFICADOR.",0,2,VENCEU," ",307.52,153.76
CORREIA,0,2,VENCEU," ",134.9,67.45
"ESTATOR P/ALTERNADOR  14V 105A",0,2,VENCEU," ",730.1,365.05
"EXTINTOR P1 4 POLEGADAS (0,9KG) BARRIGUDO",0,2,VENCEU," ",238.08,119.04
"FAROL AUXILIAR",0,2,VENCEU," ",757.88,378.94
"FAROL PRINCIPAL H4 LD",0,2,VENCEU," ",1355.04,677.52
"FAROL PRINCIPAL H4 LE",0,2,VENCEU," ",1355.04,677.52
"GARFO DA PARTIDA",0,2,VENCEU," ",168.64,84.32
"IMPULSOR DE PARTIDA 9 DENTES",0,2,VENCEU," ",333.3,166.65
"INDUZIDO DA PARTIDA",0,2,VENCEU," ",670.58,335.29
"INTERRUPTOR LUZ DE FREIO",0,2,VENCEU," ",123,61.5
"KIT BUCHAS MOTOR DE PARTIDA",0,2,VENCEU," ",117.06,58.53
"KIT TRAVA ELETRICA 4 PORTAS",0,2,VENCEU," ",468.22,234.11
"LAMPADA 1 POLO GRANDE 12V",0,4,VENCEU," ",27.76,6.94
"LAMPADA  H3 12V   55W-IODO",0,4,VENCEU," ",194.44,48.61
"LAMPADA 1 POLO GRANDE 12V 21W AMBAR",0,4,VENCEU," ",83.32,20.83
"LAMPADA 1 POLO PEQUENA 12V 10W",0,4,VENCEU," ",27.76,6.94
"LAMPADA 2 POLOS PINO DESENCONTRADO 12V",0,4,VENCEU," ",27.76,6.94
"LAMPADA H4 12V   55W-IODO",0,4,VENCEU," ",202.36,50.59
"LANTERNA PISCA DIANTEIRA",0,2,VENCEU," ",234.1,117.05
"LANTERNA TRASEIRA COMPLETA",0,2,VENCEU," ",730.1,365.05
"MANCAL DA PARTIDA DIANTEIRO",0,2,VENCEU," ",249.98,124.99
"MANCAL DO ALTERNADOR DIANTEIRO",0,2,VENCEU," ",186.5,93.25
"MANCAL DO ALTERNADOR TRASEIRO",0,2,VENCEU," ",251.96,125.98
"MANIVELA DO LIMPADOR",0,2,VENCEU," ",95.24,47.62
"MAQ.VIDRO ELETRICO  LD/LE",0,2,VENCEU," ",333.3,166.65
"MOTOR DE PARTIDA  DM  12V 0.9KW",0,2,VENCEU," ",2860.88,1430.44
"MOTOR DO VENTILADOR INTERNO",0,2,VENCEU," ",986.02,493.01
"MOTOR LIMPADOR PARABRISAS",0,2,VENCEU," ",1325.28,662.64
"PALHETA LIMPADOR DIANTEIRA",0,4,VENCEU," ",293.64,73.41
"PARAFUSO  FIXACAO ALTERNADOR",0,2,VENCEU," ",27.78,13.89
"PLANETARIA DA PARTIDA",0,2,VENCEU," ",277.76,138.88
"POLIA DA CORREIA ALTERNADOR",0,2,VENCEU," ",218.24,109.12
"POLIA RODA LIVRE",0,2,VENCEU," ",222.2,111.1
"REPARO ALETERNADOR   12V",0,2,VENCEU," ",228.16,114.08
"INTERRUPTOR PRESSAO DO OLEO",0,2,VENCEU," ",77.38,38.69
"PORTA ESCOVA DA PARTIDA",0,2,VENCEU," ",220.22,110.11
"REGULADOR DE VOLTAGEM",0,2,VENCEU," ",275.78,137.89
"REPARO MOTOR DE PARTIDA",0,2,VENCEU," ",123,61.5
"ROLAMENTO ALT.INTERMEDIARIO",0,2,VENCEU," ",162.68,81.34
"ROLAMENTO ALT.LADO MANCAL",0,2,VENCEU," ",148.8,74.4
"ROTOR P/ALTERNADOR 14V   150A",0,2,VENCEU," ",1339.18,669.59
"SENSOR DE NIVEL COMBUSTIVEL",0,2,VENCEU," ",202.36,101.18
"SOQUETE FAROL S/LAMPADA",0,2,VENCEU," ",57.54,28.77
"TENSOR DA CORREIA DO ALTERNADOR",0,2,VENCEU," ",416.64,208.32
"TERMINAL DE BATERIA",0,2,VENCEU," ",37.7,18.85
"SERVIÇO DE MÃO DE OBRA;",0,80,VENCEU," ",5872.8,73.41
"ALTERNADOR   KBC1 14V 50=>90A",0,6,VENCEU," ",12750.48,2125.08
"ANEL DE AJUSTE ROLAMENTO",0,6,VENCEU," ",220.68,36.78
"BOBINA DE CAMPO PARTIDA",0,6,VENCEU," ",1323.96,220.66
"BRACO DO LIMPADOR LE/LD",0,6,VENCEU," ",512.88,85.48
"BUZINA UNIVERSAL",0,6,VENCEU," ",524.82,87.47
"CHAVE MAGNETICA PARTIDA",0,6,VENCEU," ",1455.18,242.53
"CHAVE SETA S/LIMP.TRASEIRO",0,6,VENCEU," ",2844.72,474.12
"CHICOTE FAROL",0,6,VENCEU," ",495,82.5
"CIRCUITO DA LANTERNA TRASEIRA",0,6,VENCEU," ",679.86,113.31
"COMUTADOR DE IGNICAOC/TRAVA",0,6,VENCEU," ",2129.04,354.84
"CONJUNTO RETIFICADOR.",0,6,VENCEU," ",924.36,154.06
CORREIA,0,6,VENCEU," ",405.54,67.59
"ESTATOR P/ALTERNADOR  14V 105A",0,6,VENCEU," ",2194.68,365.78
"EXTINTOR P1 4 POLEGADAS (0,9KG) BARRIGUDO",0,6,VENCEU," ",715.68,119.28
"FAROL AUXILIAR",0,6,VENCEU," ",2278.14,379.69
"FAROL PRINCIPAL H4 LD",0,6,VENCEU," ",4073.22,678.87
"FAROL PRINCIPAL H4 LE",0,6,VENCEU," ",4073.22,678.87
"GARFO DA PARTIDA",0,6,VENCEU," ",506.94,84.49
"IMPULSOR DE PARTIDA 9 DENTES",0,6,VENCEU," ",1001.94,166.99
"INDUZIDO DA PARTIDA",0,6,VENCEU," ",2009.76,334.96
"INTERRUPTOR LUZ DE FREIO",0,6,VENCEU," ",369.78,61.63
"KIT BUCHAS MOTOR DE PARTIDA",0,6,VENCEU," ",351.84,58.64
"KIT TRAVA ELETRICA 4 PORTAS",0,6,VENCEU," ",1407.42,234.57
"LAMPADA 1 POLO GRANDE 12V",0,12,VENCEU," ",83.52,6.96
"LAMPADA  H3 12V   55W-IODO",0,12,VENCEU," ",584.4,48.7
"LAMPADA 1 POLO GRANDE 12V 21W AMBAR",0,12,VENCEU," ",250.44,20.87
"LAMPADA 1 POLO PEQUENA 12V 10W",0,12,VENCEU," ",83.52,6.96
"LAMPADA 2 POLOS PINO DESENCONTRADO 12V",0,12,VENCEU," ",83.52,6.96
"LAMPADA H4 12V   55W-IODO",0,12,VENCEU," ",608.28,50.69
"LANTERNA PISCA DIANTEIRA",0,6,VENCEU," ",703.74,117.29
"LANTERNA TRASEIRA COMPLETA",0,6,VENCEU," ",2194.68,365.78
"MANCAL DA PARTIDA DIANTEIRO",0,6,VENCEU," ",751.44,125.24
"MANCAL DO ALTERNADOR DIANTEIRO",0,6,VENCEU," ",560.58,93.43
"MANCAL DO ALTERNADOR TRASEIRO",0,6,VENCEU," ",751.44,125.24
"MANIVELA DO LIMPADOR",0,6,VENCEU," ",286.26,47.71
"MAQ.VIDRO ELETRICO  LD/LE",0,6,VENCEU," ",1001.94,166.99
"MOTOR DE PARTIDA  DM  12V 0.9KW",0,6,VENCEU," ",8599.74,1433.29
"MOTOR DO VENTILADOR INTERNO",0,6,VENCEU," ",2964,494
"MOTOR LIMPADOR PARABRISAS",0,6,VENCEU," ",3983.76,663.96
"PALHETA LIMPADOR DIANTEIRA",0,12,VENCEU," ",882.6,73.55
"PARAFUSO  FIXACAO ALTERNADOR",0,6,VENCEU," ",83.52,13.92
"PLANETARIA DA PARTIDA",0,6,VENCEU," ",834.9,139.15
"POLIA DA CORREIA ALTERNADOR",0,6,VENCEU," ",656.04,109.34
"POLIA RODA LIVRE",0,6,VENCEU," ",667.92,111.32
"REPARO ALETERNADOR   12V",0,6,VENCEU," ",685.86,114.31
"INTERRUPTOR PRESSAO DO OLEO",0,6,VENCEU," ",232.56,38.76
"PORTA ESCOVA DA PARTIDA",0,6,VENCEU," ",661.98,110.33
"REGULADOR DE VOLTAGEM",0,6,VENCEU," ",828.96,138.16
"REPARO MOTOR DE PARTIDA",0,6,VENCEU," ",363.78,60.63
"ROLAMENTO ALT.INTERMEDIARIO",0,6,VENCEU," ",489,81.5
"ROLAMENTO ALT.LADO MANCAL",0,6,VENCEU," ",447.3,74.55
"ROTOR P/ALTERNADOR 14V   150A",0,6,VENCEU," ",4025.52,670.92
"SENSOR DE NIVEL COMBUSTIVEL",0,6,VENCEU," ",608.28,101.38
"SOQUETE FAROL S/LAMPADA",0,6,VENCEU," ",172.92,28.82
"ROLAMENTO ESTICADOR CORREIA ALTERNADOR",0,6,VENCEU," ",1252.38,208.73
"TERMINAL DE BATERIA",0,6,VENCEU," ",113.34,18.89
"SERVIÇO DE MÃO DE OBRA;",0,240,VENCEU," ",17652,73.55
"ALTERNADOR   KBC1 14V 50=>90A",0,38,VENCEU," ",80902.38,2129.01
"ANEL DE AJUSTE ROLAMENTO",0,38,VENCEU," ",1399.92,36.84
"BARRA DO LIMPADOR LE/LD",0,38,VENCEU," ",1892.02,49.79
"BATERIA 60AH",0,38,VENCEU," ",12260.32,322.64
"BOBINA DE CAMPO PARTIDA",0,38,VENCEU," ",8400.66,221.07
"BRACO DO LIMPADOR LE/LD",0,38,VENCEU," ",3254.32,85.64
"BUZINA UNIVERSAL",0,38,VENCEU," ",3329.94,87.63
"CHAVE MAGNETICA PARTIDA",0,38,VENCEU," ",9232.86,242.97
"CHAVE SETA S/LIMP.TRASEIRO",0,38,VENCEU," ",18049.62,474.99
"CHICOTE FAROL",0,38,VENCEU," ",3140.7,82.65
"CONJUNTO RETIFICADOR.",0,38,VENCEU," ",5865.3,154.35
CORREIA,0,38,VENCEU," ",2572.98,67.71
"ESTATOR P/ALTERNADOR  14V 105A",0,38,VENCEU," ",13925.1,366.45
"EXTINTOR P1 4 POLEGADAS (0,9KG) BARRIGUDO",0,38,VENCEU," ",4541,119.5
"FAROL AUXILIAR",0,38,VENCEU," ",14454.82,380.39
"FAROL PRINCIPAL H4 LD",0,38,VENCEU," ",25844.94,680.13
"FAROL PRINCIPAL H4 LE",0,38,VENCEU," ",25844.94,680.13
"GARFO DA PARTIDA",0,38,VENCEU," ",3216.32,84.64
"IMPULSOR DE PARTIDA 9 DENTES",0,38,VENCEU," ",6357.02,167.29
"INDUZIDO DA PARTIDA",0,38,VENCEU," ",12752.04,335.58
"INTERRUPTOR LUZ DE FREIO",0,38,VENCEU," ",2346.12,61.74
"KIT BUCHAS MOTOR DE PARTIDA",0,38,VENCEU," ",2232.5,58.75
"KIT TRAVA ELETRICA 4 PORTAS",0,38,VENCEU," ",8968,236
"LAMPADA 1 POLO GRANDE 12V",0,76,VENCEU," ",529.72,6.97
"LAMPADA  H3 12V   55W-IODO",0,76,VENCEU," ",3708.04,48.79
"LAMPADA 1 POLO GRANDE 12V 21W AMBAR",0,76,VENCEU," ",1589.16,20.91
"LAMPADA 1 POLO PEQUENA 12V 10W",0,76,VENCEU," ",529.72,6.97
"LAMPADA 2 POLOS PINO DESENCONTRADO 12V",0,76,VENCEU," ",529.72,6.97
"LAMPADA H4 12V   55W-IODO",0,76,VENCEU," ",3860.04,50.79
"LANTERNA PISCA DIANTEIRA",0,38,VENCEU," ",4465,117.5
"LANTERNA TRASEIRA COMPLETA",0,38,VENCEU," ",13925.1,366.45
"MANCAL DA PARTIDA DIANTEIRO",0,38,VENCEU," ",4805.86,126.47
"MANCAL DO ALTERNADOR DIANTEIRO",0,38,VENCEU," ",3556.8,93.6
"MANCAL DO ALTERNADOR TRASEIRO",0,38,VENCEU," ",4767.86,125.47
"MANIVELA DO LIMPADOR",0,38,VENCEU," ",1816.4,47.8
"MAQ.VIDRO ELETRICO  LD/LE",0,38,VENCEU," ",6357.02,167.29
"MOTOR DE PARTIDA  DM  12V 0.9KW",0,38,VENCEU," ",54565.72,1435.94
"MOTOR DO VENTILADOR INTERNO",0,38,VENCEU," ",18806.58,494.91
"MOTOR LIMPADOR PARABRISAS",0,38,VENCEU," ",25277.22,665.19
"PALHETA LIMPADOR DIANTEIRA",0,76,VENCEU," ",5600.44,73.69
"PARAFUSO  FIXACAO ALTERNADOR",0,38,VENCEU," ",529.72,13.94
"PLANETARIA DA PARTIDA",0,38,VENCEU," ",5297.58,139.41
"POLIA DA CORREIA ALTERNADOR",0,38,VENCEU," ",4162.52,109.54
"POLIA RODA LIVRE",0,38,VENCEU," ",4238.14,111.53
"REPARO ALETERNADOR   12V",0,38,VENCEU," ",4351.76,114.52
"INTERRUPTOR PRESSAO DO OLEO",0,38,VENCEU," ",1475.92,38.84
"PORTA ESCOVA DA PARTIDA",0,38,VENCEU," ",4200.14,110.53
"REGULADOR DE VOLTAGEM",0,38,VENCEU," ",5259.96,138.42
"REPARO MOTOR DE PARTIDA",0,38,VENCEU," ",2346.12,61.74
"ROLAMENTO ALT.INTERMEDIARIO",0,38,VENCEU," ",3103.08,81.66
"ROLAMENTO ALT.LADO MANCAL",0,38,VENCEU," ",2837.84,74.68
"ROTOR P/ALTERNADOR 14V   150A",0,38,VENCEU," ",25542.08,672.16
"MOTOR DE PARTIDA EV (R) 12V 2.3 KW (9DT)",0,38,VENCEU," ",3859.66,101.57
"SOQUETE FAROL S/LAMPADA",0,38,VENCEU," ",1097.44,28.88
"TENSOR DA CORREIA DO ALTERNADOR",0,38,VENCEU," ",7946.56,209.12
"TERMINAL DE BATERIA",0,38,VENCEU," ",718.96,18.92
"SERVIÇO DE MÃO DE OBRA;",0,1520,VENCEU," ",112008.8,73.69
"ALTERNADOR   KBC1 14V 50=>90A",0,1,VENCEU," ",2119.09,2119.09
"ANEL DE AJUSTE ROLAMENTO",0,1,VENCEU," ",35.68,35.68
"BARRA DO LIMPADOR LE/LD",0,1,VENCEU," ",49.56,49.56
"BATERIA 60AH",0,1,VENCEU," ",321.13,321.13
"BOBINA DE CAMPO PARTIDA",0,1,VENCEU," ",220.04,220.04
"BRACO DO LIMPADOR LE/LD",0,1,VENCEU," ",85.24,85.24
"BUZINA UNIVERSAL",0,1,VENCEU," ",87.22,87.22
"CHAVE MAGNETICA PARTIDA",0,1,VENCEU," ",241.84,241.84
"CHAVE SETA S/LIMP.TRASEIRO",0,1,VENCEU," ",472.78,472.78
"CHICOTE FAROL",0,1,VENCEU," ",82.27,82.27
"CIRCUITO DA LANTERNA TRASEIRA",0,1,VENCEU," ",112.99,112.99
"COMUTADOR DE IGNICAOC/TRAVA",0,1,VENCEU," ",353.84,353.84
"CONJUNTO RETIFICADOR.",0,1,VENCEU," ",153.63,153.63
CORREIA,0,1,VENCEU," ",67.4,67.4
"ESTATOR P/ALTERNADOR  14V 105A",0,1,VENCEU," ",364.75,364.75
"EXTINTOR P1 4 POLEGADAS (0,9KG) BARRIGUDO",0,1,VENCEU," ",118.94,118.94
"FAROL AUXILIAR",0,1,VENCEU," ",378.62,378.62
"FAROL PRINCIPAL H4 LD",0,1,VENCEU," ",676.96,676.96
"FAROL PRINCIPAL H4 LE",0,1,VENCEU," ",676.96,676.96
"GARFO DA PARTIDA",0,1,VENCEU," ",84.25,84.25
"IMPULSOR DE PARTIDA 9 DENTES",0,1,VENCEU," ",166.51,166.51
"INDUZIDO DA PARTIDA",0,1,VENCEU," ",334.02,334.02
"INTERRUPTOR LUZ DE FREIO",0,1,VENCEU," ",61.45,61.45
"KIT BUCHAS MOTOR DE PARTIDA",0,1,VENCEU," ",58.48,58.48
"KIT TRAVA ELETRICA 4 PORTAS",0,1,VENCEU," ",233.91,233.91
"LAMPADA 1 POLO GRANDE 12V",0,2,VENCEU," ",13.88,6.94
"LAMPADA  H3 12V   55W-IODO",0,2,VENCEU," ",97.14,48.57
"LAMPADA 1 POLO GRANDE 12V 21W AMBAR",0,2,VENCEU," ",41.62,20.81
"LAMPADA 1 POLO PEQUENA 12V 10W",0,2,VENCEU," ",13.88,6.94
"LAMPADA 2 POLOS PINO DESENCONTRADO 12V",0,2,VENCEU," ",13.88,6.94
"LAMPADA H4 12V   55W-IODO",0,2,VENCEU," ",101.1,50.55
"LANTERNA PISCA DIANTEIRA",0,1,VENCEU," ",116.96,116.96
"LANTERNA TRASEIRA COMPLETA",0,1,VENCEU," ",364.75,364.75
"MANCAL DA PARTIDA DIANTEIRO",0,1,VENCEU," ",124.89,124.89
"MANCAL DO ALTERNADOR DIANTEIRO",0,1,VENCEU," ",93.17,93.17
"MANCAL DO ALTERNADOR TRASEIRO",0,1,VENCEU," ",124.89,124.89
"MANIVELA DO LIMPADOR",0,1,VENCEU," ",36.67,36.67
"MAQ.VIDRO ELETRICO  LD/LE",0,1,VENCEU," ",166.51,166.51
"MOTOR DE PARTIDA  DM  12V 0.9KW",0,1,VENCEU," ",1134.87,1134.87
"MOTOR DO VENTILADOR INTERNO",0,1,VENCEU," ",492.6,492.6
"MOTOR LIMPADOR PARABRISAS",0,1,VENCEU," ",662.09,662.09
"PALHETA LIMPADOR DIANTEIRA",0,2,VENCEU," ",144.7,72.35
"PARAFUSO  FIXACAO ALTERNADOR",0,1,VENCEU," ",13.88,13.88
"PLANETARIA DA PARTIDA",0,1,VENCEU," ",138.76,138.76
"POLIA DA CORREIA ALTERNADOR",0,1,VENCEU," ",109.03,109.03
"POLIA RODA LIVRE",0,1,VENCEU," ",111.01,111.01
"REPARO ALETERNADOR   12V",0,1,VENCEU," ",113.98,113.98
"INTERRUPTOR PRESSAO DO OLEO",0,1,VENCEU," ",38.66,38.66
"PORTA ESCOVA DA PARTIDA",0,1,VENCEU," ",110.02,110.02
"REGULADOR DE VOLTAGEM",0,1,VENCEU," ",137.77,137.77
"REPARO MOTOR DE PARTIDA",0,1,VENCEU," ",60.46,60.46
"ROLAMENTO ALT.INTERMEDIARIO",0,1,VENCEU," ",81.27,81.27
"ROLAMENTO ALT.LADO MANCAL",0,1,VENCEU," ",74.34,74.34
"ROTOR P/ALTERNADOR 14V   150A",0,1,VENCEU," ",669.03,669.03
"SENSOR DE NIVEL COMBUSTIVEL",0,1,VENCEU," ",101.1,101.1
"SOQUETE FAROL S/LAMPADA",0,1,VENCEU," ",28.74,28.74
"TENSOR DA CORREIA DO ALTERNADOR",0,1,VENCEU," ",208.14,208.14
"TERMINAL DE BATERIA",0,1,VENCEU," ",18.83,18.83
"SERVIÇO DE MÃO DE OBRA;",0,40,VENCEU," ",2934,73.35
"ALTERNADOR   KBC1 14V 50=>90A",0,1,VENCEU," ",2118.45,2118.45
"ANEL DE AJUSTE ROLAMENTO",0,1,VENCEU," ",36.66,36.66
"BARRA DO LIMPADOR LE/LD",0,1,VENCEU," ",49.54,49.54
"BATERIA 60AH",0,1,VENCEU," ",321.04,321.04
"BOBINA DE CAMPO PARTIDA",0,1,VENCEU," ",219.97,219.97
"BRACO DO LIMPADOR LE/LD",0,1,VENCEU," ",85.21,85.21
"BUZINA UNIVERSAL",0,1,VENCEU," ",87.2,87.2
"CHAVE MAGNETICA PARTIDA",0,1,VENCEU," ",241.77,241.77
"CHAVE SETA S/LIMP.TRASEIRO",0,1,VENCEU," ",472.64,472.64
"CHICOTE FAROL",0,1,VENCEU," ",82.24,82.24
"CIRCUITO DA LANTERNA TRASEIRA",0,1,VENCEU," ",112.96,112.96
"COMUTADOR DE IGNICAOC/TRAVA",0,1,VENCEU," ",353.73,353.73
"CONJUNTO RETIFICADOR.",0,1,VENCEU," ",153.58,153.58
CORREIA,0,1,VENCEU," ",67.38,67.38
"ESTATOR P/ALTERNADOR  14V 105A",0,1,VENCEU," ",364.63,364.63
"EXTINTOR P1 4 POLEGADAS (0,9KG) BARRIGUDO",0,1,VENCEU," ",118.9,118.9
"FAROL AUXILIAR",0,1,VENCEU," ",378.51,378.51
"FAROL PRINCIPAL H4 LD",0,1,VENCEU," ",676.75,676.75
"FAROL PRINCIPAL H4 LE",0,1,VENCEU," ",676.75,676.75
"GARFO DA PARTIDA",0,1,VENCEU," ",84.22,84.22
"IMPULSOR DE PARTIDA 9 DENTES",0,1,VENCEU," ",166.46,166.46
"INDUZIDO DA PARTIDA",0,1,VENCEU," ",333.92,333.92
"INTERRUPTOR LUZ DE FREIO",0,1,VENCEU," ",61.43,61.43
"KIT BUCHAS MOTOR DE PARTIDA",0,1,VENCEU," ",58.46,58.46
"KIT TRAVA ELETRICA 4 PORTAS",0,1,VENCEU," ",233.84,233.84
"LAMPADA 1 POLO GRANDE 12V",0,2,VENCEU," ",13.88,6.94
"LAMPADA  H3 12V   55W-IODO",0,2,VENCEU," ",97.1,48.55
"LAMPADA 1 POLO GRANDE 12V 21W AMBAR",0,2,VENCEU," ",41.62,20.81
"LAMPADA 1 POLO PEQUENA 12V 10W",0,2,VENCEU," ",13.88,6.94
"LAMPADA 2 POLOS PINO DESENCONTRADO 12V",0,2,VENCEU," ",13.88,6.94
"LAMPADA H4 12V   55W-IODO",0,2,VENCEU," ",101.06,50.53
"LANTERNA PISCA DIANTEIRA",0,1,VENCEU," ",116.92,116.92
"LANTERNA TRASEIRA COMPLETA",0,1,VENCEU," ",364.63,364.63
"MANCAL DA PARTIDA DIANTEIRO",0,1,VENCEU," ",124.85,124.85
"MANCAL DO ALTERNADOR DIANTEIRO",0,1,VENCEU," ",93.14,93.14
"MANCAL DO ALTERNADOR TRASEIRO",0,1,VENCEU," ",124.85,124.85
"MANIVELA DO LIMPADOR",0,1,VENCEU," ",36.66,36.66
"MAQ.VIDRO ELETRICO  LD/LE",0,1,VENCEU," ",166.46,166.46
"MOTOR DE PARTIDA  DM  12V 0.9KW",0,1,VENCEU," ",1135.52,1135.52
"MOTOR DO VENTILADOR INTERNO",0,1,VENCEU," ",492.45,492.45
"MOTOR LIMPADOR PARABRISAS",0,1,VENCEU," ",661.89,661.89
"PALHETA LIMPADOR DIANTEIRA",0,2,VENCEU," ",146.64,73.32
"PARAFUSO  FIXACAO ALTERNADOR",0,1,VENCEU," ",13.87,13.87
"PLANETARIA DA PARTIDA",0,1,VENCEU," ",138.72,138.72
"POLIA DA CORREIA ALTERNADOR",0,1,VENCEU," ",108.99,108.99
"POLIA RODA LIVRE",0,1,VENCEU," ",110.98,110.98
"REPARO ALETERNADOR   12V",0,1,VENCEU," ",113.95,113.95
"INTERRUPTOR PRESSAO DO OLEO",0,1,VENCEU," ",38.64,38.64
"PORTA ESCOVA DA PARTIDA",0,1,VENCEU," ",109.98,109.98
"REGULADOR DE VOLTAGEM",0,1,VENCEU," ",137.73,137.73
"REPARO MOTOR DE PARTIDA",0,1,VENCEU," ",61.43,61.43
"ROLAMENTO ALT.INTERMEDIARIO",0,1,VENCEU," ",81.25,81.25
"ROLAMENTO ALT.LADO MANCAL",0,1,VENCEU," ",74.31,74.31
"ROTOR P/ALTERNADOR 14V   150A",0,1,VENCEU," ",668.83,668.83
"SENSOR DE NIVEL COMBUSTIVEL",0,1,VENCEU," ",101.07,101.07
"SOQUETE FAROL S/LAMPADA",0,1,VENCEU," ",28.73,28.73
"TENSOR DA CORREIA DO ALTERNADOR",0,1,VENCEU," ",208.08,208.08
"TERMINAL DE BATERIA",0,1,VENCEU," ",18.83,18.83
"SERVIÇO DE MÃO DE OBRA;",0,40,VENCEU," ",2932.8,73.32
"ALTERNADOR   KBC1 14V 50=>90A",0,1,VENCEU," ",2574,2574
"ANEL DE AJUSTE ROLAMENTO",0,1,VENCEU," ",37,37
"BARRA DO LIMPADOR LE/LD",0,1,VENCEU," ",50,50
"BATERIA 60AH",0,1,VENCEU," ",324,324
"BOBINA DE CAMPO PARTIDA",0,1,VENCEU," ",222,222
"BRACO DO LIMPADOR LE/LD",0,1,VENCEU," ",86,86
"BUZINA UNIVERSAL",0,1,VENCEU," ",88,88
"CHAVE MAGNETICA PARTIDA",0,1,VENCEU," ",244,244
"CHAVE SETA S/LIMP.TRASEIRO",0,1,VENCEU," ",477,477
"CHICOTE FAROL",0,1,VENCEU," ",83,83
"CIRCUITO DA LANTERNA TRASEIRA",0,1,VENCEU," ",114,114
"COMUTADOR DE IGNICAOC/TRAVA",0,1,VENCEU," ",357,357
"CONJUNTO RETIFICADOR.",0,1,VENCEU," ",459,459
CORREIA,0,1,VENCEU," ",68,68
"ESTATOR P/ALTERNADOR  14V 105A",0,1,VENCEU," ",368,368
"EXTINTOR P1 4 POLEGADAS (0,9KG) BARRIGUDO",0,1,VENCEU," ",120,120
"FAROL AUXILIAR",0,1,VENCEU," ",382,382
"FAROL PRINCIPAL H4 LD",0,1,VENCEU," ",683,683
"FAROL PRINCIPAL H4 LE",0,1,VENCEU," ",683,683
"GARFO DA PARTIDA",0,1,VENCEU," ",85,85
"IMPULSOR DE PARTIDA 9 DENTES",0,1,VENCEU," ",168,168
"INDUZIDO DA PARTIDA",0,1,VENCEU," ",337,337
"INTERRUPTOR DO VIDRO (BOTAO)ELETRICO",0,1,VENCEU," ",173,173
"INTERRUPTOR LUZ DE FREIO",0,1,VENCEU," ",62,62
"KIT BUCHAS MOTOR DE PARTIDA",0,1,VENCEU," ",59,59
"KIT TRAVA ELETRICA 4 PORTAS",0,1,VENCEU," ",236,236
"LAMPADA 1 POLO GRANDE 12V",0,2,VENCEU," ",14,7
"LAMPADA  H3 12V   55W-IODO",0,2,VENCEU," ",98,49
"LAMPADA 1 POLO GRANDE 12V 21W AMBAR",0,2,VENCEU," ",42,21
"LAMPADA 1 POLO PEQUENA 12V 10W",0,2,VENCEU," ",14,7
"LAMPADA 2 POLOS PINO DESENCONTRADO 12V",0,2,VENCEU," ",14,7
"LAMPADA H4 12V   55W-IODO",0,2,VENCEU," ",102,51
"LANTERNA PISCA DIANTEIRA",0,1,VENCEU," ",118,118
"LANTERNA TRASEIRA COMPLETA",0,1,VENCEU," ",368,368
"MANCAL DA PARTIDA DIANTEIRO",0,1,VENCEU," ",126,126
"MANCAL DO ALTERNADOR DIANTEIRO",0,1,VENCEU," ",94,94
"MANCAL DO ALTERNADOR TRASEIRO",0,1,VENCEU," ",126,126
"MANIVELA DO LIMPADOR",0,1,VENCEU," ",37,37
"MAQ.VIDRO ELETRICO  LD/LE",0,1,VENCEU," ",128,128
"MOTOR DE PARTIDA  DM  12V 0.9KW",0,1,VENCEU," ",1146,1146
"MOTOR DO VENTILADOR INTERNO",0,1,VENCEU," ",497,497
"MOTOR LIMPADOR PARABRISAS",0,1,VENCEU," ",668,668
"PALHETA LIMPADOR DIANTEIRA",0,2,VENCEU," ",148,74
"PARAFUSO  FIXACAO ALTERNADOR",0,1,VENCEU," ",14,14
"PLANETARIA DA PARTIDA",0,1,VENCEU," ",140,140
"POLIA DA CORREIA ALTERNADOR",0,1,VENCEU," ",110,110
"POLIA RODA LIVRE",0,1,VENCEU," ",112,112
"REPARO ALETERNADOR   12V",0,1,VENCEU," ",115,115
"INTERRUPTOR PRESSAO DO OLEO",0,1,VENCEU," ",39,39
"PORTA ESCOVA DA PARTIDA",0,1,VENCEU," ",111,111
"REGULADOR DE VOLTAGEM",0,1,VENCEU," ",386,386
"REPARO MOTOR DE PARTIDA",0,1,VENCEU," ",61,61
"ROLAMENTO ALT.INTERMEDIARIO",0,1,VENCEU," ",82,82
"ROLAMENTO ALT.LADO MANCAL",0,1,VENCEU," ",75,75
"ROTOR P/ALTERNADOR 14V   150A",0,1,VENCEU," ",675,675
"SENSOR DE NIVEL COMBUSTIVEL",0,1,VENCEU," ",102,102
"SOQUETE FAROL S/LAMPADA",0,1,VENCEU," ",29,29
"TENSOR DA CORREIA DO ALTERNADOR",0,1,VENCEU," ",210,210
"TERMINAL DE BATERIA",0,1,VENCEU," ",29,29
"SERVIÇO DE MÃO DE OBRA;",0,40,VENCEU," ",2960,74
"ALTERNADOR   KBC1 14V 50=>90A",0,1,VENCEU," ",1980,1980
"ANEL DE AJUSTE ROLAMENTO",0,1,VENCEU," ",28,28
"BARRA DO LIMPADOR LE/LD",0,1,VENCEU," ",38,38
"BATERIA 60AH",0,1,VENCEU," ",324,324
"BOBINA DE CAMPO PARTIDA",0,1,VENCEU," ",222,222
"BRACO DO LIMPADOR LE/LD",0,1,VENCEU," ",66,66
"BUZINA UNIVERSAL",0,1,VENCEU," ",67,67
"CHAVE MAGNETICA PARTIDA",0,1,VENCEU," ",244,244
"CHAVE SETA S/LIMP.TRASEIRO",0,1,VENCEU," ",477,477
"CHICOTE FAROL",0,1,VENCEU," ",64,64
"CIRCUITO DA LANTERNA TRASEIRA",0,1,VENCEU," ",87,87
"COMUTADOR DE IGNICAOC/TRAVA",0,1,VENCEU," ",357,357
"CONJUNTO RETIFICADOR.",0,1,VENCEU," ",459,459
CORREIA,0,1,VENCEU," ",52,52
"ESTATOR P/ALTERNADOR  14V 105A",0,1,VENCEU," ",368,368
"EXTINTOR P1 4 POLEGADAS (0,9KG) BARRIGUDO",0,1,VENCEU," ",120,120
"FAROL AUXILIAR",0,1,VENCEU," ",382,382
"FAROL PRINCIPAL H4 LD",0,1,VENCEU," ",683,683
"FAROL PRINCIPAL H4 LE",0,1,VENCEU," ",683,683
"GARFO DA PARTIDA",0,1,VENCEU," ",65,65
"IMPULSOR DE PARTIDA 11 DENTES",0,1,VENCEU," ",145,145
"INDUZIDO DA PARTIDA",0,1,VENCEU," ",337,337
"INTERRUPTOR DO VIDRO (BOTAO)ELETRICO",0,1,VENCEU," ",173,173
"INTERRUPTOR LUZ DE FREIO",0,1,VENCEU," ",48,48
"INTERRUPTOR PRESSAO DO OLEO",0,1,VENCEU," ",30,30
"KIT BUCHAS MOTOR DE PARTIDA",0,1,VENCEU," ",45,45
"KIT TRAVA ELETRICA 4 PORTAS",0,1,VENCEU," ",236,236
"LAMPADA 1 POLO GRANDE 12V",0,2,VENCEU," ",10,5
"LAMPADA  H3 12V   55W-IODO",0,2,VENCEU," ",74,37
"LAMPADA 1 POLO GRANDE 12V 21W AMBAR",0,2,VENCEU," ",32,16
"LAMPADA 1 POLO PEQUENA 12V 10W",0,2,VENCEU," ",10,5
"LAMPADA 2 POLOS PINO DESENCONTRADO 12V",0,2,VENCEU," ",10,5
"LAMPADA H4 12V   55W-IODO",0,2,VENCEU," ",78,39
"LANTERNA PISCA DIANTEIRA",0,1,VENCEU," ",90,90
"LANTERNA TRASEIRA COMPLETA",0,1,VENCEU," ",368,368
"MANCAL DA PARTIDA DIANTEIRO",0,1,VENCEU," ",126,126
"MANCAL DO ALTERNADOR DIANTEIRO",0,1,VENCEU," ",94,94
"MANCAL DO ALTERNADOR TRASEIRO",0,1,VENCEU," ",126,126
"MANIVELA DO LIMPADOR",0,1,VENCEU," ",37,37
"MAQ.VIDRO ELETRICO  LD/LE",0,1,VENCEU," ",168,168
"MOTOR DE PARTIDA  DM  12V 0.9KW",0,1,VENCEU," ",1706,1706
"MOTOR DO VENTILADOR INTERNO",0,1,VENCEU," ",497,497
"MOTOR LIMPADOR PARABRISAS",0,1,VENCEU," ",668,668
"PALHETA LIMPADOR DIANTEIRA",0,2,VENCEU," ",148,74
"PARAFUSO  FIXACAO ALTERNADOR",0,1,VENCEU," ",14,14
"PLANETARIA DA PARTIDA",0,1,VENCEU," ",140,140
"POLIA DA CORREIA ALTERNADOR",0,1,VENCEU," ",110,110
"POLIA RODA LIVRE",0,1,VENCEU," ",86,86
"PORTA ESCOVA DA PARTIDA",0,1,VENCEU," ",111,111
"REGULADOR DE VOLTAGEM",0,1,VENCEU," ",386,386
"REPARO ALETERNADOR   12V",0,1,VENCEU," ",88,88
"REPARO MOTOR DE PARTIDA",0,1,VENCEU," ",61,61
"ROLAMENTO ALT.INTERMEDIARIO",0,1,VENCEU," ",63,63
"ROLAMENTO ALT.LADO MANCAL",0,1,VENCEU," ",58,58
"ROTOR P/ALTERNADOR 14V   150A",0,1,VENCEU," ",675,675
"SENSOR DE NIVEL COMBUSTIVEL",0,1,VENCEU," ",102,102
"SOQUETE FAROL S/LAMPADA",0,1,VENCEU," ",22,22
"TENSOR DA CORREIA DO ALTERNADOR",0,1,VENCEU," ",210,210
"SERVIÇO DE MÃO DE OBRA;",0,40,VENCEU," ",2960,74
"ALTERNADOR   KBC1 14V 50=>90A",0,1,VENCEU," ",2835,2835
"ANEL DE AJUSTE ROLAMENTO",0,1,VENCEU," ",37,37
"BARRA DO LIMPADOR LE/LD",0,1,VENCEU," ",50,50
"BATERIA 60AH",0,1,VENCEU," ",513,513
"BOBINA DE CAMPO PARTIDA",0,1,VENCEU," ",22,22
"BRACO DO LIMPADOR LE/LD",0,1,VENCEU," ",86,86
"BUZINA UNIVERSAL",0,1,VENCEU," ",88,88
"CHAVE MAGNETICA PARTIDA",0,1,VENCEU," ",244,244
"CHAVE SETA S/LIMP.TRASEIRO",0,1,VENCEU," ",477,477
"CHICOTE FAROL",0,1,VENCEU," ",101,101
"CIRCUITO DA LANTERNA TRASEIRA",0,1,VENCEU," ",114,114
"COMUTADOR DE IGNIÇÃO",0,1,VENCEU," ",224,224
"CONJUNTO RETIFICADOR.",0,1,VENCEU," ",284,284
CORREIA,0,1,VENCEU," ",68,68
"ESTATOR P/ALTERNADOR  14V 105A",0,1,VENCEU," ",368,368
"EXTINTOR P1 4 POLEGADAS (0,9KG) BARRIGUDO",0,1,VENCEU," ",120,120
"FAROL AUXILIAR",0,1,VENCEU," ",382,382
"FAROL PRINCIPAL H4 LD",0,1,VENCEU," ",683,683
"FAROL PRINCIPAL H4 LE",0,1,VENCEU," ",683,683
"GARFO DA PARTIDA",0,1,VENCEU," ",80,80
"IMPULSOR DE PARTIDA 9 DENTES",0,1,VENCEU," ",227,227
"INDUZIDO DA PARTIDA",0,1,VENCEU," ",574,574
"INTERRUPTOR LUZ DE FREIO",0,1,VENCEU," ",62,62
"INTERRUPTOR PRESSAO DO OLEO",0,1,VENCEU," ",39,39
"KIT BUCHAS MOTOR DE PARTIDA",0,1,VENCEU," ",98,98
"KIT TRAVA ELETRICA 4 PORTAS",0,1,VENCEU," ",236,236
"LAMPADA 1 POLO GRANDE 12V",0,2,VENCEU," ",14,7
"LAMPADA  H3 12V   55W-IODO",0,2,VENCEU," ",102,51
"LAMPADA 1 POLO GRANDE 12V 21W AMBAR",0,2,VENCEU," ",42,21
"LAMPADA 1 POLO PEQUENA 12V 10W",0,2,VENCEU," ",14,7
"LAMPADA 2 POLOS PINO DESENCONTRADO 12V",0,2,VENCEU," ",14,7
"LAMPADA H4 12V   55W-IODO",0,2,VENCEU," ",102,51
"LANTERNA PISCA DIANTEIRA",0,1,VENCEU," ",118,118
"LANTERNA TRASEIRA COMPLETA",0,1,VENCEU," ",368,368
"MANCAL DA PARTIDA DIANTEIRO",0,1,VENCEU," ",126,126
"MANCAL DO ALTERNADOR DIANTEIRO",0,1,VENCEU," ",434,434
"MANCAL DO ALTERNADOR TRASEIRO",0,1,VENCEU," ",143,143
"MANIVELA DO LIMPADOR",0,1,VENCEU," ",48,48
"MAQ.VIDRO ELETRICO  LD/LE",0,1,VENCEU," ",218,218
"MOTOR DE PARTIDA  M93R  12V",0,1,VENCEU," ",2482,2482
"MOTOR DO VENTILADOR INTERNO",0,1,VENCEU," ",497,497
"MOTOR LIMPADOR PARABRISAS",0,1,VENCEU," ",668,668
"PALHETA LIMPADOR DIANTEIRA",0,2,VENCEU," ",148,74
"PARAFUSO  FIXACAO ALTERNADOR",0,1,VENCEU," ",14,14
"PLANETARIA DA PARTIDA",0,1,VENCEU," ",222,222
"POLIA DA CORREIA ALTERNADOR",0,1,VENCEU," ",110,110
"POLIA RODA LIVRE",0,1,VENCEU," ",111,111
"PORTA ESCOVA DA PARTIDA",0,1,VENCEU," ",82,82
"REGULADOR DE VOLTAGEM",0,1,VENCEU," ",139,139
"REPARO ALETERNADOR   12V",0,1,VENCEU," ",88,88
"REPARO MOTOR DE PARTIDA",0,1,VENCEU," ",89,89
"ROLAMENTO ALT.INTERMEDIARIO",0,1,VENCEU," ",101,101
"ROLAMENTO ALT.LADO MANCAL",0,1,VENCEU," ",58,58
"ROTOR P/ALTERNADOR 14V   150A",0,1,VENCEU," ",675,675
"SENSOR DE NIVEL COMBUSTIVEL",0,1,VENCEU," ",102,102
"SOQUETE FAROL S/LAMPADA",0,1,VENCEU," ",29,29
"TENSOR DA CORREIA DO ALTERNADOR",0,1,VENCEU," ",416,416
"TERMINAL DE BATERIA",0,1,VENCEU," ",19,19
"SERVIÇO DE MÃO DE OBRA;",0,40,VENCEU," ",2960,74
"ALTERNADOR   KBC1 14V 50=>90A",0,1,VENCEU," ",1332,1332
"ANEL DE AJUSTE ROLAMENTO",0,1,VENCEU," ",37,37
"BARRA DO LIMPADOR LE/LD",0,1,VENCEU," ",50,50
"BATERIA 60AH",0,1,VENCEU," ",324,324
"BOBINA DE CAMPO PARTIDA",0,1,VENCEU," ",222,222
"BRACO DO LIMPADOR LE/LD",0,1,VENCEU," ",86,86
"BUZINA UNIVERSAL",0,1,VENCEU," ",88,88
"CHAVE MAGNETICA PARTIDA",0,1,VENCEU," ",244,244
"CHAVE SETA S/LIMP.TRASEIRO",0,1,VENCEU," ",477,477
"CHICOTE FAROL",0,1,VENCEU," ",83,83
"CIRCUITO DA LANTERNA TRASEIRA",0,1,VENCEU," ",114,114
"COMUTADOR DE IGNICAOC/TRAVA",0,1,VENCEU," ",357,357
"CONJUNTO RETIFICADOR.",0,1,VENCEU," ",203,203
CORREIA,0,1,VENCEU," ",68,68
"ESTATOR P/ALTERNADOR  14V 105A",0,1,VENCEU," ",413,413
"EXTINTOR P1 4 POLEGADAS (0,9KG) BARRIGUDO",0,1,VENCEU," ",120,120
"FAROL AUXILIAR",0,1,VENCEU," ",382,382
"FAROL PRINCIPAL H4 LD",0,1,VENCEU," ",683,683
"FAROL PRINCIPAL H4 LE",0,1,VENCEU," ",683,683
"GARFO DA PARTIDA",0,1,VENCEU," ",85,85
"IMPULSOR DE PARTIDA 9 DENTES",0,1,VENCEU," ",180,180
"INDUZIDO DA PARTIDA",0,1,VENCEU," ",309,309
"INTERRUPTOR LUZ DE FREIO",0,1,VENCEU," ",62,62
"INTERRUPTOR PRESSAO DO OLEO",0,1,VENCEU," ",39,39
"KIT BUCHAS MOTOR DE PARTIDA",0,1,VENCEU," ",59,59
"KIT TRAVA ELETRICA 4 PORTAS",0,1,VENCEU," ",236,236
"LAMPADA 1 POLO GRANDE 12V",0,2,VENCEU," ",14,7
"LAMPADA  H3 12V   55W-IODO",0,2,VENCEU," ",102,51
"LAMPADA 1 POLO GRANDE 12V 21W AMBAR",0,2,VENCEU," ",42,21
"LAMPADA 1 POLO PEQUENA 12V 10W",0,2,VENCEU," ",14,7
"LAMPADA 2 POLOS PINO DESENCONTRADO 12V",0,2,VENCEU," ",14,7
"LAMPADA H4 12V   55W-IODO",0,2,VENCEU," ",90,45
"LANTERNA PISCA DIANTEIRA",0,1,VENCEU," ",118,118
"LANTERNA TRASEIRA COMPLETA",0,1,VENCEU," ",368,368
"MANCAL DA PARTIDA DIANTEIRO",0,1,VENCEU," ",126,126
"MANCAL DO ALTERNADOR DIANTEIRO",0,1,VENCEU," ",157,157
"MANCAL DO ALTERNADOR TRASEIRO",0,1,VENCEU," ",106,106
"MANIVELA DO LIMPADOR",0,1,VENCEU," ",48,48
"MAQ.VIDRO ELETRICO  LD/LE",0,1,VENCEU," ",168,168
"MOTOR DE PARTIDA 12V  9 DENTES",0,1,VENCEU," ",995,995
"MOTOR DO VENTILADOR INTERNO",0,1,VENCEU," ",497,497
"MOTOR LIMPADOR PARABRISAS",0,1,VENCEU," ",668,668
"PALHETA LIMPADOR DIANTEIRA",0,2,VENCEU," ",148,74
"PARAFUSO  FIXACAO ALTERNADOR",0,1,VENCEU," ",14,14
"PLANETARIA DA PARTIDA",0,1,VENCEU," ",140,140
"POLIA DA CORREIA ALTERNADOR",0,1,VENCEU," ",110,110
"POLIA RODA LIVRE",0,1,VENCEU," ",112,112
"REPARO ALETERNADOR   12V",0,1,VENCEU," ",115,115
"PORTA ESCOVA DA PARTIDA",0,1,VENCEU," ",111,111
"REGULADOR DE VOLTAGEM",0,1,VENCEU," ",121,121
"REPARO MOTOR DE PARTIDA",0,1,VENCEU," ",80,80
"ROLAMENTO ALT.INTERMEDIARIO",0,1,VENCEU," ",82,82
"ROLAMENTO ALT.LADO MANCAL",0,1,VENCEU," ",75,75
"ROTOR P/ALTERNADOR 14V   150A",0,1,VENCEU," ",334,334
"SENSOR DE NIVEL COMBUSTIVEL",0,1,VENCEU," ",102,102
"SOQUETE FAROL S/LAMPADA",0,1,VENCEU," ",29,29
"TENSOR DA CORREIA DO ALTERNADOR",0,1,VENCEU," ",210,210
"TERMINAL DE BATERIA",0,1,VENCEU," ",19,19
"SERVIÇO DE MÃO DE OBRA;",0,40,VENCEU," ",2960,74
"ALTERNADOR   KBC1 14V 50=>90A",0,2,VENCEU," ",5668,2834
"ANEL DE AJUSTE ROLAMENTO",0,2,VENCEU," ",72,36
"BARRA DO LIMPADOR LE/LD",0,2,VENCEU," ",98,49
"BATERIA 90AH",0,2,VENCEU," ",1026,513
"BOBINA DE CAMPO PARTIDA",0,2,VENCEU," ",58,29
"BRACO DO LIMPADOR LE/LD",0,2,VENCEU," ",172,86
"BUZINA UNIVERSAL",0,2,VENCEU," ",176,88
"CHAVE MAGNETICA PARTIDA",0,2,VENCEU," ",488,244
"CHAVE SETA S/LIMP.TRASEIRO",0,2,VENCEU," ",954,477
"CHICOTE FAROL",0,2,VENCEU," ",166,83
"CIRCUITO DA LANTERNA TRASEIRA",0,2,VENCEU," ",228,114
"COMUTADOR DE IGNIÇÃO",0,2,VENCEU," ",448,224
"CONJUNTO RETIFICADOR.",0,2,VENCEU," ",568,284
CORREIA,0,2,VENCEU," ",136,68
"ESTATOR P/ALTERNADOR  14V 105A",0,2,VENCEU," ",736,368
"EXTINTOR P1 4 POLEGADAS (0,9KG) BARRIGUDO",0,2,VENCEU," ",240,120
"FAROL AUXILIAR",0,2,VENCEU," ",764,382
"FAROL PRINCIPAL H4 LD",0,2,VENCEU," ",1366,683
"FAROL PRINCIPAL H4 LE",0,2,VENCEU," ",1366,683
"GARFO DA PARTIDA",0,2,VENCEU," ",124,62
"IMPULSOR DE PARTIDA 9 DENTES",0,2,VENCEU," ",454,227
"INDUZIDO DA PARTIDA",0,2,VENCEU," ",1148,574
"INTERRUPTOR LUZ DE FREIO",0,2,VENCEU," ",124,62
"INTERRUPTOR PRESSAO DO OLEO",0,2,VENCEU," ",78,39
"KIT BUCHAS MOTOR DE PARTIDA",0,2,VENCEU," ",196,98
"KIT TRAVA ELETRICA 4 PORTAS",0,2,VENCEU," ",472,236
"LAMPADA 1 POLO GRANDE 12V",0,4,VENCEU," ",28,7
"LAMPADA  H3 12V   55W-IODO",0,4,VENCEU," ",204,51
"LAMPADA 1 POLO GRANDE 12V 21W AMBAR",0,4,VENCEU," ",84,21
"LAMPADA 1 POLO PEQUENA 12V 10W",0,4,VENCEU," ",28,7
"LAMPADA 2 POLOS PINO DESENCONTRADO 12V",0,4,VENCEU," ",28,7
"LAMPADA H4 12V   55W-IODO",0,4,VENCEU," ",204,51
"LANTERNA PISCA DIANTEIRA",0,2,VENCEU," ",236,118
"LANTERNA TRASEIRA COMPLETA",0,2,VENCEU," ",736,368
"MANCAL DA PARTIDA DIANTEIRO",0,2,VENCEU," ",252,126
"MANCAL DO ALTERNADOR DIANTEIRO",0,2,VENCEU," ",868,434
"MANCAL DO ALTERNADOR TRASEIRO",0,2,VENCEU," ",286,143
"MANIVELA DO LIMPADOR",0,2,VENCEU," ",96,48
"MAQ.VIDRO ELETRICO  LD/LE",0,2,VENCEU," ",334,167
"MOTOR DE PARTIDA  M93R  12V",0,2,VENCEU," ",4962,2481
"MOTOR DO VENTILADOR INTERNO",0,2,VENCEU," ",994,497
"MOTOR LIMPADOR PARABRISAS",0,2,VENCEU," ",1336,668
"PALHETA LIMPADOR DIANTEIRA",0,4,VENCEU," ",296,74
"PARAFUSO  FIXACAO ALTERNADOR",0,2,VENCEU," ",28,14
"PLANETARIA DA PARTIDA",0,2,VENCEU," ",444,222
"POLIA DA CORREIA ALTERNADOR",0,2,VENCEU," ",220,110
"POLIA RODA LIVRE",0,2,VENCEU," ",222,111
"PORTA ESCOVA DA PARTIDA",0,2,VENCEU," ",212,106
"REGULADOR DE VOLTAGEM",0,2,VENCEU," ",278,139
"REPARO ALETERNADOR   12V",0,2,VENCEU," ",176,88
"REPARO MOTOR DE PARTIDA",0,2,VENCEU," ",178,89
"ROLAMENTO ALT.INTERMEDIARIO",0,2,VENCEU," ",202,101
"ROLAMENTO ALT.LADO MANCAL",0,2,VENCEU," ",116,58
"ROTOR P/ALTERNADOR 14V   150A",0,2,VENCEU," ",1350,675
"SENSOR DE NIVEL COMBUSTIVEL",0,2,VENCEU," ",202,101
"SOQUETE FAROL S/LAMPADA",0,2,VENCEU," ",58,29
"TENSOR DA CORREIA DO ALTERNADOR",0,2,VENCEU," ",832,416
"TERMINAL DE BATERIA",0,2,VENCEU," ",38,19
"SERVIÇO DE MÃO DE OBRA;",0,80,VENCEU," ",5920,74
"ALTERNADOR   KBC1 14V 50=>90A",0,1,VENCEU," ",2835,2835
"ANEL DE AJUSTE ROLAMENTO",0,1,VENCEU," ",37,37
"BARRA DO LIMPADOR LE/LD",0,1,VENCEU," ",37,37
"BATERIA 90AH",0,1,VENCEU," ",513,513
"BOBINA DE CAMPO PARTIDA",0,1,VENCEU," ",29,29
"BRACO DO LIMPADOR LE/LD",0,1,VENCEU," ",86,86
"BUZINA UNIVERSAL",0,1,VENCEU," ",88,88
"CHAVE MAGNETICA PARTIDA",0,1,VENCEU," ",244,244
"CHAVE SETA S/LIMP.TRASEIRO",0,1,VENCEU," ",477,477
"CHICOTE FAROL",0,1,VENCEU," ",83,83
"CIRCUITO DA LANTERNA TRASEIRA",0,1,VENCEU," ",114,114
"COMUTADOR DE IGNIÇÃO",0,1,VENCEU," ",224,224
"CONJUNTO RETIFICADOR.",0,1,VENCEU," ",284,284
CORREIA,0,1,VENCEU," ",68,68
"ESTATOR P/ALTERNADOR  14V 105A",0,1,VENCEU," ",480,480
"EXTINTOR P1 4 POLEGADAS (0,9KG) BARRIGUDO",0,1,VENCEU," ",120,120
"FAROL AUXILIAR",0,1,VENCEU," ",382,382
"FAROL PRINCIPAL H4 LD",0,1,VENCEU," ",683,683
"FAROL PRINCIPAL H4 LE",0,1,VENCEU," ",683,683
"GARFO DA PARTIDA",0,1,VENCEU," ",80,80
"IMPULSOR DE PARTIDA 9 DENTES",0,1,VENCEU," ",222,222
"INDUZIDO DA PARTIDA",0,1,VENCEU," ",574,574
"INTERRUPTOR LUZ DE FREIO",0,1,VENCEU," ",62,62
"INTERRUPTOR PRESSAO DO OLEO",0,1,VENCEU," ",39,39
"KIT BUCHAS MOTOR DE PARTIDA",0,1,VENCEU," ",75,75
"KIT TRAVA ELETRICA 4 PORTAS",0,1,VENCEU," ",236,236
"LAMPADA 1 POLO GRANDE 12V",0,2,VENCEU," ",14,7
"LAMPADA  H3 12V   55W-IODO",0,2,VENCEU," ",102,51
"LAMPADA 1 POLO GRANDE 12V 21W AMBAR",0,2,VENCEU," ",42,21
"LAMPADA 1 POLO PEQUENA 12V 10W",0,2,VENCEU," ",14,7
"LAMPADA 2 POLOS PINO DESENCONTRADO 12V",0,2,VENCEU," ",14,7
"LAMPADA H4 12V   55W-IODO",0,2,VENCEU," ",102,51
"LANTERNA PISCA DIANTEIRA",0,1,VENCEU," ",118,118
"LANTERNA TRASEIRA COMPLETA",0,1,VENCEU," ",368,368
"MANCAL DA PARTIDA DIANTEIRO",0,1,VENCEU," ",126,126
"MANCAL DO ALTERNADOR DIANTEIRO",0,1,VENCEU," ",434,434
"MANCAL DO ALTERNADOR TRASEIRO",0,1,VENCEU," ",143,143
"MANIVELA DO LIMPADOR",0,1,VENCEU," ",48,48
"MAQ.VIDRO ELETRICO  LD/LE",0,1,VENCEU," ",168,168
"MOTOR DE PARTIDA  M93R  12V",0,1,VENCEU," ",3381,3381
"MOTOR DO VENTILADOR INTERNO",0,1,VENCEU," ",497,497
"MOTOR LIMPADOR PARABRISAS",0,1,VENCEU," ",668,668
"PALHETA LIMPADOR DIANTEIRA",0,2,VENCEU," ",148,74
"PARAFUSO  FIXACAO ALTERNADOR",0,1,VENCEU," ",14,14
"PLANETARIA DA PARTIDA",0,1,VENCEU," ",222,222
"POLIA DA CORREIA ALTERNADOR",0,1,VENCEU," ",110,110
"POLIA RODA LIVRE",0,1,VENCEU," ",111,111
"PORTA ESCOVA DA PARTIDA",0,1,VENCEU," ",82,82
"REGULADOR DE VOLTAGEM",0,1,VENCEU," ",139,139
"REPARO ALETERNADOR   12V",0,1,VENCEU," ",88,88
"REPARO MOTOR DE PARTIDA",0,1,VENCEU," ",89,89
"ROLAMENTO ALT.INTERMEDIARIO",0,1,VENCEU," ",101,101
"ROLAMENTO ALT.LADO MANCAL",0,1,VENCEU," ",58,58
"ROTOR P/ALTERNADOR 14V   150A",0,1,VENCEU," ",675,675
"SENSOR DE NIVEL COMBUSTIVEL",0,1,VENCEU," ",102,102
"SOQUETE FAROL S/LAMPADA",0,1,VENCEU," ",29,29
"TENSOR DA CORREIA DO ALTERNADOR",0,1,VENCEU," ",416,416
"TERMINAL DE BATERIA",0,1,VENCEU," ",19,19
"SERVIÇO DE MÃO DE OBRA;",0,40,VENCEU," ",2960,74
"ALTERNADOR   KBC1 14V 50=>90A",0,1,VENCEU," ",2835,2835
"ANEL DE AJUSTE ROLAMENTO",0,1,VENCEU," ",37,37
"BARRA DO LIMPADOR LE/LD",0,1,VENCEU," ",50,50
"BATERIA 90AH",0,1,VENCEU," ",513,513
"BOBINA DE CAMPO PARTIDA",0,1,VENCEU," ",22,22
"BRACO DO LIMPADOR LE/LD",0,1,VENCEU," ",86,86
"BUZINA UNIVERSAL",0,1,VENCEU," ",88,88
"CHAVE MAGNETICA PARTIDA",0,1,VENCEU," ",244,244
"CHAVE SETA S/LIMP.TRASEIRO",0,1,VENCEU," ",477,477
"CHICOTE FAROL",0,1,VENCEU," ",83,83
"CIRCUITO DA LANTERNA TRASEIRA",0,1,VENCEU," ",114,114
"COMUTADOR DE IGNIÇÃO",0,1,VENCEU," ",224,224
"CONJUNTO RETIFICADOR.",0,1,VENCEU," ",284,284
CORREIA,0,1,VENCEU," ",68,68
"ESTATOR P/ALTERNADOR  14V 105A",0,1,VENCEU," ",480,480
"EXTINTOR P1 4 POLEGADAS (0,9KG) BARRIGUDO",0,1,VENCEU," ",120,120
"FAROL AUXILIAR",0,1,VENCEU," ",382,382
"FAROL PRINCIPAL H4 LD",0,1,VENCEU," ",683,683
"FAROL PRINCIPAL H4 LE",0,1,VENCEU," ",683,683
"GARFO DA PARTIDA",0,1,VENCEU," ",80,80
"IMPULSOR DE PARTIDA 9 DENTES",0,1,VENCEU," ",222,222
"INDUZIDO DA PARTIDA",0,1,VENCEU," ",574,574
"INTERRUPTOR LUZ DE FREIO",0,1,VENCEU," ",62,62
"INTERRUPTOR PRESSAO DO OLEO",0,1,VENCEU," ",39,39
"KIT BUCHAS MOTOR DE PARTIDA",0,1,VENCEU," ",98,98
"KIT TRAVA ELETRICA 4 PORTAS",0,1,VENCEU," ",236,236
"LAMPADA 1 POLO GRANDE 12V",0,2,VENCEU," ",14,7
"LAMPADA  H3 12V   55W-IODO",0,2,VENCEU," ",102,51
"LAMPADA 1 POLO GRANDE 12V 21W AMBAR",0,2,VENCEU," ",42,21
"LAMPADA 1 POLO PEQUENA 12V 10W",0,2,VENCEU," ",14,7
"LAMPADA 2 POLOS PINO DESENCONTRADO 12V",0,2,VENCEU," ",14,7
"LAMPADA H4 12V   55W-IODO",0,2,VENCEU," ",90,45
"LANTERNA PISCA DIANTEIRA",0,1,VENCEU," ",118,118
"LANTERNA TRASEIRA COMPLETA",0,1,VENCEU," ",368,368
"MANCAL DA PARTIDA DIANTEIRO",0,1,VENCEU," ",126,126
"MANCAL DO ALTERNADOR DIANTEIRO",0,1,VENCEU," ",434,434
"MANCAL DO ALTERNADOR TRASEIRO",0,1,VENCEU," ",143,143
"MANIVELA DO LIMPADOR",0,1,VENCEU," ",48,48
"MAQ.VIDRO ELETRICO  LD/LE",0,1,VENCEU," ",168,168
"MOTOR DE PARTIDA  M93R  12V",0,1,VENCEU," ",3381,3381
"MOTOR DO VENTILADOR INTERNO",0,1,VENCEU," ",497,497
"MOTOR LIMPADOR PARABRISAS",0,1,VENCEU," ",668,668
"PALHETA LIMPADOR DIANTEIRA",0,2,VENCEU," ",148,74
"PARAFUSO  FIXACAO ALTERNADOR",0,1,VENCEU," ",14,14
"PLANETARIA DA PARTIDA",0,1,VENCEU," ",222,222
"POLIA DA CORREIA ALTERNADOR",0,1,VENCEU," ",110,110
"POLIA RODA LIVRE",0,1,VENCEU," ",111,111
"PORTA ESCOVA DA PARTIDA",0,1,VENCEU," ",106,106
"REGULADOR DE VOLTAGEM",0,1,VENCEU," ",139,139
"REPARO ALETERNADOR   12V",0,1,VENCEU," ",115,115
"REPARO MOTOR DE PARTIDA",0,1,VENCEU," ",115,115
"ROLAMENTO ALT.INTERMEDIARIO",0,1,VENCEU," ",101,101
"ROLAMENTO ALT.LADO MANCAL",0,1,VENCEU," ",75,75
"ROTOR P/ALTERNADOR 14V   150A",0,1,VENCEU," ",675,675
"SENSOR DE NIVEL COMBUSTIVEL",0,1,VENCEU," ",102,102
"SOQUETE FAROL S/LAMPADA",0,1,VENCEU," ",29,29
"TENSOR DA CORREIA DO ALTERNADOR",0,1,VENCEU," ",416,416
"TERMINAL DE BATERIA",0,1,VENCEU," ",19,19
"SERVIÇO DE MÃO DE OBRA;",0,40,VENCEU," ",2960,74
"ALTERNADOR   KBC1 14V 50=>90A",0,1,VENCEU," ",1332,1332
"ANEL DE AJUSTE ROLAMENTO",0,1,VENCEU," ",37,37
"BARRA DO LIMPADOR LE/LD",0,1,VENCEU," ",50,50
"BATERIA 60AH",0,1,VENCEU," ",324,324
"BOBINA DE CAMPO PARTIDA",0,1,VENCEU," ",222,222
"BRACO DO LIMPADOR LE/LD",0,1,VENCEU," ",86,86
"BUZINA UNIVERSAL",0,1,VENCEU," ",88,88
"CHAVE MAGNETICA PARTIDA",0,1,VENCEU," ",244,244
"CHAVE SETA S/LIMP.TRASEIRO",0,1,VENCEU," ",477,477
"CHICOTE FAROL",0,1,VENCEU," ",83,83
"CIRCUITO DA LANTERNA TRASEIRA",0,1,VENCEU," ",114,114
"COMUTADOR DE IGNICAOC/TRAVA",0,1,VENCEU," ",357,357
"CONJUNTO RETIFICADOR.",0,1,VENCEU," ",203,203
CORREIA,0,1,VENCEU," ",68,68
"ESTATOR P/ALTERNADOR  14V 105A",0,1,VENCEU," ",413,413
"EXTINTOR P1 4 POLEGADAS (0,9KG) BARRIGUDO",0,1,VENCEU," ",120,120
"FAROL AUXILIAR",0,1,VENCEU," ",382,382
"FAROL PRINCIPAL H4 LD",0,1,VENCEU," ",683,683
"FAROL PRINCIPAL H4 LE",0,1,VENCEU," ",683,683
"GARFO DA PARTIDA",0,1,VENCEU," ",85,85
"IMPULSOR DE PARTIDA 9 DENTES",0,1,VENCEU," ",179,179
"INDUZIDO DA PARTIDA",0,1,VENCEU," ",309,309
"INTERRUPTOR LUZ DE FREIO",0,1,VENCEU," ",62,62
"INTERRUPTOR PRESSAO DO OLEO",0,1,VENCEU," ",39,39
"KIT BUCHAS MOTOR DE PARTIDA",0,1,VENCEU," ",59,59
"KIT TRAVA ELETRICA 4 PORTAS",0,1,VENCEU," ",236,236
"LAMPADA 1 POLO GRANDE 12V",0,2,VENCEU," ",14,7
"LAMPADA  H3 12V   55W-IODO",0,2,VENCEU," ",74,37
"LAMPADA 1 POLO GRANDE 12V 21W AMBAR",0,2,VENCEU," ",42,21
"LAMPADA 1 POLO PEQUENA 12V 10W",0,2,VENCEU," ",14,7
"LAMPADA 2 POLOS PINO DESENCONTRADO 12V",0,2,VENCEU," ",14,7
"LAMPADA H4 12V   55W-IODO",0,2,VENCEU," ",102,51
"LANTERNA PISCA DIANTEIRA",0,1,VENCEU," ",118,118
"LANTERNA TRASEIRA COMPLETA",0,1,VENCEU," ",368,368
"MANCAL DA PARTIDA DIANTEIRO",0,1,VENCEU," ",126,126
"MANCAL DO ALTERNADOR DIANTEIRO",0,1,VENCEU," ",157,157
"MANCAL DO ALTERNADOR TRASEIRO",0,1,VENCEU," ",105,105
"MANIVELA DO LIMPADOR",0,1,VENCEU," ",48,48
"MAQ.VIDRO ELETRICO  LD/LE",0,1,VENCEU," ",168,168
"MOTOR DE PARTIDA 12V  9 DENTES",0,1,VENCEU," ",995,995
"MOTOR DO VENTILADOR INTERNO",0,1,VENCEU," ",497,497
"MOTOR LIMPADOR PARABRISAS",0,1,VENCEU," ",668,668
"PALHETA LIMPADOR DIANTEIRA",0,2,VENCEU," ",148,74
"PARAFUSO  FIXACAO ALTERNADOR",0,1,VENCEU," ",14,14
"PLANETARIA DA PARTIDA",0,1,VENCEU," ",140,140
"POLIA DA CORREIA ALTERNADOR",0,1,VENCEU," ",110,110
"POLIA RODA LIVRE",0,1,VENCEU," ",112,112
"REPARO ALETERNADOR   12V",0,1,VENCEU," ",115,115
"PORTA ESCOVA DA PARTIDA",0,1,VENCEU," ",111,111
"REGULADOR DE VOLTAGEM",0,1,VENCEU," ",121,121
"REPARO MOTOR DE PARTIDA",0,1,VENCEU," ",80,80
"ROLAMENTO ALT.INTERMEDIARIO",0,1,VENCEU," ",82,82
"ROLAMENTO ALT.LADO MANCAL",0,1,VENCEU," ",75,75
"ROTOR P/ALTERNADOR 14V   150A",0,1,VENCEU," ",334,334
"SENSOR DE NIVEL COMBUSTIVEL",0,1,VENCEU," ",101,101
"SOQUETE FAROL S/LAMPADA",0,1,VENCEU," ",29,29
"TENSOR DA CORREIA DO ALTERNADOR",0,1,VENCEU," ",210,210
"TERMINAL DE BATERIA",0,1,VENCEU," ",19,19
"SERVIÇO DE MÃO DE OBRA;",0,40,VENCEU," ",2960,74
"ALTERNADOR   KBC1 14V 50=>90A",0,1,VENCEU," ",1333,1333
"ANEL DE AJUSTE ROLAMENTO",0,1,VENCEU," ",37,37
"BARRA DO LIMPADOR LE/LD",0,1,VENCEU," ",50,50
"BATERIA 60AH",0,1,VENCEU," ",325,325
"BOBINA DE CAMPO PARTIDA",0,1,VENCEU," ",222,222
"BRACO DO LIMPADOR LE/LD",0,1,VENCEU," ",86,86
"BUZINA UNIVERSAL",0,1,VENCEU," ",88,88
"CHAVE MAGNETICA PARTIDA",0,1,VENCEU," ",244,244
"CHAVE SETA S/LIMP.TRASEIRO",0,1,VENCEU," ",477,477
"CHICOTE FAROL",0,1,VENCEU," ",83,83
"CIRCUITO DA LANTERNA TRASEIRA",0,1,VENCEU," ",114,114
"COMUTADOR DE IGNICAOC/TRAVA",0,1,VENCEU," ",357,357
"CONJUNTO RETIFICADOR.",0,1,VENCEU," ",203,203
CORREIA,0,1,VENCEU," ",68,68
"ESTATOR P/ALTERNADOR  14V 105A",0,1,VENCEU," ",413,413
"EXTINTOR P1 4 POLEGADAS (0,9KG) BARRIGUDO",0,1,VENCEU," ",120,120
"FAROL AUXILIAR",0,1,VENCEU," ",382,382
"FAROL PRINCIPAL H4 LD",0,1,VENCEU," ",683,683
"FAROL PRINCIPAL H4 LE",0,1,VENCEU," ",683,683
"GARFO DA PARTIDA",0,1,VENCEU," ",85,85
"IMPULSOR DE PARTIDA 9 DENTES",0,1,VENCEU," ",180,180
"INDUZIDO DA PARTIDA",0,1,VENCEU," ",309,309
"INTERRUPTOR LUZ DE FREIO",0,1,VENCEU," ",62,62
"INTERRUPTOR PRESSAO DO OLEO",0,1,VENCEU," ",39,39
"KIT BUCHAS MOTOR DE PARTIDA",0,1,VENCEU," ",59,59
"KIT TRAVA ELETRICA 4 PORTAS",0,1,VENCEU," ",236,236
"LAMPADA 1 POLO GRANDE 12V",0,2,VENCEU," ",14,7
"LAMPADA  H3 12V   55W-IODO",0,2,VENCEU," ",102,51
"LAMPADA 1 POLO GRANDE 12V 21W AMBAR",0,2,VENCEU," ",42,21
"LAMPADA 1 POLO PEQUENA 12V 10W",0,2,VENCEU," ",14,7
"LAMPADA 2 POLOS PINO DESENCONTRADO 12V",0,2,VENCEU," ",14,7
"LAMPADA H4 12V   55W-IODO",0,2,VENCEU," ",102,51
"LANTERNA PISCA DIANTEIRA",0,1,VENCEU," ",118,118
"LANTERNA TRASEIRA COMPLETA",0,1,VENCEU," ",368,368
"MANCAL DA PARTIDA DIANTEIRO",0,1,VENCEU," ",126,126
"MANCAL DO ALTERNADOR DIANTEIRO",0,1,VENCEU," ",157,157
"MANCAL DO ALTERNADOR TRASEIRO",0,1,VENCEU," ",106,106
"MANIVELA DO LIMPADOR",0,1,VENCEU," ",48,48
"MAQ.VIDRO ELETRICO  LD/LE",0,1,VENCEU," ",168,168
"MOTOR DE PARTIDA 12V  9 DENTES",0,1,VENCEU," ",995,995
"MOTOR DO VENTILADOR INTERNO",0,1,VENCEU," ",497,497
"MOTOR LIMPADOR PARABRISAS",0,1,VENCEU," ",668,668
"PALHETA LIMPADOR DIANTEIRA",0,2,VENCEU," ",148,74
"PARAFUSO  FIXACAO ALTERNADOR",0,1,VENCEU," ",14,14
"PLANETARIA DA PARTIDA",0,1,VENCEU," ",140,140
"POLIA DA CORREIA ALTERNADOR",0,1,VENCEU," ",143,143
"POLIA RODA LIVRE",0,1,VENCEU," ",112,112
"REPARO ALETERNADOR   12V",0,1,VENCEU," ",115,115
"PORTA ESCOVA DA PARTIDA",0,1,VENCEU," ",111,111
"REGULADOR DE VOLTAGEM",0,1,VENCEU," ",121,121
"REPARO MOTOR DE PARTIDA",0,1,VENCEU," ",80,80
"ROLAMENTO ALT.INTERMEDIARIO",0,1,VENCEU," ",82,82
"ROLAMENTO ALT.LADO MANCAL",0,1,VENCEU," ",75,75
"ROTOR P/ALTERNADOR 14V   150A",0,1,VENCEU," ",334,334
"SENSOR DE NIVEL COMBUSTIVEL",0,1,VENCEU," ",132,132
"SOQUETE FAROL S/LAMPADA",0,1,VENCEU," ",29,29
"TENSOR DA CORREIA DO ALTERNADOR",0,1,VENCEU," ",210,210
"TERMINAL DE BATERIA",0,1,VENCEU," ",19,19
"SERVIÇO DE MÃO DE OBRA;",0,40,VENCEU," ",2960,74
"ALTERNADOR  GCB2 14V 75A",0,1,VENCEU," ",2463,2463
"ANEL DE AJUSTE ROLAMENTO",0,1,VENCEU," ",37,37
"BARRA DO LIMPADOR LE/LD",0,1,VENCEU," ",50,50
"BATERIA   50AH(CCA375) 12,30 KG",0,1,VENCEU," ",635,635
"BOBINA DE CAMPO PARTIDA",0,1,VENCEU," ",222,222
"BRACO DO LIMPADOR LE/LD",0,1,VENCEU," ",86,86
"BUZINA UNIVERSAL",0,1,VENCEU," ",88,88
"CHAVE MAGNETICA PARTIDA",0,1,VENCEU," ",285,285
"CHAVE SETA S/LIMP.TRASEIRO",0,1,VENCEU," ",477,477
"CHICOTE FAROL",0,1,VENCEU," ",83,83
"CIRCUITO DA LANTERNA TRASEIRA",0,1,VENCEU," ",114,114
"COMUTADOR DE IGNIÇÃO",0,1,VENCEU," ",141,141
"CONJUNTO RETIFICADOR.",0,1,VENCEU," ",459,459
CORREIA,0,1,VENCEU," ",197,197
"ESTATOR P/ALTERNADOR  14V 105A",0,1,VENCEU," ",368,368
"EXTINTOR P1 4 POLEGADAS (0,9KG) BARRIGUDO",0,1,VENCEU," ",120,120
"FAROL AUXILIAR H8",0,1,VENCEU," ",382,382
"FAROL PRINCIPAL LD",0,1,VENCEU," ",743,743
"FAROL PRINCIPAL LE",0,1,VENCEU," ",743,743
"GARFO DA PARTIDA",0,1,VENCEU," ",65,65
"IMPULSOR DE PARTIDA 11 DENTES",0,1,VENCEU," ",385,385
"INDUZIDO DA PARTIDA",0,1,VENCEU," ",338,338
"INTERRUPTOR DO VIDRO (BOTAO)ELETRICO",0,1,VENCEU," ",173,173
"INTERRUPTOR LUZ DE FREIO",0,1,VENCEU," ",103,103
"INTERRUPTOR TERMICO DO RADIADOR",0,1,VENCEU," ",137,137
"KIT BUCHAS MOTOR DE PARTIDA",0,1,VENCEU," ",45,45
"KIT TRAVA ELETRICA 4 PORTAS",0,1,VENCEU," ",236,236
"LAMPADA 1 POLO GRANDE 12V",0,2,VENCEU," ",10,5
"LAMPADA  H1 12V   55W-IODO",0,2,VENCEU," ",74,37
"LAMPADA 1 POLO GRANDE 12V 21W AMBAR",0,2,VENCEU," ",32,16
"LAMPADA 1 POLO PEQUENA 12V 10W",0,2,VENCEU," ",11,5.5
"LAMPADA 2 POLOS PINO DESENCONTRADO 12V",0,2,VENCEU," ",10,5
"LAMPADA H11 12V   55W-IODO",0,2,VENCEU," ",212,106
"LAMPADA H8 12V  35W",0,2,VENCEU," ",116,58
"LANTERNA PISCA DIANTEIRA",0,1,VENCEU," ",118,118
"LANTERNA TRASEIRA COMPLETA",0,1,VENCEU," ",368,368
"MANCAL DA PARTIDA DIANTEIRO",0,1,VENCEU," ",126,126
"MANCAL DO ALTERNADOR DIANTEIRO",0,1,VENCEU," ",122,122
"MANCAL DO ALTERNADOR TRASEIRO",0,1,VENCEU," ",126,126
"MANIVELA DO LIMPADOR",0,1,VENCEU," ",48,48
"MAQ.VIDRO ELETRICO  LD/LE",0,1,VENCEU," ",218,218
"MOTOR DE PARTIDA DM (R) 12V 0.8KW",0,1,VENCEU," ",1453,1453
"MOTOR DO VENTILADOR INTERNO",0,1,VENCEU," ",824,824
"MOTOR LIMPADOR PARABRISAS",0,1,VENCEU," ",668,668
"PALHETA LIMPADOR DIANTEIRA",0,2,VENCEU," ",270,135
"PARAFUSO  FIXACAO ALTERNADOR",0,1,VENCEU," ",14,14
"PLANETARIA DA PARTIDA",0,1,VENCEU," ",183,183
"PLUG ELETRONICO DA AGUA",0,1,VENCEU," ",260,260
"POLIA DA CORREIA ALTERNADOR",0,1,VENCEU," ",110,110
"POLIA RODA LIVRE",0,1,VENCEU," ",280,280
"PORTA ESCOVA DA PARTIDA",0,1,VENCEU," ",111,111
"REGULADOR DE VOLTAGEM",0,1,VENCEU," ",404,404
"REPARO ALETERNADOR   12V",0,1,VENCEU," ",115,115
"REPARO MOTOR DE PARTIDA",0,1,VENCEU," ",80,80
"ROLAMENTO ALT.INTERMEDIARIO",0,1,VENCEU," ",82,82
"ROLAMENTO ALT.LADO MANCAL",0,1,VENCEU," ",75,75
"ROTOR P/ALTERNADOR 14V   150A",0,1,VENCEU," ",675,675
"SENSOR DE NIVEL COMBUSTIVEL",0,1,VENCEU," ",132,132
"SENSOR DE VELOCIDADE",0,1,VENCEU," ",169,169
"SOQUETE FAROL S/LAMPADA",0,1,VENCEU," ",29,29
"TENSOR DA CORREIA DO ALTERNADOR",0,1,VENCEU," ",273,273
"TERMINAL DE BATERIA",0,1,VENCEU," ",19,19
"SERVIÇO DE MÃO DE OBRA;",0,40,VENCEU," ",2960,74
"ALTERNADOR  GCB2 14V 75A",0,1,VENCEU," ",2463,2463
"ANEL DE AJUSTE ROLAMENTO",0,1,VENCEU," ",37,37
"BARRA DO LIMPADOR LE/LD",0,1,VENCEU," ",50,50
"BATERIA 50AH (CCA375) 12,30 KG",0,1,VENCEU," ",635,635
"BOBINA DE CAMPO PARTIDA",0,1,VENCEU," ",222,222
"BRACO DO LIMPADOR LE/LD",0,1,VENCEU," ",86,86
"BUZINA UNIVERSAL",0,1,VENCEU," ",88,88
"CHAVE MAGNETICA PARTIDA",0,1,VENCEU," ",285,285
"CHAVE SETA S/LIMP.TRASEIRO",0,1,VENCEU," ",477,477
"CHICOTE FAROL",0,1,VENCEU," ",83,83
"CIRCUITO DA LANTERNA TRASEIRA",0,1,VENCEU," ",114,114
"COMUTADOR DE IGNIÇÃO",0,1,VENCEU," ",141,141
"CONJUNTO RETIFICADOR.",0,1,VENCEU," ",459,459
CORREIA,0,1,VENCEU," ",196,196
"ESTATOR P/ALTERNADOR  14V 105A",0,1,VENCEU," ",368,368
"EXTINTOR P1 4 POLEGADAS (0,9KG) BARRIGUDO",0,1,VENCEU," ",120,120
"FAROL AUXILIAR H8",0,1,VENCEU," ",382,382
"FAROL PRINCIPAL LD",0,1,VENCEU," ",743,743
"FAROL PRINCIPAL LE",0,1,VENCEU," ",743,743
"GARFO DA PARTIDA",0,1,VENCEU," ",65,65
"IMPULSOR DE PARTIDA 11 DENTES",0,1,VENCEU," ",385,385
"INDUZIDO DA PARTIDA",0,1,VENCEU," ",337,337
"INTERRUPTOR DO VIDRO (BOTAO)ELETRICO",0,1,VENCEU," ",173,173
"INTERRUPTOR LUZ DE FREIO",0,1,VENCEU," ",103,103
"INTERRUPTOR TERMICO DO RADIADOR",0,1,VENCEU," ",137,137
"KIT BUCHAS MOTOR DE PARTIDA",0,1,VENCEU," ",45,45
"KIT TRAVA ELETRICA 4 PORTAS",0,1,VENCEU," ",236,236
"LAMPADA 1 POLO GRANDE 12V",0,2,VENCEU," ",10,5
"LAMPADA  H1 12V   55W-IODO",0,2,VENCEU," ",74,37
"LAMPADA 1 POLO GRANDE 12V 21W AMBAR",0,2,VENCEU," ",32,16
"LAMPADA 1 POLO PEQUENA 12V 10W",0,2,VENCEU," ",10,5
"LAMPADA 2 POLOS PINO DESENCONTRADO 12V",0,2,VENCEU," ",10,5
"LAMPADA H11 12V   55W-IODO",0,2,VENCEU," ",212,106
"LAMPADA H8 12V  35W",0,2,VENCEU," ",116,58
"LANTERNA PISCA DIANTEIRA",0,1,VENCEU," ",118,118
"LANTERNA TRASEIRA COMPLETA",0,1,VENCEU," ",368,368
"MANCAL DA PARTIDA DIANTEIRO",0,1,VENCEU," ",126,126
"MANCAL DO ALTERNADOR DIANTEIRO",0,1,VENCEU," ",122,122
"MANCAL DO ALTERNADOR TRASEIRO",0,1,VENCEU," ",126,126
"MANIVELA DO LIMPADOR",0,1,VENCEU," ",48,48
"MAQ.VIDRO ELETRICO  LD/LE",0,1,VENCEU," ",218,218
"MOTOR DE PARTIDA  DM  12V 0.8 KM",0,1,VENCEU," ",1453,1453
"MOTOR DO VENTILADOR INTERNO",0,1,VENCEU," ",824,824
"MOTOR LIMPADOR PARABRISAS",0,1,VENCEU," ",668,668
"PALHETA LIMPADOR DIANTEIRA",0,2,VENCEU," ",270,135
"PARAFUSO  FIXACAO ALTERNADOR",0,1,VENCEU," ",14,14
"PLANETARIA DA PARTIDA",0,1,VENCEU," ",182,182
"PLUG ELETRONICO DA AGUA",0,1,VENCEU," ",260,260
"POLIA DA CORREIA ALTERNADOR",0,1,VENCEU," ",110,110
"POLIA RODA LIVRE",0,1,VENCEU," ",280,280
"PORTA ESCOVA DA PARTIDA",0,1,VENCEU," ",111,111
"REGULADOR DE VOLTAGEM",0,1,VENCEU," ",404,404
"REPARO ALETERNADOR   12V",0,1,VENCEU," ",115,115
"REPARO MOTOR DE PARTIDA",0,1,VENCEU," ",80,80
"ROLAMENTO ALT.INTERMEDIARIO",0,1,VENCEU," ",82,82
"ROLAMENTO ALT.LADO MANCAL",0,1,VENCEU," ",75,75
"ROTOR P/ALTERNADOR 14V   150A",0,1,VENCEU," ",675,675
"SENSOR DE NIVEL COMBUSTIVEL",0,1,VENCEU," ",132,132
"SENSOR DE VELOCIDADE",0,1,VENCEU," ",169,169
"SOQUETE FAROL S/LAMPADA",0,1,VENCEU," ",29,29
"TENSOR DA CORREIA DO ALTERNADOR",0,1,VENCEU," ",273,273
"TERMINAL DE BATERIA",0,1,VENCEU," ",19,19
"SERVIÇO DE MÃO DE OBRA;",0,40,VENCEU," ",2960,74
"ALTERNADOR  GCB2 14V 75A",0,1,VENCEU," ",2463,2463
"ANEL DE AJUSTE ROLAMENTO",0,1,VENCEU," ",37,37
"BARRA DO LIMPADOR LE/LD",0,1,VENCEU," ",50,50
"BATERIA 50AH (CCA375) 12,30 KG",0,1,VENCEU," ",635,635
"BOBINA DE CAMPO PARTIDA",0,1,VENCEU," ",222,222
"BRACO DO LIMPADOR LE/LD",0,1,VENCEU," ",86,86
"BUZINA UNIVERSAL",0,1,VENCEU," ",88,88
"CHAVE MAGNETICA PARTIDA",0,1,VENCEU," ",285,285
"CHAVE SETA S/LIMP.TRASEIRO",0,1,VENCEU," ",477,477
"CHICOTE FAROL",0,1,VENCEU," ",83,83
"CIRCUITO DA LANTERNA TRASEIRA",0,1,VENCEU," ",114,114
"COMUTADOR DE IGNIÇÃO",0,1,VENCEU," ",141,141
"CONJUNTO RETIFICADOR.",0,1,VENCEU," ",459,459
CORREIA,0,1,VENCEU," ",196,196
"ESTATOR P/ALTERNADOR  14V 105A",0,1,VENCEU," ",368,368
"EXTINTOR P1 4 POLEGADAS (0,9KG) BARRIGUDO",0,1,VENCEU," ",120,120
"FAROL AUXILIAR H8",0,1,VENCEU," ",382,382
"FAROL PRINCIPAL LD",0,1,VENCEU," ",743,743
"FAROL PRINCIPAL LE",0,1,VENCEU," ",743,743
"GARFO DA PARTIDA",0,1,VENCEU," ",65,65
"IMPULSOR DE PARTIDA 11 DENTES",0,1,VENCEU," ",385,385
"INDUZIDO DA PARTIDA",0,1,VENCEU," ",337,337
"INTERRUPTOR DO VIDRO (BOTAO)ELETRICO",0,1,VENCEU," ",173,173
"INTERRUPTOR LUZ DE FREIO",0,1,VENCEU," ",103,103
"INTERRUPTOR TERMICO DO RADIADOR",0,1,VENCEU," ",137,137
"KIT BUCHAS MOTOR DE PARTIDA",0,1,VENCEU," ",45,45
"KIT TRAVA ELETRICA 4 PORTAS",0,1,VENCEU," ",236,236
"LAMPADA 1 POLO GRANDE 12V",0,2,VENCEU," ",10,5
"LAMPADA  H1 12V   55W-IODO",0,2,VENCEU," ",74,37
"LAMPADA 1 POLO GRANDE 12V 21W AMBAR",0,2,VENCEU," ",32,16
"LAMPADA 1 POLO PEQUENA 12V 10W",0,2,VENCEU," ",11,5.5
"LAMPADA 2 POLOS PINO DESENCONTRADO 12V",0,2,VENCEU," ",10,5
"LAMPADA H11 12V   55W-IODO",0,2,VENCEU," ",212,106
"LAMPADA H8 12V  35W",0,2,VENCEU," ",116,58
"LANTERNA PISCA DIANTEIRA",0,1,VENCEU," ",118,118
"LANTERNA TRASEIRA COMPLETA",0,1,VENCEU," ",368,368
"MANCAL DA PARTIDA DIANTEIRO",0,1,VENCEU," ",126,126
"MANCAL DO ALTERNADOR DIANTEIRO",0,1,VENCEU," ",122,122
"MANCAL DO ALTERNADOR TRASEIRO",0,1,VENCEU," ",126,126
"MANIVELA DO LIMPADOR",0,1,VENCEU," ",48,48
"MAQ.VIDRO ELETRICO  LD/LE",0,1,VENCEU," ",218,218
"MOTOR DE PARTIDA  DM  12V 0.8 KM",0,1,VENCEU," ",1453,1453
"MOTOR DO VENTILADOR INTERNO",0,1,VENCEU," ",824,824
"MOTOR LIMPADOR PARABRISAS",0,1,VENCEU," ",668,668
"PALHETA LIMPADOR DIANTEIRA",0,2,VENCEU," ",270,135
"PARAFUSO  FIXACAO ALTERNADOR",0,1,VENCEU," ",14,14
"PLANETARIA DA PARTIDA",0,1,VENCEU," ",183,183
"PLUG ELETRONICO DA AGUA",0,1,VENCEU," ",260,260
"POLIA DA CORREIA ALTERNADOR",0,1,VENCEU," ",110,110
"POLIA RODA LIVRE",0,1,VENCEU," ",280,280
"PORTA ESCOVA DA PARTIDA",0,1,VENCEU," ",111,111
"REGULADOR DE VOLTAGEM",0,1,VENCEU," ",404,404
"REPARO ALETERNADOR   12V",0,1,VENCEU," ",115,115
"REPARO MOTOR DE PARTIDA",0,1,VENCEU," ",80,80
"ROLAMENTO ALT.INTERMEDIARIO",0,1,VENCEU," ",82,82
"ROLAMENTO ALT.LADO MANCAL",0,1,VENCEU," ",75,75
"ROTOR P/ALTERNADOR 14V   150A",0,1,VENCEU," ",675,675
"SENSOR DE NIVEL COMBUSTIVEL",0,1,VENCEU," ",132,132
"SENSOR DE VELOCIDADE",0,1,VENCEU," ",169,169
"SOQUETE FAROL S/LAMPADA",0,1,VENCEU," ",29,29
"TENSOR DA CORREIA DO ALTERNADOR",0,1,VENCEU," ",273,273
"TERMINAL DE BATERIA",0,1,VENCEU," ",19,19
"SERVIÇO DE MÃO DE OBRA;",0,40,VENCEU," ",2960,74
"ALTERNADOR 14V 55A BESTA 2.7",0,1,VENCEU," ",2500,2500
"ANEL DE AJUSTE ROLAMENTO",0,1,VENCEU," ",37,37
"BARRA DO LIMPADOR LE/LD",0,1,VENCEU," ",50,50
"BATERIA  75A  (CCA530)  18,70KG",0,1,VENCEU," ",1009,1009
"BOBINA DE CAMPO PARTIDA",0,1,VENCEU," ",159,159
"BRACO DO LIMPADOR LE/LD",0,1,VENCEU," ",86,86
"BUZINA UNIVERSAL",0,1,VENCEU," ",88,88
"CHAVE MAGNETICA PARTIDA",0,1,VENCEU," ",244,244
"CHAVE SETA S/LIMP.TRASEIRO",0,1,VENCEU," ",477,477
"CHICOTE FAROL",0,1,VENCEU," ",83,83
"CIRCUITO DA LANTERNA TRASEIRA",0,1,VENCEU," ",114,114
"COMUTADOR DE IGNIÇÃO",0,1,VENCEU," ",224,224
"CONJUNTO RETIFICADOR.",0,1,VENCEU," ",284,284
CORREIA,0,1,VENCEU," ",68,68
"ESTATOR P/ALTERNADOR  14V 105A",0,1,VENCEU," ",368,368
"EXTINTOR P2  4POLEGADAS  (2 KG)",0,1,VENCEU," ",158,158
"FAROL AUXILIAR",0,1,VENCEU," ",382,382
"FAROL PRINCIPAL H4 LD",0,1,VENCEU," ",683,683
"FAROL PRINCIPAL H4 LE",0,1,VENCEU," ",683,683
"GARFO DA PARTIDA",0,1,VENCEU," ",80,80
"IMPULSOR DE PARTIDA 9 DENTES",0,1,VENCEU," ",377,377
"INDUZIDO DA PARTIDA",0,1,VENCEU," ",574,574
"INTERRUPTOR LUZ DE FREIO",0,1,VENCEU," ",62,62
"INTERRUPTOR PRESSAO DO OLEO",0,1,VENCEU," ",39,39
"KIT BUCHAS MOTOR DE PARTIDA",0,1,VENCEU," ",75,75
"KIT TRAVA ELETRICA 4 PORTAS",0,1,VENCEU," ",236,236
"LAMPADA 1 POLO GRANDE 12V",0,2,VENCEU," ",14,7
"LAMPADA  H3 12V   55W-IODO",0,2,VENCEU," ",102,51
"LAMPADA 1 POLO GRANDE 12V 21W AMBAR",0,2,VENCEU," ",42,21
"LAMPADA 1 POLO PEQUENA 12V 10W",0,2,VENCEU," ",14,7
"LAMPADA 2 POLOS PINO DESENCONTRADO 12V",0,2,VENCEU," ",14,7
"LAMPADA H4 12V   55W-IODO",0,2,VENCEU," ",102,51
"LANTERNA PISCA DIANTEIRA",0,1,VENCEU," ",118,118
"LANTERNA TRASEIRA COMPLETA",0,1,VENCEU," ",368,368
"MANCAL DA PARTIDA DIANTEIRO",0,1,VENCEU," ",165,165
"MANCAL DO ALTERNADOR DIANTEIRO",0,1,VENCEU," ",434,434
"MANCAL DO ALTERNADOR TRASEIRO",0,1,VENCEU," ",143,143
"MANIVELA DO LIMPADOR",0,1,VENCEU," ",48,48
"MAQ.VIDRO ELETRICO  LD/LE",0,1,VENCEU," ",218,218
"MOTOR DE PARTIDA  KIA BESTA 2.7",0,1,VENCEU," ",1581,1581
"MOTOR DO VENTILADOR INTERNO",0,1,VENCEU," ",497,497
"MOTOR LIMPADOR PARABRISAS",0,1,VENCEU," ",668,668
"PALHETA LIMPADOR DIANTEIRA",0,2,VENCEU," ",202,101
"PARAFUSO  FIXACAO ALTERNADOR",0,1,VENCEU," ",14,14
"PLANETARIA DA PARTIDA",0,1,VENCEU," ",222,222
"POLIA DA CORREIA ALTERNADOR",0,1,VENCEU," ",166,166
"POLIA RODA LIVRE",0,1,VENCEU," ",111,111
"PORTA ESCOVA DA PARTIDA",0,1,VENCEU," ",123,123
"REGULADOR DE VOLTAGEM",0,1,VENCEU," ",269,269
"REPARO ALETERNADOR   12V",0,1,VENCEU," ",88,88
"REPARO MOTOR DE PARTIDA",0,1,VENCEU," ",89,89
"ROLAMENTO ALT.INTERMEDIARIO",0,1,VENCEU," ",101,101
"ROLAMENTO ALT.LADO MANCAL",0,1,VENCEU," ",75,75
"ROTOR P/ALTERNADOR 14V   150A",0,1,VENCEU," ",675,675
"SENSOR DE NIVEL COMBUSTIVEL",0,1,VENCEU," ",102,102
"SENSOR DE TEMPERATURA",0,1,VENCEU," ",72,72
"SOQUETE FAROL S/LAMPADA",0,1,VENCEU," ",29,29
"TENSOR DA CORREIA DO ALTERNADOR",0,1,VENCEU," ",416,416
"TERMINAL DE BATERIA",0,1,VENCEU," ",19,19
"VELA AQUECEDORA",0,1,VENCEU," ",74,74
"SERVIÇO DE MÃO DE OBRA;",0,40,VENCEU," ",2960,74
"ALTERNADOR   12v  65A",0,1,VENCEU," ",2335,2335
"ANEL DE AJUSTE ROLAMENTO",0,1,VENCEU," ",37,37
"BARRA DO LIMPADOR LE/LD",0,1,VENCEU," ",50,50
"BATERIA   75AH (CCA530)  18,70 KG",0,1,VENCEU," ",1009,1009
"BOBINA DE CAMPO PARTIDA",0,1,VENCEU," ",179,179
"BRACO DO LIMPADOR LE/LD",0,1,VENCEU," ",86,86
"BUZINA UNIVERSAL",0,1,VENCEU," ",88,88
"CHAVE MAGNETICA PARTIDA",0,1,VENCEU," ",244,244
"CHAVE SETA S/LIMP.TRASEIRO",0,1,VENCEU," ",477,477
"CHICOTE FAROL",0,1,VENCEU," ",83,83
"CIRCUITO DA LANTERNA TRASEIRA",0,1,VENCEU," ",114,114
"COMUTADOR DE IGNIÇÃO",0,1,VENCEU," ",224,224
"CONJUNTO RETIFICADOR.",0,1,VENCEU," ",284,284
CORREIA,0,1,VENCEU," ",68,68
"ESTATOR P/ALTERNADOR  14V 105A",0,1,VENCEU," ",368,368
"EXTINTOR P1 4 POLEGADAS (0,9KG) BARRIGUDO",0,1,VENCEU," ",120,120
"FAROL AUXILIAR COMPLETO L-200 2008=>",0,1,VENCEU," ",353,353
"FAROL PRINCIPAL  DUPLO L-200 LE",0,1,VENCEU," ",1177,1177
"FAROL PRINCIPAL  DUPLO L-200LD",0,1,VENCEU," ",1177,1177
"IMPULSOR DE PARTIDA 9 DENTES",0,1,VENCEU," ",306,306
"GARFO DA PARTIDA",0,1,VENCEU," ",67,67
"INDUZIDO DA PARTIDA",0,1,VENCEU," ",574,574
"INTERRUPTOR LUZ DE FREIO",0,1,VENCEU," ",62,62
"INTERRUPTOR PRESSAO DO OLEO",0,1,VENCEU," ",39,39
"KIT BUCHAS MOTOR DE PARTIDA",0,1,VENCEU," ",94,94
"KIT TRAVA ELETRICA 4 PORTAS",0,1,VENCEU," ",236,236
"LAMPADA 1 POLO GRANDE 12V",0,2,VENCEU," ",14,7
"LAMPADA  H1 12V   55W-IODO",0,2,VENCEU," ",102,51
"LAMPADA 1 POLO GRANDE 12V 21W AMBAR",0,2,VENCEU," ",42,21
"LAMPADA 1 POLO PEQUENA 12V 10W",0,2,VENCEU," ",14,7
"LAMPADA 2 POLOS PINO DESENCONTRADO 12V",0,2,VENCEU," ",14,7
"LAMPADA H4 12V   55W-IODO",0,2,VENCEU," ",102,51
"LANTERNA PISCA DIANTEIRA",0,1,VENCEU," ",118,118
"LANTERNA TRASEIRA COMPLETA",0,1,VENCEU," ",177,177
"MANCAL DA PARTIDA DIANTEIRO",0,1,VENCEU," ",126,126
"MANCAL DO ALTERNADOR DIANTEIRO",0,1,VENCEU," ",434,434
"MANCAL DO ALTERNADOR TRASEIRO",0,1,VENCEU," ",143,143
"MANIVELA DO LIMPADOR",0,1,VENCEU," ",48,48
"MAQ.VIDRO ELETRICO  LD/LE",0,1,VENCEU," ",218,218
"MOTOR DE PARTIDA  M93R  12V",0,1,VENCEU," ",2501,2501
"MOTOR DO VENTILADOR INTERNO",0,1,VENCEU," ",497,497
"MOTOR LIMPADOR PARABRISAS",0,1,VENCEU," ",336,336
"PALHETA LIMPADOR DIANTEIRA",0,2,VENCEU," ",148,74
"PARAFUSO  FIXACAO ALTERNADOR",0,1,VENCEU," ",14,14
"PLANETARIA DA PARTIDA",0,1,VENCEU," ",222,222
"POLIA DA CORREIA ALTERNADOR",0,1,VENCEU," ",110,110
"POLIA RODA LIVRE",0,1,VENCEU," ",111,111
"PORTA ESCOVA DA PARTIDA",0,1,VENCEU," ",82,82
"REGULADOR DE VOLTAGEM",0,1,VENCEU," ",464,464
"REPARO ALETERNADOR   12V",0,1,VENCEU," ",88,88
"REPARO MOTOR DE PARTIDA",0,1,VENCEU," ",89,89
"ROLAMENTO ALT.INTERMEDIARIO",0,1,VENCEU," ",101,101
"ROLAMENTO ALT.LADO MANCAL",0,1,VENCEU," ",58,58
"ROTOR P/ALTERNADOR 14V   150A",0,1,VENCEU," ",485,485
"SENSOR DE NIVEL COMBUSTIVEL",0,1,VENCEU," ",102,102
"SOQUETE FAROL S/LAMPADA",0,1,VENCEU," ",29,29
"TENSOR DA CORREIA DO ALTERNADOR",0,1,VENCEU," ",416,416
"TERMINAL DE BATERIA",0,1,VENCEU," ",19,19
"SERVIÇO DE MÃO DE OBRA;",0,40,VENCEU," ",2960,74
"ALTERNADOR   14V  100A",0,1,VENCEU," ",2290,2290
"ANEL DE AJUSTE ROLAMENTO",0,1,VENCEU," ",37,37
"BARRA DO LIMPADOR LE/LD",0,1,VENCEU," ",50,50
"BATERIA   75AH (CCA530)  18,70 KG",0,1,VENCEU," ",1009,1009
"BOBINA DE CAMPO PARTIDA",0,1,VENCEU," ",138,138
"BRACO DO LIMPADOR LE/LD",0,1,VENCEU," ",86,86
"BUZINA UNIVERSAL",0,1,VENCEU," ",88,88
"CHAVE MAGNETICA PARTIDA",0,1,VENCEU," ",244,244
"CHAVE SETA S/LIMP.TRASEIRO",0,1,VENCEU," ",477,477
"CHICOTE FAROL",0,1,VENCEU," ",83,83
"CIRCUITO DA LANTERNA TRASEIRA",0,1,VENCEU," ",114,114
"COMUTADOR DE IGNIÇÃO",0,1,VENCEU," ",224,224
"CONJUNTO RETIFICADOR.",0,1,VENCEU," ",284,284
CORREIA,0,1,VENCEU," ",68,68
"ESTATOR P/ALTERNADOR  14V 105A",0,1,VENCEU," ",368,368
"EXTINTOR P1 4 POLEGADAS (0,9KG) BARRIGUDO",0,1,VENCEU," ",120,120
"FAROL AUXILIAR COMPLETO L-200 2008=>",0,1,VENCEU," ",353,353
"FAROL PRINCIPAL LE",0,1,VENCEU," ",808,808
"FAROL PRINCIPAL LD",0,1,VENCEU," ",808,808
"IMPULSOR DE PARTIDA 9 DENTES",0,1,VENCEU," ",193,193
"GARFO DA PARTIDA",0,1,VENCEU," ",67,67
"INDUZIDO DA PARTIDA",0,1,VENCEU," ",574,574
"INTERRUPTOR LUZ DE FREIO",0,1,VENCEU," ",62,62
"INTERRUPTOR PRESSAO DO OLEO",0,1,VENCEU," ",39,39
"KIT BUCHAS MOTOR DE PARTIDA",0,1,VENCEU," ",122,122
"KIT TRAVA ELETRICA",0,1,VENCEU," ",236,236
"LAMPADA 1 POLO GRANDE 12V",0,2,VENCEU," ",14,7
"LAMPADA  H13 12V   55/60W-IODO",0,2,VENCEU," ",252,126
"LAMPADA 1 POLO GRANDE 12V 21W AMBAR",0,2,VENCEU," ",42,21
"LAMPADA 1 POLO PEQUENA 12V 10W",0,2,VENCEU," ",14,7
"LAMPADA 2 POLOS PINO DESENCONTRADO 12V",0,2,VENCEU," ",14,7
"LAMPADA H11  12V   55/60W -IODO",0,2,VENCEU," ",256,128
"LANTERNA PISCA DIANTEIRA",0,1,VENCEU," ",118,118
"LANTERNA TRASEIRA COMPLETA",0,1,VENCEU," ",231,231
"MANCAL DA PARTIDA DIANTEIRO",0,1,VENCEU," ",165,165
"MANCAL DO ALTERNADOR DIANTEIRO",0,1,VENCEU," ",434,434
"MANCAL DO ALTERNADOR TRASEIRO",0,1,VENCEU," ",143,143
"MANIVELA DO LIMPADOR",0,1,VENCEU," ",48,48
"MAQ.VIDRO ELETRICO  LD/LE",0,1,VENCEU," ",218,218
"MOTOR  DE PARTIDA  12V (09 DENTES)",0,1,VENCEU," ",2568,2568
"MOTOR DO VENTILADOR INTERNO",0,1,VENCEU," ",497,497
"MOTOR LIMPADOR PARABRISAS",0,1,VENCEU," ",336,336
"PALHETA LIMPADOR DIANTEIRA",0,2,VENCEU," ",192,96
"PARAFUSO  FIXACAO ALTERNADOR",0,1,VENCEU," ",14,14
"PLANETARIA DA PARTIDA",0,1,VENCEU," ",222,222
"POLIA DA CORREIA ALTERNADOR",0,1,VENCEU," ",349,349
"POLIA RODA LIVRE",0,1,VENCEU," ",111,111
"PORTA ESCOVA DA PARTIDA",0,1,VENCEU," ",106,106
"REGULADOR DE VOLTAGEM",0,1,VENCEU," ",464,464
"REPARO ALETERNADOR   12V",0,1,VENCEU," ",115,115
"REPARO MOTOR DE PARTIDA",0,1,VENCEU," ",115,115
"ROLAMENTO ALT.INTERMEDIARIO",0,1,VENCEU," ",132,132
"ROLAMENTO ALT.LADO MANCAL",0,1,VENCEU," ",75,75
"ROTOR P/ALTERNADOR 14V   150A",0,1,VENCEU," ",485,485
"SENSOR DE NIVEL COMBUSTIVEL",0,1,VENCEU," ",102,102
"SOQUETE FAROL S/LAMPADA",0,1,VENCEU," ",29,29
"TENSOR DA CORREIA DO ALTERNADOR",0,1,VENCEU," ",416,416
"TERMINAL DE BATERIA",0,1,VENCEU," ",19,19
"SERVIÇO DE MÃO DE OBRA;",0,40,VENCEU," ",2960,74
"ALTERNADOR   (DR37A) 14V 120A",0,1,VENCEU," ",1847,1847
"ANEL DE AJUSTE ROLAMENTO",0,1,VENCEU," ",37,37
"BARRA DO LIMPADOR LE/LD",0,1,VENCEU," ",50,50
"BATERIA 60AH",0,1,VENCEU," ",324,324
"BOBINA DE CAMPO PARTIDA",0,1,VENCEU," ",222,222
"BOMBA DO LAVADOR PARABRISAS",0,1,VENCEU," ",118,118
"BRACO DO LIMPADOR LE/LD",0,1,VENCEU," ",109,109
"BUZINA  ESPECIFICA",0,1,VENCEU," ",142,142
"CHAVE MAGNETICA PARTIDA",0,1,VENCEU," ",244,244
"CHAVE SETA S/LIMP.TRASEIRO",0,1,VENCEU," ",477,477
"CHICOTE FAROL",0,1,VENCEU," ",83,83
"CIRCUITO DA LANTERNA TRASEIRA",0,1,VENCEU," ",114,114
"COMUTADOR DE IGNICAOC/TRAVA",0,1,VENCEU," ",357,357
"CONJUNTO RETIFICADOR.",0,1,VENCEU," ",155,155
CORREIA,0,1,VENCEU," ",68,68
"ESTATOR P/ALTERNADOR  14V 105A",0,1,VENCEU," ",368,368
"EXTINTOR P1 4 POLEGADAS (0,9KG) BARRIGUDO",0,1,VENCEU," ",120,120
"FAROL AUXILIAR",0,1,VENCEU," ",425,425
"FAROL PRINCIPAL H4 LD",0,1,VENCEU," ",852,852
"FAROL PRINCIPAL H4 LE",0,1,VENCEU," ",852,852
"GARFO DA PARTIDA",0,1,VENCEU," ",64,64
"IMPULSOR DE PARTIDA 9 DENTES",0,1,VENCEU," ",115,115
"INDUZIDO DA PARTIDA",0,1,VENCEU," ",505,505
"INTERRUPTOR LUZ DE FREIO",0,1,VENCEU," ",62,62
"INTERRUPTOR PRESSAO DO OLEO",0,1,VENCEU," ",39,39
"KIT BUCHAS MOTOR DE PARTIDA",0,1,VENCEU," ",67,67
"LAMPADA 1 POLO GRANDE 12V",0,2,VENCEU," ",14,7
"LAMPADA  H16  12V   55W-IODO",0,2,VENCEU," ",142,71
"LAMPADA 1 POLO GRANDE 12V 21W AMBAR",0,2,VENCEU," ",42,21
"LAMPADA 1 POLO PEQUENA 12V 10W",0,2,VENCEU," ",14,7
"LAMPADA 2 POLOS PINO DESENCONTRADO 12V",0,2,VENCEU," ",14,7
"LAMPADA H11  12V   55W-IODO",0,2,VENCEU," ",256,128
"LANTERNA PISCA DIANTEIRA",0,1,VENCEU," ",118,118
"LANTERNA TRASEIRA COMPLETA",0,1,VENCEU," ",368,368
"MANCAL DA PARTIDA DIANTEIRO",0,1,VENCEU," ",94,94
"MANCAL DO ALTERNADOR DIANTEIRO",0,1,VENCEU," ",94,94
"MANCAL DO ALTERNADOR TRASEIRO",0,1,VENCEU," ",126,126
"MANIVELA DO LIMPADOR",0,1,VENCEU," ",48,48
"MAQ.VIDRO ELETRICO DUCATO LD/LE",0,1,VENCEU," ",218,218
"MOTOR DE PARTIDA    12V  (D7E16)",0,1,VENCEU," ",916,916
"MOTOR DO VENTILADOR INTERNO",0,1,VENCEU," ",674,674
"MOTOR LIMPADOR PARABRISAS",0,1,VENCEU," ",709,709
"PALHETA LIMPADOR  ESPECIFICA",0,2,VENCEU," ",252,126
"PARAFUSO  FIXACAO ALTERNADOR",0,1,VENCEU," ",14,14
"PLANETARIA DA PARTIDA",0,1,VENCEU," ",222,222
"POLIA DA CORREIA ALTERNADOR",0,1,VENCEU," ",184,184
"POLIA RODA LIVRE",0,1,VENCEU," ",233,233
"PORTA ESCOVA DA PARTIDA",0,1,VENCEU," ",90,90
"REGULADOR DE VOLTAGEM",0,1,VENCEU," ",242,242
"REPARO ALETERNADOR   12V",0,1,VENCEU," ",88,88
"REPARO MOTOR DE PARTIDA",0,1,VENCEU," ",80,80
"ROLAMENTO ALT.INTERMEDIARIO",0,1,VENCEU," ",82,82
"ROLAMENTO ALT.LADO MANCAL",0,1,VENCEU," ",75,75
"ROTOR P/ALTERNADOR 14V   150A",0,1,VENCEU," ",520,520
"SENSOR DE NIVEL COMBUSTIVEL",0,1,VENCEU," ",102,102
"SOQUETE FAROL S/LAMPADA",0,1,VENCEU," ",29,29
"TENSOR DA CORREIA DO ALTERNADOR",0,1,VENCEU," ",292,292
"TERMINAL DE BATERIA",0,1,VENCEU," ",19,19
"SERVIÇO DE MÃO DE OBRA;",0,40,VENCEU," ",2960,74
"ALTERNADOR   (DR37A) 14V 120A",0,2,VENCEU," ",3694,1847
"ANEL DE AJUSTE ROLAMENTO",0,2,VENCEU," ",74,37
"BARRA DO LIMPADOR LE/LD",0,2,VENCEU," ",100,50
"BATERIA 60AH",0,2,VENCEU," ",648,324
"BOBINA DE CAMPO PARTIDA",0,2,VENCEU," ",444,222
"BOMBA DO LAVADOR PARABRISAS",0,2,VENCEU," ",236,118
"BRACO DO LIMPADOR LE/LD",0,2,VENCEU," ",218,109
"BUZINA  ESPECIFICA",0,2,VENCEU," ",218,109
"CHAVE MAGNETICA PARTIDA",0,2,VENCEU," ",488,244
"CHAVE SETA S/LIMP.TRASEIRO",0,2,VENCEU," ",954,477
"CHICOTE FAROL",0,2,VENCEU," ",166,83
"CIRCUITO DA LANTERNA TRASEIRA",0,2,VENCEU," ",228,114
"COMUTADOR DE IGNICAOC/TRAVA",0,2,VENCEU," ",714,357
"CONJUNTO RETIFICADOR.",0,2,VENCEU," ",310,155
CORREIA,0,2,VENCEU," ",136,68
"ESTATOR P/ALTERNADOR  14V 105A",0,2,VENCEU," ",736,368
"EXTINTOR P1 4 POLEGADAS (0,9KG) BARRIGUDO",0,2,VENCEU," ",240,120
"FAROL AUXILIAR",0,2,VENCEU," ",850,425
"FAROL PRINCIPAL H4 LD",0,2,VENCEU," ",1704,852
"FAROL PRINCIPAL H4 LE",0,2,VENCEU," ",1704,852
"GARFO DA PARTIDA",0,2,VENCEU," ",130,65
"IMPULSOR DE PARTIDA 9 DENTES",0,2,VENCEU," ",230,115
"INDUZIDO DA PARTIDA",0,2,VENCEU," ",1010,505
"INTERRUPTOR LUZ DE FREIO",0,2,VENCEU," ",124,62
"INTERRUPTOR PRESSAO DO OLEO",0,2,VENCEU," ",78,39
"KIT BUCHAS MOTOR DE PARTIDA",0,2,VENCEU," ",174,87
"LAMPADA 1 POLO GRANDE 12V",0,4,VENCEU," ",28,7
"LAMPADA  H16  12V   55W-IODO",0,4,VENCEU," ",284,71
"LAMPADA 1 POLO GRANDE 12V 21W AMBAR",0,4,VENCEU," ",84,21
"LAMPADA 1 POLO PEQUENA 12V 10W",0,4,VENCEU," ",28,7
"LAMPADA 2 POLOS PINO DESENCONTRADO 12V",0,4,VENCEU," ",28,7
"LAMPADA H11  12V   55W-IODO",0,4,VENCEU," ",552,138
"LANTERNA PISCA DIANTEIRA",0,2,VENCEU," ",236,118
"LANTERNA TRASEIRA COMPLETA",0,2,VENCEU," ",736,368
"MANCAL DA PARTIDA DIANTEIRO",0,2,VENCEU," ",188,94
"MANCAL DO ALTERNADOR DIANTEIRO",0,2,VENCEU," ",188,94
"MANCAL DO ALTERNADOR TRASEIRO",0,2,VENCEU," ",252,126
"MANIVELA DO LIMPADOR",0,2,VENCEU," ",96,48
"MAQ.VIDRO ELETRICO DUCATO LD/LE",0,2,VENCEU," ",334,167
"MOTOR DE PARTIDA    12V  (D7E16)",0,2,VENCEU," ",1834,917
"MOTOR DO VENTILADOR INTERNO",0,2,VENCEU," ",1348,674
"MOTOR LIMPADOR PARABRISAS",0,2,VENCEU," ",1418,709
"PALHETA LIMPADOR  ESPECIFICA",0,4,VENCEU," ",504,126
"PARAFUSO  FIXACAO ALTERNADOR",0,2,VENCEU," ",28,14
"PLANETARIA DA PARTIDA",0,2,VENCEU," ",444,222
"POLIA DA CORREIA ALTERNADOR",0,2,VENCEU," ",368,184
"POLIA RODA LIVRE",0,2,VENCEU," ",466,233
"PORTA ESCOVA DA PARTIDA",0,2,VENCEU," ",234,117
"REGULADOR DE VOLTAGEM",0,2,VENCEU," ",484,242
"REPARO ALETERNADOR   12V",0,2,VENCEU," ",176,88
"REPARO MOTOR DE PARTIDA",0,2,VENCEU," ",122,61
"ROLAMENTO ALT.INTERMEDIARIO",0,2,VENCEU," ",164,82
"ROLAMENTO ALT.LADO MANCAL",0,2,VENCEU," ",150,75
"ROTOR P/ALTERNADOR 14V   150A",0,2,VENCEU," ",1040,520
"SENSOR DE NIVEL COMBUSTIVEL",0,2,VENCEU," ",204,102
"SOQUETE FAROL S/LAMPADA",0,2,VENCEU," ",58,29
"TENSOR DA CORREIA DO ALTERNADOR",0,2,VENCEU," ",584,292
"TERMINAL DE BATERIA",0,2,VENCEU," ",38,19
"SERVIÇO DE MÃO DE OBRA;",0,80,VENCEU," ",5920,74
"ALTERNADOR   (DR37A) 14V 120A",0,3,VENCEU," ",5541,1847
"ANEL DE AJUSTE ROLAMENTO",0,3,VENCEU," ",111,37
"BARRA DO LIMPADOR LE/LD",0,3,VENCEU," ",150,50
"BATERIA 60AH",0,3,VENCEU," ",972,324
"BOBINA DE CAMPO PARTIDA",0,3,VENCEU," ",666,222
"BOMBA DO LAVADOR PARABRISAS",0,3,VENCEU," ",354,118
"BRACO DO LIMPADOR LE/LD",0,3,VENCEU," ",327,109
"BUZINA  ESPECIFICA",0,3,VENCEU," ",426,142
"CHAVE MAGNETICA PARTIDA",0,3,VENCEU," ",732,244
"CHAVE SETA S/LIMP.TRASEIRO",0,3,VENCEU," ",1431,477
"CHICOTE FAROL",0,3,VENCEU," ",249,83
"CIRCUITO DA LANTERNA TRASEIRA",0,3,VENCEU," ",342,114
"COMUTADOR DE IGNICAOC/TRAVA",0,3,VENCEU," ",1071,357
"CONJUNTO RETIFICADOR.",0,3,VENCEU," ",465,155
CORREIA,0,3,VENCEU," ",204,68
"ESTATOR P/ALTERNADOR  14V 105A",0,3,VENCEU," ",1104,368
"EXTINTOR P1 4 POLEGADAS (0,9KG) BARRIGUDO",0,3,VENCEU," ",360,120
"FAROL AUXILIAR",0,3,VENCEU," ",1275,425
"FAROL PRINCIPAL H4 LD",0,3,VENCEU," ",2556,852
"FAROL PRINCIPAL H4 LE",0,3,VENCEU," ",2556,852
"GARFO DA PARTIDA",0,3,VENCEU," ",195,65
"IMPULSOR DE PARTIDA 9 DENTES",0,3,VENCEU," ",264,88
"INDUZIDO DA PARTIDA",0,3,VENCEU," ",1515,505
"INTERRUPTOR LUZ DE FREIO",0,3,VENCEU," ",186,62
"INTERRUPTOR PRESSAO DO OLEO",0,3,VENCEU," ",117,39
"KIT BUCHAS MOTOR DE PARTIDA",0,3,VENCEU," ",261,87
"LAMPADA 1 POLO GRANDE 12V",0,6,VENCEU," ",42,7
"LAMPADA  H16  12V   55W-IODO",0,6,VENCEU," ",426,71
"LAMPADA 1 POLO GRANDE 12V 21W AMBAR",0,6,VENCEU," ",126,21
"LAMPADA 1 POLO PEQUENA 12V 10W",0,6,VENCEU," ",42,7
"LAMPADA 2 POLOS PINO DESENCONTRADO 12V",0,6,VENCEU," ",42,7
"LAMPADA H11  12V   55W-IODO",0,6,VENCEU," ",768,128
"LANTERNA PISCA DIANTEIRA",0,3,VENCEU," ",354,118
"LANTERNA TRASEIRA COMPLETA",0,3,VENCEU," ",1104,368
"MANCAL DA PARTIDA DIANTEIRO",0,3,VENCEU," ",282,94
"MANCAL DO ALTERNADOR DIANTEIRO",0,3,VENCEU," ",282,94
"MANCAL DO ALTERNADOR TRASEIRO",0,3,VENCEU," ",378,126
"MANIVELA DO LIMPADOR",0,3,VENCEU," ",144,48
"MAQ.VIDRO ELETRICO DUCATO LD/LE",0,3,VENCEU," ",654,218
"MOTOR DE PARTIDA    12V  (D7E16)",0,3,VENCEU," ",2748,916
"MOTOR DO VENTILADOR INTERNO",0,3,VENCEU," ",2022,674
"MOTOR LIMPADOR PARABRISAS",0,3,VENCEU," ",2127,709
"PALHETA LIMPADOR  ESPECIFICA",0,6,VENCEU," ",756,126
"PARAFUSO  FIXACAO ALTERNADOR",0,3,VENCEU," ",42,14
"PLANETARIA DA PARTIDA",0,3,VENCEU," ",666,222
"POLIA DA CORREIA ALTERNADOR",0,3,VENCEU," ",552,184
"POLIA RODA LIVRE",0,3,VENCEU," ",699,233
"PORTA ESCOVA DA PARTIDA",0,3,VENCEU," ",270,90
"REGULADOR DE VOLTAGEM",0,3,VENCEU," ",726,242
"REPARO ALETERNADOR   12V",0,3,VENCEU," ",264,88
"REPARO MOTOR DE PARTIDA",0,3,VENCEU," ",240,80
"ROLAMENTO ALT.INTERMEDIARIO",0,3,VENCEU," ",246,82
"ROLAMENTO ALT.LADO MANCAL",0,3,VENCEU," ",225,75
"ROTOR P/ALTERNADOR 14V   150A",0,3,VENCEU," ",1560,520
"SENSOR DE NIVEL COMBUSTIVEL",0,3,VENCEU," ",306,102
"SOQUETE FAROL S/LAMPADA",0,3,VENCEU," ",87,29
"TENSOR DA CORREIA DO ALTERNADOR",0,3,VENCEU," ",876,292
"TERMINAL DE BATERIA",0,3,VENCEU," ",57,19
"SERVIÇO DE MÃO DE OBRA;",0,120,VENCEU," ",8880,74
"ALTERNADOR   (DR37A) 14V 120A",0,2,VENCEU," ",3696,1848
"ANEL DE AJUSTE ROLAMENTO",0,2,VENCEU," ",74,37
"BARRA DO LIMPADOR LE/LD",0,2,VENCEU," ",100,50
"BATERIA 60AH",0,2,VENCEU," ",650,325
"BOBINA DE CAMPO PARTIDA",0,2,VENCEU," ",444,222
"BOMBA DO LAVADOR PARABRISAS",0,2,VENCEU," ",236,118
"BRACO DO LIMPADOR LE/LD",0,2,VENCEU," ",218,109
"BUZINA  ESPECIFICA",0,2,VENCEU," ",284,142
"CHAVE MAGNETICA PARTIDA",0,2,VENCEU," ",488,244
"CHAVE SETA S/LIMP.TRASEIRO",0,2,VENCEU," ",954,477
"CHICOTE FAROL",0,2,VENCEU," ",166,83
"CIRCUITO DA LANTERNA TRASEIRA",0,2,VENCEU," ",228,114
"COMUTADOR DE IGNICAOC/TRAVA",0,2,VENCEU," ",714,357
"CONJUNTO RETIFICADOR.",0,2,VENCEU," ",310,155
CORREIA,0,2,VENCEU," ",136,68
"ESTATOR P/ALTERNADOR  14V 105A",0,2,VENCEU," ",736,368
"EXTINTOR P1 4 POLEGADAS (0,9KG) BARRIGUDO",0,2,VENCEU," ",240,120
"FAROL AUXILIAR",0,2,VENCEU," ",850,425
"FAROL PRINCIPAL H4 LD",0,2,VENCEU," ",1704,852
"FAROL PRINCIPAL H4 LE",0,2,VENCEU," ",1704,852
"GARFO DA PARTIDA",0,2,VENCEU," ",170,85
"IMPULSOR DE PARTIDA 9 DENTES",0,2,VENCEU," ",230,115
"INDUZIDO DA PARTIDA",0,2,VENCEU," ",1010,505
"INTERRUPTOR LUZ DE FREIO",0,2,VENCEU," ",124,62
"INTERRUPTOR PRESSAO DO OLEO",0,2,VENCEU," ",78,39
"KIT BUCHAS MOTOR DE PARTIDA",0,2,VENCEU," ",134,67
"LAMPADA 1 POLO GRANDE 12V",0,4,VENCEU," ",28,7
"LAMPADA  H16  12V   55W-IODO",0,4,VENCEU," ",284,71
"LAMPADA 1 POLO GRANDE 12V 21W AMBAR",0,4,VENCEU," ",84,21
"LAMPADA 1 POLO PEQUENA 12V 10W",0,4,VENCEU," ",28,7
"LAMPADA 2 POLOS PINO DESENCONTRADO 12V",0,4,VENCEU," ",28,7
"LAMPADA H11  12V   55W-IODO",0,4,VENCEU," ",512,128
"LANTERNA PISCA DIANTEIRA",0,2,VENCEU," ",236,118
"LANTERNA TRASEIRA COMPLETA",0,2,VENCEU," ",736,368
"MANCAL DA PARTIDA DIANTEIRO",0,2,VENCEU," ",244,122
"MANCAL DO ALTERNADOR DIANTEIRO",0,2,VENCEU," ",188,94
"MANCAL DO ALTERNADOR TRASEIRO",0,2,VENCEU," ",252,126
"MANIVELA DO LIMPADOR",0,2,VENCEU," ",96,48
"MAQ.VIDRO ELETRICO DUCATO LD/LE2",0,2,VENCEU," ",36,18
"MOTOR DE PARTIDA    12V  (D7E16)",0,2,VENCEU," ",1832,916
"MOTOR DO VENTILADOR INTERNO",0,2,VENCEU," ",1348,674
"MOTOR LIMPADOR PARABRISAS",0,2,VENCEU," ",1418,709
"PALHETA LIMPADOR  ESPECIFICA",0,4,VENCEU," ",504,126
"PARAFUSO  FIXACAO ALTERNADOR",0,2,VENCEU," ",28,14
"PLANETARIA DA PARTIDA",0,2,VENCEU," ",444,222
"POLIA DA CORREIA ALTERNADOR",0,2,VENCEU," ",368,184
"POLIA RODA LIVRE",0,2,VENCEU," ",466,233
"PORTA ESCOVA DA PARTIDA",0,2,VENCEU," ",180,90
"REGULADOR DE VOLTAGEM",0,2,VENCEU," ",484,242
"REPARO ALETERNADOR   12V",0,2,VENCEU," ",176,88
"REPARO MOTOR DE PARTIDA",0,2,VENCEU," ",122,61
"ROLAMENTO ALT.INTERMEDIARIO",0,2,VENCEU," ",126,63
"ROLAMENTO ALT.LADO MANCAL",0,2,VENCEU," ",116,58
"ROTOR P/ALTERNADOR 14V   150A",0,2,VENCEU," ",1040,520
"SENSOR DE NIVEL COMBUSTIVEL",0,2,VENCEU," ",204,102
"SOQUETE FAROL S/LAMPADA",0,2,VENCEU," ",58,29
"TENSOR DA CORREIA DO ALTERNADOR",0,2,VENCEU," ",584,292
"TERMINAL DE BATERIA",0,2,VENCEU," ",38,19
"SERVIÇO DE MÃO DE OBRA;",0,80,VENCEU," ",5920,74
"ALTERNADOR   (DR37A) 14V 120A",0,2,VENCEU," ",3694,1847
"ANEL DE AJUSTE ROLAMENTO",0,2,VENCEU," ",74,37
"BARRA DO LIMPADOR LE/LD",0,2,VENCEU," ",100,50
"BATERIA 60AH",0,2,VENCEU," ",648,324
"BOBINA DE CAMPO PARTIDA",0,2,VENCEU," ",444,222
"BOMBA DO LAVADOR PARABRISAS",0,2,VENCEU," ",236,118
"BRACO DO LIMPADOR LE/LD",0,2,VENCEU," ",218,109
"BUZINA  ESPECIFICA",0,2,VENCEU," ",284,142
"CHAVE MAGNETICA PARTIDA",0,2,VENCEU," ",488,244
"CHAVE SETA S/LIMP.TRASEIRO",0,2,VENCEU," ",954,477
"CHICOTE FAROL",0,2,VENCEU," ",166,83
"CIRCUITO DA LANTERNA TRASEIRA",0,2,VENCEU," ",228,114
"COMUTADOR DE IGNICAOC/TRAVA",0,2,VENCEU," ",714,357
"CONJUNTO RETIFICADOR.",0,2,VENCEU," ",310,155
CORREIA,0,2,VENCEU," ",136,68
"ESTATOR P/ALTERNADOR  14V 105A",0,2,VENCEU," ",736,368
"EXTINTOR P1 4 POLEGADAS (0,9KG) BARRIGUDO",0,2,VENCEU," ",240,120
"FAROL AUXILIAR",0,2,VENCEU," ",850,425
"FAROL PRINCIPAL H4 LD",0,2,VENCEU," ",1704,852
"FAROL PRINCIPAL H4 LE",0,2,VENCEU," ",1704,852
"GARFO DA PARTIDA",0,2,VENCEU," ",170,85
"IMPULSOR DE PARTIDA 9 DENTES",0,2,VENCEU," ",230,115
"INDUZIDO DA PARTIDA",0,2,VENCEU," ",1010,505
"INTERRUPTOR LUZ DE FREIO",0,2,VENCEU," ",124,62
"INTERRUPTOR PRESSAO DO OLEO",0,2,VENCEU," ",78,39
"KIT BUCHAS MOTOR DE PARTIDA",0,2,VENCEU," ",134,67
"LAMPADA 1 POLO GRANDE 12V",0,4,VENCEU," ",28,7
"LAMPADA  H16  12V   55W-IODO",0,4,VENCEU," ",284,71
"LAMPADA 1 POLO GRANDE 12V 21W AMBAR",0,4,VENCEU," ",84,21
"LAMPADA 1 POLO PEQUENA 12V 10W",0,4,VENCEU," ",28,7
"LAMPADA 2 POLOS PINO DESENCONTRADO 12V",0,4,VENCEU," ",28,7
"LAMPADA H11  12V   55W-IODO",0,4,VENCEU," ",512,128
"LANTERNA PISCA DIANTEIRA",0,2,VENCEU," ",236,118
"LANTERNA TRASEIRA COMPLETA",0,2,VENCEU," ",736,368
"MANCAL DA PARTIDA DIANTEIRO",0,2,VENCEU," ",244,122
"MANCAL DO ALTERNADOR DIANTEIRO",0,2,VENCEU," ",188,94
"MANCAL DO ALTERNADOR TRASEIRO",0,2,VENCEU," ",252,126
"MANIVELA DO LIMPADOR",0,2,VENCEU," ",94,47
"MAQ.VIDRO ELETRICO DUCATO LD/LE",0,2,VENCEU," ",436,218
"MOTOR DE PARTIDA    12V  (D7E16)",0,2,VENCEU," ",1830,915
"MOTOR DO VENTILADOR INTERNO",0,2,VENCEU," ",1348,674
"MOTOR LIMPADOR PARABRISAS",0,2,VENCEU," ",1418,709
"PALHETA LIMPADOR  ESPECIFICA",0,4,VENCEU," ",504,126
"PARAFUSO  FIXACAO ALTERNADOR",0,2,VENCEU," ",28,14
"PLANETARIA DA PARTIDA",0,2,VENCEU," ",444,222
"POLIA DA CORREIA ALTERNADOR",0,2,VENCEU," ",368,184
"POLIA RODA LIVRE",0,2,VENCEU," ",466,233
"PORTA ESCOVA DA PARTIDA",0,2,VENCEU," ",180,90
"REGULADOR DE VOLTAGEM",0,2,VENCEU," ",484,242
"REPARO ALETERNADOR   12V",0,2,VENCEU," ",176,88
"REPARO MOTOR DE PARTIDA",0,2,VENCEU," ",122,61
"ROLAMENTO ALT.INTERMEDIARIO",0,2,VENCEU," ",126,63
"ROLAMENTO ALT.LADO MANCAL",0,2,VENCEU," ",116,58
"ROTOR P/ALTERNADOR 14V   150A",0,2,VENCEU," ",1040,520
"SENSOR DE NIVEL COMBUSTIVEL",0,2,VENCEU," ",204,102
"SOQUETE FAROL S/LAMPADA",0,2,VENCEU," ",58,29
"TENSOR DA CORREIA DO ALTERNADOR",0,2,VENCEU," ",584,292
"TERMINAL DE BATERIA",0,2,VENCEU," ",38,19
"SERVIÇO DE MÃO DE OBRA;",0,80,VENCEU," ",5920,74
"ALTERNADOR   (DR37A) 14V 120A",0,1,VENCEU," ",2347,2347
"ANEL DE AJUSTE ROLAMENTO",0,1,VENCEU," ",37,37
"BARRA DO LIMPADOR LE/LD",0,1,VENCEU," ",50,50
"BATERIA 60AH",0,1,VENCEU," ",324,324
"BOBINA DE CAMPO PARTIDA",0,1,VENCEU," ",289,289
"BOMBA DO LAVADOR PARABRISAS",0,1,VENCEU," ",118,118
"BRACO DO LIMPADOR LE/LD",0,1,VENCEU," ",109,109
"BUZINA  ESPECIFICA",0,1,VENCEU," ",142,142
"CHAVE MAGNETICA PARTIDA",0,1,VENCEU," ",476,476
"CHAVE SETA S/LIMP.TRASEIRO",0,1,VENCEU," ",477,477
"CHICOTE FAROL",0,1,VENCEU," ",83,83
"CIRCUITO DA LANTERNA TRASEIRA",0,1,VENCEU," ",114,114
"COMUTADOR DE IGNICAOC/TRAVA",0,1,VENCEU," ",357,357
"CONJUNTO RETIFICADOR.",0,1,VENCEU," ",348,348
CORREIA,0,1,VENCEU," ",285,285
"ESTATOR P/ALTERNADOR  14V 105A",0,1,VENCEU," ",368,368
"EXTINTOR P1 4 POLEGADAS (0,9KG) BARRIGUDO",0,1,VENCEU," ",120,120
"FAROL AUXILIAR",0,1,VENCEU," ",425,425
"FAROL PRINCIPAL H4 LD",0,1,VENCEU," ",852,852
"FAROL PRINCIPAL H4 LE",0,1,VENCEU," ",852,852
"GARFO DA PARTIDA",0,1,VENCEU," ",65,65
"IMPULSOR DE PARTIDA 9 DENTES",0,1,VENCEU," ",226,226
"INDUZIDO DA PARTIDA",0,1,VENCEU," ",505,505
"INTERRUPTOR LUZ DE FREIO",0,1,VENCEU," ",53,53
"INTERRUPTOR PRESSAO DO OLEO",0,1,VENCEU," ",30,30
"INTERRUPTOR TEMPERTURA AGUA",0,1,VENCEU," ",108,108
"KIT BUCHAS MOTOR DE PARTIDA",0,1,VENCEU," ",67,67
"LAMPADA 1 POLO GRANDE 12V",0,2,VENCEU," ",14,7
"LAMPADA  H16  12V   55W-IODO",0,2,VENCEU," ",142,71
"LAMPADA 1 POLO GRANDE 12V 21W AMBAR",0,2,VENCEU," ",42,21
"LAMPADA 1 POLO PEQUENA 12V 10W",0,2,VENCEU," ",14,7
"LAMPADA 2 POLOS PINO DESENCONTRADO 12V",0,2,VENCEU," ",14,7
"LAMPADA H11  12V   55W-IODO",0,2,VENCEU," ",276,138
"LANTERNA PISCA DIANTEIRA",0,1,VENCEU," ",118,118
"LANTERNA TRASEIRA COMPLETA",0,1,VENCEU," ",368,368
"MANCAL DA PARTIDA DIANTEIRO",0,1,VENCEU," ",94,94
"MANCAL DO ALTERNADOR DIANTEIRO",0,1,VENCEU," ",94,94
"MANCAL DO ALTERNADOR TRASEIRO",0,1,VENCEU," ",126,126
"MANIVELA DO LIMPADOR",0,1,VENCEU," ",48,48
"MAQ.VIDRO ELETRICO DUCATO LD/LE",0,1,VENCEU," ",218,218
"MOTOR DE PARTIDA  12V 2,5KW (9DENTES)",0,1,VENCEU," ",1715,1715
"MOTOR DO VENTILADOR INTERNO",0,1,VENCEU," ",479,479
"MOTOR LIMPADOR PARABRISAS",0,1,VENCEU," ",709,709
"PALHETA LIMPADOR DIANTEIRA",0,2,VENCEU," ",252,126
"PARAFUSO  FIXACAO ALTERNADOR",0,1,VENCEU," ",18,18
"PLANETARIA DA PARTIDA",0,1,VENCEU," ",351,351
"POLIA DA CORREIA ALTERNADOR",0,1,VENCEU," ",223,223
"POLIA RODA LIVRE",0,1,VENCEU," ",233,233
"PORTA ESCOVA DA PARTIDA",0,1,VENCEU," ",129,129
"REGULADOR DE VOLTAGEM",0,1,VENCEU," ",385,385
"REPARO ALETERNADOR   12V",0,1,VENCEU," ",88,88
"REPARO MOTOR DE PARTIDA",0,1,VENCEU," ",61,61
"ROLAMENTO ALT.INTERMEDIARIO",0,1,VENCEU," ",63,63
"ROLAMENTO ALT.LADO MANCAL",0,1,VENCEU," ",58,58
"ROTOR P/ALTERNADOR 14V   150A",0,1,VENCEU," ",520,520
"SENSOR DE NIVEL COMBUSTIVEL",0,1,VENCEU," ",102,102
"SOQUETE FAROL S/LAMPADA",0,1,VENCEU," ",29,29
"TENSOR DA CORREIA DO ALTERNADOR",0,1,VENCEU," ",292,292
"TERMINAL DE BATERIA",0,1,VENCEU," ",19,19
"SERVIÇO DE MÃO DE OBRA;",0,40,VENCEU," ",2960,74
"ALTERNADOR   (DR37A) 14V 120A",0,4,VENCEU," ",9392,2348
"ANEL DE AJUSTE ROLAMENTO",0,4,VENCEU," ",148,37
"BARRA DO LIMPADOR LE/LD",0,4,VENCEU," ",200,50
"BATERIA 60AH",0,4,VENCEU," ",1296,324
"BOBINA DE CAMPO PARTIDA",0,4,VENCEU," ",1156,289
"BOMBA DO LAVADOR PARABRISAS",0,4,VENCEU," ",472,118
"BRACO DO LIMPADOR LE/LD",0,4,VENCEU," ",436,109
"BUZINA  ESPECIFICA",0,4,VENCEU," ",568,142
"CHAVE MAGNETICA PARTIDA",0,4,VENCEU," ",1904,476
"CHAVE SETA S/LIMP.TRASEIRO",0,4,VENCEU," ",1908,477
"CHICOTE FAROL",0,4,VENCEU," ",332,83
"CIRCUITO DA LANTERNA TRASEIRA",0,4,VENCEU," ",456,114
"COMUTADOR DE IGNICAOC/TRAVA",0,4,VENCEU," ",1428,357
"CONJUNTO RETIFICADOR.",0,4,VENCEU," ",1392,348
CORREIA,0,4,VENCEU," ",1140,285
"ESTATOR P/ALTERNADOR  14V 105A",0,4,VENCEU," ",1472,368
"EXTINTOR P1 4 POLEGADAS (0,9KG) BARRIGUDO",0,4,VENCEU," ",480,120
"FAROL AUXILIAR",0,4,VENCEU," ",1700,425
"FAROL PRINCIPAL H4 LD",0,4,VENCEU," ",3408,852
"FAROL PRINCIPAL H4 LE",0,4,VENCEU," ",3408,852
"GARFO DA PARTIDA",0,4,VENCEU," ",260,65
"IMPULSOR DE PARTIDA 9 DENTES",0,4,VENCEU," ",904,226
"INDUZIDO DA PARTIDA",0,4,VENCEU," ",2020,505
"INTERRUPTOR LUZ DE FREIO",0,4,VENCEU," ",212,53
"INTERRUPTOR PRESSAO DO OLEO",0,4,VENCEU," ",120,30
"INTERRUPTOR TEMPERTURA AGUA",0,4,VENCEU," ",432,108
"KIT BUCHAS MOTOR DE PARTIDA",0,4,VENCEU," ",268,67
"LAMPADA 1 POLO GRANDE 12V",0,8,VENCEU," ",56,7
"LAMPADA  H16  12V   55W-IODO",0,8,VENCEU," ",568,71
"LAMPADA 1 POLO GRANDE 12V 21W AMBAR",0,8,VENCEU," ",168,21
"LAMPADA 1 POLO PEQUENA 12V 10W",0,8,VENCEU," ",56,7
"LAMPADA 2 POLOS PINO DESENCONTRADO 12V",0,8,VENCEU," ",56,7
"LAMPADA H11  12V   55W-IODO",0,8,VENCEU," ",1104,138
"LANTERNA PISCA DIANTEIRA",0,4,VENCEU," ",472,118
"LANTERNA TRASEIRA COMPLETA",0,4,VENCEU," ",1472,368
"MANCAL DA PARTIDA DIANTEIRO",0,4,VENCEU," ",376,94
"MANCAL DO ALTERNADOR DIANTEIRO",0,4,VENCEU," ",376,94
"MANCAL DO ALTERNADOR TRASEIRO",0,4,VENCEU," ",504,126
"MANIVELA DO LIMPADOR",0,4,VENCEU," ",192,48
"MAQ.VIDRO ELETRICO DUCATO LD/LE",0,4,VENCEU," ",872,218
"MOTOR DE PARTIDA  12V 2,5KW (9DENTES)",0,4,VENCEU," ",6860,1715
"MOTOR DO VENTILADOR INTERNO",0,4,VENCEU," ",1916,479
"MOTOR LIMPADOR PARABRISAS",0,4,VENCEU," ",2836,709
"PALHETA LIMPADOR  ESPECIFICA",0,8,VENCEU," ",1008,126
"PARAFUSO  FIXACAO ALTERNADOR",0,4,VENCEU," ",72,18
"PLANETARIA DA PARTIDA",0,4,VENCEU," ",1404,351
"POLIA DA CORREIA ALTERNADOR",0,4,VENCEU," ",892,223
"POLIA RODA LIVRE",0,4,VENCEU," ",932,233
"PORTA ESCOVA DA PARTIDA",0,4,VENCEU," ",516,129
"REGULADOR DE VOLTAGEM",0,4,VENCEU," ",1540,385
"REPARO ALETERNADOR   12V",0,4,VENCEU," ",352,88
"REPARO MOTOR DE PARTIDA",0,4,VENCEU," ",244,61
"ROLAMENTO ALT.INTERMEDIARIO",0,4,VENCEU," ",252,63
"ROLAMENTO ALT.LADO MANCAL",0,4,VENCEU," ",232,58
"ROTOR P/ALTERNADOR 14V   150A",0,4,VENCEU," ",2080,520
"SENSOR DE NIVEL COMBUSTIVEL",0,4,VENCEU," ",408,102
"SOQUETE FAROL S/LAMPADA",0,4,VENCEU," ",116,29
"TENSOR DA CORREIA DO ALTERNADOR",0,4,VENCEU," ",1168,292
"TERMINAL DE BATERIA",0,4,VENCEU," ",76,19
"SERVIÇO DE MÃO DE OBRA;",0,160,VENCEU," ",11840,74
"ALTERNADOR   (DR37A) 14V 120A",0,1,VENCEU," ",2347,2347
"ANEL DE AJUSTE ROLAMENTO",0,1,VENCEU," ",37,37
"BARRA DO LIMPADOR LE/LD",0,1,VENCEU," ",50,50
"BATERIA 60AH",0,1,VENCEU," ",325,325
"BOBINA DE CAMPO PARTIDA",0,1,VENCEU," ",289,289
"BOMBA DO LAVADOR PARABRISAS",0,1,VENCEU," ",118,118
"BRACO DO LIMPADOR LE/LD",0,1,VENCEU," ",109,109
"BUZINA  ESPECIFICA",0,1,VENCEU," ",142,142
"CHAVE MAGNETICA PARTIDA",0,1,VENCEU," ",476,476
"CHAVE SETA S/LIMP.TRASEIRO",0,1,VENCEU," ",477,477
"CHICOTE FAROL",0,1,VENCEU," ",83,83
"CIRCUITO DA LANTERNA TRASEIRA",0,1,VENCEU," ",114,114
"COMUTADOR DE IGNICAOC/TRAVA",0,1,VENCEU," ",357,357
"CONJUNTO RETIFICADOR.",0,1,VENCEU," ",348,348
CORREIA,0,1,VENCEU," ",285,285
"ESTATOR P/ALTERNADOR  14V 105A",0,1,VENCEU," ",368,368
"EXTINTOR P1 4 POLEGADAS (0,9KG) BARRIGUDO",0,1,VENCEU," ",120,120
"FAROL AUXILIAR",0,1,VENCEU," ",425,425
"FAROL PRINCIPAL H4 LD",0,1,VENCEU," ",852,852
"FAROL PRINCIPAL H4 LE",0,1,VENCEU," ",852,852
"GARFO DA PARTIDA",0,1,VENCEU," ",65,65
"IMPULSOR DE PARTIDA 9 DENTES",0,1,VENCEU," ",226,226
"INDUZIDO DA PARTIDA",0,1,VENCEU," ",505,505
"INTERRUPTOR LUZ DE FREIO",0,1,VENCEU," ",53,53
"INTERRUPTOR PRESSAO DO OLEO",0,1,VENCEU," ",30,30
"INTERRUPTOR TEMPERTURA AGUA",0,1,VENCEU," ",108,108
"KIT BUCHAS MOTOR DE PARTIDA",0,1,VENCEU," ",67,67
"LAMPADA 1 POLO GRANDE 12V",0,2,VENCEU," ",14,7
"LAMPADA  H16  12V   55W-IODO",0,2,VENCEU," ",142,71
"LAMPADA 1 POLO GRANDE 12V 21W AMBAR",0,2,VENCEU," ",42,21
"LAMPADA 1 POLO PEQUENA 12V 10W",0,2,VENCEU," ",14,7
"LAMPADA 2 POLOS PINO DESENCONTRADO 12V",0,2,VENCEU," ",14,7
"LAMPADA H11  12V   55W-IODO",0,2,VENCEU," ",276,138
"LANTERNA PISCA DIANTEIRA",0,1,VENCEU," ",118,118
"LANTERNA TRASEIRA COMPLETA",0,1,VENCEU," ",368,368
"MANCAL DA PARTIDA DIANTEIRO",0,1,VENCEU," ",94,94
"MANCAL DO ALTERNADOR DIANTEIRO",0,1,VENCEU," ",94,94
"MANCAL DO ALTERNADOR TRASEIRO",0,1,VENCEU," ",126,126
"MANIVELA DO LIMPADOR",0,1,VENCEU," ",48,48
"MAQ.VIDRO ELETRICO DUCATO LD/LE",0,1,VENCEU," ",218,218
"MOTOR DE PARTIDA  12V 2,5KW (9DENTES)",0,1,VENCEU," ",1715,1715
"MOTOR DO VENTILADOR INTERNO",0,1,VENCEU," ",479,479
"MOTOR LIMPADOR PARABRISAS",0,1,VENCEU," ",709,709
"PALHETA LIMPADOR  ESPECIFICA",0,2,VENCEU," ",252,126
"PARAFUSO  FIXACAO ALTERNADOR",0,1,VENCEU," ",18,18
"PLANETARIA DA PARTIDA",0,1,VENCEU," ",351,351
"POLIA DA CORREIA ALTERNADOR",0,1,VENCEU," ",223,223
"POLIA RODA LIVRE",0,1,VENCEU," ",233,233
"PORTA ESCOVA DA PARTIDA",0,1,VENCEU," ",129,129
"REGULADOR DE VOLTAGEM",0,1,VENCEU," ",385,385
"REPARO ALETERNADOR   12V",0,1,VENCEU," ",88,88
"REPARO MOTOR DE PARTIDA",0,1,VENCEU," ",62,62
"ROLAMENTO ALT.INTERMEDIARIO",0,1,VENCEU," ",63,63
"ROLAMENTO ALT.LADO MANCAL",0,1,VENCEU," ",58,58
"ROTOR P/ALTERNADOR 14V   150A",0,1,VENCEU," ",520,520
"SENSOR DE NIVEL COMBUSTIVEL",0,1,VENCEU," ",102,102
"SOQUETE FAROL S/LAMPADA",0,1,VENCEU," ",29,29
"TENSOR DA CORREIA DO ALTERNADOR",0,1,VENCEU," ",292,292
"TERMINAL DE BATERIA",0,1,VENCEU," ",19,19
"SERVIÇO DE MÃO DE OBRA;",0,40,VENCEU," ",2960,74
"ALTERNADOR   (DR37A) 14V 120A",0,1,VENCEU," ",2347,2347
"ANEL DE AJUSTE ROLAMENTO",0,1,VENCEU," ",37,37
"BARRA DO LIMPADOR LE/LD",0,1,VENCEU," ",50,50
"BATERIA 60AH",0,1,VENCEU," ",325,325
"BOBINA DE CAMPO PARTIDA",0,1,VENCEU," ",289,289
"BOMBA DO LAVADOR PARABRISAS",0,1,VENCEU," ",118,118
"BRACO DO LIMPADOR LE/LD",0,1,VENCEU," ",109,109
"BUZINA  ESPECIFICA",0,1,VENCEU," ",142,142
"CHAVE MAGNETICA PARTIDA",0,1,VENCEU," ",476,476
"CHAVE SETA S/LIMP.TRASEIRO",0,1,VENCEU," ",477,477
"CHICOTE FAROL",0,1,VENCEU," ",83,83
"CIRCUITO DA LANTERNA TRASEIRA",0,1,VENCEU," ",114,114
"COMUTADOR DE IGNICAOC/TRAVA",0,1,VENCEU," ",357,357
"CONJUNTO RETIFICADOR.",0,1,VENCEU," ",348,348
CORREIA,0,1,VENCEU," ",285,285
"ESTATOR P/ALTERNADOR  14V 105A",0,1,VENCEU," ",368,368
"EXTINTOR P1 4 POLEGADAS (0,9KG) BARRIGUDO",0,1,VENCEU," ",120,120
"FAROL AUXILIAR",0,1,VENCEU," ",425,425
"FAROL PRINCIPAL H4 LD",0,1,VENCEU," ",853,853
"FAROL PRINCIPAL H4 LE",0,1,VENCEU," ",853,853
"GARFO DA PARTIDA",0,1,VENCEU," ",65,65
"IMPULSOR DE PARTIDA 9 DENTES",0,1,VENCEU," ",226,226
"INDUZIDO DA PARTIDA",0,1,VENCEU," ",505,505
"INTERRUPTOR LUZ DE FREIO",0,1,VENCEU," ",53,53
"INTERRUPTOR PRESSAO DO OLEO",0,1,VENCEU," ",30,30
"INTERRUPTOR TEMPERTURA AGUA",0,1,VENCEU," ",108,108
"KIT BUCHAS MOTOR DE PARTIDA",0,1,VENCEU," ",67,67
"LAMPADA 1 POLO GRANDE 12V",0,2,VENCEU," ",14,7
"LAMPADA  H16  12V   55W-IODO",0,2,VENCEU," ",142,71
"LAMPADA 1 POLO GRANDE 12V 21W AMBAR",0,2,VENCEU," ",42,21
"LAMPADA 1 POLO PEQUENA 12V 10W",0,2,VENCEU," ",14,7
"LAMPADA 2 POLOS PINO DESENCONTRADO 12V",0,2,VENCEU," ",14,7
"LAMPADA H11  12V   55W-IODO",0,2,VENCEU," ",276,138
"LANTERNA PISCA DIANTEIRA",0,1,VENCEU," ",118,118
"LANTERNA TRASEIRA COMPLETA",0,1,VENCEU," ",368,368
"MANCAL DA PARTIDA DIANTEIRO",0,1,VENCEU," ",94,94
"MANCAL DO ALTERNADOR DIANTEIRO",0,1,VENCEU," ",94,94
"MANCAL DO ALTERNADOR TRASEIRO",0,1,VENCEU," ",126,126
"MANIVELA DO LIMPADOR",0,1,VENCEU," ",48,48
"MAQ.VIDRO ELETRICO DUCATO LD/LE",0,1,VENCEU," ",218,218
"MOTOR DE PARTIDA  12V 2,5KW (9DENTES)",0,1,VENCEU," ",1715,1715
"MOTOR DO VENTILADOR INTERNO",0,1,VENCEU," ",479,479
"MOTOR LIMPADOR PARABRISAS",0,1,VENCEU," ",709,709
"PALHETA LIMPADOR DIANTEIRA",0,2,VENCEU," ",252,126
"PARAFUSO  FIXACAO ALTERNADOR",0,1,VENCEU," ",18,18
"PLANETARIA DA PARTIDA",0,1,VENCEU," ",351,351
"POLIA DA CORREIA ALTERNADOR",0,1,VENCEU," ",223,223
"POLIA RODA LIVRE",0,1,VENCEU," ",233,233
"PORTA ESCOVA DA PARTIDA",0,1,VENCEU," ",129,129
"REGULADOR DE VOLTAGEM",0,1,VENCEU," ",385,385
"REPARO ALETERNADOR   12V",0,1,VENCEU," ",88,88
"REPARO MOTOR DE PARTIDA",0,1,VENCEU," ",61,61
"ROLAMENTO ALT.INTERMEDIARIO",0,1,VENCEU," ",63,63
"ROLAMENTO ALT.LADO MANCAL",0,1,VENCEU," ",58,58
"ROTOR P/ALTERNADOR 14V   150A",0,1,VENCEU," ",520,520
"SENSOR DE NIVEL COMBUSTIVEL",0,1,VENCEU," ",102,102
"SOQUETE FAROL S/LAMPADA",0,1,VENCEU," ",29,29
"TENSOR DA CORREIA DO ALTERNADOR",0,1,VENCEU," ",292,292
"TERMINAL DE BATERIA",0,1,VENCEU," ",19,19
"SERVIÇO DE MÃO DE OBRA;",0,40,VENCEU," ",2960,74
"ALTERNADOR   (DR37A) 14V 120A",0,1,VENCEU," ",2347,2347
"ANEL DE AJUSTE ROLAMENTO",0,1,VENCEU," ",37,37
"BARRA DO LIMPADOR LE/LD",0,1,VENCEU," ",50,50
"BATERIA 60AH",0,1,VENCEU," ",324,324
"BOBINA DE CAMPO PARTIDA",0,1,VENCEU," ",222,222
"BOMBA DO LAVADOR PARABRISAS",0,1,VENCEU," ",118,118
"BRACO DO LIMPADOR LE/LD",0,1,VENCEU," ",109,109
"BUZINA  ESPECIFICA",0,1,VENCEU," ",142,142
"CHAVE MAGNETICA PARTIDA",0,1,VENCEU," ",476,476
"CHAVE SETA S/LIMP.TRASEIRO",0,1,VENCEU," ",477,477
"CHICOTE FAROL",0,1,VENCEU," ",83,83
"CIRCUITO DA LANTERNA TRASEIRA",0,1,VENCEU," ",114,114
"COMUTADOR DE IGNICAOC/TRAVA",0,1,VENCEU," ",357,357
"CONJUNTO RETIFICADOR.",0,1,VENCEU," ",348,348
CORREIA,0,1,VENCEU," ",285,285
"ESTATOR P/ALTERNADOR  14V 105A",0,1,VENCEU," ",368,368
"EXTINTOR P1 4 POLEGADAS (0,9KG) BARRIGUDO",0,1,VENCEU," ",120,120
"FAROL AUXILIAR",0,1,VENCEU," ",425,425
"FAROL PRINCIPAL H4 LD",0,1,VENCEU," ",852,852
"FAROL PRINCIPAL H4 LE",0,1,VENCEU," ",852,852
"GARFO DA PARTIDA",0,1,VENCEU," ",65,65
"IMPULSOR DE PARTIDA 9 DENTES",0,1,VENCEU," ",226,226
"INDUZIDO DA PARTIDA",0,1,VENCEU," ",505,505
"INTERRUPTOR LUZ DE FREIO",0,1,VENCEU," ",53,53
"INTERRUPTOR PRESSAO DO OLEO",0,1,VENCEU," ",30,30
"INTERRUPTOR TEMPERTURA AGUA",0,1,VENCEU," ",108,108
"KIT BUCHAS MOTOR DE PARTIDA",0,1,VENCEU," ",67,67
"LAMPADA 1 POLO GRANDE 12V",0,2,VENCEU," ",14,7
"LAMPADA  H16  12V   55W-IODO",0,2,VENCEU," ",140,70
"LAMPADA 1 POLO GRANDE 12V 21W AMBAR",0,2,VENCEU," ",42,21
"LAMPADA 1 POLO PEQUENA 12V 10W",0,2,VENCEU," ",14,7
"LAMPADA 2 POLOS PINO DESENCONTRADO 12V",0,2,VENCEU," ",14,7
"LAMPADA H11  12V   55W-IODO",0,2,VENCEU," ",276,138
"LANTERNA PISCA DIANTEIRA",0,1,VENCEU," ",118,118
"LANTERNA TRASEIRA COMPLETA",0,1,VENCEU," ",368,368
"MANCAL DA PARTIDA DIANTEIRO",0,1,VENCEU," ",94,94
"MANCAL DO ALTERNADOR DIANTEIRO",0,1,VENCEU," ",94,94
"MANCAL DO ALTERNADOR TRASEIRO",0,1,VENCEU," ",126,126
"MANIVELA DO LIMPADOR",0,1,VENCEU," ",48,48
"MAQ.VIDRO ELETRICO DUCATO LD/LE",0,1,VENCEU," ",167,167
"MOTOR DE PARTIDA  12V 2,5KW (9DENTES)",0,1,VENCEU," ",1715,1715
"MOTOR DO VENTILADOR INTERNO",0,1,VENCEU," ",479,479
"MOTOR LIMPADOR PARABRISAS",0,1,VENCEU," ",709,709
"PALHETA LIMPADOR  ESPECIFICA",0,2,VENCEU," ",252,126
"PARAFUSO  FIXACAO ALTERNADOR",0,1,VENCEU," ",18,18
"PLANETARIA DA PARTIDA",0,1,VENCEU," ",351,351
"POLIA DA CORREIA ALTERNADOR",0,1,VENCEU," ",223,223
"POLIA RODA LIVRE",0,1,VENCEU," ",233,233
"PORTA ESCOVA DA PARTIDA",0,1,VENCEU," ",129,129
"REGULADOR DE VOLTAGEM",0,1,VENCEU," ",385,385
"REPARO ALETERNADOR   12V",0,1,VENCEU," ",88,88
"REPARO MOTOR DE PARTIDA",0,1,VENCEU," ",61,61
"ROLAMENTO ALT.INTERMEDIARIO",0,1,VENCEU," ",63,63
"ROLAMENTO ALT.LADO MANCAL",0,1,VENCEU," ",58,58
"ROTOR P/ALTERNADOR 14V   150A",0,1,VENCEU," ",520,520
"SENSOR DE NIVEL COMBUSTIVEL",0,1,VENCEU," ",102,102
"SOQUETE FAROL S/LAMPADA",0,1,VENCEU," ",29,29
"TENSOR DA CORREIA DO ALTERNADOR",0,1,VENCEU," ",292,292
"TERMINAL DE BATERIA",0,1,VENCEU," ",19,19
"SERVIÇO DE MÃO DE OBRA;",0,40,VENCEU," ",2960,74
"ALTERNADOR   KBC1 14V  50=>90A",0,1,VENCEU," ",1980,1980
"ANEL DE AJUSTE ROLAMENTO",0,1,VENCEU," ",37,37
"BARRA DO LIMPADOR LE/LD",0,1,VENCEU," ",68,68
"BATERIA   60AH  (CCA450) 13,50KG",0,1,VENCEU," ",591,591
"COMUTADOR DE IGNICAOC/TRAVA",0,1,VENCEU," ",357,357
"BOBINA DE CAMPO PARTIDA",0,1,VENCEU," ",222,222
"BRACO DO LIMPADOR LE/LD",0,1,VENCEU," ",86,86
"BUZINA UNIVERSAL",0,1,VENCEU," ",88,88
"CHAVE MAGNETICA PARTIDA",0,1,VENCEU," ",244,244
"CHAVE SETA S/LIMP.TRASEIRO",0,1,VENCEU," ",477,477
"CHICOTE FAROL",0,1,VENCEU," ",83,83
"CIRCUITO DA LANTERNA TRASEIRA",0,1,VENCEU," ",114,114
"CONJUNTO RETIFICADOR.",0,1,VENCEU," ",202,202
CORREIA,0,1,VENCEU," ",70,70
"ESTATOR P/ALTERNADOR  14V 105A",0,1,VENCEU," ",368,368
"EXTINTOR P1 4 POLEGADAS (0,9KG) BARRIGUDO",0,1,VENCEU," ",120,120
"FAROL AUXILIAR",0,1,VENCEU," ",382,382
"FAROL PRINCIPAL H4 LD",0,1,VENCEU," ",683,683
"FAROL PRINCIPAL H4 LE",0,1,VENCEU," ",683,683
"GARFO DA PARTIDA",0,1,VENCEU," ",65,65
"IMPULSOR DE PARTIDA 9 DENTES",0,1,VENCEU," ",274,274
"INDUZIDO DA PARTIDA",0,1,VENCEU," ",486,486
"INTERRUPTOR LUZ DE FREIO",0,1,VENCEU," ",48,48
"INTERRUPTOR PRESSAO DO OLEO",0,1,VENCEU," ",30,30
"KIT BUCHAS MOTOR DE PARTIDA",0,1,VENCEU," ",67,67
"LAMPADA 1 POLO GRANDE 12V",0,2,VENCEU," ",14,7
"LAMPADA  H3 12V   55W-IODO",0,2,VENCEU," ",102,51
"LAMPADA 1 POLO GRANDE 12V 21W AMBAR",0,2,VENCEU," ",42,21
"LAMPADA 1 POLO PEQUENA 12V 10W",0,2,VENCEU," ",14,7
"LAMPADA 2 POLOS PINO DESENCONTRADO 12V",0,2,VENCEU," ",14,7
"LAMPADA H4 12V   55W-IODO",0,2,VENCEU," ",102,51
"LANTERNA PISCA DIANTEIRA",0,1,VENCEU," ",138,138
"LANTERNA TRASEIRA COMPLETA",0,1,VENCEU," ",368,368
"MANCAL DA PARTIDA DIANTEIRO",0,1,VENCEU," ",126,126
"MANCAL DO ALTERNADOR DIANTEIRO",0,1,VENCEU," ",94,94
"MANCAL DO ALTERNADOR TRASEIRO",0,1,VENCEU," ",126,126
"MANIVELA DO LIMPADOR",0,1,VENCEU," ",61,61
"MAQ.VIDRO ELETRICO DUCATO LD/LE",0,1,VENCEU," ",167,167
"MOTOR DE PARTIDA   12V  1.20KW",0,1,VENCEU," ",2622,2622
"MOTOR DO VENTILADOR INTERNO",0,1,VENCEU," ",497,497
"MOTOR LIMPADOR PARABRISAS",0,1,VENCEU," ",668,668
"PALHETA LIMPADOR  ESPECIFICA",0,2,VENCEU," ",364,182
"PARAFUSO  FIXACAO ALTERNADOR",0,1,VENCEU," ",18,18
"PLANETARIA DA PARTIDA",0,1,VENCEU," ",249,249
"POLIA DA CORREIA ALTERNADOR",0,1,VENCEU," ",110,110
"POLIA RODA LIVRE",0,1,VENCEU," ",86,86
"PORTA ESCOVA DA PARTIDA",0,1,VENCEU," ",111,111
"REGULADOR DE VOLTAGEM",0,1,VENCEU," ",139,139
"REPARO ALETERNADOR   12V",0,1,VENCEU," ",88,88
"REPARO MOTOR DE PARTIDA",0,1,VENCEU," ",61,61
"ROLAMENTO ALT.INTERMEDIARIO",0,1,VENCEU," ",63,63
"ROLAMENTO ALT.LADO MANCAL",0,1,VENCEU," ",58,58
"ROTOR P/ALTERNADOR 14V   150A",0,1,VENCEU," ",675,675
"SENSOR DE NIVEL COMBUSTIVEL",0,1,VENCEU," ",102,102
"SOQUETE FAROL S/LAMPADA",0,1,VENCEU," ",29,29
"TENSOR DA CORREIA DO ALTERNADOR",0,1,VENCEU," ",210,210
"TERMINAL DE BATERIA",0,1,VENCEU," ",19,19
"SERVIÇO DE MÃO DE OBRA;",0,40,VENCEU," ",2960,74
"ALTERNADOR   KBC1 14V  50=>90A",0,1,VENCEU," ",1980,1980
"ANEL DE AJUSTE ROLAMENTO",0,1,VENCEU," ",37,37
"BARRA DO LIMPADOR LE/LD",0,1,VENCEU," ",68,68
"BATERIA   95AH  (CCA800) 23,50KG",0,1,VENCEU," ",1090,1090
"BOBINA DE CAMPO PARTIDA",0,1,VENCEU," ",222,222
"BRACO DO LIMPADOR LE/LD",0,1,VENCEU," ",86,86
"BUZINA UNIVERSAL",0,1,VENCEU," ",88,88
"CHAVE MAGNETICA PARTIDA",0,1,VENCEU," ",244,244
"CHAVE SETA S/LIMP.TRASEIRO",0,1,VENCEU," ",477,477
"CHICOTE FAROL",0,1,VENCEU," ",83,83
"CIRCUITO DA LANTERNA TRASEIRA",0,1,VENCEU," ",114,114
"COMUTADOR DE IGNICAOC/TRAVA",0,1,VENCEU," ",357,357
"CONJUNTO RETIFICADOR.",0,1,VENCEU," ",156,156
CORREIA,0,1,VENCEU," ",70,70
"ESTATOR P/ALTERNADOR  14V 105A",0,1,VENCEU," ",368,368
"EXTINTOR P1 4 POLEGADAS (0,9KG) BARRIGUDO",0,1,VENCEU," ",120,120
"FAROL AUXILIAR",0,1,VENCEU," ",382,382
"FAROL PRINCIPAL H4 LD",0,1,VENCEU," ",683,683
"FAROL PRINCIPAL H4 LE",0,1,VENCEU," ",683,683
"GARFO DA PARTIDA",0,1,VENCEU," ",65,65
"IMPULSOR DE PARTIDA 9 DENTES",0,1,VENCEU," ",274,274
"INDUZIDO DA PARTIDA",0,1,VENCEU," ",486,486
"INTERRUPTOR LUZ DE FREIO",0,1,VENCEU," ",48,48
"INTERRUPTOR PRESSAO DO OLEO",0,1,VENCEU," ",30,30
"KIT BUCHAS MOTOR DE PARTIDA",0,1,VENCEU," ",67,67
"LAMPADA 1 POLO GRANDE 12V",0,2,VENCEU," ",14,7
"LAMPADA  H3 12V   55W-IODO",0,2,VENCEU," ",102,51
"LAMPADA 1 POLO GRANDE 12V 21W AMBAR",0,2,VENCEU," ",42,21
"LAMPADA 1 POLO PEQUENA 12V 10W",0,2,VENCEU," ",14,7
"LAMPADA 2 POLOS PINO DESENCONTRADO 12V",0,2,VENCEU," ",14,7
"LAMPADA H4 12V   55W-IODO",0,2,VENCEU," ",102,51
"LANTERNA PISCA DIANTEIRA",0,1,VENCEU," ",138,138
"LANTERNA TRASEIRA COMPLETA",0,1,VENCEU," ",368,368
"MANCAL DA PARTIDA DIANTEIRO",0,1,VENCEU," ",127,127
"MANCAL DO ALTERNADOR DIANTEIRO",0,1,VENCEU," ",94,94
"MANCAL DO ALTERNADOR TRASEIRO",0,1,VENCEU," ",127,127
"MANIVELA DO LIMPADOR",0,1,VENCEU," ",61,61
"MAQ.VIDRO ELETRICO DUCATO LD/LE",0,1,VENCEU," ",167,167
"MOTOR DE PARTIDA   12V  1.20KW",0,1,VENCEU," ",3048,3048
"MOTOR DO VENTILADOR INTERNO",0,1,VENCEU," ",497,497
"MOTOR LIMPADOR PARABRISAS",0,1,VENCEU," ",668,668
"PALHETA LIMPADOR  ESPECIFICA",0,2,VENCEU," ",364,182
"PARAFUSO  FIXACAO ALTERNADOR",0,1,VENCEU," ",18,18
"PLANETARIA DA PARTIDA",0,1,VENCEU," ",191,191
"POLIA DA CORREIA ALTERNADOR",0,1,VENCEU," ",110,110
"POLIA RODA LIVRE",0,1,VENCEU," ",86,86
"PORTA ESCOVA DA PARTIDA",0,1,VENCEU," ",111,111
"REGULADOR DE VOLTAGEM",0,1,VENCEU," ",139,139
"REPARO ALETERNADOR   12V",0,1,VENCEU," ",88,88
"REPARO MOTOR DE PARTIDA",0,1,VENCEU," ",61,61
"ROLAMENTO ALT.INTERMEDIARIO",0,1,VENCEU," ",63,63
"ROLAMENTO ALT.LADO MANCAL",0,1,VENCEU," ",58,58
"ROTOR P/ALTERNADOR 14V   150A",0,1,VENCEU," ",675,675
"SENSOR DE NIVEL COMBUSTIVEL",0,1,VENCEU," ",102,102
"SOQUETE FAROL S/LAMPADA",0,1,VENCEU," ",29,29
"TENSOR DA CORREIA DO ALTERNADOR",0,1,VENCEU," ",210,210
"TERMINAL DE BATERIA",0,1,VENCEU," ",19,19
"SERVIÇO DE MÃO DE OBRA;",0,40,VENCEU," ",2960,74
"ALTERNADOR    14V  60A   KC",0,1,VENCEU," ",1564,1564
"ANEL DE AJUSTE ROLAMENTO",0,1,VENCEU," ",37,37
"BARRA DO LIMPADOR LE/LD",0,1,VENCEU," ",50,50
"BATERIA 60AH",0,1,VENCEU," ",324,324
"BOBINA DE CAMPO PARTIDA",0,1,VENCEU," ",186,186
"BRACO DO LIMPADOR LE/LD",0,1,VENCEU," ",86,86
"BUZINA UNIVERSAL",0,1,VENCEU," ",88,88
"CHAVE MAGNETICA PARTIDA",0,1,VENCEU," ",244,244
"CHAVE SETA S/LIMP.TRASEIRO",0,1,VENCEU," ",477,477
"CHICOTE FAROL",0,1,VENCEU," ",83,83
"CIRCUITO DA LANTERNA TRASEIRA",0,1,VENCEU," ",87,87
"COMUTADOR DE IGNICAOC/TRAVA",0,1,VENCEU," ",357,357
"CONJUNTO RETIFICADOR.",0,1,VENCEU," ",155,155
CORREIA,0,1,VENCEU," ",70,70
"ESTATOR P/ALTERNADOR  14V 105A",0,1,VENCEU," ",368,368
"EXTINTOR P1  4POLEGADAS  (0,9KG) BARRIGUDO",0,1,VENCEU," ",120,120
"FAROL AUXILIAR",0,1,VENCEU," ",382,382
"FAROL PRINCIPAL H4 LD",0,1,VENCEU," ",683,683
"FAROL PRINCIPAL H4 LE",0,1,VENCEU," ",683,683
"GARFO DA PARTIDA",0,1,VENCEU," ",65,65
"IMPULSOR DE PARTIDA 9 DENTES",0,1,VENCEU," ",220,220
"INDUZIDO DA PARTIDA",0,1,VENCEU," ",337,337
"INTERRUPTOR LUZ DE FREIO",0,1,VENCEU," ",48,48
"INTERRUPTOR PRESSAO DO OLEO",0,1,VENCEU," ",30,30
"KIT BUCHAS MOTOR DE PARTIDA",0,1,VENCEU," ",67,67
"LAMPADA 1 POLO GRANDE 12V",0,2,VENCEU," ",14,7
"LAMPADA  H3 12V   55W-IODO",0,2,VENCEU," ",102,51
"LAMPADA 1 POLO GRANDE 12V 21W AMBAR",0,2,VENCEU," ",42,21
"LAMPADA 1 POLO PEQUENA 12V 10W",0,2,VENCEU," ",14,7
"LAMPADA 2 POLOS PINO DESENCONTRADO 12V",0,2,VENCEU," ",14,7
"LAMPADA H4 12V   55W-IODO",0,2,VENCEU," ",102,51
"LANTERNA PISCA DIANTEIRA",0,1,VENCEU," ",138,138
"LANTERNA TRASEIRA COMPLETA",0,1,VENCEU," ",368,368
"MANCAL DA PARTIDA DIANTEIRO",0,1,VENCEU," ",126,126
"MANCAL DO ALTERNADOR DIANTEIRO",0,1,VENCEU," ",94,94
"MANCAL DO ALTERNADOR TRASEIRO",0,1,VENCEU," ",127,127
"MANIVELA DO LIMPADOR",0,1,VENCEU," ",48,48
"MAQ.VIDRO ELETRICO DUCATO LD/LE",0,1,VENCEU," ",167,167
"MOTOR DE PARTIDA DM (R) 12V 0.8KW",0,1,VENCEU," ",1235,1235
"MOTOR DO VENTILADOR INTERNO",0,1,VENCEU," ",497,497
"MOTOR LIMPADOR PARABRISAS",0,1,VENCEU," ",668,668
"PALHETA LIMPADOR DIANTEIRA",0,2,VENCEU," ",148,74
"PARAFUSO  FIXACAO ALTERNADOR",0,1,VENCEU," ",18,18
"PLANETARIA DA PARTIDA",0,1,VENCEU," ",140,140
"POLIA DA CORREIA ALTERNADOR",0,1,VENCEU," ",110,110
"POLIA RODA LIVRE",0,1,VENCEU," ",86,86
"PORTA ESCOVA DA PARTIDA",0,1,VENCEU," ",111,111
"REGULADOR DE VOLTAGEM",0,1,VENCEU," ",139,139
"REPARO ALETERNADOR   12V",0,1,VENCEU," ",88,88
"REPARO MOTOR DE PARTIDA",0,1,VENCEU," ",61,61
"ROLAMENTO ALT.INTERMEDIARIO",0,1,VENCEU," ",63,63
"ROLAMENTO ALT.LADO MANCAL",0,1,VENCEU," ",58,58
"ROTOR P/ALTERNADOR 14V   150A",0,1,VENCEU," ",675,675
"SENSOR DE NIVEL COMBUSTIVEL",0,1,VENCEU," ",102,102
"SOQUETE FAROL S/LAMPADA",0,1,VENCEU," ",29,29
"TENSOR DA CORREIA DO ALTERNADOR",0,1,VENCEU," ",120,120
"TERMINAL DE BATERIA",0,1,VENCEU," ",19,19
"SERVIÇO DE MÃO DE OBRA;",0,40,VENCEU," ",2960,74
"ALTERNADOR    14V  60A   KC",0,2,VENCEU," ",3128,1564
"ANEL DE AJUSTE ROLAMENTO",0,2,VENCEU," ",74,37
"BARRA DO LIMPADOR LE/LD",0,2,VENCEU," ",100,50
"BATERIA 60AH",0,2,VENCEU," ",648,324
"BOBINA DE CAMPO PARTIDA",0,2,VENCEU," ",372,186
"BRACO DO LIMPADOR LE/LD",0,2,VENCEU," ",172,86
"BUZINA UNIVERSAL",0,2,VENCEU," ",176,88
"CHAVE MAGNETICA PARTIDA",0,2,VENCEU," ",488,244
"CHAVE SETA S/LIMP.TRASEIRO",0,2,VENCEU," ",954,477
"CHICOTE FAROL",0,2,VENCEU," ",166,83
"CIRCUITO DA LANTERNA TRASEIRA",0,2,VENCEU," ",174,87
"COMUTADOR DE IGNICAOC/TRAVA",0,2,VENCEU," ",714,357
"CONJUNTO RETIFICADOR.",0,2,VENCEU," ",310,155
CORREIA,0,2,VENCEU," ",134,67
"ESTATOR P/ALTERNADOR  14V 105A",0,2,VENCEU," ",736,368
"EXTINTOR P1 4 POLEGADAS (0,9KG) BARRIGUDO",0,2,VENCEU," ",240,120
"FAROL AUXILIAR",0,2,VENCEU," ",764,382
"FAROL PRINCIPAL H4 LD",0,2,VENCEU," ",1366,683
"FAROL PRINCIPAL H4 LE",0,2,VENCEU," ",1366,683
"GARFO DA PARTIDA",0,2,VENCEU," ",130,65
"IMPULSOR DE PARTIDA 9 DENTES",0,2,VENCEU," ",440,220
"INDUZIDO DA PARTIDA",0,2,VENCEU," ",674,337
"INTERRUPTOR LUZ DE FREIO",0,2,VENCEU," ",96,48
"INTERRUPTOR PRESSAO DO OLEO",0,2,VENCEU," ",60,30
"KIT BUCHAS MOTOR DE PARTIDA",0,2,VENCEU," ",118,59
"LAMPADA 1 POLO GRANDE 12V",0,4,VENCEU," ",20,5
"LAMPADA  H3 12V   55W-IODO",0,4,VENCEU," ",148,37
"LAMPADA 1 POLO GRANDE 12V 21W AMBAR",0,4,VENCEU," ",64,16
"LAMPADA 1 POLO PEQUENA 12V 10W",0,4,VENCEU," ",28,7
"LAMPADA 2 POLOS PINO DESENCONTRADO 12V",0,4,VENCEU," ",28,7
"LAMPADA H4 12V   55W-IODO",0,4,VENCEU," ",204,51
"LANTERNA PISCA DIANTEIRA",0,2,VENCEU," ",236,118
"LANTERNA TRASEIRA COMPLETA",0,2,VENCEU," ",736,368
"MANCAL DA PARTIDA DIANTEIRO",0,2,VENCEU," ",252,126
"MANCAL DO ALTERNADOR DIANTEIRO",0,2,VENCEU," ",188,94
"MANCAL DO ALTERNADOR TRASEIRO",0,2,VENCEU," ",252,126
"MANIVELA DO LIMPADOR",0,2,VENCEU," ",96,48
"MAQ.VIDRO ELETRICO DUCATO LD/LE",0,2,VENCEU," ",334,167
"MOTOR DE PARTIDA DM (R) 12V 0.8KW",0,2,VENCEU," ",2470,1235
"MOTOR DO VENTILADOR INTERNO",0,2,VENCEU," ",994,497
"MOTOR LIMPADOR PARABRISAS",0,2,VENCEU," ",1336,668
"PALHETA LIMPADOR DIANTEIRA",0,4,VENCEU," ",296,74
"PARAFUSO  FIXACAO ALTERNADOR",0,2,VENCEU," ",36,18
"PLANETARIA DA PARTIDA",0,2,VENCEU," ",280,140
"POLIA DA CORREIA ALTERNADOR",0,2,VENCEU," ",220,110
"POLIA RODA LIVRE",0,2,VENCEU," ",172,86
"PORTA ESCOVA DA PARTIDA",0,2,VENCEU," ",222,111
"REGULADOR DE VOLTAGEM",0,2,VENCEU," ",278,139
"REPARO ALETERNADOR   12V",0,2,VENCEU," ",176,88
"REPARO MOTOR DE PARTIDA",0,2,VENCEU," ",122,61
"ROLAMENTO ALT.INTERMEDIARIO",0,2,VENCEU," ",126,63
"ROLAMENTO ALT.LADO MANCAL",0,2,VENCEU," ",116,58
"ROTOR P/ALTERNADOR 14V   150A",0,2,VENCEU," ",1350,675
"SENSOR DE NIVEL COMBUSTIVEL",0,2,VENCEU," ",204,102
"SOQUETE FAROL S/LAMPADA",0,2,VENCEU," ",58,29
"TENSOR DA CORREIA DO ALTERNADOR",0,2,VENCEU," ",420,210
"TERMINAL DE BATERIA",0,2,VENCEU," ",38,19
"SERVIÇO DE MÃO DE OBRA;",0,80,VENCEU," ",5920,74
"ALTERNADOR    14V  60A   KC",0,11,VENCEU," ",17204,1564
"ANEL DE AJUSTE ROLAMENTO",0,11,VENCEU," ",407,37
"BARRA DO LIMPADOR LE/LD",0,11,VENCEU," ",418,38
"BATERIA 60AH",0,11,VENCEU," ",3564,324
"BOBINA DE CAMPO PARTIDA",0,11,VENCEU," ",2046,186
"BRACO DO LIMPADOR LE/LD",0,11,VENCEU," ",946,86
"BUZINA UNIVERSAL",0,11,VENCEU," ",968,88
"CHAVE MAGNETICA PARTIDA",0,11,VENCEU," ",2684,244
"CHAVE SETA S/LIMP.TRASEIRO",0,11,VENCEU," ",5247,477
"CHICOTE FAROL",0,11,VENCEU," ",913,83
"CIRCUITO DA LANTERNA TRASEIRA",0,11,VENCEU," ",957,87
"COMUTADOR DE IGNICAOC/TRAVA",0,11,VENCEU," ",3927,357
"CONJUNTO RETIFICADOR.",0,11,VENCEU," ",1705,155
CORREIA,0,11,VENCEU," ",737,67
"ESTATOR P/ALTERNADOR  14V 105A",0,11,VENCEU," ",4048,368
"EXTINTOR P1 4 POLEGADAS (0,9KG) BARRIGUDO",0,11,VENCEU," ",1320,120
"FAROL AUXILIAR",0,11,VENCEU," ",4202,382
"FAROL PRINCIPAL H4 LD",0,11,VENCEU," ",7513,683
"FAROL PRINCIPAL H4 LE",0,11,VENCEU," ",7513,683
"GARFO DA PARTIDA",0,11,VENCEU," ",715,65
"IMPULSOR DE PARTIDA 9 DENTES",0,11,VENCEU," ",2420,220
"INDUZIDO DA PARTIDA",0,11,VENCEU," ",3707,337
"INTERRUPTOR LUZ DE FREIO",0,11,VENCEU," ",528,48
"INTERRUPTOR PRESSAO DO OLEO",0,11,VENCEU," ",330,30
"KIT BUCHAS MOTOR DE PARTIDA",0,11,VENCEU," ",649,59
"LAMPADA  H3 12V   55W-IODO",0,22,VENCEU," ",1122,51
"LAMPADA 1 POLO GRANDE 12V 21W AMBAR",0,22,VENCEU," ",352,16
"LAMPADA 1 POLO PEQUENA 12V 10W",0,22,VENCEU," ",154,7
"LAMPADA 2 POLOS PINO DESENCONTRADO 12V",0,22,VENCEU," ",154,7
"LAMPADA H4 12V   55W-IODO",0,22,VENCEU," ",1122,51
"LANTERNA PISCA DIANTEIRA",0,11,VENCEU," ",1298,118
"LANTERNA TRASEIRA COMPLETA",0,11,VENCEU," ",4048,368
"MANCAL DA PARTIDA DIANTEIRO",0,11,VENCEU," ",1386,126
"MANCAL DO ALTERNADOR DIANTEIRO",0,11,VENCEU," ",1034,94
"MANCAL DO ALTERNADOR TRASEIRO",0,11,VENCEU," ",1386,126
"MANIVELA DO LIMPADOR",0,11,VENCEU," ",528,48
"MAQ.VIDRO ELETRICO DUCATO LD/LE",0,11,VENCEU," ",1837,167
"MOTOR DE PARTIDA  12V 0,9K W",0,11,VENCEU," ",13585,1235
"MOTOR DO VENTILADOR INTERNO",0,11,VENCEU," ",5467,497
"MOTOR LIMPADOR PARABRISAS",0,11,VENCEU," ",7348,668
"PALHETA LIMPADOR DIANTEIRA",0,22,VENCEU," ",1628,74
"PARAFUSO  FIXACAO ALTERNADOR",0,11,VENCEU," ",198,18
"PLANETARIA DA PARTIDA",0,11,VENCEU," ",1540,140
"POLIA DA CORREIA ALTERNADOR",0,11,VENCEU," ",1210,110
"POLIA RODA LIVRE",0,11,VENCEU," ",946,86
"PORTA ESCOVA DA PARTIDA",0,11,VENCEU," ",1221,111
"REGULADOR DE VOLTAGEM",0,11,VENCEU," ",1529,139
"REPARO ALETERNADOR   12V",0,11,VENCEU," ",968,88
"REPARO MOTOR DE PARTIDA",0,11,VENCEU," ",671,61
"ROLAMENTO ALT.INTERMEDIARIO",0,11,VENCEU," ",693,63
"ROLAMENTO ALT.LADO MANCAL",0,11,VENCEU," ",638,58
"ROTOR P/ALTERNADOR 14V   150A",0,11,VENCEU," ",7425,675
"SENSOR DE NIVEL COMBUSTIVEL",0,11,VENCEU," ",1122,102
"SOQUETE FAROL S/LAMPADA",0,11,VENCEU," ",319,29
"TENSOR DA CORREIA DO ALTERNADOR",0,11,VENCEU," ",2310,210
"TERMINAL DE BATERIA",0,11,VENCEU," ",209,19
"SERVIÇO DE MÃO DE OBRA;",0,440,VENCEU," ",32560,74
"ALTERNADOR    14V  60A   KC",0,1,VENCEU," ",1564,1564
"ANEL DE AJUSTE ROLAMENTO",0,1,VENCEU," ",37,37
"BARRA DO LIMPADOR LE/LD",0,1,VENCEU," ",38,38
"BATERIA 60AH",0,1,VENCEU," ",324,324
"BOBINA DE CAMPO PARTIDA",0,1,VENCEU," ",186,186
"BRACO DO LIMPADOR LE/LD",0,1,VENCEU," ",86,86
"BUZINA UNIVERSAL",0,1,VENCEU," ",88,88
"CHAVE MAGNETICA PARTIDA",0,1,VENCEU," ",244,244
"CHAVE SETA S/LIMP.TRASEIRO",0,1,VENCEU," ",477,477
"CHICOTE FAROL",0,1,VENCEU," ",83,83
"CIRCUITO DA LANTERNA TRASEIRA",0,1,VENCEU," ",87,87
"COMUTADOR DE IGNICAOC/TRAVA",0,1,VENCEU," ",357,357
"CONJUNTO RETIFICADOR.",0,1,VENCEU," ",155,155
CORREIA,0,1,VENCEU," ",67,67
"ESTATOR P/ALTERNADOR  14V 105A",0,1,VENCEU," ",368,368
"EXTINTOR P1 4 POLEGADAS (0,9KG) BARRIGUDO",0,1,VENCEU," ",120,120
"FAROL AUXILIAR",0,1,VENCEU," ",382,382
"FAROL PRINCIPAL H4 LD",0,1,VENCEU," ",683,683
"FAROL PRINCIPAL H4 LE",0,1,VENCEU," ",683,683
"GARFO DA PARTIDA",0,1,VENCEU," ",65,65
"IMPULSOR DE PARTIDA 9 DENTES",0,1,VENCEU," ",220,220
"INDUZIDO DA PARTIDA",0,1,VENCEU," ",338,338
"INTERRUPTOR LUZ DE FREIO",0,1,VENCEU," ",48,48
"INTERRUPTOR PRESSAO DO OLEO",0,1,VENCEU," ",30,30
"KIT BUCHAS MOTOR DE PARTIDA",0,1,VENCEU," ",59,59
"LAMPADA  H3 12V   55W-IODO",0,2,VENCEU," ",102,51
"LAMPADA 1 POLO GRANDE 12V 21W AMBAR",0,2,VENCEU," ",42,21
"LAMPADA 1 POLO PEQUENA 12V 10W",0,2,VENCEU," ",14,7
"LAMPADA 2 POLOS PINO DESENCONTRADO 12V",0,2,VENCEU," ",14,7
"LAMPADA H4 12V   55W-IODO",0,2,VENCEU," ",102,51
"LANTERNA PISCA DIANTEIRA",0,1,VENCEU," ",118,118
"LANTERNA TRASEIRA COMPLETA",0,1,VENCEU," ",368,368
"MANCAL DA PARTIDA DIANTEIRO",0,1,VENCEU," ",126,126
"MANCAL DO ALTERNADOR DIANTEIRO",0,1,VENCEU," ",94,94
"MANCAL DO ALTERNADOR TRASEIRO",0,1,VENCEU," ",126,126
"MANIVELA DO LIMPADOR",0,1,VENCEU," ",48,48
"MAQ.VIDRO ELETRICO DUCATO LD/LE",0,1,VENCEU," ",167,167
"MOTOR DE PARTIDA  12V 0,9K W",0,1,VENCEU," ",1235,1235
"MOTOR DO VENTILADOR INTERNO",0,1,VENCEU," ",497,497
"MOTOR LIMPADOR PARABRISAS",0,1,VENCEU," ",668,668
"PALHETA LIMPADOR DIANTEIRA",0,2,VENCEU," ",148,74
"PARAFUSO  FIXACAO ALTERNADOR",0,1,VENCEU," ",18,18
"PLANETARIA DA PARTIDA",0,1,VENCEU," ",140,140
"POLIA DA CORREIA ALTERNADOR",0,1,VENCEU," ",110,110
"POLIA RODA LIVRE",0,1,VENCEU," ",86,86
"PORTA ESCOVA DA PARTIDA",0,1,VENCEU," ",111,111
"REGULADOR DE VOLTAGEM",0,1,VENCEU," ",139,139
"REPARO ALETERNADOR   12V",0,1,VENCEU," ",88,88
"REPARO MOTOR DE PARTIDA",0,1,VENCEU," ",61,61
"ROLAMENTO ALT.INTERMEDIARIO",0,1,VENCEU," ",63,63
"ROLAMENTO ALT.LADO MANCAL",0,1,VENCEU," ",58,58
"ROTOR P/ALTERNADOR 14V   150A",0,1,VENCEU," ",675,675
"SENSOR DE NIVEL COMBUSTIVEL",0,1,VENCEU," ",102,102
"SOQUETE FAROL S/LAMPADA",0,1,VENCEU," ",29,29
"TENSOR DA CORREIA DO ALTERNADOR",0,1,VENCEU," ",210,210
"TERMINAL DE BATERIA",0,1,VENCEU," ",19,19
"SERVIÇO DE MÃO DE OBRA;",0,40,VENCEU," ",2960,74
"ALTERNADOR    14V  60A   KC",0,1,VENCEU," ",1564,1564
"ANEL DE AJUSTE ROLAMENTO",0,1,VENCEU," ",37,37
"BARRA DO LIMPADOR LE/LD",0,1,VENCEU," ",38,38
"BATERIA 60AH",0,1,VENCEU," ",324,324
"BOBINA DE CAMPO PARTIDA",0,1,VENCEU," ",186,186
"BRACO DO LIMPADOR LE/LD",0,1,VENCEU," ",86,86
"BUZINA UNIVERSAL",0,1,VENCEU," ",88,88
"CHAVE MAGNETICA PARTIDA",0,1,VENCEU," ",244,244
"CHAVE SETA S/LIMP.TRASEIRO",0,1,VENCEU," ",477,477
"CHICOTE FAROL",0,1,VENCEU," ",83,83
"CIRCUITO DA LANTERNA TRASEIRA",0,1,VENCEU," ",87,87
"COMUTADOR DE IGNICAOC/TRAVA",0,1,VENCEU," ",357,357
"CONJUNTO RETIFICADOR.",0,1,VENCEU," ",155,155
CORREIA,0,1,VENCEU," ",67,67
"ESTATOR P/ALTERNADOR  14V 105A",0,1,VENCEU," ",368,368
"EXTINTOR P1 4 POLEGADAS (0,9KG) BARRIGUDO",0,1,VENCEU," ",120,120
"FAROL AUXILIAR",0,1,VENCEU," ",382,382
"FAROL PRINCIPAL H4 LD",0,1,VENCEU," ",683,683
"FAROL PRINCIPAL H4 LE",0,1,VENCEU," ",683,683
"GARFO DA PARTIDA",0,1,VENCEU," ",65,65
"IMPULSOR DE PARTIDA 9 DENTES",0,1,VENCEU," ",220,220
"INDUZIDO DA PARTIDA",0,1,VENCEU," ",337,337
"INTERRUPTOR LUZ DE FREIO",0,1,VENCEU," ",48,48
"INTERRUPTOR PRESSAO DO OLEO",0,1,VENCEU," ",30,30
"KIT BUCHAS MOTOR DE PARTIDA",0,1,VENCEU," ",59,59
"LAMPADA 1 POLO GRANDE 12V",0,1,VENCEU," ",7,7
"LAMPADA  H3 12V   55W-IODO",0,2,VENCEU," ",102,51
"LAMPADA 1 POLO GRANDE 12V 21W AMBAR",0,2,VENCEU," ",42,21
"LAMPADA 1 POLO PEQUENA 12V 10W",0,2,VENCEU," ",14,7
"LAMPADA 2 POLOS PINO DESENCONTRADO 12V",0,2,VENCEU," ",14,7
"LAMPADA H4 12V   55W-IODO",0,2,VENCEU," ",102,51
"LANTERNA PISCA DIANTEIRA",0,1,VENCEU," ",118,118
"LANTERNA TRASEIRA COMPLETA",0,1,VENCEU," ",368,368
"MANCAL DA PARTIDA DIANTEIRO",0,1,VENCEU," ",127,127
"MANCAL DO ALTERNADOR DIANTEIRO",0,1,VENCEU," ",94,94
"MANCAL DO ALTERNADOR TRASEIRO",0,1,VENCEU," ",126,126
"MANIVELA DO LIMPADOR",0,1,VENCEU," ",48,48
"MAQ.VIDRO ELETRICO DUCATO LD/LE",0,1,VENCEU," ",167,167
"MOTOR DE PARTIDA  12V 0,9K W",0,1,VENCEU," ",1235,1235
"MOTOR DO VENTILADOR INTERNO",0,1,VENCEU," ",497,497
"MOTOR LIMPADOR PARABRISAS",0,1,VENCEU," ",668,668
"PALHETA LIMPADOR DIANTEIRA",0,2,VENCEU," ",148,74
"PARAFUSO  FIXACAO ALTERNADOR",0,1,VENCEU," ",18,18
"PLANETARIA DA PARTIDA",0,1,VENCEU," ",140,140
"POLIA DA CORREIA ALTERNADOR",0,1,VENCEU," ",110,110
"POLIA RODA LIVRE",0,1,VENCEU," ",86,86
"PORTA ESCOVA DA PARTIDA",0,1,VENCEU," ",111,111
"REGULADOR DE VOLTAGEM",0,1,VENCEU," ",139,139
"REPARO ALETERNADOR   12V",0,1,VENCEU," ",88,88
"REPARO MOTOR DE PARTIDA",0,1,VENCEU," ",61,61
"ROLAMENTO ALT.INTERMEDIARIO",0,1,VENCEU," ",63,63
"ROLAMENTO ALT.LADO MANCAL",0,1,VENCEU," ",58,58
"ROTOR P/ALTERNADOR 14V   150A",0,1,VENCEU," ",675,675
"SENSOR DE NIVEL COMBUSTIVEL",0,1,VENCEU," ",102,102
"SOQUETE FAROL S/LAMPADA",0,1,VENCEU," ",29,29
"TENSOR DA CORREIA DO ALTERNADOR",0,1,VENCEU," ",210,210
"TERMINAL DE BATERIA",0,1,VENCEU," ",19,19
"SERVIÇO DE MÃO DE OBRA;",0,40,VENCEU," ",2960,74
"ALTERNADOR    14V  60A   KC",0,1,VENCEU," ",1564,1564
"ANEL DE AJUSTE ROLAMENTO",0,1,VENCEU," ",37,37
"BARRA DO LIMPADOR LE/LD",0,1,VENCEU," ",38,38
"BATERIA 60AH",0,1,VENCEU," ",324,324
"BOBINA DE CAMPO PARTIDA",0,1,VENCEU," ",186,186
"BRACO DO LIMPADOR LE/LD",0,1,VENCEU," ",86,86
"BUZINA UNIVERSAL",0,1,VENCEU," ",88,88
"CHAVE MAGNETICA PARTIDA",0,1,VENCEU," ",244,244
"CHAVE SETA S/LIMP.TRASEIRO",0,1,VENCEU," ",477,477
"CHICOTE FAROL",0,1,VENCEU," ",83,83
"CIRCUITO DA LANTERNA TRASEIRA",0,1,VENCEU," ",87,87
"COMUTADOR DE IGNICAOC/TRAVA",0,1,VENCEU," ",215,215
"CONJUNTO RETIFICADOR.",0,1,VENCEU," ",155,155
CORREIA,0,1,VENCEU," ",68,68
"ESTATOR P/ALTERNADOR  14V 105A",0,1,VENCEU," ",368,368
"EXTINTOR P1 4 POLEGADAS (0,9KG) BARRIGUDO",0,1,VENCEU," ",120,120
"FAROL AUXILIAR",0,1,VENCEU," ",382,382
"FAROL PRINCIPAL H4 LD",0,1,VENCEU," ",683,683
"FAROL PRINCIPAL H4 LE",0,1,VENCEU," ",683,683
"GARFO DA PARTIDA",0,1,VENCEU," ",65,65
"IMPULSOR DE PARTIDA 9 DENTES",0,1,VENCEU," ",220,220
"INDUZIDO DA PARTIDA",0,1,VENCEU," ",337,337
"INTERRUPTOR LUZ DE FREIO",0,1,VENCEU," ",48,48
"INTERRUPTOR PRESSAO DO OLEO",0,1,VENCEU," ",30,30
"KIT BUCHAS MOTOR DE PARTIDA",0,1,VENCEU," ",59,59
"LAMPADA 1 POLO GRANDE 12V",0,2,VENCEU," ",14,7
"LAMPADA  H3 12V   55W-IODO",0,2,VENCEU," ",102,51
"LAMPADA 1 POLO GRANDE 12V 21W AMBAR",0,2,VENCEU," ",42,21
"LAMPADA 1 POLO PEQUENA 12V 10W",0,2,VENCEU," ",14,7
"LAMPADA 2 POLOS PINO DESENCONTRADO 12V",0,2,VENCEU," ",14,7
"LAMPADA H4 12V   55W-IODO",0,2,VENCEU," ",102,51
"LANTERNA PISCA DIANTEIRA",0,1,VENCEU," ",118,118
"LANTERNA TRASEIRA COMPLETA",0,1,VENCEU," ",368,368
"MANCAL DA PARTIDA DIANTEIRO",0,1,VENCEU," ",126,126
"MANCAL DO ALTERNADOR DIANTEIRO",0,1,VENCEU," ",94,94
"MANCAL DO ALTERNADOR TRASEIRO",0,1,VENCEU," ",126,126
"MANIVELA DO LIMPADOR",0,1,VENCEU," ",48,48
"MAQ.VIDRO ELETRICO DUCATO LD/LE",0,1,VENCEU," ",167,167
"MOTOR DE PARTIDA  12V 0,9K W",0,1,VENCEU," ",1135,1135
"MOTOR DO VENTILADOR INTERNO",0,1,VENCEU," ",497,497
"MOTOR LIMPADOR PARABRISAS",0,1,VENCEU," ",668,668
"PALHETA LIMPADOR DIANTEIRA",0,2,VENCEU," ",148,74
"PARAFUSO  FIXACAO ALTERNADOR",0,1,VENCEU," ",18,18
"PLANETARIA DA PARTIDA",0,1,VENCEU," ",140,140
"POLIA DA CORREIA ALTERNADOR",0,1,VENCEU," ",110,110
"POLIA RODA LIVRE",0,1,VENCEU," ",86,86
"PORTA ESCOVA DA PARTIDA",0,1,VENCEU," ",111,111
"REGULADOR DE VOLTAGEM",0,1,VENCEU," ",139,139
"REPARO ALETERNADOR   12V",0,1,VENCEU," ",88,88
"REPARO MOTOR DE PARTIDA",0,1,VENCEU," ",62,62
"ROLAMENTO ALT.INTERMEDIARIO",0,1,VENCEU," ",63,63
"ROLAMENTO ALT.LADO MANCAL",0,1,VENCEU," ",58,58
"ROTOR P/ALTERNADOR 14V   150A",0,1,VENCEU," ",675,675
"SENSOR DE NIVEL COMBUSTIVEL",0,1,VENCEU," ",102,102
"SOQUETE FAROL S/LAMPADA",0,1,VENCEU," ",29,29
"TENSOR DA CORREIA DO ALTERNADOR",0,1,VENCEU," ",210,210
"TERMINAL DE BATERIA",0,1,VENCEU," ",19,19
"SERVIÇO DE MÃO DE OBRA;",0,40,VENCEU," ",2960,74
