cnpjCpfVencedor,codigo,descricao,numero,participanteVencedor,quantidade,unidadeMedida,valorTotalReferencia,valorTotalVencedor,valorUnitarioReferencia,valorUnitarioVencedor
05.133.613/0001-10,0,,1,"ALTO GIRO MOTORS COMERCIO DE MOTOCICLETAS LTDA(Ñ U",1000,,250,250,0.25,0.25
05.133.613/0001-10,0,,2,"ALTO GIRO MOTORS COMERCIO DE MOTOCICLETAS LTDA(Ñ U",25,,1100,1100,44,44
05.133.613/0001-10,0,,3,"ALTO GIRO MOTORS COMERCIO DE MOTOCICLETAS LTDA(Ñ U",25,,750,750,30,30
05.133.613/0001-10,0,,4,"ALTO GIRO MOTORS COMERCIO DE MOTOCICLETAS LTDA(Ñ U",25,,10000,10000,400,400
05.133.613/0001-10,0,,5,"ALTO GIRO MOTORS COMERCIO DE MOTOCICLETAS LTDA(Ñ U",25,,1025,1025,41,41
05.133.613/0001-10,0,,6,"ALTO GIRO MOTORS COMERCIO DE MOTOCICLETAS LTDA(Ñ U",25,,625,625,25,25
05.133.613/0001-10,0,,7,"ALTO GIRO MOTORS COMERCIO DE MOTOCICLETAS LTDA(Ñ U",25,,375,375,15,15
05.133.613/0001-10,0,,8,"ALTO GIRO MOTORS COMERCIO DE MOTOCICLETAS LTDA(Ñ U",25,,2100,2100,84,84
05.133.613/0001-10,0,,9,"ALTO GIRO MOTORS COMERCIO DE MOTOCICLETAS LTDA(Ñ U",25,,2275,2275,91,91
05.133.613/0001-10,0,,10,"ALTO GIRO MOTORS COMERCIO DE MOTOCICLETAS LTDA(Ñ U",200,,180,180,0.9,0.9
05.133.613/0001-10,0,,11,"ALTO GIRO MOTORS COMERCIO DE MOTOCICLETAS LTDA(Ñ U",200,,140,140,0.7,0.7
05.133.613/0001-10,0,,12,"ALTO GIRO MOTORS COMERCIO DE MOTOCICLETAS LTDA(Ñ U",200,,100,100,0.5,0.5
05.133.613/0001-10,0,,13,"ALTO GIRO MOTORS COMERCIO DE MOTOCICLETAS LTDA(Ñ U",25,,3000,3000,120,120
05.133.613/0001-10,0,,14,"ALTO GIRO MOTORS COMERCIO DE MOTOCICLETAS LTDA(Ñ U",25,,3250,3250,130,130
05.133.613/0001-10,0,,15,"ALTO GIRO MOTORS COMERCIO DE MOTOCICLETAS LTDA(Ñ U",25,,625,625,25,25
05.133.613/0001-10,0,,16,"ALTO GIRO MOTORS COMERCIO DE MOTOCICLETAS LTDA(Ñ U",25,,1375,1375,55,55
05.133.613/0001-10,0,,17,"ALTO GIRO MOTORS COMERCIO DE MOTOCICLETAS LTDA(Ñ U",25,,2000,2000,80,80
05.133.613/0001-10,0,,18,"ALTO GIRO MOTORS COMERCIO DE MOTOCICLETAS LTDA(Ñ U",25,,775,775,31,31
05.133.613/0001-10,0,,19,"ALTO GIRO MOTORS COMERCIO DE MOTOCICLETAS LTDA(Ñ U",25,,3750,3750,150,150
05.133.613/0001-10,0,,20,"ALTO GIRO MOTORS COMERCIO DE MOTOCICLETAS LTDA(Ñ U",25,,1500,1500,60,60
05.133.613/0001-10,0,,21,"ALTO GIRO MOTORS COMERCIO DE MOTOCICLETAS LTDA(Ñ U",25,,3000,3000,120,120
05.133.613/0001-10,0,,22,"ALTO GIRO MOTORS COMERCIO DE MOTOCICLETAS LTDA(Ñ U",25,,4500,4500,180,180
05.133.613/0001-10,0,,23,"ALTO GIRO MOTORS COMERCIO DE MOTOCICLETAS LTDA(Ñ U",25,,2250,2250,90,90
05.133.613/0001-10,0,,24,"ALTO GIRO MOTORS COMERCIO DE MOTOCICLETAS LTDA(Ñ U",25,,6150,6150,246,246
05.133.613/0001-10,0,,25,"ALTO GIRO MOTORS COMERCIO DE MOTOCICLETAS LTDA(Ñ U",25,,1250,1250,50,50
05.133.613/0001-10,0,,26,"ALTO GIRO MOTORS COMERCIO DE MOTOCICLETAS LTDA(Ñ U",25,,1075,1075,43,43
05.133.613/0001-10,0,,27,"ALTO GIRO MOTORS COMERCIO DE MOTOCICLETAS LTDA(Ñ U",25,,425,425,17,17
05.133.613/0001-10,0,,28,"ALTO GIRO MOTORS COMERCIO DE MOTOCICLETAS LTDA(Ñ U",25,,2500,2500,100,100
05.133.613/0001-10,0,,29,"ALTO GIRO MOTORS COMERCIO DE MOTOCICLETAS LTDA(Ñ U",25,,1500,1500,60,60
05.133.613/0001-10,0,,30,"ALTO GIRO MOTORS COMERCIO DE MOTOCICLETAS LTDA(Ñ U",25,,1000,1000,40,40
05.133.613/0001-10,0,,31,"ALTO GIRO MOTORS COMERCIO DE MOTOCICLETAS LTDA(Ñ U",25,,250,250,10,10
05.133.613/0001-10,0,,32,"ALTO GIRO MOTORS COMERCIO DE MOTOCICLETAS LTDA(Ñ U",25,,250,250,10,10
05.133.613/0001-10,0,,33,"ALTO GIRO MOTORS COMERCIO DE MOTOCICLETAS LTDA(Ñ U",30,,60,60,2,2
05.133.613/0001-10,0,,34,"ALTO GIRO MOTORS COMERCIO DE MOTOCICLETAS LTDA(Ñ U",30,,180,180,6,6
05.133.613/0001-10,0,,35,"ALTO GIRO MOTORS COMERCIO DE MOTOCICLETAS LTDA(Ñ U",30,,180,180,6,6
05.133.613/0001-10,0,,36,"ALTO GIRO MOTORS COMERCIO DE MOTOCICLETAS LTDA(Ñ U",30,,180,180,6,6
05.133.613/0001-10,0,,37,"ALTO GIRO MOTORS COMERCIO DE MOTOCICLETAS LTDA(Ñ U",25,,125,125,5,5
05.133.613/0001-10,0,,38,"ALTO GIRO MOTORS COMERCIO DE MOTOCICLETAS LTDA(Ñ U",25,,650,650,26,26
05.133.613/0001-10,0,,39,"ALTO GIRO MOTORS COMERCIO DE MOTOCICLETAS LTDA(Ñ U",25,,10000,8750,400,350
05.133.613/0001-10,0,,40,"ALTO GIRO MOTORS COMERCIO DE MOTOCICLETAS LTDA(Ñ U",25,,325,325,13,13
05.133.613/0001-10,0,,41,"ALTO GIRO MOTORS COMERCIO DE MOTOCICLETAS LTDA(Ñ U",25,,275,275,11,11
05.133.613/0001-10,0,,42,"ALTO GIRO MOTORS COMERCIO DE MOTOCICLETAS LTDA(Ñ U",25,,375,375,15,15
05.133.613/0001-10,0,,43,"ALTO GIRO MOTORS COMERCIO DE MOTOCICLETAS LTDA(Ñ U",25,,600,600,24,24
05.133.613/0001-10,0,,44,"ALTO GIRO MOTORS COMERCIO DE MOTOCICLETAS LTDA(Ñ U",25,,900,900,36,36
05.133.613/0001-10,0,,45,"ALTO GIRO MOTORS COMERCIO DE MOTOCICLETAS LTDA(Ñ U",25,,375,375,15,15
05.133.613/0001-10,0,,46,"ALTO GIRO MOTORS COMERCIO DE MOTOCICLETAS LTDA(Ñ U",25,,500,500,20,20
05.133.613/0001-10,0,,47,"ALTO GIRO MOTORS COMERCIO DE MOTOCICLETAS LTDA(Ñ U",25,,875,875,35,35
05.133.613/0001-10,0,,48,"ALTO GIRO MOTORS COMERCIO DE MOTOCICLETAS LTDA(Ñ U",25,,875,875,35,35
05.133.613/0001-10,0,,49,"ALTO GIRO MOTORS COMERCIO DE MOTOCICLETAS LTDA(Ñ U",25,,875,875,35,35
05.133.613/0001-10,0,,50,"ALTO GIRO MOTORS COMERCIO DE MOTOCICLETAS LTDA(Ñ U",25,,875,875,35,35
05.133.613/0001-10,0,,51,"ALTO GIRO MOTORS COMERCIO DE MOTOCICLETAS LTDA(Ñ U",25,,500,500,20,20
05.133.613/0001-10,0,,52,"ALTO GIRO MOTORS COMERCIO DE MOTOCICLETAS LTDA(Ñ U",25,,1125,1125,45,45
05.133.613/0001-10,0,,53,"ALTO GIRO MOTORS COMERCIO DE MOTOCICLETAS LTDA(Ñ U",25,,1125,1125,45,45
05.133.613/0001-10,0,,54,"ALTO GIRO MOTORS COMERCIO DE MOTOCICLETAS LTDA(Ñ U",25,,6250,6250,250,250
05.133.613/0001-10,0,,55,"ALTO GIRO MOTORS COMERCIO DE MOTOCICLETAS LTDA(Ñ U",25,,6000,6000,240,240
05.133.613/0001-10,0,,56,"ALTO GIRO MOTORS COMERCIO DE MOTOCICLETAS LTDA(Ñ U",25,,10000,10000,400,400
05.133.613/0001-10,0,,57,"ALTO GIRO MOTORS COMERCIO DE MOTOCICLETAS LTDA(Ñ U",25,,3500,3500,140,140
05.133.613/0001-10,0,,58,"ALTO GIRO MOTORS COMERCIO DE MOTOCICLETAS LTDA(Ñ U",25,,1500,1500,60,60
05.133.613/0001-10,0,,59,"ALTO GIRO MOTORS COMERCIO DE MOTOCICLETAS LTDA(Ñ U",25,,2500,2500,100,100
05.133.613/0001-10,0,,60,"ALTO GIRO MOTORS COMERCIO DE MOTOCICLETAS LTDA(Ñ U",25,,2375,2375,95,95
05.133.613/0001-10,0,,61,"ALTO GIRO MOTORS COMERCIO DE MOTOCICLETAS LTDA(Ñ U",25,,2375,2375,95,95
05.133.613/0001-10,0,,62,"ALTO GIRO MOTORS COMERCIO DE MOTOCICLETAS LTDA(Ñ U",25,,3500,3500,140,140
05.133.613/0001-10,0,,63,"ALTO GIRO MOTORS COMERCIO DE MOTOCICLETAS LTDA(Ñ U",25,,7500,7500,300,300
05.133.613/0001-10,0,,64,"ALTO GIRO MOTORS COMERCIO DE MOTOCICLETAS LTDA(Ñ U",25,,2300,2300,92,92
05.133.613/0001-10,0,,65,"ALTO GIRO MOTORS COMERCIO DE MOTOCICLETAS LTDA(Ñ U",25,,1750,1750,70,70
05.133.613/0001-10,0,,66,"ALTO GIRO MOTORS COMERCIO DE MOTOCICLETAS LTDA(Ñ U",25,,10000,8750,400,350
05.133.613/0001-10,0,,67,"ALTO GIRO MOTORS COMERCIO DE MOTOCICLETAS LTDA(Ñ U",25,,4000,4000,160,160
05.133.613/0001-10,0,,68,"ALTO GIRO MOTORS COMERCIO DE MOTOCICLETAS LTDA(Ñ U",25,,4000,4000,160,160
05.133.613/0001-10,0,,69,"ALTO GIRO MOTORS COMERCIO DE MOTOCICLETAS LTDA(Ñ U",25,,3150,3150,126,126
05.133.613/0001-10,0,,70,"ALTO GIRO MOTORS COMERCIO DE MOTOCICLETAS LTDA(Ñ U",25,,675,675,27,27
05.133.613/0001-10,0,,71,"ALTO GIRO MOTORS COMERCIO DE MOTOCICLETAS LTDA(Ñ U",25,,3500,3500,140,140
05.133.613/0001-10,0,,72,"ALTO GIRO MOTORS COMERCIO DE MOTOCICLETAS LTDA(Ñ U",25,,750,750,30,30
05.133.613/0001-10,0,,73,"ALTO GIRO MOTORS COMERCIO DE MOTOCICLETAS LTDA(Ñ U",25,,1000,1000,40,40
05.133.613/0001-10,0,,74,"ALTO GIRO MOTORS COMERCIO DE MOTOCICLETAS LTDA(Ñ U",25,,750,750,30,30
05.133.613/0001-10,0,,75,"ALTO GIRO MOTORS COMERCIO DE MOTOCICLETAS LTDA(Ñ U",25,,4250,4250,170,170
05.133.613/0001-10,0,,76,"ALTO GIRO MOTORS COMERCIO DE MOTOCICLETAS LTDA(Ñ U",25,,1750,1750,70,70
05.133.613/0001-10,0,,77,"ALTO GIRO MOTORS COMERCIO DE MOTOCICLETAS LTDA(Ñ U",25,,2575,2575,103,103
05.133.613/0001-10,0,,78,"ALTO GIRO MOTORS COMERCIO DE MOTOCICLETAS LTDA(Ñ U",25,,1000,1000,40,40
05.133.613/0001-10,0,,79,"ALTO GIRO MOTORS COMERCIO DE MOTOCICLETAS LTDA(Ñ U",25,,1850,1850,74,74
05.133.613/0001-10,0,,80,"ALTO GIRO MOTORS COMERCIO DE MOTOCICLETAS LTDA(Ñ U",25,,5000,5000,200,200
05.133.613/0001-10,0,,81,"ALTO GIRO MOTORS COMERCIO DE MOTOCICLETAS LTDA(Ñ U",25,,5000,5000,200,200
05.133.613/0001-10,0,,82,"ALTO GIRO MOTORS COMERCIO DE MOTOCICLETAS LTDA(Ñ U",50,,400,400,8,8
05.133.613/0001-10,0,,83,"ALTO GIRO MOTORS COMERCIO DE MOTOCICLETAS LTDA(Ñ U",25,,500,500,20,20
05.133.613/0001-10,0,,84,"ALTO GIRO MOTORS COMERCIO DE MOTOCICLETAS LTDA(Ñ U",25,,5000,5000,200,200
05.133.613/0001-10,0,,85,"ALTO GIRO MOTORS COMERCIO DE MOTOCICLETAS LTDA(Ñ U",25,,2600,2600,104,104
05.133.613/0001-10,0,,86,"ALTO GIRO MOTORS COMERCIO DE MOTOCICLETAS LTDA(Ñ U",25,,2600,2600,104,104
05.133.613/0001-10,0,,87,"ALTO GIRO MOTORS COMERCIO DE MOTOCICLETAS LTDA(Ñ U",25,,1650,1650,66,66
05.133.613/0001-10,0,,88,"ALTO GIRO MOTORS COMERCIO DE MOTOCICLETAS LTDA(Ñ U",25,,500,500,20,20
05.133.613/0001-10,0,,89,"ALTO GIRO MOTORS COMERCIO DE MOTOCICLETAS LTDA(Ñ U",25,,1750,1750,70,70
05.133.613/0001-10,0,,90,"ALTO GIRO MOTORS COMERCIO DE MOTOCICLETAS LTDA(Ñ U",25,,875,875,35,35
05.133.613/0001-10,0,,91,"ALTO GIRO MOTORS COMERCIO DE MOTOCICLETAS LTDA(Ñ U",25,,875,875,35,35
05.133.613/0001-10,0,,92,"ALTO GIRO MOTORS COMERCIO DE MOTOCICLETAS LTDA(Ñ U",25,,1125,1125,45,45
05.133.613/0001-10,0,,93,"ALTO GIRO MOTORS COMERCIO DE MOTOCICLETAS LTDA(Ñ U",25,,1875,1875,75,75
05.133.613/0001-10,0,,94,"ALTO GIRO MOTORS COMERCIO DE MOTOCICLETAS LTDA(Ñ U",25,,4500,4500,180,180
05.133.613/0001-10,0,,95,"ALTO GIRO MOTORS COMERCIO DE MOTOCICLETAS LTDA(Ñ U",25,,3000,3000,120,120
05.133.613/0001-10,0,,96,"ALTO GIRO MOTORS COMERCIO DE MOTOCICLETAS LTDA(Ñ U",25,,3500,3500,140,140
05.133.613/0001-10,0,,97,"ALTO GIRO MOTORS COMERCIO DE MOTOCICLETAS LTDA(Ñ U",25,,500,500,20,20
05.133.613/0001-10,0,,98,"ALTO GIRO MOTORS COMERCIO DE MOTOCICLETAS LTDA(Ñ U",25,,1050,1050,42,42
05.133.613/0001-10,0,,99,"ALTO GIRO MOTORS COMERCIO DE MOTOCICLETAS LTDA(Ñ U",25,,1125,1125,45,45
05.133.613/0001-10,0,,100,"ALTO GIRO MOTORS COMERCIO DE MOTOCICLETAS LTDA(Ñ U",25,,1350,1350,54,54
05.133.613/0001-10,0,,101,"ALTO GIRO MOTORS COMERCIO DE MOTOCICLETAS LTDA(Ñ U",25,,4375,4375,175,175
05.133.613/0001-10,0,,102,"ALTO GIRO MOTORS COMERCIO DE MOTOCICLETAS LTDA(Ñ U",30,,210,210,7,7
05.133.613/0001-10,0,,103,"ALTO GIRO MOTORS COMERCIO DE MOTOCICLETAS LTDA(Ñ U",25,,1750,1750,70,70
05.133.613/0001-10,0,,104,"ALTO GIRO MOTORS COMERCIO DE MOTOCICLETAS LTDA(Ñ U",25,,2000,2000,80,80
05.133.613/0001-10,0,,105,"ALTO GIRO MOTORS COMERCIO DE MOTOCICLETAS LTDA(Ñ U",25,,175,175,7,7
05.133.613/0001-10,0,,106,"ALTO GIRO MOTORS COMERCIO DE MOTOCICLETAS LTDA(Ñ U",25,,12000,11250,480,450
05.133.613/0001-10,0,,107,"ALTO GIRO MOTORS COMERCIO DE MOTOCICLETAS LTDA(Ñ U",25,,1500,1500,60,60
05.133.613/0001-10,0,,108,"ALTO GIRO MOTORS COMERCIO DE MOTOCICLETAS LTDA(Ñ U",25,,300,300,12,12
05.133.613/0001-10,0,,109,"ALTO GIRO MOTORS COMERCIO DE MOTOCICLETAS LTDA(Ñ U",25,,400,400,16,16
05.133.613/0001-10,0,,110,"ALTO GIRO MOTORS COMERCIO DE MOTOCICLETAS LTDA(Ñ U",25,,3000,3000,120,120
05.133.613/0001-10,0,,111,"ALTO GIRO MOTORS COMERCIO DE MOTOCICLETAS LTDA(Ñ U",25,,1125,1125,45,45
05.133.613/0001-10,0,,112,"ALTO GIRO MOTORS COMERCIO DE MOTOCICLETAS LTDA(Ñ U",25,,500,500,20,20
05.133.613/0001-10,0,,113,"ALTO GIRO MOTORS COMERCIO DE MOTOCICLETAS LTDA(Ñ U",25,,475,475,19,19
05.133.613/0001-10,0,,114,"ALTO GIRO MOTORS COMERCIO DE MOTOCICLETAS LTDA(Ñ U",25,,800,800,32,32
05.133.613/0001-10,0,,115,"ALTO GIRO MOTORS COMERCIO DE MOTOCICLETAS LTDA(Ñ U",25,,800,800,32,32
05.133.613/0001-10,0,,116,"ALTO GIRO MOTORS COMERCIO DE MOTOCICLETAS LTDA(Ñ U",25,,3750,3750,150,150
05.133.613/0001-10,0,,117,"ALTO GIRO MOTORS COMERCIO DE MOTOCICLETAS LTDA(Ñ U",25,,4750,4750,190,190
05.133.613/0001-10,0,,118,"ALTO GIRO MOTORS COMERCIO DE MOTOCICLETAS LTDA(Ñ U",25,,1250,1250,50,50
05.133.613/0001-10,0,,119,"ALTO GIRO MOTORS COMERCIO DE MOTOCICLETAS LTDA(Ñ U",25,,375,375,15,15
05.133.613/0001-10,0,,120,"ALTO GIRO MOTORS COMERCIO DE MOTOCICLETAS LTDA(Ñ U",25,,250,250,10,10
05.133.613/0001-10,0,,121,"ALTO GIRO MOTORS COMERCIO DE MOTOCICLETAS LTDA(Ñ U",25,,500,500,20,20
05.133.613/0001-10,0,,122,"ALTO GIRO MOTORS COMERCIO DE MOTOCICLETAS LTDA(Ñ U",25,,1000,1000,40,40
05.133.613/0001-10,0,,123,"ALTO GIRO MOTORS COMERCIO DE MOTOCICLETAS LTDA(Ñ U",25,,950,950,38,38
05.133.613/0001-10,0,,124,"ALTO GIRO MOTORS COMERCIO DE MOTOCICLETAS LTDA(Ñ U",25,,50,50,2,2
05.133.613/0001-10,0,,125,"ALTO GIRO MOTORS COMERCIO DE MOTOCICLETAS LTDA(Ñ U",100,,70,70,0.7,0.7
05.133.613/0001-10,0,,126,"ALTO GIRO MOTORS COMERCIO DE MOTOCICLETAS LTDA(Ñ U",25,,6000,6000,240,240
05.133.613/0001-10,0,,127,"ALTO GIRO MOTORS COMERCIO DE MOTOCICLETAS LTDA(Ñ U",25,,6000,6000,240,240
05.133.613/0001-10,0,,128,"ALTO GIRO MOTORS COMERCIO DE MOTOCICLETAS LTDA(Ñ U",25,,1000,1000,40,40
05.133.613/0001-10,0,,129,"ALTO GIRO MOTORS COMERCIO DE MOTOCICLETAS LTDA(Ñ U",25,,1000,1000,40,40
05.133.613/0001-10,0,,130,"ALTO GIRO MOTORS COMERCIO DE MOTOCICLETAS LTDA(Ñ U",25,,150,150,6,6
05.133.613/0001-10,0,,131,"ALTO GIRO MOTORS COMERCIO DE MOTOCICLETAS LTDA(Ñ U",25,,1000,1000,40,40
05.133.613/0001-10,0,,132,"ALTO GIRO MOTORS COMERCIO DE MOTOCICLETAS LTDA(Ñ U",25,,2500,2500,100,100
05.133.613/0001-10,0,,133,"ALTO GIRO MOTORS COMERCIO DE MOTOCICLETAS LTDA(Ñ U",4,,1480,1480,370,370
05.133.613/0001-10,0,,134,"ALTO GIRO MOTORS COMERCIO DE MOTOCICLETAS LTDA(Ñ U",50,,1250,1250,25,25
05.133.613/0001-10,0,,135,"ALTO GIRO MOTORS COMERCIO DE MOTOCICLETAS LTDA(Ñ U",25,,750,750,30,30
05.133.613/0001-10,0,,136,"ALTO GIRO MOTORS COMERCIO DE MOTOCICLETAS LTDA(Ñ U",25,,625,625,25,25
05.133.613/0001-10,0,,137,"ALTO GIRO MOTORS COMERCIO DE MOTOCICLETAS LTDA(Ñ U",25,,250,250,10,10
05.133.613/0001-10,0,,138,"ALTO GIRO MOTORS COMERCIO DE MOTOCICLETAS LTDA(Ñ U",25,,250,250,10,10
05.133.613/0001-10,0,,139,"ALTO GIRO MOTORS COMERCIO DE MOTOCICLETAS LTDA(Ñ U",25,,1050,1050,42,42
05.133.613/0001-10,0,,140,"ALTO GIRO MOTORS COMERCIO DE MOTOCICLETAS LTDA(Ñ U",25,,750,750,30,30
05.133.613/0001-10,0,,141,"ALTO GIRO MOTORS COMERCIO DE MOTOCICLETAS LTDA(Ñ U",25,,875,875,35,35
05.133.613/0001-10,0,,142,"ALTO GIRO MOTORS COMERCIO DE MOTOCICLETAS LTDA(Ñ U",25,,625,625,25,25
05.133.613/0001-10,0,,143,"ALTO GIRO MOTORS COMERCIO DE MOTOCICLETAS LTDA(Ñ U",25,,875,875,35,35
05.133.613/0001-10,0,,144,"ALTO GIRO MOTORS COMERCIO DE MOTOCICLETAS LTDA(Ñ U",25,,1750,1750,70,70
05.133.613/0001-10,0,,145,"ALTO GIRO MOTORS COMERCIO DE MOTOCICLETAS LTDA(Ñ U",25,,625,625,25,25
05.133.613/0001-10,0,,146,"ALTO GIRO MOTORS COMERCIO DE MOTOCICLETAS LTDA(Ñ U",25,,125,125,5,5
05.133.613/0001-10,0,,147,"ALTO GIRO MOTORS COMERCIO DE MOTOCICLETAS LTDA(Ñ U",25,,125,125,5,5
05.133.613/0001-10,0,,148,"ALTO GIRO MOTORS COMERCIO DE MOTOCICLETAS LTDA(Ñ U",25,,875,875,35,35
05.133.613/0001-10,0,,149,"ALTO GIRO MOTORS COMERCIO DE MOTOCICLETAS LTDA(Ñ U",25,,1875,1875,75,75
05.133.613/0001-10,0,,150,"ALTO GIRO MOTORS COMERCIO DE MOTOCICLETAS LTDA(Ñ U",25,,2000,2000,80,80
05.133.613/0001-10,0,,151,"ALTO GIRO MOTORS COMERCIO DE MOTOCICLETAS LTDA(Ñ U",25,,3000,3000,120,120
05.133.613/0001-10,0,,152,"ALTO GIRO MOTORS COMERCIO DE MOTOCICLETAS LTDA(Ñ U",25,,1875,1875,75,75
05.133.613/0001-10,0,,153,"ALTO GIRO MOTORS COMERCIO DE MOTOCICLETAS LTDA(Ñ U",25,,1875,1875,75,75
05.133.613/0001-10,0,,154,"ALTO GIRO MOTORS COMERCIO DE MOTOCICLETAS LTDA(Ñ U",25,,875,875,35,35
05.133.613/0001-10,0,,155,"ALTO GIRO MOTORS COMERCIO DE MOTOCICLETAS LTDA(Ñ U",25,,500,500,20,20
05.133.613/0001-10,0,,156,"ALTO GIRO MOTORS COMERCIO DE MOTOCICLETAS LTDA(Ñ U",25,,100,100,4,4
05.133.613/0001-10,0,,157,"ALTO GIRO MOTORS COMERCIO DE MOTOCICLETAS LTDA(Ñ U",25,,625,625,25,25
05.133.613/0001-10,0,,158,"ALTO GIRO MOTORS COMERCIO DE MOTOCICLETAS LTDA(Ñ U",25,,875,875,35,35
05.133.613/0001-10,0,,159,"ALTO GIRO MOTORS COMERCIO DE MOTOCICLETAS LTDA(Ñ U",25,,875,875,35,35
05.133.613/0001-10,0,,160,"ALTO GIRO MOTORS COMERCIO DE MOTOCICLETAS LTDA(Ñ U",25,,200,200,8,8
05.133.613/0001-10,0,,161,"ALTO GIRO MOTORS COMERCIO DE MOTOCICLETAS LTDA(Ñ U",25,,1125,1125,45,45
05.133.613/0001-10,0,,162,"ALTO GIRO MOTORS COMERCIO DE MOTOCICLETAS LTDA(Ñ U",25,,300,300,12,12
05.133.613/0001-10,0,,163,"ALTO GIRO MOTORS COMERCIO DE MOTOCICLETAS LTDA(Ñ U",50,,1250,1250,25,25
05.133.613/0001-10,0,,164,"ALTO GIRO MOTORS COMERCIO DE MOTOCICLETAS LTDA(Ñ U",50,,750,750,15,15
05.133.613/0001-10,0,,165,"ALTO GIRO MOTORS COMERCIO DE MOTOCICLETAS LTDA(Ñ U",50,,600,600,12,12
05.133.613/0001-10,0,,166,"ALTO GIRO MOTORS COMERCIO DE MOTOCICLETAS LTDA(Ñ U",50,,400,400,8,8
05.133.613/0001-10,0,,167,"ALTO GIRO MOTORS COMERCIO DE MOTOCICLETAS LTDA(Ñ U",50,,1900,1900,38,38
05.133.613/0001-10,0,,168,"ALTO GIRO MOTORS COMERCIO DE MOTOCICLETAS LTDA(Ñ U",50,,400,400,8,8
05.133.613/0001-10,0,,169,"ALTO GIRO MOTORS COMERCIO DE MOTOCICLETAS LTDA(Ñ U",50,,4300,4300,86,86
05.133.613/0001-10,0,,170,"ALTO GIRO MOTORS COMERCIO DE MOTOCICLETAS LTDA(Ñ U",25,,200,200,8,8
05.133.613/0001-10,0,,171,"ALTO GIRO MOTORS COMERCIO DE MOTOCICLETAS LTDA(Ñ U",25,,400,400,16,16
05.133.613/0001-10,0,,172,"ALTO GIRO MOTORS COMERCIO DE MOTOCICLETAS LTDA(Ñ U",25,,875,875,35,35
05.133.613/0001-10,0,,173,"ALTO GIRO MOTORS COMERCIO DE MOTOCICLETAS LTDA(Ñ U",25,,550,550,22,22
05.133.613/0001-10,0,,174,"ALTO GIRO MOTORS COMERCIO DE MOTOCICLETAS LTDA(Ñ U",25,,150,150,6,6
05.133.613/0001-10,0,,175,"ALTO GIRO MOTORS COMERCIO DE MOTOCICLETAS LTDA(Ñ U",25,,1625,1625,65,65
05.133.613/0001-10,0,,176,"ALTO GIRO MOTORS COMERCIO DE MOTOCICLETAS LTDA(Ñ U",25,,550,550,22,22
05.133.613/0001-10,0,,177,"ALTO GIRO MOTORS COMERCIO DE MOTOCICLETAS LTDA(Ñ U",25,,625,625,25,25
05.133.613/0001-10,0,,178,"ALTO GIRO MOTORS COMERCIO DE MOTOCICLETAS LTDA(Ñ U",25,,2375,2375,95,95
05.133.613/0001-10,0,,179,"ALTO GIRO MOTORS COMERCIO DE MOTOCICLETAS LTDA(Ñ U",25,,2375,2375,95,95
05.133.613/0001-10,0,,180,"ALTO GIRO MOTORS COMERCIO DE MOTOCICLETAS LTDA(Ñ U",25,,10000,10000,400,400
05.133.613/0001-10,0,,181,"ALTO GIRO MOTORS COMERCIO DE MOTOCICLETAS LTDA(Ñ U",25,,3625,3625,145,145
05.133.613/0001-10,0,,182,"ALTO GIRO MOTORS COMERCIO DE MOTOCICLETAS LTDA(Ñ U",25,,4500,4500,180,180
05.133.613/0001-10,0,,183,"ALTO GIRO MOTORS COMERCIO DE MOTOCICLETAS LTDA(Ñ U",25,,4000,4000,160,160
05.133.613/0001-10,0,,184,"ALTO GIRO MOTORS COMERCIO DE MOTOCICLETAS LTDA(Ñ U",25,,1500,1500,60,60
05.133.613/0001-10,0,,185,"ALTO GIRO MOTORS COMERCIO DE MOTOCICLETAS LTDA(Ñ U",25,,1500,1500,60,60
05.133.613/0001-10,0,,186,"ALTO GIRO MOTORS COMERCIO DE MOTOCICLETAS LTDA(Ñ U",25,,1500,1500,60,60
05.133.613/0001-10,0,,187,"ALTO GIRO MOTORS COMERCIO DE MOTOCICLETAS LTDA(Ñ U",25,,1500,1500,60,60
05.133.613/0001-10,0,,188,"ALTO GIRO MOTORS COMERCIO DE MOTOCICLETAS LTDA(Ñ U",25,,1500,1500,60,60
05.133.613/0001-10,0,,189,"ALTO GIRO MOTORS COMERCIO DE MOTOCICLETAS LTDA(Ñ U",25,,150,150,6,6
05.133.613/0001-10,0,,190,"ALTO GIRO MOTORS COMERCIO DE MOTOCICLETAS LTDA(Ñ U",25,,250,250,10,10
05.133.613/0001-10,0,,191,"ALTO GIRO MOTORS COMERCIO DE MOTOCICLETAS LTDA(Ñ U",25,,300,300,12,12
05.133.613/0001-10,0,,192,"ALTO GIRO MOTORS COMERCIO DE MOTOCICLETAS LTDA(Ñ U",25,,75,75,3,3
05.133.613/0001-10,0,,193,"ALTO GIRO MOTORS COMERCIO DE MOTOCICLETAS LTDA(Ñ U",25,,650,650,26,26
05.133.613/0001-10,0,,194,"ALTO GIRO MOTORS COMERCIO DE MOTOCICLETAS LTDA(Ñ U",25,,800,800,32,32
05.133.613/0001-10,0,,195,"ALTO GIRO MOTORS COMERCIO DE MOTOCICLETAS LTDA(Ñ U",150,,3300,3300,22,22
05.133.613/0001-10,0,,196,"ALTO GIRO MOTORS COMERCIO DE MOTOCICLETAS LTDA(Ñ U",25,,550,550,22,22
05.133.613/0001-10,0,,197,"ALTO GIRO MOTORS COMERCIO DE MOTOCICLETAS LTDA(Ñ U",25,,3000,3000,120,120
05.133.613/0001-10,0,,198,"ALTO GIRO MOTORS COMERCIO DE MOTOCICLETAS LTDA(Ñ U",25,,4000,4000,160,160
05.133.613/0001-10,0,,199,"ALTO GIRO MOTORS COMERCIO DE MOTOCICLETAS LTDA(Ñ U",25,,4500,4500,180,180
05.133.613/0001-10,0,,200,"ALTO GIRO MOTORS COMERCIO DE MOTOCICLETAS LTDA(Ñ U",25,,1150,1150,46,46
05.133.613/0001-10,0,,201,"ALTO GIRO MOTORS COMERCIO DE MOTOCICLETAS LTDA(Ñ U",25,,500,500,20,20
05.133.613/0001-10,0,,202,"ALTO GIRO MOTORS COMERCIO DE MOTOCICLETAS LTDA(Ñ U",25,,575,575,23,23
05.133.613/0001-10,0,,203,"ALTO GIRO MOTORS COMERCIO DE MOTOCICLETAS LTDA(Ñ U",25,,575,575,23,23
05.133.613/0001-10,0,,204,"ALTO GIRO MOTORS COMERCIO DE MOTOCICLETAS LTDA(Ñ U",25,,1625,1625,65,65
05.133.613/0001-10,0,,205,"ALTO GIRO MOTORS COMERCIO DE MOTOCICLETAS LTDA(Ñ U",25,,2125,2125,85,85
05.133.613/0001-10,0,,206,"ALTO GIRO MOTORS COMERCIO DE MOTOCICLETAS LTDA(Ñ U",25,,950,950,38,38
05.133.613/0001-10,0,,207,"ALTO GIRO MOTORS COMERCIO DE MOTOCICLETAS LTDA(Ñ U",25,,1200,1200,48,48
05.133.613/0001-10,0,,208,"ALTO GIRO MOTORS COMERCIO DE MOTOCICLETAS LTDA(Ñ U",25,,875,875,35,35
05.133.613/0001-10,0,,209,"ALTO GIRO MOTORS COMERCIO DE MOTOCICLETAS LTDA(Ñ U",25,,450,450,18,18
05.133.613/0001-10,0,,210,"ALTO GIRO MOTORS COMERCIO DE MOTOCICLETAS LTDA(Ñ U",25,,750,750,30,30
05.133.613/0001-10,0,,211,"ALTO GIRO MOTORS COMERCIO DE MOTOCICLETAS LTDA(Ñ U",25,,750,750,30,30
05.133.613/0001-10,0,,212,"ALTO GIRO MOTORS COMERCIO DE MOTOCICLETAS LTDA(Ñ U",25,,725,725,29,29
05.133.613/0001-10,0,,213,"ALTO GIRO MOTORS COMERCIO DE MOTOCICLETAS LTDA(Ñ U",25,,875,875,35,35
05.133.613/0001-10,0,,214,"ALTO GIRO MOTORS COMERCIO DE MOTOCICLETAS LTDA(Ñ U",25,,1125,1125,45,45
05.133.613/0001-10,0,,215,"ALTO GIRO MOTORS COMERCIO DE MOTOCICLETAS LTDA(Ñ U",25,,2750,2750,110,110
05.133.613/0001-10,0,,216,"ALTO GIRO MOTORS COMERCIO DE MOTOCICLETAS LTDA(Ñ U",25,,6000,6000,240,240
05.133.613/0001-10,0,,217,"ALTO GIRO MOTORS COMERCIO DE MOTOCICLETAS LTDA(Ñ U",25,,6500,6500,260,260
05.133.613/0001-10,0,,218,"ALTO GIRO MOTORS COMERCIO DE MOTOCICLETAS LTDA(Ñ U",200,,400,400,2,2
05.133.613/0001-10,0,,219,"ALTO GIRO MOTORS COMERCIO DE MOTOCICLETAS LTDA(Ñ U",200,,400,400,2,2
05.133.613/0001-10,0,,220,"ALTO GIRO MOTORS COMERCIO DE MOTOCICLETAS LTDA(Ñ U",200,,400,400,2,2
05.133.613/0001-10,0,,221,"ALTO GIRO MOTORS COMERCIO DE MOTOCICLETAS LTDA(Ñ U",25,,125,125,5,5
05.133.613/0001-10,0,,222,"ALTO GIRO MOTORS COMERCIO DE MOTOCICLETAS LTDA(Ñ U",25,,300,300,12,12
05.133.613/0001-10,0,,223,"ALTO GIRO MOTORS COMERCIO DE MOTOCICLETAS LTDA(Ñ U",25,,550,550,22,22
05.133.613/0001-10,0,,224,"ALTO GIRO MOTORS COMERCIO DE MOTOCICLETAS LTDA(Ñ U",25,,550,550,22,22
05.133.613/0001-10,0,,225,"ALTO GIRO MOTORS COMERCIO DE MOTOCICLETAS LTDA(Ñ U",25,,250,250,10,10
05.133.613/0001-10,0,,226,"ALTO GIRO MOTORS COMERCIO DE MOTOCICLETAS LTDA(Ñ U",25,,975,975,39,39
05.133.613/0001-10,0,,227,"ALTO GIRO MOTORS COMERCIO DE MOTOCICLETAS LTDA(Ñ U",25,,1500,1500,60,60
05.133.613/0001-10,0,,228,"ALTO GIRO MOTORS COMERCIO DE MOTOCICLETAS LTDA(Ñ U",25,,1125,1125,45,45
05.133.613/0001-10,0,,229,"ALTO GIRO MOTORS COMERCIO DE MOTOCICLETAS LTDA(Ñ U",25,,550,550,22,22
05.133.613/0001-10,0,,230,"ALTO GIRO MOTORS COMERCIO DE MOTOCICLETAS LTDA(Ñ U",25,,550,550,22,22
05.133.613/0001-10,0,,231,"ALTO GIRO MOTORS COMERCIO DE MOTOCICLETAS LTDA(Ñ U",25,,450,450,18,18
05.133.613/0001-10,0,,232,"ALTO GIRO MOTORS COMERCIO DE MOTOCICLETAS LTDA(Ñ U",25,,1125,1125,45,45
05.133.613/0001-10,0,,233,"ALTO GIRO MOTORS COMERCIO DE MOTOCICLETAS LTDA(Ñ U",25,,1625,1625,65,65
05.133.613/0001-10,0,,234,"ALTO GIRO MOTORS COMERCIO DE MOTOCICLETAS LTDA(Ñ U",25,,1125,1125,45,45
05.133.613/0001-10,0,,235,"ALTO GIRO MOTORS COMERCIO DE MOTOCICLETAS LTDA(Ñ U",25,,875,875,35,35
05.133.613/0001-10,0,,236,"ALTO GIRO MOTORS COMERCIO DE MOTOCICLETAS LTDA(Ñ U",25,,875,875,35,35
05.133.613/0001-10,0,,237,"ALTO GIRO MOTORS COMERCIO DE MOTOCICLETAS LTDA(Ñ U",25,,350,350,14,14
05.133.613/0001-10,0,,238,"ALTO GIRO MOTORS COMERCIO DE MOTOCICLETAS LTDA(Ñ U",25,,300,300,12,12
05.133.613/0001-10,0,,239,"ALTO GIRO MOTORS COMERCIO DE MOTOCICLETAS LTDA(Ñ U",25,,400,400,16,16
05.133.613/0001-10,0,,240,"ALTO GIRO MOTORS COMERCIO DE MOTOCICLETAS LTDA(Ñ U",25,,150,150,6,6
05.133.613/0001-10,0,,241,"ALTO GIRO MOTORS COMERCIO DE MOTOCICLETAS LTDA(Ñ U",25,,300,300,12,12
05.133.613/0001-10,0,,242,"ALTO GIRO MOTORS COMERCIO DE MOTOCICLETAS LTDA(Ñ U",25,,300,300,12,12
05.133.613/0001-10,0,,243,"ALTO GIRO MOTORS COMERCIO DE MOTOCICLETAS LTDA(Ñ U",25,,350,350,14,14
05.133.613/0001-10,0,,244,"ALTO GIRO MOTORS COMERCIO DE MOTOCICLETAS LTDA(Ñ U",25,,550,550,22,22
05.133.613/0001-10,0,,245,"ALTO GIRO MOTORS COMERCIO DE MOTOCICLETAS LTDA(Ñ U",25,,300,300,12,12
05.133.613/0001-10,0,,246,"ALTO GIRO MOTORS COMERCIO DE MOTOCICLETAS LTDA(Ñ U",25,,350,350,14,14
05.133.613/0001-10,0,,247,"ALTO GIRO MOTORS COMERCIO DE MOTOCICLETAS LTDA(Ñ U",25,,350,350,14,14
05.133.613/0001-10,0,,248,"ALTO GIRO MOTORS COMERCIO DE MOTOCICLETAS LTDA(Ñ U",25,,400,400,16,16
05.133.613/0001-10,0,,249,"ALTO GIRO MOTORS COMERCIO DE MOTOCICLETAS LTDA(Ñ U",25,,400,400,16,16
05.133.613/0001-10,0,,250,"ALTO GIRO MOTORS COMERCIO DE MOTOCICLETAS LTDA(Ñ U",25,,400,400,16,16
05.133.613/0001-10,0,,251,"ALTO GIRO MOTORS COMERCIO DE MOTOCICLETAS LTDA(Ñ U",25,,1250,1250,50,50
05.133.613/0001-10,0,,252,"ALTO GIRO MOTORS COMERCIO DE MOTOCICLETAS LTDA(Ñ U",25,,350,350,14,14
05.133.613/0001-10,0,,253,"ALTO GIRO MOTORS COMERCIO DE MOTOCICLETAS LTDA(Ñ U",25,,875,875,35,35
05.133.613/0001-10,0,,254,"ALTO GIRO MOTORS COMERCIO DE MOTOCICLETAS LTDA(Ñ U",25,,625,625,25,25
05.133.613/0001-10,0,,255,"ALTO GIRO MOTORS COMERCIO DE MOTOCICLETAS LTDA(Ñ U",25,,750,750,30,30
05.133.613/0001-10,0,,256,"ALTO GIRO MOTORS COMERCIO DE MOTOCICLETAS LTDA(Ñ U",25,,775,775,31,31
05.133.613/0001-10,0,,257,"ALTO GIRO MOTORS COMERCIO DE MOTOCICLETAS LTDA(Ñ U",25,,775,775,31,31
05.133.613/0001-10,0,,258,"ALTO GIRO MOTORS COMERCIO DE MOTOCICLETAS LTDA(Ñ U",25,,775,775,31,31
05.133.613/0001-10,0,,259,"ALTO GIRO MOTORS COMERCIO DE MOTOCICLETAS LTDA(Ñ U",25,,750,750,30,30
05.133.613/0001-10,0,,260,"ALTO GIRO MOTORS COMERCIO DE MOTOCICLETAS LTDA(Ñ U",25,,750,750,30,30
05.133.613/0001-10,0,,261,"ALTO GIRO MOTORS COMERCIO DE MOTOCICLETAS LTDA(Ñ U",25,,750,750,30,30
05.133.613/0001-10,0,,262,"ALTO GIRO MOTORS COMERCIO DE MOTOCICLETAS LTDA(Ñ U",25,,875,875,35,35
05.133.613/0001-10,0,,263,"ALTO GIRO MOTORS COMERCIO DE MOTOCICLETAS LTDA(Ñ U",25,,750,750,30,30
05.133.613/0001-10,0,,264,"ALTO GIRO MOTORS COMERCIO DE MOTOCICLETAS LTDA(Ñ U",25,,50,50,2,2
05.133.613/0001-10,0,,265,"ALTO GIRO MOTORS COMERCIO DE MOTOCICLETAS LTDA(Ñ U",25,,50,50,2,2
05.133.613/0001-10,0,,266,"ALTO GIRO MOTORS COMERCIO DE MOTOCICLETAS LTDA(Ñ U",25,,50,50,2,2
05.133.613/0001-10,0,,267,"ALTO GIRO MOTORS COMERCIO DE MOTOCICLETAS LTDA(Ñ U",25,,3500,3500,140,140
05.133.613/0001-10,0,,268,"ALTO GIRO MOTORS COMERCIO DE MOTOCICLETAS LTDA(Ñ U",25,,2000,2000,80,80
05.133.613/0001-10,0,,269,"ALTO GIRO MOTORS COMERCIO DE MOTOCICLETAS LTDA(Ñ U",25,,1000,1000,40,40
05.133.613/0001-10,0,,270,"ALTO GIRO MOTORS COMERCIO DE MOTOCICLETAS LTDA(Ñ U",25,,675,675,27,27
05.133.613/0001-10,0,,271,"ALTO GIRO MOTORS COMERCIO DE MOTOCICLETAS LTDA(Ñ U",25,,675,675,27,27
05.133.613/0001-10,0,,272,"ALTO GIRO MOTORS COMERCIO DE MOTOCICLETAS LTDA(Ñ U",25,,4500,4500,180,180
05.133.613/0001-10,0,,273,"ALTO GIRO MOTORS COMERCIO DE MOTOCICLETAS LTDA(Ñ U",25,,500,500,20,20
05.133.613/0001-10,0,,274,"ALTO GIRO MOTORS COMERCIO DE MOTOCICLETAS LTDA(Ñ U",25,,625,625,25,25
05.133.613/0001-10,0,,275,"ALTO GIRO MOTORS COMERCIO DE MOTOCICLETAS LTDA(Ñ U",25,,300,300,12,12
05.133.613/0001-10,0,,276,"ALTO GIRO MOTORS COMERCIO DE MOTOCICLETAS LTDA(Ñ U",25,,875,875,35,35
05.133.613/0001-10,0,,277,"ALTO GIRO MOTORS COMERCIO DE MOTOCICLETAS LTDA(Ñ U",25,,1625,1625,65,65
05.133.613/0001-10,0,,278,"ALTO GIRO MOTORS COMERCIO DE MOTOCICLETAS LTDA(Ñ U",25,,1875,1875,75,75
05.133.613/0001-10,0,,279,"ALTO GIRO MOTORS COMERCIO DE MOTOCICLETAS LTDA(Ñ U",25,,1500,1500,60,60
05.133.613/0001-10,0,,280,"ALTO GIRO MOTORS COMERCIO DE MOTOCICLETAS LTDA(Ñ U",25,,1500,1500,60,60
05.133.613/0001-10,0,,281,"ALTO GIRO MOTORS COMERCIO DE MOTOCICLETAS LTDA(Ñ U",25,,3000,3000,120,120
05.133.613/0001-10,0,,282,"ALTO GIRO MOTORS COMERCIO DE MOTOCICLETAS LTDA(Ñ U",25,,7000,7000,280,280
05.133.613/0001-10,0,,283,"ALTO GIRO MOTORS COMERCIO DE MOTOCICLETAS LTDA(Ñ U",25,,13750,13750,550,550
05.133.613/0001-10,0,,284,"ALTO GIRO MOTORS COMERCIO DE MOTOCICLETAS LTDA(Ñ U",25,,625,625,25,25
05.133.613/0001-10,0,,285,"ALTO GIRO MOTORS COMERCIO DE MOTOCICLETAS LTDA(Ñ U",25,,1125,1125,45,45
05.133.613/0001-10,0,,286,"ALTO GIRO MOTORS COMERCIO DE MOTOCICLETAS LTDA(Ñ U",25,,175,175,7,7
05.133.613/0001-10,0,,287,"ALTO GIRO MOTORS COMERCIO DE MOTOCICLETAS LTDA(Ñ U",25,,3000,3000,120,120
05.133.613/0001-10,0,,288,"ALTO GIRO MOTORS COMERCIO DE MOTOCICLETAS LTDA(Ñ U",25,,300,300,12,12
05.133.613/0001-10,0,,289,"ALTO GIRO MOTORS COMERCIO DE MOTOCICLETAS LTDA(Ñ U",25,,1500,1500,60,60
05.133.613/0001-10,0,,290,"ALTO GIRO MOTORS COMERCIO DE MOTOCICLETAS LTDA(Ñ U",25,,500,500,20,20
05.133.613/0001-10,0,,291,"ALTO GIRO MOTORS COMERCIO DE MOTOCICLETAS LTDA(Ñ U",25,,625,625,25,25
05.133.613/0001-10,0,,292,"ALTO GIRO MOTORS COMERCIO DE MOTOCICLETAS LTDA(Ñ U",25,,750,750,30,30
05.133.613/0001-10,0,,293,"ALTO GIRO MOTORS COMERCIO DE MOTOCICLETAS LTDA(Ñ U",25,,550,550,22,22
05.133.613/0001-10,0,,294,"ALTO GIRO MOTORS COMERCIO DE MOTOCICLETAS LTDA(Ñ U",25,,500,500,20,20
05.133.613/0001-10,0,,295,"ALTO GIRO MOTORS COMERCIO DE MOTOCICLETAS LTDA(Ñ U",25,,375,375,15,15
05.133.613/0001-10,0,,296,"ALTO GIRO MOTORS COMERCIO DE MOTOCICLETAS LTDA(Ñ U",25,,100,100,4,4
05.133.613/0001-10,0,,297,"ALTO GIRO MOTORS COMERCIO DE MOTOCICLETAS LTDA(Ñ U",25,,375,375,15,15
05.133.613/0001-10,0,,298,"ALTO GIRO MOTORS COMERCIO DE MOTOCICLETAS LTDA(Ñ U",25,,875,875,35,35
05.133.613/0001-10,0,,299,"ALTO GIRO MOTORS COMERCIO DE MOTOCICLETAS LTDA(Ñ U",25,,6250,6250,250,250
05.133.613/0001-10,0,,300,"ALTO GIRO MOTORS COMERCIO DE MOTOCICLETAS LTDA(Ñ U",10,,120,120,12,12
05.133.613/0001-10,0,,301,"ALTO GIRO MOTORS COMERCIO DE MOTOCICLETAS LTDA(Ñ U",25,,375,375,15,15
05.133.613/0001-10,0,,302,"ALTO GIRO MOTORS COMERCIO DE MOTOCICLETAS LTDA(Ñ U",20,,1000,1000,50,50
05.133.613/0001-10,0,,303,"ALTO GIRO MOTORS COMERCIO DE MOTOCICLETAS LTDA(Ñ U",20,,800,800,40,40
05.133.613/0001-10,0,,304,"ALTO GIRO MOTORS COMERCIO DE MOTOCICLETAS LTDA(Ñ U",20,,2000,2000,100,100
05.133.613/0001-10,0,,305,"ALTO GIRO MOTORS COMERCIO DE MOTOCICLETAS LTDA(Ñ U",20,,8000,8000,400,400
05.133.613/0001-10,0,,306,"ALTO GIRO MOTORS COMERCIO DE MOTOCICLETAS LTDA(Ñ U",20,,1200,1200,60,60
05.133.613/0001-10,0,,307,"ALTO GIRO MOTORS COMERCIO DE MOTOCICLETAS LTDA(Ñ U",20,,800,800,40,40
05.133.613/0001-10,0,,308,"ALTO GIRO MOTORS COMERCIO DE MOTOCICLETAS LTDA(Ñ U",20,,360,360,18,18
05.133.613/0001-10,0,,309,"ALTO GIRO MOTORS COMERCIO DE MOTOCICLETAS LTDA(Ñ U",20,,1200,1200,60,60
05.133.613/0001-10,0,,310,"ALTO GIRO MOTORS COMERCIO DE MOTOCICLETAS LTDA(Ñ U",20,,2400,2400,120,120
05.133.613/0001-10,0,,311,"ALTO GIRO MOTORS COMERCIO DE MOTOCICLETAS LTDA(Ñ U",1000,,80000,80000,80,80
05.133.613/0001-10,0,,312,"ALTO GIRO MOTORS COMERCIO DE MOTOCICLETAS LTDA(Ñ U",1000,,500,500,0.5,0.5
05.133.613/0001-10,0,,313,"ALTO GIRO MOTORS COMERCIO DE MOTOCICLETAS LTDA(Ñ U",50,,2500,2500,50,50
05.133.613/0001-10,0,,314,"ALTO GIRO MOTORS COMERCIO DE MOTOCICLETAS LTDA(Ñ U",50,,1000,1000,20,20
05.133.613/0001-10,0,,315,"ALTO GIRO MOTORS COMERCIO DE MOTOCICLETAS LTDA(Ñ U",50,,20000,20000,400,400
05.133.613/0001-10,0,,316,"ALTO GIRO MOTORS COMERCIO DE MOTOCICLETAS LTDA(Ñ U",50,,50,50,1,1
05.133.613/0001-10,0,,317,"ALTO GIRO MOTORS COMERCIO DE MOTOCICLETAS LTDA(Ñ U",50,,1000,1000,20,20
05.133.613/0001-10,0,,318,"ALTO GIRO MOTORS COMERCIO DE MOTOCICLETAS LTDA(Ñ U",50,,750,750,15,15
05.133.613/0001-10,0,,319,"ALTO GIRO MOTORS COMERCIO DE MOTOCICLETAS LTDA(Ñ U",50,,4000,4000,80,80
05.133.613/0001-10,0,,320,"ALTO GIRO MOTORS COMERCIO DE MOTOCICLETAS LTDA(Ñ U",50,,4000,4000,80,80
05.133.613/0001-10,0,,321,"ALTO GIRO MOTORS COMERCIO DE MOTOCICLETAS LTDA(Ñ U",200,,180,180,0.9,0.9
05.133.613/0001-10,0,,322,"ALTO GIRO MOTORS COMERCIO DE MOTOCICLETAS LTDA(Ñ U",200,,140,140,0.7,0.7
05.133.613/0001-10,0,,323,"ALTO GIRO MOTORS COMERCIO DE MOTOCICLETAS LTDA(Ñ U",200,,100,100,0.5,0.5
05.133.613/0001-10,0,,324,"ALTO GIRO MOTORS COMERCIO DE MOTOCICLETAS LTDA(Ñ U",50,,6000,6000,120,120
05.133.613/0001-10,0,,325,"ALTO GIRO MOTORS COMERCIO DE MOTOCICLETAS LTDA(Ñ U",50,,5000,5000,100,100
05.133.613/0001-10,0,,326,"ALTO GIRO MOTORS COMERCIO DE MOTOCICLETAS LTDA(Ñ U",50,,9000,9000,180,180
05.133.613/0001-10,0,,327,"ALTO GIRO MOTORS COMERCIO DE MOTOCICLETAS LTDA(Ñ U",50,,8000,8000,160,160
05.133.613/0001-10,0,,328,"ALTO GIRO MOTORS COMERCIO DE MOTOCICLETAS LTDA(Ñ U",18,,18,18,1,1
05.133.613/0001-10,0,,329,"ALTO GIRO MOTORS COMERCIO DE MOTOCICLETAS LTDA(Ñ U",12,,960,960,80,80
05.133.613/0001-10,0,,330,"ALTO GIRO MOTORS COMERCIO DE MOTOCICLETAS LTDA(Ñ U",50,,2000,2000,40,40
05.133.613/0001-10,0,,331,"ALTO GIRO MOTORS COMERCIO DE MOTOCICLETAS LTDA(Ñ U",50,,7500,7500,150,150
05.133.613/0001-10,0,,332,"ALTO GIRO MOTORS COMERCIO DE MOTOCICLETAS LTDA(Ñ U",50,,4000,4000,80,80
05.133.613/0001-10,0,,333,"ALTO GIRO MOTORS COMERCIO DE MOTOCICLETAS LTDA(Ñ U",50,,6000,6000,120,120
05.133.613/0001-10,0,,334,"ALTO GIRO MOTORS COMERCIO DE MOTOCICLETAS LTDA(Ñ U",50,,9000,9000,180,180
05.133.613/0001-10,0,,335,"ALTO GIRO MOTORS COMERCIO DE MOTOCICLETAS LTDA(Ñ U",50,,4000,4000,80,80
05.133.613/0001-10,0,,336,"ALTO GIRO MOTORS COMERCIO DE MOTOCICLETAS LTDA(Ñ U",50,,4500,4500,90,90
05.133.613/0001-10,0,,337,"ALTO GIRO MOTORS COMERCIO DE MOTOCICLETAS LTDA(Ñ U",50,,1500,1500,30,30
05.133.613/0001-10,0,,338,"ALTO GIRO MOTORS COMERCIO DE MOTOCICLETAS LTDA(Ñ U",50,,2150,2150,43,43
05.133.613/0001-10,0,,339,"ALTO GIRO MOTORS COMERCIO DE MOTOCICLETAS LTDA(Ñ U",50,,850,850,17,17
05.133.613/0001-10,0,,340,"ALTO GIRO MOTORS COMERCIO DE MOTOCICLETAS LTDA(Ñ U",50,,7500,7500,150,150
05.133.613/0001-10,0,,341,"ALTO GIRO MOTORS COMERCIO DE MOTOCICLETAS LTDA(Ñ U",50,,3500,3500,70,70
05.133.613/0001-10,0,,342,"ALTO GIRO MOTORS COMERCIO DE MOTOCICLETAS LTDA(Ñ U",50,,2500,2500,50,50
05.133.613/0001-10,0,,343,"ALTO GIRO MOTORS COMERCIO DE MOTOCICLETAS LTDA(Ñ U",50,,500,500,10,10
05.133.613/0001-10,0,,344,"ALTO GIRO MOTORS COMERCIO DE MOTOCICLETAS LTDA(Ñ U",50,,500,500,10,10
05.133.613/0001-10,0,,345,"ALTO GIRO MOTORS COMERCIO DE MOTOCICLETAS LTDA(Ñ U",50,,2000,2000,40,40
05.133.613/0001-10,0,,346,"ALTO GIRO MOTORS COMERCIO DE MOTOCICLETAS LTDA(Ñ U",50,,1250,1250,25,25
05.133.613/0001-10,0,,347,"ALTO GIRO MOTORS COMERCIO DE MOTOCICLETAS LTDA(Ñ U",50,,15000,15000,300,300
05.133.613/0001-10,0,,348,"ALTO GIRO MOTORS COMERCIO DE MOTOCICLETAS LTDA(Ñ U",50,,1000,1000,20,20
05.133.613/0001-10,0,,349,"ALTO GIRO MOTORS COMERCIO DE MOTOCICLETAS LTDA(Ñ U",50,,1000,1000,20,20
05.133.613/0001-10,0,,350,"ALTO GIRO MOTORS COMERCIO DE MOTOCICLETAS LTDA(Ñ U",50,,3700,3700,74,74
05.133.613/0001-10,0,,351,"ALTO GIRO MOTORS COMERCIO DE MOTOCICLETAS LTDA(Ñ U",50,,1000,1000,20,20
05.133.613/0001-10,0,,352,"ALTO GIRO MOTORS COMERCIO DE MOTOCICLETAS LTDA(Ñ U",50,,750,750,15,15
05.133.613/0001-10,0,,353,"ALTO GIRO MOTORS COMERCIO DE MOTOCICLETAS LTDA(Ñ U",50,,1000,1000,20,20
05.133.613/0001-10,0,,354,"ALTO GIRO MOTORS COMERCIO DE MOTOCICLETAS LTDA(Ñ U",50,,1000,1000,20,20
05.133.613/0001-10,0,,355,"ALTO GIRO MOTORS COMERCIO DE MOTOCICLETAS LTDA(Ñ U",50,,3000,3000,60,60
05.133.613/0001-10,0,,356,"ALTO GIRO MOTORS COMERCIO DE MOTOCICLETAS LTDA(Ñ U",50,,1250,1250,25,25
05.133.613/0001-10,0,,357,"ALTO GIRO MOTORS COMERCIO DE MOTOCICLETAS LTDA(Ñ U",50,,1250,1250,25,25
05.133.613/0001-10,0,,358,"ALTO GIRO MOTORS COMERCIO DE MOTOCICLETAS LTDA(Ñ U",50,,1250,1250,25,25
05.133.613/0001-10,0,,359,"ALTO GIRO MOTORS COMERCIO DE MOTOCICLETAS LTDA(Ñ U",50,,1000,1000,20,20
05.133.613/0001-10,0,,360,"ALTO GIRO MOTORS COMERCIO DE MOTOCICLETAS LTDA(Ñ U",50,,1000,1000,20,20
05.133.613/0001-10,0,,361,"ALTO GIRO MOTORS COMERCIO DE MOTOCICLETAS LTDA(Ñ U",50,,2500,2500,50,50
05.133.613/0001-10,0,,362,"ALTO GIRO MOTORS COMERCIO DE MOTOCICLETAS LTDA(Ñ U",50,,7500,7500,150,150
05.133.613/0001-10,0,,363,"ALTO GIRO MOTORS COMERCIO DE MOTOCICLETAS LTDA(Ñ U",50,,7500,7500,150,150
05.133.613/0001-10,0,,364,"ALTO GIRO MOTORS COMERCIO DE MOTOCICLETAS LTDA(Ñ U",50,,20000,20000,400,400
05.133.613/0001-10,0,,365,"ALTO GIRO MOTORS COMERCIO DE MOTOCICLETAS LTDA(Ñ U",50,,7500,7500,150,150
05.133.613/0001-10,0,,366,"ALTO GIRO MOTORS COMERCIO DE MOTOCICLETAS LTDA(Ñ U",50,,2500,2500,50,50
05.133.613/0001-10,0,,367,"ALTO GIRO MOTORS COMERCIO DE MOTOCICLETAS LTDA(Ñ U",50,,3500,3500,70,70
05.133.613/0001-10,0,,368,"ALTO GIRO MOTORS COMERCIO DE MOTOCICLETAS LTDA(Ñ U",50,,2000,2000,40,40
05.133.613/0001-10,0,,369,"ALTO GIRO MOTORS COMERCIO DE MOTOCICLETAS LTDA(Ñ U",50,,3500,3500,70,70
05.133.613/0001-10,0,,370,"ALTO GIRO MOTORS COMERCIO DE MOTOCICLETAS LTDA(Ñ U",50,,3500,3500,70,70
05.133.613/0001-10,0,,371,"ALTO GIRO MOTORS COMERCIO DE MOTOCICLETAS LTDA(Ñ U",50,,2000,2000,40,40
05.133.613/0001-10,0,,372,"ALTO GIRO MOTORS COMERCIO DE MOTOCICLETAS LTDA(Ñ U",50,,12000,12000,240,240
05.133.613/0001-10,0,,373,"ALTO GIRO MOTORS COMERCIO DE MOTOCICLETAS LTDA(Ñ U",50,,4100,4100,82,82
05.133.613/0001-10,0,,374,"ALTO GIRO MOTORS COMERCIO DE MOTOCICLETAS LTDA(Ñ U",50,,3000,3000,60,60
05.133.613/0001-10,0,,375,"ALTO GIRO MOTORS COMERCIO DE MOTOCICLETAS LTDA(Ñ U",50,,500,500,10,10
05.133.613/0001-10,0,,376,"ALTO GIRO MOTORS COMERCIO DE MOTOCICLETAS LTDA(Ñ U",50,,10000,10000,200,200
05.133.613/0001-10,0,,377,"ALTO GIRO MOTORS COMERCIO DE MOTOCICLETAS LTDA(Ñ U",50,,5000,5000,100,100
05.133.613/0001-10,0,,378,"ALTO GIRO MOTORS COMERCIO DE MOTOCICLETAS LTDA(Ñ U",50,,5000,5000,100,100
05.133.613/0001-10,0,,379,"ALTO GIRO MOTORS COMERCIO DE MOTOCICLETAS LTDA(Ñ U",50,,3500,3500,70,70
05.133.613/0001-10,0,,380,"ALTO GIRO MOTORS COMERCIO DE MOTOCICLETAS LTDA(Ñ U",50,,4000,4000,80,80
05.133.613/0001-10,0,,381,"ALTO GIRO MOTORS COMERCIO DE MOTOCICLETAS LTDA(Ñ U",50,,7500,7500,150,150
05.133.613/0001-10,0,,382,"ALTO GIRO MOTORS COMERCIO DE MOTOCICLETAS LTDA(Ñ U",50,,1500,1500,30,30
05.133.613/0001-10,0,,383,"ALTO GIRO MOTORS COMERCIO DE MOTOCICLETAS LTDA(Ñ U",50,,4000,4000,80,80
05.133.613/0001-10,0,,384,"ALTO GIRO MOTORS COMERCIO DE MOTOCICLETAS LTDA(Ñ U",50,,5000,5000,100,100
05.133.613/0001-10,0,,385,"ALTO GIRO MOTORS COMERCIO DE MOTOCICLETAS LTDA(Ñ U",50,,6000,6000,120,120
05.133.613/0001-10,0,,386,"ALTO GIRO MOTORS COMERCIO DE MOTOCICLETAS LTDA(Ñ U",50,,750,750,15,15
05.133.613/0001-10,0,,387,"ALTO GIRO MOTORS COMERCIO DE MOTOCICLETAS LTDA(Ñ U",50,,2500,2500,50,50
05.133.613/0001-10,0,,388,"ALTO GIRO MOTORS COMERCIO DE MOTOCICLETAS LTDA(Ñ U",50,,13000,13000,260,260
05.133.613/0001-10,0,,389,"ALTO GIRO MOTORS COMERCIO DE MOTOCICLETAS LTDA(Ñ U",50,,10000,10000,200,200
05.133.613/0001-10,0,,390,"ALTO GIRO MOTORS COMERCIO DE MOTOCICLETAS LTDA(Ñ U",50,,400,400,8,8
05.133.613/0001-10,0,,391,"ALTO GIRO MOTORS COMERCIO DE MOTOCICLETAS LTDA(Ñ U",50,,1000,1000,20,20
05.133.613/0001-10,0,,392,"ALTO GIRO MOTORS COMERCIO DE MOTOCICLETAS LTDA(Ñ U",50,,3500,3500,70,70
05.133.613/0001-10,0,,393,"ALTO GIRO MOTORS COMERCIO DE MOTOCICLETAS LTDA(Ñ U",50,,5000,5000,100,100
05.133.613/0001-10,0,,394,"ALTO GIRO MOTORS COMERCIO DE MOTOCICLETAS LTDA(Ñ U",50,,1000,1000,20,20
05.133.613/0001-10,0,,395,"ALTO GIRO MOTORS COMERCIO DE MOTOCICLETAS LTDA(Ñ U",50,,5000,5000,100,100
05.133.613/0001-10,0,,396,"ALTO GIRO MOTORS COMERCIO DE MOTOCICLETAS LTDA(Ñ U",50,,1000,1000,20,20
05.133.613/0001-10,0,,397,"ALTO GIRO MOTORS COMERCIO DE MOTOCICLETAS LTDA(Ñ U",50,,1500,1500,30,30
05.133.613/0001-10,0,,398,"ALTO GIRO MOTORS COMERCIO DE MOTOCICLETAS LTDA(Ñ U",50,,1250,1250,25,25
05.133.613/0001-10,0,,399,"ALTO GIRO MOTORS COMERCIO DE MOTOCICLETAS LTDA(Ñ U",50,,750,750,15,15
05.133.613/0001-10,0,,400,"ALTO GIRO MOTORS COMERCIO DE MOTOCICLETAS LTDA(Ñ U",50,,1250,1250,25,25
05.133.613/0001-10,0,,401,"ALTO GIRO MOTORS COMERCIO DE MOTOCICLETAS LTDA(Ñ U",50,,1250,1250,25,25
05.133.613/0001-10,0,,402,"ALTO GIRO MOTORS COMERCIO DE MOTOCICLETAS LTDA(Ñ U",50,,1250,1250,25,25
05.133.613/0001-10,0,,403,"ALTO GIRO MOTORS COMERCIO DE MOTOCICLETAS LTDA(Ñ U",50,,900,900,18,18
05.133.613/0001-10,0,,404,"ALTO GIRO MOTORS COMERCIO DE MOTOCICLETAS LTDA(Ñ U",50,,900,900,18,18
05.133.613/0001-10,0,,405,"ALTO GIRO MOTORS COMERCIO DE MOTOCICLETAS LTDA(Ñ U",50,,500,500,10,10
05.133.613/0001-10,0,,406,"ALTO GIRO MOTORS COMERCIO DE MOTOCICLETAS LTDA(Ñ U",50,,2000,2000,40,40
05.133.613/0001-10,0,,407,"ALTO GIRO MOTORS COMERCIO DE MOTOCICLETAS LTDA(Ñ U",50,,350,350,7,7
05.133.613/0001-10,0,,408,"ALTO GIRO MOTORS COMERCIO DE MOTOCICLETAS LTDA(Ñ U",50,,6000,6000,120,120
05.133.613/0001-10,0,,409,"ALTO GIRO MOTORS COMERCIO DE MOTOCICLETAS LTDA(Ñ U",50,,7500,7500,150,150
05.133.613/0001-10,0,,410,"ALTO GIRO MOTORS COMERCIO DE MOTOCICLETAS LTDA(Ñ U",50,,3750,3750,75,75
05.133.613/0001-10,0,,411,"ALTO GIRO MOTORS COMERCIO DE MOTOCICLETAS LTDA(Ñ U",50,,4500,4500,90,90
05.133.613/0001-10,0,,412,"ALTO GIRO MOTORS COMERCIO DE MOTOCICLETAS LTDA(Ñ U",50,,4500,4500,90,90
05.133.613/0001-10,0,,413,"ALTO GIRO MOTORS COMERCIO DE MOTOCICLETAS LTDA(Ñ U",50,,4500,4500,90,90
05.133.613/0001-10,0,,414,"ALTO GIRO MOTORS COMERCIO DE MOTOCICLETAS LTDA(Ñ U",50,,4500,4500,90,90
05.133.613/0001-10,0,,415,"ALTO GIRO MOTORS COMERCIO DE MOTOCICLETAS LTDA(Ñ U",50,,4500,4500,90,90
05.133.613/0001-10,0,,416,"ALTO GIRO MOTORS COMERCIO DE MOTOCICLETAS LTDA(Ñ U",50,,4500,4500,90,90
05.133.613/0001-10,0,,417,"ALTO GIRO MOTORS COMERCIO DE MOTOCICLETAS LTDA(Ñ U",50,,4500,4500,90,90
05.133.613/0001-10,0,,418,"ALTO GIRO MOTORS COMERCIO DE MOTOCICLETAS LTDA(Ñ U",50,,4500,4500,90,90
05.133.613/0001-10,0,,419,"ALTO GIRO MOTORS COMERCIO DE MOTOCICLETAS LTDA(Ñ U",50,,4500,4500,90,90
05.133.613/0001-10,0,,420,"ALTO GIRO MOTORS COMERCIO DE MOTOCICLETAS LTDA(Ñ U",50,,4500,4500,90,90
05.133.613/0001-10,0,,421,"ALTO GIRO MOTORS COMERCIO DE MOTOCICLETAS LTDA(Ñ U",50,,29000,29000,580,580
05.133.613/0001-10,0,,422,"ALTO GIRO MOTORS COMERCIO DE MOTOCICLETAS LTDA(Ñ U",50,,1000,1000,20,20
05.133.613/0001-10,0,,423,"ALTO GIRO MOTORS COMERCIO DE MOTOCICLETAS LTDA(Ñ U",50,,500,500,10,10
05.133.613/0001-10,0,,424,"ALTO GIRO MOTORS COMERCIO DE MOTOCICLETAS LTDA(Ñ U",50,,500,500,10,10
05.133.613/0001-10,0,,425,"ALTO GIRO MOTORS COMERCIO DE MOTOCICLETAS LTDA(Ñ U",50,,500,500,10,10
05.133.613/0001-10,0,,426,"ALTO GIRO MOTORS COMERCIO DE MOTOCICLETAS LTDA(Ñ U",50,,3500,3500,70,70
05.133.613/0001-10,0,,427,"ALTO GIRO MOTORS COMERCIO DE MOTOCICLETAS LTDA(Ñ U",50,,1250,1250,25,25
05.133.613/0001-10,0,,428,"ALTO GIRO MOTORS COMERCIO DE MOTOCICLETAS LTDA(Ñ U",50,,21500,21500,430,430
05.133.613/0001-10,0,,429,"ALTO GIRO MOTORS COMERCIO DE MOTOCICLETAS LTDA(Ñ U",50,,3000,3000,60,60
05.133.613/0001-10,0,,430,"ALTO GIRO MOTORS COMERCIO DE MOTOCICLETAS LTDA(Ñ U",25,,1000,1000,40,40
05.133.613/0001-10,0,,431,"ALTO GIRO MOTORS COMERCIO DE MOTOCICLETAS LTDA(Ñ U",25,,1000,1000,40,40
05.133.613/0001-10,0,,432,"ALTO GIRO MOTORS COMERCIO DE MOTOCICLETAS LTDA(Ñ U",50,,2200,2200,44,44
05.133.613/0001-10,0,,433,"ALTO GIRO MOTORS COMERCIO DE MOTOCICLETAS LTDA(Ñ U",50,,750,750,15,15
05.133.613/0001-10,0,,434,"ALTO GIRO MOTORS COMERCIO DE MOTOCICLETAS LTDA(Ñ U",50,,6000,6000,120,120
05.133.613/0001-10,0,,435,"ALTO GIRO MOTORS COMERCIO DE MOTOCICLETAS LTDA(Ñ U",50,,1500,1500,30,30
05.133.613/0001-10,0,,436,"ALTO GIRO MOTORS COMERCIO DE MOTOCICLETAS LTDA(Ñ U",50,,500,500,10,10
05.133.613/0001-10,0,,437,"ALTO GIRO MOTORS COMERCIO DE MOTOCICLETAS LTDA(Ñ U",50,,1500,1500,30,30
05.133.613/0001-10,0,,438,"ALTO GIRO MOTORS COMERCIO DE MOTOCICLETAS LTDA(Ñ U",50,,1500,1500,30,30
05.133.613/0001-10,0,,439,"ALTO GIRO MOTORS COMERCIO DE MOTOCICLETAS LTDA(Ñ U",100,,1200,1200,12,12
05.133.613/0001-10,0,,440,"ALTO GIRO MOTORS COMERCIO DE MOTOCICLETAS LTDA(Ñ U",200,,400,400,2,2
05.133.613/0001-10,0,,441,"ALTO GIRO MOTORS COMERCIO DE MOTOCICLETAS LTDA(Ñ U",50,,750,750,15,15
05.133.613/0001-10,0,,442,"ALTO GIRO MOTORS COMERCIO DE MOTOCICLETAS LTDA(Ñ U",50,,750,750,15,15
05.133.613/0001-10,0,,443,"ALTO GIRO MOTORS COMERCIO DE MOTOCICLETAS LTDA(Ñ U",50,,750,750,15,15
05.133.613/0001-10,0,,444,"ALTO GIRO MOTORS COMERCIO DE MOTOCICLETAS LTDA(Ñ U",50,,600,600,12,12
05.133.613/0001-10,0,,445,"ALTO GIRO MOTORS COMERCIO DE MOTOCICLETAS LTDA(Ñ U",50,,900,900,18,18
05.133.613/0001-10,0,,446,"ALTO GIRO MOTORS COMERCIO DE MOTOCICLETAS LTDA(Ñ U",12,,4440,4440,370,370
05.133.613/0001-10,0,,447,"ALTO GIRO MOTORS COMERCIO DE MOTOCICLETAS LTDA(Ñ U",100,,1000,1000,10,10
05.133.613/0001-10,0,,448,"ALTO GIRO MOTORS COMERCIO DE MOTOCICLETAS LTDA(Ñ U",50,,250,250,5,5
05.133.613/0001-10,0,,449,"ALTO GIRO MOTORS COMERCIO DE MOTOCICLETAS LTDA(Ñ U",50,,500,500,10,10
05.133.613/0001-10,0,,450,"ALTO GIRO MOTORS COMERCIO DE MOTOCICLETAS LTDA(Ñ U",50,,750,750,15,15
05.133.613/0001-10,0,,451,"ALTO GIRO MOTORS COMERCIO DE MOTOCICLETAS LTDA(Ñ U",50,,500,500,10,10
05.133.613/0001-10,0,,452,"ALTO GIRO MOTORS COMERCIO DE MOTOCICLETAS LTDA(Ñ U",50,,500,500,10,10
05.133.613/0001-10,0,,453,"ALTO GIRO MOTORS COMERCIO DE MOTOCICLETAS LTDA(Ñ U",50,,2500,2500,50,50
05.133.613/0001-10,0,,454,"ALTO GIRO MOTORS COMERCIO DE MOTOCICLETAS LTDA(Ñ U",50,,750,750,15,15
05.133.613/0001-10,0,,455,"ALTO GIRO MOTORS COMERCIO DE MOTOCICLETAS LTDA(Ñ U",50,,1750,1750,35,35
05.133.613/0001-10,0,,456,"ALTO GIRO MOTORS COMERCIO DE MOTOCICLETAS LTDA(Ñ U",50,,750,750,15,15
05.133.613/0001-10,0,,457,"ALTO GIRO MOTORS COMERCIO DE MOTOCICLETAS LTDA(Ñ U",50,,4000,4000,80,80
05.133.613/0001-10,0,,458,"ALTO GIRO MOTORS COMERCIO DE MOTOCICLETAS LTDA(Ñ U",50,,600,600,12,12
05.133.613/0001-10,0,,459,"ALTO GIRO MOTORS COMERCIO DE MOTOCICLETAS LTDA(Ñ U",50,,600,600,12,12
05.133.613/0001-10,0,,460,"ALTO GIRO MOTORS COMERCIO DE MOTOCICLETAS LTDA(Ñ U",50,,1000,1000,20,20
05.133.613/0001-10,0,,461,"ALTO GIRO MOTORS COMERCIO DE MOTOCICLETAS LTDA(Ñ U",50,,500,500,10,10
05.133.613/0001-10,0,,462,"ALTO GIRO MOTORS COMERCIO DE MOTOCICLETAS LTDA(Ñ U",50,,4000,4000,80,80
05.133.613/0001-10,0,,463,"ALTO GIRO MOTORS COMERCIO DE MOTOCICLETAS LTDA(Ñ U",50,,2000,2000,40,40
05.133.613/0001-10,0,,464,"ALTO GIRO MOTORS COMERCIO DE MOTOCICLETAS LTDA(Ñ U",50,,7500,7500,150,150
05.133.613/0001-10,0,,465,"ALTO GIRO MOTORS COMERCIO DE MOTOCICLETAS LTDA(Ñ U",50,,3500,3500,70,70
05.133.613/0001-10,0,,466,"ALTO GIRO MOTORS COMERCIO DE MOTOCICLETAS LTDA(Ñ U",50,,3500,3500,70,70
05.133.613/0001-10,0,,467,"ALTO GIRO MOTORS COMERCIO DE MOTOCICLETAS LTDA(Ñ U",50,,500,500,10,10
05.133.613/0001-10,0,,468,"ALTO GIRO MOTORS COMERCIO DE MOTOCICLETAS LTDA(Ñ U",50,,1000,1000,20,20
05.133.613/0001-10,0,,469,"ALTO GIRO MOTORS COMERCIO DE MOTOCICLETAS LTDA(Ñ U",50,,500,500,10,10
05.133.613/0001-10,0,,470,"ALTO GIRO MOTORS COMERCIO DE MOTOCICLETAS LTDA(Ñ U",50,,500,500,10,10
05.133.613/0001-10,0,,471,"ALTO GIRO MOTORS COMERCIO DE MOTOCICLETAS LTDA(Ñ U",50,,500,500,10,10
05.133.613/0001-10,0,,472,"ALTO GIRO MOTORS COMERCIO DE MOTOCICLETAS LTDA(Ñ U",25,,1250,1250,50,50
05.133.613/0001-10,0,,473,"ALTO GIRO MOTORS COMERCIO DE MOTOCICLETAS LTDA(Ñ U",100,,500,500,5,5
05.133.613/0001-10,0,,474,"ALTO GIRO MOTORS COMERCIO DE MOTOCICLETAS LTDA(Ñ U",100,,3000,3000,30,30
05.133.613/0001-10,0,,475,"ALTO GIRO MOTORS COMERCIO DE MOTOCICLETAS LTDA(Ñ U",100,,3000,3000,30,30
05.133.613/0001-10,0,,476,"ALTO GIRO MOTORS COMERCIO DE MOTOCICLETAS LTDA(Ñ U",100,,100,100,1,1
05.133.613/0001-10,0,,477,"ALTO GIRO MOTORS COMERCIO DE MOTOCICLETAS LTDA(Ñ U",100,,100,100,1,1
05.133.613/0001-10,0,,478,"ALTO GIRO MOTORS COMERCIO DE MOTOCICLETAS LTDA(Ñ U",100,,3800,3800,38,38
05.133.613/0001-10,0,,479,"ALTO GIRO MOTORS COMERCIO DE MOTOCICLETAS LTDA(Ñ U",100,,3500,3500,35,35
05.133.613/0001-10,0,,480,"ALTO GIRO MOTORS COMERCIO DE MOTOCICLETAS LTDA(Ñ U",50,,4000,4000,80,80
05.133.613/0001-10,0,,481,"ALTO GIRO MOTORS COMERCIO DE MOTOCICLETAS LTDA(Ñ U",50,,150,150,3,3
05.133.613/0001-10,0,,482,"ALTO GIRO MOTORS COMERCIO DE MOTOCICLETAS LTDA(Ñ U",50,,1500,1500,30,30
05.133.613/0001-10,0,,483,"ALTO GIRO MOTORS COMERCIO DE MOTOCICLETAS LTDA(Ñ U",50,,500,500,10,10
05.133.613/0001-10,0,,484,"ALTO GIRO MOTORS COMERCIO DE MOTOCICLETAS LTDA(Ñ U",50,,500,500,10,10
05.133.613/0001-10,0,,485,"ALTO GIRO MOTORS COMERCIO DE MOTOCICLETAS LTDA(Ñ U",50,,150,150,3,3
05.133.613/0001-10,0,,486,"ALTO GIRO MOTORS COMERCIO DE MOTOCICLETAS LTDA(Ñ U",50,,3000,3000,60,60
05.133.613/0001-10,0,,487,"ALTO GIRO MOTORS COMERCIO DE MOTOCICLETAS LTDA(Ñ U",50,,800,800,16,16
05.133.613/0001-10,0,,488,"ALTO GIRO MOTORS COMERCIO DE MOTOCICLETAS LTDA(Ñ U",50,,800,800,16,16
05.133.613/0001-10,0,,489,"ALTO GIRO MOTORS COMERCIO DE MOTOCICLETAS LTDA(Ñ U",50,,4000,4000,80,80
05.133.613/0001-10,0,,490,"ALTO GIRO MOTORS COMERCIO DE MOTOCICLETAS LTDA(Ñ U",50,,8000,8000,160,160
05.133.613/0001-10,0,,491,"ALTO GIRO MOTORS COMERCIO DE MOTOCICLETAS LTDA(Ñ U",50,,5500,5500,110,110
05.133.613/0001-10,0,,492,"ALTO GIRO MOTORS COMERCIO DE MOTOCICLETAS LTDA(Ñ U",50,,4500,4500,90,90
05.133.613/0001-10,0,,493,"ALTO GIRO MOTORS COMERCIO DE MOTOCICLETAS LTDA(Ñ U",50,,2000,2000,40,40
05.133.613/0001-10,0,,494,"ALTO GIRO MOTORS COMERCIO DE MOTOCICLETAS LTDA(Ñ U",50,,500,500,10,10
05.133.613/0001-10,0,,495,"ALTO GIRO MOTORS COMERCIO DE MOTOCICLETAS LTDA(Ñ U",50,,250,250,5,5
05.133.613/0001-10,0,,496,"ALTO GIRO MOTORS COMERCIO DE MOTOCICLETAS LTDA(Ñ U",50,,250,250,5,5
05.133.613/0001-10,0,,497,"ALTO GIRO MOTORS COMERCIO DE MOTOCICLETAS LTDA(Ñ U",50,,250,250,5,5
05.133.613/0001-10,0,,498,"ALTO GIRO MOTORS COMERCIO DE MOTOCICLETAS LTDA(Ñ U",50,,100,100,2,2
05.133.613/0001-10,0,,499,"ALTO GIRO MOTORS COMERCIO DE MOTOCICLETAS LTDA(Ñ U",50,,150,150,3,3
05.133.613/0001-10,0,,500,"ALTO GIRO MOTORS COMERCIO DE MOTOCICLETAS LTDA(Ñ U",50,,250,250,5,5
05.133.613/0001-10,0,,501,"ALTO GIRO MOTORS COMERCIO DE MOTOCICLETAS LTDA(Ñ U",50,,500,500,10,10
05.133.613/0001-10,0,,502,"ALTO GIRO MOTORS COMERCIO DE MOTOCICLETAS LTDA(Ñ U",50,,1000,1000,20,20
05.133.613/0001-10,0,,503,"ALTO GIRO MOTORS COMERCIO DE MOTOCICLETAS LTDA(Ñ U",600,,10800,10800,18,18
05.133.613/0001-10,0,,504,"ALTO GIRO MOTORS COMERCIO DE MOTOCICLETAS LTDA(Ñ U",50,,1000,1000,20,20
05.133.613/0001-10,0,,505,"ALTO GIRO MOTORS COMERCIO DE MOTOCICLETAS LTDA(Ñ U",50,,1000,1000,20,20
05.133.613/0001-10,0,,506,"ALTO GIRO MOTORS COMERCIO DE MOTOCICLETAS LTDA(Ñ U",15,,3000,3000,200,200
05.133.613/0001-10,0,,507,"ALTO GIRO MOTORS COMERCIO DE MOTOCICLETAS LTDA(Ñ U",50,,3500,3500,70,70
05.133.613/0001-10,0,,508,"ALTO GIRO MOTORS COMERCIO DE MOTOCICLETAS LTDA(Ñ U",50,,4500,4500,90,90
05.133.613/0001-10,0,,509,"ALTO GIRO MOTORS COMERCIO DE MOTOCICLETAS LTDA(Ñ U",50,,300,300,6,6
05.133.613/0001-10,0,,510,"ALTO GIRO MOTORS COMERCIO DE MOTOCICLETAS LTDA(Ñ U",50,,50,50,1,1
05.133.613/0001-10,0,,511,"ALTO GIRO MOTORS COMERCIO DE MOTOCICLETAS LTDA(Ñ U",50,,1250,1250,25,25
05.133.613/0001-10,0,,512,"ALTO GIRO MOTORS COMERCIO DE MOTOCICLETAS LTDA(Ñ U",50,,1500,1500,30,30
05.133.613/0001-10,0,,513,"ALTO GIRO MOTORS COMERCIO DE MOTOCICLETAS LTDA(Ñ U",50,,1000,1000,20,20
05.133.613/0001-10,0,,514,"ALTO GIRO MOTORS COMERCIO DE MOTOCICLETAS LTDA(Ñ U",50,,1000,1000,20,20
05.133.613/0001-10,0,,515,"ALTO GIRO MOTORS COMERCIO DE MOTOCICLETAS LTDA(Ñ U",50,,1450,1450,29,29
05.133.613/0001-10,0,,516,"ALTO GIRO MOTORS COMERCIO DE MOTOCICLETAS LTDA(Ñ U",50,,4500,4500,90,90
05.133.613/0001-10,0,,517,"ALTO GIRO MOTORS COMERCIO DE MOTOCICLETAS LTDA(Ñ U",50,,500,500,10,10
05.133.613/0001-10,0,,518,"ALTO GIRO MOTORS COMERCIO DE MOTOCICLETAS LTDA(Ñ U",50,,1500,1500,30,30
05.133.613/0001-10,0,,519,"ALTO GIRO MOTORS COMERCIO DE MOTOCICLETAS LTDA(Ñ U",50,,1500,1500,30,30
05.133.613/0001-10,0,,520,"ALTO GIRO MOTORS COMERCIO DE MOTOCICLETAS LTDA(Ñ U",50,,4000,4000,80,80
05.133.613/0001-10,0,,521,"ALTO GIRO MOTORS COMERCIO DE MOTOCICLETAS LTDA(Ñ U",50,,1000,1000,20,20
05.133.613/0001-10,0,,522,"ALTO GIRO MOTORS COMERCIO DE MOTOCICLETAS LTDA(Ñ U",50,,2500,2500,50,50
05.133.613/0001-10,0,,523,"ALTO GIRO MOTORS COMERCIO DE MOTOCICLETAS LTDA(Ñ U",50,,5000,5000,100,100
05.133.613/0001-10,0,,524,"ALTO GIRO MOTORS COMERCIO DE MOTOCICLETAS LTDA(Ñ U",50,,5000,5000,100,100
05.133.613/0001-10,0,,525,"ALTO GIRO MOTORS COMERCIO DE MOTOCICLETAS LTDA(Ñ U",50,,3500,3500,70,70
05.133.613/0001-10,0,,526,"ALTO GIRO MOTORS COMERCIO DE MOTOCICLETAS LTDA(Ñ U",50,,5000,5000,100,100
05.133.613/0001-10,0,,527,"ALTO GIRO MOTORS COMERCIO DE MOTOCICLETAS LTDA(Ñ U",50,,10000,10000,200,200
05.133.613/0001-10,0,,528,"ALTO GIRO MOTORS COMERCIO DE MOTOCICLETAS LTDA(Ñ U",50,,11000,11000,220,220
05.133.613/0001-10,0,,529,"ALTO GIRO MOTORS COMERCIO DE MOTOCICLETAS LTDA(Ñ U",200,,200,200,1,1
05.133.613/0001-10,0,,530,"ALTO GIRO MOTORS COMERCIO DE MOTOCICLETAS LTDA(Ñ U",200,,200,200,1,1
05.133.613/0001-10,0,,531,"ALTO GIRO MOTORS COMERCIO DE MOTOCICLETAS LTDA(Ñ U",200,,200,200,1,1
05.133.613/0001-10,0,,532,"ALTO GIRO MOTORS COMERCIO DE MOTOCICLETAS LTDA(Ñ U",50,,750,750,15,15
05.133.613/0001-10,0,,533,"ALTO GIRO MOTORS COMERCIO DE MOTOCICLETAS LTDA(Ñ U",50,,250,250,5,5
05.133.613/0001-10,0,,534,"ALTO GIRO MOTORS COMERCIO DE MOTOCICLETAS LTDA(Ñ U",50,,500,500,10,10
05.133.613/0001-10,0,,535,"ALTO GIRO MOTORS COMERCIO DE MOTOCICLETAS LTDA(Ñ U",50,,500,500,10,10
05.133.613/0001-10,0,,536,"ALTO GIRO MOTORS COMERCIO DE MOTOCICLETAS LTDA(Ñ U",50,,250,250,5,5
05.133.613/0001-10,0,,537,"ALTO GIRO MOTORS COMERCIO DE MOTOCICLETAS LTDA(Ñ U",50,,1750,1750,35,35
05.133.613/0001-10,0,,538,"ALTO GIRO MOTORS COMERCIO DE MOTOCICLETAS LTDA(Ñ U",50,,2250,2250,45,45
05.133.613/0001-10,0,,539,"ALTO GIRO MOTORS COMERCIO DE MOTOCICLETAS LTDA(Ñ U",50,,4500,4500,90,90
05.133.613/0001-10,0,,540,"ALTO GIRO MOTORS COMERCIO DE MOTOCICLETAS LTDA(Ñ U",50,,1750,1750,35,35
05.133.613/0001-10,0,,541,"ALTO GIRO MOTORS COMERCIO DE MOTOCICLETAS LTDA(Ñ U",50,,300,300,6,6
05.133.613/0001-10,0,,542,"ALTO GIRO MOTORS COMERCIO DE MOTOCICLETAS LTDA(Ñ U",50,,300,300,6,6
05.133.613/0001-10,0,,543,"ALTO GIRO MOTORS COMERCIO DE MOTOCICLETAS LTDA(Ñ U",50,,1000,1000,20,20
05.133.613/0001-10,0,,544,"ALTO GIRO MOTORS COMERCIO DE MOTOCICLETAS LTDA(Ñ U",50,,500,500,10,10
05.133.613/0001-10,0,,545,"ALTO GIRO MOTORS COMERCIO DE MOTOCICLETAS LTDA(Ñ U",50,,9500,9500,190,190
05.133.613/0001-10,0,,546,"ALTO GIRO MOTORS COMERCIO DE MOTOCICLETAS LTDA(Ñ U",50,,750,750,15,15
05.133.613/0001-10,0,,547,"ALTO GIRO MOTORS COMERCIO DE MOTOCICLETAS LTDA(Ñ U",50,,1500,1500,30,30
05.133.613/0001-10,0,,548,"ALTO GIRO MOTORS COMERCIO DE MOTOCICLETAS LTDA(Ñ U",50,,500,500,10,10
05.133.613/0001-10,0,,549,"ALTO GIRO MOTORS COMERCIO DE MOTOCICLETAS LTDA(Ñ U",50,,1500,1500,30,30
05.133.613/0001-10,0,,550,"ALTO GIRO MOTORS COMERCIO DE MOTOCICLETAS LTDA(Ñ U",50,,900,900,18,18
05.133.613/0001-10,0,,551,"ALTO GIRO MOTORS COMERCIO DE MOTOCICLETAS LTDA(Ñ U",50,,900,900,18,18
05.133.613/0001-10,0,,552,"ALTO GIRO MOTORS COMERCIO DE MOTOCICLETAS LTDA(Ñ U",50,,800,800,16,16
05.133.613/0001-10,0,,553,"ALTO GIRO MOTORS COMERCIO DE MOTOCICLETAS LTDA(Ñ U",50,,700,700,14,14
05.133.613/0001-10,0,,554,"ALTO GIRO MOTORS COMERCIO DE MOTOCICLETAS LTDA(Ñ U",50,,900,900,18,18
05.133.613/0001-10,0,,555,"ALTO GIRO MOTORS COMERCIO DE MOTOCICLETAS LTDA(Ñ U",50,,800,800,16,16
05.133.613/0001-10,0,,556,"ALTO GIRO MOTORS COMERCIO DE MOTOCICLETAS LTDA(Ñ U",50,,400,400,8,8
05.133.613/0001-10,0,,557,"ALTO GIRO MOTORS COMERCIO DE MOTOCICLETAS LTDA(Ñ U",50,,300,300,6,6
05.133.613/0001-10,0,,558,"ALTO GIRO MOTORS COMERCIO DE MOTOCICLETAS LTDA(Ñ U",50,,600,600,12,12
05.133.613/0001-10,0,,559,"ALTO GIRO MOTORS COMERCIO DE MOTOCICLETAS LTDA(Ñ U",50,,600,600,12,12
05.133.613/0001-10,0,,560,"ALTO GIRO MOTORS COMERCIO DE MOTOCICLETAS LTDA(Ñ U",50,,750,750,15,15
05.133.613/0001-10,0,,561,"ALTO GIRO MOTORS COMERCIO DE MOTOCICLETAS LTDA(Ñ U",50,,1600,1600,32,32
05.133.613/0001-10,0,,562,"ALTO GIRO MOTORS COMERCIO DE MOTOCICLETAS LTDA(Ñ U",50,,1600,1600,32,32
05.133.613/0001-10,0,,563,"ALTO GIRO MOTORS COMERCIO DE MOTOCICLETAS LTDA(Ñ U",50,,1600,1600,32,32
05.133.613/0001-10,0,,564,"ALTO GIRO MOTORS COMERCIO DE MOTOCICLETAS LTDA(Ñ U",50,,1600,1600,32,32
05.133.613/0001-10,0,,565,"ALTO GIRO MOTORS COMERCIO DE MOTOCICLETAS LTDA(Ñ U",50,,1600,1600,32,32
05.133.613/0001-10,0,,566,"ALTO GIRO MOTORS COMERCIO DE MOTOCICLETAS LTDA(Ñ U",50,,1600,1600,32,32
05.133.613/0001-10,0,,567,"ALTO GIRO MOTORS COMERCIO DE MOTOCICLETAS LTDA(Ñ U",80,,2560,2560,32,32
05.133.613/0001-10,0,,568,"ALTO GIRO MOTORS COMERCIO DE MOTOCICLETAS LTDA(Ñ U",80,,2560,2560,32,32
05.133.613/0001-10,0,,569,"ALTO GIRO MOTORS COMERCIO DE MOTOCICLETAS LTDA(Ñ U",80,,2560,2560,32,32
05.133.613/0001-10,0,,570,"ALTO GIRO MOTORS COMERCIO DE MOTOCICLETAS LTDA(Ñ U",80,,2560,2560,32,32
05.133.613/0001-10,0,,571,"ALTO GIRO MOTORS COMERCIO DE MOTOCICLETAS LTDA(Ñ U",80,,2560,2560,32,32
05.133.613/0001-10,0,,572,"ALTO GIRO MOTORS COMERCIO DE MOTOCICLETAS LTDA(Ñ U",50,,50,50,1,1
05.133.613/0001-10,0,,573,"ALTO GIRO MOTORS COMERCIO DE MOTOCICLETAS LTDA(Ñ U",50,,50,50,1,1
05.133.613/0001-10,0,,574,"ALTO GIRO MOTORS COMERCIO DE MOTOCICLETAS LTDA(Ñ U",50,,50,50,1,1
05.133.613/0001-10,0,,575,"ALTO GIRO MOTORS COMERCIO DE MOTOCICLETAS LTDA(Ñ U",50,,250,250,5,5
05.133.613/0001-10,0,,576,"ALTO GIRO MOTORS COMERCIO DE MOTOCICLETAS LTDA(Ñ U",50,,15000,15000,300,300
05.133.613/0001-10,0,,577,"ALTO GIRO MOTORS COMERCIO DE MOTOCICLETAS LTDA(Ñ U",50,,4500,4500,90,90
05.133.613/0001-10,0,,578,"ALTO GIRO MOTORS COMERCIO DE MOTOCICLETAS LTDA(Ñ U",50,,4000,4000,80,80
05.133.613/0001-10,0,,579,"ALTO GIRO MOTORS COMERCIO DE MOTOCICLETAS LTDA(Ñ U",50,,7500,7500,150,150
05.133.613/0001-10,0,,580,"ALTO GIRO MOTORS COMERCIO DE MOTOCICLETAS LTDA(Ñ U",80,,6400,6400,80,80
05.133.613/0001-10,0,,581,"ALTO GIRO MOTORS COMERCIO DE MOTOCICLETAS LTDA(Ñ U",50,,2000,2000,40,40
05.133.613/0001-10,0,,582,"ALTO GIRO MOTORS COMERCIO DE MOTOCICLETAS LTDA(Ñ U",50,,2000,2000,40,40
05.133.613/0001-10,0,,583,"ALTO GIRO MOTORS COMERCIO DE MOTOCICLETAS LTDA(Ñ U",50,,9000,9000,180,180
05.133.613/0001-10,0,,584,"ALTO GIRO MOTORS COMERCIO DE MOTOCICLETAS LTDA(Ñ U",50,,1000,1000,20,20
05.133.613/0001-10,0,,585,"ALTO GIRO MOTORS COMERCIO DE MOTOCICLETAS LTDA(Ñ U",50,,600,600,12,12
05.133.613/0001-10,0,,586,"ALTO GIRO MOTORS COMERCIO DE MOTOCICLETAS LTDA(Ñ U",50,,600,600,12,12
05.133.613/0001-10,0,,587,"ALTO GIRO MOTORS COMERCIO DE MOTOCICLETAS LTDA(Ñ U",50,,2000,2000,40,40
05.133.613/0001-10,0,,588,"ALTO GIRO MOTORS COMERCIO DE MOTOCICLETAS LTDA(Ñ U",50,,6000,6000,120,120
05.133.613/0001-10,0,,589,"ALTO GIRO MOTORS COMERCIO DE MOTOCICLETAS LTDA(Ñ U",50,,6500,6500,130,130
05.133.613/0001-10,0,,590,"ALTO GIRO MOTORS COMERCIO DE MOTOCICLETAS LTDA(Ñ U",50,,2000,2000,40,40
05.133.613/0001-10,0,,591,"ALTO GIRO MOTORS COMERCIO DE MOTOCICLETAS LTDA(Ñ U",50,,2000,2000,40,40
05.133.613/0001-10,0,,592,"ALTO GIRO MOTORS COMERCIO DE MOTOCICLETAS LTDA(Ñ U",50,,11000,11000,220,220
05.133.613/0001-10,0,,593,"ALTO GIRO MOTORS COMERCIO DE MOTOCICLETAS LTDA(Ñ U",50,,14000,14000,280,280
05.133.613/0001-10,0,,594,"ALTO GIRO MOTORS COMERCIO DE MOTOCICLETAS LTDA(Ñ U",50,,15000,15000,300,300
05.133.613/0001-10,0,,595,"ALTO GIRO MOTORS COMERCIO DE MOTOCICLETAS LTDA(Ñ U",50,,22500,22500,450,450
05.133.613/0001-10,0,,596,"ALTO GIRO MOTORS COMERCIO DE MOTOCICLETAS LTDA(Ñ U",50,,1000,1000,20,20
05.133.613/0001-10,0,,597,"ALTO GIRO MOTORS COMERCIO DE MOTOCICLETAS LTDA(Ñ U",50,,2400,2400,48,48
05.133.613/0001-10,0,,598,"ALTO GIRO MOTORS COMERCIO DE MOTOCICLETAS LTDA(Ñ U",100,,600,600,6,6
05.133.613/0001-10,0,,599,"ALTO GIRO MOTORS COMERCIO DE MOTOCICLETAS LTDA(Ñ U",100,,600,600,6,6
05.133.613/0001-10,0,,600,"ALTO GIRO MOTORS COMERCIO DE MOTOCICLETAS LTDA(Ñ U",50,,150,150,3,3
05.133.613/0001-10,0,,601,"ALTO GIRO MOTORS COMERCIO DE MOTOCICLETAS LTDA(Ñ U",50,,3000,3000,60,60
05.133.613/0001-10,0,,602,"ALTO GIRO MOTORS COMERCIO DE MOTOCICLETAS LTDA(Ñ U",50,,4000,4000,80,80
05.133.613/0001-10,0,,603,"ALTO GIRO MOTORS COMERCIO DE MOTOCICLETAS LTDA(Ñ U",50,,1500,1500,30,30
05.133.613/0001-10,0,,604,"ALTO GIRO MOTORS COMERCIO DE MOTOCICLETAS LTDA(Ñ U",50,,1250,1250,25,25
05.133.613/0001-10,0,,605,"ALTO GIRO MOTORS COMERCIO DE MOTOCICLETAS LTDA(Ñ U",50,,1250,1250,25,25
05.133.613/0001-10,0,,606,"ALTO GIRO MOTORS COMERCIO DE MOTOCICLETAS LTDA(Ñ U",50,,1500,1500,30,30
05.133.613/0001-10,0,,607,"ALTO GIRO MOTORS COMERCIO DE MOTOCICLETAS LTDA(Ñ U",50,,2750,2750,55,55
05.133.613/0001-10,0,,608,"ALTO GIRO MOTORS COMERCIO DE MOTOCICLETAS LTDA(Ñ U",50,,2750,2750,55,55
05.133.613/0001-10,0,,609,"ALTO GIRO MOTORS COMERCIO DE MOTOCICLETAS LTDA(Ñ U",50,,1750,1750,35,35
05.133.613/0001-10,0,,610,"ALTO GIRO MOTORS COMERCIO DE MOTOCICLETAS LTDA(Ñ U",50,,450,450,9,9
05.133.613/0001-10,0,,611,"ALTO GIRO MOTORS COMERCIO DE MOTOCICLETAS LTDA(Ñ U",50,,1250,1250,25,25
05.133.613/0001-10,0,,612,"ALTO GIRO MOTORS COMERCIO DE MOTOCICLETAS LTDA(Ñ U",50,,1750,1750,35,35
05.133.613/0001-10,0,,613,"ALTO GIRO MOTORS COMERCIO DE MOTOCICLETAS LTDA(Ñ U",10,,9000,9000,900,900
05.133.613/0001-10,0,,614,"ALTO GIRO MOTORS COMERCIO DE MOTOCICLETAS LTDA(Ñ U",20,,240,240,12,12
05.133.613/0001-10,0,,615,"ALTO GIRO MOTORS COMERCIO DE MOTOCICLETAS LTDA(Ñ U",50,,750,750,15,15
05.133.613/0001-10,0,,616,"ALTO GIRO MOTORS COMERCIO DE MOTOCICLETAS LTDA(Ñ U",80,,4800,4800,60,60
05.133.613/0001-10,0,,617,"ALTO GIRO MOTORS COMERCIO DE MOTOCICLETAS LTDA(Ñ U",80,,3200,3200,40,40
05.133.613/0001-10,0,,618,"ALTO GIRO MOTORS COMERCIO DE MOTOCICLETAS LTDA(Ñ U",80,,8000,8000,100,100
05.133.613/0001-10,0,,619,"ALTO GIRO MOTORS COMERCIO DE MOTOCICLETAS LTDA(Ñ U",80,,32000,32000,400,400
05.133.613/0001-10,0,,620,"ALTO GIRO MOTORS COMERCIO DE MOTOCICLETAS LTDA(Ñ U",80,,4800,4800,60,60
05.133.613/0001-10,0,,621,"ALTO GIRO MOTORS COMERCIO DE MOTOCICLETAS LTDA(Ñ U",80,,4800,4800,60,60
05.133.613/0001-10,0,,622,"ALTO GIRO MOTORS COMERCIO DE MOTOCICLETAS LTDA(Ñ U",80,,1440,1440,18,18
05.133.613/0001-10,0,,623,"ALTO GIRO MOTORS COMERCIO DE MOTOCICLETAS LTDA(Ñ U",80,,4800,4800,60,60
05.133.613/0001-10,0,,624,"ALTO GIRO MOTORS COMERCIO DE MOTOCICLETAS LTDA(Ñ U",80,,9600,9600,120,120
05.133.613/0001-10,0,,625,"ALTO GIRO MOTORS COMERCIO DE MOTOCICLETAS LTDA(Ñ U",2000,,120000,120000,60,60
05.133.613/0001-10,0,,626,"ALTO GIRO MOTORS COMERCIO DE MOTOCICLETAS LTDA(Ñ U",1000,,200,200,0.2,0.2
05.133.613/0001-10,0,,627,"ALTO GIRO MOTORS COMERCIO DE MOTOCICLETAS LTDA(Ñ U",15,,120,120,8,8
05.133.613/0001-10,0,,628,"ALTO GIRO MOTORS COMERCIO DE MOTOCICLETAS LTDA(Ñ U",15,,180,180,12,12
05.133.613/0001-10,0,,629,"ALTO GIRO MOTORS COMERCIO DE MOTOCICLETAS LTDA(Ñ U",15,,1020,1020,68,68
05.133.613/0001-10,0,,630,"ALTO GIRO MOTORS COMERCIO DE MOTOCICLETAS LTDA(Ñ U",15,,3375,3375,225,225
05.133.613/0001-10,0,,631,"ALTO GIRO MOTORS COMERCIO DE MOTOCICLETAS LTDA(Ñ U",15,,45,45,3,3
05.133.613/0001-10,0,,632,"ALTO GIRO MOTORS COMERCIO DE MOTOCICLETAS LTDA(Ñ U",15,,90,90,6,6
05.133.613/0001-10,0,,633,"ALTO GIRO MOTORS COMERCIO DE MOTOCICLETAS LTDA(Ñ U",15,,210,210,14,14
05.133.613/0001-10,0,,634,"ALTO GIRO MOTORS COMERCIO DE MOTOCICLETAS LTDA(Ñ U",200,,80,80,0.4,0.4
05.133.613/0001-10,0,,635,"ALTO GIRO MOTORS COMERCIO DE MOTOCICLETAS LTDA(Ñ U",200,,120,120,0.6,0.6
05.133.613/0001-10,0,,636,"ALTO GIRO MOTORS COMERCIO DE MOTOCICLETAS LTDA(Ñ U",200,,160,160,0.8,0.8
05.133.613/0001-10,0,,637,"ALTO GIRO MOTORS COMERCIO DE MOTOCICLETAS LTDA(Ñ U",15,,2550,2550,170,170
05.133.613/0001-10,0,,638,"ALTO GIRO MOTORS COMERCIO DE MOTOCICLETAS LTDA(Ñ U",15,,1350,1350,90,90
05.133.613/0001-10,0,,639,"ALTO GIRO MOTORS COMERCIO DE MOTOCICLETAS LTDA(Ñ U",15,,330,330,22,22
05.133.613/0001-10,0,,640,"ALTO GIRO MOTORS COMERCIO DE MOTOCICLETAS LTDA(Ñ U",15,,1305,1305,87,87
05.133.613/0001-10,0,,641,"ALTO GIRO MOTORS COMERCIO DE MOTOCICLETAS LTDA(Ñ U",15,,900,900,60,60
05.133.613/0001-10,0,,642,"ALTO GIRO MOTORS COMERCIO DE MOTOCICLETAS LTDA(Ñ U",15,,450,450,30,30
05.133.613/0001-10,0,,643,"ALTO GIRO MOTORS COMERCIO DE MOTOCICLETAS LTDA(Ñ U",15,,1800,1800,120,120
05.133.613/0001-10,0,,644,"ALTO GIRO MOTORS COMERCIO DE MOTOCICLETAS LTDA(Ñ U",15,,2040,2040,136,136
05.133.613/0001-10,0,,645,"ALTO GIRO MOTORS COMERCIO DE MOTOCICLETAS LTDA(Ñ U",15,,2850,2850,190,190
05.133.613/0001-10,0,,646,"ALTO GIRO MOTORS COMERCIO DE MOTOCICLETAS LTDA(Ñ U",15,,1410,1410,94,94
05.133.613/0001-10,0,,647,"ALTO GIRO MOTORS COMERCIO DE MOTOCICLETAS LTDA(Ñ U",15,,915,915,61,61
05.133.613/0001-10,0,,648,"ALTO GIRO MOTORS COMERCIO DE MOTOCICLETAS LTDA(Ñ U",15,,225,225,15,15
05.133.613/0001-10,0,,649,"ALTO GIRO MOTORS COMERCIO DE MOTOCICLETAS LTDA(Ñ U",15,,420,420,28,28
05.133.613/0001-10,0,,650,"ALTO GIRO MOTORS COMERCIO DE MOTOCICLETAS LTDA(Ñ U",15,,210,210,14,14
05.133.613/0001-10,0,,651,"ALTO GIRO MOTORS COMERCIO DE MOTOCICLETAS LTDA(Ñ U",15,,435,435,29,29
05.133.613/0001-10,0,,652,"ALTO GIRO MOTORS COMERCIO DE MOTOCICLETAS LTDA(Ñ U",15,,675,675,45,45
05.133.613/0001-10,0,,653,"ALTO GIRO MOTORS COMERCIO DE MOTOCICLETAS LTDA(Ñ U",15,,120,120,8,8
05.133.613/0001-10,0,,654,"ALTO GIRO MOTORS COMERCIO DE MOTOCICLETAS LTDA(Ñ U",15,,390,390,26,26
05.133.613/0001-10,0,,655,"ALTO GIRO MOTORS COMERCIO DE MOTOCICLETAS LTDA(Ñ U",15,,45,45,3,3
05.133.613/0001-10,0,,656,"ALTO GIRO MOTORS COMERCIO DE MOTOCICLETAS LTDA(Ñ U",15,,120,120,8,8
05.133.613/0001-10,0,,657,"ALTO GIRO MOTORS COMERCIO DE MOTOCICLETAS LTDA(Ñ U",15,,375,375,25,25
05.133.613/0001-10,0,,658,"ALTO GIRO MOTORS COMERCIO DE MOTOCICLETAS LTDA(Ñ U",15,,120,120,8,8
05.133.613/0001-10,0,,659,"ALTO GIRO MOTORS COMERCIO DE MOTOCICLETAS LTDA(Ñ U",15,,225,225,15,15
05.133.613/0001-10,0,,660,"ALTO GIRO MOTORS COMERCIO DE MOTOCICLETAS LTDA(Ñ U",15,,225,225,15,15
05.133.613/0001-10,0,,661,"ALTO GIRO MOTORS COMERCIO DE MOTOCICLETAS LTDA(Ñ U",15,,105,105,7,7
05.133.613/0001-10,0,,662,"ALTO GIRO MOTORS COMERCIO DE MOTOCICLETAS LTDA(Ñ U",15,,375,375,25,25
05.133.613/0001-10,0,,663,"ALTO GIRO MOTORS COMERCIO DE MOTOCICLETAS LTDA(Ñ U",15,,2700,2700,180,180
05.133.613/0001-10,0,,664,"ALTO GIRO MOTORS COMERCIO DE MOTOCICLETAS LTDA(Ñ U",15,,210,210,14,14
05.133.613/0001-10,0,,665,"ALTO GIRO MOTORS COMERCIO DE MOTOCICLETAS LTDA(Ñ U",15,,210,210,14,14
05.133.613/0001-10,0,,666,"ALTO GIRO MOTORS COMERCIO DE MOTOCICLETAS LTDA(Ñ U",15,,390,390,26,26
05.133.613/0001-10,0,,667,"ALTO GIRO MOTORS COMERCIO DE MOTOCICLETAS LTDA(Ñ U",15,,270,270,18,18
05.133.613/0001-10,0,,668,"ALTO GIRO MOTORS COMERCIO DE MOTOCICLETAS LTDA(Ñ U",15,,450,450,30,30
05.133.613/0001-10,0,,669,"ALTO GIRO MOTORS COMERCIO DE MOTOCICLETAS LTDA(Ñ U",15,,210,210,14,14
05.133.613/0001-10,0,,670,"ALTO GIRO MOTORS COMERCIO DE MOTOCICLETAS LTDA(Ñ U",15,,285,285,19,19
05.133.613/0001-10,0,,671,"ALTO GIRO MOTORS COMERCIO DE MOTOCICLETAS LTDA(Ñ U",15,,375,375,25,25
05.133.613/0001-10,0,,672,"ALTO GIRO MOTORS COMERCIO DE MOTOCICLETAS LTDA(Ñ U",15,,375,375,25,25
05.133.613/0001-10,0,,673,"ALTO GIRO MOTORS COMERCIO DE MOTOCICLETAS LTDA(Ñ U",15,,375,375,25,25
05.133.613/0001-10,0,,674,"ALTO GIRO MOTORS COMERCIO DE MOTOCICLETAS LTDA(Ñ U",15,,225,225,15,15
05.133.613/0001-10,0,,675,"ALTO GIRO MOTORS COMERCIO DE MOTOCICLETAS LTDA(Ñ U",15,,210,210,14,14
05.133.613/0001-10,0,,676,"ALTO GIRO MOTORS COMERCIO DE MOTOCICLETAS LTDA(Ñ U",15,,330,330,22,22
05.133.613/0001-10,0,,677,"ALTO GIRO MOTORS COMERCIO DE MOTOCICLETAS LTDA(Ñ U",15,,60,60,4,4
05.133.613/0001-10,0,,678,"ALTO GIRO MOTORS COMERCIO DE MOTOCICLETAS LTDA(Ñ U",15,,2850,2850,190,190
05.133.613/0001-10,0,,679,"ALTO GIRO MOTORS COMERCIO DE MOTOCICLETAS LTDA(Ñ U",15,,1350,1350,90,90
05.133.613/0001-10,0,,680,"ALTO GIRO MOTORS COMERCIO DE MOTOCICLETAS LTDA(Ñ U",15,,1800,1800,120,120
05.133.613/0001-10,0,,681,"ALTO GIRO MOTORS COMERCIO DE MOTOCICLETAS LTDA(Ñ U",15,,1050,1050,70,70
05.133.613/0001-10,0,,682,"ALTO GIRO MOTORS COMERCIO DE MOTOCICLETAS LTDA(Ñ U",15,,120,120,8,8
05.133.613/0001-10,0,,683,"ALTO GIRO MOTORS COMERCIO DE MOTOCICLETAS LTDA(Ñ U",15,,525,525,35,35
05.133.613/0001-10,0,,684,"ALTO GIRO MOTORS COMERCIO DE MOTOCICLETAS LTDA(Ñ U",15,,375,375,25,25
05.133.613/0001-10,0,,685,"ALTO GIRO MOTORS COMERCIO DE MOTOCICLETAS LTDA(Ñ U",15,,750,750,50,50
05.133.613/0001-10,0,,686,"ALTO GIRO MOTORS COMERCIO DE MOTOCICLETAS LTDA(Ñ U",15,,750,750,50,50
05.133.613/0001-10,0,,687,"ALTO GIRO MOTORS COMERCIO DE MOTOCICLETAS LTDA(Ñ U",15,,555,555,37,37
05.133.613/0001-10,0,,688,"ALTO GIRO MOTORS COMERCIO DE MOTOCICLETAS LTDA(Ñ U",15,,900,900,60,60
05.133.613/0001-10,0,,689,"ALTO GIRO MOTORS COMERCIO DE MOTOCICLETAS LTDA(Ñ U",15,,1020,1020,68,68
05.133.613/0001-10,0,,690,"ALTO GIRO MOTORS COMERCIO DE MOTOCICLETAS LTDA(Ñ U",15,,525,525,35,35
05.133.613/0001-10,0,,691,"ALTO GIRO MOTORS COMERCIO DE MOTOCICLETAS LTDA(Ñ U",15,,1830,1830,122,122
05.133.613/0001-10,0,,692,"ALTO GIRO MOTORS COMERCIO DE MOTOCICLETAS LTDA(Ñ U",15,,1035,1035,69,69
05.133.613/0001-10,0,,693,"ALTO GIRO MOTORS COMERCIO DE MOTOCICLETAS LTDA(Ñ U",15,,1110,1110,74,74
05.133.613/0001-10,0,,694,"ALTO GIRO MOTORS COMERCIO DE MOTOCICLETAS LTDA(Ñ U",15,,675,675,45,45
05.133.613/0001-10,0,,695,"ALTO GIRO MOTORS COMERCIO DE MOTOCICLETAS LTDA(Ñ U",15,,825,825,55,55
05.133.613/0001-10,0,,696,"ALTO GIRO MOTORS COMERCIO DE MOTOCICLETAS LTDA(Ñ U",15,,375,375,25,25
05.133.613/0001-10,0,,697,"ALTO GIRO MOTORS COMERCIO DE MOTOCICLETAS LTDA(Ñ U",15,,1200,1200,80,80
05.133.613/0001-10,0,,698,"ALTO GIRO MOTORS COMERCIO DE MOTOCICLETAS LTDA(Ñ U",15,,180,180,12,12
05.133.613/0001-10,0,,699,"ALTO GIRO MOTORS COMERCIO DE MOTOCICLETAS LTDA(Ñ U",15,,900,900,60,60
05.133.613/0001-10,0,,700,"ALTO GIRO MOTORS COMERCIO DE MOTOCICLETAS LTDA(Ñ U",15,,1800,1800,120,120
05.133.613/0001-10,0,,701,"ALTO GIRO MOTORS COMERCIO DE MOTOCICLETAS LTDA(Ñ U",15,,900,900,60,60
05.133.613/0001-10,0,,702,"ALTO GIRO MOTORS COMERCIO DE MOTOCICLETAS LTDA(Ñ U",15,,330,330,22,22
05.133.613/0001-10,0,,703,"ALTO GIRO MOTORS COMERCIO DE MOTOCICLETAS LTDA(Ñ U",15,,675,675,45,45
05.133.613/0001-10,0,,704,"ALTO GIRO MOTORS COMERCIO DE MOTOCICLETAS LTDA(Ñ U",15,,120,120,8,8
05.133.613/0001-10,0,,705,"ALTO GIRO MOTORS COMERCIO DE MOTOCICLETAS LTDA(Ñ U",15,,240,240,16,16
05.133.613/0001-10,0,,706,"ALTO GIRO MOTORS COMERCIO DE MOTOCICLETAS LTDA(Ñ U",15,,1350,1350,90,90
05.133.613/0001-10,0,,707,"ALTO GIRO MOTORS COMERCIO DE MOTOCICLETAS LTDA(Ñ U",15,,435,435,29,29
05.133.613/0001-10,0,,708,"ALTO GIRO MOTORS COMERCIO DE MOTOCICLETAS LTDA(Ñ U",15,,300,300,20,20
05.133.613/0001-10,0,,709,"ALTO GIRO MOTORS COMERCIO DE MOTOCICLETAS LTDA(Ñ U",15,,675,675,45,45
05.133.613/0001-10,0,,710,"ALTO GIRO MOTORS COMERCIO DE MOTOCICLETAS LTDA(Ñ U",15,,270,270,18,18
05.133.613/0001-10,0,,711,"ALTO GIRO MOTORS COMERCIO DE MOTOCICLETAS LTDA(Ñ U",15,,570,570,38,38
05.133.613/0001-10,0,,712,"ALTO GIRO MOTORS COMERCIO DE MOTOCICLETAS LTDA(Ñ U",15,,570,570,38,38
05.133.613/0001-10,0,,713,"ALTO GIRO MOTORS COMERCIO DE MOTOCICLETAS LTDA(Ñ U",15,,675,675,45,45
05.133.613/0001-10,0,,714,"ALTO GIRO MOTORS COMERCIO DE MOTOCICLETAS LTDA(Ñ U",15,,600,600,40,40
05.133.613/0001-10,0,,715,"ALTO GIRO MOTORS COMERCIO DE MOTOCICLETAS LTDA(Ñ U",15,,420,420,28,28
05.133.613/0001-10,0,,716,"ALTO GIRO MOTORS COMERCIO DE MOTOCICLETAS LTDA(Ñ U",15,,180,180,12,12
05.133.613/0001-10,0,,717,"ALTO GIRO MOTORS COMERCIO DE MOTOCICLETAS LTDA(Ñ U",15,,270,270,18,18
05.133.613/0001-10,0,,718,"ALTO GIRO MOTORS COMERCIO DE MOTOCICLETAS LTDA(Ñ U",15,,330,330,22,22
05.133.613/0001-10,0,,719,"ALTO GIRO MOTORS COMERCIO DE MOTOCICLETAS LTDA(Ñ U",15,,1350,1350,90,90
05.133.613/0001-10,0,,720,"ALTO GIRO MOTORS COMERCIO DE MOTOCICLETAS LTDA(Ñ U",15,,150,150,10,10
05.133.613/0001-10,0,,721,"ALTO GIRO MOTORS COMERCIO DE MOTOCICLETAS LTDA(Ñ U",15,,900,900,60,60
05.133.613/0001-10,0,,722,"ALTO GIRO MOTORS COMERCIO DE MOTOCICLETAS LTDA(Ñ U",15,,900,900,60,60
05.133.613/0001-10,0,,723,"ALTO GIRO MOTORS COMERCIO DE MOTOCICLETAS LTDA(Ñ U",15,,900,900,60,60
05.133.613/0001-10,0,,724,"ALTO GIRO MOTORS COMERCIO DE MOTOCICLETAS LTDA(Ñ U",15,,900,900,60,60
05.133.613/0001-10,0,,725,"ALTO GIRO MOTORS COMERCIO DE MOTOCICLETAS LTDA(Ñ U",15,,900,900,60,60
05.133.613/0001-10,0,,726,"ALTO GIRO MOTORS COMERCIO DE MOTOCICLETAS LTDA(Ñ U",15,,900,900,60,60
05.133.613/0001-10,0,,727,"ALTO GIRO MOTORS COMERCIO DE MOTOCICLETAS LTDA(Ñ U",15,,900,900,60,60
05.133.613/0001-10,0,,728,"ALTO GIRO MOTORS COMERCIO DE MOTOCICLETAS LTDA(Ñ U",15,,900,900,60,60
05.133.613/0001-10,0,,729,"ALTO GIRO MOTORS COMERCIO DE MOTOCICLETAS LTDA(Ñ U",15,,900,900,60,60
05.133.613/0001-10,0,,730,"ALTO GIRO MOTORS COMERCIO DE MOTOCICLETAS LTDA(Ñ U",15,,900,900,60,60
05.133.613/0001-10,0,,731,"ALTO GIRO MOTORS COMERCIO DE MOTOCICLETAS LTDA(Ñ U",15,,900,900,60,60
05.133.613/0001-10,0,,732,"ALTO GIRO MOTORS COMERCIO DE MOTOCICLETAS LTDA(Ñ U",15,,330,330,22,22
05.133.613/0001-10,0,,733,"ALTO GIRO MOTORS COMERCIO DE MOTOCICLETAS LTDA(Ñ U",15,,3000,3000,200,200
05.133.613/0001-10,0,,734,"ALTO GIRO MOTORS COMERCIO DE MOTOCICLETAS LTDA(Ñ U",15,,300,300,20,20
05.133.613/0001-10,0,,735,"ALTO GIRO MOTORS COMERCIO DE MOTOCICLETAS LTDA(Ñ U",15,,90,90,6,6
05.133.613/0001-10,0,,736,"ALTO GIRO MOTORS COMERCIO DE MOTOCICLETAS LTDA(Ñ U",15,,90,90,6,6
05.133.613/0001-10,0,,737,"ALTO GIRO MOTORS COMERCIO DE MOTOCICLETAS LTDA(Ñ U",15,,90,90,6,6
05.133.613/0001-10,0,,738,"ALTO GIRO MOTORS COMERCIO DE MOTOCICLETAS LTDA(Ñ U",15,,675,675,45,45
05.133.613/0001-10,0,,739,"ALTO GIRO MOTORS COMERCIO DE MOTOCICLETAS LTDA(Ñ U",15,,300,300,20,20
05.133.613/0001-10,0,,740,"ALTO GIRO MOTORS COMERCIO DE MOTOCICLETAS LTDA(Ñ U",15,,3000,3000,200,200
05.133.613/0001-10,0,,741,"ALTO GIRO MOTORS COMERCIO DE MOTOCICLETAS LTDA(Ñ U",15,,375,375,25,25
05.133.613/0001-10,0,,742,"ALTO GIRO MOTORS COMERCIO DE MOTOCICLETAS LTDA(Ñ U",4,,120,120,30,30
05.133.613/0001-10,0,,743,"ALTO GIRO MOTORS COMERCIO DE MOTOCICLETAS LTDA(Ñ U",4,,128,128,32,32
05.133.613/0001-10,0,,744,"ALTO GIRO MOTORS COMERCIO DE MOTOCICLETAS LTDA(Ñ U",15,,825,825,55,55
05.133.613/0001-10,0,,745,"ALTO GIRO MOTORS COMERCIO DE MOTOCICLETAS LTDA(Ñ U",15,,180,180,12,12
05.133.613/0001-10,0,,746,"ALTO GIRO MOTORS COMERCIO DE MOTOCICLETAS LTDA(Ñ U",15,,675,675,45,45
05.133.613/0001-10,0,,747,"ALTO GIRO MOTORS COMERCIO DE MOTOCICLETAS LTDA(Ñ U",15,,195,195,13,13
05.133.613/0001-10,0,,748,"ALTO GIRO MOTORS COMERCIO DE MOTOCICLETAS LTDA(Ñ U",15,,60,60,4,4
05.133.613/0001-10,0,,749,"ALTO GIRO MOTORS COMERCIO DE MOTOCICLETAS LTDA(Ñ U",15,,375,375,25,25
05.133.613/0001-10,0,,750,"ALTO GIRO MOTORS COMERCIO DE MOTOCICLETAS LTDA(Ñ U",50,,200,200,4,4
05.133.613/0001-10,0,,751,"ALTO GIRO MOTORS COMERCIO DE MOTOCICLETAS LTDA(Ñ U",100,,70,70,0.7,0.7
05.133.613/0001-10,0,,752,"ALTO GIRO MOTORS COMERCIO DE MOTOCICLETAS LTDA(Ñ U",15,,390,390,26,26
05.133.613/0001-10,0,,753,"ALTO GIRO MOTORS COMERCIO DE MOTOCICLETAS LTDA(Ñ U",15,,330,330,22,22
05.133.613/0001-10,0,,754,"ALTO GIRO MOTORS COMERCIO DE MOTOCICLETAS LTDA(Ñ U",15,,450,450,30,30
05.133.613/0001-10,0,,755,"ALTO GIRO MOTORS COMERCIO DE MOTOCICLETAS LTDA(Ñ U",15,,75,75,5,5
05.133.613/0001-10,0,,756,"ALTO GIRO MOTORS COMERCIO DE MOTOCICLETAS LTDA(Ñ U",4,,400,400,100,100
05.133.613/0001-10,0,,757,"ALTO GIRO MOTORS COMERCIO DE MOTOCICLETAS LTDA(Ñ U",15,,75,75,5,5
05.133.613/0001-10,0,,758,"ALTO GIRO MOTORS COMERCIO DE MOTOCICLETAS LTDA(Ñ U",50,,300,300,6,6
05.133.613/0001-10,0,,759,"ALTO GIRO MOTORS COMERCIO DE MOTOCICLETAS LTDA(Ñ U",15,,120,120,8,8
05.133.613/0001-10,0,,760,"ALTO GIRO MOTORS COMERCIO DE MOTOCICLETAS LTDA(Ñ U",15,,120,120,8,8
05.133.613/0001-10,0,,761,"ALTO GIRO MOTORS COMERCIO DE MOTOCICLETAS LTDA(Ñ U",15,,180,180,12,12
05.133.613/0001-10,0,,762,"ALTO GIRO MOTORS COMERCIO DE MOTOCICLETAS LTDA(Ñ U",15,,180,180,12,12
05.133.613/0001-10,0,,763,"ALTO GIRO MOTORS COMERCIO DE MOTOCICLETAS LTDA(Ñ U",15,,75,75,5,5
05.133.613/0001-10,0,,764,"ALTO GIRO MOTORS COMERCIO DE MOTOCICLETAS LTDA(Ñ U",15,,675,675,45,45
05.133.613/0001-10,0,,765,"ALTO GIRO MOTORS COMERCIO DE MOTOCICLETAS LTDA(Ñ U",15,,180,180,12,12
05.133.613/0001-10,0,,766,"ALTO GIRO MOTORS COMERCIO DE MOTOCICLETAS LTDA(Ñ U",15,,150,150,10,10
05.133.613/0001-10,0,,767,"ALTO GIRO MOTORS COMERCIO DE MOTOCICLETAS LTDA(Ñ U",15,,180,180,12,12
05.133.613/0001-10,0,,768,"ALTO GIRO MOTORS COMERCIO DE MOTOCICLETAS LTDA(Ñ U",15,,105,105,7,7
05.133.613/0001-10,0,,769,"ALTO GIRO MOTORS COMERCIO DE MOTOCICLETAS LTDA(Ñ U",15,,150,150,10,10
05.133.613/0001-10,0,,770,"ALTO GIRO MOTORS COMERCIO DE MOTOCICLETAS LTDA(Ñ U",15,,225,225,15,15
05.133.613/0001-10,0,,771,"ALTO GIRO MOTORS COMERCIO DE MOTOCICLETAS LTDA(Ñ U",15,,60,60,4,4
05.133.613/0001-10,0,,772,"ALTO GIRO MOTORS COMERCIO DE MOTOCICLETAS LTDA(Ñ U",15,,675,675,45,45
05.133.613/0001-10,0,,773,"ALTO GIRO MOTORS COMERCIO DE MOTOCICLETAS LTDA(Ñ U",15,,525,525,35,35
05.133.613/0001-10,0,,774,"ALTO GIRO MOTORS COMERCIO DE MOTOCICLETAS LTDA(Ñ U",15,,900,900,60,60
05.133.613/0001-10,0,,775,"ALTO GIRO MOTORS COMERCIO DE MOTOCICLETAS LTDA(Ñ U",15,,45,45,3,3
05.133.613/0001-10,0,,776,"ALTO GIRO MOTORS COMERCIO DE MOTOCICLETAS LTDA(Ñ U",15,,300,300,20,20
05.133.613/0001-10,0,,777,"ALTO GIRO MOTORS COMERCIO DE MOTOCICLETAS LTDA(Ñ U",15,,255,255,17,17
05.133.613/0001-10,0,,778,"ALTO GIRO MOTORS COMERCIO DE MOTOCICLETAS LTDA(Ñ U",15,,45,45,3,3
05.133.613/0001-10,0,,779,"ALTO GIRO MOTORS COMERCIO DE MOTOCICLETAS LTDA(Ñ U",15,,45,45,3,3
05.133.613/0001-10,0,,780,"ALTO GIRO MOTORS COMERCIO DE MOTOCICLETAS LTDA(Ñ U",15,,90,90,6,6
05.133.613/0001-10,0,,781,"ALTO GIRO MOTORS COMERCIO DE MOTOCICLETAS LTDA(Ñ U",15,,3750,3750,250,250
05.133.613/0001-10,0,,782,"ALTO GIRO MOTORS COMERCIO DE MOTOCICLETAS LTDA(Ñ U",30,,60,60,2,2
05.133.613/0001-10,0,,783,"ALTO GIRO MOTORS COMERCIO DE MOTOCICLETAS LTDA(Ñ U",30,,1200,1200,40,40
05.133.613/0001-10,0,,784,"ALTO GIRO MOTORS COMERCIO DE MOTOCICLETAS LTDA(Ñ U",30,,1200,1200,40,40
05.133.613/0001-10,0,,785,"ALTO GIRO MOTORS COMERCIO DE MOTOCICLETAS LTDA(Ñ U",30,,60,60,2,2
05.133.613/0001-10,0,,786,"ALTO GIRO MOTORS COMERCIO DE MOTOCICLETAS LTDA(Ñ U",30,,60,60,2,2
05.133.613/0001-10,0,,787,"ALTO GIRO MOTORS COMERCIO DE MOTOCICLETAS LTDA(Ñ U",30,,750,750,25,25
05.133.613/0001-10,0,,788,"ALTO GIRO MOTORS COMERCIO DE MOTOCICLETAS LTDA(Ñ U",30,,1050,1050,35,35
05.133.613/0001-10,0,,789,"ALTO GIRO MOTORS COMERCIO DE MOTOCICLETAS LTDA(Ñ U",15,,525,525,35,35
05.133.613/0001-10,0,,790,"ALTO GIRO MOTORS COMERCIO DE MOTOCICLETAS LTDA(Ñ U",15,,45,45,3,3
05.133.613/0001-10,0,,791,"ALTO GIRO MOTORS COMERCIO DE MOTOCICLETAS LTDA(Ñ U",15,,375,375,25,25
05.133.613/0001-10,0,,792,"ALTO GIRO MOTORS COMERCIO DE MOTOCICLETAS LTDA(Ñ U",15,,90,90,6,6
05.133.613/0001-10,0,,793,"ALTO GIRO MOTORS COMERCIO DE MOTOCICLETAS LTDA(Ñ U",15,,135,135,9,9
05.133.613/0001-10,0,,794,"ALTO GIRO MOTORS COMERCIO DE MOTOCICLETAS LTDA(Ñ U",15,,45,45,3,3
05.133.613/0001-10,0,,795,"ALTO GIRO MOTORS COMERCIO DE MOTOCICLETAS LTDA(Ñ U",15,,525,525,35,35
05.133.613/0001-10,0,,796,"ALTO GIRO MOTORS COMERCIO DE MOTOCICLETAS LTDA(Ñ U",15,,180,180,12,12
05.133.613/0001-10,0,,797,"ALTO GIRO MOTORS COMERCIO DE MOTOCICLETAS LTDA(Ñ U",15,,1050,1050,70,70
05.133.613/0001-10,0,,798,"ALTO GIRO MOTORS COMERCIO DE MOTOCICLETAS LTDA(Ñ U",15,,675,675,45,45
05.133.613/0001-10,0,,799,"ALTO GIRO MOTORS COMERCIO DE MOTOCICLETAS LTDA(Ñ U",15,,750,750,50,50
05.133.613/0001-10,0,,800,"ALTO GIRO MOTORS COMERCIO DE MOTOCICLETAS LTDA(Ñ U",15,,600,600,40,40
05.133.613/0001-10,0,,801,"ALTO GIRO MOTORS COMERCIO DE MOTOCICLETAS LTDA(Ñ U",15,,225,225,15,15
05.133.613/0001-10,0,,802,"ALTO GIRO MOTORS COMERCIO DE MOTOCICLETAS LTDA(Ñ U",15,,60,60,4,4
05.133.613/0001-10,0,,803,"ALTO GIRO MOTORS COMERCIO DE MOTOCICLETAS LTDA(Ñ U",15,,60,60,4,4
05.133.613/0001-10,0,,804,"ALTO GIRO MOTORS COMERCIO DE MOTOCICLETAS LTDA(Ñ U",15,,60,60,4,4
05.133.613/0001-10,0,,805,"ALTO GIRO MOTORS COMERCIO DE MOTOCICLETAS LTDA(Ñ U",15,,180,180,12,12
05.133.613/0001-10,0,,806,"ALTO GIRO MOTORS COMERCIO DE MOTOCICLETAS LTDA(Ñ U",15,,600,600,40,40
05.133.613/0001-10,0,,807,"ALTO GIRO MOTORS COMERCIO DE MOTOCICLETAS LTDA(Ñ U",15,,150,150,10,10
05.133.613/0001-10,0,,808,"ALTO GIRO MOTORS COMERCIO DE MOTOCICLETAS LTDA(Ñ U",15,,60,60,4,4
05.133.613/0001-10,0,,809,"ALTO GIRO MOTORS COMERCIO DE MOTOCICLETAS LTDA(Ñ U",15,,60,60,4,4
05.133.613/0001-10,0,,810,"ALTO GIRO MOTORS COMERCIO DE MOTOCICLETAS LTDA(Ñ U",15,,60,60,4,4
05.133.613/0001-10,0,,811,"ALTO GIRO MOTORS COMERCIO DE MOTOCICLETAS LTDA(Ñ U",15,,90,90,6,6
05.133.613/0001-10,0,,812,"ALTO GIRO MOTORS COMERCIO DE MOTOCICLETAS LTDA(Ñ U",15,,90,90,6,6
05.133.613/0001-10,0,,813,"ALTO GIRO MOTORS COMERCIO DE MOTOCICLETAS LTDA(Ñ U",200,,3600,3600,18,18
05.133.613/0001-10,0,,814,"ALTO GIRO MOTORS COMERCIO DE MOTOCICLETAS LTDA(Ñ U",15,,210,210,14,14
05.133.613/0001-10,0,,815,"ALTO GIRO MOTORS COMERCIO DE MOTOCICLETAS LTDA(Ñ U",4,,480,480,120,120
05.133.613/0001-10,0,,816,"ALTO GIRO MOTORS COMERCIO DE MOTOCICLETAS LTDA(Ñ U",15,,45,45,3,3
05.133.613/0001-10,0,,817,"ALTO GIRO MOTORS COMERCIO DE MOTOCICLETAS LTDA(Ñ U",15,,45,45,3,3
05.133.613/0001-10,0,,818,"ALTO GIRO MOTORS COMERCIO DE MOTOCICLETAS LTDA(Ñ U",15,,900,900,60,60
05.133.613/0001-10,0,,819,"ALTO GIRO MOTORS COMERCIO DE MOTOCICLETAS LTDA(Ñ U",15,,900,900,60,60
05.133.613/0001-10,0,,820,"ALTO GIRO MOTORS COMERCIO DE MOTOCICLETAS LTDA(Ñ U",15,,300,300,20,20
05.133.613/0001-10,0,,821,"ALTO GIRO MOTORS COMERCIO DE MOTOCICLETAS LTDA(Ñ U",15,,210,210,14,14
05.133.613/0001-10,0,,822,"ALTO GIRO MOTORS COMERCIO DE MOTOCICLETAS LTDA(Ñ U",15,,210,210,14,14
05.133.613/0001-10,0,,823,"ALTO GIRO MOTORS COMERCIO DE MOTOCICLETAS LTDA(Ñ U",15,,300,300,20,20
05.133.613/0001-10,0,,824,"ALTO GIRO MOTORS COMERCIO DE MOTOCICLETAS LTDA(Ñ U",15,,600,600,40,40
05.133.613/0001-10,0,,825,"ALTO GIRO MOTORS COMERCIO DE MOTOCICLETAS LTDA(Ñ U",15,,180,180,12,12
05.133.613/0001-10,0,,826,"ALTO GIRO MOTORS COMERCIO DE MOTOCICLETAS LTDA(Ñ U",15,,255,255,17,17
05.133.613/0001-10,0,,827,"ALTO GIRO MOTORS COMERCIO DE MOTOCICLETAS LTDA(Ñ U",15,,360,360,24,24
05.133.613/0001-10,0,,828,"ALTO GIRO MOTORS COMERCIO DE MOTOCICLETAS LTDA(Ñ U",15,,300,300,20,20
05.133.613/0001-10,0,,829,"ALTO GIRO MOTORS COMERCIO DE MOTOCICLETAS LTDA(Ñ U",15,,375,375,25,25
05.133.613/0001-10,0,,830,"ALTO GIRO MOTORS COMERCIO DE MOTOCICLETAS LTDA(Ñ U",15,,300,300,20,20
05.133.613/0001-10,0,,831,"ALTO GIRO MOTORS COMERCIO DE MOTOCICLETAS LTDA(Ñ U",15,,375,375,25,25
05.133.613/0001-10,0,,832,"ALTO GIRO MOTORS COMERCIO DE MOTOCICLETAS LTDA(Ñ U",15,,675,675,45,45
05.133.613/0001-10,0,,833,"ALTO GIRO MOTORS COMERCIO DE MOTOCICLETAS LTDA(Ñ U",15,,900,900,60,60
05.133.613/0001-10,0,,834,"ALTO GIRO MOTORS COMERCIO DE MOTOCICLETAS LTDA(Ñ U",15,,390,390,26,26
05.133.613/0001-10,0,,835,"ALTO GIRO MOTORS COMERCIO DE MOTOCICLETAS LTDA(Ñ U",15,,3300,3300,220,220
05.133.613/0001-10,0,,836,"ALTO GIRO MOTORS COMERCIO DE MOTOCICLETAS LTDA(Ñ U",15,,3450,3450,230,230
05.133.613/0001-10,0,,837,"ALTO GIRO MOTORS COMERCIO DE MOTOCICLETAS LTDA(Ñ U",200,,180,180,0.9,0.9
05.133.613/0001-10,0,,838,"ALTO GIRO MOTORS COMERCIO DE MOTOCICLETAS LTDA(Ñ U",200,,140,140,0.7,0.7
05.133.613/0001-10,0,,839,"ALTO GIRO MOTORS COMERCIO DE MOTOCICLETAS LTDA(Ñ U",200,,100,100,0.5,0.5
05.133.613/0001-10,0,,840,"ALTO GIRO MOTORS COMERCIO DE MOTOCICLETAS LTDA(Ñ U",15,,180,180,12,12
05.133.613/0001-10,0,,841,"ALTO GIRO MOTORS COMERCIO DE MOTOCICLETAS LTDA(Ñ U",50,,150,150,3,3
05.133.613/0001-10,0,,842,"ALTO GIRO MOTORS COMERCIO DE MOTOCICLETAS LTDA(Ñ U",15,,45,45,3,3
05.133.613/0001-10,0,,843,"ALTO GIRO MOTORS COMERCIO DE MOTOCICLETAS LTDA(Ñ U",15,,120,120,8,8
05.133.613/0001-10,0,,844,"ALTO GIRO MOTORS COMERCIO DE MOTOCICLETAS LTDA(Ñ U",15,,180,180,12,12
05.133.613/0001-10,0,,845,"ALTO GIRO MOTORS COMERCIO DE MOTOCICLETAS LTDA(Ñ U",15,,15,15,1,1
05.133.613/0001-10,0,,846,"ALTO GIRO MOTORS COMERCIO DE MOTOCICLETAS LTDA(Ñ U",15,,120,120,8,8
05.133.613/0001-10,0,,847,"ALTO GIRO MOTORS COMERCIO DE MOTOCICLETAS LTDA(Ñ U",15,,75,75,5,5
05.133.613/0001-10,0,,848,"ALTO GIRO MOTORS COMERCIO DE MOTOCICLETAS LTDA(Ñ U",15,,75,75,5,5
05.133.613/0001-10,0,,849,"ALTO GIRO MOTORS COMERCIO DE MOTOCICLETAS LTDA(Ñ U",15,,375,375,25,25
05.133.613/0001-10,0,,850,"ALTO GIRO MOTORS COMERCIO DE MOTOCICLETAS LTDA(Ñ U",15,,225,225,15,15
05.133.613/0001-10,0,,851,"ALTO GIRO MOTORS COMERCIO DE MOTOCICLETAS LTDA(Ñ U",15,,900,900,60,60
05.133.613/0001-10,0,,852,"ALTO GIRO MOTORS COMERCIO DE MOTOCICLETAS LTDA(Ñ U",15,,675,675,45,45
05.133.613/0001-10,0,,853,"ALTO GIRO MOTORS COMERCIO DE MOTOCICLETAS LTDA(Ñ U",15,,375,375,25,25
05.133.613/0001-10,0,,854,"ALTO GIRO MOTORS COMERCIO DE MOTOCICLETAS LTDA(Ñ U",15,,165,165,11,11
05.133.613/0001-10,0,,855,"ALTO GIRO MOTORS COMERCIO DE MOTOCICLETAS LTDA(Ñ U",15,,240,240,16,16
05.133.613/0001-10,0,,856,"ALTO GIRO MOTORS COMERCIO DE MOTOCICLETAS LTDA(Ñ U",15,,90,90,6,6
05.133.613/0001-10,0,,857,"ALTO GIRO MOTORS COMERCIO DE MOTOCICLETAS LTDA(Ñ U",15,,105,105,7,7
05.133.613/0001-10,0,,858,"ALTO GIRO MOTORS COMERCIO DE MOTOCICLETAS LTDA(Ñ U",15,,300,300,20,20
05.133.613/0001-10,0,,859,"ALTO GIRO MOTORS COMERCIO DE MOTOCICLETAS LTDA(Ñ U",15,,105,105,7,7
05.133.613/0001-10,0,,860,"ALTO GIRO MOTORS COMERCIO DE MOTOCICLETAS LTDA(Ñ U",15,,135,135,9,9
05.133.613/0001-10,0,,861,"ALTO GIRO MOTORS COMERCIO DE MOTOCICLETAS LTDA(Ñ U",15,,105,105,7,7
05.133.613/0001-10,0,,862,"ALTO GIRO MOTORS COMERCIO DE MOTOCICLETAS LTDA(Ñ U",15,,225,225,15,15
05.133.613/0001-10,0,,863,"ALTO GIRO MOTORS COMERCIO DE MOTOCICLETAS LTDA(Ñ U",15,,90,90,6,6
05.133.613/0001-10,0,,864,"ALTO GIRO MOTORS COMERCIO DE MOTOCICLETAS LTDA(Ñ U",15,,90,90,6,6
05.133.613/0001-10,0,,865,"ALTO GIRO MOTORS COMERCIO DE MOTOCICLETAS LTDA(Ñ U",15,,240,240,16,16
05.133.613/0001-10,0,,866,"ALTO GIRO MOTORS COMERCIO DE MOTOCICLETAS LTDA(Ñ U",15,,180,180,12,12
05.133.613/0001-10,0,,867,"ALTO GIRO MOTORS COMERCIO DE MOTOCICLETAS LTDA(Ñ U",15,,180,180,12,12
05.133.613/0001-10,0,,868,"ALTO GIRO MOTORS COMERCIO DE MOTOCICLETAS LTDA(Ñ U",15,,2700,2700,180,180
05.133.613/0001-10,0,,869,"ALTO GIRO MOTORS COMERCIO DE MOTOCICLETAS LTDA(Ñ U",15,,2850,2850,190,190
05.133.613/0001-10,0,,870,"ALTO GIRO MOTORS COMERCIO DE MOTOCICLETAS LTDA(Ñ U",15,,180,180,12,12
05.133.613/0001-10,0,,871,"ALTO GIRO MOTORS COMERCIO DE MOTOCICLETAS LTDA(Ñ U",15,,210,210,14,14
05.133.613/0001-10,0,,872,"ALTO GIRO MOTORS COMERCIO DE MOTOCICLETAS LTDA(Ñ U",15,,390,390,26,26
05.133.613/0001-10,0,,873,"ALTO GIRO MOTORS COMERCIO DE MOTOCICLETAS LTDA(Ñ U",15,,105,105,7,7
05.133.613/0001-10,0,,874,"ALTO GIRO MOTORS COMERCIO DE MOTOCICLETAS LTDA(Ñ U",15,,300,300,20,20
05.133.613/0001-10,0,,875,"ALTO GIRO MOTORS COMERCIO DE MOTOCICLETAS LTDA(Ñ U",15,,315,315,21,21
05.133.613/0001-10,0,,876,"ALTO GIRO MOTORS COMERCIO DE MOTOCICLETAS LTDA(Ñ U",15,,390,390,26,26
05.133.613/0001-10,0,,877,"ALTO GIRO MOTORS COMERCIO DE MOTOCICLETAS LTDA(Ñ U",15,,210,210,14,14
05.133.613/0001-10,0,,878,"ALTO GIRO MOTORS COMERCIO DE MOTOCICLETAS LTDA(Ñ U",15,,390,390,26,26
05.133.613/0001-10,0,,879,"ALTO GIRO MOTORS COMERCIO DE MOTOCICLETAS LTDA(Ñ U",15,,600,600,40,40
05.133.613/0001-10,0,,880,"ALTO GIRO MOTORS COMERCIO DE MOTOCICLETAS LTDA(Ñ U",15,,450,450,30,30
05.133.613/0001-10,0,,881,"ALTO GIRO MOTORS COMERCIO DE MOTOCICLETAS LTDA(Ñ U",15,,330,330,22,22
05.133.613/0001-10,0,,882,"ALTO GIRO MOTORS COMERCIO DE MOTOCICLETAS LTDA(Ñ U",15,,75,75,5,5
05.133.613/0001-10,0,,883,"ALTO GIRO MOTORS COMERCIO DE MOTOCICLETAS LTDA(Ñ U",15,,105,105,7,7
05.133.613/0001-10,0,,884,"ALTO GIRO MOTORS COMERCIO DE MOTOCICLETAS LTDA(Ñ U",15,,225,225,15,15
05.133.613/0001-10,0,,885,"ALTO GIRO MOTORS COMERCIO DE MOTOCICLETAS LTDA(Ñ U",15,,1200,1200,80,80
05.133.613/0001-10,0,,886,"ALTO GIRO MOTORS COMERCIO DE MOTOCICLETAS LTDA(Ñ U",15,,600,600,40,40
05.133.613/0001-10,0,,887,"ALTO GIRO MOTORS COMERCIO DE MOTOCICLETAS LTDA(Ñ U",15,,150,150,10,10
05.133.613/0001-10,0,,888,"ALTO GIRO MOTORS COMERCIO DE MOTOCICLETAS LTDA(Ñ U",15,,405,405,27,27
05.133.613/0001-10,0,,889,"ALTO GIRO MOTORS COMERCIO DE MOTOCICLETAS LTDA(Ñ U",15,,150,150,10,10
05.133.613/0001-10,0,,890,"ALTO GIRO MOTORS COMERCIO DE MOTOCICLETAS LTDA(Ñ U",15,,75,75,5,5
05.133.613/0001-10,0,,891,"ALTO GIRO MOTORS COMERCIO DE MOTOCICLETAS LTDA(Ñ U",15,,600,600,40,40
05.133.613/0001-10,0,,892,"ALTO GIRO MOTORS COMERCIO DE MOTOCICLETAS LTDA(Ñ U",15,,150,150,10,10
05.133.613/0001-10,0,,893,"ALTO GIRO MOTORS COMERCIO DE MOTOCICLETAS LTDA(Ñ U",15,,900,900,60,60
05.133.613/0001-10,0,,894,"ALTO GIRO MOTORS COMERCIO DE MOTOCICLETAS LTDA(Ñ U",15,,900,900,60,60
05.133.613/0001-10,0,,895,"ALTO GIRO MOTORS COMERCIO DE MOTOCICLETAS LTDA(Ñ U",15,,300,300,20,20
05.133.613/0001-10,0,,896,"ALTO GIRO MOTORS COMERCIO DE MOTOCICLETAS LTDA(Ñ U",15,,150,150,10,10
05.133.613/0001-10,0,,897,"ALTO GIRO MOTORS COMERCIO DE MOTOCICLETAS LTDA(Ñ U",15,,1500,1500,100,100
05.133.613/0001-10,0,,898,"ALTO GIRO MOTORS COMERCIO DE MOTOCICLETAS LTDA(Ñ U",15,,165,165,11,11
05.133.613/0001-10,0,,899,"ALTO GIRO MOTORS COMERCIO DE MOTOCICLETAS LTDA(Ñ U",15,,675,675,45,45
05.133.613/0001-10,0,,900,"ALTO GIRO MOTORS COMERCIO DE MOTOCICLETAS LTDA(Ñ U",15,,330,330,22,22
05.133.613/0001-10,0,,901,"ALTO GIRO MOTORS COMERCIO DE MOTOCICLETAS LTDA(Ñ U",15,,375,375,25,25
05.133.613/0001-10,0,,902,"ALTO GIRO MOTORS COMERCIO DE MOTOCICLETAS LTDA(Ñ U",15,,210,210,14,14
05.133.613/0001-10,0,,903,"ALTO GIRO MOTORS COMERCIO DE MOTOCICLETAS LTDA(Ñ U",15,,420,420,28,28
05.133.613/0001-10,0,,904,"ALTO GIRO MOTORS COMERCIO DE MOTOCICLETAS LTDA(Ñ U",15,,330,330,22,22
05.133.613/0001-10,0,,905,"ALTO GIRO MOTORS COMERCIO DE MOTOCICLETAS LTDA(Ñ U",15,,450,450,30,30
05.133.613/0001-10,0,,906,"ALTO GIRO MOTORS COMERCIO DE MOTOCICLETAS LTDA(Ñ U",15,,450,450,30,30
05.133.613/0001-10,0,,907,"ALTO GIRO MOTORS COMERCIO DE MOTOCICLETAS LTDA(Ñ U",15,,900,900,60,60
05.133.613/0001-10,0,,908,"ALTO GIRO MOTORS COMERCIO DE MOTOCICLETAS LTDA(Ñ U",15,,900,900,60,60
05.133.613/0001-10,0,,909,"ALTO GIRO MOTORS COMERCIO DE MOTOCICLETAS LTDA(Ñ U",15,,1500,1500,100,100
05.133.613/0001-10,0,,910,"ALTO GIRO MOTORS COMERCIO DE MOTOCICLETAS LTDA(Ñ U",15,,105,105,7,7
05.133.613/0001-10,0,,911,"ALTO GIRO MOTORS COMERCIO DE MOTOCICLETAS LTDA(Ñ U",15,,360,360,24,24
05.133.613/0001-10,0,,912,"ALTO GIRO MOTORS COMERCIO DE MOTOCICLETAS LTDA(Ñ U",15,,90,90,6,6
05.133.613/0001-10,0,,913,"ALTO GIRO MOTORS COMERCIO DE MOTOCICLETAS LTDA(Ñ U",15,,90,90,6,6
05.133.613/0001-10,0,,914,"ALTO GIRO MOTORS COMERCIO DE MOTOCICLETAS LTDA(Ñ U",15,,180,180,12,12
05.133.613/0001-10,0,,915,"ALTO GIRO MOTORS COMERCIO DE MOTOCICLETAS LTDA(Ñ U",15,,450,450,30,30
05.133.613/0001-10,0,,916,"ALTO GIRO MOTORS COMERCIO DE MOTOCICLETAS LTDA(Ñ U",15,,330,330,22,22
05.133.613/0001-10,0,,917,"ALTO GIRO MOTORS COMERCIO DE MOTOCICLETAS LTDA(Ñ U",15,,90,90,6,6
05.133.613/0001-10,0,,918,"ALTO GIRO MOTORS COMERCIO DE MOTOCICLETAS LTDA(Ñ U",15,,180,180,12,12
05.133.613/0001-10,0,,919,"ALTO GIRO MOTORS COMERCIO DE MOTOCICLETAS LTDA(Ñ U",15,,90,90,6,6
05.133.613/0001-10,0,,920,"ALTO GIRO MOTORS COMERCIO DE MOTOCICLETAS LTDA(Ñ U",15,,90,90,6,6
05.133.613/0001-10,0,,921,"ALTO GIRO MOTORS COMERCIO DE MOTOCICLETAS LTDA(Ñ U",15,,300,300,20,20
05.133.613/0001-10,0,,922,"ALTO GIRO MOTORS COMERCIO DE MOTOCICLETAS LTDA(Ñ U",15,,225,225,15,15
05.133.613/0001-10,0,,923,"ALTO GIRO MOTORS COMERCIO DE MOTOCICLETAS LTDA(Ñ U",15,,90,90,6,6
05.133.613/0001-10,0,,924,"ALTO GIRO MOTORS COMERCIO DE MOTOCICLETAS LTDA(Ñ U",15,,105,105,7,7
05.133.613/0001-10,0,,925,"ALTO GIRO MOTORS COMERCIO DE MOTOCICLETAS LTDA(Ñ U",15,,60,60,4,4
05.133.613/0001-10,0,,926,"ALTO GIRO MOTORS COMERCIO DE MOTOCICLETAS LTDA(Ñ U",15,,60,60,4,4
05.133.613/0001-10,0,,927,"ALTO GIRO MOTORS COMERCIO DE MOTOCICLETAS LTDA(Ñ U",15,,1125,1125,75,75
05.133.613/0001-10,0,,928,"ALTO GIRO MOTORS COMERCIO DE MOTOCICLETAS LTDA(Ñ U",15,,6300,6300,420,420
05.133.613/0001-10,0,,929,"ALTO GIRO MOTORS COMERCIO DE MOTOCICLETAS LTDA(Ñ U",15,,480,480,32,32
05.133.613/0001-10,0,,930,"ALTO GIRO MOTORS COMERCIO DE MOTOCICLETAS LTDA(Ñ U",10,,150,150,15,15
05.133.613/0001-10,0,,931,"ALTO GIRO MOTORS COMERCIO DE MOTOCICLETAS LTDA(Ñ U",15,,300,300,20,20
05.133.613/0001-10,0,,932,"ALTO GIRO MOTORS COMERCIO DE MOTOCICLETAS LTDA(Ñ U",40,,1200,1200,30,30
05.133.613/0001-10,0,,933,"ALTO GIRO MOTORS COMERCIO DE MOTOCICLETAS LTDA(Ñ U",40,,1600,1600,40,40
05.133.613/0001-10,0,,934,"ALTO GIRO MOTORS COMERCIO DE MOTOCICLETAS LTDA(Ñ U",40,,6000,6000,150,150
05.133.613/0001-10,0,,935,"ALTO GIRO MOTORS COMERCIO DE MOTOCICLETAS LTDA(Ñ U",40,,1600,1600,40,40
05.133.613/0001-10,0,,936,"ALTO GIRO MOTORS COMERCIO DE MOTOCICLETAS LTDA(Ñ U",40,,1200,1200,30,30
05.133.613/0001-10,0,,937,"ALTO GIRO MOTORS COMERCIO DE MOTOCICLETAS LTDA(Ñ U",40,,480,480,12,12
05.133.613/0001-10,0,,938,"ALTO GIRO MOTORS COMERCIO DE MOTOCICLETAS LTDA(Ñ U",40,,1600,1600,40,40
05.133.613/0001-10,0,,939,"ALTO GIRO MOTORS COMERCIO DE MOTOCICLETAS LTDA(Ñ U",40,,1600,1600,40,40
05.133.613/0001-10,0,,940,"ALTO GIRO MOTORS COMERCIO DE MOTOCICLETAS LTDA(Ñ U",40,,1400,1400,35,35
05.133.613/0001-10,0,,941,"ALTO GIRO MOTORS COMERCIO DE MOTOCICLETAS LTDA(Ñ U",800,,48000,48000,60,60
05.133.613/0001-10,0,,942,"ALTO GIRO MOTORS COMERCIO DE MOTOCICLETAS LTDA(Ñ U",1000,,500,500,0.5,0.5
05.133.613/0001-10,0,,943,"ALTO GIRO MOTORS COMERCIO DE MOTOCICLETAS LTDA(Ñ U",30,,1200,1200,40,40
05.133.613/0001-10,0,,944,"ALTO GIRO MOTORS COMERCIO DE MOTOCICLETAS LTDA(Ñ U",30,,16500,16500,550,550
05.133.613/0001-10,0,,945,"ALTO GIRO MOTORS COMERCIO DE MOTOCICLETAS LTDA(Ñ U",30,,3300,3300,110,110
05.133.613/0001-10,0,,946,"ALTO GIRO MOTORS COMERCIO DE MOTOCICLETAS LTDA(Ñ U",30,,3300,3300,110,110
05.133.613/0001-10,0,,947,"ALTO GIRO MOTORS COMERCIO DE MOTOCICLETAS LTDA(Ñ U",200,,80,80,0.4,0.4
05.133.613/0001-10,0,,948,"ALTO GIRO MOTORS COMERCIO DE MOTOCICLETAS LTDA(Ñ U",200,,120,120,0.6,0.6
05.133.613/0001-10,0,,949,"ALTO GIRO MOTORS COMERCIO DE MOTOCICLETAS LTDA(Ñ U",200,,160,160,0.8,0.8
05.133.613/0001-10,0,,950,"ALTO GIRO MOTORS COMERCIO DE MOTOCICLETAS LTDA(Ñ U",30,,2400,2400,80,80
05.133.613/0001-10,0,,951,"ALTO GIRO MOTORS COMERCIO DE MOTOCICLETAS LTDA(Ñ U",30,,9000,9000,300,300
05.133.613/0001-10,0,,952,"ALTO GIRO MOTORS COMERCIO DE MOTOCICLETAS LTDA(Ñ U",30,,3000,3000,100,100
05.133.613/0001-10,0,,953,"ALTO GIRO MOTORS COMERCIO DE MOTOCICLETAS LTDA(Ñ U",30,,1800,1800,60,60
05.133.613/0001-10,0,,954,"ALTO GIRO MOTORS COMERCIO DE MOTOCICLETAS LTDA(Ñ U",30,,9600,9600,320,320
05.133.613/0001-10,0,,955,"ALTO GIRO MOTORS COMERCIO DE MOTOCICLETAS LTDA(Ñ U",30,,5400,5400,180,180
05.133.613/0001-10,0,,956,"ALTO GIRO MOTORS COMERCIO DE MOTOCICLETAS LTDA(Ñ U",30,,4530,4530,151,151
05.133.613/0001-10,0,,957,"ALTO GIRO MOTORS COMERCIO DE MOTOCICLETAS LTDA(Ñ U",30,,1800,1800,60,60
05.133.613/0001-10,0,,958,"ALTO GIRO MOTORS COMERCIO DE MOTOCICLETAS LTDA(Ñ U",30,,25800,25800,860,860
05.133.613/0001-10,0,,959,"ALTO GIRO MOTORS COMERCIO DE MOTOCICLETAS LTDA(Ñ U",30,,300,300,10,10
05.133.613/0001-10,0,,960,"ALTO GIRO MOTORS COMERCIO DE MOTOCICLETAS LTDA(Ñ U",30,,300,300,10,10
05.133.613/0001-10,0,,961,"ALTO GIRO MOTORS COMERCIO DE MOTOCICLETAS LTDA(Ñ U",30,,750,750,25,25
05.133.613/0001-10,0,,962,"ALTO GIRO MOTORS COMERCIO DE MOTOCICLETAS LTDA(Ñ U",30,,2400,2400,80,80
05.133.613/0001-10,0,,963,"ALTO GIRO MOTORS COMERCIO DE MOTOCICLETAS LTDA(Ñ U",30,,2400,2400,80,80
05.133.613/0001-10,0,,964,"ALTO GIRO MOTORS COMERCIO DE MOTOCICLETAS LTDA(Ñ U",30,,2850,2850,95,95
05.133.613/0001-10,0,,965,"ALTO GIRO MOTORS COMERCIO DE MOTOCICLETAS LTDA(Ñ U",30,,600,600,20,20
05.133.613/0001-10,0,,966,"ALTO GIRO MOTORS COMERCIO DE MOTOCICLETAS LTDA(Ñ U",30,,1200,1200,40,40
05.133.613/0001-10,0,,967,"ALTO GIRO MOTORS COMERCIO DE MOTOCICLETAS LTDA(Ñ U",30,,2700,2700,90,90
05.133.613/0001-10,0,,968,"ALTO GIRO MOTORS COMERCIO DE MOTOCICLETAS LTDA(Ñ U",30,,1050,1050,35,35
05.133.613/0001-10,0,,969,"ALTO GIRO MOTORS COMERCIO DE MOTOCICLETAS LTDA(Ñ U",30,,1050,1050,35,35
05.133.613/0001-10,0,,970,"ALTO GIRO MOTORS COMERCIO DE MOTOCICLETAS LTDA(Ñ U",30,,1050,1050,35,35
05.133.613/0001-10,0,,971,"ALTO GIRO MOTORS COMERCIO DE MOTOCICLETAS LTDA(Ñ U",30,,1200,1200,40,40
05.133.613/0001-10,0,,972,"ALTO GIRO MOTORS COMERCIO DE MOTOCICLETAS LTDA(Ñ U",30,,2100,2100,70,70
05.133.613/0001-10,0,,973,"ALTO GIRO MOTORS COMERCIO DE MOTOCICLETAS LTDA(Ñ U",8,,7360,7360,920,920
05.133.613/0001-10,0,,974,"ALTO GIRO MOTORS COMERCIO DE MOTOCICLETAS LTDA(Ñ U",30,,5400,5400,180,180
05.133.613/0001-10,0,,975,"ALTO GIRO MOTORS COMERCIO DE MOTOCICLETAS LTDA(Ñ U",30,,2700,2700,90,90
05.133.613/0001-10,0,,976,"ALTO GIRO MOTORS COMERCIO DE MOTOCICLETAS LTDA(Ñ U",30,,6000,6000,200,200
05.133.613/0001-10,0,,977,"ALTO GIRO MOTORS COMERCIO DE MOTOCICLETAS LTDA(Ñ U",30,,6000,6000,200,200
05.133.613/0001-10,0,,978,"ALTO GIRO MOTORS COMERCIO DE MOTOCICLETAS LTDA(Ñ U",30,,2700,2700,90,90
05.133.613/0001-10,0,,979,"ALTO GIRO MOTORS COMERCIO DE MOTOCICLETAS LTDA(Ñ U",30,,9000,9000,300,300
05.133.613/0001-10,0,,980,"ALTO GIRO MOTORS COMERCIO DE MOTOCICLETAS LTDA(Ñ U",30,,4500,4500,150,150
05.133.613/0001-10,0,,981,"ALTO GIRO MOTORS COMERCIO DE MOTOCICLETAS LTDA(Ñ U",30,,3300,3300,110,110
05.133.613/0001-10,0,,982,"ALTO GIRO MOTORS COMERCIO DE MOTOCICLETAS LTDA(Ñ U",15,,14700,14700,980,980
05.133.613/0001-10,0,,983,"ALTO GIRO MOTORS COMERCIO DE MOTOCICLETAS LTDA(Ñ U",30,,4800,4800,160,160
05.133.613/0001-10,0,,984,"ALTO GIRO MOTORS COMERCIO DE MOTOCICLETAS LTDA(Ñ U",30,,6000,6000,200,200
05.133.613/0001-10,0,,985,"ALTO GIRO MOTORS COMERCIO DE MOTOCICLETAS LTDA(Ñ U",30,,6000,6000,200,200
05.133.613/0001-10,0,,986,"ALTO GIRO MOTORS COMERCIO DE MOTOCICLETAS LTDA(Ñ U",100,,800,800,8,8
05.133.613/0001-10,0,,987,"ALTO GIRO MOTORS COMERCIO DE MOTOCICLETAS LTDA(Ñ U",30,,2400,2400,80,80
05.133.613/0001-10,0,,988,"ALTO GIRO MOTORS COMERCIO DE MOTOCICLETAS LTDA(Ñ U",30,,3300,3300,110,110
05.133.613/0001-10,0,,989,"ALTO GIRO MOTORS COMERCIO DE MOTOCICLETAS LTDA(Ñ U",30,,3300,3300,110,110
05.133.613/0001-10,0,,990,"ALTO GIRO MOTORS COMERCIO DE MOTOCICLETAS LTDA(Ñ U",30,,750,750,25,25
05.133.613/0001-10,0,,991,"ALTO GIRO MOTORS COMERCIO DE MOTOCICLETAS LTDA(Ñ U",30,,1200,1200,40,40
05.133.613/0001-10,0,,992,"ALTO GIRO MOTORS COMERCIO DE MOTOCICLETAS LTDA(Ñ U",30,,600,600,20,20
05.133.613/0001-10,0,,993,"ALTO GIRO MOTORS COMERCIO DE MOTOCICLETAS LTDA(Ñ U",30,,1200,1200,40,40
05.133.613/0001-10,0,,994,"ALTO GIRO MOTORS COMERCIO DE MOTOCICLETAS LTDA(Ñ U",30,,1200,1200,40,40
05.133.613/0001-10,0,,995,"ALTO GIRO MOTORS COMERCIO DE MOTOCICLETAS LTDA(Ñ U",30,,2100,2100,70,70
05.133.613/0001-10,0,,996,"ALTO GIRO MOTORS COMERCIO DE MOTOCICLETAS LTDA(Ñ U",30,,600,600,20,20
05.133.613/0001-10,0,,997,"ALTO GIRO MOTORS COMERCIO DE MOTOCICLETAS LTDA(Ñ U",30,,1260,1260,42,42
05.133.613/0001-10,0,,998,"ALTO GIRO MOTORS COMERCIO DE MOTOCICLETAS LTDA(Ñ U",30,,1800,1800,60,60
05.133.613/0001-10,0,,999,"ALTO GIRO MOTORS COMERCIO DE MOTOCICLETAS LTDA(Ñ U",30,,2250,2250,75,75
05.133.613/0001-10,0,,1000,"ALTO GIRO MOTORS COMERCIO DE MOTOCICLETAS LTDA(Ñ U",30,,33000,33000,1100,1100
05.133.613/0001-10,0,,1001,"ALTO GIRO MOTORS COMERCIO DE MOTOCICLETAS LTDA(Ñ U",30,,360,360,12,12
05.133.613/0001-10,0,,1002,"ALTO GIRO MOTORS COMERCIO DE MOTOCICLETAS LTDA(Ñ U",30,,360,360,12,12
05.133.613/0001-10,0,,1003,"ALTO GIRO MOTORS COMERCIO DE MOTOCICLETAS LTDA(Ñ U",30,,13140,13140,438,438
05.133.613/0001-10,0,,1004,"ALTO GIRO MOTORS COMERCIO DE MOTOCICLETAS LTDA(Ñ U",30,,750,750,25,25
05.133.613/0001-10,0,,1005,"ALTO GIRO MOTORS COMERCIO DE MOTOCICLETAS LTDA(Ñ U",30,,900,900,30,30
05.133.613/0001-10,0,,1006,"ALTO GIRO MOTORS COMERCIO DE MOTOCICLETAS LTDA(Ñ U",30,,960,960,32,32
05.133.613/0001-10,0,,1007,"ALTO GIRO MOTORS COMERCIO DE MOTOCICLETAS LTDA(Ñ U",50,,21000,21000,420,420
05.133.613/0001-10,0,,1008,"ALTO GIRO MOTORS COMERCIO DE MOTOCICLETAS LTDA(Ñ U",50,,750,750,15,15
05.133.613/0001-10,0,,1009,"ALTO GIRO MOTORS COMERCIO DE MOTOCICLETAS LTDA(Ñ U",50,,750,750,15,15
05.133.613/0001-10,0,,1010,"ALTO GIRO MOTORS COMERCIO DE MOTOCICLETAS LTDA(Ñ U",50,,1500,1500,30,30
05.133.613/0001-10,0,,1011,"ALTO GIRO MOTORS COMERCIO DE MOTOCICLETAS LTDA(Ñ U",100,,1500,1500,15,15
05.133.613/0001-10,0,,1012,"ALTO GIRO MOTORS COMERCIO DE MOTOCICLETAS LTDA(Ñ U",200,,400,400,2,2
05.133.613/0001-10,0,,1013,"ALTO GIRO MOTORS COMERCIO DE MOTOCICLETAS LTDA(Ñ U",16,,5920,5920,370,370
05.133.613/0001-10,0,,1014,"ALTO GIRO MOTORS COMERCIO DE MOTOCICLETAS LTDA(Ñ U",100,,600,600,6,6
05.133.613/0001-10,0,,1015,"ALTO GIRO MOTORS COMERCIO DE MOTOCICLETAS LTDA(Ñ U",30,,1350,1350,45,45
05.133.613/0001-10,0,,1016,"ALTO GIRO MOTORS COMERCIO DE MOTOCICLETAS LTDA(Ñ U",30,,1500,1500,50,50
05.133.613/0001-10,0,,1017,"ALTO GIRO MOTORS COMERCIO DE MOTOCICLETAS LTDA(Ñ U",30,,1050,1050,35,35
05.133.613/0001-10,0,,1018,"ALTO GIRO MOTORS COMERCIO DE MOTOCICLETAS LTDA(Ñ U",30,,1350,1350,45,45
05.133.613/0001-10,0,,1019,"ALTO GIRO MOTORS COMERCIO DE MOTOCICLETAS LTDA(Ñ U",30,,6300,6300,210,210
05.133.613/0001-10,0,,1020,"ALTO GIRO MOTORS COMERCIO DE MOTOCICLETAS LTDA(Ñ U",30,,1050,1050,35,35
05.133.613/0001-10,0,,1021,"ALTO GIRO MOTORS COMERCIO DE MOTOCICLETAS LTDA(Ñ U",30,,750,750,25,25
05.133.613/0001-10,0,,1022,"ALTO GIRO MOTORS COMERCIO DE MOTOCICLETAS LTDA(Ñ U",30,,750,750,25,25
05.133.613/0001-10,0,,1023,"ALTO GIRO MOTORS COMERCIO DE MOTOCICLETAS LTDA(Ñ U",30,,1050,1050,35,35
05.133.613/0001-10,0,,1024,"ALTO GIRO MOTORS COMERCIO DE MOTOCICLETAS LTDA(Ñ U",30,,1200,1200,40,40
05.133.613/0001-10,0,,1025,"ALTO GIRO MOTORS COMERCIO DE MOTOCICLETAS LTDA(Ñ U",30,,3300,3300,110,110
05.133.613/0001-10,0,,1026,"ALTO GIRO MOTORS COMERCIO DE MOTOCICLETAS LTDA(Ñ U",30,,1260,1260,42,42
05.133.613/0001-10,0,,1027,"ALTO GIRO MOTORS COMERCIO DE MOTOCICLETAS LTDA(Ñ U",30,,1350,1350,45,45
05.133.613/0001-10,0,,1028,"ALTO GIRO MOTORS COMERCIO DE MOTOCICLETAS LTDA(Ñ U",30,,1800,1800,60,60
05.133.613/0001-10,0,,1029,"ALTO GIRO MOTORS COMERCIO DE MOTOCICLETAS LTDA(Ñ U",30,,3600,3600,120,120
05.133.613/0001-10,0,,1030,"ALTO GIRO MOTORS COMERCIO DE MOTOCICLETAS LTDA(Ñ U",30,,6600,6600,220,220
05.133.613/0001-10,0,,1031,"ALTO GIRO MOTORS COMERCIO DE MOTOCICLETAS LTDA(Ñ U",30,,3210,3210,107,107
05.133.613/0001-10,0,,1032,"ALTO GIRO MOTORS COMERCIO DE MOTOCICLETAS LTDA(Ñ U",30,,750,750,25,25
05.133.613/0001-10,0,,1033,"ALTO GIRO MOTORS COMERCIO DE MOTOCICLETAS LTDA(Ñ U",30,,720,720,24,24
05.133.613/0001-10,0,,1034,"ALTO GIRO MOTORS COMERCIO DE MOTOCICLETAS LTDA(Ñ U",50,,1900,1900,38,38
05.133.613/0001-10,0,,1035,"ALTO GIRO MOTORS COMERCIO DE MOTOCICLETAS LTDA(Ñ U",50,,1900,1900,38,38
05.133.613/0001-10,0,,1036,"ALTO GIRO MOTORS COMERCIO DE MOTOCICLETAS LTDA(Ñ U",50,,50,50,1,1
05.133.613/0001-10,0,,1037,"ALTO GIRO MOTORS COMERCIO DE MOTOCICLETAS LTDA(Ñ U",50,,1750,1750,35,35
05.133.613/0001-10,0,,1038,"ALTO GIRO MOTORS COMERCIO DE MOTOCICLETAS LTDA(Ñ U",30,,2700,2700,90,90
05.133.613/0001-10,0,,1039,"ALTO GIRO MOTORS COMERCIO DE MOTOCICLETAS LTDA(Ñ U",30,,1200,1200,40,40
05.133.613/0001-10,0,,1040,"ALTO GIRO MOTORS COMERCIO DE MOTOCICLETAS LTDA(Ñ U",30,,660,660,22,22
05.133.613/0001-10,0,,1041,"ALTO GIRO MOTORS COMERCIO DE MOTOCICLETAS LTDA(Ñ U",30,,660,660,22,22
05.133.613/0001-10,0,,1042,"ALTO GIRO MOTORS COMERCIO DE MOTOCICLETAS LTDA(Ñ U",30,,660,660,22,22
05.133.613/0001-10,0,,1043,"ALTO GIRO MOTORS COMERCIO DE MOTOCICLETAS LTDA(Ñ U",30,,2100,2100,70,70
05.133.613/0001-10,0,,1044,"ALTO GIRO MOTORS COMERCIO DE MOTOCICLETAS LTDA(Ñ U",30,,2400,2400,80,80
05.133.613/0001-10,0,,1045,"ALTO GIRO MOTORS COMERCIO DE MOTOCICLETAS LTDA(Ñ U",30,,1260,1260,42,42
05.133.613/0001-10,0,,1046,"ALTO GIRO MOTORS COMERCIO DE MOTOCICLETAS LTDA(Ñ U",30,,1260,1260,42,42
05.133.613/0001-10,0,,1047,"ALTO GIRO MOTORS COMERCIO DE MOTOCICLETAS LTDA(Ñ U",30,,4200,4200,140,140
05.133.613/0001-10,0,,1048,"ALTO GIRO MOTORS COMERCIO DE MOTOCICLETAS LTDA(Ñ U",30,,4800,4800,160,160
05.133.613/0001-10,0,,1049,"ALTO GIRO MOTORS COMERCIO DE MOTOCICLETAS LTDA(Ñ U",600,,13200,13200,22,22
05.133.613/0001-10,0,,1050,"ALTO GIRO MOTORS COMERCIO DE MOTOCICLETAS LTDA(Ñ U",15,,11850,11850,790,790
05.133.613/0001-10,0,,1051,"ALTO GIRO MOTORS COMERCIO DE MOTOCICLETAS LTDA(Ñ U",30,,660,660,22,22
05.133.613/0001-10,0,,1052,"ALTO GIRO MOTORS COMERCIO DE MOTOCICLETAS LTDA(Ñ U",30,,4500,4500,150,150
05.133.613/0001-10,0,,1053,"ALTO GIRO MOTORS COMERCIO DE MOTOCICLETAS LTDA(Ñ U",30,,6600,6600,220,220
05.133.613/0001-10,0,,1054,"ALTO GIRO MOTORS COMERCIO DE MOTOCICLETAS LTDA(Ñ U",30,,1200,1200,40,40
05.133.613/0001-10,0,,1055,"ALTO GIRO MOTORS COMERCIO DE MOTOCICLETAS LTDA(Ñ U",30,,1500,1500,50,50
05.133.613/0001-10,0,,1056,"ALTO GIRO MOTORS COMERCIO DE MOTOCICLETAS LTDA(Ñ U",30,,600,600,20,20
05.133.613/0001-10,0,,1057,"ALTO GIRO MOTORS COMERCIO DE MOTOCICLETAS LTDA(Ñ U",30,,2400,2400,80,80
05.133.613/0001-10,0,,1058,"ALTO GIRO MOTORS COMERCIO DE MOTOCICLETAS LTDA(Ñ U",30,,1050,1050,35,35
05.133.613/0001-10,0,,1059,"ALTO GIRO MOTORS COMERCIO DE MOTOCICLETAS LTDA(Ñ U",30,,600,600,20,20
05.133.613/0001-10,0,,1060,"ALTO GIRO MOTORS COMERCIO DE MOTOCICLETAS LTDA(Ñ U",30,,1050,1050,35,35
05.133.613/0001-10,0,,1061,"ALTO GIRO MOTORS COMERCIO DE MOTOCICLETAS LTDA(Ñ U",30,,1350,1350,45,45
05.133.613/0001-10,0,,1062,"ALTO GIRO MOTORS COMERCIO DE MOTOCICLETAS LTDA(Ñ U",30,,1800,1800,60,60
05.133.613/0001-10,0,,1063,"ALTO GIRO MOTORS COMERCIO DE MOTOCICLETAS LTDA(Ñ U",30,,1800,1800,60,60
05.133.613/0001-10,0,,1064,"ALTO GIRO MOTORS COMERCIO DE MOTOCICLETAS LTDA(Ñ U",30,,1350,1350,45,45
05.133.613/0001-10,0,,1065,"ALTO GIRO MOTORS COMERCIO DE MOTOCICLETAS LTDA(Ñ U",30,,6300,6300,210,210
05.133.613/0001-10,0,,1066,"ALTO GIRO MOTORS COMERCIO DE MOTOCICLETAS LTDA(Ñ U",30,,6600,6600,220,220
05.133.613/0001-10,0,,1067,"ALTO GIRO MOTORS COMERCIO DE MOTOCICLETAS LTDA(Ñ U",200,,200,200,1,1
05.133.613/0001-10,0,,1068,"ALTO GIRO MOTORS COMERCIO DE MOTOCICLETAS LTDA(Ñ U",200,,200,200,1,1
05.133.613/0001-10,0,,1069,"ALTO GIRO MOTORS COMERCIO DE MOTOCICLETAS LTDA(Ñ U",200,,200,200,1,1
05.133.613/0001-10,0,,1070,"ALTO GIRO MOTORS COMERCIO DE MOTOCICLETAS LTDA(Ñ U",30,,120,120,4,4
05.133.613/0001-10,0,,1071,"ALTO GIRO MOTORS COMERCIO DE MOTOCICLETAS LTDA(Ñ U",30,,240,240,8,8
05.133.613/0001-10,0,,1072,"ALTO GIRO MOTORS COMERCIO DE MOTOCICLETAS LTDA(Ñ U",30,,2250,2250,75,75
05.133.613/0001-10,0,,1073,"ALTO GIRO MOTORS COMERCIO DE MOTOCICLETAS LTDA(Ñ U",30,,2400,2400,80,80
05.133.613/0001-10,0,,1074,"ALTO GIRO MOTORS COMERCIO DE MOTOCICLETAS LTDA(Ñ U",30,,2640,2640,88,88
05.133.613/0001-10,0,,1075,"ALTO GIRO MOTORS COMERCIO DE MOTOCICLETAS LTDA(Ñ U",30,,1200,1200,40,40
05.133.613/0001-10,0,,1076,"ALTO GIRO MOTORS COMERCIO DE MOTOCICLETAS LTDA(Ñ U",30,,1500,1500,50,50
05.133.613/0001-10,0,,1077,"ALTO GIRO MOTORS COMERCIO DE MOTOCICLETAS LTDA(Ñ U",30,,810,810,27,27
05.133.613/0001-10,0,,1078,"ALTO GIRO MOTORS COMERCIO DE MOTOCICLETAS LTDA(Ñ U",30,,420,420,14,14
05.133.613/0001-10,0,,1079,"ALTO GIRO MOTORS COMERCIO DE MOTOCICLETAS LTDA(Ñ U",30,,26700,26700,890,890
05.133.613/0001-10,0,,1080,"ALTO GIRO MOTORS COMERCIO DE MOTOCICLETAS LTDA(Ñ U",30,,900,900,30,30
05.133.613/0001-10,0,,1081,"ALTO GIRO MOTORS COMERCIO DE MOTOCICLETAS LTDA(Ñ U",30,,870,870,29,29
05.133.613/0001-10,0,,1082,"ALTO GIRO MOTORS COMERCIO DE MOTOCICLETAS LTDA(Ñ U",30,,870,870,29,29
05.133.613/0001-10,0,,1083,"ALTO GIRO MOTORS COMERCIO DE MOTOCICLETAS LTDA(Ñ U",30,,360,360,12,12
05.133.613/0001-10,0,,1084,"ALTO GIRO MOTORS COMERCIO DE MOTOCICLETAS LTDA(Ñ U",30,,3300,3300,110,110
05.133.613/0001-10,0,,1085,"ALTO GIRO MOTORS COMERCIO DE MOTOCICLETAS LTDA(Ñ U",30,,3150,3150,105,105
05.133.613/0001-10,0,,1086,"ALTO GIRO MOTORS COMERCIO DE MOTOCICLETAS LTDA(Ñ U",30,,1200,1200,40,40
05.133.613/0001-10,0,,1087,"ALTO GIRO MOTORS COMERCIO DE MOTOCICLETAS LTDA(Ñ U",30,,270,270,9,9
05.133.613/0001-10,0,,1088,"ALTO GIRO MOTORS COMERCIO DE MOTOCICLETAS LTDA(Ñ U",30,,330,330,11,11
05.133.613/0001-10,0,,1089,"ALTO GIRO MOTORS COMERCIO DE MOTOCICLETAS LTDA(Ñ U",30,,840,840,28,28
05.133.613/0001-10,0,,1090,"ALTO GIRO MOTORS COMERCIO DE MOTOCICLETAS LTDA(Ñ U",30,,840,840,28,28
05.133.613/0001-10,0,,1091,"ALTO GIRO MOTORS COMERCIO DE MOTOCICLETAS LTDA(Ñ U",30,,270,270,9,9
05.133.613/0001-10,0,,1092,"ALTO GIRO MOTORS COMERCIO DE MOTOCICLETAS LTDA(Ñ U",30,,240,240,8,8
05.133.613/0001-10,0,,1093,"ALTO GIRO MOTORS COMERCIO DE MOTOCICLETAS LTDA(Ñ U",30,,240,240,8,8
05.133.613/0001-10,0,,1094,"ALTO GIRO MOTORS COMERCIO DE MOTOCICLETAS LTDA(Ñ U",30,,6300,6300,210,210
05.133.613/0001-10,0,,1095,"ALTO GIRO MOTORS COMERCIO DE MOTOCICLETAS LTDA(Ñ U",30,,12600,12600,420,420
05.133.613/0001-10,0,,1096,"ALTO GIRO MOTORS COMERCIO DE MOTOCICLETAS LTDA(Ñ U",30,,5100,5100,170,170
05.133.613/0001-10,0,,1097,"ALTO GIRO MOTORS COMERCIO DE MOTOCICLETAS LTDA(Ñ U",30,,5400,5400,180,180
05.133.613/0001-10,0,,1098,"ALTO GIRO MOTORS COMERCIO DE MOTOCICLETAS LTDA(Ñ U",30,,1350,1350,45,45
05.133.613/0001-10,0,,1099,"ALTO GIRO MOTORS COMERCIO DE MOTOCICLETAS LTDA(Ñ U",30,,1350,1350,45,45
05.133.613/0001-10,0,,1100,"ALTO GIRO MOTORS COMERCIO DE MOTOCICLETAS LTDA(Ñ U",30,,2250,2250,75,75
05.133.613/0001-10,0,,1101,"ALTO GIRO MOTORS COMERCIO DE MOTOCICLETAS LTDA(Ñ U",30,,1800,1800,60,60
05.133.613/0001-10,0,,1102,"ALTO GIRO MOTORS COMERCIO DE MOTOCICLETAS LTDA(Ñ U",30,,1350,1350,45,45
05.133.613/0001-10,0,,1103,"ALTO GIRO MOTORS COMERCIO DE MOTOCICLETAS LTDA(Ñ U",30,,1800,1800,60,60
05.133.613/0001-10,0,,1104,"ALTO GIRO MOTORS COMERCIO DE MOTOCICLETAS LTDA(Ñ U",30,,4800,4800,160,160
05.133.613/0001-10,0,,1105,"ALTO GIRO MOTORS COMERCIO DE MOTOCICLETAS LTDA(Ñ U",30,,4200,4200,140,140
05.133.613/0001-10,0,,1106,"ALTO GIRO MOTORS COMERCIO DE MOTOCICLETAS LTDA(Ñ U",30,,2700,2700,90,90
05.133.613/0001-10,0,,1107,"ALTO GIRO MOTORS COMERCIO DE MOTOCICLETAS LTDA(Ñ U",30,,4200,4200,140,140
05.133.613/0001-10,0,,1108,"ALTO GIRO MOTORS COMERCIO DE MOTOCICLETAS LTDA(Ñ U",30,,2400,2400,80,80
05.133.613/0001-10,0,,1109,"ALTO GIRO MOTORS COMERCIO DE MOTOCICLETAS LTDA(Ñ U",30,,14400,14400,480,480
05.133.613/0001-10,0,,1110,"ALTO GIRO MOTORS COMERCIO DE MOTOCICLETAS LTDA(Ñ U",100,,100,100,1,1
05.133.613/0001-10,0,,1111,"ALTO GIRO MOTORS COMERCIO DE MOTOCICLETAS LTDA(Ñ U",30,,2940,2940,98,98
05.133.613/0001-10,0,,1112,"ALTO GIRO MOTORS COMERCIO DE MOTOCICLETAS LTDA(Ñ U",30,,3600,3600,120,120
05.133.613/0001-10,0,,1113,"ALTO GIRO MOTORS COMERCIO DE MOTOCICLETAS LTDA(Ñ U",30,,180,180,6,6
05.133.613/0001-10,0,,1114,"ALTO GIRO MOTORS COMERCIO DE MOTOCICLETAS LTDA(Ñ U",30,,11100,11100,370,370
05.133.613/0001-10,0,,1115,"ALTO GIRO MOTORS COMERCIO DE MOTOCICLETAS LTDA(Ñ U",30,,360,360,12,12
05.133.613/0001-10,0,,1116,"ALTO GIRO MOTORS COMERCIO DE MOTOCICLETAS LTDA(Ñ U",30,,450,450,15,15
05.133.613/0001-10,0,,1117,"ALTO GIRO MOTORS COMERCIO DE MOTOCICLETAS LTDA(Ñ U",30,,1050,1050,35,35
05.133.613/0001-10,0,,1118,"ALTO GIRO MOTORS COMERCIO DE MOTOCICLETAS LTDA(Ñ U",20,,800,800,40,40
05.133.613/0001-10,0,,1119,"ALTO GIRO MOTORS COMERCIO DE MOTOCICLETAS LTDA(Ñ U",30,,450,450,15,15
05.133.613/0001-10,0,,1120,"ALTO GIRO MOTORS COMERCIO DE MOTOCICLETAS LTDA(Ñ U",100,,5000,5000,50,50
05.133.613/0001-10,0,,1121,"ALTO GIRO MOTORS COMERCIO DE MOTOCICLETAS LTDA(Ñ U",100,,10000,10000,100,100
05.133.613/0001-10,0,,1122,"ALTO GIRO MOTORS COMERCIO DE MOTOCICLETAS LTDA(Ñ U",100,,40000,40000,400,400
05.133.613/0001-10,0,,1123,"ALTO GIRO MOTORS COMERCIO DE MOTOCICLETAS LTDA(Ñ U",100,,6000,6000,60,60
05.133.613/0001-10,0,,1124,"ALTO GIRO MOTORS COMERCIO DE MOTOCICLETAS LTDA(Ñ U",100,,6000,6000,60,60
05.133.613/0001-10,0,,1125,"ALTO GIRO MOTORS COMERCIO DE MOTOCICLETAS LTDA(Ñ U",100,,1800,1800,18,18
05.133.613/0001-10,0,,1126,"ALTO GIRO MOTORS COMERCIO DE MOTOCICLETAS LTDA(Ñ U",10,,600,600,60,60
05.133.613/0001-10,0,,1127,"ALTO GIRO MOTORS COMERCIO DE MOTOCICLETAS LTDA(Ñ U",100,,12000,12000,120,120
05.133.613/0001-10,0,,1128,"ALTO GIRO MOTORS COMERCIO DE MOTOCICLETAS LTDA(Ñ U",2000,,120000,120000,60,60
05.133.613/0001-10,0,,1129,"ALTO GIRO MOTORS COMERCIO DE MOTOCICLETAS LTDA(Ñ U",1000,,500,500,0.5,0.5
05.133.613/0001-10,0,,1130,"ALTO GIRO MOTORS COMERCIO DE MOTOCICLETAS LTDA(Ñ U",30,,1200,1200,40,40
05.133.613/0001-10,0,,1131,"ALTO GIRO MOTORS COMERCIO DE MOTOCICLETAS LTDA(Ñ U",30,,16500,16500,550,550
05.133.613/0001-10,0,,1132,"ALTO GIRO MOTORS COMERCIO DE MOTOCICLETAS LTDA(Ñ U",30,,3300,3300,110,110
05.133.613/0001-10,0,,1133,"ALTO GIRO MOTORS COMERCIO DE MOTOCICLETAS LTDA(Ñ U",30,,3300,3300,110,110
05.133.613/0001-10,0,,1134,"ALTO GIRO MOTORS COMERCIO DE MOTOCICLETAS LTDA(Ñ U",200,,80,80,0.4,0.4
05.133.613/0001-10,0,,1135,"ALTO GIRO MOTORS COMERCIO DE MOTOCICLETAS LTDA(Ñ U",200,,120,120,0.6,0.6
05.133.613/0001-10,0,,1136,"ALTO GIRO MOTORS COMERCIO DE MOTOCICLETAS LTDA(Ñ U",200,,160,160,0.8,0.8
05.133.613/0001-10,0,,1137,"ALTO GIRO MOTORS COMERCIO DE MOTOCICLETAS LTDA(Ñ U",30,,2400,2400,80,80
05.133.613/0001-10,0,,1138,"ALTO GIRO MOTORS COMERCIO DE MOTOCICLETAS LTDA(Ñ U",30,,9000,9000,300,300
05.133.613/0001-10,0,,1139,"ALTO GIRO MOTORS COMERCIO DE MOTOCICLETAS LTDA(Ñ U",30,,3000,3000,100,100
05.133.613/0001-10,0,,1140,"ALTO GIRO MOTORS COMERCIO DE MOTOCICLETAS LTDA(Ñ U",30,,1800,1800,60,60
05.133.613/0001-10,0,,1141,"ALTO GIRO MOTORS COMERCIO DE MOTOCICLETAS LTDA(Ñ U",30,,9600,9600,320,320
05.133.613/0001-10,0,,1142,"ALTO GIRO MOTORS COMERCIO DE MOTOCICLETAS LTDA(Ñ U",30,,5400,5400,180,180
05.133.613/0001-10,0,,1143,"ALTO GIRO MOTORS COMERCIO DE MOTOCICLETAS LTDA(Ñ U",30,,4530,4530,151,151
05.133.613/0001-10,0,,1144,"ALTO GIRO MOTORS COMERCIO DE MOTOCICLETAS LTDA(Ñ U",30,,1800,1800,60,60
05.133.613/0001-10,0,,1145,"ALTO GIRO MOTORS COMERCIO DE MOTOCICLETAS LTDA(Ñ U",30,,25800,25800,860,860
05.133.613/0001-10,0,,1146,"ALTO GIRO MOTORS COMERCIO DE MOTOCICLETAS LTDA(Ñ U",30,,300,300,10,10
05.133.613/0001-10,0,,1147,"ALTO GIRO MOTORS COMERCIO DE MOTOCICLETAS LTDA(Ñ U",30,,300,300,10,10
05.133.613/0001-10,0,,1148,"ALTO GIRO MOTORS COMERCIO DE MOTOCICLETAS LTDA(Ñ U",30,,750,750,25,25
05.133.613/0001-10,0,,1149,"ALTO GIRO MOTORS COMERCIO DE MOTOCICLETAS LTDA(Ñ U",30,,2400,2400,80,80
05.133.613/0001-10,0,,1150,"ALTO GIRO MOTORS COMERCIO DE MOTOCICLETAS LTDA(Ñ U",30,,2400,2400,80,80
05.133.613/0001-10,0,,1151,"ALTO GIRO MOTORS COMERCIO DE MOTOCICLETAS LTDA(Ñ U",30,,2850,2850,95,95
05.133.613/0001-10,0,,1152,"ALTO GIRO MOTORS COMERCIO DE MOTOCICLETAS LTDA(Ñ U",30,,600,600,20,20
05.133.613/0001-10,0,,1153,"ALTO GIRO MOTORS COMERCIO DE MOTOCICLETAS LTDA(Ñ U",30,,1200,1200,40,40
05.133.613/0001-10,0,,1154,"ALTO GIRO MOTORS COMERCIO DE MOTOCICLETAS LTDA(Ñ U",30,,2700,2700,90,90
05.133.613/0001-10,0,,1155,"ALTO GIRO MOTORS COMERCIO DE MOTOCICLETAS LTDA(Ñ U",30,,1050,1050,35,35
05.133.613/0001-10,0,,1156,"ALTO GIRO MOTORS COMERCIO DE MOTOCICLETAS LTDA(Ñ U",30,,1050,1050,35,35
05.133.613/0001-10,0,,1157,"ALTO GIRO MOTORS COMERCIO DE MOTOCICLETAS LTDA(Ñ U",30,,1050,1050,35,35
05.133.613/0001-10,0,,1158,"ALTO GIRO MOTORS COMERCIO DE MOTOCICLETAS LTDA(Ñ U",30,,600,600,20,20
05.133.613/0001-10,0,,1159,"ALTO GIRO MOTORS COMERCIO DE MOTOCICLETAS LTDA(Ñ U",30,,2100,2100,70,70
05.133.613/0001-10,0,,1160,"ALTO GIRO MOTORS COMERCIO DE MOTOCICLETAS LTDA(Ñ U",30,,27060,27060,902,902
05.133.613/0001-10,0,,1161,"ALTO GIRO MOTORS COMERCIO DE MOTOCICLETAS LTDA(Ñ U",30,,5400,5400,180,180
05.133.613/0001-10,0,,1162,"ALTO GIRO MOTORS COMERCIO DE MOTOCICLETAS LTDA(Ñ U",30,,2700,2700,90,90
05.133.613/0001-10,0,,1163,"ALTO GIRO MOTORS COMERCIO DE MOTOCICLETAS LTDA(Ñ U",30,,6000,6000,200,200
05.133.613/0001-10,0,,1164,"ALTO GIRO MOTORS COMERCIO DE MOTOCICLETAS LTDA(Ñ U",30,,6000,6000,200,200
05.133.613/0001-10,0,,1165,"ALTO GIRO MOTORS COMERCIO DE MOTOCICLETAS LTDA(Ñ U",30,,2700,2700,90,90
05.133.613/0001-10,0,,1166,"ALTO GIRO MOTORS COMERCIO DE MOTOCICLETAS LTDA(Ñ U",30,,9000,9000,300,300
05.133.613/0001-10,0,,1167,"ALTO GIRO MOTORS COMERCIO DE MOTOCICLETAS LTDA(Ñ U",30,,4500,4500,150,150
05.133.613/0001-10,0,,1168,"ALTO GIRO MOTORS COMERCIO DE MOTOCICLETAS LTDA(Ñ U",30,,3300,3300,110,110
05.133.613/0001-10,0,,1169,"ALTO GIRO MOTORS COMERCIO DE MOTOCICLETAS LTDA(Ñ U",30,,29400,29400,980,980
05.133.613/0001-10,0,,1170,"ALTO GIRO MOTORS COMERCIO DE MOTOCICLETAS LTDA(Ñ U",30,,4800,4800,160,160
05.133.613/0001-10,0,,1171,"ALTO GIRO MOTORS COMERCIO DE MOTOCICLETAS LTDA(Ñ U",30,,6000,6000,200,200
05.133.613/0001-10,0,,1172,"ALTO GIRO MOTORS COMERCIO DE MOTOCICLETAS LTDA(Ñ U",30,,6000,6000,200,200
05.133.613/0001-10,0,,1173,"ALTO GIRO MOTORS COMERCIO DE MOTOCICLETAS LTDA(Ñ U",100,,800,800,8,8
05.133.613/0001-10,0,,1174,"ALTO GIRO MOTORS COMERCIO DE MOTOCICLETAS LTDA(Ñ U",30,,1380,1380,46,46
05.133.613/0001-10,0,,1175,"ALTO GIRO MOTORS COMERCIO DE MOTOCICLETAS LTDA(Ñ U",30,,2700,2700,90,90
05.133.613/0001-10,0,,1176,"ALTO GIRO MOTORS COMERCIO DE MOTOCICLETAS LTDA(Ñ U",30,,2700,2700,90,90
05.133.613/0001-10,0,,1177,"ALTO GIRO MOTORS COMERCIO DE MOTOCICLETAS LTDA(Ñ U",30,,750,750,25,25
05.133.613/0001-10,0,,1178,"ALTO GIRO MOTORS COMERCIO DE MOTOCICLETAS LTDA(Ñ U",30,,1200,1200,40,40
05.133.613/0001-10,0,,1179,"ALTO GIRO MOTORS COMERCIO DE MOTOCICLETAS LTDA(Ñ U",30,,600,600,20,20
05.133.613/0001-10,0,,1180,"ALTO GIRO MOTORS COMERCIO DE MOTOCICLETAS LTDA(Ñ U",30,,1200,1200,40,40
05.133.613/0001-10,0,,1181,"ALTO GIRO MOTORS COMERCIO DE MOTOCICLETAS LTDA(Ñ U",30,,1200,1200,40,40
05.133.613/0001-10,0,,1182,"ALTO GIRO MOTORS COMERCIO DE MOTOCICLETAS LTDA(Ñ U",30,,2100,2100,70,70
05.133.613/0001-10,0,,1183,"ALTO GIRO MOTORS COMERCIO DE MOTOCICLETAS LTDA(Ñ U",30,,600,600,20,20
05.133.613/0001-10,0,,1184,"ALTO GIRO MOTORS COMERCIO DE MOTOCICLETAS LTDA(Ñ U",30,,1260,1260,42,42
05.133.613/0001-10,0,,1185,"ALTO GIRO MOTORS COMERCIO DE MOTOCICLETAS LTDA(Ñ U",30,,1800,1800,60,60
05.133.613/0001-10,0,,1186,"ALTO GIRO MOTORS COMERCIO DE MOTOCICLETAS LTDA(Ñ U",30,,2250,2250,75,75
05.133.613/0001-10,0,,1187,"ALTO GIRO MOTORS COMERCIO DE MOTOCICLETAS LTDA(Ñ U",30,,29400,29400,980,980
05.133.613/0001-10,0,,1188,"ALTO GIRO MOTORS COMERCIO DE MOTOCICLETAS LTDA(Ñ U",30,,360,360,12,12
05.133.613/0001-10,0,,1189,"ALTO GIRO MOTORS COMERCIO DE MOTOCICLETAS LTDA(Ñ U",30,,360,360,12,12
05.133.613/0001-10,0,,1190,"ALTO GIRO MOTORS COMERCIO DE MOTOCICLETAS LTDA(Ñ U",30,,13140,13140,438,438
05.133.613/0001-10,0,,1191,"ALTO GIRO MOTORS COMERCIO DE MOTOCICLETAS LTDA(Ñ U",30,,750,750,25,25
05.133.613/0001-10,0,,1192,"ALTO GIRO MOTORS COMERCIO DE MOTOCICLETAS LTDA(Ñ U",30,,900,900,30,30
05.133.613/0001-10,0,,1193,"ALTO GIRO MOTORS COMERCIO DE MOTOCICLETAS LTDA(Ñ U",30,,960,960,32,32
05.133.613/0001-10,0,,1194,"ALTO GIRO MOTORS COMERCIO DE MOTOCICLETAS LTDA(Ñ U",100,,42000,42000,420,420
05.133.613/0001-10,0,,1195,"ALTO GIRO MOTORS COMERCIO DE MOTOCICLETAS LTDA(Ñ U",50,,2500,2500,50,50
05.133.613/0001-10,0,,1196,"ALTO GIRO MOTORS COMERCIO DE MOTOCICLETAS LTDA(Ñ U",50,,750,750,15,15
05.133.613/0001-10,0,,1197,"ALTO GIRO MOTORS COMERCIO DE MOTOCICLETAS LTDA(Ñ U",50,,1500,1500,30,30
05.133.613/0001-10,0,,1198,"ALTO GIRO MOTORS COMERCIO DE MOTOCICLETAS LTDA(Ñ U",100,,1500,1500,15,15
05.133.613/0001-10,0,,1199,"ALTO GIRO MOTORS COMERCIO DE MOTOCICLETAS LTDA(Ñ U",200,,400,400,2,2
05.133.613/0001-10,0,,1200,"ALTO GIRO MOTORS COMERCIO DE MOTOCICLETAS LTDA(Ñ U",16,,5920,5920,370,370
05.133.613/0001-10,0,,1201,"ALTO GIRO MOTORS COMERCIO DE MOTOCICLETAS LTDA(Ñ U",100,,600,600,6,6
05.133.613/0001-10,0,,1202,"ALTO GIRO MOTORS COMERCIO DE MOTOCICLETAS LTDA(Ñ U",30,,1350,1350,45,45
05.133.613/0001-10,0,,1203,"ALTO GIRO MOTORS COMERCIO DE MOTOCICLETAS LTDA(Ñ U",30,,1200,1200,40,40
05.133.613/0001-10,0,,1204,"ALTO GIRO MOTORS COMERCIO DE MOTOCICLETAS LTDA(Ñ U",30,,1050,1050,35,35
05.133.613/0001-10,0,,1205,"ALTO GIRO MOTORS COMERCIO DE MOTOCICLETAS LTDA(Ñ U",30,,1350,1350,45,45
05.133.613/0001-10,0,,1206,"ALTO GIRO MOTORS COMERCIO DE MOTOCICLETAS LTDA(Ñ U",30,,6300,6300,210,210
05.133.613/0001-10,0,,1207,"ALTO GIRO MOTORS COMERCIO DE MOTOCICLETAS LTDA(Ñ U",30,,1050,1050,35,35
05.133.613/0001-10,0,,1208,"ALTO GIRO MOTORS COMERCIO DE MOTOCICLETAS LTDA(Ñ U",30,,750,750,25,25
05.133.613/0001-10,0,,1209,"ALTO GIRO MOTORS COMERCIO DE MOTOCICLETAS LTDA(Ñ U",30,,750,750,25,25
05.133.613/0001-10,0,,1210,"ALTO GIRO MOTORS COMERCIO DE MOTOCICLETAS LTDA(Ñ U",30,,1050,1050,35,35
05.133.613/0001-10,0,,1211,"ALTO GIRO MOTORS COMERCIO DE MOTOCICLETAS LTDA(Ñ U",30,,1200,1200,40,40
05.133.613/0001-10,0,,1212,"ALTO GIRO MOTORS COMERCIO DE MOTOCICLETAS LTDA(Ñ U",30,,2100,2100,70,70
05.133.613/0001-10,0,,1213,"ALTO GIRO MOTORS COMERCIO DE MOTOCICLETAS LTDA(Ñ U",30,,1260,1260,42,42
05.133.613/0001-10,0,,1214,"ALTO GIRO MOTORS COMERCIO DE MOTOCICLETAS LTDA(Ñ U",30,,1350,1350,45,45
05.133.613/0001-10,0,,1215,"ALTO GIRO MOTORS COMERCIO DE MOTOCICLETAS LTDA(Ñ U",30,,1800,1800,60,60
05.133.613/0001-10,0,,1216,"ALTO GIRO MOTORS COMERCIO DE MOTOCICLETAS LTDA(Ñ U",30,,3600,3600,120,120
05.133.613/0001-10,0,,1217,"ALTO GIRO MOTORS COMERCIO DE MOTOCICLETAS LTDA(Ñ U",30,,6600,6600,220,220
05.133.613/0001-10,0,,1218,"ALTO GIRO MOTORS COMERCIO DE MOTOCICLETAS LTDA(Ñ U",30,,3210,3210,107,107
05.133.613/0001-10,0,,1219,"ALTO GIRO MOTORS COMERCIO DE MOTOCICLETAS LTDA(Ñ U",30,,750,750,25,25
05.133.613/0001-10,0,,1220,"ALTO GIRO MOTORS COMERCIO DE MOTOCICLETAS LTDA(Ñ U",30,,720,720,24,24
05.133.613/0001-10,0,,1221,"ALTO GIRO MOTORS COMERCIO DE MOTOCICLETAS LTDA(Ñ U",50,,1900,1900,38,38
05.133.613/0001-10,0,,1222,"ALTO GIRO MOTORS COMERCIO DE MOTOCICLETAS LTDA(Ñ U",50,,600,600,12,12
05.133.613/0001-10,0,,1223,"ALTO GIRO MOTORS COMERCIO DE MOTOCICLETAS LTDA(Ñ U",50,,300,300,6,6
05.133.613/0001-10,0,,1224,"ALTO GIRO MOTORS COMERCIO DE MOTOCICLETAS LTDA(Ñ U",50,,1900,1900,38,38
05.133.613/0001-10,0,,1225,"ALTO GIRO MOTORS COMERCIO DE MOTOCICLETAS LTDA(Ñ U",30,,2400,2400,80,80
05.133.613/0001-10,0,,1226,"ALTO GIRO MOTORS COMERCIO DE MOTOCICLETAS LTDA(Ñ U",30,,1350,1350,45,45
05.133.613/0001-10,0,,1227,"ALTO GIRO MOTORS COMERCIO DE MOTOCICLETAS LTDA(Ñ U",30,,660,660,22,22
05.133.613/0001-10,0,,1228,"ALTO GIRO MOTORS COMERCIO DE MOTOCICLETAS LTDA(Ñ U",30,,660,660,22,22
05.133.613/0001-10,0,,1229,"ALTO GIRO MOTORS COMERCIO DE MOTOCICLETAS LTDA(Ñ U",30,,360,360,12,12
05.133.613/0001-10,0,,1230,"ALTO GIRO MOTORS COMERCIO DE MOTOCICLETAS LTDA(Ñ U",30,,2100,2100,70,70
05.133.613/0001-10,0,,1231,"ALTO GIRO MOTORS COMERCIO DE MOTOCICLETAS LTDA(Ñ U",30,,2400,2400,80,80
05.133.613/0001-10,0,,1232,"ALTO GIRO MOTORS COMERCIO DE MOTOCICLETAS LTDA(Ñ U",30,,1200,1200,40,40
05.133.613/0001-10,0,,1233,"ALTO GIRO MOTORS COMERCIO DE MOTOCICLETAS LTDA(Ñ U",30,,1260,1260,42,42
05.133.613/0001-10,0,,1234,"ALTO GIRO MOTORS COMERCIO DE MOTOCICLETAS LTDA(Ñ U",30,,4200,4200,140,140
05.133.613/0001-10,0,,1235,"ALTO GIRO MOTORS COMERCIO DE MOTOCICLETAS LTDA(Ñ U",30,,4800,4800,160,160
05.133.613/0001-10,0,,1236,"ALTO GIRO MOTORS COMERCIO DE MOTOCICLETAS LTDA(Ñ U",600,,13200,13200,22,22
05.133.613/0001-10,0,,1237,"ALTO GIRO MOTORS COMERCIO DE MOTOCICLETAS LTDA(Ñ U",30,,23850,23850,795,795
05.133.613/0001-10,0,,1238,"ALTO GIRO MOTORS COMERCIO DE MOTOCICLETAS LTDA(Ñ U",30,,660,660,22,22
05.133.613/0001-10,0,,1239,"ALTO GIRO MOTORS COMERCIO DE MOTOCICLETAS LTDA(Ñ U",30,,4500,4500,150,150
05.133.613/0001-10,0,,1240,"ALTO GIRO MOTORS COMERCIO DE MOTOCICLETAS LTDA(Ñ U",30,,6600,6600,220,220
05.133.613/0001-10,0,,1241,"ALTO GIRO MOTORS COMERCIO DE MOTOCICLETAS LTDA(Ñ U",30,,1200,1200,40,40
05.133.613/0001-10,0,,1242,"ALTO GIRO MOTORS COMERCIO DE MOTOCICLETAS LTDA(Ñ U",30,,1500,1500,50,50
05.133.613/0001-10,0,,1243,"ALTO GIRO MOTORS COMERCIO DE MOTOCICLETAS LTDA(Ñ U",30,,1350,1350,45,45
05.133.613/0001-10,0,,1244,"ALTO GIRO MOTORS COMERCIO DE MOTOCICLETAS LTDA(Ñ U",30,,2400,2400,80,80
05.133.613/0001-10,0,,1245,"ALTO GIRO MOTORS COMERCIO DE MOTOCICLETAS LTDA(Ñ U",30,,1050,1050,35,35
05.133.613/0001-10,0,,1246,"ALTO GIRO MOTORS COMERCIO DE MOTOCICLETAS LTDA(Ñ U",30,,600,600,20,20
05.133.613/0001-10,0,,1247,"ALTO GIRO MOTORS COMERCIO DE MOTOCICLETAS LTDA(Ñ U",30,,1050,1050,35,35
05.133.613/0001-10,0,,1248,"ALTO GIRO MOTORS COMERCIO DE MOTOCICLETAS LTDA(Ñ U",30,,1350,1350,45,45
05.133.613/0001-10,0,,1249,"ALTO GIRO MOTORS COMERCIO DE MOTOCICLETAS LTDA(Ñ U",30,,1050,1050,35,35
05.133.613/0001-10,0,,1250,"ALTO GIRO MOTORS COMERCIO DE MOTOCICLETAS LTDA(Ñ U",30,,1800,1800,60,60
05.133.613/0001-10,0,,1251,"ALTO GIRO MOTORS COMERCIO DE MOTOCICLETAS LTDA(Ñ U",30,,1350,1350,45,45
05.133.613/0001-10,0,,1252,"ALTO GIRO MOTORS COMERCIO DE MOTOCICLETAS LTDA(Ñ U",30,,6300,6300,210,210
05.133.613/0001-10,0,,1253,"ALTO GIRO MOTORS COMERCIO DE MOTOCICLETAS LTDA(Ñ U",30,,6600,6600,220,220
05.133.613/0001-10,0,,1254,"ALTO GIRO MOTORS COMERCIO DE MOTOCICLETAS LTDA(Ñ U",200,,200,200,1,1
05.133.613/0001-10,0,,1255,"ALTO GIRO MOTORS COMERCIO DE MOTOCICLETAS LTDA(Ñ U",200,,200,200,1,1
05.133.613/0001-10,0,,1256,"ALTO GIRO MOTORS COMERCIO DE MOTOCICLETAS LTDA(Ñ U",200,,200,200,1,1
05.133.613/0001-10,0,,1257,"ALTO GIRO MOTORS COMERCIO DE MOTOCICLETAS LTDA(Ñ U",30,,120,120,4,4
05.133.613/0001-10,0,,1258,"ALTO GIRO MOTORS COMERCIO DE MOTOCICLETAS LTDA(Ñ U",30,,240,240,8,8
05.133.613/0001-10,0,,1259,"ALTO GIRO MOTORS COMERCIO DE MOTOCICLETAS LTDA(Ñ U",30,,2250,2250,75,75
05.133.613/0001-10,0,,1260,"ALTO GIRO MOTORS COMERCIO DE MOTOCICLETAS LTDA(Ñ U",30,,2400,2400,80,80
05.133.613/0001-10,0,,1261,"ALTO GIRO MOTORS COMERCIO DE MOTOCICLETAS LTDA(Ñ U",30,,2640,2640,88,88
05.133.613/0001-10,0,,1262,"ALTO GIRO MOTORS COMERCIO DE MOTOCICLETAS LTDA(Ñ U",30,,1200,1200,40,40
05.133.613/0001-10,0,,1263,"ALTO GIRO MOTORS COMERCIO DE MOTOCICLETAS LTDA(Ñ U",30,,1500,1500,50,50
05.133.613/0001-10,0,,1264,"ALTO GIRO MOTORS COMERCIO DE MOTOCICLETAS LTDA(Ñ U",30,,810,810,27,27
05.133.613/0001-10,0,,1265,"ALTO GIRO MOTORS COMERCIO DE MOTOCICLETAS LTDA(Ñ U",30,,420,420,14,14
05.133.613/0001-10,0,,1266,"ALTO GIRO MOTORS COMERCIO DE MOTOCICLETAS LTDA(Ñ U",30,,26700,26700,890,890
05.133.613/0001-10,0,,1267,"ALTO GIRO MOTORS COMERCIO DE MOTOCICLETAS LTDA(Ñ U",30,,270,270,9,9
05.133.613/0001-10,0,,1268,"ALTO GIRO MOTORS COMERCIO DE MOTOCICLETAS LTDA(Ñ U",30,,390,390,13,13
05.133.613/0001-10,0,,1269,"ALTO GIRO MOTORS COMERCIO DE MOTOCICLETAS LTDA(Ñ U",30,,240,240,8,8
05.133.613/0001-10,0,,1270,"ALTO GIRO MOTORS COMERCIO DE MOTOCICLETAS LTDA(Ñ U",30,,360,360,12,12
05.133.613/0001-10,0,,1271,"ALTO GIRO MOTORS COMERCIO DE MOTOCICLETAS LTDA(Ñ U",30,,3300,3300,110,110
05.133.613/0001-10,0,,1272,"ALTO GIRO MOTORS COMERCIO DE MOTOCICLETAS LTDA(Ñ U",30,,3150,3150,105,105
05.133.613/0001-10,0,,1273,"ALTO GIRO MOTORS COMERCIO DE MOTOCICLETAS LTDA(Ñ U",30,,1200,1200,40,40
05.133.613/0001-10,0,,1274,"ALTO GIRO MOTORS COMERCIO DE MOTOCICLETAS LTDA(Ñ U",30,,270,270,9,9
05.133.613/0001-10,0,,1275,"ALTO GIRO MOTORS COMERCIO DE MOTOCICLETAS LTDA(Ñ U",30,,330,330,11,11
05.133.613/0001-10,0,,1276,"ALTO GIRO MOTORS COMERCIO DE MOTOCICLETAS LTDA(Ñ U",30,,840,840,28,28
05.133.613/0001-10,0,,1277,"ALTO GIRO MOTORS COMERCIO DE MOTOCICLETAS LTDA(Ñ U",30,,840,840,28,28
05.133.613/0001-10,0,,1278,"ALTO GIRO MOTORS COMERCIO DE MOTOCICLETAS LTDA(Ñ U",30,,270,270,9,9
05.133.613/0001-10,0,,1279,"ALTO GIRO MOTORS COMERCIO DE MOTOCICLETAS LTDA(Ñ U",30,,240,240,8,8
05.133.613/0001-10,0,,1280,"ALTO GIRO MOTORS COMERCIO DE MOTOCICLETAS LTDA(Ñ U",30,,240,240,8,8
05.133.613/0001-10,0,,1281,"ALTO GIRO MOTORS COMERCIO DE MOTOCICLETAS LTDA(Ñ U",30,,660,660,22,22
05.133.613/0001-10,0,,1282,"ALTO GIRO MOTORS COMERCIO DE MOTOCICLETAS LTDA(Ñ U",30,,12600,12600,420,420
05.133.613/0001-10,0,,1283,"ALTO GIRO MOTORS COMERCIO DE MOTOCICLETAS LTDA(Ñ U",30,,5100,5100,170,170
05.133.613/0001-10,0,,1284,"ALTO GIRO MOTORS COMERCIO DE MOTOCICLETAS LTDA(Ñ U",30,,5400,5400,180,180
05.133.613/0001-10,0,,1285,"ALTO GIRO MOTORS COMERCIO DE MOTOCICLETAS LTDA(Ñ U",30,,1350,1350,45,45
05.133.613/0001-10,0,,1286,"ALTO GIRO MOTORS COMERCIO DE MOTOCICLETAS LTDA(Ñ U",30,,1350,1350,45,45
05.133.613/0001-10,0,,1287,"ALTO GIRO MOTORS COMERCIO DE MOTOCICLETAS LTDA(Ñ U",30,,2250,2250,75,75
05.133.613/0001-10,0,,1288,"ALTO GIRO MOTORS COMERCIO DE MOTOCICLETAS LTDA(Ñ U",30,,1800,1800,60,60
05.133.613/0001-10,0,,1289,"ALTO GIRO MOTORS COMERCIO DE MOTOCICLETAS LTDA(Ñ U",30,,1350,1350,45,45
05.133.613/0001-10,0,,1290,"ALTO GIRO MOTORS COMERCIO DE MOTOCICLETAS LTDA(Ñ U",30,,1800,1800,60,60
05.133.613/0001-10,0,,1291,"ALTO GIRO MOTORS COMERCIO DE MOTOCICLETAS LTDA(Ñ U",30,,4800,4800,160,160
05.133.613/0001-10,0,,1292,"ALTO GIRO MOTORS COMERCIO DE MOTOCICLETAS LTDA(Ñ U",30,,4200,4200,140,140
05.133.613/0001-10,0,,1293,"ALTO GIRO MOTORS COMERCIO DE MOTOCICLETAS LTDA(Ñ U",30,,2700,2700,90,90
05.133.613/0001-10,0,,1294,"ALTO GIRO MOTORS COMERCIO DE MOTOCICLETAS LTDA(Ñ U",30,,4200,4200,140,140
05.133.613/0001-10,0,,1295,"ALTO GIRO MOTORS COMERCIO DE MOTOCICLETAS LTDA(Ñ U",30,,2400,2400,80,80
05.133.613/0001-10,0,,1296,"ALTO GIRO MOTORS COMERCIO DE MOTOCICLETAS LTDA(Ñ U",30,,14400,14400,480,480
05.133.613/0001-10,0,,1297,"ALTO GIRO MOTORS COMERCIO DE MOTOCICLETAS LTDA(Ñ U",100,,100,100,1,1
05.133.613/0001-10,0,,1298,"ALTO GIRO MOTORS COMERCIO DE MOTOCICLETAS LTDA(Ñ U",30,,2940,2940,98,98
05.133.613/0001-10,0,,1299,"ALTO GIRO MOTORS COMERCIO DE MOTOCICLETAS LTDA(Ñ U",30,,3600,3600,120,120
05.133.613/0001-10,0,,1300,"ALTO GIRO MOTORS COMERCIO DE MOTOCICLETAS LTDA(Ñ U",30,,180,180,6,6
05.133.613/0001-10,0,,1301,"ALTO GIRO MOTORS COMERCIO DE MOTOCICLETAS LTDA(Ñ U",30,,11100,11100,370,370
05.133.613/0001-10,0,,1302,"ALTO GIRO MOTORS COMERCIO DE MOTOCICLETAS LTDA(Ñ U",30,,360,360,12,12
05.133.613/0001-10,0,,1303,"ALTO GIRO MOTORS COMERCIO DE MOTOCICLETAS LTDA(Ñ U",30,,450,450,15,15
05.133.613/0001-10,0,,1304,"ALTO GIRO MOTORS COMERCIO DE MOTOCICLETAS LTDA(Ñ U",30,,510,510,17,17
05.133.613/0001-10,0,,1305,"ALTO GIRO MOTORS COMERCIO DE MOTOCICLETAS LTDA(Ñ U",20,,800,800,40,40
05.133.613/0001-10,0,,1306,"ALTO GIRO MOTORS COMERCIO DE MOTOCICLETAS LTDA(Ñ U",30,,450,450,15,15
05.133.613/0001-10,0,,1307,"ALTO GIRO MOTORS COMERCIO DE MOTOCICLETAS LTDA(Ñ U",100,,5000,5000,50,50
05.133.613/0001-10,0,,1308,"ALTO GIRO MOTORS COMERCIO DE MOTOCICLETAS LTDA(Ñ U",100,,10000,10000,100,100
05.133.613/0001-10,0,,1309,"ALTO GIRO MOTORS COMERCIO DE MOTOCICLETAS LTDA(Ñ U",100,,40000,40000,400,400
05.133.613/0001-10,0,,1310,"ALTO GIRO MOTORS COMERCIO DE MOTOCICLETAS LTDA(Ñ U",100,,5000,5000,50,50
05.133.613/0001-10,0,,1311,"ALTO GIRO MOTORS COMERCIO DE MOTOCICLETAS LTDA(Ñ U",100,,6000,6000,60,60
05.133.613/0001-10,0,,1312,"ALTO GIRO MOTORS COMERCIO DE MOTOCICLETAS LTDA(Ñ U",100,,1800,1800,18,18
05.133.613/0001-10,0,,1313,"ALTO GIRO MOTORS COMERCIO DE MOTOCICLETAS LTDA(Ñ U",100,,6000,6000,60,60
05.133.613/0001-10,0,,1314,"ALTO GIRO MOTORS COMERCIO DE MOTOCICLETAS LTDA(Ñ U",100,,12000,12000,120,120
05.133.613/0001-10,0,,1315,"ALTO GIRO MOTORS COMERCIO DE MOTOCICLETAS LTDA(Ñ U",2000,,120000,120000,60,60
